{
"type": "FeatureCollection",
"name": "catchment_400m",
"crs": { "type": "name", "properties": { "name": "urn:ogc:def:crs:OGC:1.3:CRS84" } },
"features": [
{ "type": "Feature", "properties": { "radius_m": 400 }, "geometry": { "type": "MultiPolygon", "coordinates": [ [ [ [ 79.956403778018313, 12.769464324661786 ], [ 79.95499485749437, 12.769183455411284 ], [ 79.953583676040054, 12.769453164835191 ], [ 79.952385064924954, 12.770232393063681 ], [ 79.951581497801257, 12.771402513252269 ], [ 79.951295313102165, 12.772785389342241 ], [ 79.951570087590127, 12.774170493240121 ], [ 79.952363997659006, 12.775346954489063 ], [ 79.95355618172492, 12.776135663936381 ], [ 79.954965137945564, 12.776416543582883 ], [ 79.956376357767823, 12.776146829793733 ], [ 79.957574987446662, 12.775367584995852 ], [ 79.958378542455549, 12.774197445739849 ], [ 79.958664691457926, 12.77281455925387 ], [ 79.958389878602048, 12.77142945972124 ], [ 79.957595949969431, 12.770253015041687 ], [ 79.956403778018313, 12.769464324661786 ] ] ], [ [ [ 79.818595656516109, 12.789285232248233 ], [ 79.817547931200508, 12.789022664624239 ], [ 79.816467660622365, 12.789069892991449 ], [ 79.814845433054103, 12.78981401248457 ], [ 79.813772152881938, 12.791220780642139 ], [ 79.813504599041863, 12.792249055258077 ], [ 79.813552705150286, 12.793309277242615 ], [ 79.814310896376327, 12.794901401575434 ], [ 79.815108800817271, 12.795617704617399 ], [ 79.816014817197811, 12.796051121874681 ], [ 79.815664521607019, 12.797249078840091 ], [ 79.815712635819935, 12.798309300912116 ], [ 79.816072276927727, 12.799310162880037 ], [ 79.816812640005409, 12.800255387584695 ], [ 79.816958858852118, 12.801443965687586 ], [ 79.81741673839862, 12.802405411232497 ], [ 79.818202453301865, 12.803405482869426 ], [ 79.819068092936135, 12.804041571803948 ], [ 79.82008461146664, 12.804403663522031 ], [ 79.821522418987385, 12.80441010047574 ], [ 79.822853286259971, 12.803876059357048 ], [ 79.823874594043801, 12.80288284548489 ], [ 79.824430856635161, 12.801581670858564 ], [ 79.824437393653767, 12.800170631045637 ], [ 79.824077717600161, 12.799169777575973 ], [ 79.823074571663668, 12.797834937569309 ], [ 79.822931079676124, 12.796595995796181 ], [ 79.822473186853983, 12.795634558513315 ], [ 79.821750639078346, 12.794844967950219 ], [ 79.820491353186654, 12.794176135877663 ], [ 79.820854805728032, 12.792636507492366 ], [ 79.820427627076938, 12.790929814562723 ], [ 79.819520610359646, 12.789834984891783 ], [ 79.818595656516109, 12.789285232248233 ] ] ], [ [ [ 79.830915610866626, 12.805485163411435 ], [ 79.82950668992784, 12.805203619362011 ], [ 79.828095229206525, 12.805472629006795 ], [ 79.826896102430069, 12.806251238936701 ], [ 79.826091861661453, 12.807420916415362 ], [ 79.825804947815584, 12.808803592825457 ], [ 79.826079044327372, 12.810498770162901 ], [ 79.826872439690689, 12.81167556764764 ], [ 79.828064346270693, 12.812464824570185 ], [ 79.829473304544365, 12.812746379540291 ], [ 79.830884805657632, 12.812477366028357 ], [ 79.832083952983126, 12.811698739776206 ], [ 79.832888183093246, 12.810529043144319 ], [ 79.833175061798826, 12.809146356018266 ], [ 79.8329009178251, 12.807451181921712 ], [ 79.832107504305498, 12.806274400960838 ], [ 79.830915610866626, 12.805485163411435 ] ] ], [ [ [ 79.848885453668913, 12.809843997162451 ], [ 79.847455153586509, 12.809699430113541 ], [ 79.846077352092763, 12.810103009618645 ], [ 79.844961799265221, 12.810993296036022 ], [ 79.844278325388601, 12.81223475528793 ], [ 79.844070984239821, 12.813848389269692 ], [ 79.844482221147175, 12.815200511138563 ], [ 79.845389434217537, 12.816295269903689 ], [ 79.846654511007102, 12.816965994505169 ], [ 79.848084850893002, 12.817110569279961 ], [ 79.849462689203222, 12.816706982445149 ], [ 79.850578254830737, 12.815816678120697 ], [ 79.851261710503479, 12.814575201032257 ], [ 79.851469007372089, 12.812961557625718 ], [ 79.851057734800662, 12.811609443586757 ], [ 79.850150510502317, 12.810514703325284 ], [ 79.848885453668913, 12.809843997162451 ] ] ], [ [ [ 79.862005271385087, 12.813534965999891 ], [ 79.860596257240843, 12.813253581765796 ], [ 79.859184769157451, 12.813522756944323 ], [ 79.85798568503067, 12.814301512945962 ], [ 79.857181550448772, 12.815471294807045 ], [ 79.856834787207731, 12.817064016916337 ], [ 79.857109065442529, 12.818449176747182 ], [ 79.857902634836478, 12.8196258944185 ], [ 79.859094685746058, 12.820415021750993 ], [ 79.860503736652404, 12.820696417088609 ], [ 79.861915264584553, 12.820427238222607 ], [ 79.863114368835028, 12.819648466088964 ], [ 79.863918492552315, 12.818478665268078 ], [ 79.864265214791303, 12.816885930405549 ], [ 79.863990897726325, 12.815500774724574 ], [ 79.863197309697554, 12.814324073764563 ], [ 79.862005271385087, 12.813534965999891 ] ] ], [ [ [ 79.867274788907778, 12.818367646696547 ], [ 79.866718693764852, 12.81966892585371 ], [ 79.866712381907831, 12.821079984692469 ], [ 79.867256822982768, 12.822386003063073 ], [ 79.86826913752121, 12.823388149082293 ], [ 79.86959521063207, 12.823933850905403 ], [ 79.871323158277974, 12.823960026429356 ], [ 79.872654049169086, 12.823425734020253 ], [ 79.873675264389377, 12.822432318421122 ], [ 79.874231332362939, 12.821131022349439 ], [ 79.874237602374194, 12.819719959842919 ], [ 79.873693128594013, 12.818413953139345 ], [ 79.872680808963551, 12.817411827493036 ], [ 79.871354760785692, 12.816866143254698 ], [ 79.869626861448694, 12.816839971960455 ], [ 79.868296001305595, 12.817374251667658 ], [ 79.867274788907778, 12.818367646696547 ] ] ], [ [ [ 79.876154486955329, 12.825012825807907 ], [ 79.874711343552448, 12.826053582676678 ], [ 79.873938552927598, 12.82763901426279 ], [ 79.874018624458913, 12.829394715966465 ], [ 79.874932664914738, 12.830906066356379 ], [ 79.876258554865728, 12.83179199076991 ], [ 79.87727528249664, 12.832153877152557 ], [ 79.878713276467607, 12.832160014994114 ], [ 79.879743815503417, 12.831800624289023 ], [ 79.879878587152675, 12.833204791992152 ], [ 79.880336761926216, 12.83416615090615 ], [ 79.881059607766176, 12.834955603255784 ], [ 79.882324882934782, 12.835626171021199 ], [ 79.884323362007095, 12.835680006352122 ], [ 79.885343268912962, 12.835326791409745 ], [ 79.886214763904619, 12.834698267563711 ], [ 79.887018840765776, 12.833528392508239 ], [ 79.887305466117368, 12.832145626049687 ], [ 79.887031011607419, 12.83076048415052 ], [ 79.886237268822228, 12.829583841197683 ], [ 79.885045081991279, 12.828794826823579 ], [ 79.883997104875689, 12.828532504769136 ], [ 79.882706656559705, 12.828619992134037 ], [ 79.881676134073345, 12.828979395957717 ], [ 79.881627710069509, 12.827919866641873 ], [ 79.881267771529025, 12.826919070950259 ], [ 79.880070801562596, 12.825611769687349 ], [ 79.878284698144128, 12.824816119848553 ], [ 79.877204725487232, 12.824759435927509 ], [ 79.876154486955329, 12.825012825807907 ] ] ], [ [ [ 79.919013850109735, 12.836543005090981 ], [ 79.918083822462037, 12.837084802794013 ], [ 79.917354117297677, 12.837868179899427 ], [ 79.916887576368453, 12.838825674364333 ], [ 79.916724380032832, 12.839874829038759 ], [ 79.916878586220619, 12.840925292270423 ], [ 79.917336918570143, 12.841886598643551 ], [ 79.918919521728213, 12.84331857746878 ], [ 79.920245826524777, 12.843864040284188 ], [ 79.922035131624312, 12.843785153705408 ], [ 79.923306238575577, 12.843125175802077 ], [ 79.924329112807101, 12.841820722709876 ], [ 79.924362154020557, 12.842980764458868 ], [ 79.924722285514875, 12.843981515539578 ], [ 79.925592972131099, 12.845226597609209 ], [ 79.926785374003003, 12.846015443439464 ], [ 79.928194671063977, 12.846296493021581 ], [ 79.929265240292068, 12.846145132671733 ], [ 79.930536343615842, 12.845485119329643 ], [ 79.931266034880338, 12.844701704549674 ], [ 79.931821875464124, 12.843400268791667 ], [ 79.931827835444864, 12.841989181346653 ], [ 79.931053012813706, 12.840293270612609 ], [ 79.930040367298147, 12.839291342040026 ], [ 79.92871406047442, 12.838745928726906 ], [ 79.926924789498983, 12.8388248638291 ], [ 79.925653713090099, 12.83948486191915 ], [ 79.924630855707406, 12.840789321688156 ], [ 79.924390964179395, 12.838949992548887 ], [ 79.923330037445055, 12.837534009206971 ], [ 79.922160979285422, 12.836707676376781 ], [ 79.921144155074359, 12.836345957105264 ], [ 79.92006410899576, 12.836289444569509 ], [ 79.919013850109735, 12.836543005090981 ] ] ], [ [ [ 79.897214958831739, 12.836853759376437 ], [ 79.895784457222959, 12.836709440504157 ], [ 79.89441418441757, 12.837032900486832 ], [ 79.893215077249081, 12.837811815544852 ], [ 79.89241101213149, 12.838981710421619 ], [ 79.892124403291604, 12.840364483396188 ], [ 79.89239889209216, 12.841749622119202 ], [ 79.893192698482494, 12.842926250860611 ], [ 79.89438497672198, 12.843715234963188 ], [ 79.895794210652696, 12.843996454577892 ], [ 79.897525853485362, 12.843657092896686 ], [ 79.8987249782775, 12.842878159672418 ], [ 79.899529029731411, 12.841708244437662 ], [ 79.899815600909989, 12.840325460351357 ], [ 79.899541071717792, 12.83894032605293 ], [ 79.898480292503251, 12.837524253524913 ], [ 79.897214958831739, 12.836853759376437 ] ] ], [ [ [ 79.909924828541563, 12.83815467182631 ], [ 79.908515604535737, 12.837873529271443 ], [ 79.907104005914249, 12.83814295410553 ], [ 79.905904927397131, 12.838921929764508 ], [ 79.90510091374324, 12.840091867864347 ], [ 79.904724367967646, 12.841714658556727 ], [ 79.904998927741985, 12.843099789691054 ], [ 79.905792799688214, 12.844276385324886 ], [ 79.906985128077437, 12.845065315837553 ], [ 79.908394389108025, 12.845346469541324 ], [ 79.90980602778906, 12.845077041040543 ], [ 79.911005126548346, 12.844298049309073 ], [ 79.911809129394953, 12.843128092379541 ], [ 79.912185633414325, 12.841505288212678 ], [ 79.911911034646991, 12.840120161399708 ], [ 79.911117144120055, 12.838943582655007 ], [ 79.909924828541563, 12.83815467182631 ] ] ], [ [ [ 79.944054459239851, 12.847944457826204 ], [ 79.942645128572252, 12.847663491313416 ], [ 79.940905883637569, 12.84808352165941 ], [ 79.939790451582184, 12.848974221563015 ], [ 79.93897730051107, 12.850495951493025 ], [ 79.938830442959272, 12.851899676715554 ], [ 79.93924224344687, 12.853251692804601 ], [ 79.940360016194887, 12.854616167635207 ], [ 79.94162556651456, 12.855286469127682 ], [ 79.943056219186289, 12.85543054846864 ], [ 79.944434161876998, 12.855026469360721 ], [ 79.945549607602231, 12.854135750929039 ], [ 79.946232737405253, 12.852894000969359 ], [ 79.946379555191811, 12.851490268552531 ], [ 79.946041022520589, 12.849909714814741 ], [ 79.945246937687259, 12.848733225166136 ], [ 79.944054459239851, 12.847944457826204 ] ] ], [ [ [ 79.961784293243994, 12.856964349696961 ], [ 79.960374885720853, 12.8566834731872 ], [ 79.958963212966282, 12.856953172592743 ], [ 79.957764180987354, 12.857732389583489 ], [ 79.956880326188909, 12.859042497921735 ], [ 79.956594032574756, 12.860425365324502 ], [ 79.956868893100022, 12.861810464216385 ], [ 79.95766307111893, 12.862986924888183 ], [ 79.958855664276783, 12.863775638246306 ], [ 79.960265108423314, 12.864056525670001 ], [ 79.961676820662234, 12.863786822332152 ], [ 79.962875872223819, 12.863007589083043 ], [ 79.963759713032942, 12.861697459611333 ], [ 79.964045970018816, 12.860314581627099 ], [ 79.963771070500925, 12.858929487214777 ], [ 79.962976873812877, 12.857753043480066 ], [ 79.961784293243994, 12.856964349696961 ] ] ], [ [ [ 79.938014046466279, 12.866975906379789 ], [ 79.936575825875636, 12.866970077408201 ], [ 79.934953368686308, 12.867714921721607 ], [ 79.934036362317116, 12.868801997932719 ], [ 79.93361316030439, 12.870150624649197 ], [ 79.933748198172069, 12.871555488619672 ], [ 79.934640923944229, 12.87315271411163 ], [ 79.935748933515157, 12.874052414435518 ], [ 79.937123537164879, 12.874467616722542 ], [ 79.93855545708989, 12.874335107247134 ], [ 79.939826687715723, 12.873675059492667 ], [ 79.940743690195021, 12.872587962852565 ], [ 79.941166860169417, 12.871239322210103 ], [ 79.941031780705586, 12.869834458815671 ], [ 79.940353309823237, 12.868523187070647 ], [ 79.939340520445441, 12.867521284742411 ], [ 79.938014046466279, 12.866975906379789 ] ] ], [ [ [ 79.934023452825144, 12.879703061249785 ], [ 79.932824239246415, 12.880482148473629 ], [ 79.93202019525512, 12.88165216485879 ], [ 79.931733731900067, 12.883034990189223 ], [ 79.932008468435569, 12.884420104125853 ], [ 79.93280258711431, 12.885596634681807 ], [ 79.934175196066874, 12.886515463199775 ], [ 79.935584727105208, 12.886796490626145 ], [ 79.936996584311842, 12.886526932612634 ], [ 79.938195816824873, 12.885747827872601 ], [ 79.938999848296461, 12.884577791663402 ], [ 79.939286274869914, 12.883194955564779 ], [ 79.939011498504996, 12.881809846115663 ], [ 79.938217359808704, 12.880633332723617 ], [ 79.936844764692822, 12.879714526342301 ], [ 79.93543527066484, 12.879433508535868 ], [ 79.934023452825144, 12.879703061249785 ] ] ], [ [ [ 79.872645555197536, 12.885993918686534 ], [ 79.871214803001578, 12.885849444606714 ], [ 79.869836602732377, 12.886253114832872 ], [ 79.868720765139528, 12.887143475939457 ], [ 79.868037163865594, 12.888384982506567 ], [ 79.867889875198657, 12.889788630346926 ], [ 79.868301330947986, 12.891140728375886 ], [ 79.86920889845814, 12.892235430217969 ], [ 79.87047441132006, 12.892906073450751 ], [ 79.871905202477976, 12.893050554786109 ], [ 79.8732834384993, 12.89264687667697 ], [ 79.874399287691304, 12.891756497166631 ], [ 79.875082869616833, 12.890514972455657 ], [ 79.875230119321799, 12.88911131735976 ], [ 79.87481862782036, 12.887759227213781 ], [ 79.873911048711051, 12.886664543775456 ], [ 79.872645555197536, 12.885993918686534 ] ] ], [ [ [ 79.933234768517721, 12.890333603120503 ], [ 79.931803929446588, 12.890189455507203 ], [ 79.930425775235847, 12.890593450547518 ], [ 79.929310109644192, 12.891484085401078 ], [ 79.928626780170816, 12.892725772982436 ], [ 79.928479821763332, 12.894129481525393 ], [ 79.928951610371513, 12.895921510940461 ], [ 79.929859474686722, 12.897016024652849 ], [ 79.931125196622361, 12.89768638920463 ], [ 79.932556077254233, 12.897830543755358 ], [ 79.933934269515376, 12.897426540547801 ], [ 79.935049948396085, 12.896535887153869 ], [ 79.935733259429739, 12.895294181480503 ], [ 79.935880178941986, 12.893890465872277 ], [ 79.935408342637444, 12.892098445114275 ], [ 79.934500468626453, 12.891003949752282 ], [ 79.933234768517721, 12.890333603120503 ] ] ], [ [ [ 79.932096620798674, 12.901542408935306 ], [ 79.930664544534181, 12.901674870446337 ], [ 79.929393146262754, 12.902334859390097 ], [ 79.92831993144388, 12.903742097330694 ], [ 79.928033413074317, 12.905124912753076 ], [ 79.928497672591305, 12.907065374331026 ], [ 79.929170454210492, 12.908312613214489 ], [ 79.930604996409031, 12.909365424220365 ], [ 79.932014647778033, 12.909646480104458 ], [ 79.933426637395925, 12.909376952136739 ], [ 79.934625994225698, 12.908597874457039 ], [ 79.935430122984371, 12.907427858209196 ], [ 79.935716605007954, 12.906045031942098 ], [ 79.935252290009032, 12.90410457882539 ], [ 79.934579486521201, 12.902857353721226 ], [ 79.933471363192425, 12.901957640807272 ], [ 79.932096620798674, 12.901542408935306 ] ] ], [ [ [ 79.934005028078374, 12.913414568081244 ], [ 79.93259535283029, 12.913133521187827 ], [ 79.931224500615173, 12.913384871300707 ], [ 79.929953041895928, 12.914044857864376 ], [ 79.929035830383597, 12.915131897865811 ], [ 79.928612504169649, 12.916480503606998 ], [ 79.928747517712608, 12.917885365041471 ], [ 79.929420325202599, 12.919132604637333 ], [ 79.930528503331885, 12.920032338357808 ], [ 79.931903341071475, 12.920447585608841 ], [ 79.933335524953961, 12.920315125807836 ], [ 79.934907011915627, 12.91955512241244 ], [ 79.935824217405099, 12.91846806143282 ], [ 79.936266762789344, 12.916765036442118 ], [ 79.935991981602612, 12.91537992574651 ], [ 79.935197764557785, 12.914203398991955 ], [ 79.934005028078374, 12.913414568081244 ] ] ], [ [ [ 79.880845610019463, 12.915963893765607 ], [ 79.879056570332978, 12.915869989689341 ], [ 79.877725185620847, 12.916404271716601 ], [ 79.876516212142775, 12.917701272056082 ], [ 79.876092605759723, 12.919049769402294 ], [ 79.876347716378504, 12.920789310276028 ], [ 79.877546412343307, 12.922306606583176 ], [ 79.876583506565424, 12.923257659697819 ], [ 79.876116631479206, 12.924215050031123 ], [ 79.875953182314291, 12.925264154339638 ], [ 79.876107238796365, 12.926314625323897 ], [ 79.876565537486528, 12.927275996908534 ], [ 79.877908611819578, 12.928775480649584 ], [ 79.87883419764151, 12.929325072576155 ], [ 79.879882577747765, 12.929587447291622 ], [ 79.881314817823323, 12.929455279344459 ], [ 79.882586465938971, 12.928795546861156 ], [ 79.883503919630968, 12.927708691231487 ], [ 79.883927505814398, 12.926360180672516 ], [ 79.8838791268047, 12.925299954959064 ], [ 79.883519073005601, 12.924299157494678 ], [ 79.88185359422306, 12.92239337648623 ], [ 79.882816478114364, 12.921442301967398 ], [ 79.88328332263572, 12.920484896939836 ], [ 79.88344673677166, 12.919435784903042 ], [ 79.88329265099938, 12.918385315538181 ], [ 79.882378285727825, 12.916873973933084 ], [ 79.880845610019463, 12.915963893765607 ] ] ], [ [ [ 79.887516433260814, 12.925610003082598 ], [ 79.886185009499755, 12.926144325105319 ], [ 79.88516338437438, 12.927137751247711 ], [ 79.884607090239967, 12.928439045616621 ], [ 79.884600823487332, 12.92985010146735 ], [ 79.885145546976375, 12.931156099093242 ], [ 79.886258338313183, 12.932278210514824 ], [ 79.887585010840937, 12.932823867232022 ], [ 79.889023584182766, 12.932829995533394 ], [ 79.890355039781085, 12.93229566168753 ], [ 79.891376668793811, 12.931302215641661 ], [ 79.891932936660368, 12.930000904785539 ], [ 79.89193916229847, 12.928589845425622 ], [ 79.89139440671498, 12.927283859308963 ], [ 79.890281610823095, 12.926161769301126 ], [ 79.888954965253632, 12.925616128405119 ], [ 79.887516433260814, 12.925610003082598 ] ] ], [ [ [ 79.90787532255635, 12.929653759613997 ], [ 79.906444287568704, 12.929509457018339 ], [ 79.905065882937436, 12.929913296818723 ], [ 79.903719950722504, 12.931003797320708 ], [ 79.903036376885041, 12.932245395730144 ], [ 79.902889235468393, 12.933649072529763 ], [ 79.903300935901342, 12.935001132205967 ], [ 79.904208808291088, 12.936095734194113 ], [ 79.905474639795486, 12.936766231254163 ], [ 79.906905714809398, 12.936910542351939 ], [ 79.908284156648691, 12.93650669587767 ], [ 79.90963010248359, 12.935416173053449 ], [ 79.910313655078582, 12.934174555746999 ], [ 79.910460755877054, 12.932770871522299 ], [ 79.910049018599722, 12.931418820128444 ], [ 79.909141134275586, 12.930324237395395 ], [ 79.90787532255635, 12.929653759613997 ] ] ], [ [ [ 79.913576043467444, 12.935100044150294 ], [ 79.911953074070212, 12.935844701921392 ], [ 79.911035702490395, 12.936931664453608 ], [ 79.910592942763813, 12.938634627802003 ], [ 79.910867596612036, 12.940019753784552 ], [ 79.911661765353699, 12.941196349744391 ], [ 79.914008116616273, 12.943292192639323 ], [ 79.915744371351821, 12.943726451277684 ], [ 79.917156565837772, 12.943457028464826 ], [ 79.918356138417849, 12.942678044293444 ], [ 79.91916046094218, 12.941508095677888 ], [ 79.919447085246034, 12.940125300885434 ], [ 79.919172383219447, 12.938740180186411 ], [ 79.918378184196513, 12.937563604706297 ], [ 79.916341404119109, 12.93565154680674 ], [ 79.915014642441875, 12.935106030225558 ], [ 79.913576043467444, 12.935100044150294 ] ] ], [ [ [ 79.939234984525697, 12.944933604298681 ], [ 79.938165311431973, 12.944773523363169 ], [ 79.936753122720674, 12.94504306114337 ], [ 79.935822708261156, 12.945584888963079 ], [ 79.935092712177877, 12.946368288757697 ], [ 79.934626001284911, 12.947325796545979 ], [ 79.934479019392853, 12.948729502834643 ], [ 79.934737564612277, 12.949760065065893 ], [ 79.935517878690248, 12.951084322432093 ], [ 79.93402537866406, 12.950913529945513 ], [ 79.932954359890374, 12.9510648738848 ], [ 79.931974248915012, 12.95151462804334 ], [ 79.931169449517313, 12.952224061132647 ], [ 79.930609269762314, 12.953132079073107 ], [ 79.930322685296275, 12.954514888452673 ], [ 79.93047697989617, 12.955565344665866 ], [ 79.930935539034365, 12.956526639518572 ], [ 79.931658874627402, 12.957315985705179 ], [ 79.932584694218747, 12.957865403438985 ], [ 79.934734627238967, 12.958236469883813 ], [ 79.936474655570848, 12.95781654411018 ], [ 79.937346486504779, 12.957187879322467 ], [ 79.937944966425192, 12.956418692585707 ], [ 79.938330830283931, 12.957591562796651 ], [ 79.939238939312773, 12.958686059381263 ], [ 79.940504987524918, 12.959356401494947 ], [ 79.942528726170366, 12.959826425661275 ], [ 79.941715165250244, 12.960822008877201 ], [ 79.941346389331812, 12.961819782887089 ], [ 79.941288812045926, 12.962879583123879 ], [ 79.941693151660886, 12.96421565249284 ], [ 79.941155720226789, 12.965265864669449 ], [ 79.940992498820265, 12.966315026051472 ], [ 79.941267341177138, 12.9677001326382 ], [ 79.942061737354422, 12.968876651510634 ], [ 79.943254751826274, 12.969665464685766 ], [ 79.944973395211719, 12.970047599827778 ], [ 79.946054465597157, 12.969999903623531 ], [ 79.947233762922636, 12.969553955692874 ], [ 79.948191768196722, 12.97123671562499 ], [ 79.949556938360757, 12.97208668699874 ], [ 79.949686779049358, 12.973525590558456 ], [ 79.950601747962892, 12.975036737982933 ], [ 79.951794820299497, 12.975825515948983 ], [ 79.952843491442138, 12.976087617546373 ], [ 79.953924589117022, 12.976039890542079 ], [ 79.955197871991075, 12.975567421410434 ], [ 79.955210248270802, 12.976861041876392 ], [ 79.955720651290946, 12.978181766400853 ], [ 79.956361756924707, 12.979036796471549 ], [ 79.957228350580181, 12.979672497527535 ], [ 79.958964950628854, 12.98010649210636 ], [ 79.960036087861766, 12.979955049803097 ], [ 79.961016272277263, 12.979505195621073 ], [ 79.962037851393362, 12.978511469103204 ], [ 79.962593889305438, 12.977209991487003 ], [ 79.96259974000084, 12.975798904444618 ], [ 79.961904518527874, 12.974173035407457 ], [ 79.960891244220718, 12.973171185322199 ], [ 79.959564175211341, 12.972625874286049 ], [ 79.958125340012018, 12.972620117459254 ], [ 79.956952076894211, 12.973062601176439 ], [ 79.956991326680992, 12.972120256919249 ], [ 79.95673267240096, 12.971089709709128 ], [ 79.955938197500558, 12.969913230001538 ], [ 79.9545372175062, 12.969050567345377 ], [ 79.954413146288658, 12.967574387180024 ], [ 79.953740098734727, 12.966327196979442 ], [ 79.952941265068148, 12.965611249101194 ], [ 79.951614255364404, 12.96506590158015 ], [ 79.950175467272146, 12.965060104120264 ], [ 79.949048577620275, 12.96547556250588 ], [ 79.948408024363758, 12.964151174876793 ], [ 79.948794260425743, 12.963324077962486 ], [ 79.948957446581929, 12.962274908788475 ], [ 79.948529193079182, 12.960568352022566 ], [ 79.947331270383799, 12.959261293228515 ], [ 79.945704070804226, 12.958670998343649 ], [ 79.946380853038008, 12.957637767704277 ], [ 79.946653793805552, 12.956504667518585 ], [ 79.947439037825717, 12.957396141621267 ], [ 79.94836489681353, 12.957945505954424 ], [ 79.949413489858415, 12.958207615720935 ], [ 79.950694512465247, 12.958169896725003 ], [ 79.951714858087499, 12.95781645818554 ], [ 79.952586654859886, 12.957187739438627 ], [ 79.953234822785447, 12.956337887013344 ], [ 79.953598213758411, 12.955360601029746 ], [ 79.954360073562938, 12.95678285600134 ], [ 79.955468505092711, 12.95768250095356 ], [ 79.957204951615125, 12.958116496170069 ], [ 79.958617201960422, 12.957846851775905 ], [ 79.960060837033353, 12.95680567482658 ], [ 79.960744217464438, 12.955563912407046 ], [ 79.960839420248433, 12.953808904038288 ], [ 79.960294250172964, 12.952503031952528 ], [ 79.959500830407634, 12.951613759723644 ], [ 79.958574966157727, 12.95106443462898 ], [ 79.957526389900579, 12.950802363149077 ], [ 79.956445401060634, 12.950850113552901 ], [ 79.955425089784654, 12.951203573481472 ], [ 79.954553321389994, 12.951832304144059 ], [ 79.953905170542328, 12.952682161369577 ], [ 79.953541785445722, 12.953659448366498 ], [ 79.953064302569018, 12.952623121792149 ], [ 79.952051146723221, 12.951621244996723 ], [ 79.950724211002026, 12.951075898179829 ], [ 79.949443661159918, 12.951009469253838 ], [ 79.94839293430762, 12.951263110447297 ], [ 79.947193400624357, 12.952042236429353 ], [ 79.946389164131816, 12.953212278183171 ], [ 79.94611622696587, 12.954345378556219 ], [ 79.945330996663657, 12.953453901357895 ], [ 79.943261645237456, 12.952067604605773 ], [ 79.942244331568133, 12.951705931612564 ], [ 79.941299035778712, 12.951639972269094 ], [ 79.941874665783175, 12.950868017762112 ], [ 79.942243420039361, 12.949870240774729 ], [ 79.942162902777284, 12.948114534648999 ], [ 79.940768068439638, 12.945843370421835 ], [ 79.939234984525697, 12.944933604298681 ] ], [ [ 79.937862172598841, 12.952685691121134 ], [ 79.938253345424613, 12.952747589354452 ], [ 79.938760927252915, 12.952760026674245 ], [ 79.938235019341391, 12.95345134921627 ], [ 79.937862172598841, 12.952685691121134 ] ] ], [ [ [ 79.927615143288548, 12.94539366542786 ], [ 79.926183999019344, 12.945249463310773 ], [ 79.924805529014407, 12.945653402625545 ], [ 79.923439585796146, 12.94671398635677 ], [ 79.922756056064117, 12.947955639339884 ], [ 79.922609007601721, 12.949359333638876 ], [ 79.923020835700669, 12.950711371064045 ], [ 79.923928851034191, 12.951805914424149 ], [ 79.925194818986682, 12.952476325396754 ], [ 79.926626003161715, 12.952620536056548 ], [ 79.92800451024199, 12.952216590096508 ], [ 79.929370467975403, 12.95115598371356 ], [ 79.930053976377962, 12.949914311797246 ], [ 79.93020098407581, 12.948510610114901 ], [ 79.929789118977823, 12.947158581061407 ], [ 79.928881091574496, 12.94606405705146 ], [ 79.927615143288548, 12.94539366542786 ] ] ], [ [ [ 79.938755398259218, 12.977224581394683 ], [ 79.93734536265012, 12.976943533244169 ], [ 79.935605199764936, 12.977363454036674 ], [ 79.934489140015813, 12.978254076566632 ], [ 79.933705562805244, 12.97961575172318 ], [ 79.933648679799887, 12.981524315127844 ], [ 79.932825522129846, 12.982915736742903 ], [ 79.932730096368687, 12.984670715073563 ], [ 79.933489543145996, 12.986262581003706 ], [ 79.934288377579122, 12.986978588299385 ], [ 79.935264763955871, 12.987436357309726 ], [ 79.936696156717616, 12.987580528226276 ], [ 79.938074848991633, 12.987176543695847 ], [ 79.939290939645787, 12.98619590738091 ], [ 79.939974510655915, 12.984954216294877 ], [ 79.940027928723836, 12.983032020085767 ], [ 79.940854469556513, 12.981624201295265 ], [ 79.940949835649775, 12.97986921507729 ], [ 79.940190355766546, 12.978277367999592 ], [ 79.938755398259218, 12.977224581394683 ] ] ], [ [ [ 79.832326652601807, 12.986664195826769 ], [ 79.830895373911559, 12.986519455406317 ], [ 79.829516560252486, 12.986922857581224 ], [ 79.828400115678733, 12.987812989730131 ], [ 79.827716006195885, 12.989054341317619 ], [ 79.827568385477932, 12.990457931794056 ], [ 79.827979735952468, 12.99181007884158 ], [ 79.828887441069583, 12.992904928626256 ], [ 79.83015331351524, 12.993575796174998 ], [ 79.83158463147457, 12.993720544006198 ], [ 79.832963481247617, 12.993317133967555 ], [ 79.834079937625134, 12.992426983286901 ], [ 79.834764027687072, 12.991185613355297 ], [ 79.834911609135943, 12.98978201546811 ], [ 79.834500222547447, 12.988429876284323 ], [ 79.833592505626541, 12.987335045031399 ], [ 79.832326652601807, 12.986664195826769 ] ] ], [ [ [ 79.936415528062909, 12.991924606827721 ], [ 79.934643866319391, 12.991659472667166 ], [ 79.933175145788198, 12.992073436000966 ], [ 79.93205900831704, 12.992964041340757 ], [ 79.931285964205671, 12.994549610537968 ], [ 79.931228325760955, 12.99560940204486 ], [ 79.931486890166966, 12.996639966590523 ], [ 79.932555129391559, 12.998060846136564 ], [ 79.931503127636773, 12.998772063827735 ], [ 79.930854768683403, 12.999621845201661 ], [ 79.930485880976761, 13.000619593097655 ], [ 79.930479837248228, 13.002030662819198 ], [ 79.930920167666429, 13.003251414112746 ], [ 79.931561241008708, 13.004106502180122 ], [ 79.932427846816879, 13.004742286587449 ], [ 79.933445352777525, 13.005104012126392 ], [ 79.934884363489587, 13.005109919887973 ], [ 79.936216137749611, 13.004575376992314 ], [ 79.937237918186838, 13.003581765252003 ], [ 79.93779414722016, 13.002280357307175 ], [ 79.937713673955983, 13.000524657850844 ], [ 79.93717501848856, 12.999343370610358 ], [ 79.936468780570337, 12.998569471504998 ], [ 79.93758687741385, 12.997827901932629 ], [ 79.938235209661727, 12.996978101500893 ], [ 79.938604060740786, 12.995980339508534 ], [ 79.938661668234317, 12.994920543978235 ], [ 79.938403074858954, 12.993889984286898 ], [ 79.937850554089735, 12.992977410940929 ], [ 79.936415528062909, 12.991924606827721 ] ] ], [ [ [ 79.932555408978331, 13.006263675938087 ], [ 79.93112391423017, 13.00611947428821 ], [ 79.929942940462382, 13.006383020522213 ], [ 79.929012274313095, 13.006924802592348 ], [ 79.928094686043281, 13.008011804786795 ], [ 79.927725772506932, 13.009009546305132 ], [ 79.927719709136497, 13.010420613838278 ], [ 79.928080040101221, 13.011421367615498 ], [ 79.928924458592917, 13.012458707926589 ], [ 79.92726478624266, 13.011916020224753 ], [ 79.925825739884957, 13.011910067176709 ], [ 79.924493907254714, 13.012444551679328 ], [ 79.92347204097598, 13.013438105810048 ], [ 79.922915710144167, 13.014739474220255 ], [ 79.922889611018675, 13.016540538150101 ], [ 79.923434692267378, 13.017846478077258 ], [ 79.92444797155612, 13.018848473292961 ], [ 79.92577518708093, 13.019393974844219 ], [ 79.926976022560183, 13.019470525061799 ], [ 79.928027056482321, 13.019216995594791 ], [ 79.929156148916249, 13.018625431469665 ], [ 79.93036540088751, 13.017328213582585 ], [ 79.9307889325204, 13.015979627803718 ], [ 79.930533397018451, 13.014240114805673 ], [ 79.92953559309484, 13.012881313431985 ], [ 79.930963079833717, 13.013327547142604 ], [ 79.932174338021824, 13.013269923852114 ], [ 79.933506161932087, 13.012735399015469 ], [ 79.934527988331794, 13.011741801976424 ], [ 79.935138857996094, 13.010089560224348 ], [ 79.934883294538281, 13.008350048854117 ], [ 79.933821667324025, 13.006934065459783 ], [ 79.932555408978331, 13.006263675938087 ] ] ], [ [ [ 79.910274091815154, 13.011954453768865 ], [ 79.908994770373226, 13.013371571411618 ], [ 79.90855181875537, 13.015074509632095 ], [ 79.908979857135051, 13.016781111248536 ], [ 79.909620881837043, 13.017636249480129 ], [ 79.910487469943931, 13.018272105824073 ], [ 79.912224226615706, 13.018706426235893 ], [ 79.914075674446764, 13.018222104159491 ], [ 79.915425044860768, 13.018783934299476 ], [ 79.916864125924164, 13.018789948137067 ], [ 79.918487641768721, 13.018045305733342 ], [ 79.919405309608649, 13.016958344500168 ], [ 79.919828898274432, 13.015609781158304 ], [ 79.919663924939371, 13.014044925457188 ], [ 79.918990951564425, 13.012797653360369 ], [ 79.91788243540978, 13.011897847842087 ], [ 79.916145712223525, 13.01146356805447 ], [ 79.914313420371471, 13.011936791145608 ], [ 79.913395696672524, 13.011513780029937 ], [ 79.912325767455357, 13.011353572621317 ], [ 79.91125448095319, 13.011504805137484 ], [ 79.910274091815154, 13.011954453768865 ] ] ], [ [ [ 79.948905506231526, 13.012514539636424 ], [ 79.947495258746301, 13.012233531149338 ], [ 79.946082689254453, 13.012503089659509 ], [ 79.944882840172738, 13.013282178298592 ], [ 79.944078373546205, 13.014452191547205 ], [ 79.943791764810371, 13.015835009705517 ], [ 79.944106653222505, 13.017390113883996 ], [ 79.944901202786568, 13.018566632832867 ], [ 79.946094452076395, 13.019355448917599 ], [ 79.947504737017809, 13.019636467826134 ], [ 79.948917346609164, 13.019366904685464 ], [ 79.950117215356528, 13.018587799013931 ], [ 79.950921670020151, 13.017417766255361 ], [ 79.951208242360337, 13.016034937502933 ], [ 79.950893310015971, 13.014479838535429 ], [ 79.950098742212575, 13.013303336415035 ], [ 79.948905506231526, 13.012514539636424 ] ] ], [ [ [ 79.900504627606864, 13.013554773100049 ], [ 79.899232569807907, 13.014214557972501 ], [ 79.898314830998444, 13.015301441886832 ], [ 79.897891129537499, 13.016649960945051 ], [ 79.898025977059859, 13.018054818333646 ], [ 79.898698853107689, 13.01930213715076 ], [ 79.899937324612139, 13.020322022197483 ], [ 79.901312635670905, 13.020737467490722 ], [ 79.902745400312199, 13.020605223660292 ], [ 79.904017484250105, 13.019945423732976 ], [ 79.904935218645264, 13.018858519400062 ], [ 79.905358887705631, 13.017509986320979 ], [ 79.905223998590785, 13.016105129418424 ], [ 79.90455109579905, 13.014857825316827 ], [ 79.903312628884095, 13.01383796254192 ], [ 79.901937350717219, 13.013422530406435 ], [ 79.900504627606864, 13.013554773100049 ] ] ], [ [ [ 79.89154627551342, 13.016594918014205 ], [ 79.890497522285884, 13.0163325614224 ], [ 79.889416258999006, 13.01638000962388 ], [ 79.888395599411751, 13.016733176266145 ], [ 79.887548868277889, 13.017339246374654 ], [ 79.885663504063643, 13.017572827034586 ], [ 79.884463463451894, 13.018351619068522 ], [ 79.883535608556954, 13.019854154803049 ], [ 79.88220544661857, 13.019306202586455 ], [ 79.880584646914926, 13.019239466988129 ], [ 79.879205705422834, 13.019643123758001 ], [ 79.877916987010948, 13.020759144834084 ], [ 79.876414707404081, 13.020589466548097 ], [ 79.875035753384438, 13.020993099941098 ], [ 79.873789291074999, 13.022023424997851 ], [ 79.873105288445387, 13.023264904038291 ], [ 79.872957883868196, 13.024668536328269 ], [ 79.873369526897321, 13.026020633156477 ], [ 79.874277556447538, 13.027115348302273 ], [ 79.875203478812551, 13.027664978211302 ], [ 79.876252257407927, 13.027927399010535 ], [ 79.87740356985428, 13.02787000991024 ], [ 79.87873556853809, 13.027335782543542 ], [ 79.879796653343988, 13.026279269737415 ], [ 79.88181536657639, 13.026450532294787 ], [ 79.883194343610356, 13.026046864563408 ], [ 79.884310795908689, 13.025156497227474 ], [ 79.884990761215519, 13.02392576923344 ], [ 79.886133897054194, 13.024506075582353 ], [ 79.887565449993375, 13.024650531641088 ], [ 79.888616533103232, 13.024397166962451 ], [ 79.889686006555806, 13.023733392702127 ], [ 79.890653754837487, 13.023679989386803 ], [ 79.891674441238521, 13.023326816073066 ], [ 79.893177731410333, 13.021952271356833 ], [ 79.893644757784429, 13.020994866955002 ], [ 79.893808230151706, 13.019945758141365 ], [ 79.893654074006648, 13.018895294321034 ], [ 79.893195569002287, 13.017933940504452 ], [ 79.892472204024841, 13.017144486598815 ], [ 79.89154627551342, 13.016594918014205 ] ] ], [ [ [ 79.954483846386381, 13.017814934213042 ], [ 79.952991889136769, 13.018574991209956 ], [ 79.952074351673261, 13.019662082007786 ], [ 79.951631673716193, 13.021365114950843 ], [ 79.951906612229209, 13.02275021368092 ], [ 79.952459244050033, 13.023662764031847 ], [ 79.953567945762131, 13.024562434605405 ], [ 79.954943392042523, 13.024977603997289 ], [ 79.956462828999506, 13.024815056103957 ], [ 79.956968382070343, 13.025224160101104 ], [ 79.95653158581473, 13.026915178437759 ], [ 79.956806555663903, 13.028300273918109 ], [ 79.957691198463053, 13.029596761035956 ], [ 79.959224853149053, 13.030506457295145 ], [ 79.960294909255211, 13.030666479586678 ], [ 79.96170757397563, 13.030396850654313 ], [ 79.962907463221455, 13.02961768741946 ], [ 79.963711900637449, 13.028447614096315 ], [ 79.963998420621436, 13.027064767953879 ], [ 79.963843963271088, 13.026014323152518 ], [ 79.963385166632477, 13.025053071972508 ], [ 79.962301596892658, 13.023945812308455 ], [ 79.96237543137218, 13.023794347847405 ], [ 79.963048510108649, 13.024516234011571 ], [ 79.96397464490822, 13.025065561428775 ], [ 79.96615659408387, 13.025430514995254 ], [ 79.967207626371547, 13.025176825669515 ], [ 79.968138291669902, 13.024634906157193 ], [ 79.968868439580916, 13.023851427710378 ], [ 79.969335190311398, 13.02289386486132 ], [ 79.969482054653426, 13.021490135125108 ], [ 79.969069883263217, 13.020138150344236 ], [ 79.968161433291442, 13.019043736157387 ], [ 79.966895010476449, 13.018373503158045 ], [ 79.965415005995339, 13.018113512056757 ], [ 79.964002414375557, 13.018383166983993 ], [ 79.962802584997547, 13.019162340276443 ], [ 79.962074573262655, 13.020175691359494 ], [ 79.961231508102045, 13.019263805034187 ], [ 79.959965105491946, 13.018593539518196 ], [ 79.958895100936317, 13.018433519646461 ], [ 79.957957263163394, 13.018552732817584 ], [ 79.956965438704572, 13.017944490867496 ], [ 79.955916589622063, 13.01768239305353 ], [ 79.954483846386381, 13.017814934213042 ] ] ], [ [ [ 79.816665789582146, 13.02442452750142 ], [ 79.81539348745946, 13.025083877498684 ], [ 79.814475364628706, 13.026170430058608 ], [ 79.814051197854184, 13.027518771742876 ], [ 79.814185569582378, 13.028923632790425 ], [ 79.814858031809592, 13.030171135797502 ], [ 79.816006214065894, 13.031111356918982 ], [ 79.817381404767019, 13.031527240599441 ], [ 79.818814236524716, 13.031395469707498 ], [ 79.820086564816421, 13.030736105214128 ], [ 79.821004683547486, 13.029649532490588 ], [ 79.821428818355628, 13.028301176725725 ], [ 79.821294405466432, 13.026896315896689 ], [ 79.820621916895888, 13.025648827280868 ], [ 79.819473738734658, 13.024708626889959 ], [ 79.818098580177207, 13.024292757027075 ], [ 79.816665789582146, 13.02442452750142 ] ] ], [ [ [ 79.919635692383565, 13.026103755904398 ], [ 79.918204097924317, 13.025959474857942 ], [ 79.916825162665376, 13.026363333435953 ], [ 79.915558809321752, 13.027383847961373 ], [ 79.914874988684772, 13.028625452226651 ], [ 79.914727811765715, 13.030029126306735 ], [ 79.915139693469825, 13.03138117510084 ], [ 79.91604793636273, 13.032475759676355 ], [ 79.917314271203182, 13.033146235410484 ], [ 79.918745905711788, 13.033290524492768 ], [ 79.920124877954848, 13.03288665866631 ], [ 79.921391244225617, 13.031866122975666 ], [ 79.922075043997765, 13.030624499968404 ], [ 79.92222218047911, 13.029220818560345 ], [ 79.921810262029624, 13.027868778070639 ], [ 79.920902007315476, 13.026774212644549 ], [ 79.919635692383565, 13.026103755904398 ] ] ], [ [ [ 79.826647028960977, 13.02586368402577 ], [ 79.825234305817872, 13.026132567076964 ], [ 79.824034057051009, 13.026911059734525 ], [ 79.823229005469386, 13.028080647183824 ], [ 79.822941715484646, 13.029463274583762 ], [ 79.823215932265924, 13.030848451815473 ], [ 79.82409991667744, 13.032155298152917 ], [ 79.825292798080312, 13.032944643861128 ], [ 79.826702967029831, 13.033226315025992 ], [ 79.828115730208793, 13.032957427397388 ], [ 79.829315998699329, 13.032178917578813 ], [ 79.830121038319874, 13.031009310272857 ], [ 79.830408291698461, 13.029626671836018 ], [ 79.830134034989257, 13.028241498802148 ], [ 79.829250029170666, 13.026934671155916 ], [ 79.828057160713229, 13.026145344691065 ], [ 79.826647028960977, 13.02586368402577 ] ] ], [ [ [ 79.862846468265772, 13.027534058171231 ], [ 79.861414924830612, 13.027389465420415 ], [ 79.86003591475955, 13.027793013720892 ], [ 79.858919371995285, 13.028683268229953 ], [ 79.858165275820838, 13.030074698710862 ], [ 79.858017780482484, 13.031478314523612 ], [ 79.858429348477202, 13.032830428646642 ], [ 79.859337330153195, 13.033925192233545 ], [ 79.860603496077644, 13.034595933416147 ], [ 79.862035079721153, 13.034740533950533 ], [ 79.863414126901404, 13.034336978126355 ], [ 79.864530682342107, 13.03344670539089 ], [ 79.865284756369903, 13.032055254644304 ], [ 79.865432211728347, 13.030651631405316 ], [ 79.865020607345741, 13.029299525346051 ], [ 79.864112614097678, 13.028204780626124 ], [ 79.862846468265772, 13.027534058171231 ] ] ], [ [ [ 79.803307491006393, 13.027755510689957 ], [ 79.801897390327611, 13.02747371700308 ], [ 79.800484643266685, 13.027742462011547 ], [ 79.799284319224341, 13.028520832605636 ], [ 79.798479152452543, 13.029690332547647 ], [ 79.798191724883338, 13.03107292032538 ], [ 79.798465802625799, 13.032458111867705 ], [ 79.799259668365323, 13.033635023438139 ], [ 79.8004524674446, 13.034424477286892 ], [ 79.80186260442423, 13.034706281966802 ], [ 79.803275390860321, 13.034437532885649 ], [ 79.804475734286697, 13.033659145538889 ], [ 79.805280889096466, 13.0324896259777 ], [ 79.80556828036481, 13.031107027206936 ], [ 79.805294163247197, 13.029721839737292 ], [ 79.804500278123655, 13.028544944919531 ], [ 79.803307491006393, 13.027755510689957 ] ] ], [ [ [ 79.854486593360761, 13.029714104187722 ], [ 79.853055046337175, 13.029569464638593 ], [ 79.85167601418685, 13.029972966257144 ], [ 79.850559434209188, 13.030863181303227 ], [ 79.849794236304874, 13.032395442464116 ], [ 79.849333691667624, 13.032674002045255 ], [ 79.848335114722673, 13.032629464515241 ], [ 79.84728396915294, 13.032882659419025 ], [ 79.845839449976054, 13.033923130808864 ], [ 79.845155276619522, 13.035164520724306 ], [ 79.844997702045319, 13.036638122002842 ], [ 79.845409203644635, 13.037990251114422 ], [ 79.846317140971763, 13.039085056727515 ], [ 79.847583291355619, 13.039755860575964 ], [ 79.8490148906386, 13.039900534869275 ], [ 79.850066065309278, 13.039647335398399 ], [ 79.850898485931012, 13.039176826396611 ], [ 79.852034934582292, 13.03923053458912 ], [ 79.853086104353054, 13.038977322352963 ], [ 79.854530627902008, 13.0379368108593 ], [ 79.855277989568535, 13.036452569930939 ], [ 79.856585035966731, 13.035099112798626 ], [ 79.857088379329696, 13.033186296546377 ], [ 79.856813969576848, 13.03180113937101 ], [ 79.856261689393108, 13.030888412079205 ], [ 79.855462968903311, 13.030172173660057 ], [ 79.854486593360761, 13.029714104187722 ] ] ], [ [ [ 79.833067052534091, 13.030409923468365 ], [ 79.831443243229302, 13.031154002675111 ], [ 79.830712672057814, 13.031937057185404 ], [ 79.830245389466143, 13.032894325702397 ], [ 79.830119194952232, 13.034749198820657 ], [ 79.830878086956929, 13.036341318191353 ], [ 79.831676748358575, 13.037057627818038 ], [ 79.832915924860089, 13.037581588984763 ], [ 79.834166373418554, 13.038671493268888 ], [ 79.836613144459974, 13.039505801922379 ], [ 79.838403023499964, 13.039600069361393 ], [ 79.840026873134818, 13.03885594988383 ], [ 79.840964943924504, 13.037739302037739 ], [ 79.841388991164578, 13.036390906428133 ], [ 79.841254464415556, 13.034986046910563 ], [ 79.840581853030884, 13.033738600548967 ], [ 79.839473561630498, 13.032838476631527 ], [ 79.836767123439685, 13.031859187771248 ], [ 79.836122935986197, 13.031175063902605 ], [ 79.835197099541944, 13.030625300561972 ], [ 79.83414836744393, 13.030362716286294 ], [ 79.833067052534091, 13.030409923468365 ] ] ], [ [ [ 79.819927078136701, 13.032914291640033 ], [ 79.818857151383838, 13.032753696109667 ], [ 79.817444383864654, 13.033022532490216 ], [ 79.816513403246802, 13.033563881476617 ], [ 79.815698593102226, 13.034483159863461 ], [ 79.814517156583861, 13.033874321396286 ], [ 79.813447231243785, 13.033713703476185 ], [ 79.812375822612722, 13.033864514204692 ], [ 79.811395195841882, 13.034313766069003 ], [ 79.810372819698102, 13.03530682817326 ], [ 79.809815860388781, 13.036607898972923 ], [ 79.809809115588195, 13.038018905821177 ], [ 79.810353621013817, 13.039325036522515 ], [ 79.811676084413733, 13.04051131490518 ], [ 79.813412763558134, 13.040946295493667 ], [ 79.815153514913547, 13.040527249322158 ], [ 79.816516437158882, 13.039305867252843 ], [ 79.817712886717274, 13.039925700034557 ], [ 79.818782842724701, 13.040086302780217 ], [ 79.819854276954459, 13.039935467576703 ], [ 79.820834914367424, 13.039486184458674 ], [ 79.821640300362247, 13.038777146613509 ], [ 79.822201074881363, 13.037869417736056 ], [ 79.822512296878472, 13.036032251591184 ], [ 79.822254165061807, 13.035001614940986 ], [ 79.821702011933908, 13.034088824250713 ], [ 79.820903390720673, 13.033372486954383 ], [ 79.819927078136701, 13.032914291640033 ] ] ], [ [ [ 79.958805204515187, 13.033893554625525 ], [ 79.957343526086547, 13.033749484894637 ], [ 79.95596459347081, 13.034153553104728 ], [ 79.954848329259221, 13.035044245474372 ], [ 79.954075272834899, 13.036629878655619 ], [ 79.953977692126472, 13.038679676836377 ], [ 79.954389802519884, 13.040031679868761 ], [ 79.955298257528284, 13.041126141808281 ], [ 79.956915531204245, 13.041884085998298 ], [ 79.958354765151185, 13.041889879722698 ], [ 79.959686701462914, 13.041355228891291 ], [ 79.960708558090104, 13.040361531769049 ], [ 79.961264765868989, 13.039060074007404 ], [ 79.96140857008028, 13.037364816294286 ], [ 79.961133568201063, 13.035979723963676 ], [ 79.960071678100704, 13.03456383066186 ], [ 79.958805204515187, 13.033893554625525 ] ] ], [ [ [ 79.915065855866743, 13.044593791207197 ], [ 79.913634160673951, 13.044449476964594 ], [ 79.91225511512944, 13.044853302013971 ], [ 79.911138658586353, 13.045743789412949 ], [ 79.910454758922114, 13.046985374573387 ], [ 79.91030753794152, 13.048389041372193 ], [ 79.91076941441537, 13.049971096211335 ], [ 79.911677697985681, 13.051065698405212 ], [ 79.912944109812727, 13.051736201084942 ], [ 79.914375845891811, 13.05188052233097 ], [ 79.915754928813271, 13.051476688985556 ], [ 79.916871397869414, 13.050586182779007 ], [ 79.91755527825967, 13.049344579258946 ], [ 79.917702459681053, 13.047940905268415 ], [ 79.917240540810582, 13.046358859392212 ], [ 79.916332246657149, 13.045264275761493 ], [ 79.915065855866743, 13.044593791207197 ] ] ], [ [ [ 79.913755918142741, 13.052683803029968 ], [ 79.911965872750812, 13.052590046886939 ], [ 79.910633791489943, 13.053124439091771 ], [ 79.909611694173776, 13.054117918040292 ], [ 79.908994648860158, 13.055515346332969 ], [ 79.908847410702322, 13.056919010345387 ], [ 79.90925929222513, 13.058271066734232 ], [ 79.910167596040807, 13.059365675408985 ], [ 79.911434043641577, 13.06003618806985 ], [ 79.913224141927387, 13.060129952042386 ], [ 79.914556257487476, 13.05959554929267 ], [ 79.915578360955038, 13.058602051431157 ], [ 79.916195379621826, 13.057204605448566 ], [ 79.916342576927633, 13.055800934033691 ], [ 79.915930658946039, 13.054448885965652 ], [ 79.915022344290819, 13.053354296541821 ], [ 79.913755918142741, 13.052683803029968 ] ] ], [ [ [ 79.961085302133213, 13.057473556606322 ], [ 79.959653486323816, 13.057329489429964 ], [ 79.958274422781173, 13.057733559647565 ], [ 79.95715805360858, 13.058624253020628 ], [ 79.9564743334128, 13.059865973614066 ], [ 79.956327356709451, 13.061269684672986 ], [ 79.956739507951752, 13.06262168544151 ], [ 79.957648048673633, 13.063716144269033 ], [ 79.958914664267397, 13.064386435660534 ], [ 79.960346519673593, 13.064530509876564 ], [ 79.961725619299813, 13.064126431397067 ], [ 79.962841999905521, 13.063235719300254 ], [ 79.96352570018658, 13.061993980489321 ], [ 79.963672637293158, 13.060590262390722 ], [ 79.963260449967265, 13.059238269884098 ], [ 79.962351897812269, 13.058143829780327 ], [ 79.961085302133213, 13.057473556606322 ] ] ], [ [ [ 79.911886005973656, 13.064023819797063 ], [ 79.910095881015678, 13.063930044418296 ], [ 79.908763733739278, 13.064464421424011 ], [ 79.90774157919023, 13.065457887857853 ], [ 79.907105028801126, 13.066889200496872 ], [ 79.907098820380568, 13.068300252082311 ], [ 79.907459130903788, 13.069301030241663 ], [ 79.908367462612418, 13.070395646882599 ], [ 79.909354542090455, 13.070966830438605 ], [ 79.907915017191669, 13.071373269384324 ], [ 79.906798419690816, 13.072263725632123 ], [ 79.906114415412503, 13.073505289345588 ], [ 79.906018715511564, 13.075260228337317 ], [ 79.906379029353474, 13.076261007928833 ], [ 79.907020181068134, 13.07711616016241 ], [ 79.907886956570721, 13.077752038196353 ], [ 79.90890470893487, 13.078113878746795 ], [ 79.910404130968203, 13.078129955725386 ], [ 79.911736351142849, 13.077595576307724 ], [ 79.912758544951899, 13.076602097657165 ], [ 79.91331509186341, 13.075300772176698 ], [ 79.913321268399045, 13.07388971842424 ], [ 79.912960928431019, 13.072888946405405 ], [ 79.912052566925254, 13.071794343810495 ], [ 79.911033845218711, 13.07121192387496 ], [ 79.912444998280804, 13.070806713583046 ], [ 79.913561570547017, 13.069916230721375 ], [ 79.914325526471899, 13.068544642043943 ], [ 79.914472746200715, 13.067140974255508 ], [ 79.914214204077823, 13.066110398008929 ], [ 79.913661637332112, 13.065197772493548 ], [ 79.912862634789278, 13.064481690901369 ], [ 79.911886005973656, 13.064023819797063 ] ] ], [ [ [ 79.909486121406161, 13.079043841627236 ], [ 79.907695890875104, 13.07895004126771 ], [ 79.90636365619558, 13.079484398525176 ], [ 79.905153959496801, 13.080781464634457 ], [ 79.904730153263486, 13.082129982288404 ], [ 79.905025533738552, 13.084129503382339 ], [ 79.905933095540448, 13.085407427341448 ], [ 79.904681360795934, 13.086587836286135 ], [ 79.904124739940713, 13.087889136475955 ], [ 79.90406693225701, 13.088948903676371 ], [ 79.904318224429844, 13.089959425222824 ], [ 79.904026890595929, 13.09173889976911 ], [ 79.904367008190619, 13.09294051566277 ], [ 79.903849974894541, 13.094439955845466 ], [ 79.904022328120035, 13.095948866725442 ], [ 79.903686799724056, 13.097818887624642 ], [ 79.904098702038056, 13.099170951189741 ], [ 79.90481989767764, 13.100136112422698 ], [ 79.906013375559951, 13.100925129174829 ], [ 79.907062500041221, 13.101187450873725 ], [ 79.908495731754329, 13.101055212464825 ], [ 79.909768232258145, 13.100395419623416 ], [ 79.910686269264446, 13.099308522986799 ], [ 79.911110080926179, 13.097959997068827 ], [ 79.910937684065374, 13.096451088513577 ], [ 79.911289364492376, 13.094935597250617 ], [ 79.910952487584012, 13.093420280087264 ], [ 79.911469993166477, 13.091919985127284 ], [ 79.911152774462479, 13.090050975801246 ], [ 79.91149306043981, 13.08817104196833 ], [ 79.91108113018295, 13.086818987345318 ], [ 79.910326919896832, 13.085862555836185 ], [ 79.91168609142602, 13.084478497615901 ], [ 79.91205520400365, 13.083480798452085 ], [ 79.912112974505845, 13.082421026233773 ], [ 79.911814428119584, 13.081130448577488 ], [ 79.911261841692067, 13.080217817035628 ], [ 79.910462801876037, 13.079501725581652 ], [ 79.909486121406161, 13.079043841627236 ] ] ], [ [ [ 79.959935566983276, 13.103083589605475 ], [ 79.958503491161522, 13.102939496838966 ], [ 79.957142121348639, 13.103293122538744 ], [ 79.955941842027116, 13.10407222651418 ], [ 79.955137097031283, 13.105242247753575 ], [ 79.954850404208145, 13.106625065366353 ], [ 79.955125417904981, 13.108010160203579 ], [ 79.955920278327014, 13.109186663143049 ], [ 79.957113979303358, 13.109975458579868 ], [ 79.958524787962446, 13.110256455319679 ], [ 79.960247917369642, 13.109886870474666 ], [ 79.961448214323369, 13.109107747885018 ], [ 79.962252945021817, 13.107937705987363 ], [ 79.962539599233935, 13.106554877291833 ], [ 79.962264544422098, 13.105169787225375 ], [ 79.961202382379668, 13.103753883322293 ], [ 79.959935566983276, 13.103083589605475 ] ] ], [ [ [ 79.93150635535369, 13.104044716929959 ], [ 79.930095623911583, 13.103763577159812 ], [ 79.928682514887683, 13.104032997327096 ], [ 79.927482152769855, 13.104811961625645 ], [ 79.926677277669683, 13.10598188348974 ], [ 79.926370425309656, 13.10749465672956 ], [ 79.92664527782371, 13.108879769784476 ], [ 79.92743999837019, 13.110056350397198 ], [ 79.928633602092276, 13.110845271145088 ], [ 79.930044370943506, 13.111126421748891 ], [ 79.931457520194158, 13.110856997263211 ], [ 79.932657902124333, 13.11007801609809 ], [ 79.933462765328215, 13.108908074766331 ], [ 79.933769577470059, 13.107395290040282 ], [ 79.933494685468048, 13.106010181485082 ], [ 79.932699946095624, 13.104833617968094 ], [ 79.93150635535369, 13.104044716929959 ] ] ], [ [ [ 79.936104443025613, 13.104403419824134 ], [ 79.934987778535344, 13.105293992135657 ], [ 79.934303804851027, 13.106535631362002 ], [ 79.93415665508482, 13.107939313157136 ], [ 79.934568740067647, 13.109291341238213 ], [ 79.935627331685595, 13.110515881177236 ], [ 79.936894108288726, 13.111186291912125 ], [ 79.938326209389984, 13.111330507342268 ], [ 79.939705601961577, 13.110926570431221 ], [ 79.940822278126831, 13.110035978700893 ], [ 79.941506231562371, 13.108794320742263 ], [ 79.941653340883292, 13.107390631694161 ], [ 79.94124121864408, 13.106038612031369 ], [ 79.940182614804499, 13.10481409407925 ], [ 79.93891585924267, 13.104143700998572 ], [ 79.937483798778672, 13.103999491919607 ], [ 79.936104443025613, 13.104403419824134 ] ] ], [ [ [ 79.917315704367297, 13.10677005804399 ], [ 79.915983331922817, 13.107304453756797 ], [ 79.914961013337816, 13.108297933966899 ], [ 79.914404386559895, 13.109599254611556 ], [ 79.914398198730751, 13.111010304975537 ], [ 79.914943400829429, 13.112316266167817 ], [ 79.916056997593728, 13.11344831569915 ], [ 79.917384679950757, 13.113993894422709 ], [ 79.918824313540725, 13.113999940477298 ], [ 79.920156718258269, 13.113465532672523 ], [ 79.921179040685132, 13.11247203227275 ], [ 79.921735640714189, 13.111170695004358 ], [ 79.92174178680331, 13.109759641224546 ], [ 79.921196552204563, 13.108453691811174 ], [ 79.92008295075253, 13.107321663985605 ], [ 79.918755295920192, 13.106776101215138 ], [ 79.917315704367297, 13.10677005804399 ] ] ], [ [ [ 79.909445818028999, 13.107340045385772 ], [ 79.908113428744628, 13.107874398811919 ], [ 79.9070910785819, 13.108867845093631 ], [ 79.906534410290206, 13.110169145333591 ], [ 79.906528177327459, 13.111580191926866 ], [ 79.907073337544247, 13.112886166561804 ], [ 79.908196902451763, 13.113988244822563 ], [ 79.909524566977495, 13.114533862912912 ], [ 79.910964199942384, 13.11453995313382 ], [ 79.91229662133594, 13.114005587565638 ], [ 79.91331897519683, 13.113012121038917 ], [ 79.913875616626669, 13.111710804123282 ], [ 79.913881807776647, 13.110299754081261 ], [ 79.913336615038986, 13.108993791226995 ], [ 79.912213046272413, 13.107891734947939 ], [ 79.910885409124631, 13.107346132767782 ], [ 79.909445818028999, 13.107340045385772 ] ] ], [ [ [ 79.912846296240502, 13.11896384801412 ], [ 79.911414177581648, 13.118819488709899 ], [ 79.910034705986206, 13.119223266864779 ], [ 79.908917885622486, 13.120113712688243 ], [ 79.908207198385995, 13.121281632841921 ], [ 79.907936423742427, 13.123018918622982 ], [ 79.908420238208279, 13.124489641349774 ], [ 79.907537844671765, 13.125243694735779 ], [ 79.906853675861313, 13.126485244181714 ], [ 79.906690150562355, 13.127534351583927 ], [ 79.906946338447824, 13.128867918475683 ], [ 79.906230843416935, 13.129637818448952 ], [ 79.905763624578896, 13.130595225341384 ], [ 79.905600090561961, 13.131644331144974 ], [ 79.905796568884128, 13.132812092151473 ], [ 79.904984067465051, 13.134439097366922 ], [ 79.905013037130658, 13.136057632923402 ], [ 79.904067012426111, 13.13735156426263 ], [ 79.903779986937082, 13.13873429672956 ], [ 79.904054731444774, 13.140119423447496 ], [ 79.905185520100602, 13.142506224617479 ], [ 79.905046108217462, 13.14403885197579 ], [ 79.905642897268564, 13.145696111506433 ], [ 79.906656579286107, 13.14669820211734 ], [ 79.907984409621662, 13.147243840320565 ], [ 79.909424232366334, 13.147249954075725 ], [ 79.910720892934435, 13.146736519747328 ], [ 79.910009162383034, 13.148519981486224 ], [ 79.91005761748329, 13.149580196778997 ], [ 79.910418031774554, 13.15058097484971 ], [ 79.911616587775768, 13.151888242082348 ], [ 79.912593549474636, 13.152346138260024 ], [ 79.913664079829374, 13.152506390568581 ], [ 79.915257482436758, 13.15221707583831 ], [ 79.91645812079237, 13.151438192214158 ], [ 79.917263207091565, 13.150268321590149 ], [ 79.917550176947444, 13.148885570426222 ], [ 79.917121924612502, 13.147178977628684 ], [ 79.916480574131512, 13.146323838146165 ], [ 79.915613548345888, 13.145687971806208 ], [ 79.913875912741489, 13.145253608174324 ], [ 79.912624044245845, 13.145424799727518 ], [ 79.91167905347956, 13.145853499584454 ], [ 79.912246573992832, 13.144764748704969 ], [ 79.912453880079454, 13.142971093380616 ], [ 79.911834464364887, 13.141283731261156 ], [ 79.91177577801399, 13.139445185921328 ], [ 79.911148736842932, 13.138046775937283 ], [ 79.912166457931363, 13.136464741177202 ], [ 79.912329969265031, 13.135415629648671 ], [ 79.912180965149403, 13.134305583937243 ], [ 79.913065913841123, 13.132600838073147 ], [ 79.913123708635709, 13.131541070145321 ], [ 79.912814472834327, 13.13040434576145 ], [ 79.913599171687167, 13.129582131378141 ], [ 79.914155856080953, 13.128280818296258 ], [ 79.914162053733975, 13.126869769934476 ], [ 79.913681473155407, 13.125670550278759 ], [ 79.915006615348105, 13.124138493172801 ], [ 79.915449779371841, 13.122435569782807 ], [ 79.915174981576257, 13.121050449906932 ], [ 79.914622305097893, 13.120137820395296 ], [ 79.913823135345112, 13.119421730678965 ], [ 79.912846296240502, 13.11896384801412 ] ] ], [ [ [ 79.962063910277664, 13.129359892461977 ], [ 79.962042426561354, 13.13066516837142 ], [ 79.961289957215186, 13.129603329430818 ], [ 79.960422859367668, 13.128967609063913 ], [ 79.958685236222308, 13.128533550648461 ], [ 79.956944016420124, 13.12895353212229 ], [ 79.955572227888737, 13.130190188403366 ], [ 79.954085305137198, 13.129873556345496 ], [ 79.952672060396438, 13.130143098262613 ], [ 79.951471631719912, 13.130922168946805 ], [ 79.950566768163583, 13.132232164239937 ], [ 79.950280007065146, 13.133614969637124 ], [ 79.950555012943383, 13.135000066840236 ], [ 79.951349927213613, 13.136176586366336 ], [ 79.952543735518091, 13.136965410078121 ], [ 79.953954688641247, 13.137246442467001 ], [ 79.955026512303291, 13.137095074052692 ], [ 79.956299100153842, 13.136435057749072 ], [ 79.957133374620867, 13.135505593893685 ], [ 79.959076519962096, 13.135850498134618 ], [ 79.960128033932023, 13.135596875320122 ], [ 79.961059145773504, 13.135055018010359 ], [ 79.962133286688228, 13.133647731229585 ], [ 79.962400725925207, 13.132619310380193 ], [ 79.962367601268809, 13.131664880862623 ], [ 79.963617361464443, 13.133078723792043 ], [ 79.965303252980888, 13.133677588278658 ], [ 79.96638504025772, 13.133629861154587 ], [ 79.967406107874879, 13.133276418000802 ], [ 79.968278518925516, 13.132647698065556 ], [ 79.969059572858711, 13.131526300481804 ], [ 79.970147280348229, 13.13240247992932 ], [ 79.971165361542731, 13.132764097165518 ], [ 79.972246712422745, 13.132820495167765 ], [ 79.973298203895439, 13.132566816488149 ], [ 79.974229278598486, 13.132024908385374 ], [ 79.975147178942947, 13.130937771972865 ], [ 79.975516127029437, 13.129939971267982 ], [ 79.9755736535718, 13.128880168764649 ], [ 79.975141313798687, 13.12742818919844 ], [ 79.974232479238196, 13.126333774140669 ], [ 79.972965512699815, 13.125663534456265 ], [ 79.971533294002498, 13.125519504099668 ], [ 79.969842504936139, 13.126104822551904 ], [ 79.969037200124248, 13.126814329273342 ], [ 79.96849174956759, 13.12769155635017 ], [ 79.967442755605902, 13.126857552874494 ], [ 79.966424704660497, 13.126495922951445 ], [ 79.964984976125436, 13.126490137471666 ], [ 79.963963934579439, 13.126843573026049 ], [ 79.963091535316579, 13.127472279315914 ], [ 79.96244290731768, 13.128322114294885 ], [ 79.962063910277664, 13.129359892461977 ] ] ], [ [ [ 79.945975004623975, 13.129246004723854 ], [ 79.944535269500747, 13.129240103655196 ], [ 79.943202819658367, 13.129774634522647 ], [ 79.942180501632791, 13.130768222382027 ], [ 79.941623953306021, 13.132069606789836 ], [ 79.941617909902064, 13.13348066731603 ], [ 79.942193299465345, 13.134876583782621 ], [ 79.943207100510151, 13.135878539107214 ], [ 79.944534970498793, 13.136423990693926 ], [ 79.945974747472022, 13.136429894932961 ], [ 79.947307229478739, 13.135895352242382 ], [ 79.948329551335846, 13.134901744440224 ], [ 79.948886073042473, 13.133600343611732 ], [ 79.948892075006157, 13.132189279783153 ], [ 79.948316651473888, 13.130793375622497 ], [ 79.947302847358756, 13.129791440059421 ], [ 79.945975004623975, 13.129246004723854 ] ] ], [ [ [ 79.932345445076351, 13.130530083684759 ], [ 79.931012966707684, 13.131064548820463 ], [ 79.929814485271649, 13.132343302877734 ], [ 79.928566152338362, 13.131733772311799 ], [ 79.927133944053793, 13.13158949417371 ], [ 79.926082424264507, 13.131842980898634 ], [ 79.924881912924931, 13.132621920374028 ], [ 79.92407692509029, 13.133791823688274 ], [ 79.923790015564364, 13.135174587920647 ], [ 79.924064871695961, 13.136559702072004 ], [ 79.924859657706179, 13.137736294095662 ], [ 79.926213380391033, 13.138595235829055 ], [ 79.927986064229046, 13.138860505102166 ], [ 79.929677020481464, 13.138275476425889 ], [ 79.930868449292646, 13.137008199259352 ], [ 79.932063896809552, 13.137626250509626 ], [ 79.933496144887599, 13.137770504036704 ], [ 79.934547685211982, 13.137516988467848 ], [ 79.935748194704914, 13.136738003649368 ], [ 79.936396933596257, 13.135888245132096 ], [ 79.936766042788733, 13.134890512690891 ], [ 79.936772114568853, 13.133479454544975 ], [ 79.936411609869907, 13.132478705798881 ], [ 79.935770222824559, 13.131623611274009 ], [ 79.934803191223409, 13.130897810130675 ], [ 79.933785182006403, 13.130536053520746 ], [ 79.932345445076351, 13.130530083684759 ] ] ], [ [ [ 79.918666297091391, 13.133473825888695 ], [ 79.917234089024888, 13.133329492313402 ], [ 79.91585454149579, 13.133733295640878 ], [ 79.914737670225847, 13.134623762254311 ], [ 79.914023505128696, 13.135955330265917 ], [ 79.913876210208116, 13.137358987055963 ], [ 79.914288217751192, 13.138711039789289 ], [ 79.915196811232917, 13.139805648914058 ], [ 79.916463668055485, 13.140476166034507 ], [ 79.917895916429828, 13.140620507008713 ], [ 79.919275500889057, 13.140216695671738 ], [ 79.920392384316983, 13.139326210421821 ], [ 79.921106527726067, 13.137994623152306 ], [ 79.921253782561223, 13.136590959124431 ], [ 79.920841738580819, 13.135238914644923 ], [ 79.919933133629243, 13.134144324446989 ], [ 79.918666297091391, 13.133473825888695 ] ] ], [ [ [ 79.9188164031588, 13.15301383691753 ], [ 79.917745865542742, 13.152853605658185 ], [ 79.916513964493916, 13.15300481094584 ], [ 79.915533002895671, 13.153454431614728 ], [ 79.914727460081124, 13.15416374808431 ], [ 79.91416670812518, 13.155071676347571 ], [ 79.913899040160146, 13.156100028053084 ], [ 79.913947510881528, 13.157160243419552 ], [ 79.914307949977939, 13.158161017547689 ], [ 79.915216608182121, 13.159255630561615 ], [ 79.916143103081154, 13.159805154503426 ], [ 79.917192486605899, 13.160067454102384 ], [ 79.918544244602444, 13.159993463275811 ], [ 79.919142783435191, 13.161686263778959 ], [ 79.920466419099, 13.162872068791573 ], [ 79.92220419153476, 13.163306397776834 ], [ 79.923945698801603, 13.162886675732711 ], [ 79.925062676228961, 13.161996178347675 ], [ 79.925816868552474, 13.160604583230509 ], [ 79.925964120644437, 13.159200917896877 ], [ 79.925552022459058, 13.157848878393576 ], [ 79.924643320105218, 13.156754298689339 ], [ 79.923716814705344, 13.156204804713534 ], [ 79.922667438198459, 13.1559425324382 ], [ 79.921390288956587, 13.156037130114935 ], [ 79.921145441090744, 13.155100408216043 ], [ 79.920592675485807, 13.154187786271182 ], [ 79.919793384728294, 13.153471707056029 ], [ 79.9188164031588, 13.15301383691753 ] ] ], [ [ [ 79.935086256428946, 13.166733758785341 ], [ 79.933295369473967, 13.166640087136757 ], [ 79.931530881945079, 13.16746474116599 ], [ 79.930456414107312, 13.168871872008479 ], [ 79.930185714931412, 13.170609183022608 ], [ 79.930782727571213, 13.172266398841904 ], [ 79.932269576274891, 13.17352857418739 ], [ 79.933209308884429, 13.175136348163496 ], [ 79.934403231276249, 13.175925263761888 ], [ 79.936176193616248, 13.176190496969721 ], [ 79.937555959690542, 13.175786601494995 ], [ 79.938672954846894, 13.174896046443585 ], [ 79.939477122599428, 13.173494413071717 ], [ 79.939624311047041, 13.172090735923335 ], [ 79.939365587481575, 13.171060176618841 ], [ 79.938812720206428, 13.170147587112128 ], [ 79.937540275802945, 13.169171354986762 ], [ 79.936620626895674, 13.167643638159547 ], [ 79.935086256428946, 13.166733758785341 ] ] ], [ [ [ 79.949576572634555, 13.1702646440603 ], [ 79.948165440447752, 13.169983574494793 ], [ 79.946751958593708, 13.170253065232151 ], [ 79.945551308279406, 13.171032089742354 ], [ 79.944746273484256, 13.172202052318559 ], [ 79.944459416185822, 13.173584841024832 ], [ 79.944734415813926, 13.174969941128321 ], [ 79.945529414764621, 13.176146482703096 ], [ 79.946723385803949, 13.176935344244191 ], [ 79.948134554934484, 13.177216424469798 ], [ 79.949548076437281, 13.176946929151461 ], [ 79.950748745879679, 13.176167887502679 ], [ 79.951553768077247, 13.174997905269835 ], [ 79.951840588431963, 13.173615105903465 ], [ 79.951565549155106, 13.17223001038095 ], [ 79.95077053107633, 13.171053485944759 ], [ 79.949576572634555, 13.1702646440603 ] ] ], [ [ [ 79.944126184153149, 13.176073716462344 ], [ 79.942335221138165, 13.175980102573345 ], [ 79.9413139437967, 13.176333428936527 ], [ 79.940441307928808, 13.176962038422861 ], [ 79.93945277167451, 13.178635627717753 ], [ 79.939289330957152, 13.179684759732712 ], [ 79.939443727595588, 13.180735206329818 ], [ 79.94011719668292, 13.18198245224516 ], [ 79.940916637451821, 13.182698478191623 ], [ 79.941893780123678, 13.183156275295264 ], [ 79.943067243171015, 13.183311894194279 ], [ 79.942929255994969, 13.184394806790937 ], [ 79.943083669712394, 13.185445252217219 ], [ 79.943542633114674, 13.186406544269454 ], [ 79.944266623348724, 13.187195895854469 ], [ 79.945884777651941, 13.187953970460729 ], [ 79.947676568372628, 13.187875099451325 ], [ 79.948949445877645, 13.187215143319582 ], [ 79.94986767503238, 13.186128125469445 ], [ 79.950291464776541, 13.184779538892531 ], [ 79.95016630148703, 13.183204696324603 ], [ 79.949492776539572, 13.181957472833544 ], [ 79.948693310954766, 13.181241471892958 ], [ 79.947716160919981, 13.180783700262122 ], [ 79.946554962305584, 13.180627563737712 ], [ 79.946714416014572, 13.179190641804583 ], [ 79.946302176572857, 13.177838626477836 ], [ 79.945393309527418, 13.176744109288618 ], [ 79.944126184153149, 13.176073716462344 ] ] ], [ [ [ 79.951396153454695, 13.188583685430212 ], [ 79.949963594059795, 13.188439509173598 ], [ 79.948583770516052, 13.188843467225279 ], [ 79.947466740544456, 13.189734062441957 ], [ 79.946782559325015, 13.190975713874206 ], [ 79.946615388892596, 13.192559394841275 ], [ 79.947027648414647, 13.193911410128106 ], [ 79.947936580613472, 13.195005925406569 ], [ 79.949203811309971, 13.19567630654519 ], [ 79.950636411753933, 13.195820490100472 ], [ 79.952016272833916, 13.195416523890978 ], [ 79.953133315299212, 13.194525909921785 ], [ 79.953817477056162, 13.193284240199377 ], [ 79.953984602332099, 13.191700551177878 ], [ 79.953572306443291, 13.190348544268348 ], [ 79.952663363193125, 13.189254048007784 ], [ 79.951396153454695, 13.188583685430212 ] ] ], [ [ [ 79.963976014201236, 13.194653622512623 ], [ 79.962543406887335, 13.194509513492029 ], [ 79.961163563907064, 13.194913538120689 ], [ 79.960046545941609, 13.195804189127839 ], [ 79.959292405046838, 13.197165876014301 ], [ 79.959145301731596, 13.198569569064979 ], [ 79.95955763924033, 13.199921569462758 ], [ 79.960466650834135, 13.201016045586275 ], [ 79.961733950238752, 13.201686369261282 ], [ 79.96316659823367, 13.20183048579552 ], [ 79.964546478461997, 13.201426453218806 ], [ 79.96566350875905, 13.200535783648251 ], [ 79.966417627586722, 13.199174076499261 ], [ 79.966564690322315, 13.197770376285998 ], [ 79.966152316096981, 13.196418384362374 ], [ 79.965243293052254, 13.195323927423281 ], [ 79.963976014201236, 13.194653622512623 ] ] ], [ [ [ 79.940886968545229, 13.211304729799885 ], [ 79.939475618246377, 13.211023596228966 ], [ 79.938061891220926, 13.211293019627332 ], [ 79.936861005970343, 13.212071983716489 ], [ 79.936005781889435, 13.213291901307528 ], [ 79.935718810036562, 13.214674668518052 ], [ 79.935993787382017, 13.216059773399914 ], [ 79.936788859744908, 13.217236345299975 ], [ 79.937982988732941, 13.218025258085998 ], [ 79.939394376297074, 13.218306402659451 ], [ 79.94080814343836, 13.218036974984617 ], [ 79.942009048297137, 13.217257993976618 ], [ 79.942864259497128, 13.21603805546925 ], [ 79.943151193930802, 13.21465527746134 ], [ 79.942876176542285, 13.213270177190669 ], [ 79.942081084859652, 13.212093622622794 ], [ 79.940886968545229, 13.211304729799885 ] ] ], [ [ [ 79.943276332157041, 13.231353989961244 ], [ 79.942591998142532, 13.232595615896193 ], [ 79.942444763037997, 13.233999286784526 ], [ 79.942857050759216, 13.235351308007061 ], [ 79.943766102175658, 13.236445844774943 ], [ 79.94503352496794, 13.237116259671909 ], [ 79.946556362463866, 13.237280484075461 ], [ 79.947936466967818, 13.236876559139818 ], [ 79.949053723271007, 13.235985981058143 ], [ 79.949738036715516, 13.234744336386591 ], [ 79.949885231164103, 13.233340658273884 ], [ 79.949472906304109, 13.231988645533214 ], [ 79.948563842790435, 13.230894128031524 ], [ 79.94729643981465, 13.230223732023319 ], [ 79.945773644949568, 13.230059515196524 ], [ 79.944393577056502, 13.230463431269495 ], [ 79.943276332157041, 13.231353989961244 ] ] ], [ [ [ 79.945596510116644, 13.238693746122584 ], [ 79.944163666536582, 13.238549516236271 ], [ 79.942783547770432, 13.238953419552141 ], [ 79.941666256450503, 13.239843967265983 ], [ 79.940981887532772, 13.241085585676107 ], [ 79.94083463435841, 13.242489253641292 ], [ 79.941246923600048, 13.243841276989039 ], [ 79.942155995901686, 13.244935820606262 ], [ 79.943423455766776, 13.245606246031363 ], [ 79.944856339539683, 13.245750483062308 ], [ 79.946236494939299, 13.245346571369192 ], [ 79.947353797873888, 13.244456004663514 ], [ 79.948038146583812, 13.243214367772111 ], [ 79.948185359565315, 13.241810692662295 ], [ 79.947773033690225, 13.240458677691791 ], [ 79.946863949773913, 13.239364153066404 ], [ 79.945596510116644, 13.238693746122584 ] ] ], [ [ [ 79.960497047327323, 13.26028463412306 ], [ 79.959085388371435, 13.26000358723179 ], [ 79.957671387667432, 13.260273098649646 ], [ 79.956470305353179, 13.261052138716549 ], [ 79.955664991156908, 13.262222109388382 ], [ 79.955378049624457, 13.263604897522335 ], [ 79.95565317307414, 13.264989988477813 ], [ 79.956448485110599, 13.266166513703233 ], [ 79.957642910854744, 13.266955354151577 ], [ 79.959054607052366, 13.267236411726593 ], [ 79.960468647678795, 13.266966895643062 ], [ 79.961669749210103, 13.266187838294142 ], [ 79.962475050661041, 13.265017847847524 ], [ 79.962761954951745, 13.263635049029824 ], [ 79.962486791579636, 13.26224996274002 ], [ 79.961691460326108, 13.261073454796618 ], [ 79.960497047327323, 13.26028463412306 ] ] ], [ [ [ 79.962453374337088, 13.313029533932255 ], [ 79.96107284777942, 13.313433505045609 ], [ 79.959949836291855, 13.314331200844419 ], [ 79.958411262414756, 13.31489466979102 ], [ 79.957605265411985, 13.315604081962475 ], [ 79.957044248186122, 13.316512077188849 ], [ 79.956757226784703, 13.317894856943761 ], [ 79.957062394471507, 13.319369946027026 ], [ 79.957857870717845, 13.320546475514732 ], [ 79.959052554260523, 13.32133532602937 ], [ 79.960464562582004, 13.3216163979254 ], [ 79.961878922101974, 13.321346898231013 ], [ 79.963364458704035, 13.320253963728289 ], [ 79.965160785033021, 13.31948507395837 ], [ 79.966235793240685, 13.318077847798047 ], [ 79.966506484230976, 13.316340511302124 ], [ 79.965878947589317, 13.314633353387221 ], [ 79.965154537727827, 13.313844037691501 ], [ 79.964227363512251, 13.313294645898372 ], [ 79.962453374337088, 13.313029533932255 ] ] ], [ [ [ 79.954406829471523, 13.31819374675672 ], [ 79.952973514051649, 13.318049532190598 ], [ 79.951592946637973, 13.318453448351637 ], [ 79.950475298119116, 13.319344004499898 ], [ 79.949790717825124, 13.320585625677351 ], [ 79.949643431314811, 13.321989290340815 ], [ 79.950085869318571, 13.323431305120145 ], [ 79.950995252316375, 13.324525835552272 ], [ 79.952263136156418, 13.325196245489678 ], [ 79.953696492599178, 13.325340467068848 ], [ 79.955077097344528, 13.32493654231264 ], [ 79.956194757845651, 13.324045966941169 ], [ 79.956879317900416, 13.322804327128315 ], [ 79.957026563867345, 13.321400655305503 ], [ 79.956584086579682, 13.319958649629934 ], [ 79.955674692386836, 13.318864138237322 ], [ 79.954406829471523, 13.31819374675672 ] ] ], [ [ [ 79.92078527935459, 13.325580074876026 ], [ 79.919451686372682, 13.326114388627541 ], [ 79.918428397573905, 13.327107796721254 ], [ 79.917871198612062, 13.328409066147893 ], [ 79.917864923853614, 13.329820094041084 ], [ 79.918410537674546, 13.33112606492902 ], [ 79.919484982444331, 13.332188154503431 ], [ 79.920813819164309, 13.332733798148798 ], [ 79.922254738245698, 13.332739923656053 ], [ 79.923588363716007, 13.332205597740566 ], [ 79.924611656193264, 13.331212169253634 ], [ 79.925168827888854, 13.329910883047917 ], [ 79.925175060344529, 13.328499851758171 ], [ 79.924629413826537, 13.327193892836609 ], [ 79.923554965192807, 13.32613182460927 ], [ 79.922226156068078, 13.325586197321675 ], [ 79.92078527935459, 13.325580074876026 ] ] ], [ [ [ 79.895247718611429, 13.330534071577707 ], [ 79.893814392678067, 13.330389520173011 ], [ 79.892433681041382, 13.330793101308155 ], [ 79.891270352060189, 13.331571481075668 ], [ 79.890464481752304, 13.332741197213615 ], [ 79.89017706156794, 13.334123869653334 ], [ 79.890451856725093, 13.335509001417622 ], [ 79.891247040874319, 13.336685717774168 ], [ 79.892441558670711, 13.337474870573333 ], [ 79.893853552870894, 13.337756314127638 ], [ 79.895268052052714, 13.337487198840023 ], [ 79.896759704645135, 13.336558493224565 ], [ 79.897565560446651, 13.335388756051092 ], [ 79.89785294138548, 13.334006072210256 ], [ 79.897578104422919, 13.332620945146633 ], [ 79.896515456729944, 13.33120475046905 ], [ 79.895247718611429, 13.330534071577707 ] ] ], [ [ [ 79.981752916234882, 12.687704107705148 ], [ 79.980705376744311, 12.68744220449828 ], [ 79.979625511880045, 12.687490136925648 ], [ 79.978606315078409, 12.687843776955837 ], [ 79.977735555750357, 12.688472670268641 ], [ 79.976932386125924, 12.689642903261007 ], [ 79.97664646375992, 12.691025832783241 ], [ 79.976921325428862, 12.692410922580729 ], [ 79.977571342819317, 12.69343030692788 ], [ 79.976353337093002, 12.69333943317293 ], [ 79.975303717620193, 12.693593270607654 ], [ 79.974374340828987, 12.694135322417006 ], [ 79.973458177971835, 12.695222611228036 ], [ 79.97303554321492, 12.696571357190694 ], [ 79.973170785633457, 12.69797622884442 ], [ 79.973843324407937, 12.699223347085937 ], [ 79.974950777021434, 12.700122846398196 ], [ 79.976247169209074, 12.700574326691543 ], [ 79.977326672675659, 12.700630566081214 ], [ 79.978376320198706, 12.700376722830727 ], [ 79.97930571334112, 12.699834658342956 ], [ 79.980221871015388, 12.698747349082625 ], [ 79.98064447329935, 12.697398589275776 ], [ 79.980509189596091, 12.695993718259366 ], [ 79.979702405263438, 12.694600071893133 ], [ 79.98103450391757, 12.694589861761647 ], [ 79.982053725697469, 12.694236214378273 ], [ 79.982924496259827, 12.693607307858715 ], [ 79.983571824019407, 12.692757304868186 ], [ 79.984013540684174, 12.691054116150966 ], [ 79.983738640936821, 12.689669030744193 ], [ 79.982944813798383, 12.688492665470067 ], [ 79.981752916234882, 12.687704107705148 ] ] ], [ [ [ 80.012792648810375, 12.691543077898162 ], [ 80.011362841469506, 12.691399441599478 ], [ 80.009985884584196, 12.691803950202987 ], [ 80.00887139978559, 12.692695022691098 ], [ 80.008189054894984, 12.693937005297647 ], [ 80.008042734934889, 12.695340821255872 ], [ 80.008454724118835, 12.696692753780543 ], [ 80.009362308405258, 12.697786981649399 ], [ 80.010627318701736, 12.698456914643018 ], [ 80.012057164456095, 12.698600557707552 ], [ 80.013434156283751, 12.698196041021216 ], [ 80.014548652084798, 12.697304950336409 ], [ 80.015230977592864, 12.696062950078675 ], [ 80.01537725913947, 12.694659127354599 ], [ 80.014965235013165, 12.693307202912754 ], [ 80.0140576397243, 12.692212993240593 ], [ 80.012792648810375, 12.691543077898162 ] ] ], [ [ [ 80.017954842083455, 12.695829392010641 ], [ 80.017488968534707, 12.696787123148745 ], [ 80.017342696379131, 12.69819094757676 ], [ 80.017601409359642, 12.699221453738463 ], [ 80.018395433289882, 12.700397728808477 ], [ 80.019927426479455, 12.701306960195012 ], [ 80.021750380645457, 12.701411882006372 ], [ 80.022349409055266, 12.703118031999274 ], [ 80.023671325840567, 12.704303209627682 ], [ 80.024687814021007, 12.704664508517087 ], [ 80.026125155766437, 12.704669787990968 ], [ 80.027746310969235, 12.703924275209523 ], [ 80.028692291446944, 12.702806784450454 ], [ 80.029133736020398, 12.701103500942557 ], [ 80.028827578346565, 12.69965346107228 ], [ 80.029936289517082, 12.699826648196876 ], [ 80.031006207156153, 12.699674822436791 ], [ 80.032276323010962, 12.699014236882338 ], [ 80.033005267380759, 12.698230477087055 ], [ 80.033471087939787, 12.697272714785298 ], [ 80.033625131867254, 12.696038821248836 ], [ 80.034658827513383, 12.695194747159512 ], [ 80.035218009211874, 12.694286419475437 ], [ 80.035484551649503, 12.693257833834855 ], [ 80.035435503282059, 12.692177572433875 ], [ 80.034890396226118, 12.690871842649084 ], [ 80.033877859245806, 12.689870315091882 ], [ 80.032552042615578, 12.689325459101234 ], [ 80.031114784292043, 12.68932022066376 ], [ 80.029784885198467, 12.689855396628779 ], [ 80.028981224540217, 12.690565225805006 ], [ 80.028298979763534, 12.69180726785037 ], [ 80.028143675961189, 12.693034374111631 ], [ 80.027324972673284, 12.693633114952405 ], [ 80.02667777957771, 12.69448323518681 ], [ 80.026236333702755, 12.696186515087607 ], [ 80.02654247379499, 12.69763655695235 ], [ 80.02472846150998, 12.697544179529194 ], [ 80.024468556775702, 12.696488499026657 ], [ 80.023916277386959, 12.69557611190643 ], [ 80.023118023606713, 12.694860411677226 ], [ 80.021792208881337, 12.694315501949733 ], [ 80.020662708885439, 12.694249444626333 ], [ 80.019613115975787, 12.694503460229521 ], [ 80.01868381754322, 12.695045673892805 ], [ 80.017954842083455, 12.695829392010641 ] ] ], [ [ [ 79.980453067122554, 12.708104129637393 ], [ 79.978683300548909, 12.707839436079208 ], [ 79.976735410271658, 12.708525029425013 ], [ 79.975931552171446, 12.709234681628955 ], [ 79.97537213277262, 12.710142865280273 ], [ 79.975102487627069, 12.71188034438711 ], [ 79.975698954817545, 12.713537453837263 ], [ 79.976421806182898, 12.714326648348106 ], [ 79.977314747974773, 12.714860781498787 ], [ 79.976979706760062, 12.715790520939866 ], [ 79.976922416195478, 12.716850364189957 ], [ 79.977518904566622, 12.718507470720844 ], [ 79.979150671269593, 12.720032863009566 ], [ 79.980167144163318, 12.720394332134505 ], [ 79.981246733128458, 12.720450561923291 ], [ 79.982623881695261, 12.72004621832958 ], [ 79.983738576038292, 12.719155273712422 ], [ 79.984421111639804, 12.717913370262837 ], [ 79.98456758283649, 12.716509580366807 ], [ 79.983971051133864, 12.71485248633547 ], [ 79.983205091837362, 12.713962687298778 ], [ 79.982205990486733, 12.713264604358256 ], [ 79.98271383291123, 12.711454156500993 ], [ 79.982285637878562, 12.709747637790688 ], [ 79.981378138190607, 12.708653323773305 ], [ 79.980453067122554, 12.708104129637393 ] ] ], [ [ [ 79.979735284076128, 12.721175044921186 ], [ 79.978714888585642, 12.722168943524892 ], [ 79.978159595299985, 12.723470528917368 ], [ 79.978153948183177, 12.724881649954476 ], [ 79.978698815610983, 12.726187476941682 ], [ 79.979711253099509, 12.727189207101016 ], [ 79.981267129824019, 12.727804332775303 ], [ 79.982704582674458, 12.72780985730847 ], [ 79.984034765760441, 12.727274940885696 ], [ 79.985055164124262, 12.726281022142899 ], [ 79.9856104306307, 12.724979420364951 ], [ 79.985616036588866, 12.723568296054726 ], [ 79.985071137196002, 12.722262480783433 ], [ 79.98405869508197, 12.721260770630471 ], [ 79.982502848980303, 12.720645663567744 ], [ 79.981065436546757, 12.720640140996016 ], [ 79.979735284076128, 12.721175044921186 ] ] ], [ [ [ 79.985194673492231, 12.736079003893126 ], [ 79.984584928108248, 12.73773147189501 ], [ 79.984840712093245, 12.739470975256461 ], [ 79.985392928467277, 12.740383437517414 ], [ 79.986500592650998, 12.741282902463764 ], [ 79.988224602937208, 12.741757795936886 ], [ 79.989362436810183, 12.741695883213403 ], [ 79.988959280496843, 12.743050654041925 ], [ 79.988902024472154, 12.744110501044082 ], [ 79.989160652773464, 12.745141026394077 ], [ 79.989954665623742, 12.746317383570307 ], [ 79.99114685075206, 12.747105923592473 ], [ 79.992555706136955, 12.747386594273413 ], [ 79.993966738585527, 12.747116663818616 ], [ 79.995165122908602, 12.746337227660304 ], [ 79.995812559640228, 12.745487205084661 ], [ 79.996180743556238, 12.744489298159332 ], [ 79.996344308238747, 12.743314001580607 ], [ 79.996069306514499, 12.741928925063524 ], [ 79.995517047277474, 12.741016482071236 ], [ 79.994409349427571, 12.740117052553737 ], [ 79.993035338927768, 12.739702193654679 ], [ 79.991897513651864, 12.739764122917563 ], [ 79.992265088146368, 12.738528473385028 ], [ 79.992216225691166, 12.737468220129012 ], [ 79.991855938305093, 12.736467544476278 ], [ 79.991215256838998, 12.735612623012665 ], [ 79.989683182268877, 12.734703220281848 ], [ 79.987903162905994, 12.734499442677242 ], [ 79.986215105586581, 12.735085083647345 ], [ 79.985194673492231, 12.736079003893126 ] ] ], [ [ [ 79.998903121410905, 12.746253179814856 ], [ 79.997115167044115, 12.746160168353645 ], [ 79.996095748719867, 12.7465138582763 ], [ 79.995224816611284, 12.747142794471902 ], [ 79.994218387347658, 12.748876772006186 ], [ 79.994055594405737, 12.749926010709013 ], [ 79.994210099449347, 12.750976456189989 ], [ 79.994882864533864, 12.752223534445292 ], [ 79.995681199698524, 12.752939324106949 ], [ 79.997007243569399, 12.753484380505496 ], [ 79.998179136144032, 12.753527490836813 ], [ 79.997709084110554, 12.754690759988193 ], [ 79.997703530975912, 12.75610188626097 ], [ 79.998462828490162, 12.757693570035281 ], [ 80.000462526002465, 12.759236418923036 ], [ 79.999918203436053, 12.76029683534439 ], [ 79.999771772188566, 12.761700633622747 ], [ 80.000299931947112, 12.764096524848361 ], [ 80.000758476452759, 12.765057705167626 ], [ 80.001481544361752, 12.765846845013227 ], [ 80.002406866241202, 12.766395982394464 ], [ 80.003815843774092, 12.766676601511433 ], [ 80.00488605236184, 12.766524903724692 ], [ 80.006156572329004, 12.76586447603351 ], [ 80.007228734153543, 12.764456828410463 ], [ 80.007514606621143, 12.763073867144589 ], [ 80.007270017624393, 12.760243425040906 ], [ 80.006355372232903, 12.75873248405153 ], [ 80.005058877440533, 12.757906964670207 ], [ 80.005491748361322, 12.757003133825329 ], [ 80.005654501505404, 12.755953885468392 ], [ 80.005226098551802, 12.75424739242615 ], [ 80.004585329645096, 12.75339249781096 ], [ 80.003069340509555, 12.75222699626554 ], [ 80.002052704944447, 12.751865603999036 ], [ 80.000880818014338, 12.751822511353881 ], [ 80.001485276173312, 12.750078358717516 ], [ 80.001349871642773, 12.748673493118888 ], [ 80.00043529922462, 12.747162536018918 ], [ 79.998903121410905, 12.746253179814856 ] ] ], [ [ [ 80.007024039816116, 12.774799214626951 ], [ 80.006468750939632, 12.776100856620413 ], [ 80.006463236782693, 12.777511984391486 ], [ 80.00700834551823, 12.778817767201399 ], [ 80.008021095939, 12.779819408971584 ], [ 80.009347306693087, 12.780364414638287 ], [ 80.011235075070545, 12.780439807849756 ], [ 80.012565492772978, 12.779904765937433 ], [ 80.013586015014937, 12.778910748345 ], [ 80.01414127582197, 12.777609089424335 ], [ 80.014146747412696, 12.776197958376956 ], [ 80.013601605479707, 12.774892187780575 ], [ 80.012588849590813, 12.773890566886919 ], [ 80.011262663363524, 12.773345579216304 ], [ 80.009374947484403, 12.773270190026834 ], [ 80.008044560077636, 12.773805218172901 ], [ 80.007024039816116, 12.774799214626951 ] ] ], [ [ [ 80.016573106212263, 12.783433950049931 ], [ 80.015525134669872, 12.783172154578645 ], [ 80.014444858593635, 12.783220199004221 ], [ 80.01282314869087, 12.783965586282296 ], [ 80.01209388139624, 12.784749263133724 ], [ 80.011630922879405, 12.78564324908597 ], [ 80.011364161317886, 12.786671789619927 ], [ 80.011413097507912, 12.787732042061013 ], [ 80.012172563146876, 12.789323695948321 ], [ 80.013281504450447, 12.790223524749807 ], [ 80.013469582168227, 12.791566674831429 ], [ 80.014142537597067, 12.792813715133384 ], [ 80.015250526745859, 12.793713080432589 ], [ 80.01658169053438, 12.794121395880524 ], [ 80.016602985452579, 12.796092105195651 ], [ 80.01714818053253, 12.797397871966794 ], [ 80.018161042435523, 12.798399481740573 ], [ 80.019639509687167, 12.798967170833365 ], [ 80.019514839713594, 12.800046312728584 ], [ 80.019669465733315, 12.801096749366479 ], [ 80.020584327166247, 12.802607656354789 ], [ 80.021776868505128, 12.803396081149755 ], [ 80.023186077416554, 12.803676612570882 ], [ 80.024597406839533, 12.803406540036335 ], [ 80.02603986419463, 12.802364901892583 ], [ 80.026722456024956, 12.801122898082582 ], [ 80.026948770590153, 12.799159078029477 ], [ 80.026536556590301, 12.797807165356348 ], [ 80.025602833936006, 12.796694092669936 ], [ 80.027245790947461, 12.796114671070576 ], [ 80.028266329923184, 12.79512059841924 ], [ 80.028821559512664, 12.793818907276629 ], [ 80.028752650901467, 12.792111928312918 ], [ 80.030541220793666, 12.794029592543449 ], [ 80.031517089295491, 12.79448696641599 ], [ 80.032617456677087, 12.794645234085181 ], [ 80.032739576572098, 12.796136933684611 ], [ 80.033377551983961, 12.797337135348343 ], [ 80.03330124746013, 12.798471063575937 ], [ 80.03356009752784, 12.799501558485447 ], [ 80.034378024225973, 12.800698907826181 ], [ 80.034928246141419, 12.802038084603691 ], [ 80.035921264374409, 12.803025008223715 ], [ 80.036428229504224, 12.804178100773026 ], [ 80.037151517786654, 12.804967156650671 ], [ 80.038021348691643, 12.805490073894346 ], [ 80.038119436835558, 12.807136995601393 ], [ 80.039434427051347, 12.80943785079152 ], [ 80.040627063882994, 12.810226196313176 ], [ 80.04203633853497, 12.810506630913236 ], [ 80.043447693927845, 12.810236458760846 ], [ 80.044686255731122, 12.80941681173652 ], [ 80.045612646087974, 12.807912657272626 ], [ 80.045775283768137, 12.806863378545687 ], [ 80.045620546761711, 12.80581294970683 ], [ 80.04455739447684, 12.803755981142492 ], [ 80.043181499281204, 12.802731257043899 ], [ 80.043218803981162, 12.801798852671611 ], [ 80.042959912330602, 12.800768364472438 ], [ 80.042407365606977, 12.799856002060807 ], [ 80.041662444311726, 12.799179720709693 ], [ 80.039949858197048, 12.795912740010676 ], [ 80.0399769667155, 12.794417618709064 ], [ 80.039250751800168, 12.792870633355909 ], [ 80.039140360599731, 12.791303022968833 ], [ 80.038346374368516, 12.789227004803346 ], [ 80.037705408789449, 12.788372178341239 ], [ 80.036172844333521, 12.787463013419931 ], [ 80.034339562232105, 12.787381121917111 ], [ 80.033568385720855, 12.786512887251057 ], [ 80.032642918332172, 12.785963849728683 ], [ 80.031594915199122, 12.785702116209876 ], [ 80.030514626424591, 12.785750225889652 ], [ 80.028892939531758, 12.786495714087138 ], [ 80.027976632356811, 12.787583176853422 ], [ 80.027554088541294, 12.788932010707912 ], [ 80.027698352715092, 12.790361045846312 ], [ 80.026222987511247, 12.789503065163135 ], [ 80.024434706284637, 12.789410215979112 ], [ 80.022812980171253, 12.790155663608195 ], [ 80.021709397108594, 12.79164843746506 ], [ 80.020588261330246, 12.791338595050968 ], [ 80.020578628548733, 12.789269156723774 ], [ 80.02016646132526, 12.787917236703226 ], [ 80.018822964225905, 12.786523938743404 ], [ 80.018559807955413, 12.785398673213331 ], [ 80.018007382059523, 12.784486267305082 ], [ 80.016573106212263, 12.783433950049931 ] ] ], [ [ [ 79.973524018287989, 12.851133370790693 ], [ 79.972093359147379, 12.850989458044394 ], [ 79.970195477690609, 12.851533684637454 ], [ 79.969080122731697, 12.852424515553452 ], [ 79.96837282398937, 12.853759842467198 ], [ 79.967433096399745, 12.854305188802464 ], [ 79.966683479009049, 12.855108709856712 ], [ 79.966127781438146, 12.856410230196198 ], [ 79.966122006118866, 12.857821331686534 ], [ 79.966667041042527, 12.859127187617458 ], [ 79.967679916302018, 12.86012899077882 ], [ 79.969364029190942, 12.860727703635005 ], [ 79.971136935195872, 12.860476780926833 ], [ 79.972355944474586, 12.859677500625168 ], [ 79.973266442302034, 12.858218361753424 ], [ 79.974425569770943, 12.857725056242197 ], [ 79.975446567312602, 12.856731226816137 ], [ 79.976052217761222, 12.855309682387411 ], [ 79.975971441791273, 12.853553958543175 ], [ 79.975056697804078, 12.852042908156429 ], [ 79.973524018287989, 12.851133370790693 ] ] ], [ [ [ 79.973384095309541, 12.865133379678582 ], [ 79.9719533576218, 12.864989460329685 ], [ 79.970575391816553, 12.865393682921709 ], [ 79.969459973000909, 12.866284509989692 ], [ 79.968776911137027, 12.867526325182533 ], [ 79.96863020044573, 12.86893007728438 ], [ 79.969092182746778, 12.870452059728732 ], [ 79.970000149646054, 12.871546442710725 ], [ 79.971265871378307, 12.872216612857844 ], [ 79.972696649036067, 12.872360538948049 ], [ 79.974074651241509, 12.871956308033491 ], [ 79.975190081950799, 12.871065462370424 ], [ 79.975873124511565, 12.869823629134206 ], [ 79.976019796136256, 12.868419870067635 ], [ 79.975557773849431, 12.866897896725531 ], [ 79.974649796479611, 12.865803532056129 ], [ 79.973384095309541, 12.865133379678582 ] ] ], [ [ [ 79.980714009721623, 12.867453343160387 ], [ 79.979644622305088, 12.867293454105617 ], [ 79.97823290174729, 12.867563254089209 ], [ 79.977072866572996, 12.868205259497664 ], [ 79.976343233482666, 12.868988806015919 ], [ 79.97587684073676, 12.869946416001081 ], [ 79.975713855953288, 12.870995622347309 ], [ 79.975988829931907, 12.872380708945691 ], [ 79.976541265057392, 12.873293200143928 ], [ 79.977649438777149, 12.874192734777386 ], [ 79.979024129632734, 12.874607722573666 ], [ 79.980456046526967, 12.874474982484845 ], [ 79.981556446497692, 12.873988728221196 ], [ 79.982713161206775, 12.875807181583543 ], [ 79.98357949270239, 12.876442778289407 ], [ 79.984596582532404, 12.876804273789618 ], [ 79.986034881163306, 12.876809843570976 ], [ 79.98765727319828, 12.876064676467866 ], [ 79.988730045651522, 12.874657158000904 ], [ 79.989016188180898, 12.873274244904332 ], [ 79.988741141016774, 12.871889166646538 ], [ 79.987948660802687, 12.870676700475451 ], [ 79.987150004150678, 12.869960867631113 ], [ 79.98582339527843, 12.869415722457468 ], [ 79.98438513889154, 12.869410154657277 ], [ 79.983163515239127, 12.869881294878734 ], [ 79.982246812889912, 12.868362846797746 ], [ 79.980714009721623, 12.867453343160387 ] ] ], [ [ [ 79.998393925296227, 12.872014124649832 ], [ 79.996984378969557, 12.871733435882264 ], [ 79.99489373288408, 12.871945064079059 ], [ 79.993622634389425, 12.872605390659643 ], [ 79.992893035345233, 12.873388985877906 ], [ 79.99233742100418, 12.874690567103178 ], [ 79.992331783803309, 12.876101678201863 ], [ 79.992876990720518, 12.87740749098322 ], [ 79.993890045660621, 12.878409204789188 ], [ 79.995574352486784, 12.879007762200937 ], [ 79.997675051006922, 12.878899824267878 ], [ 79.999006025602796, 12.878364895031252 ], [ 80.000027023537555, 12.877370970417308 ], [ 80.000582606405985, 12.876069370656053 ], [ 80.000501663730901, 12.874313643915052 ], [ 79.999828591980034, 12.873066565329477 ], [ 79.998393925296227, 12.872014124649832 ] ] ], [ [ [ 80.005469467100838, 12.880174866654608 ], [ 80.004786532376045, 12.881416784813943 ], [ 80.004691701743383, 12.883171843613951 ], [ 80.005236987143078, 12.884477635804263 ], [ 80.006250121121226, 12.885479306961507 ], [ 80.007226279397059, 12.885936790304701 ], [ 80.0087885073617, 12.886122456661774 ], [ 80.00932136961805, 12.88699356600878 ], [ 80.010120144647274, 12.88770933893138 ], [ 80.011804558431677, 12.888307798897966 ], [ 80.01288528449831, 12.888259798385445 ], [ 80.013905269898359, 12.887906087338413 ], [ 80.014776670996497, 12.887277128063714 ], [ 80.015387265563049, 12.886510806810998 ], [ 80.015942795299367, 12.885209171047551 ], [ 80.01594830445319, 12.883798050758173 ], [ 80.015402963077889, 12.882492276881807 ], [ 80.014389801160647, 12.881490639143063 ], [ 80.013413644477055, 12.881033182658774 ], [ 80.012001730719376, 12.880888631839115 ], [ 80.010769824131515, 12.879510669122773 ], [ 80.0090854705238, 12.87891220655567 ], [ 80.007962836086648, 12.878879472183179 ], [ 80.00691245710594, 12.879133377048236 ], [ 80.005469467100838, 12.880174866654608 ] ] ], [ [ [ 80.019314645787603, 12.883063953563552 ], [ 80.018199300278184, 12.883954993880183 ], [ 80.017516414128025, 12.885196948694679 ], [ 80.017421668392487, 12.886952017938803 ], [ 80.017967028461939, 12.88825778862493 ], [ 80.018980230827552, 12.889259415002098 ], [ 80.021027033760859, 12.890194406871446 ], [ 80.022465424791505, 12.89019978218268 ], [ 80.023796417760252, 12.889664727895481 ], [ 80.024817374346185, 12.888670703692245 ], [ 80.025372862456862, 12.887369044968549 ], [ 80.025378319768294, 12.885957920917116 ], [ 80.024832924228093, 12.88465216304324 ], [ 80.023819714065922, 12.883650558630213 ], [ 80.022123537142988, 12.882803139002329 ], [ 80.020692651822515, 12.882659476548383 ], [ 80.019314645787603, 12.883063953563552 ] ] ], [ [ [ 80.010912209857537, 12.921423388149586 ], [ 80.009712997820984, 12.922202828478518 ], [ 80.008909144326225, 12.923373094505244 ], [ 80.008623031483921, 12.924756028001807 ], [ 80.008898225236393, 12.926141092119471 ], [ 80.009692838237342, 12.927317422402202 ], [ 80.011005902838718, 12.928195930283406 ], [ 80.012415781999934, 12.9284765665007 ], [ 80.013827826659124, 12.928206605700838 ], [ 80.015027057408318, 12.927427147971354 ], [ 80.015830898207128, 12.926256862342525 ], [ 80.016116974290213, 12.924873918359715 ], [ 80.015841741026719, 12.923488858943928 ], [ 80.015047108590394, 12.922312545832 ], [ 80.013734057538016, 12.921434059087877 ], [ 80.012324215305284, 12.921153432590616 ], [ 80.010912209857537, 12.921423388149586 ] ] ], [ [ [ 80.004274008069089, 12.926093255494571 ], [ 80.00284289594326, 12.925949478731445 ], [ 80.001464625946895, 12.926353841076379 ], [ 80.00034901947177, 12.927244783817175 ], [ 79.99928591006713, 12.928996667521547 ], [ 79.999139305841169, 12.930400440259175 ], [ 79.999551532840343, 12.931752387632363 ], [ 80.000459840967054, 12.932846686119559 ], [ 80.001725950973338, 12.933516734673594 ], [ 80.003157104797367, 12.933660520577762 ], [ 80.004535413744506, 12.933256152242244 ], [ 80.005651035046185, 12.932365192873089 ], [ 80.00671411804872, 12.930613281486446 ], [ 80.006860680463589, 12.929209501438212 ], [ 80.006448416372947, 12.927857562786969 ], [ 80.005540096968161, 12.926763284144595 ], [ 80.004274008069089, 12.926093255494571 ] ] ], [ [ [ 79.995654198704841, 12.94000330801345 ], [ 79.994223016415788, 12.939859478679503 ], [ 79.992844657920969, 12.940263788451841 ], [ 79.991728958073196, 12.941154686619658 ], [ 79.991045769623412, 12.942396546035527 ], [ 79.990899106107577, 12.943800308764018 ], [ 79.991311304219209, 12.945152266152032 ], [ 79.992219618270056, 12.946246593155534 ], [ 79.993485768118262, 12.94691668438271 ], [ 79.994916989635982, 12.947060520613404 ], [ 79.996295383814456, 12.946656202589663 ], [ 79.997411094897842, 12.945765285855847 ], [ 79.998094263553511, 12.944523408435099 ], [ 79.998240887840637, 12.943119638809865 ], [ 79.997828654045378, 12.941767689673252 ], [ 79.996920328758918, 12.940673381235749 ], [ 79.995654198704841, 12.94000330801345 ] ] ], [ [ [ 80.021103936470396, 12.955053185369737 ], [ 80.01967264380815, 12.954909488664619 ], [ 80.018294231639899, 12.955313929540781 ], [ 80.017178542990436, 12.956204937345291 ], [ 80.016495428921601, 12.957446868248079 ], [ 80.016348891667107, 12.958850653425339 ], [ 80.016841245665958, 12.96046258155487 ], [ 80.017749728355795, 12.961556830409444 ], [ 80.019016030093596, 12.962226807341953 ], [ 80.020447363606038, 12.962370510537678 ], [ 80.021825812819202, 12.961966061007896 ], [ 80.022941513599235, 12.961075034334913 ], [ 80.023624608197906, 12.959833085287768 ], [ 80.023771105970553, 12.958429293248258 ], [ 80.0232787094331, 12.956817375070964 ], [ 80.022370216808895, 12.955723144613899 ], [ 80.021103936470396, 12.955053185369737 ] ] ], [ [ [ 80.01298273875986, 12.960859487665871 ], [ 80.011932014366906, 12.961113386688721 ], [ 80.011001679220129, 12.961655490029264 ], [ 80.010084606420207, 12.962742824477054 ], [ 80.009716091970802, 12.963740715281178 ], [ 80.00965880179649, 12.964800552029061 ], [ 80.009917673516284, 12.965831062767466 ], [ 80.01047041684032, 12.966743499984327 ], [ 80.011252247046073, 12.967446682546441 ], [ 80.01040453259175, 12.968472823701303 ], [ 80.009981521117865, 12.969821582246624 ], [ 80.010116999126211, 12.971226432301449 ], [ 80.010575898930142, 12.972187610785882 ], [ 80.011899068034467, 12.973372921758639 ], [ 80.013635748041708, 12.973806555284122 ], [ 80.015048050906131, 12.973536607085164 ], [ 80.016455761432354, 12.972561663288191 ], [ 80.018295816217005, 12.973056560575133 ], [ 80.019366905690362, 12.972904868993108 ], [ 80.02034697189022, 12.972454781122265 ], [ 80.021368302182296, 12.971460801658267 ], [ 80.021924022668927, 12.970159172757006 ], [ 80.021929535689878, 12.968748059092619 ], [ 80.02138401077265, 12.967442290591608 ], [ 80.020280505637444, 12.966300656812635 ], [ 80.018474417274405, 12.965695921398252 ], [ 80.018402895351485, 12.963903494901137 ], [ 80.017943977275195, 12.962942328547763 ], [ 80.017220336303225, 12.962153200866643 ], [ 80.016294292601586, 12.961604069177712 ], [ 80.014454058042759, 12.961003223026804 ], [ 80.01298273875986, 12.960859487665871 ] ] ], [ [ [ 79.978434793939471, 12.963504314512626 ], [ 79.977024772895746, 12.963223483572174 ], [ 79.975412506357856, 12.963533226020704 ], [ 79.97421298515242, 12.964312477641952 ], [ 79.973408824377287, 12.965482608334396 ], [ 79.973122452911255, 12.966865480495661 ], [ 79.973397476088209, 12.968250566642437 ], [ 79.974192032568837, 12.969426998981888 ], [ 79.975385162401309, 12.97021567269614 ], [ 79.97679521969134, 12.970496515170563 ], [ 79.97840753069552, 12.970186767536084 ], [ 79.97960706990736, 12.969407498054247 ], [ 79.980411217225893, 12.968237347337917 ], [ 79.980697551208465, 12.966854464415377 ], [ 79.980422487979709, 12.965469382939354 ], [ 79.979627911865492, 12.964292968022066 ], [ 79.978434793939471, 12.963504314512626 ] ] ], [ [ [ 80.016803389226453, 12.975755654542334 ], [ 80.015722694419139, 12.975699491049806 ], [ 80.014671908561169, 12.975953396572757 ], [ 80.013228360855507, 12.976994883531759 ], [ 80.012455870133692, 12.978580738163695 ], [ 80.012567972454249, 12.980422739670468 ], [ 80.011994361705206, 12.981192832540037 ], [ 80.011625821984794, 12.982190723248964 ], [ 80.011620244916401, 12.983601831076596 ], [ 80.012165746303012, 12.984907617333555 ], [ 80.013179285266418, 12.985909285364936 ], [ 80.014506560404769, 12.986454336039065 ], [ 80.015587300861426, 12.986510507851625 ], [ 80.016638131226159, 12.986256601944291 ], [ 80.018141722548407, 12.985165098949565 ], [ 80.01891420192176, 12.983579227088784 ], [ 80.018839008160754, 12.981846813683658 ], [ 80.019734156002116, 12.98012921248095 ], [ 80.019739685760186, 12.978718100823027 ], [ 80.019144153672968, 12.977302328484894 ], [ 80.018130621400019, 12.976300683840066 ], [ 80.016803389226453, 12.975755654542334 ] ] ], [ [ [ 79.969814753192466, 12.978223464347971 ], [ 79.968383380031057, 12.978079478303831 ], [ 79.967004775324199, 12.9784836313962 ], [ 79.965888811374299, 12.979374396759841 ], [ 79.965005377911751, 12.980926164523707 ], [ 79.964858530260017, 12.982329895934429 ], [ 79.965270631885716, 12.983681884869062 ], [ 79.966178951823949, 12.984776301488488 ], [ 79.967445209061012, 12.985446526748515 ], [ 79.968876623120508, 12.985590521003152 ], [ 79.970255265656959, 12.985186360916833 ], [ 79.971371243070095, 12.984295577981785 ], [ 79.972254652251564, 12.982743786910435 ], [ 79.972401459132911, 12.98134004826775 ], [ 79.971989320940324, 12.979988067792151 ], [ 79.971080989744337, 12.978893670472727 ], [ 79.969814753192466, 12.978223464347971 ] ] ], [ [ [ 79.977114932749842, 12.981604335291397 ], [ 79.97570481332292, 12.981323490090361 ], [ 79.974292439673803, 12.981593218155792 ], [ 79.972892825490945, 12.982492454905335 ], [ 79.972088593813353, 12.983662575078485 ], [ 79.971802186532656, 12.985045441785259 ], [ 79.972077214447125, 12.98643052837596 ], [ 79.972871815509123, 12.987606966988695 ], [ 79.974065022985883, 12.988395651845199 ], [ 79.975475179158437, 12.988676508628492 ], [ 79.976887592642029, 12.988406777169187 ], [ 79.97828722888481, 12.987507520709116 ], [ 79.979091446799146, 12.986337380457023 ], [ 79.97937781641366, 12.984954502958516 ], [ 79.979102748440241, 12.983569421043775 ], [ 79.978308127939869, 12.98239299989034 ], [ 79.977114932749842, 12.981604335291397 ] ] ], [ [ [ 80.002383276667203, 12.982965081605807 ], [ 80.001111610803903, 12.983625399399324 ], [ 80.000194409938359, 12.984712688230875 ], [ 79.999771310601233, 12.986061422534657 ], [ 79.999906732782819, 12.987466272665221 ], [ 80.000580068503069, 12.988713362759793 ], [ 80.001738814395026, 12.989642831855679 ], [ 80.003114172509328, 12.990057738717233 ], [ 80.004546750135759, 12.989924915162849 ], [ 80.005818441495379, 12.989264582542859 ], [ 80.006735637589031, 12.988177273676564 ], [ 80.007158704644866, 12.986828525787059 ], [ 80.007023241495503, 12.98542367643727 ], [ 80.00634987999517, 12.984176601035943 ], [ 80.005191139214489, 12.983247152706817 ], [ 80.003815813445058, 12.982832259089252 ], [ 80.002383276667203, 12.982965081605807 ] ] ], [ [ [ 79.989934554707958, 12.991773367624601 ], [ 79.988503084419222, 12.991629485896665 ], [ 79.987124427568105, 12.992033742144454 ], [ 79.985818464067322, 12.993134591723694 ], [ 79.985135085839374, 12.994376418127997 ], [ 79.984988336612119, 12.995780167325419 ], [ 79.985400566164586, 12.997132132730327 ], [ 79.986309024056609, 12.998226488071854 ], [ 79.987575408260028, 12.998896623627536 ], [ 79.989006918951304, 12.999040513411684 ], [ 79.990385613060866, 12.998636250005827 ], [ 79.991691588807669, 12.997535378556833 ], [ 79.992374945600915, 12.996293533438608 ], [ 79.992521654157173, 12.994889777093032 ], [ 79.99210938796999, 12.993537820198858 ], [ 79.991200918596377, 12.992443484141173 ], [ 79.989934554707958, 12.991773367624601 ] ] ], [ [ [ 79.995124827018984, 13.000504231491131 ], [ 79.993714574815741, 13.000223475070955 ], [ 79.992302104684086, 13.000493294192184 ], [ 79.991102443934707, 13.001272612338335 ], [ 79.990168223400218, 13.002702787175981 ], [ 79.989881884719125, 13.004085677622008 ], [ 79.990157027198478, 13.005470752053489 ], [ 79.990951771357373, 13.006647144445871 ], [ 79.992145128671439, 13.007435756046737 ], [ 79.993555418592905, 13.007716523690206 ], [ 79.994967929356804, 13.007446700786335 ], [ 79.996167610535352, 13.006667366427505 ], [ 79.997101814902479, 13.005237168999971 ], [ 79.997388115995037, 13.003854267883034 ], [ 79.997112933907914, 13.002469198143467 ], [ 79.99631817108309, 13.001292823091514 ], [ 79.995124827018984, 13.000504231491131 ] ] ], [ [ [ 80.005184455971502, 13.011723300062663 ], [ 80.003394619866555, 13.011630194968275 ], [ 80.002062923896048, 13.012165090287018 ], [ 80.000854045966051, 13.013462672781856 ], [ 80.000360887061134, 13.015001400765335 ], [ 80.000409748254754, 13.016061636925468 ], [ 80.000770385157395, 13.017062311802251 ], [ 80.001678980462046, 13.018156621917777 ], [ 80.00267697798914, 13.018731314557542 ], [ 80.003100354486165, 13.020322338732123 ], [ 80.004298856859407, 13.021629177866723 ], [ 80.005575526201184, 13.022196703542996 ], [ 80.006645591459417, 13.022356534126329 ], [ 80.007716898117394, 13.022204906841944 ], [ 80.008805093686149, 13.021677044124301 ], [ 80.010314192612441, 13.022097744420611 ], [ 80.011395497584658, 13.02204979222153 ], [ 80.012858991985482, 13.021419810520973 ], [ 80.012879672614687, 13.022661806267321 ], [ 80.013240368434481, 13.023662467593416 ], [ 80.014808943075565, 13.025339267452434 ], [ 80.016136425694455, 13.025884323429519 ], [ 80.017217337125217, 13.025940500520575 ], [ 80.01859614874779, 13.025536095463144 ], [ 80.019614295676618, 13.024750163428507 ], [ 80.019960380240477, 13.025692553192368 ], [ 80.020689774277045, 13.026733559723265 ], [ 80.021798757420413, 13.027632957281373 ], [ 80.023535829999318, 13.028066550976289 ], [ 80.025429281073414, 13.027556903984806 ], [ 80.025566213301303, 13.028936584373358 ], [ 80.026025264203298, 13.029897743163978 ], [ 80.026749115286833, 13.030686858199099 ], [ 80.027675429674218, 13.031235969584651 ], [ 80.029386587587851, 13.031854371430379 ], [ 80.030825795733264, 13.031859758311782 ], [ 80.032157549286325, 13.031324719150614 ], [ 80.033179094063044, 13.030330711364249 ], [ 80.033734908428855, 13.029029067897069 ], [ 80.033740380467776, 13.027617955649385 ], [ 80.033194685990225, 13.02631220432416 ], [ 80.032180908807277, 13.025310600169934 ], [ 80.029475553160594, 13.024302211282805 ], [ 80.028394236288833, 13.024350238440512 ], [ 80.027220668929246, 13.024793119297595 ], [ 80.027083728068604, 13.023413438863374 ], [ 80.026624683055005, 13.022452282029702 ], [ 80.025570853251821, 13.021213170728915 ], [ 80.024304244301419, 13.02054320621024 ], [ 80.023234170003718, 13.020383448233568 ], [ 80.022162875931627, 13.020535140889987 ], [ 80.021182617393137, 13.020985220775007 ], [ 80.020475674356959, 13.021589872713147 ], [ 80.019730204209083, 13.020056480564691 ], [ 80.018850903059388, 13.019183235208329 ], [ 80.017924653284894, 13.018634096338999 ], [ 80.01615267458574, 13.01836949856806 ], [ 80.014330958794986, 13.0190502166638 ], [ 80.014103063970978, 13.017128983936507 ], [ 80.012760927725822, 13.015353291893826 ], [ 80.011834706579265, 13.014804133090671 ], [ 80.010424349132762, 13.014523460563318 ], [ 80.009011808100382, 13.014793365777191 ], [ 80.008026710416615, 13.015383540906125 ], [ 80.007782920250378, 13.015293505299759 ], [ 80.00763365498203, 13.01414369957774 ], [ 80.007174701916938, 13.013182514207609 ], [ 80.006450963573997, 13.012393351526354 ], [ 80.005184455971502, 13.011723300062663 ] ] ], [ [ [ 79.988725005263746, 13.014674282409183 ], [ 79.987314684043966, 13.01439348617267 ], [ 79.984373431535559, 13.014645025092715 ], [ 79.982832398014324, 13.015542527660992 ], [ 79.9819874577924, 13.016822636786907 ], [ 79.981248476457864, 13.015763000423068 ], [ 79.979945120495017, 13.014894339463158 ], [ 79.978534811598948, 13.014613496132347 ], [ 79.977122248740955, 13.014883225128012 ], [ 79.976191638521385, 13.015425181456854 ], [ 79.975461538760428, 13.016208684581443 ], [ 79.974848181291065, 13.017911373118618 ], [ 79.973656335366201, 13.01758234802751 ], [ 79.97257505456075, 13.017630143753191 ], [ 79.971243271572945, 13.018164873382062 ], [ 79.970438344368802, 13.018874416623856 ], [ 79.969878131949173, 13.01978251411902 ], [ 79.96961088097747, 13.020810962916482 ], [ 79.969866693450456, 13.022680457656545 ], [ 79.970419393898524, 13.023592974665297 ], [ 79.971218454295197, 13.024308883424187 ], [ 79.972545819286339, 13.024854155322512 ], [ 79.97362670264134, 13.024910513158183 ], [ 79.974677727441545, 13.024656792799856 ], [ 79.975877551754266, 13.023877564076804 ], [ 79.976681910764185, 13.022707444055666 ], [ 79.976957233715353, 13.021529624914255 ], [ 79.978615185428296, 13.02192650294687 ], [ 79.980027787790263, 13.021656768800536 ], [ 79.981227582119715, 13.02087751282869 ], [ 79.982072541394061, 13.019597407874958 ], [ 79.983078757231098, 13.020896435637312 ], [ 79.984345241958039, 13.021566593648272 ], [ 79.985776878505803, 13.021710510441421 ], [ 79.988697906396808, 13.021356730595249 ], [ 79.989628516004899, 13.020814729257774 ], [ 79.990358588905664, 13.020031184231568 ], [ 79.990825251772506, 13.019073575781535 ], [ 79.990988318135138, 13.018024374142541 ], [ 79.990833748461753, 13.016973936686117 ], [ 79.990374858009034, 13.016012726124591 ], [ 79.989651168833717, 13.015223520009743 ], [ 79.988725005263746, 13.014674282409183 ] ] ], [ [ [ 79.996684588635873, 13.014973346026441 ], [ 79.995252979593729, 13.01482949174949 ], [ 79.993874199937594, 13.015233774544475 ], [ 79.99260814882031, 13.016244646200878 ], [ 79.991924730946494, 13.017486486143039 ], [ 79.991777996095195, 13.018890238531785 ], [ 79.992190291874593, 13.020242196292713 ], [ 79.993098857773802, 13.02133653431053 ], [ 79.994365375320285, 13.022006645491514 ], [ 79.995797024376813, 13.022150507556765 ], [ 79.997175840791186, 13.021746217310673 ], [ 79.998441904707164, 13.020735324461576 ], [ 79.999125301553619, 13.019493465933019 ], [ 79.999271995965046, 13.018089706462357 ], [ 79.998859663606225, 13.016737757201234 ], [ 79.997951086119969, 13.015643438364512 ], [ 79.996684588635873, 13.014973346026441 ] ] ], [ [ [ 80.018405083810535, 13.083604136172394 ], [ 80.01699433186954, 13.083323472569068 ], [ 80.015362769671015, 13.083535117409602 ], [ 80.01409059985096, 13.084195459449379 ], [ 80.013360393100228, 13.084979059432493 ], [ 80.012804328579193, 13.08628063718567 ], [ 80.012798711928752, 13.08769173420221 ], [ 80.013344407154975, 13.088997524421915 ], [ 80.014342898363836, 13.089987889961693 ], [ 80.012996199379643, 13.08988750435922 ], [ 80.013033045875389, 13.088959586971605 ], [ 80.012774071057294, 13.087929078873129 ], [ 80.011711671038071, 13.086513365486544 ], [ 80.010444784760594, 13.085843315443313 ], [ 80.009012757095078, 13.085699508072869 ], [ 80.007533593762375, 13.08614383466217 ], [ 80.006586008582772, 13.086853656122953 ], [ 80.004874465642985, 13.086780202389782 ], [ 80.003250701245094, 13.087525368835948 ], [ 80.002177001215216, 13.088932863764455 ], [ 80.001909785152691, 13.089961344881175 ], [ 80.001958643673504, 13.091021576253169 ], [ 80.002399371466382, 13.092172252466861 ], [ 80.003126072986035, 13.093103456165867 ], [ 80.002896871076459, 13.094730314474219 ], [ 80.003309323386858, 13.096082260219923 ], [ 80.004218193326992, 13.097176576488701 ], [ 80.00548511614079, 13.097846659471164 ], [ 80.006927210101694, 13.097990491160909 ], [ 80.008508533046367, 13.097666654514118 ], [ 80.009439403142963, 13.097124602565671 ], [ 80.010332093583088, 13.096077717776293 ], [ 80.011985208733662, 13.097116693707878 ], [ 80.013055599152281, 13.097276520255319 ], [ 80.014127230305263, 13.097124890103489 ], [ 80.015998694790639, 13.096047231854573 ], [ 80.016647056110784, 13.095197240437457 ], [ 80.016994461306155, 13.094281422148747 ], [ 80.017419408984182, 13.095902445658307 ], [ 80.018328344327969, 13.096996716607398 ], [ 80.020126193690302, 13.097804304337837 ], [ 80.021695261936145, 13.09777849939074 ], [ 80.020706980300929, 13.098594883263543 ], [ 80.020146741614028, 13.09950308446059 ], [ 80.019836770506984, 13.101830549768234 ], [ 80.020095785482454, 13.10286105279428 ], [ 80.020648834715885, 13.10377348316657 ], [ 80.022120843060378, 13.104838658259375 ], [ 80.021072002378787, 13.105305190459996 ], [ 80.02005008222666, 13.106299119603076 ], [ 80.019423993070191, 13.107800707601712 ], [ 80.019418404579909, 13.109211805085392 ], [ 80.020178744772551, 13.110803470695847 ], [ 80.021737799921809, 13.111899538539687 ], [ 80.022145634561653, 13.11415106861867 ], [ 80.023331597462771, 13.115657173082958 ], [ 80.023378299985453, 13.116731853404765 ], [ 80.023739147902887, 13.117732505600417 ], [ 80.025514236675136, 13.120145235851055 ], [ 80.025889425396173, 13.122190978667946 ], [ 80.025791050256089, 13.12260255658817 ], [ 80.024542006698084, 13.121517106932968 ], [ 80.023165893135854, 13.12110226371242 ], [ 80.021732556443069, 13.121235135836233 ], [ 80.020696651625286, 13.121725007935297 ], [ 80.019495946891212, 13.121392272941099 ], [ 80.018062608032636, 13.121525124371443 ], [ 80.016790241796741, 13.122185464501927 ], [ 80.015872548843191, 13.12327276573795 ], [ 80.01550377129233, 13.124270637279599 ], [ 80.015498153162241, 13.125681731296682 ], [ 80.015858978783868, 13.126682392526547 ], [ 80.016768009852228, 13.127776673920266 ], [ 80.017954648389264, 13.128515842646467 ], [ 80.019004041628278, 13.128777725323378 ], [ 80.020085814000282, 13.12872977005757 ], [ 80.02137474985885, 13.128220083432382 ], [ 80.022745705340625, 13.128486522061891 ], [ 80.023817470086314, 13.128334861083895 ], [ 80.025089852949208, 13.127674487429221 ], [ 80.026011906055956, 13.126578164443282 ], [ 80.026728119816639, 13.127356773202138 ], [ 80.027701705348662, 13.127922562271305 ], [ 80.02840074504023, 13.128897435569071 ], [ 80.029196709934382, 13.129490673856962 ], [ 80.027930785073821, 13.130292884151498 ], [ 80.0270029574978, 13.131796847644576 ], [ 80.026908055821352, 13.13359188560001 ], [ 80.027668509337559, 13.135183534771 ], [ 80.028468083529802, 13.135899298105846 ], [ 80.029796175194946, 13.136444323110398 ], [ 80.03123599036617, 13.136449750130057 ], [ 80.032360845569414, 13.136035570124436 ], [ 80.034012153920983, 13.136066191086632 ], [ 80.035350681363639, 13.136840305126359 ], [ 80.034989839632473, 13.138376179655507 ], [ 80.035243718036682, 13.139701300545704 ], [ 80.034526095415188, 13.140783233631868 ], [ 80.034258939516477, 13.141811749781381 ], [ 80.034592754025894, 13.143713358149352 ], [ 80.034358897337768, 13.14465174835742 ], [ 80.034407888973419, 13.145711979723503 ], [ 80.034768816482355, 13.14671262029721 ], [ 80.035410600269017, 13.147567494606271 ], [ 80.036277971782951, 13.148202979722118 ], [ 80.037246000338413, 13.148551815029586 ], [ 80.036055961361853, 13.150043245463586 ], [ 80.035781332769915, 13.151679113079785 ], [ 80.034440494700235, 13.152582933360936 ], [ 80.033792026390685, 13.153432959617286 ], [ 80.033368750205668, 13.15478172417224 ], [ 80.033463394146295, 13.15602353622527 ], [ 80.031871486799574, 13.156595249088221 ], [ 80.030661994539599, 13.157892918056397 ], [ 80.030219527586084, 13.159596089201973 ], [ 80.030551697022062, 13.161099772617655 ], [ 80.029341482191242, 13.161605229428179 ], [ 80.02853621103111, 13.16231492461311 ], [ 80.027975838303718, 13.163223130326767 ], [ 80.027708624515981, 13.164251634309345 ], [ 80.027964923485939, 13.165991092641448 ], [ 80.029027729796908, 13.167406760926996 ], [ 80.030395076147229, 13.16812674876876 ], [ 80.032186062065733, 13.168219746150983 ], [ 80.033810300672229, 13.167474432928872 ], [ 80.034728097795067, 13.166387077285453 ], [ 80.035170549734801, 13.164683897940618 ], [ 80.034816927792434, 13.163135392502738 ], [ 80.036048562841586, 13.162624736771837 ], [ 80.037070672716709, 13.161630760107485 ], [ 80.037626811728273, 13.160329140345521 ], [ 80.037583220941073, 13.158722794097157 ], [ 80.038413052792123, 13.158505598641433 ], [ 80.039564724093069, 13.15925596260036 ], [ 80.040614274974445, 13.159517767125475 ], [ 80.042047832844631, 13.159384804853049 ], [ 80.043028624891335, 13.158934685981757 ], [ 80.043833845861997, 13.158224941512772 ], [ 80.044606785781468, 13.156639039905256 ], [ 80.044664031556124, 13.155579203507834 ], [ 80.04440487300775, 13.154548718405589 ], [ 80.043851632314741, 13.153636328642257 ], [ 80.042931599000113, 13.152849300444203 ], [ 80.043183965818343, 13.151159220180842 ], [ 80.04277122094193, 13.149807322268211 ], [ 80.041811993889155, 13.148653121418581 ], [ 80.04030629233489, 13.147923721228356 ], [ 80.041160537408345, 13.147050703457372 ], [ 80.041716617085754, 13.145749069635938 ], [ 80.04177386935946, 13.144689233677205 ], [ 80.041418492252447, 13.143457351362219 ], [ 80.041690219275168, 13.142113780987749 ], [ 80.04147423288147, 13.140893810668985 ], [ 80.042287197668259, 13.139513000663529 ], [ 80.042433770568024, 13.138109217266143 ], [ 80.042174634621816, 13.137078730434705 ], [ 80.041621437052882, 13.136166337905435 ], [ 80.040741821360712, 13.135390613438204 ], [ 80.039890650703327, 13.134977907596648 ], [ 80.040250942056275, 13.133758208905732 ], [ 80.040201923933722, 13.132697976113565 ], [ 80.039684550649199, 13.130368757341937 ], [ 80.038804013317773, 13.128947881741244 ], [ 80.039789273005596, 13.128267026534305 ], [ 80.040528760144113, 13.1272300183136 ], [ 80.04125830539401, 13.127869417843391 ], [ 80.042685458276921, 13.128566835022268 ], [ 80.043756012372967, 13.128726544508647 ], [ 80.044827771600453, 13.128574795195931 ], [ 80.046369340335445, 13.127676964466772 ], [ 80.047247021878903, 13.126308310350309 ], [ 80.047890951251958, 13.127167649405409 ], [ 80.049085059803431, 13.127956044573162 ], [ 80.050496111492933, 13.128236551764903 ], [ 80.051567866436059, 13.128084773943874 ], [ 80.05284018368819, 13.127424257847393 ], [ 80.053757740301094, 13.126336814942558 ], [ 80.054206368231149, 13.125118876942368 ], [ 80.054211765250471, 13.123707766706206 ], [ 80.053850783992289, 13.122707148559265 ], [ 80.052941596362373, 13.121612987631098 ], [ 80.052014896578825, 13.121063943403211 ], [ 80.050965490812715, 13.120802195013681 ], [ 80.049883749862431, 13.120850282919408 ], [ 80.048551533543744, 13.12138537921226 ], [ 80.047529644808876, 13.122379419213244 ], [ 80.047032982322605, 13.123421734119381 ], [ 80.045831640167378, 13.122110557726858 ], [ 80.044053587326758, 13.121325619388616 ], [ 80.042613854787959, 13.121320270164572 ], [ 80.041592923190692, 13.121674023281587 ], [ 80.040720720954823, 13.122303008392372 ], [ 80.04003355776139, 13.123232683143923 ], [ 80.039221720145051, 13.122500616510798 ], [ 80.037893676883144, 13.121955643335969 ], [ 80.036453943286261, 13.121950259418105 ], [ 80.035314019680882, 13.12237327972967 ], [ 80.034471766726341, 13.121600657825695 ], [ 80.033132974879237, 13.121054054669992 ], [ 80.032851730876317, 13.118818066138187 ], [ 80.032490843903986, 13.117817424108191 ], [ 80.031787649625073, 13.116866310697043 ], [ 80.031225856534377, 13.115452319735486 ], [ 80.029281018281651, 13.113110080535543 ], [ 80.029091621193146, 13.110978111316493 ], [ 80.028730758941748, 13.109977465277018 ], [ 80.027821731507615, 13.108883225506801 ], [ 80.026798114759515, 13.108299656067492 ], [ 80.026524278232301, 13.106948911967127 ], [ 80.025971200190682, 13.10603649240208 ], [ 80.024499166930241, 13.104971337731465 ], [ 80.025548000715645, 13.104504791018764 ], [ 80.026569892463129, 13.103510837867743 ], [ 80.027125932182301, 13.102209229771882 ], [ 80.02723958889645, 13.100913945331683 ], [ 80.026964170920664, 13.099528898009018 ], [ 80.025901640701449, 13.098113235075274 ], [ 80.024283770462432, 13.097355683951148 ], [ 80.022714704012046, 13.097381504857115 ], [ 80.023702974463006, 13.096565112407117 ], [ 80.024386486755475, 13.095323200155924 ], [ 80.024533116154714, 13.093919427452985 ], [ 80.024120548281843, 13.092567507452888 ], [ 80.023478934443389, 13.091712614098507 ], [ 80.022611786479416, 13.091077099250816 ], [ 80.021413784086988, 13.09066569180527 ], [ 80.020332589960944, 13.090609512491051 ], [ 80.019281313766001, 13.090863400306795 ], [ 80.018350487098957, 13.091405491234523 ], [ 80.017620270003761, 13.092189102290371 ], [ 80.017085524007513, 13.093408628435297 ], [ 80.016660581626923, 13.091787604525255 ], [ 80.015477144809267, 13.090492121309788 ], [ 80.016767351627877, 13.090600489388089 ], [ 80.018378636012102, 13.090286609405883 ], [ 80.019578670964691, 13.089507194839523 ], [ 80.020383070160662, 13.088336945215932 ], [ 80.020669373871172, 13.086954024648822 ], [ 80.020394002922657, 13.085568972512945 ], [ 80.019598888560552, 13.084392649413299 ], [ 80.018405083810535, 13.083604136172394 ] ] ], [ [ [ 79.969805349676022, 13.087923528838072 ], [ 79.968014999219051, 13.087830140264892 ], [ 79.966682820463987, 13.088364814800807 ], [ 79.96566077343104, 13.089358518915862 ], [ 79.965104454763647, 13.090659974453811 ], [ 79.965098564713117, 13.092071050134557 ], [ 79.965814000217009, 13.094136924489856 ], [ 79.966827750182389, 13.095138784582911 ], [ 79.968155470139905, 13.095684103560552 ], [ 79.969595020979881, 13.095689858022554 ], [ 79.97092723520791, 13.095155171205286 ], [ 79.971949288441479, 13.094161446870512 ], [ 79.972505581592856, 13.092859974830871 ], [ 79.972511429856311, 13.09144889593281 ], [ 79.971980815237856, 13.089688189134744 ], [ 79.971072121210369, 13.088593771059168 ], [ 79.969805349676022, 13.087923528838072 ] ] ], [ [ [ 79.993955042347338, 13.09190340484254 ], [ 79.992522996369217, 13.091759504189815 ], [ 79.991143777212301, 13.092163738668734 ], [ 79.990027350662245, 13.093054569058594 ], [ 79.989343680079017, 13.094296378580784 ], [ 79.989196852459088, 13.095700116939444 ], [ 79.989609229589078, 13.097052079203115 ], [ 79.990518038622042, 13.098146439558139 ], [ 79.991934925531609, 13.098926588204158 ], [ 79.993367012025942, 13.099070495025096 ], [ 79.994746267747274, 13.098666251396214 ], [ 79.99586270568247, 13.0977754015634 ], [ 79.996546355817586, 13.096533573415025 ], [ 79.996693142971154, 13.095129827975937 ], [ 79.996280728744239, 13.093777874268609 ], [ 79.995371907292323, 13.092683533171892 ], [ 79.993955042347338, 13.09190340484254 ] ] ], [ [ [ 79.977273947021985, 13.09486365820826 ], [ 79.976127258542377, 13.095794007325926 ], [ 79.974503258922695, 13.095589499789535 ], [ 79.973123995939673, 13.095993634075699 ], [ 79.972251732350259, 13.096622382666999 ], [ 79.971603223073615, 13.097472251054448 ], [ 79.971179733866137, 13.098820901604231 ], [ 79.971315006171565, 13.100225747313335 ], [ 79.971988454913031, 13.101472913003946 ], [ 79.97309755920945, 13.102372525823222 ], [ 79.974743470656989, 13.102867624180812 ], [ 79.976176705833723, 13.102735007467098 ], [ 79.977157366759457, 13.102285130297464 ], [ 79.977966570907242, 13.101570339377236 ], [ 79.979195099821368, 13.101786481315864 ], [ 79.980608162554717, 13.10151677908366 ], [ 79.981539101205314, 13.100974833495455 ], [ 79.982456845789841, 13.099887657629296 ], [ 79.982825709326562, 13.098889838525299 ], [ 79.982831501617085, 13.097478755722431 ], [ 79.982470846718016, 13.096478058699914 ], [ 79.981829375192447, 13.09562307160493 ], [ 79.980962331586227, 13.094987423637521 ], [ 79.979734386797332, 13.094515855248858 ], [ 79.978294838184823, 13.094510157867694 ], [ 79.977273947021985, 13.09486365820826 ] ] ], [ [ [ 79.966285008124075, 13.097190137927521 ], [ 79.964952774454076, 13.097724799121265 ], [ 79.963930679503108, 13.098718492276687 ], [ 79.963374327208314, 13.100019940909197 ], [ 79.963368422944427, 13.101431014793089 ], [ 79.963913874513722, 13.102736891423433 ], [ 79.964997648679599, 13.103828760928916 ], [ 79.966325408973447, 13.104374092138372 ], [ 79.967765009466703, 13.104379860566794 ], [ 79.969097275099344, 13.103845187323037 ], [ 79.970119373657369, 13.102851474103602 ], [ 79.970675699151357, 13.10155000903185 ], [ 79.970681561855301, 13.100138931896408 ], [ 79.970136078157452, 13.098833067097617 ], [ 79.969052299820646, 13.097741218719275 ], [ 79.967724566859388, 13.097195903477711 ], [ 79.966285008124075, 13.097190137927521 ] ] ], [ [ [ 79.991540680213859, 13.1064152638408 ], [ 79.990622946683942, 13.107502472654703 ], [ 79.990254098252294, 13.108500303618895 ], [ 79.990334919452863, 13.110256002735177 ], [ 79.990793956177313, 13.111217219174293 ], [ 79.991426541399051, 13.111924618750152 ], [ 79.99047675537193, 13.113222692571441 ], [ 79.990206565039912, 13.114960110184388 ], [ 79.990465464105213, 13.115990634107204 ], [ 79.991020234940009, 13.116905094419524 ], [ 79.99144894530211, 13.118612080009578 ], [ 79.992806327350593, 13.120012956582311 ], [ 79.992606466610752, 13.121590137359778 ], [ 79.992865380711223, 13.122620659576755 ], [ 79.993377165374611, 13.123478241793451 ], [ 79.99310008840196, 13.124835593228148 ], [ 79.993254700357724, 13.125886026300158 ], [ 79.993928324040283, 13.12713314538785 ], [ 79.995037623230701, 13.128032676204981 ], [ 79.996583718453394, 13.128507669390329 ], [ 79.998017100729896, 13.128374941362537 ], [ 79.998997833412076, 13.127924986415913 ], [ 79.999803063205491, 13.127215379983625 ], [ 80.000363443557703, 13.126307234745816 ], [ 80.000649917086832, 13.124924351527994 ], [ 80.000374633237712, 13.123539286987553 ], [ 79.999728471752746, 13.122525277925144 ], [ 79.999969861714661, 13.12126435734438 ], [ 79.999815221905635, 13.120183926052697 ], [ 79.999141583674046, 13.118936820933438 ], [ 79.998252295586184, 13.118167711385057 ], [ 79.998479795598399, 13.116944374048954 ], [ 79.998325163948479, 13.115893942199333 ], [ 79.997619360516694, 13.114611751785455 ], [ 79.99734450024998, 13.113219317027049 ], [ 79.996484305332828, 13.111984616463191 ], [ 79.997556553512396, 13.110353573030562 ], [ 79.9977196808522, 13.109304376713048 ], [ 79.997565054802649, 13.108253944371873 ], [ 79.996649360493024, 13.106742920633724 ], [ 79.994955104014679, 13.105763407673571 ], [ 79.993164602349296, 13.105670183682056 ], [ 79.991540680213859, 13.1064152638408 ] ] ], [ [ [ 80.006294531121128, 13.121063494857015 ], [ 80.004881372538648, 13.12133333152577 ], [ 80.003436898442743, 13.122374688876233 ], [ 80.002663826479335, 13.123960459838042 ], [ 80.00274473285549, 13.125716159709281 ], [ 80.003508404427819, 13.127143258264264 ], [ 80.004784458126196, 13.128120821820454 ], [ 80.004844677546785, 13.129956184519271 ], [ 80.005760499441919, 13.131467186202769 ], [ 80.006627733812664, 13.132102762785241 ], [ 80.007645878105578, 13.132464239428 ], [ 80.009437277289834, 13.13238490607654 ], [ 80.01041800887819, 13.131934907384506 ], [ 80.011223222462206, 13.131225264017548 ], [ 80.011783572888859, 13.130317091837565 ], [ 80.012066152092601, 13.129005087180111 ], [ 80.01332743945288, 13.127677306652007 ], [ 80.013800762607517, 13.126128575802804 ], [ 80.013665244359373, 13.124723736684805 ], [ 80.012991522920998, 13.123476662369066 ], [ 80.011882171842672, 13.122577205411872 ], [ 80.010506078728639, 13.122162295634123 ], [ 80.009054205833834, 13.12230151374051 ], [ 80.007705478417108, 13.121344230644183 ], [ 80.006294531121128, 13.121063494857015 ] ] ], [ [ [ 79.989606384463542, 13.123652348625416 ], [ 79.988173028775989, 13.123785031510103 ], [ 79.986900581679421, 13.124445217216611 ], [ 79.985982756124969, 13.125532401649174 ], [ 79.985559283755137, 13.126881075184505 ], [ 79.985694641431166, 13.128285917463407 ], [ 79.986418230044251, 13.129653054286647 ], [ 79.987527510073122, 13.130552616147176 ], [ 79.988903601068756, 13.1309676491198 ], [ 79.990336998615021, 13.130834965235547 ], [ 79.991609472002921, 13.130174764580772 ], [ 79.992527293108779, 13.1290875599184 ], [ 79.992950733016997, 13.127738872656181 ], [ 79.992815333876948, 13.1263340311619 ], [ 79.992091716849544, 13.124966910116672 ], [ 79.99098244225209, 13.124067368162516 ], [ 79.989606384463542, 13.123652348625416 ] ] ], [ [ [ 79.98192584514608, 13.125714401539968 ], [ 79.980514913203137, 13.125433524846311 ], [ 79.979101711829728, 13.12570321604063 ], [ 79.977761380356355, 13.126562416736622 ], [ 79.976956651887932, 13.127732506387025 ], [ 79.976670043359988, 13.129115353053383 ], [ 79.976945196308336, 13.130500433153001 ], [ 79.977740229748008, 13.131676879790749 ], [ 79.97893411115983, 13.132465585920293 ], [ 79.980345080181678, 13.132746473941927 ], [ 79.981758321580372, 13.132476778914477 ], [ 79.98309867439022, 13.131617559116316 ], [ 79.983903389297666, 13.130447449398757 ], [ 79.984189960080457, 13.129064591963679 ], [ 79.983914766923917, 13.127679516602853 ], [ 79.983119714045074, 13.126503087474633 ], [ 79.98192584514608, 13.125714401539968 ] ] ], [ [ [ 79.991350441917206, 13.13450524912102 ], [ 79.990432594026402, 13.135592447300994 ], [ 79.990061000538816, 13.136607592559896 ], [ 79.988842181030378, 13.137114951967343 ], [ 79.987819999886923, 13.138108732050775 ], [ 79.987255122055203, 13.139465151137738 ], [ 79.986382563942854, 13.140512394144388 ], [ 79.986013639517523, 13.141510211690118 ], [ 79.986007845244984, 13.142921291075464 ], [ 79.986553494789959, 13.144227131148662 ], [ 79.987567524816271, 13.145228927036234 ], [ 79.988955559949844, 13.145794160311866 ], [ 79.990747052409503, 13.145714964647661 ], [ 79.992288905450195, 13.144817480713833 ], [ 79.992937484164713, 13.143967567169001 ], [ 79.993317889167244, 13.142895774559419 ], [ 79.994157467417708, 13.141877550655572 ], [ 79.994525987825469, 13.14088115281106 ], [ 79.995556530042947, 13.140526257648657 ], [ 79.996428903713038, 13.139897439193858 ], [ 79.997077454763811, 13.139047512922973 ], [ 79.997446331249719, 13.138049675811692 ], [ 79.99750376861347, 13.136989862352051 ], [ 79.99724482427122, 13.13595934344985 ], [ 79.996691801955592, 13.135046866073397 ], [ 79.995582466638169, 13.134147340163345 ], [ 79.99456433681145, 13.133785816585936 ], [ 79.993332971702927, 13.133709511685618 ], [ 79.992281489621462, 13.13396327339321 ], [ 79.991350441917206, 13.13450524912102 ] ] ], [ [ [ 79.970216064064829, 13.135384484660561 ], [ 79.968805095985431, 13.135103540867544 ], [ 79.967291831918445, 13.135403162069471 ], [ 79.9658471287391, 13.13644428970836 ], [ 79.96516320511337, 13.137686013171667 ], [ 79.964999913275761, 13.138735175082758 ], [ 79.965275006393753, 13.14012026260488 ], [ 79.965827917415652, 13.141032799531157 ], [ 79.966870608992522, 13.14189298846437 ], [ 79.965433296413337, 13.142024960590041 ], [ 79.963891376264357, 13.14292227772478 ], [ 79.963086526173015, 13.144092313709917 ], [ 79.962739812072115, 13.14568513494368 ], [ 79.963014897047856, 13.147070223782542 ], [ 79.963567812917432, 13.147982765622654 ], [ 79.96436722495605, 13.148698717214069 ], [ 79.965344288279653, 13.149156419373421 ], [ 79.966776636723225, 13.149300493823194 ], [ 79.968156211546329, 13.148896417971834 ], [ 79.969342977395357, 13.147965709763781 ], [ 79.970026913322954, 13.14672397670653 ], [ 79.970173901345461, 13.145320264958182 ], [ 79.969905064683559, 13.144119726819421 ], [ 79.969352131882218, 13.143207197249183 ], [ 79.968309425685661, 13.142347017416276 ], [ 79.969746739856362, 13.142215029236773 ], [ 79.971119322403638, 13.141524938527988 ], [ 79.97219344022723, 13.140117608251765 ], [ 79.972480090917742, 13.138734770521594 ], [ 79.972325564347059, 13.137684331864094 ], [ 79.971866560642411, 13.136723086089106 ], [ 79.971142611643657, 13.135933813770684 ], [ 79.970216064064829, 13.135384484660561 ] ] ], [ [ [ 79.980083083941025, 13.142715005640579 ], [ 79.97881051692238, 13.14337514167028 ], [ 79.97789258128816, 13.144462287915523 ], [ 79.977469025436292, 13.14581094057402 ], [ 79.977604338945596, 13.147215782473014 ], [ 79.978277930499814, 13.14846293900758 ], [ 79.979387257491965, 13.149362538703167 ], [ 79.980913435961867, 13.149827621659798 ], [ 79.982346944677431, 13.149694990803738 ], [ 79.983619537442578, 13.149034839270731 ], [ 79.984537467946822, 13.147947672347614 ], [ 79.984960990616401, 13.146599005703955 ], [ 79.984825635009273, 13.145194164576615 ], [ 79.984152016726739, 13.143947023127151 ], [ 79.983042693640499, 13.143047444137634 ], [ 79.9815165511488, 13.142582376357122 ], [ 79.980083083941025, 13.142715005640579 ] ] ], [ [ [ 80.015095577310404, 13.150244201804435 ], [ 80.01368445596286, 13.149963494857399 ], [ 80.012271134764347, 13.150233360348652 ], [ 80.011070770494939, 13.151012714733966 ], [ 80.010266103635956, 13.152182912097208 ], [ 80.009979640188888, 13.153565804735436 ], [ 80.0102549986307, 13.155020861973618 ], [ 80.011050268744711, 13.156197220523163 ], [ 80.012244380918247, 13.156985786657671 ], [ 80.013655539628544, 13.157266504091091 ], [ 80.015068900737759, 13.156996633870266 ], [ 80.016269284263018, 13.156217262322869 ], [ 80.017073938597903, 13.155047045430601 ], [ 80.017360365187002, 13.153664142345967 ], [ 80.017084965196503, 13.152209089717285 ], [ 80.016289676384659, 13.151032748367752 ], [ 80.015095577310404, 13.150244201804435 ] ] ], [ [ [ 80.000225299565685, 13.154943408676891 ], [ 79.99879288491698, 13.154799516992252 ], [ 79.997413314040188, 13.155203758453563 ], [ 79.99623660640772, 13.156134592142262 ], [ 79.995552767422438, 13.157376401807413 ], [ 79.995405910314219, 13.158780136789069 ], [ 79.995818401405799, 13.160132092670111 ], [ 79.996727450537463, 13.161226444593286 ], [ 79.997994665688154, 13.161896583300869 ], [ 79.999427120458122, 13.162040482284947 ], [ 80.000806727930581, 13.161636232722143 ], [ 80.001983447681766, 13.160705379126597 ], [ 80.002667266044725, 13.159463550989798 ], [ 80.002814082822397, 13.158059808992336 ], [ 80.002401555152517, 13.156707861632981 ], [ 80.001492494497981, 13.155613528808949 ], [ 80.000225299565685, 13.154943408676891 ] ] ], [ [ [ 79.985146030299376, 13.159124403102773 ], [ 79.983734905290916, 13.158843530593085 ], [ 79.982321512053986, 13.159113225076219 ], [ 79.981121018321673, 13.159892429024675 ], [ 79.980316184262222, 13.161062519419763 ], [ 79.980009540289359, 13.162515364489966 ], [ 79.980284735186288, 13.163900441581735 ], [ 79.981079880801047, 13.16507688393154 ], [ 79.982273927544412, 13.165865585134503 ], [ 79.983685089872651, 13.166146468331268 ], [ 79.985098523099694, 13.16587676931287 ], [ 79.986299036249193, 13.165097548325232 ], [ 79.987103857958004, 13.163927438423491 ], [ 79.987410463146901, 13.162474582118604 ], [ 79.987135228614903, 13.161089509716037 ], [ 79.986340064097107, 13.159913084597703 ], [ 79.985146030299376, 13.159124403102773 ] ] ], [ [ [ 79.993405454117095, 13.16614345090243 ], [ 79.991922982450319, 13.165999516877534 ], [ 79.99054333902582, 13.166403715746137 ], [ 79.989426554859151, 13.167294513984507 ], [ 79.988742647742171, 13.168536299733415 ], [ 79.98859574071102, 13.169940026337565 ], [ 79.989008207695804, 13.171291990660521 ], [ 79.98991726221648, 13.172386366561613 ], [ 79.991184511438163, 13.173056541129933 ], [ 79.992667024509728, 13.173200482377485 ], [ 79.994046704209694, 13.172796274794079 ], [ 79.995163499617249, 13.171905457413665 ], [ 79.99584738628451, 13.170663653208601 ], [ 79.995994253049574, 13.169259919579885 ], [ 79.995581749447098, 13.167907963757518 ], [ 79.994672683285657, 13.166813606928917 ], [ 79.993405454117095, 13.16614345090243 ] ] ], [ [ [ 80.003430588597581, 13.178342627901904 ], [ 80.002625788378268, 13.179512789928026 ], [ 80.002339239541882, 13.180895665827553 ], [ 80.002614574579439, 13.182280727558167 ], [ 80.003409884813422, 13.1834571109985 ], [ 80.004604095583346, 13.184245718700392 ], [ 80.006065397065328, 13.184546488088484 ], [ 80.00747892213667, 13.184276671929149 ], [ 80.008679466353001, 13.183497348631406 ], [ 80.00948425363103, 13.182327166837888 ], [ 80.009770765178288, 13.180944280368143 ], [ 80.009495390240957, 13.179559223425134 ], [ 80.008700060739457, 13.17838285734055 ], [ 80.007505862487449, 13.177594269454465 ], [ 80.006044599281992, 13.1772935109269 ], [ 80.00463111389314, 13.17756332206185 ], [ 80.003430588597581, 13.178342627901904 ] ] ], [ [ [ 80.00469595843029, 13.186274293594799 ], [ 80.003284649827179, 13.185993516421235 ], [ 80.001751113550597, 13.186263307842653 ], [ 80.000550535651939, 13.187042595995395 ], [ 79.999745690881639, 13.188212745187702 ], [ 79.999463695937578, 13.189695125369058 ], [ 79.998812871316957, 13.191120339675116 ], [ 79.99880712780606, 13.19253141919472 ], [ 79.999567547543407, 13.194123144463648 ], [ 80.001103974875036, 13.19522568849704 ], [ 80.002515332291509, 13.195506481083784 ], [ 80.003928923683247, 13.195236689495911 ], [ 80.005129533979527, 13.194457388087816 ], [ 80.005934377031394, 13.193287222172124 ], [ 80.006215305045885, 13.191782393908394 ], [ 80.006887124511721, 13.190329596821432 ], [ 80.006892820689913, 13.188918513575306 ], [ 80.006132365522589, 13.187326807183245 ], [ 80.00469595843029, 13.186274293594799 ] ] ], [ [ [ 79.969046436479189, 13.187684528030026 ], [ 79.967635175432775, 13.187403556908329 ], [ 79.966221605046982, 13.187673148756097 ], [ 79.965020920000143, 13.188452261664642 ], [ 79.964215909567258, 13.189622286479924 ], [ 79.963929132034892, 13.191005101791253 ], [ 79.964204254706729, 13.192390188805584 ], [ 79.964999401253323, 13.193566679575211 ], [ 79.966193521962751, 13.19435546031915 ], [ 79.967604820033671, 13.194636442055632 ], [ 79.96901843009968, 13.194366845560113 ], [ 79.970219134238292, 13.193587715463861 ], [ 79.971024131990802, 13.192417670989254 ], [ 79.971310872498677, 13.191034845063138 ], [ 79.971035710146637, 13.189649762696558 ], [ 79.970240544508258, 13.188473289114633 ], [ 79.969046436479189, 13.187684528030026 ] ] ], [ [ [ 79.974346403581805, 13.193054496892616 ], [ 79.972935103901435, 13.192773552371813 ], [ 79.971521505766731, 13.193043171507803 ], [ 79.970320808078242, 13.19382230824154 ], [ 79.96951580203752, 13.194992349794902 ], [ 79.969229045267497, 13.196375172209336 ], [ 79.969504201916209, 13.197760255607829 ], [ 79.970299390483788, 13.198936732589123 ], [ 79.97149355485908, 13.199725491468294 ], [ 79.972904891587916, 13.200006446591932 ], [ 79.974318529413395, 13.199736822789639 ], [ 79.975519246184618, 13.198957668853927 ], [ 79.976324239521631, 13.197787607639592 ], [ 79.976610959243189, 13.196404774622323 ], [ 79.976335762903716, 13.195019695890133 ], [ 79.975540555253389, 13.193843236110814 ], [ 79.974346403581805, 13.193054496892616 ] ] ], [ [ [ 79.974185907256299, 13.200713572204807 ], [ 79.972753254526779, 13.200569517333347 ], [ 79.971373389315801, 13.200973595524362 ], [ 79.970256375689203, 13.201864291359628 ], [ 79.969452264895182, 13.203256006816877 ], [ 79.96930521283798, 13.204659709072237 ], [ 79.969717615148582, 13.20601169735987 ], [ 79.970626695222336, 13.207106141895165 ], [ 79.971894056353321, 13.20777641930945 ], [ 79.973326749915032, 13.207920481955266 ], [ 79.974706652607452, 13.207516396072764 ], [ 79.975823678846169, 13.206625681901297 ], [ 79.9766277675635, 13.205233944947931 ], [ 79.976774778699237, 13.203830235505334 ], [ 79.976362339430111, 13.20247825578495 ], [ 79.975453247799678, 13.201383830616908 ], [ 79.974185907256299, 13.200713572204807 ] ] ], [ [ [ 79.984156374654418, 13.207694442458283 ], [ 79.983106699177071, 13.207432397423553 ], [ 79.982024584498774, 13.207480171230179 ], [ 79.980399940184896, 13.208225123965143 ], [ 79.979669237058872, 13.209008586630016 ], [ 79.979202118270138, 13.209966131658524 ], [ 79.979086803160612, 13.211931114435945 ], [ 79.979447577177709, 13.212931818711205 ], [ 79.98035672651757, 13.214026233133486 ], [ 79.981624152155177, 13.214696466534372 ], [ 79.982839074538873, 13.214850094011469 ], [ 79.982707623763417, 13.216521279232461 ], [ 79.9822119960603, 13.217516164973853 ], [ 79.982048697074092, 13.218565332776741 ], [ 79.982203290056475, 13.219615765818292 ], [ 79.982662465447945, 13.220577001248056 ], [ 79.983386682136711, 13.221366256837754 ], [ 79.984313571780206, 13.221915560561989 ], [ 79.985483311351203, 13.222207605224394 ], [ 79.98656549159962, 13.222159821491134 ], [ 79.988190215575344, 13.221414835710288 ], [ 79.989108421316516, 13.220327676556538 ], [ 79.989532074024481, 13.218979017050827 ], [ 79.989473517878864, 13.217879929303066 ], [ 79.990017437578928, 13.216549857901336 ], [ 79.990023242436948, 13.215138784846539 ], [ 79.989662421622597, 13.214138092302022 ], [ 79.988753227927674, 13.213043707933396 ], [ 79.987485788353993, 13.212373508983715 ], [ 79.986259612544629, 13.212220401521284 ], [ 79.986421190435905, 13.211044649192354 ], [ 79.986145927850188, 13.209659577350232 ], [ 79.985350628858612, 13.208483142503795 ], [ 79.984156374654418, 13.207694442458283 ] ] ], [ [ [ 80.005252770770056, 13.213419529282142 ], [ 80.004062509322537, 13.213635077075256 ], [ 80.003081431483992, 13.21408502468217 ], [ 80.002275907707627, 13.214794617044774 ], [ 80.001715308454393, 13.21570274640821 ], [ 80.001428697258845, 13.217085614074472 ], [ 80.001583373611965, 13.218136041410776 ], [ 80.002042625186959, 13.219097247395844 ], [ 80.002766904306085, 13.219886452333602 ], [ 80.003693837244128, 13.220435688560347 ], [ 80.005105341412985, 13.220716476834754 ], [ 80.006657523905389, 13.220484918238784 ], [ 80.007570665990031, 13.220074506312638 ], [ 80.008777042079757, 13.22110271278822 ], [ 80.010515420179303, 13.22153648255305 ], [ 80.012257242831154, 13.221116181212869 ], [ 80.01354421150802, 13.220145296807395 ], [ 80.014228161210795, 13.218903451052821 ], [ 80.014374973023635, 13.217499706670093 ], [ 80.013962304885084, 13.216147772517536 ], [ 80.013052989675657, 13.215053466464092 ], [ 80.012126052732768, 13.214504263894716 ], [ 80.010714572878371, 13.21422351620132 ], [ 80.009642426438603, 13.214375094545558 ], [ 80.008559310822733, 13.214865514607721 ], [ 80.007026114358581, 13.213684296687394 ], [ 80.005252770770056, 13.213419529282142 ] ] ], [ [ [ 79.975155985310124, 13.21734357688252 ], [ 79.973723235328009, 13.217199520481607 ], [ 79.97234327578343, 13.217603596654083 ], [ 79.971226185093713, 13.218494290292695 ], [ 79.970502027067852, 13.219796004879461 ], [ 79.970354963819815, 13.221199705669475 ], [ 79.970767392854199, 13.222551693014175 ], [ 79.971676533507875, 13.223646137268823 ], [ 79.972943979853923, 13.224316415101812 ], [ 79.97437677028536, 13.224460478797635 ], [ 79.97575676674245, 13.22405639443614 ], [ 79.976873869355998, 13.223165682028814 ], [ 79.977598006260251, 13.221863947983818 ], [ 79.977745029076871, 13.22046024009749 ], [ 79.977332563374716, 13.219108261238663 ], [ 79.976423411231536, 13.218013836102656 ], [ 79.975155985310124, 13.21734357688252 ] ] ], [ [ [ 79.981895977867779, 13.232873550452851 ], [ 79.980825034890415, 13.23271355469303 ], [ 79.979597086436371, 13.23291888121196 ], [ 79.977944599220933, 13.232860165879178 ], [ 79.976611629985371, 13.233394829875104 ], [ 79.975805968299923, 13.234104327667591 ], [ 79.975121783581898, 13.235346052135544 ], [ 79.974974730160682, 13.236769755137843 ], [ 79.975387204882779, 13.238121737186578 ], [ 79.976296419856027, 13.239216169418409 ], [ 79.977915019222422, 13.239974071065173 ], [ 79.981156875202359, 13.239960474151101 ], [ 79.982536952451909, 13.239556359174863 ], [ 79.983654107569294, 13.238665621519573 ], [ 79.984427713490618, 13.237079956607813 ], [ 79.984346960753371, 13.23529427268544 ], [ 79.98343093740317, 13.233783188175293 ], [ 79.981895977867779, 13.232873550452851 ] ] ], [ [ [ 80.00332245672287, 13.233005073989744 ], [ 80.002009458257973, 13.233695291345134 ], [ 80.00093505253686, 13.235102719281098 ], [ 80.000648406223974, 13.236485582082338 ], [ 80.001077356687432, 13.238192078133775 ], [ 80.001986693505728, 13.239286427145201 ], [ 80.004023704691662, 13.240505677292337 ], [ 80.005435323222315, 13.240786471530109 ], [ 80.007177291227208, 13.240366215722544 ], [ 80.008294368703005, 13.239475364162418 ], [ 80.00897840506579, 13.238233539980435 ], [ 80.009125266248134, 13.236819803622373 ], [ 80.008712602977582, 13.235467862749903 ], [ 80.007803247266892, 13.23437353624503 ], [ 80.005806263062738, 13.233134317673986 ], [ 80.004394687386124, 13.232853528414077 ], [ 80.00332245672287, 13.233005073989744 ] ] ], [ [ [ 80.018231083221991, 13.234755125124964 ], [ 80.017208577074129, 13.235748994554049 ], [ 80.016652133553222, 13.237050543037514 ], [ 80.016646472021094, 13.238461625156184 ], [ 80.017370873842452, 13.240005022218396 ], [ 80.016312542207984, 13.240363847012881 ], [ 80.015195487029132, 13.241254735363247 ], [ 80.014634865831169, 13.242162890332553 ], [ 80.014348284517197, 13.243545772640337 ], [ 80.014623732481539, 13.244930824535745 ], [ 80.015419283894701, 13.246107183379168 ], [ 80.016613827389236, 13.246895755444287 ], [ 80.018025501750103, 13.247176483514959 ], [ 80.019767500690548, 13.246756143658061 ], [ 80.021101523432037, 13.24558100155131 ], [ 80.021568562453183, 13.244623375733902 ], [ 80.02173171979851, 13.24357417399173 ], [ 80.021576948173902, 13.242523753706493 ], [ 80.020964328922673, 13.241358485103003 ], [ 80.022047496400816, 13.240996128887561 ], [ 80.023164527595654, 13.240105208715407 ], [ 80.023725113273684, 13.23919703233511 ], [ 80.024011635552128, 13.237814134988968 ], [ 80.023856855901428, 13.236763715193142 ], [ 80.023397487943058, 13.235802541384887 ], [ 80.02202294947287, 13.234587210339242 ], [ 80.020284454470413, 13.234153511385934 ], [ 80.019212222996131, 13.234305123944601 ], [ 80.018231083221991, 13.234755125124964 ] ] ], [ [ [ 79.996856395236989, 13.235194377712689 ], [ 79.995444821793313, 13.23491353891732 ], [ 79.9940309928229, 13.23518326580129 ], [ 79.992830142345852, 13.235962495921438 ], [ 79.99202508482702, 13.237132602301607 ], [ 79.991738385753209, 13.238515451121556 ], [ 79.992013700380383, 13.239910518464775 ], [ 79.99280912347524, 13.241086939376572 ], [ 79.994003563068702, 13.241875610678099 ], [ 79.995415173780373, 13.242156460041244 ], [ 79.996829042606606, 13.241886728405129 ], [ 79.998029912205695, 13.241107480998544 ], [ 79.998834956933621, 13.239937354925575 ], [ 79.999121618812097, 13.238554495543649 ], [ 79.998846264093416, 13.237159432935121 ], [ 79.998050821956781, 13.235983029315285 ], [ 79.996856395236989, 13.235194377712689 ] ] ], [ [ [ 80.013664046332394, 13.248340228699869 ], [ 80.012331054419803, 13.248875078128258 ], [ 80.011308462933286, 13.249868917030003 ], [ 80.010751951435793, 13.251170446783695 ], [ 80.01074624964221, 13.252581524827812 ], [ 80.011292234643335, 13.253887327992352 ], [ 80.012366792125789, 13.254959057464042 ], [ 80.013695466069407, 13.255504203500879 ], [ 80.015135971536964, 13.255509769699984 ], [ 80.016468995581405, 13.254974907989517 ], [ 80.01749159047084, 13.253981048817334 ], [ 80.018048074686718, 13.252679502578507 ], [ 80.018053734441963, 13.251268421432769 ], [ 80.017507717134819, 13.249962630359271 ], [ 80.016433155898483, 13.248890922091361 ], [ 80.015104509638363, 13.2483457921251 ], [ 80.013664046332394, 13.248340228699869 ] ] ], [ [ [ 79.9761668772218, 13.265654534387998 ], [ 79.974755163101776, 13.265373570808862 ], [ 79.973341141514069, 13.265643168035652 ], [ 79.97214007577638, 13.266422283355213 ], [ 79.971334813102203, 13.26759230727275 ], [ 79.971047950205687, 13.268975118537025 ], [ 79.971323167441767, 13.270360198977009 ], [ 79.972118574136445, 13.271536681631456 ], [ 79.973313080990906, 13.272325453928531 ], [ 79.974724832390507, 13.272606428149645 ], [ 79.97613889389838, 13.272336826208511 ], [ 79.977339978812083, 13.271557693579876 ], [ 79.978145228685122, 13.270387649897961 ], [ 79.978432054302033, 13.269004827991704 ], [ 79.9781567971458, 13.267619752266063 ], [ 79.977361371275094, 13.266443286920687 ], [ 79.9761668772218, 13.265654534387998 ] ] ], [ [ [ 79.984376176959245, 13.27527356225244 ], [ 79.98294308123134, 13.275129533255063 ], [ 79.981562799382004, 13.275533634853291 ], [ 79.980445458863997, 13.276424348085076 ], [ 79.979761162145138, 13.277666074067747 ], [ 79.979614091613485, 13.279069775279195 ], [ 79.980026646168582, 13.280421752462269 ], [ 79.980936026070353, 13.281516177503178 ], [ 79.982203788971063, 13.282186429974868 ], [ 79.983636925042063, 13.282330466009837 ], [ 79.985017243559597, 13.281926355901204 ], [ 79.98613459559121, 13.281035623596297 ], [ 79.986818871924541, 13.279793879150555 ], [ 79.986965902113084, 13.278390170901513 ], [ 79.986553310889789, 13.277038202228846 ], [ 79.985643919474413, 13.275943796261057 ], [ 79.984376176959245, 13.27527356225244 ] ] ], [ [ [ 79.995459161481222, 13.277065216822166 ], [ 79.994540750589678, 13.278152380848104 ], [ 79.994116998087264, 13.2795010371625 ], [ 79.994252423579724, 13.280905868052262 ], [ 79.994926418798016, 13.282153000568881 ], [ 79.996036379727471, 13.283052566850367 ], [ 79.997473324679589, 13.283477611828529 ], [ 79.998907617613398, 13.283344945073138 ], [ 80.000180892064677, 13.282684764539674 ], [ 80.001099297895806, 13.281597579973949 ], [ 80.00152301719865, 13.280248909774025 ], [ 80.001387549684139, 13.278844079734441 ], [ 80.000713528086081, 13.277596962309168 ], [ 79.999603571723796, 13.276697416578902 ], [ 79.998166661189444, 13.276272385974151 ], [ 79.996732409980481, 13.276405051551372 ], [ 79.995459161481222, 13.277065216822166 ] ] ], [ [ [ 80.021656427775696, 13.287964250349129 ], [ 80.02024451564634, 13.287683526584095 ], [ 80.018720396127733, 13.287953369843432 ], [ 80.017519344261757, 13.288732700370042 ], [ 80.0167142068034, 13.289902876044373 ], [ 80.016427561440736, 13.291285752507171 ], [ 80.016703055439521, 13.292670801636199 ], [ 80.017498755994396, 13.293847161205598 ], [ 80.018693529045166, 13.294635737363018 ], [ 80.020105478414365, 13.294916472254776 ], [ 80.021629641050197, 13.294646623754989 ], [ 80.022830711668547, 13.293867275287388 ], [ 80.023635835653096, 13.292697079484313 ], [ 80.023922442990752, 13.291314192329333 ], [ 80.023646908423956, 13.289929148135522 ], [ 80.022851188247799, 13.288752806270615 ], [ 80.021656427775696, 13.287964250349129 ] ] ], [ [ [ 80.018095879473222, 13.306123402418581 ], [ 80.016662569991396, 13.30597954949471 ], [ 80.015282152182763, 13.306383824681099 ], [ 80.014079200266735, 13.30719265766391 ], [ 80.013273979710462, 13.308362815373073 ], [ 80.01298728580754, 13.309745683107957 ], [ 80.013262773225193, 13.311130734079667 ], [ 80.014058510173641, 13.312307105781612 ], [ 80.015253357059919, 13.313095702509511 ], [ 80.016665406462977, 13.313376463271316 ], [ 80.018079678537603, 13.313106642498722 ], [ 80.019610856445325, 13.312147315778393 ], [ 80.020416061850838, 13.310977137080858 ], [ 80.020702716157999, 13.309594258263578 ], [ 80.020427186970139, 13.308209212374724 ], [ 80.019363881022471, 13.306793484653699 ], [ 80.018095879473222, 13.306123402418581 ] ] ], [ [ [ 80.003260522728596, 13.30732329681938 ], [ 80.00181488916337, 13.308364551803749 ], [ 80.001010661063489, 13.310146011306342 ], [ 80.000568623232965, 13.309232906663633 ], [ 79.999844108315557, 13.308443682643592 ], [ 79.998916866018305, 13.307894413085867 ], [ 79.997866748227466, 13.307632398886462 ], [ 79.996784187015379, 13.307680203366466 ], [ 79.995762407825538, 13.308033709526661 ], [ 79.994679403097223, 13.308822472555642 ], [ 79.994027426115935, 13.309678343111287 ], [ 79.992316833337924, 13.309062413499694 ], [ 79.991234266418004, 13.309110193797988 ], [ 79.990212474684782, 13.309463676598979 ], [ 79.989094998220253, 13.310354416595841 ], [ 79.988410635652713, 13.311596158918311 ], [ 79.988263579414109, 13.312999863563146 ], [ 79.988676226254015, 13.314351830747084 ], [ 79.989408236692256, 13.315296830331377 ], [ 79.990276039214848, 13.315932496834698 ], [ 79.99129489768896, 13.316294086266065 ], [ 79.992735751943584, 13.316299804570132 ], [ 79.994361107314759, 13.315554828346453 ], [ 79.995295241468583, 13.314435774075337 ], [ 79.996193802797549, 13.314846484793296 ], [ 79.997265116685625, 13.315006441454964 ], [ 79.999007633390406, 13.31458628242218 ], [ 80.000552142509477, 13.313251285778415 ], [ 80.001139343702974, 13.311754039838837 ], [ 80.00203838309001, 13.313216972061642 ], [ 80.003313191759133, 13.314075623343031 ], [ 80.004725228150605, 13.314356449900094 ], [ 80.006467731020777, 13.313936238424915 ], [ 80.007585167007605, 13.313045418913465 ], [ 80.008269440276251, 13.311803618438438 ], [ 80.008416380872859, 13.31039989386848 ], [ 80.008003627196473, 13.309047951055948 ], [ 80.007094025210478, 13.307953609174218 ], [ 80.006086766992809, 13.307334365511576 ], [ 80.00467476857709, 13.30705354912471 ], [ 80.003260522728596, 13.30732329681938 ] ] ], [ [ [ 79.981450991924774, 13.311024835459422 ], [ 79.980428004951378, 13.312018518055343 ], [ 79.979871167623557, 13.313319952218457 ], [ 79.979865259276906, 13.314731009969746 ], [ 79.980411188494074, 13.31603687124969 ], [ 79.981525849968548, 13.317108728760759 ], [ 79.982854771119847, 13.317654052373012 ], [ 79.984295629645814, 13.317659819130691 ], [ 79.985629058803553, 13.317125150407655 ], [ 79.986652049137405, 13.316131447271051 ], [ 79.987208858902846, 13.314829996381851 ], [ 79.987214724766886, 13.313418935413331 ], [ 79.986668762795517, 13.312113086293923 ], [ 79.985554098211779, 13.311041250957055 ], [ 79.984225204926304, 13.310495943349128 ], [ 79.982784388794713, 13.310490179235067 ], [ 79.981450991924774, 13.311024835459422 ] ] ], [ [ [ 79.985417221019134, 13.333424519424799 ], [ 79.984005105877443, 13.333143579581737 ], [ 79.982590691972149, 13.333413199167829 ], [ 79.981389302303327, 13.334192332080404 ], [ 79.980583833386163, 13.335362366169983 ], [ 79.980296913358345, 13.336745178655763 ], [ 79.980572231321517, 13.338130251183978 ], [ 79.981367881311371, 13.339306717983391 ], [ 79.98256273700342, 13.340095468872248 ], [ 79.983974889650824, 13.340376419372145 ], [ 79.985389343681334, 13.340106795004905 ], [ 79.986590752590061, 13.339327644673935 ], [ 79.987396208591349, 13.338157590732163 ], [ 79.987683091113439, 13.336774767589549 ], [ 79.987407733025051, 13.33538969984248 ], [ 79.986612063795292, 13.334213250461467 ], [ 79.985417221019134, 13.333424519424799 ] ] ], [ [ [ 80.017946447464311, 13.408963462664577 ], [ 80.016664706364409, 13.408803564977974 ], [ 80.015249867839259, 13.409073337097047 ], [ 80.014048178943611, 13.409852601528106 ], [ 80.013242581746752, 13.411022726131616 ], [ 80.01295572395874, 13.412405574362474 ], [ 80.013231285267054, 13.413790622414721 ], [ 80.014027322703996, 13.414967008213125 ], [ 80.015222650960254, 13.415755633875168 ], [ 80.016635289302414, 13.416036433971456 ], [ 80.018260171145798, 13.415766655966266 ], [ 80.019461878678314, 13.414987372919965 ], [ 80.020267461792415, 13.413817227651549 ], [ 80.020554280607755, 13.412434368490191 ], [ 80.020278677753112, 13.41104932550536 ], [ 80.019214965347814, 13.409633577414024 ], [ 80.017946447464311, 13.408963462664577 ] ] ], [ [ [ 80.009857436718775, 13.411944410737201 ], [ 80.008444832565573, 13.411663574792643 ], [ 80.007029971235852, 13.41193329895844 ], [ 80.005828243798149, 13.412712521236026 ], [ 80.00494259694598, 13.414012614739983 ], [ 80.004655687570406, 13.415395449662322 ], [ 80.004931202823002, 13.416780503391289 ], [ 80.005727206751899, 13.417956912992269 ], [ 80.00692251915558, 13.418745576960289 ], [ 80.008335161718847, 13.419026424031186 ], [ 80.009750064223226, 13.418756695477665 ], [ 80.010951811839789, 13.417977456089952 ], [ 80.011837443973008, 13.416677340648373 ], [ 80.012124314902564, 13.415294494943735 ], [ 80.011848758932956, 13.413909446164949 ], [ 80.011052735706855, 13.41273305436934 ], [ 80.009857436718775, 13.411944410737201 ] ] ], [ [ [ 79.997934995085458, 13.416253587717939 ], [ 79.996520099088926, 13.416523250131309 ], [ 79.995318317524024, 13.417302418081263 ], [ 79.994512606553286, 13.418472474113976 ], [ 79.994225631197153, 13.419855292130713 ], [ 79.994501089041478, 13.421240352938 ], [ 79.995327052359386, 13.422486792796644 ], [ 79.996522348540694, 13.423275504987899 ], [ 79.997935000866235, 13.423556411243636 ], [ 79.999349937631251, 13.423286743819119 ], [ 80.000551738784992, 13.42250755819226 ], [ 80.00135743681075, 13.421337482119277 ], [ 80.001644374323121, 13.419954653402121 ], [ 80.001368875880047, 13.41856959748818 ], [ 80.000542891851779, 13.417323175794122 ], [ 79.999347609173412, 13.416534483444501 ], [ 79.997934995085458, 13.416253587717939 ] ] ], [ [ [ 79.999071628908737, 13.427223698772371 ], [ 79.997953607471572, 13.428114433640532 ], [ 79.9972689115489, 13.429356168237897 ], [ 79.997121784376063, 13.430759863767506 ], [ 79.997534633588998, 13.43211182183606 ], [ 79.998444614676714, 13.433206217201477 ], [ 79.999813194789766, 13.433946434392233 ], [ 80.001247238258188, 13.434090433431782 ], [ 80.002628416445674, 13.433686291199468 ], [ 80.003746449454738, 13.432795536571522 ], [ 80.004431124389171, 13.431553783054927 ], [ 80.004578210191326, 13.430150080404808 ], [ 80.00416532324077, 13.428798131147223 ], [ 80.003255329867187, 13.427703755416545 ], [ 80.001886771828637, 13.426963558301198 ], [ 80.00045276974005, 13.426819565757025 ], [ 79.999071628908737, 13.427223698772371 ] ] ], [ [ [ 80.002212739860411, 13.436649568120917 ], [ 80.000831543819729, 13.43705370674647 ], [ 79.999713480118388, 13.437944446008091 ], [ 79.999028761310768, 13.439186183116835 ], [ 79.998881634121318, 13.440589878895539 ], [ 79.999294506195938, 13.441941834912505 ], [ 80.000227097954493, 13.443099085384125 ], [ 79.999695241046254, 13.444945345441374 ], [ 79.999849982346291, 13.445995764991562 ], [ 80.000309590990668, 13.446956987024194 ], [ 80.001034488599657, 13.447746230435378 ], [ 80.001962248193124, 13.448295524214311 ], [ 80.0037372807693, 13.448560429979135 ], [ 80.005118540406002, 13.448156280028781 ], [ 80.006236635979477, 13.447265519379298 ], [ 80.006921345068164, 13.446023762459559 ], [ 80.007068431422113, 13.444620059545976 ], [ 80.006655511347859, 13.443268113204079 ], [ 80.00584288933311, 13.442260883039264 ], [ 80.006374692707766, 13.440414605912261 ], [ 80.006219924509224, 13.439364188183673 ], [ 80.005760303790439, 13.438402975739022 ], [ 80.004314825603672, 13.437067500765734 ], [ 80.00329544935073, 13.436705930015714 ], [ 80.002212739860411, 13.436649568120917 ] ] ], [ [ [ 80.046372705325723, 12.780153759058177 ], [ 80.044963590222309, 12.779873358599753 ], [ 80.043552407034255, 12.780143551546965 ], [ 80.042353987311856, 12.780923204475828 ], [ 80.041550775626121, 12.782093625912342 ], [ 80.041265056361524, 12.78347663391621 ], [ 80.041550333841627, 12.784981680263348 ], [ 80.042344711232161, 12.786157903177566 ], [ 80.043537253996362, 12.786946229779552 ], [ 80.044946405619839, 12.787226640374138 ], [ 80.046357627768089, 12.786956442789952 ], [ 80.047556066358595, 12.786176773165231 ], [ 80.048359266012909, 12.785006332753927 ], [ 80.048644949557499, 12.783623314613077 ], [ 80.048359630422169, 12.782118272921755 ], [ 80.047565235112131, 12.780942066691988 ], [ 80.046372705325723, 12.780153759058177 ] ] ], [ [ [ 80.026772799362305, 12.806265688159291 ], [ 80.025856405943372, 12.80735313615685 ], [ 80.025488225537913, 12.808351081678575 ], [ 80.025482802817365, 12.809762214099537 ], [ 80.025843307920852, 12.810762855736508 ], [ 80.027041019157551, 12.81206954767072 ], [ 80.029341860957487, 12.81285341716741 ], [ 80.028943723365614, 12.814152004454664 ], [ 80.028992729928262, 12.815212257161772 ], [ 80.029353255393289, 12.816212895136308 ], [ 80.029994254705954, 12.817067743162058 ], [ 80.031526965340376, 12.81797695322318 ], [ 80.03259619542608, 12.818136618747548 ], [ 80.033581031832284, 12.818005522640714 ], [ 80.033067235025456, 12.819037213590599 ], [ 80.032920927235793, 12.820441035004224 ], [ 80.033179791536199, 12.821471530088427 ], [ 80.033974230024398, 12.822647780414558 ], [ 80.03516690718088, 12.823436153119664 ], [ 80.036215068090556, 12.823697883087023 ], [ 80.037295519690005, 12.823649761627809 ], [ 80.038484050018084, 12.823197463012679 ], [ 80.037640250974874, 12.824403541179107 ], [ 80.037354446022405, 12.825786535668607 ], [ 80.037629732342666, 12.827171583463903 ], [ 80.038752303906278, 12.829273962451312 ], [ 80.040186925904635, 12.830326180512955 ], [ 80.041235121478579, 12.830587892725701 ], [ 80.042253311581433, 12.830548587988662 ], [ 80.042292514365414, 12.831672425115565 ], [ 80.042653112357371, 12.832673049031898 ], [ 80.043294196526816, 12.833527869741303 ], [ 80.04416055854044, 12.834163268975146 ], [ 80.04517758706136, 12.8345245247296 ], [ 80.046257693504145, 12.834580524511306 ], [ 80.047307856039694, 12.834326445193387 ], [ 80.048237631849915, 12.83378416853612 ], [ 80.049166946543323, 12.832790394174779 ], [ 80.049722168826491, 12.831488660843062 ], [ 80.049727465951875, 12.830077520657863 ], [ 80.049366842230938, 12.829076904544314 ], [ 80.048458649531909, 12.827982778709215 ], [ 80.047533001307968, 12.827433782205405 ], [ 80.046484810204774, 12.827172095503522 ], [ 80.045282310529132, 12.827249778939308 ], [ 80.045140834915955, 12.825952977670505 ], [ 80.044296805175108, 12.824106964601549 ], [ 80.043098946827627, 12.82280034200047 ], [ 80.042122949062104, 12.822343002780412 ], [ 80.041053692553589, 12.822183374339403 ], [ 80.0391459002484, 12.822702552397955 ], [ 80.039983831523145, 12.82157674479364 ], [ 80.040351979430582, 12.820578777273955 ], [ 80.040409063083644, 12.819518910749908 ], [ 80.040150170258812, 12.818488420679516 ], [ 80.039597600154096, 12.817576051558778 ], [ 80.038489419086233, 12.816676776594791 ], [ 80.037114914802814, 12.816262114197848 ], [ 80.035779388099499, 12.816371953107605 ], [ 80.036411885461675, 12.814968825177509 ], [ 80.036330680856366, 12.813213084888391 ], [ 80.035871923842009, 12.812251953791874 ], [ 80.035148620698834, 12.811462893631578 ], [ 80.034223062488081, 12.810913855934309 ], [ 80.033010589812719, 12.810643592245679 ], [ 80.033276207922597, 12.809617981393357 ], [ 80.033227182726733, 12.808557727835394 ], [ 80.032467531967924, 12.806966123212632 ], [ 80.031359422011832, 12.806066822626969 ], [ 80.029474995115251, 12.80547212878793 ], [ 80.028043476994142, 12.805605167305327 ], [ 80.026772799362305, 12.806265688159291 ] ] ], [ [ [ 80.049632792323393, 12.811622958642428 ], [ 80.047844335469605, 12.811530256816521 ], [ 80.046222521256965, 12.812275842152058 ], [ 80.045150341981838, 12.813683644354681 ], [ 80.04488100425705, 12.815421208207692 ], [ 80.045159913704069, 12.816511695201974 ], [ 80.045954396622747, 12.817687912626814 ], [ 80.046820714666367, 12.818323300500047 ], [ 80.048032839701051, 12.818713671957184 ], [ 80.048139280581637, 12.82030711894075 ], [ 80.049054379882804, 12.821817941853988 ], [ 80.050587194580615, 12.822727047421226 ], [ 80.052253332368579, 12.822894128820984 ], [ 80.051817904442018, 12.824001422841524 ], [ 80.051760865967523, 12.825061294776402 ], [ 80.052518740136719, 12.828296249029201 ], [ 80.051325936682616, 12.829583420655823 ], [ 80.050884351387168, 12.831286719663634 ], [ 80.051243130717538, 12.832846479323628 ], [ 80.051192489786203, 12.834432546413275 ], [ 80.052161068739593, 12.838349258796004 ], [ 80.051853302799003, 12.839462296363713 ], [ 80.051902402726299, 12.840522549929684 ], [ 80.0522095961216, 12.841691762972019 ], [ 80.053004183862029, 12.842867964715731 ], [ 80.054197017318273, 12.843656260760183 ], [ 80.055628366920203, 12.843935660570486 ], [ 80.055520573355764, 12.845191326781318 ], [ 80.055962127823634, 12.8465912816956 ], [ 80.055032902277119, 12.846172950520337 ], [ 80.053963534188057, 12.846013367253038 ], [ 80.052893001062358, 12.846165241653241 ], [ 80.051913492732965, 12.846615494666223 ], [ 80.05110936113087, 12.84732535205341 ], [ 80.050549856852811, 12.848233683183324 ], [ 80.050270500254697, 12.850071247851353 ], [ 80.050682908237633, 12.851423133057009 ], [ 80.051591187919939, 12.852517255848102 ], [ 80.052857064335413, 12.853187041945143 ], [ 80.054287814985429, 12.853330518629795 ], [ 80.05610655632259, 12.852704491426309 ], [ 80.05731433243389, 12.851406562142062 ], [ 80.057755920147002, 12.849703254322701 ], [ 80.057297924642967, 12.847948745627477 ], [ 80.058815324760459, 12.848447928646767 ], [ 80.060378086774975, 12.848269274031056 ], [ 80.062027924298604, 12.848490516868148 ], [ 80.063405685500982, 12.848085796202296 ], [ 80.064520717721521, 12.847194538784484 ], [ 80.065080171371775, 12.846286174167922 ], [ 80.065365858254921, 12.844903142669494 ], [ 80.0648681313438, 12.843083139958743 ], [ 80.06509675426166, 12.842157573193406 ], [ 80.065047599018058, 12.841097318364307 ], [ 80.064256740963415, 12.839472070724021 ], [ 80.065435439997501, 12.839767947828193 ], [ 80.066515963592721, 12.83971971071896 ], [ 80.067846605519236, 12.839184405581856 ], [ 80.068650666287738, 12.838474491467629 ], [ 80.069210084201842, 12.837566115113301 ], [ 80.069476684114022, 12.836537507039065 ], [ 80.069427509862848, 12.835477251395735 ], [ 80.068898244690402, 12.834198435403783 ], [ 80.070057277495621, 12.834956366662762 ], [ 80.071556733035649, 12.835256654987845 ], [ 80.072968208209105, 12.834986332324247 ], [ 80.074166811407594, 12.834206554431082 ], [ 80.075093135453315, 12.832702293077977 ], [ 80.075255675647924, 12.831652990709003 ], [ 80.07511305574819, 12.830651294644492 ], [ 80.076736650717692, 12.830074340980071 ], [ 80.077757155942464, 12.829080074945637 ], [ 80.078312226013935, 12.827778270154786 ], [ 80.078262819182015, 12.826150158167051 ], [ 80.079285761510846, 12.825795700578322 ], [ 80.080400638760352, 12.824904363735431 ], [ 80.081083043153967, 12.823662206671548 ], [ 80.081229089104752, 12.82225834037731 ], [ 80.080816550870537, 12.820906492199548 ], [ 80.079908241282922, 12.819812466954133 ], [ 80.078642444597989, 12.819142816072311 ], [ 80.077493168879599, 12.81897333545902 ], [ 80.076081787294854, 12.81924368916418 ], [ 80.074639414510258, 12.820285607899889 ], [ 80.073867850121019, 12.821871723343369 ], [ 80.073916503274972, 12.823496944704374 ], [ 80.073682143860964, 12.823553675077212 ], [ 80.07312738458053, 12.822635671062365 ], [ 80.07232860923294, 12.821920088374027 ], [ 80.071002029181528, 12.821375376489398 ], [ 80.069564009498947, 12.821370294646368 ], [ 80.067942184453031, 12.822116013370863 ], [ 80.066870073863001, 12.82352390855233 ], [ 80.066584427000095, 12.82494694609043 ], [ 80.066859874854828, 12.826331974484072 ], [ 80.067412564134713, 12.827244293923155 ], [ 80.068520900249879, 12.828143456711302 ], [ 80.069600537597239, 12.828513956301036 ], [ 80.068422870100761, 12.829599853769636 ], [ 80.067867745995642, 12.830901633749761 ], [ 80.067862549636146, 12.832312781231376 ], [ 80.068391806161543, 12.833591598859369 ], [ 80.067232784828235, 12.832833660949769 ], [ 80.066084547088622, 12.832552050167054 ], [ 80.065004054247453, 12.832600287631358 ], [ 80.06398435492595, 12.832954219688389 ], [ 80.062869387356642, 12.833845479983292 ], [ 80.062097704300996, 12.835431551361683 ], [ 80.062179084052659, 12.837187293803824 ], [ 80.062883310541125, 12.838467948972859 ], [ 80.061082086638891, 12.838189481757622 ], [ 80.059991918130578, 12.838453615723784 ], [ 80.059095900603737, 12.838971557047893 ], [ 80.0593493085494, 12.836768662624603 ], [ 80.058210064889877, 12.83223112577517 ], [ 80.058190618604044, 12.830391438555132 ], [ 80.059394073182176, 12.829096520409207 ], [ 80.059816533979685, 12.827747632266545 ], [ 80.059767399394644, 12.826687377028774 ], [ 80.059030758986935, 12.823662784765778 ], [ 80.058357503664524, 12.822415840530429 ], [ 80.057558773909008, 12.821700215904631 ], [ 80.056232232083815, 12.821155431797111 ], [ 80.054973414747138, 12.821124842453301 ], [ 80.05547547530773, 12.819323255477396 ], [ 80.055046656419819, 12.817616819762875 ], [ 80.05384876730551, 12.816310243739728 ], [ 80.052207111293527, 12.815696317250227 ], [ 80.052187235343155, 12.814447469873116 ], [ 80.05162182372365, 12.81308176200767 ], [ 80.0508984661993, 12.81229274154567 ], [ 80.049632792323393, 12.811622958642428 ] ] ], [ [ [ 80.024063490481751, 12.818985154693607 ], [ 80.022792734232013, 12.819645650094664 ], [ 80.021876272098879, 12.820733078427518 ], [ 80.021453628141202, 12.822081892831239 ], [ 80.021589152931057, 12.823486751422564 ], [ 80.022262222745113, 12.824733777046651 ], [ 80.023410374413103, 12.825673118505842 ], [ 80.024784900862159, 12.826087854273045 ], [ 80.026216535885013, 12.825954842125569 ], [ 80.027487317327584, 12.82529433212931 ], [ 80.028403774799145, 12.824206884069788 ], [ 80.028826386969868, 12.822858056303682 ], [ 80.028690821833635, 12.821453198511083 ], [ 80.028017726649182, 12.820206187382116 ], [ 80.026869579657884, 12.819266866205654 ], [ 80.025495085163513, 12.818852143540122 ], [ 80.024063490481751, 12.818985154693607 ] ] ], [ [ [ 80.032943231147001, 12.834003879089567 ], [ 80.031533841338586, 12.833723387677173 ], [ 80.030122345228818, 12.833993485211279 ], [ 80.028923621966939, 12.834773052792102 ], [ 80.028080161918268, 12.835993411407705 ], [ 80.027794287716304, 12.837376389639951 ], [ 80.02806952887849, 12.838761443412707 ], [ 80.028863990775719, 12.839937709843953 ], [ 80.030056727781229, 12.840726109399704 ], [ 80.031466153803592, 12.841006611257949 ], [ 80.032877688700935, 12.840736509337777 ], [ 80.034076430737073, 12.839956925211832 ], [ 80.034919877919577, 12.838736546586279 ], [ 80.035205715829576, 12.837353558070088 ], [ 80.034930436001503, 12.83596850894725 ], [ 80.034135955632962, 12.834792259386754 ], [ 80.032943231147001, 12.834003879089567 ] ] ], [ [ [ 80.047333139270265, 12.847983796734546 ], [ 80.046284864829701, 12.84772210366857 ], [ 80.045204309084767, 12.847770254858457 ], [ 80.044124525530506, 12.848154103106443 ], [ 80.043317128887139, 12.848726863796319 ], [ 80.04222308426165, 12.848183016777583 ], [ 80.040792374185514, 12.84803947679938 ], [ 80.039742149056281, 12.848293525328899 ], [ 80.03881230160691, 12.84883576627734 ], [ 80.037895789125656, 12.849923245468009 ], [ 80.037460087604742, 12.851514829976113 ], [ 80.035943221049408, 12.851635189560641 ], [ 80.034672321207239, 12.85229573128403 ], [ 80.033755778327802, 12.85338319358096 ], [ 80.033339964202526, 12.854687951365245 ], [ 80.032192325093419, 12.855305709902096 ], [ 80.031452891719965, 12.85609942565412 ], [ 80.030986728107536, 12.857057151621595 ], [ 80.030823982186064, 12.858106410613329 ], [ 80.031099254328282, 12.859491461859182 ], [ 80.031651872867599, 12.860403850323593 ], [ 80.032450637786127, 12.861119555102718 ], [ 80.033777322943607, 12.861664468844531 ], [ 80.034857538957709, 12.861720523441344 ], [ 80.035907824377446, 12.861466499020306 ], [ 80.037360588474158, 12.860414823543236 ], [ 80.037920168296694, 12.859506526601033 ], [ 80.038169618894486, 12.858589545517148 ], [ 80.039076382738756, 12.858164611178562 ], [ 80.03988058217584, 12.857454796039274 ], [ 80.04044014598891, 12.856546492415108 ], [ 80.040720179855569, 12.855271183666661 ], [ 80.042196851900613, 12.855144794555146 ], [ 80.043697626063121, 12.85428130929413 ], [ 80.044766947519278, 12.854806999907353 ], [ 80.045836343885696, 12.854966622734667 ], [ 80.047247948162223, 12.854696448261619 ], [ 80.048237802634688, 12.854124177411027 ], [ 80.049310153428564, 12.852716377709037 ], [ 80.049576853262181, 12.851687797728774 ], [ 80.049527764353073, 12.850627545145759 ], [ 80.04876790082271, 12.849035976455399 ], [ 80.047333139270265, 12.847983796734546 ] ] ], [ [ [ 80.030373438791031, 12.885113098075335 ], [ 80.028942532399739, 12.884969479454368 ], [ 80.02756452346695, 12.885373999860063 ], [ 80.026449193675575, 12.886265076524065 ], [ 80.025666338216197, 12.887637053675723 ], [ 80.025519921567025, 12.889040857964401 ], [ 80.025932242421703, 12.890392773281144 ], [ 80.026840536357867, 12.891486980977453 ], [ 80.028106526262846, 12.892156893838292 ], [ 80.029537472359692, 12.892300519826499 ], [ 80.030915517604257, 12.89189599171832 ], [ 80.032030859410355, 12.891004897051003 ], [ 80.032813693441128, 12.889632899487948 ], [ 80.032960070337907, 12.888229088311114 ], [ 80.032547713632468, 12.886877181410616 ], [ 80.03163940858019, 12.885782992557401 ], [ 80.030373438791031, 12.885113098075335 ] ] ], [ [ [ 80.041723479853786, 12.888643858718206 ], [ 80.039952372857684, 12.888379483512701 ], [ 80.038263358583976, 12.888965385660535 ], [ 80.037132448913241, 12.890129464633736 ], [ 80.036522586164068, 12.891782031628376 ], [ 80.036658203989333, 12.893186883755213 ], [ 80.037117088390275, 12.894148018284881 ], [ 80.03784061580761, 12.894937085359407 ], [ 80.038936026214486, 12.895546346897994 ], [ 80.03797897202783, 12.896345187898467 ], [ 80.037296141462022, 12.89758719772696 ], [ 80.037133382911634, 12.898636457452056 ], [ 80.037408718047459, 12.900021503450336 ], [ 80.03847055644259, 12.901437085872214 ], [ 80.039396442270089, 12.901986129031737 ], [ 80.040444929003741, 12.902247863947393 ], [ 80.04221809587645, 12.901996476944625 ], [ 80.043871081631423, 12.900844782288651 ], [ 80.044643105149731, 12.899258794261685 ], [ 80.044700212819421, 12.898198933042996 ], [ 80.044456471078135, 12.897210687580621 ], [ 80.046147351169338, 12.898034498568896 ], [ 80.047227728924867, 12.898090513170086 ], [ 80.048278159715807, 12.897836449626658 ], [ 80.049208177603902, 12.897294188345063 ], [ 80.049937687988304, 12.896510430005266 ], [ 80.050607477255653, 12.894747826016458 ], [ 80.050351160408923, 12.893008362684785 ], [ 80.049798408509602, 12.892096006096143 ], [ 80.048999498798111, 12.891380345490129 ], [ 80.047672623465203, 12.890835496713963 ], [ 80.046234218073607, 12.890830259644892 ], [ 80.044903258028526, 12.891365430933678 ], [ 80.043973225788861, 12.892240278440145 ], [ 80.043831767325941, 12.890943064753811 ], [ 80.043372861384043, 12.88998194037392 ], [ 80.042649328614317, 12.889192888082933 ], [ 80.041723479853786, 12.888643858718206 ] ], [ [ 80.043453577478473, 12.895819347927773 ], [ 80.04226503391196, 12.895136919833549 ], [ 80.043207061480388, 12.894223712045834 ], [ 80.043453577478473, 12.895819347927773 ] ] ], [ [ [ 80.038061397910965, 12.912993188024467 ], [ 80.036878796338527, 12.913915165724086 ], [ 80.036106673807268, 12.915501122463665 ], [ 80.036187857362023, 12.917256851570093 ], [ 80.036861217976934, 12.91850385392627 ], [ 80.037660170966504, 12.919219553782071 ], [ 80.038987166135513, 12.919764461187174 ], [ 80.040605732444618, 12.919726224446588 ], [ 80.042194908169861, 12.920267861449048 ], [ 80.043521319769226, 12.920160367266167 ], [ 80.044550416131273, 12.92150712789442 ], [ 80.046257257053838, 12.922334487556283 ], [ 80.047695842552358, 12.922339737066856 ], [ 80.048715930735597, 12.921985897449426 ], [ 80.04983135623614, 12.921094733799697 ], [ 80.050500137325926, 12.919890799393416 ], [ 80.051736476958311, 12.920726195562102 ], [ 80.053146376482758, 12.921006612233672 ], [ 80.05488600381473, 12.920585861794665 ], [ 80.056208867264871, 12.919422374139941 ], [ 80.057776444430246, 12.919776617421151 ], [ 80.059188408722022, 12.919506404238547 ], [ 80.060631435732105, 12.91846462156837 ], [ 80.061403419231027, 12.916878582560582 ], [ 80.061408687259643, 12.915467446778926 ], [ 80.060863046531637, 12.914161749353514 ], [ 80.059789572831463, 12.913110268823226 ], [ 80.05846255900758, 12.912565466120089 ], [ 80.057382113474105, 12.912509493516403 ], [ 80.056331626904466, 12.912763589741365 ], [ 80.055401562950422, 12.913305872826378 ], [ 80.054738163044732, 12.914002824502566 ], [ 80.053223618548273, 12.91367338667281 ], [ 80.051811683377281, 12.913943569556862 ], [ 80.050368650616917, 12.914985303128807 ], [ 80.049649882575338, 12.91628923776198 ], [ 80.04798336236145, 12.915263025058762 ], [ 80.046041757976568, 12.915207121528017 ], [ 80.044999554076597, 12.913832886452662 ], [ 80.043733408378372, 12.913163045589624 ], [ 80.041778453480191, 12.913110344820455 ], [ 80.040903444045966, 12.912713059802389 ], [ 80.039833809892542, 12.912553400515488 ], [ 80.038061397910965, 12.912993188024467 ] ] ], [ [ [ 80.026343655848322, 12.915723136070035 ], [ 80.024912580651076, 12.915579483486628 ], [ 80.023534395564909, 12.915983969297104 ], [ 80.022418909069927, 12.916875016003337 ], [ 80.021545939302868, 12.918346971122203 ], [ 80.02139946922189, 12.919750766936394 ], [ 80.021811805511717, 12.921102687645922 ], [ 80.022720181420823, 12.922196913777904 ], [ 80.023986307364595, 12.922866855301027 ], [ 80.025417422845535, 12.923010515804318 ], [ 80.026795645010765, 12.922606022804585 ], [ 80.027911144318836, 12.921714958497523 ], [ 80.028784091543429, 12.920242980651382 ], [ 80.028930521172171, 12.918839177825472 ], [ 80.028518148564828, 12.917487265657197 ], [ 80.027609761418319, 12.916393058716055 ], [ 80.026343655848322, 12.915723136070035 ] ] ], [ [ [ 80.048532763939747, 12.939325225271871 ], [ 80.047261433157189, 12.939985795006354 ], [ 80.046531778944924, 12.940769533928677 ], [ 80.045976258801176, 12.942071231810957 ], [ 80.045992869078646, 12.943569793328042 ], [ 80.045034558801049, 12.944753257082546 ], [ 80.044624815514794, 12.946018055632203 ], [ 80.043758603157812, 12.947243514629591 ], [ 80.043477242758769, 12.948761108668309 ], [ 80.042491710885031, 12.949729482552602 ], [ 80.041951010291854, 12.950973882219312 ], [ 80.040882873861548, 12.951445382516614 ], [ 80.040078357157014, 12.952155174775168 ], [ 80.039306118855961, 12.953741129560596 ], [ 80.039387317679001, 12.955496855052493 ], [ 80.04006078352522, 12.956743853883378 ], [ 80.041206926601632, 12.957660662994137 ], [ 80.042220011588242, 12.95888707279404 ], [ 80.043837076175791, 12.959644460792925 ], [ 80.04491771681873, 12.959700503166966 ], [ 80.045968411534659, 12.959446468236512 ], [ 80.04741172981204, 12.958404781544925 ], [ 80.048183935068479, 12.956818800713812 ], [ 80.048074080880511, 12.954983765056669 ], [ 80.049436213681929, 12.955956158163763 ], [ 80.051207806589176, 12.956220501659239 ], [ 80.052897260314225, 12.955634548213814 ], [ 80.053918397250214, 12.954640425919555 ], [ 80.054568330355053, 12.952927828169347 ], [ 80.054519231400988, 12.951867581767821 ], [ 80.054158448742299, 12.950866967964284 ], [ 80.052959980906891, 12.949560357278026 ], [ 80.051983488191397, 12.949103023593727 ], [ 80.050962295219691, 12.948945918257101 ], [ 80.052054583879254, 12.947252697740117 ], [ 80.052156614322072, 12.94554830827248 ], [ 80.052868273345666, 12.944780430834378 ], [ 80.053334543393106, 12.943822677745079 ], [ 80.053408499958763, 12.941985677536644 ], [ 80.055287860622414, 12.942300502714682 ], [ 80.056977210577685, 12.9417145150701 ], [ 80.057781647584449, 12.941004664450428 ], [ 80.058341357170775, 12.940096336683634 ], [ 80.058610798519652, 12.938358778081277 ], [ 80.058198238312414, 12.937006901383898 ], [ 80.057289649934248, 12.935912785350959 ], [ 80.056023360118473, 12.935242995199879 ], [ 80.054592145685191, 12.935099496532457 ], [ 80.052902836913361, 12.935685471712393 ], [ 80.051881778817815, 12.936679596511215 ], [ 80.051326296194333, 12.937981308748698 ], [ 80.051341551104471, 12.939474347378953 ], [ 80.050185040473053, 12.939162128441271 ], [ 80.048532763939747, 12.939325225271871 ] ] ], [ [ [ 80.036753659881015, 12.942773098005949 ], [ 80.034964287305925, 12.942680244010717 ], [ 80.033633024816496, 12.943215334793919 ], [ 80.032611863042149, 12.944209376094902 ], [ 80.032028093138237, 12.94569257133843 ], [ 80.030494124829744, 12.946104001570779 ], [ 80.029161858192268, 12.947279335405877 ], [ 80.028606233712438, 12.94858098828178 ], [ 80.028600767130499, 12.949992106941284 ], [ 80.029146299504148, 12.951297862018214 ], [ 80.030159785211282, 12.952299461604326 ], [ 80.031556931801575, 12.952874417252035 ], [ 80.033347038957416, 12.952794825218721 ], [ 80.034327002551791, 12.952344676675715 ], [ 80.035286432059337, 12.951431666843538 ], [ 80.03647573345313, 12.951399754250446 ], [ 80.03749595537181, 12.951045968661159 ], [ 80.038828207372489, 12.949870591214813 ], [ 80.039438224298536, 12.948218034926446 ], [ 80.039202560642025, 12.945193186534858 ], [ 80.038287128856851, 12.943682315877776 ], [ 80.036753659881015, 12.942773098005949 ] ] ], [ [ [ 80.027511516917329, 12.957695626244181 ], [ 80.026594527237549, 12.958783025323164 ], [ 80.026171621263103, 12.960131818572531 ], [ 80.026307189541669, 12.961536667353217 ], [ 80.026980601828882, 12.962783695992025 ], [ 80.028089342702202, 12.96368305251888 ], [ 80.029754619136526, 12.964247814417817 ], [ 80.031187044704723, 12.964114832286056 ], [ 80.032458539152984, 12.963454353732494 ], [ 80.033375523486924, 12.962366933796451 ], [ 80.033798396188729, 12.961018126598447 ], [ 80.033662785674935, 12.959613278710792 ], [ 80.032989346212375, 12.958366265303544 ], [ 80.031880608341638, 12.957466929698953 ], [ 80.030215370070408, 12.956902183956567 ], [ 80.028782985907512, 12.957035163697494 ], [ 80.027511516917329, 12.957695626244181 ] ] ], [ [ [ 80.045682925076676, 12.960345536980158 ], [ 80.044244122525114, 12.960340261190133 ], [ 80.042621309132613, 12.961085747974181 ], [ 80.041704367664508, 12.962173203723481 ], [ 80.041281534200294, 12.963522026494799 ], [ 80.041417188256972, 12.964926873146815 ], [ 80.04223068226085, 12.966623869510901 ], [ 80.043339498654532, 12.967523165870718 ], [ 80.044714823110127, 12.96793784967678 ], [ 80.046147267986726, 12.967804786179851 ], [ 80.047418747736884, 12.967144233285635 ], [ 80.048335685611264, 12.96605675735789 ], [ 80.048758487176258, 12.964707921040732 ], [ 80.048622791686768, 12.963303075331941 ], [ 80.048023749869827, 12.961891955389531 ], [ 80.047010151680269, 12.960890418308235 ], [ 80.045682925076676, 12.960345536980158 ] ] ], [ [ [ 80.033493826413022, 12.965743127730534 ], [ 80.032062460985841, 12.965599494400907 ], [ 80.030684003872267, 12.966003997774887 ], [ 80.029568304937868, 12.966895057693842 ], [ 80.028885216817429, 12.968137022399032 ], [ 80.028738737806023, 12.969540817918981 ], [ 80.029181175085725, 12.971012730849377 ], [ 80.030089749767342, 12.972106942325224 ], [ 80.031356140245123, 12.972776864827521 ], [ 80.032787545724133, 12.97292050482962 ], [ 80.034166039164674, 12.972515992970919 ], [ 80.035281749698015, 12.971624914331704 ], [ 80.035964818098151, 12.970382931597623 ], [ 80.036111257720734, 12.968979129277432 ], [ 80.035668781543649, 12.967507225283045 ], [ 80.034760196267868, 12.966413032362411 ], [ 80.033493826413022, 12.965743127730534 ] ] ], [ [ [ 80.047232934028543, 12.968085534739464 ], [ 80.04615225612288, 12.968029499456813 ], [ 80.045101524896666, 12.968283532471126 ], [ 80.044171225053631, 12.968825757258344 ], [ 80.043441471294486, 12.969609479294366 ], [ 80.042830485635918, 12.971279325232143 ], [ 80.041974239138995, 12.972313199111063 ], [ 80.041605831578764, 12.973311142366279 ], [ 80.041600427488987, 12.974722263776691 ], [ 80.042146074082424, 12.976027997729627 ], [ 80.04303983557719, 12.976997065168622 ], [ 80.043965999417225, 12.977546109211106 ], [ 80.045718935489774, 12.977811336324477 ], [ 80.04763632736946, 12.978936944901291 ], [ 80.049282535279147, 12.97905006001851 ], [ 80.049786075076995, 12.980188088079979 ], [ 80.050799757748024, 12.981189619072312 ], [ 80.052127104645507, 12.981734481874074 ], [ 80.053337574699256, 12.981790953822744 ], [ 80.053866067684424, 12.983028135722071 ], [ 80.054879778535209, 12.984029652513714 ], [ 80.055856408982251, 12.984486983883686 ], [ 80.056997518441378, 12.984643429112959 ], [ 80.058309537204323, 12.985813266517601 ], [ 80.059820635696326, 12.986234906050125 ], [ 80.060480953648181, 12.986805873786583 ], [ 80.060737584633031, 12.988541724936127 ], [ 80.061762628174748, 12.989997924761267 ], [ 80.062956157297535, 12.990786222122731 ], [ 80.064302453852093, 12.99106328982516 ], [ 80.064011061066992, 12.992142316712568 ], [ 80.064146847637161, 12.993547158337499 ], [ 80.064995991107764, 12.995168261405178 ], [ 80.066009795437068, 12.996169740275196 ], [ 80.067337258263166, 12.996714532485182 ], [ 80.06841807071882, 12.996770488419667 ], [ 80.06979665434217, 12.996365793443788 ], [ 80.070769846708046, 12.995627630180994 ], [ 80.071552645160708, 12.996778024026867 ], [ 80.072796239614007, 12.997606280590631 ], [ 80.074615174243036, 12.99804791094973 ], [ 80.076107949557525, 12.997893826161471 ], [ 80.077256624410722, 12.998477085419285 ], [ 80.078326656300106, 12.998636616801484 ], [ 80.079397837846329, 12.998484683203834 ], [ 80.080377915806949, 12.998034369326364 ], [ 80.081182483832194, 12.997324457169693 ], [ 80.081848422714884, 12.996128383638279 ], [ 80.08301997919736, 12.997389887954942 ], [ 80.084787496916604, 12.998124597673598 ], [ 80.086577938032377, 12.998044660595861 ], [ 80.087894180639537, 12.997344474543974 ], [ 80.088670678758561, 12.999044378225527 ], [ 80.089620032258821, 12.999879943632116 ], [ 80.090596795368938, 13.000337152326141 ], [ 80.092028414726869, 13.000480478860618 ], [ 80.093300690524586, 13.000124504773977 ], [ 80.094560687735068, 13.002394443521055 ], [ 80.095809941089314, 13.003359104272231 ], [ 80.095946788014913, 13.004747588327296 ], [ 80.096702960541236, 13.006084141168023 ], [ 80.096740049229751, 13.00722300869479 ], [ 80.09728605115447, 13.008528647907321 ], [ 80.098090084717214, 13.009387577126935 ], [ 80.099323227760962, 13.010045258781972 ], [ 80.098665067258253, 13.011481889927733 ], [ 80.09865996940718, 13.01289303014892 ], [ 80.099205992042087, 13.014198666230039 ], [ 80.100353526257038, 13.015279121664104 ], [ 80.099463242347895, 13.01637385801846 ], [ 80.099094981394572, 13.017371890587105 ], [ 80.099038040391605, 13.018431767908659 ], [ 80.099297326908157, 13.019462214510121 ], [ 80.099850514934758, 13.020374488375563 ], [ 80.100933247559283, 13.021257846162761 ], [ 80.101762644460123, 13.022528326266055 ], [ 80.103230210023355, 13.023413566017465 ], [ 80.103735891369425, 13.024558712401543 ], [ 80.104459989530795, 13.025347626297981 ], [ 80.105726865020145, 13.026017215169075 ], [ 80.106914070815591, 13.02617140465358 ], [ 80.106867914219009, 13.027161870926406 ], [ 80.107127240277137, 13.028192311709089 ], [ 80.108169858536968, 13.029613745729689 ], [ 80.107677087587064, 13.030434260269002 ], [ 80.107410380500781, 13.031462889029058 ], [ 80.107667172282873, 13.033202314056997 ], [ 80.108729940282402, 13.034617660487593 ], [ 80.109656469986859, 13.03516649173382 ], [ 80.110609496308626, 13.03541366923349 ], [ 80.109990100718377, 13.036100183069879 ], [ 80.109523844008081, 13.037058034123049 ], [ 80.10936125334382, 13.038107342244507 ], [ 80.109516334575417, 13.039157742521356 ], [ 80.109975736027906, 13.040118774896095 ], [ 80.110699897052214, 13.04090767462373 ], [ 80.112369858520651, 13.041672447437694 ], [ 80.111769359047059, 13.04268604508872 ], [ 80.11007155417785, 13.043005416583419 ], [ 80.108799818418447, 13.043666257819696 ], [ 80.107882820453071, 13.044753939485391 ], [ 80.107485229993941, 13.045941137741485 ], [ 80.106084507359881, 13.045512033525966 ], [ 80.104310346709298, 13.045763788860144 ], [ 80.10311077100387, 13.046543631796631 ], [ 80.102191180375641, 13.04793536466153 ], [ 80.10071376491112, 13.046893583679914 ], [ 80.098941459190655, 13.046629533071004 ], [ 80.097251461837203, 13.047215747982994 ], [ 80.096223962191317, 13.048219948322602 ], [ 80.095240386155254, 13.04741006427159 ], [ 80.094263434741279, 13.046952862005019 ], [ 80.092831548115925, 13.046809530661546 ], [ 80.091672571433108, 13.047113322316807 ], [ 80.090403895015328, 13.046243649055038 ], [ 80.088779810577662, 13.045972913643046 ], [ 80.086994781055012, 13.045302079141059 ], [ 80.085561894262412, 13.045435338614235 ], [ 80.08417198097699, 13.046200246294312 ], [ 80.082919451027834, 13.04452701116282 ], [ 80.082680696707541, 13.043044527075571 ], [ 80.08282231720554, 13.041658539237034 ], [ 80.082553230325502, 13.040607463808927 ], [ 80.082859662828213, 13.039497515242891 ], [ 80.082798392530847, 13.038389334047704 ], [ 80.084198256051678, 13.037844354968041 ], [ 80.085406855420402, 13.036546364311331 ], [ 80.085829607180017, 13.035197469359863 ], [ 80.085679207490386, 13.033752489682858 ], [ 80.086215941548417, 13.032702319091294 ], [ 80.086362162032472, 13.031298478299673 ], [ 80.086102920922713, 13.030268022397026 ], [ 80.085307639487453, 13.029091887212511 ], [ 80.084113857771626, 13.0283036778754 ], [ 80.082864797042902, 13.028002082613662 ], [ 80.081783458512021, 13.028050332103776 ], [ 80.080451811430848, 13.028585634934615 ], [ 80.079647134464665, 13.029295536269002 ], [ 80.079087276484216, 13.030203895488144 ], [ 80.07880138114227, 13.03158691348929 ], [ 80.078990854056457, 13.032733020300753 ], [ 80.078414821958077, 13.034061591027283 ], [ 80.078411237253846, 13.035479228613474 ], [ 80.076780262747462, 13.036225996325179 ], [ 80.076050392784751, 13.037009799557127 ], [ 80.075584007738314, 13.037967580741109 ], [ 80.075437720387626, 13.03937141042735 ], [ 80.075713623239793, 13.040436820673481 ], [ 80.075351230837583, 13.041976854102552 ], [ 80.075539184848523, 13.043118783558468 ], [ 80.074283453521275, 13.042893400676089 ], [ 80.073209174785134, 13.043046306248668 ], [ 80.072044107885205, 13.042283763940542 ], [ 80.069045028998474, 13.041392121004558 ], [ 80.067612162162348, 13.041525282026539 ], [ 80.066497623686175, 13.042072414042893 ], [ 80.065860071521328, 13.040925962200285 ], [ 80.064750859911001, 13.040026739061696 ], [ 80.063013613726966, 13.039593411390996 ], [ 80.061256737328165, 13.040023723160676 ], [ 80.060624648828565, 13.038651875947249 ], [ 80.059610706960129, 13.037650368978372 ], [ 80.057925177642133, 13.037052146388111 ], [ 80.056457899627418, 13.037197186049244 ], [ 80.055510689717977, 13.036022888644327 ], [ 80.053893106543512, 13.03526554107326 ], [ 80.052453868968215, 13.035260280949004 ], [ 80.051122129830446, 13.035795425858694 ], [ 80.049910626816072, 13.036999505121988 ], [ 80.049354873694526, 13.038301187143087 ], [ 80.049297710845011, 13.039361037303813 ], [ 80.049556803870587, 13.040391519671749 ], [ 80.05010984343842, 13.041303889162457 ], [ 80.051219003061348, 13.042203171715709 ], [ 80.052594746252353, 13.042617840789264 ], [ 80.054315748625427, 13.042384873076029 ], [ 80.05533928302259, 13.043717128599404 ], [ 80.056956924335992, 13.044474470707872 ], [ 80.058037937727704, 13.044530483635326 ], [ 80.059289869988788, 13.044184161283246 ], [ 80.059650349262526, 13.045183051164873 ], [ 80.060291985400909, 13.046037858028694 ], [ 80.061826157089129, 13.04694697955696 ], [ 80.063616297211396, 13.047039700075597 ], [ 80.065233897999406, 13.046298260151948 ], [ 80.065809902748811, 13.047274066725029 ], [ 80.066494362477641, 13.047905464643092 ], [ 80.065163591181133, 13.047653411407719 ], [ 80.063750897326557, 13.04792360541887 ], [ 80.062307096383975, 13.048965345026836 ], [ 80.061747128480022, 13.049873658155329 ], [ 80.061487589077672, 13.050854656271712 ], [ 80.060050933562621, 13.051123588381705 ], [ 80.058984975392107, 13.051785233545493 ], [ 80.057655217863029, 13.051392152445116 ], [ 80.05622229140792, 13.05152524598557 ], [ 80.055241959030965, 13.051975449514245 ], [ 80.054437135356437, 13.052685261267927 ], [ 80.053143890902646, 13.054847266681772 ], [ 80.053049242919272, 13.056602339432894 ], [ 80.05341014356928, 13.057602956958641 ], [ 80.054051786173801, 13.058457779214081 ], [ 80.054918914326421, 13.05909318776448 ], [ 80.055936850687331, 13.059454459772445 ], [ 80.057017928430525, 13.059510481325894 ], [ 80.058069042006181, 13.05925642742265 ], [ 80.058999666629859, 13.058714177652721 ], [ 80.05983444564059, 13.057760463713198 ], [ 80.061556349092271, 13.058186582931857 ], [ 80.062969103582731, 13.057916405228637 ], [ 80.064412956631756, 13.056874665969392 ], [ 80.064972932773813, 13.05596634796289 ], [ 80.065218601087977, 13.055074708080046 ], [ 80.06658913913428, 13.054806388553759 ], [ 80.067788859325802, 13.054026725650887 ], [ 80.068592915118174, 13.05285629916896 ], [ 80.068862463100814, 13.05111874820868 ], [ 80.068409700869353, 13.049576883215812 ], [ 80.067325684683595, 13.048354550456892 ], [ 80.068326008044025, 13.048589484382576 ], [ 80.069646250865489, 13.049307018332557 ], [ 80.071592810429038, 13.049361874291728 ], [ 80.072625889025829, 13.050006246103276 ], [ 80.07505504849739, 13.050627892334605 ], [ 80.076487966995657, 13.050494693453661 ], [ 80.077847361774516, 13.049769597065799 ], [ 80.078679445894977, 13.050519808627108 ], [ 80.07953828537876, 13.050935168114542 ], [ 80.078022953248734, 13.052603572595222 ], [ 80.07758104570722, 13.054306873695664 ], [ 80.077735996879213, 13.055357283569672 ], [ 80.07819529734455, 13.056318365077098 ], [ 80.078919395162274, 13.057107349245895 ], [ 80.079845932190537, 13.057656287446511 ], [ 80.080895114099675, 13.057917903703604 ], [ 80.081976582739671, 13.057869666673712 ], [ 80.083599945986037, 13.05712397404737 ], [ 80.085759851853666, 13.054810135911367 ], [ 80.086226235055648, 13.053852337113346 ], [ 80.086386464257103, 13.052749789264293 ], [ 80.086590660837714, 13.052778718229435 ], [ 80.087452153461726, 13.054138144144463 ], [ 80.088986483554379, 13.05504711405406 ], [ 80.090776704958586, 13.05513965116455 ], [ 80.092350046459771, 13.05442997036482 ], [ 80.093541118916903, 13.05518588440035 ], [ 80.09358932153738, 13.056252914872923 ], [ 80.094026014334943, 13.057787508165585 ], [ 80.094700003324419, 13.059034392699607 ], [ 80.096136128531725, 13.060086390014897 ], [ 80.097956876232928, 13.060406619442384 ], [ 80.099028319608465, 13.060254622160427 ], [ 80.100008617881471, 13.059804249842266 ], [ 80.100813345720852, 13.059094289532238 ], [ 80.101373199836658, 13.058185884379373 ], [ 80.101639967558015, 13.057157267408634 ], [ 80.101590678339534, 13.056097023544297 ], [ 80.100453670752401, 13.053840254759917 ], [ 80.101790128262024, 13.053163822092268 ], [ 80.102858833984627, 13.051764672103676 ], [ 80.10383956986098, 13.052523565211233 ], [ 80.104857564388141, 13.052884647796517 ], [ 80.105938638807984, 13.052940463727062 ], [ 80.106989687857251, 13.05268620572337 ], [ 80.10843334145558, 13.051644206136585 ], [ 80.109332739594876, 13.049781318125907 ], [ 80.109787244774523, 13.050146230254965 ], [ 80.109114452761659, 13.051601998232121 ], [ 80.109089396119188, 13.053133137740501 ], [ 80.109635548909253, 13.054438757117014 ], [ 80.110368309249537, 13.055233930617348 ], [ 80.110239339988937, 13.057083150137174 ], [ 80.110600476934948, 13.058083703123629 ], [ 80.111199112642424, 13.058891322173782 ], [ 80.109729818695342, 13.060280164720165 ], [ 80.109174309299107, 13.061581990271641 ], [ 80.109117388246091, 13.062641868371037 ], [ 80.109524174327944, 13.063980681067719 ], [ 80.108913457155666, 13.065128002642036 ], [ 80.108767330231544, 13.066531859569594 ], [ 80.109026694375146, 13.067562298516837 ], [ 80.109651409010212, 13.068552327196729 ], [ 80.108964184423243, 13.070331979667706 ], [ 80.109083710208864, 13.07219257822829 ], [ 80.108053341108118, 13.073787983936763 ], [ 80.107977846320054, 13.07561772293093 ], [ 80.106953299204903, 13.07720796637115 ], [ 80.106862779595815, 13.078978054267607 ], [ 80.105402384914996, 13.080823883765513 ], [ 80.104979642746002, 13.082172807896287 ], [ 80.10511567608981, 13.083577636990386 ], [ 80.105600020409994, 13.084571820026881 ], [ 80.104913972771186, 13.086131909763731 ], [ 80.104995613070031, 13.087887631015276 ], [ 80.105911933936582, 13.089398312453554 ], [ 80.107212814788738, 13.090224296899644 ], [ 80.106139443293614, 13.090816217357441 ], [ 80.105409488135123, 13.091600095777377 ], [ 80.104629474071842, 13.093702792276922 ], [ 80.104765507356063, 13.095107620598563 ], [ 80.105355412517085, 13.096242334336523 ], [ 80.104846218037807, 13.097084172256874 ], [ 80.104579409309963, 13.098112787486555 ], [ 80.104715443050523, 13.099517615498984 ], [ 80.105230639092738, 13.100552844666346 ], [ 80.104569348106921, 13.102272783493076 ], [ 80.104618645973247, 13.103333024469229 ], [ 80.10495990301628, 13.104291938427989 ], [ 80.104686737161856, 13.106211762314004 ], [ 80.105099771262331, 13.107563583076702 ], [ 80.106082685653959, 13.108711421903477 ], [ 80.105449277440229, 13.109410084823297 ], [ 80.10498284707748, 13.110367912315033 ], [ 80.104885969046862, 13.112105767394652 ], [ 80.103422151352063, 13.11251438686568 ], [ 80.102401765727677, 13.113302893615732 ], [ 80.101014747903463, 13.112882070728226 ], [ 80.099604400542987, 13.113009837710701 ], [ 80.099210364193482, 13.11178654254773 ], [ 80.098568432925305, 13.110931816488174 ], [ 80.09759101154151, 13.110226538375132 ], [ 80.096496479018995, 13.109854043972188 ], [ 80.097583845400877, 13.108435972483152 ], [ 80.097850696704228, 13.107407367907236 ], [ 80.097801428266251, 13.106347127790508 ], [ 80.09705391181042, 13.104017948146682 ], [ 80.096264361218132, 13.102848367099028 ], [ 80.095860244779985, 13.101556576328772 ], [ 80.09425054220084, 13.099335685462316 ], [ 80.092814209842587, 13.098283666483917 ], [ 80.091041553030735, 13.098019539301609 ], [ 80.089241183672172, 13.098625675332009 ], [ 80.08803227868826, 13.099923659165498 ], [ 80.0875903320227, 13.101626970215106 ], [ 80.088019726711778, 13.103333363614155 ], [ 80.089897466207688, 13.105706480883276 ], [ 80.090766032045693, 13.108412009708692 ], [ 80.091319363373842, 13.10932430655151 ], [ 80.092428971482093, 13.110223437829633 ], [ 80.093523498307491, 13.110595949209037 ], [ 80.092779367591618, 13.111389939716441 ], [ 80.092223639063974, 13.112691710498336 ], [ 80.0923051851737, 13.114447426928431 ], [ 80.093011907973604, 13.115729838683272 ], [ 80.092855481801877, 13.116123474902674 ], [ 80.091706064140553, 13.117045610802156 ], [ 80.091146028489803, 13.11795397992317 ], [ 80.090860064722861, 13.119336999777378 ], [ 80.09113585928857, 13.120722002364273 ], [ 80.091931433484135, 13.121898132518773 ], [ 80.093125672386037, 13.122686331348884 ], [ 80.095986782050488, 13.123236599897004 ], [ 80.097058500289862, 13.123084629278726 ], [ 80.098146028253666, 13.122557105463594 ], [ 80.098658915519479, 13.122717634667906 ], [ 80.100008848705954, 13.123902149013832 ], [ 80.099459957477706, 13.125937116634331 ], [ 80.099861028006572, 13.127584016541597 ], [ 80.099768251505154, 13.129332929478181 ], [ 80.10030569239359, 13.130624058121141 ], [ 80.099741789224268, 13.131383778815696 ], [ 80.0993647323793, 13.132437215671791 ], [ 80.097371445945555, 13.132129548132749 ], [ 80.096320047267312, 13.132383742939219 ], [ 80.095389207140386, 13.132926111366581 ], [ 80.094471796973153, 13.134013712744171 ], [ 80.094042962449905, 13.135472702701772 ], [ 80.093090876428334, 13.136855560238166 ], [ 80.091473634371482, 13.137350846597339 ], [ 80.089981526263344, 13.137475351213403 ], [ 80.088693662445337, 13.138149792150543 ], [ 80.086800151267809, 13.138383698844942 ], [ 80.085869269077776, 13.138926029726086 ], [ 80.084599100851065, 13.140159827952166 ], [ 80.083988815568276, 13.141812454971335 ], [ 80.084124742457846, 13.143217293212924 ], [ 80.083335856326187, 13.143915507877553 ], [ 80.082775723510551, 13.144823850895252 ], [ 80.082506124582906, 13.146561403672928 ], [ 80.082919087422397, 13.147913252345774 ], [ 80.084102431336774, 13.149262728484581 ], [ 80.084365406813959, 13.150371880111656 ], [ 80.085161033215584, 13.151548032682403 ], [ 80.086355385289465, 13.15233626912925 ], [ 80.087766630941317, 13.152616583378286 ], [ 80.089179912779073, 13.15234629790433 ], [ 80.090380062911336, 13.151566562299605 ], [ 80.091307603263999, 13.150062351331252 ], [ 80.091473908138724, 13.148548522492128 ], [ 80.091060896676694, 13.147196684494627 ], [ 80.089975824178467, 13.145974021898374 ], [ 80.089775483518622, 13.145139263289218 ], [ 80.090417221269675, 13.144615871541227 ], [ 80.091646885378424, 13.144589642051756 ], [ 80.092737859317879, 13.144194907386215 ], [ 80.09459994840276, 13.143956272220555 ], [ 80.095950040718023, 13.143026505540325 ], [ 80.096799174226774, 13.14173443929171 ], [ 80.098059984729119, 13.141466256145588 ], [ 80.098990853093824, 13.140923880112211 ], [ 80.099908272170296, 13.139836263563028 ], [ 80.100332898759021, 13.138455049432865 ], [ 80.101138251704455, 13.137466246873828 ], [ 80.101515310279993, 13.136412807831103 ], [ 80.102180925061958, 13.136648242906057 ], [ 80.100821696467051, 13.138033787205551 ], [ 80.100379750494085, 13.139737116541193 ], [ 80.10080928322563, 13.141443493686362 ], [ 80.101896529643497, 13.14266767697559 ], [ 80.101241623526889, 13.143523788393827 ], [ 80.100873146212606, 13.14452180201754 ], [ 80.100868007011812, 13.145932928591053 ], [ 80.101229210713385, 13.146933493816052 ], [ 80.102208708951096, 13.148147502835702 ], [ 80.103827173658289, 13.14890459958229 ], [ 80.105618708717856, 13.148824602092223 ], [ 80.107160213068312, 13.147926402033661 ], [ 80.107964426386701, 13.146755868961494 ], [ 80.108231287289115, 13.145727256522509 ], [ 80.107974427820594, 13.143987839254786 ], [ 80.107350962775286, 13.142955572354758 ], [ 80.106663465855746, 13.142322301157552 ], [ 80.107597558933577, 13.140812124484068 ], [ 80.107691895157728, 13.139057019556285 ], [ 80.107330674044633, 13.138056461864968 ], [ 80.106688651233753, 13.137201751568853 ], [ 80.105069064302413, 13.136271749677347 ], [ 80.106240983315544, 13.135189956199122 ], [ 80.106851103919482, 13.133537264803278 ], [ 80.106715052209168, 13.132132439593091 ], [ 80.106160305345952, 13.131044640867668 ], [ 80.106944193708699, 13.129895868977057 ], [ 80.107211035888824, 13.128867255372223 ], [ 80.107161729119809, 13.127807015922434 ], [ 80.106768015326125, 13.126752871247021 ], [ 80.106973552028293, 13.125188276543559 ], [ 80.106560484514915, 13.123836458057919 ], [ 80.105828176102648, 13.122900939355436 ], [ 80.106378098471339, 13.122156172104528 ], [ 80.106746514672921, 13.121158145306714 ], [ 80.106642793735773, 13.119063590646222 ], [ 80.108687084973411, 13.119079613276249 ], [ 80.110310792548617, 13.118333776976083 ], [ 80.111384049039444, 13.116925801800239 ], [ 80.11179498933538, 13.115053685636356 ], [ 80.112589150162805, 13.115957631684108 ], [ 80.113515980992759, 13.116506465713721 ], [ 80.114565452511471, 13.116767962419221 ], [ 80.115647181606036, 13.116719600757445 ], [ 80.116979250750802, 13.116184145914637 ], [ 80.118021701059348, 13.115155984454526 ], [ 80.119418863008377, 13.11529044651502 ], [ 80.120798052648183, 13.114885520909882 ], [ 80.121914152685932, 13.113994100396051 ], [ 80.122474069914432, 13.11308565626792 ], [ 80.12275984975534, 13.111702588841299 ], [ 80.122463881828864, 13.110257608655788 ], [ 80.121668189924605, 13.109081564852037 ], [ 80.120473914018703, 13.108293495927251 ], [ 80.119062868961564, 13.108013374035192 ], [ 80.117991224019349, 13.108165441449618 ], [ 80.11671916128401, 13.108826298373483 ], [ 80.115958976764659, 13.109659207368344 ], [ 80.114942930673806, 13.109513378487868 ], [ 80.113871277781129, 13.109665428176505 ], [ 80.112217948742327, 13.110684058162148 ], [ 80.111715196900604, 13.109551309394563 ], [ 80.110787315012118, 13.108588557052414 ], [ 80.111763922294983, 13.107265789437445 ], [ 80.112140707430669, 13.10576716421976 ], [ 80.111835956984109, 13.103927596798398 ], [ 80.111991337678333, 13.102006921530659 ], [ 80.111340185459966, 13.100561641733965 ], [ 80.111907003707699, 13.099472032169674 ], [ 80.112053144839635, 13.098068177101423 ], [ 80.111793744490768, 13.097037740741005 ], [ 80.111286550082653, 13.096186983689288 ], [ 80.111996937368318, 13.094682026980758 ], [ 80.112143073361821, 13.093278171134088 ], [ 80.111883676319891, 13.092247734783809 ], [ 80.111330300193529, 13.091335478451349 ], [ 80.109787189663066, 13.090245697617624 ], [ 80.111373777090108, 13.089154196607137 ], [ 80.112206840041182, 13.087622018298205 ], [ 80.112352968029001, 13.086218161232775 ], [ 80.111729982332633, 13.084528143837927 ], [ 80.111871631509814, 13.084298313364719 ], [ 80.113425515187956, 13.084817971579714 ], [ 80.114858626088221, 13.084684571830621 ], [ 80.116130564987117, 13.084023715287998 ], [ 80.117097684729472, 13.082866013946209 ], [ 80.117520363765436, 13.08151706589554 ], [ 80.117420979353213, 13.078466821111272 ], [ 80.116660079405378, 13.076875403046573 ], [ 80.115420571600907, 13.075915583199578 ], [ 80.116909933632471, 13.075626163041679 ], [ 80.118109616815175, 13.074846264053461 ], [ 80.119437581136879, 13.073225978770983 ], [ 80.119860227820382, 13.07187702404369 ], [ 80.119714111948781, 13.070432196626552 ], [ 80.118797766129759, 13.068921561083485 ], [ 80.117603685205225, 13.068133489316605 ], [ 80.115879853219425, 13.067867367767299 ], [ 80.116249167999158, 13.066312638971448 ], [ 80.115736434632353, 13.064469133138658 ], [ 80.116393367523258, 13.06344569622072 ], [ 80.116679105333432, 13.062062628802106 ], [ 80.116403209458582, 13.060677642313509 ], [ 80.115750046523772, 13.05965665203045 ], [ 80.116589445599672, 13.059046270869674 ], [ 80.11723737452084, 13.058195994867191 ], [ 80.117605635861651, 13.057197938805716 ], [ 80.117662518045321, 13.056138055998025 ], [ 80.117249481062387, 13.054786251125273 ], [ 80.116203180141568, 13.053591930890342 ], [ 80.116418960704323, 13.052332623275168 ], [ 80.116143073491727, 13.050947636264382 ], [ 80.115589763040219, 13.050035391069269 ], [ 80.114822741630988, 13.0493437453511 ], [ 80.115210153131045, 13.048715684298189 ], [ 80.116658531347653, 13.048584565768735 ], [ 80.118199352343552, 13.047686250384425 ], [ 80.119137242059793, 13.046515963637569 ], [ 80.119566144035915, 13.045049424477686 ], [ 80.12028994845231, 13.045837764519254 ], [ 80.121216546522518, 13.046386558240989 ], [ 80.122988884376539, 13.046650457729786 ], [ 80.125497693859927, 13.045965479712196 ], [ 80.12636941909372, 13.045336172598383 ], [ 80.127069881874064, 13.044377784270143 ], [ 80.128218959526464, 13.044450455880492 ], [ 80.130317745428385, 13.0439254510579 ], [ 80.131189452051359, 13.043296126394136 ], [ 80.13183728888562, 13.042445807049678 ], [ 80.132276352068189, 13.040689771479215 ], [ 80.133787164755532, 13.041577348885987 ], [ 80.135219060163095, 13.04172045332175 ], [ 80.136750044895393, 13.041316069068086 ], [ 80.137689935521365, 13.040765146033214 ], [ 80.13926911874691, 13.040960451665271 ], [ 80.140929570043738, 13.040391110616786 ], [ 80.142379163804051, 13.040540450350786 ], [ 80.144840481486654, 13.03975470812852 ], [ 80.146087596549265, 13.039976671980458 ], [ 80.148817514541093, 13.039849546754262 ], [ 80.149837977400225, 13.039495335588784 ], [ 80.150713502184757, 13.038896703356542 ], [ 80.152478284736674, 13.039784831218265 ], [ 80.1543538044521, 13.039675018795837 ], [ 80.153870127567387, 13.041123534313034 ], [ 80.15395228257718, 13.042313375065897 ], [ 80.153259934669265, 13.042506570261427 ], [ 80.15256934318586, 13.041194953256221 ], [ 80.151459792290837, 13.040296081345911 ], [ 80.150441768412577, 13.039935180693247 ], [ 80.149360728134013, 13.039879553527486 ], [ 80.148309766061217, 13.040133989987213 ], [ 80.147379386772656, 13.040676578836123 ], [ 80.146143038666963, 13.042355614998513 ], [ 80.144209810944474, 13.042583970990828 ], [ 80.142766349155011, 13.043626183666715 ], [ 80.1422066766157, 13.044534691072334 ], [ 80.141940090912769, 13.045563362367693 ], [ 80.142026981181061, 13.046772233639178 ], [ 80.141781074045326, 13.048047794790245 ], [ 80.142057103659809, 13.049432763559235 ], [ 80.142610513702806, 13.050344958227782 ], [ 80.143410187292019, 13.051060373735895 ], [ 80.144387256964507, 13.051517397086474 ], [ 80.145856442097497, 13.051671468397998 ], [ 80.146920664026439, 13.052938933977366 ], [ 80.146147530637364, 13.053708247620909 ], [ 80.144821898506748, 13.05316520750714 ], [ 80.143740803693817, 13.053109553452357 ], [ 80.142689780581165, 13.053363963024458 ], [ 80.141759338999336, 13.053906527302122 ], [ 80.140686542817193, 13.05531466360781 ], [ 80.140221551096886, 13.05793945034209 ], [ 80.138562533973513, 13.057543341093277 ], [ 80.136800854323312, 13.057976946988216 ], [ 80.135772924772297, 13.057482656931967 ], [ 80.134702589912237, 13.057323344725956 ], [ 80.133631171293246, 13.05747549205352 ], [ 80.132511343078534, 13.058026768915443 ], [ 80.132243081224914, 13.056807423909989 ], [ 80.131209692797967, 13.055145213901476 ], [ 80.130410044388285, 13.05442976227652 ], [ 80.12943299274005, 13.053972687129606 ], [ 80.127541167479734, 13.053904998900705 ], [ 80.127602464513913, 13.052827910809599 ], [ 80.127189376752071, 13.051476118385766 ], [ 80.126280087630548, 13.050382205790264 ], [ 80.125013030533154, 13.04971270722138 ], [ 80.123942738603731, 13.0495533529427 ], [ 80.122530075812122, 13.049823871276077 ], [ 80.121599608735835, 13.050366361269505 ], [ 80.120716486049361, 13.051305950030518 ], [ 80.120156716986969, 13.052214403066678 ], [ 80.119890031272647, 13.05324304478806 ], [ 80.119939399013703, 13.054303290376353 ], [ 80.120300572609139, 13.055303832269919 ], [ 80.121209850607684, 13.056397764945588 ], [ 80.122136488731144, 13.056946557561975 ], [ 80.123547251731011, 13.057226645553834 ], [ 80.124681573690992, 13.057052715475871 ], [ 80.124936891872466, 13.05880252275186 ], [ 80.125867908779085, 13.06032849458534 ], [ 80.124911285155349, 13.060475463983629 ], [ 80.121731045554412, 13.061635917551596 ], [ 80.120709693131275, 13.062630287507625 ], [ 80.120154233618024, 13.06393213976154 ], [ 80.120179227587073, 13.06595328238598 ], [ 80.120954690118879, 13.067560558397066 ], [ 80.120224159219575, 13.069092136244599 ], [ 80.120305910590261, 13.070847861516077 ], [ 80.121222272271879, 13.072358492523371 ], [ 80.122911666594788, 13.073305851677631 ], [ 80.121902337082844, 13.074484088457618 ], [ 80.121460676256191, 13.076187478754379 ], [ 80.121736612198461, 13.077572461095221 ], [ 80.122799637041368, 13.078987762185372 ], [ 80.124417735104444, 13.079744708737957 ], [ 80.12585725913442, 13.079749585376787 ], [ 80.127480656596958, 13.079003619061616 ], [ 80.128447709355498, 13.077855872667318 ], [ 80.128870317583065, 13.076506901076549 ], [ 80.128734150145107, 13.075102075419448 ], [ 80.127817731973735, 13.073591467845027 ], [ 80.126128314947039, 13.07264413948845 ], [ 80.12685252852377, 13.07189252991107 ], [ 80.128675394656042, 13.071241733642456 ], [ 80.129888996075351, 13.071330450147775 ], [ 80.131267922989039, 13.070925450709106 ], [ 80.132383780069603, 13.070033967074867 ], [ 80.132969812034077, 13.069054305512891 ], [ 80.133769906198808, 13.069770275772592 ], [ 80.135097922233442, 13.070314752887327 ], [ 80.136537395686119, 13.070319566588532 ], [ 80.137558000786782, 13.06996541353087 ], [ 80.138452066096647, 13.069312135984729 ], [ 80.139759187116837, 13.068753969673828 ], [ 80.140780494984, 13.067759521703385 ], [ 80.141335859166844, 13.06645761925569 ], [ 80.141392645180701, 13.065397725744056 ], [ 80.141095802794439, 13.064289222752111 ], [ 80.141396020709649, 13.064041120835808 ], [ 80.142499949913088, 13.064933849661223 ], [ 80.143876001441242, 13.065348050653244 ], [ 80.14530899392777, 13.065214473669288 ], [ 80.146776777638635, 13.064380460038256 ], [ 80.148010014116238, 13.065443890974313 ], [ 80.149747624313292, 13.065876668212942 ], [ 80.152900380860672, 13.065045997341098 ], [ 80.154200265069321, 13.064158095534534 ], [ 80.155549366917583, 13.064280439851169 ], [ 80.156934715049616, 13.063871511057739 ], [ 80.158930232886149, 13.065840497931948 ], [ 80.159907391208094, 13.066297467439943 ], [ 80.160977787198973, 13.066456678565141 ], [ 80.162390517382022, 13.06618595381696 ], [ 80.163811410052915, 13.065167953153363 ], [ 80.164670213177445, 13.066178182280487 ], [ 80.165937470663891, 13.066847497477765 ], [ 80.167369540553722, 13.066990433742534 ], [ 80.168641381703949, 13.066634426572429 ], [ 80.169780340414263, 13.067840590837108 ], [ 80.170757528910499, 13.068297520931281 ], [ 80.171684716836864, 13.068449330016895 ], [ 80.172740261894944, 13.06984825821838 ], [ 80.174007561709701, 13.070517536082736 ], [ 80.175077988412284, 13.07067669038995 ], [ 80.176149449998448, 13.07052437335431 ], [ 80.177129669094981, 13.070073702727932 ], [ 80.177928209986618, 13.069369957337607 ], [ 80.177996235141592, 13.071009844692027 ], [ 80.177693901849835, 13.071872928011947 ], [ 80.177637267038662, 13.072932838283629 ], [ 80.178178596184537, 13.074495355767633 ], [ 80.177051401482103, 13.074864828490927 ], [ 80.176292788184114, 13.075394470409957 ], [ 80.174772023835544, 13.075063312136759 ], [ 80.173031451076042, 13.075484804559546 ], [ 80.171699074134978, 13.076660857488275 ], [ 80.171232961853448, 13.077618826859192 ], [ 80.171076844153063, 13.078551234385927 ], [ 80.17017209407922, 13.07843331729814 ], [ 80.169041918313809, 13.078605975840427 ], [ 80.167871669939117, 13.07815513343477 ], [ 80.166677689347893, 13.078115594911839 ], [ 80.165693117900616, 13.077523189955334 ], [ 80.164522542405507, 13.077255677610431 ], [ 80.164374050536054, 13.076351579739223 ], [ 80.163914374604417, 13.075390629374565 ], [ 80.163189941648952, 13.074601863945903 ], [ 80.162183140717261, 13.074003210030643 ], [ 80.159112250280401, 13.073303326105682 ], [ 80.157205724066358, 13.073821483549864 ], [ 80.156527448136899, 13.072891158030323 ], [ 80.155700381317672, 13.072279983160866 ], [ 80.15617598219599, 13.071107418168761 ], [ 80.156180776870457, 13.06969626257267 ], [ 80.15563434480282, 13.068390725624559 ], [ 80.154619882055883, 13.067389560866697 ], [ 80.15364273056025, 13.066932571737093 ], [ 80.152572339165999, 13.066773330401164 ], [ 80.151440886416026, 13.066935549634467 ], [ 80.150460639578299, 13.067386120858369 ], [ 80.149656015044769, 13.068096242533464 ], [ 80.149096305886289, 13.069004761303837 ], [ 80.148829715483942, 13.070033437920369 ], [ 80.148879205746113, 13.071093684553228 ], [ 80.149425606430668, 13.072399233706992 ], [ 80.150667331994413, 13.073534971882706 ], [ 80.150109637959019, 13.075103451537 ], [ 80.150366756326036, 13.076842850028179 ], [ 80.15116249654325, 13.078018810240057 ], [ 80.152220482324324, 13.07874301318444 ], [ 80.150429551249871, 13.078993996184609 ], [ 80.149499025180603, 13.07953658238349 ], [ 80.148769234574075, 13.080320594808876 ], [ 80.14830302862039, 13.081278516734509 ], [ 80.148140558936916, 13.082327854182799 ], [ 80.148295820972137, 13.083378239706196 ], [ 80.148755447490828, 13.08433921450481 ], [ 80.150079881760945, 13.085523893052692 ], [ 80.152007637556054, 13.085966664727124 ], [ 80.153079173893602, 13.085814448430268 ], [ 80.15405949152543, 13.085363872066049 ], [ 80.154864163461099, 13.084653740264365 ], [ 80.155393813871441, 13.083807014916095 ], [ 80.156508170337901, 13.084224826113905 ], [ 80.157589406433104, 13.0842804351075 ], [ 80.159562910063954, 13.083608086008844 ], [ 80.160878232307084, 13.084144842326449 ], [ 80.162598835510508, 13.084081477749635 ], [ 80.163558269085442, 13.084414852115541 ], [ 80.164648187117251, 13.084469198597793 ], [ 80.166104450783976, 13.085264188556257 ], [ 80.166370464670266, 13.086705817777547 ], [ 80.165823712995959, 13.088092750606656 ], [ 80.165818966203076, 13.089503907695622 ], [ 80.166515489035163, 13.091179428570797 ], [ 80.167454823075161, 13.092125454922213 ], [ 80.166656492265304, 13.093053301711583 ], [ 80.165390025529135, 13.091946010865527 ], [ 80.164046289155678, 13.091536747916436 ], [ 80.164674042036211, 13.090555097057228 ], [ 80.164940595222831, 13.08952640304183 ], [ 80.164891037445841, 13.088466156583314 ], [ 80.164529640513535, 13.087465665457568 ], [ 80.16388753088485, 13.086611090286169 ], [ 80.163020008002391, 13.085976024779583 ], [ 80.162001781472568, 13.08561515847904 ], [ 80.160920537421973, 13.085559567561159 ], [ 80.159379394625347, 13.085844036784149 ], [ 80.158179773357844, 13.086624131631691 ], [ 80.157531897509188, 13.087474512583896 ], [ 80.157163740197277, 13.088472630446509 ], [ 80.157107009740415, 13.089532529367794 ], [ 80.15734426744288, 13.090501113548653 ], [ 80.156426706305808, 13.091404355816685 ], [ 80.155259423726108, 13.091664017289538 ], [ 80.15402965578339, 13.092476431913417 ], [ 80.152801935968583, 13.091995195445456 ], [ 80.151720668690189, 13.091939564440047 ], [ 80.15066948473023, 13.092193996102687 ], [ 80.149813530368363, 13.09268270995338 ], [ 80.149140268324828, 13.091962015220227 ], [ 80.14821343852239, 13.091413309058813 ], [ 80.146440746222737, 13.09114956184535 ], [ 80.145389561620178, 13.091403971883686 ], [ 80.14445897738922, 13.091946535855177 ], [ 80.143649132497089, 13.092810529098239 ], [ 80.143108156476046, 13.094056708344924 ], [ 80.139930839910065, 13.094199559446624 ], [ 80.138485344565822, 13.094643335881029 ], [ 80.137000318845537, 13.093019733625701 ], [ 80.136023106177063, 13.092562674486164 ], [ 80.134952621278188, 13.092403354288939 ], [ 80.133489720318877, 13.092683917120533 ], [ 80.132045912588538, 13.093726044988417 ], [ 80.131255523202455, 13.095429859395555 ], [ 80.129655906083755, 13.096526018506053 ], [ 80.128883708652126, 13.098112230900261 ], [ 80.128826852803712, 13.099172115205924 ], [ 80.129086326773404, 13.100202538892633 ], [ 80.129639788427411, 13.101114761904407 ], [ 80.130578293892881, 13.101912357403014 ], [ 80.129761545199202, 13.102606926258064 ], [ 80.128161008178111, 13.102419555724342 ], [ 80.126781898781587, 13.102824526264847 ], [ 80.125909963026416, 13.103453819333362 ], [ 80.125167207293075, 13.104498677071343 ], [ 80.123559110610415, 13.105266356699785 ], [ 80.122641928312461, 13.106354075251271 ], [ 80.122273600712433, 13.107352131402125 ], [ 80.122268598511326, 13.108763270265644 ], [ 80.12262984651592, 13.109763810361638 ], [ 80.123539319137208, 13.110857743580416 ], [ 80.124466158499473, 13.111406538753211 ], [ 80.125877230706209, 13.111686632589768 ], [ 80.127618121499296, 13.111265480010376 ], [ 80.12899801609916, 13.110066572948716 ], [ 80.130617701713305, 13.110824717715662 ], [ 80.131699040717947, 13.11088044195203 ], [ 80.132750319719975, 13.110626094111947 ], [ 80.133680999684657, 13.110083579122323 ], [ 80.134410928983698, 13.10929961955223 ], [ 80.135006146226289, 13.107741376983673 ], [ 80.136054068135593, 13.106355476581765 ], [ 80.136335425020818, 13.105053293602172 ], [ 80.139463893490117, 13.104556069336134 ], [ 80.140827523795025, 13.104549555427567 ], [ 80.141976107498024, 13.104120866019255 ], [ 80.143659101294247, 13.104024478971178 ], [ 80.145001075766757, 13.103323482199757 ], [ 80.145987590620422, 13.102093020387111 ], [ 80.146454548609285, 13.102459119503465 ], [ 80.146508718518717, 13.10375361990198 ], [ 80.14687006068219, 13.104754132047882 ], [ 80.148055765410248, 13.106050141508435 ], [ 80.147906737956106, 13.107462380879594 ], [ 80.148412107812234, 13.10969585906013 ], [ 80.147350360213323, 13.110166086882161 ], [ 80.146545580721835, 13.1108761874612 ], [ 80.145811551606101, 13.11231542438394 ], [ 80.144668879903421, 13.11338052823394 ], [ 80.14411341178706, 13.114682427767905 ], [ 80.144056612521055, 13.115742317904521 ], [ 80.144316163776082, 13.116772729967135 ], [ 80.144869716765115, 13.117684924895645 ], [ 80.145825865552908, 13.118492849089096 ], [ 80.145879432212567, 13.118796710740074 ], [ 80.14485880223755, 13.119790526517574 ], [ 80.144359180367729, 13.120876948183859 ], [ 80.142872397773289, 13.120860451587211 ], [ 80.141248757872717, 13.121606498212305 ], [ 80.140175641192215, 13.123014606775733 ], [ 80.139892154849122, 13.124445181546221 ], [ 80.13859087470577, 13.124585508034269 ], [ 80.137610372845486, 13.12503601292291 ], [ 80.136805516233295, 13.125746077540994 ], [ 80.13618815152563, 13.126810281253618 ], [ 80.134929535903254, 13.127073920431499 ], [ 80.133752555932247, 13.127833662941519 ], [ 80.132282362580497, 13.12718528788529 ], [ 80.130842560398818, 13.127180429827186 ], [ 80.12935171187695, 13.127664536636011 ], [ 80.128530858283, 13.128248694291573 ], [ 80.127420856573252, 13.126822256573941 ], [ 80.125802449939599, 13.126065311636147 ], [ 80.124011077676059, 13.126145460784125 ], [ 80.12264304053798, 13.126890930456652 ], [ 80.122820060098476, 13.125802601266161 ], [ 80.122664892181504, 13.12475220888556 ], [ 80.122205305082517, 13.123791192173165 ], [ 80.121480880843478, 13.12300231194903 ], [ 80.120554007057621, 13.122453504195045 ], [ 80.119504503868413, 13.122192030078208 ], [ 80.118042755843391, 13.122310405760972 ], [ 80.116916476405081, 13.122725910454262 ], [ 80.116495321830854, 13.121871261511771 ], [ 80.115770922087151, 13.121082366613951 ], [ 80.113593557685235, 13.119862803284354 ], [ 80.112522976461293, 13.119703383720729 ], [ 80.111109900689954, 13.119973811860911 ], [ 80.110179137976161, 13.120516239399668 ], [ 80.109261839062697, 13.121603901704075 ], [ 80.108839033015201, 13.122952824832449 ], [ 80.10897509530183, 13.124357650357611 ], [ 80.109649320577802, 13.125604506081347 ], [ 80.110449120857751, 13.12632002892388 ], [ 80.111995889859159, 13.127206449336938 ], [ 80.113045404016717, 13.127467954817977 ], [ 80.114127179928531, 13.127419602582842 ], [ 80.115253485150177, 13.127004111901201 ], [ 80.115674642866892, 13.12785876282244 ], [ 80.116399060709469, 13.128647658823834 ], [ 80.118017451049013, 13.12940466200037 ], [ 80.120188851396847, 13.129254554982316 ], [ 80.121556908628591, 13.128509099784216 ], [ 80.121379880842767, 13.129597427406797 ], [ 80.121535044937346, 13.130647820019549 ], [ 80.122464634051298, 13.132358843218924 ], [ 80.123189087072873, 13.133147722035664 ], [ 80.124116005874967, 13.13369652274687 ], [ 80.125527203102237, 13.133976626002266 ], [ 80.126598958360546, 13.133824534286186 ], [ 80.12764215945559, 13.133328868149373 ], [ 80.127616326299687, 13.134382064195865 ], [ 80.127875822505814, 13.135412488323009 ], [ 80.12877383951087, 13.136685225007868 ], [ 80.128828182475345, 13.137653335623407 ], [ 80.12918949218593, 13.138653868619805 ], [ 80.130099093264135, 13.139747784734666 ], [ 80.131026052853827, 13.140296562776884 ], [ 80.132437297608163, 13.140576630821746 ], [ 80.133509079387821, 13.140424511907909 ], [ 80.134575238349797, 13.139912263478994 ], [ 80.134250888113399, 13.141188881907505 ], [ 80.132599508752449, 13.14211386476139 ], [ 80.131951391593759, 13.142964163396506 ], [ 80.131583036507124, 13.143962229005634 ], [ 80.131526168851636, 13.145022110248197 ], [ 80.131785689921912, 13.146052531305896 ], [ 80.132991632388212, 13.147694909079931 ], [ 80.131710935211032, 13.147589565784006 ], [ 80.130291573997354, 13.148014538294358 ], [ 80.129175340112624, 13.148905985072744 ], [ 80.128492168253374, 13.150148195524737 ], [ 80.128329551261515, 13.151197506919566 ], [ 80.128484752757302, 13.152247896306893 ], [ 80.128944410742406, 13.153208904556811 ], [ 80.129845904178069, 13.154127317391607 ], [ 80.129780879385734, 13.154817210891316 ], [ 80.128490979164098, 13.154709565680177 ], [ 80.127111572812112, 13.155114518105307 ], [ 80.125995294543316, 13.156005947852604 ], [ 80.125312085230178, 13.157248146936624 ], [ 80.125217858409371, 13.159003263382731 ], [ 80.125945418831776, 13.160549926565988 ], [ 80.125512803690413, 13.161652129431397 ], [ 80.125455901017162, 13.162712006005002 ], [ 80.126048896599258, 13.164360045316121 ], [ 80.125957754187368, 13.166103267052016 ], [ 80.126504208254644, 13.167408860857323 ], [ 80.127828947922723, 13.168593667347618 ], [ 80.129567227007797, 13.169026620064095 ], [ 80.131308523777506, 13.168605469247654 ], [ 80.13264160274214, 13.167429675619907 ], [ 80.133301643481744, 13.165696918708266 ], [ 80.132998384552565, 13.163860914509195 ], [ 80.13333061717718, 13.162382484658545 ], [ 80.133054551900969, 13.160997513729029 ], [ 80.132251085091013, 13.159814719385745 ], [ 80.13248963384099, 13.159096845533853 ], [ 80.133645623294797, 13.159407991848633 ], [ 80.134727541216606, 13.159359561578885 ], [ 80.13580852462475, 13.158975440740917 ], [ 80.136843863679232, 13.158170860098364 ], [ 80.137229258377516, 13.159333954413816 ], [ 80.138138967238561, 13.160427847280923 ], [ 80.139066021303208, 13.160976601376113 ], [ 80.140477394803739, 13.161256632709028 ], [ 80.141549264442432, 13.161104485748375 ], [ 80.142529907559691, 13.160653975480296 ], [ 80.143334869115833, 13.15994390084896 ], [ 80.143894825703271, 13.159035414865007 ], [ 80.144164014631087, 13.157207772661026 ], [ 80.143904432326565, 13.156177361069039 ], [ 80.143350805868451, 13.155265161673283 ], [ 80.141913937177137, 13.154213387443077 ], [ 80.140502601334262, 13.153933366237229 ], [ 80.13908934787024, 13.154203937047187 ], [ 80.137714624483536, 13.155171505369957 ], [ 80.136585576344814, 13.152791039947269 ], [ 80.135682669568666, 13.151871630941718 ], [ 80.135595219945614, 13.150152052531233 ], [ 80.134548414770478, 13.148525103472052 ], [ 80.136187541584206, 13.148579559881584 ], [ 80.137519749434318, 13.14804400796563 ], [ 80.138728662072509, 13.146745794940626 ], [ 80.139096993810867, 13.145747717769265 ], [ 80.139159774416697, 13.144815315104147 ], [ 80.139969753536491, 13.144423989360206 ], [ 80.140870587448873, 13.14358806646521 ], [ 80.142329211943775, 13.143740430948514 ], [ 80.143708533814404, 13.143335390984211 ], [ 80.144824692794714, 13.142443875896271 ], [ 80.145504599308424, 13.141405381026519 ], [ 80.145790294956967, 13.140022285049879 ], [ 80.145311787629922, 13.138235782480191 ], [ 80.145573704158352, 13.136517732904295 ], [ 80.145022355479227, 13.134938485386744 ], [ 80.144784100448604, 13.133077326986726 ], [ 80.144144266887878, 13.132071226322454 ], [ 80.143730354400361, 13.130705977657666 ], [ 80.143091799146262, 13.129855250963013 ], [ 80.143569561109118, 13.128102633697079 ], [ 80.145388459740417, 13.12768537813308 ], [ 80.146260439600468, 13.127056022518328 ], [ 80.146927450166629, 13.126166680208783 ], [ 80.147896505183255, 13.126381156203266 ], [ 80.148849557893698, 13.127300364754431 ], [ 80.149888221435134, 13.127772646236199 ], [ 80.150240837584931, 13.128755514501069 ], [ 80.150069849422437, 13.129827838570097 ], [ 80.150225136653944, 13.130878221436703 ], [ 80.151227694593985, 13.132465503988684 ], [ 80.150343106637393, 13.134172497830955 ], [ 80.150425063729074, 13.135928219432435 ], [ 80.150884783341226, 13.136889193044064 ], [ 80.152075878104569, 13.138294418051689 ], [ 80.152048194932121, 13.139793664641681 ], [ 80.15259474131274, 13.141099210501762 ], [ 80.15360947846257, 13.142100395478101 ], [ 80.154937922466203, 13.142644793925728 ], [ 80.157097656486556, 13.142796653575907 ], [ 80.158510830383022, 13.142525978293731 ], [ 80.159710732836544, 13.141745901586193 ], [ 80.16051468557967, 13.140575186822858 ], [ 80.160800296961014, 13.139192068911766 ], [ 80.160524093283783, 13.137807117191048 ], [ 80.15972813256711, 13.136631176883609 ], [ 80.158265273442609, 13.135714884859031 ], [ 80.158022371932731, 13.134315536392474 ], [ 80.15998786032425, 13.134469516676349 ], [ 80.161596292841054, 13.133734358731326 ], [ 80.162539490113218, 13.13489810751973 ], [ 80.163807081146132, 13.135567450491747 ], [ 80.165597944220821, 13.135659505968134 ], [ 80.16733786672232, 13.134906711922744 ], [ 80.169108149831203, 13.13577484958518 ], [ 80.171049487520676, 13.13578531262783 ], [ 80.171929752413661, 13.136434024282345 ], [ 80.173306252754898, 13.13684809299593 ], [ 80.175081031852031, 13.136595900974516 ], [ 80.176524935183039, 13.135553539487288 ], [ 80.177317826896228, 13.134161181276241 ], [ 80.177411663813572, 13.132406019281811 ], [ 80.176650223416274, 13.13081475107699 ], [ 80.1755401981262, 13.129915959421229 ], [ 80.174483170741013, 13.129549393146748 ], [ 80.17325335587428, 13.128723172817018 ], [ 80.171842117525813, 13.128443329766997 ], [ 80.170757289925433, 13.128600163588777 ], [ 80.169190394932343, 13.128409579735887 ], [ 80.167522126673987, 13.128983304478439 ], [ 80.166402878702598, 13.128422539922349 ], [ 80.164970456831412, 13.128279577656379 ], [ 80.163919126390681, 13.128534054139468 ], [ 80.162573681855605, 13.129295669230565 ], [ 80.161898018688888, 13.128371146545762 ], [ 80.159983518759091, 13.126953255901338 ], [ 80.158572309956099, 13.126673341549687 ], [ 80.157358897698089, 13.126874738683863 ], [ 80.157204793049843, 13.12580172652841 ], [ 80.156745066043769, 13.124840763152088 ], [ 80.155730381863975, 13.123839592751382 ], [ 80.15456380064218, 13.123335483069008 ], [ 80.154377646479176, 13.122725220456035 ], [ 80.154936089647009, 13.122666289236264 ], [ 80.155492029435067, 13.12337881886482 ], [ 80.15650192076339, 13.124080433428389 ], [ 80.157499533626051, 13.125358065564807 ], [ 80.159118045596927, 13.126114816911413 ], [ 80.160557852232657, 13.126119516432693 ], [ 80.161795854276917, 13.125638653167842 ], [ 80.162947758541776, 13.125826663783693 ], [ 80.165337920555118, 13.125549507475558 ], [ 80.166669947409616, 13.125013792197445 ], [ 80.16787859517008, 13.123715423692451 ], [ 80.168301086976768, 13.122366383842483 ], [ 80.168174684086694, 13.120831568428486 ], [ 80.167267026841046, 13.119331054532338 ], [ 80.167833348128951, 13.119173652734114 ], [ 80.168829855274126, 13.120150544545318 ], [ 80.169807242047739, 13.12060748864957 ], [ 80.171598001922149, 13.120699496126258 ], [ 80.172618777769344, 13.120345215280818 ], [ 80.173490667062424, 13.119715761321087 ], [ 80.174138581887689, 13.118865344135068 ], [ 80.174556722877227, 13.117697202125957 ], [ 80.174474591865717, 13.115941475807645 ], [ 80.173800052127902, 13.114694770406832 ], [ 80.17300009139349, 13.113979434744321 ], [ 80.171671751872083, 13.113435135211072 ], [ 80.170590382085265, 13.113379577537806 ], [ 80.169535855115967, 13.113635582192348 ], [ 80.168652929785068, 13.112795437121816 ], [ 80.169706909871536, 13.112260407504438 ], [ 80.170748262126935, 13.112634866027529 ], [ 80.172187994598985, 13.1126394958277 ], [ 80.173519937567576, 13.112103739546436 ], [ 80.17447331873295, 13.11121778449491 ], [ 80.175646826557795, 13.111986863334451 ], [ 80.177462645302612, 13.112308703989193 ], [ 80.178199880037852, 13.113118278002457 ], [ 80.179126861234707, 13.113666884331492 ], [ 80.180176407288158, 13.11392811726205 ], [ 80.181412529378136, 13.113842091942894 ], [ 80.182550059348557, 13.115975365712977 ], [ 80.183390055717496, 13.116730673938452 ], [ 80.184519937671581, 13.117225512177185 ], [ 80.184759852486621, 13.117568590754431 ], [ 80.184589983945173, 13.118638343308083 ], [ 80.184765414103708, 13.119758714813173 ], [ 80.185225244875269, 13.120719634446326 ], [ 80.185949877574259, 13.121508347373645 ], [ 80.188377484948504, 13.122877580859749 ], [ 80.189448148679972, 13.123036688764394 ], [ 80.190825514096673, 13.122778209218481 ], [ 80.191938521537551, 13.123194939385522 ], [ 80.192897015573607, 13.123255942946022 ], [ 80.192983853220682, 13.123518270274181 ], [ 80.192039690488315, 13.123956404838843 ], [ 80.191234983273176, 13.124666649301469 ], [ 80.190463069761861, 13.126253061361956 ], [ 80.190545313540198, 13.128008788061296 ], [ 80.191462308757025, 13.12951920165208 ], [ 80.192656929804443, 13.130306959930724 ], [ 80.193976566798895, 13.130638142928024 ], [ 80.195058362271467, 13.130589450336474 ], [ 80.19632396363248, 13.130092302837339 ], [ 80.195939778991786, 13.13167849470501 ], [ 80.196216178803851, 13.133063420344294 ], [ 80.19701230968235, 13.134239257613229 ], [ 80.198316972745189, 13.135116992818324 ], [ 80.199366633497974, 13.13537815355642 ], [ 80.20044845007736, 13.135329439451306 ], [ 80.201469253225639, 13.134975045677313 ], [ 80.202382253956017, 13.134352916950519 ], [ 80.20267402281209, 13.135422573978401 ], [ 80.202362112770402, 13.136352840298951 ], [ 80.200598259147867, 13.137229081114278 ], [ 80.199379947876253, 13.137139596711501 ], [ 80.19690862464941, 13.137614206868509 ], [ 80.195977961750629, 13.138156951426973 ], [ 80.195268647516471, 13.138914152521682 ], [ 80.194051802119972, 13.138703312531177 ], [ 80.19263867728948, 13.138974186842095 ], [ 80.191194815564799, 13.140016641343813 ], [ 80.190483096081294, 13.141370498542809 ], [ 80.188760922141853, 13.140655261070311 ], [ 80.187870340861437, 13.139691672977927 ], [ 80.186943244279846, 13.139143092368208 ], [ 80.185531927025238, 13.138863320227747 ], [ 80.184154577625549, 13.139121727201672 ], [ 80.182870191320632, 13.13763936575832 ], [ 80.181183647749762, 13.13704189102878 ], [ 80.179750244091039, 13.137175642792675 ], [ 80.17847817280645, 13.137836804401575 ], [ 80.177561089742326, 13.138924723264475 ], [ 80.177192921943359, 13.139922866070995 ], [ 80.177285067339056, 13.141848589888538 ], [ 80.177744904047586, 13.142809521968589 ], [ 80.178469572045188, 13.143598257033037 ], [ 80.179396664058061, 13.144146867888992 ], [ 80.180446337920372, 13.14440810675411 ], [ 80.182245452570044, 13.144144706239349 ], [ 80.183459605087904, 13.145608304413155 ], [ 80.185203021557641, 13.14638343381217 ], [ 80.18610981053385, 13.147240675738566 ], [ 80.18708733739156, 13.14769756144505 ], [ 80.188519891568376, 13.147840407708486 ], [ 80.189959177135776, 13.147425116457761 ], [ 80.191075200970047, 13.146533391938448 ], [ 80.191782259442135, 13.145197577159673 ], [ 80.193037428841379, 13.145857592305786 ], [ 80.194469977851867, 13.146000405002086 ], [ 80.195849244372923, 13.145595080958422 ], [ 80.197158506931302, 13.144449638164909 ], [ 80.198670038696463, 13.144620403085359 ], [ 80.201048347270344, 13.144165037590421 ], [ 80.201386027650486, 13.145483479464263 ], [ 80.202186526117003, 13.146663152034364 ], [ 80.201324633286134, 13.147406744440802 ], [ 80.200764909513182, 13.148315370525035 ], [ 80.2004795056436, 13.14969854440475 ], [ 80.200635016458463, 13.150748908635633 ], [ 80.201702149276088, 13.152599293380028 ], [ 80.20289691309226, 13.153387010995921 ], [ 80.204599831145075, 13.153653564543687 ], [ 80.204838614748766, 13.154529155955457 ], [ 80.2032614530073, 13.154490569819748 ], [ 80.201060461756398, 13.155195808780435 ], [ 80.199951730797977, 13.155023311863591 ], [ 80.199055307106804, 13.155133231779148 ], [ 80.198306152018446, 13.154674509309711 ], [ 80.198361929466856, 13.15306573947988 ], [ 80.197600294658329, 13.151474524268966 ], [ 80.196490099319206, 13.150575814619009 ], [ 80.195143821315767, 13.150166371990686 ], [ 80.19437028620797, 13.148494559437731 ], [ 80.193570158579675, 13.14777927968683 ], [ 80.192592617914499, 13.147322417926652 ], [ 80.191160062994868, 13.147179594398709 ], [ 80.189780781280604, 13.147584892268124 ], [ 80.188584748267743, 13.148536609673625 ], [ 80.187901866699178, 13.149778996202487 ], [ 80.187756104289548, 13.151182913169066 ], [ 80.188169660727297, 13.152534628322567 ], [ 80.189369788627161, 13.153840699453797 ], [ 80.190946611293313, 13.154421804360799 ], [ 80.191524835598955, 13.155939681821508 ], [ 80.193007306349017, 13.15719775478478 ], [ 80.192977993625732, 13.15870423093471 ], [ 80.193739617314762, 13.160295458535568 ], [ 80.195176758840873, 13.161346957545657 ], [ 80.196226525402224, 13.161608136818591 ], [ 80.197527757959094, 13.161506339747195 ], [ 80.199209147000687, 13.162337652476088 ], [ 80.198682498308216, 13.163593146166866 ], [ 80.198625908262471, 13.16465305762028 ], [ 80.19903954348348, 13.16600475861623 ], [ 80.199701106442831, 13.166876365828152 ], [ 80.197828468238171, 13.167114209125424 ], [ 80.196384454829371, 13.16815668229528 ], [ 80.195824661825156, 13.169065292408076 ], [ 80.195558129140281, 13.170094014654691 ], [ 80.195607813748268, 13.171154257270574 ], [ 80.196109949832319, 13.172386103447952 ], [ 80.194758483925227, 13.172654194367002 ], [ 80.193558525880206, 13.173434430652998 ], [ 80.192910520257641, 13.174284888761564 ], [ 80.19250181274046, 13.17554504781541 ], [ 80.191540500433049, 13.176664870455912 ], [ 80.191172322351079, 13.177663030421554 ], [ 80.191115693225598, 13.178722937020069 ], [ 80.191475488760176, 13.180143313242677 ], [ 80.191941599680575, 13.180938701834798 ], [ 80.190228505339178, 13.181194172557001 ], [ 80.188798492413667, 13.182084381654175 ], [ 80.187147660787716, 13.183980972297348 ], [ 80.186531690974093, 13.185750410304191 ], [ 80.185529304156901, 13.186206342250065 ], [ 80.184507645884011, 13.187200940182043 ], [ 80.183743365516378, 13.189273724108171 ], [ 80.182010622772793, 13.189694838912757 ], [ 80.180894363535145, 13.190586507729245 ], [ 80.180334459392967, 13.191495076166506 ], [ 80.179967992283309, 13.192824040459854 ], [ 80.178493703001408, 13.191723177243178 ], [ 80.177196373998555, 13.191449211292218 ], [ 80.175853076333411, 13.190712525011243 ], [ 80.174782133672451, 13.19055334453363 ], [ 80.173710146522509, 13.190705623559529 ], [ 80.172729429839109, 13.191156248237201 ], [ 80.171924439573104, 13.191866412383106 ], [ 80.171207747002825, 13.192956660069671 ], [ 80.169930757318724, 13.191836043232096 ], [ 80.168192231377432, 13.191403350825119 ], [ 80.166450818097161, 13.19182474543604 ], [ 80.165267770167489, 13.192803887618346 ], [ 80.163662298978096, 13.192433355303427 ], [ 80.162370502417602, 13.192661835602342 ], [ 80.161681089541247, 13.191384978729429 ], [ 80.160570863818648, 13.190486113536966 ], [ 80.159194095173504, 13.19007196161404 ], [ 80.158073547775516, 13.190129800189784 ], [ 80.158072538977535, 13.188756347874868 ], [ 80.157525873075059, 13.187450810310395 ], [ 80.156430944321073, 13.186389632701397 ], [ 80.15510226683628, 13.18584522933806 ], [ 80.153662113605492, 13.18584047818182 ], [ 80.15264103832456, 13.186194663990396 ], [ 80.151524697255439, 13.187086199705357 ], [ 80.150964697400724, 13.187994698210437 ], [ 80.150697954776717, 13.189023360006532 ], [ 80.150747444435297, 13.190083598548123 ], [ 80.15150887203508, 13.191674937274238 ], [ 80.153025994166228, 13.192786671034778 ], [ 80.154075837377576, 13.193048027503451 ], [ 80.155196397956004, 13.192990207284961 ], [ 80.155306720506616, 13.194770504063607 ], [ 80.153710588995196, 13.194569584926933 ], [ 80.152330987950378, 13.194974660568249 ], [ 80.151214603983149, 13.1958661918451 ], [ 80.150531394069446, 13.197108455331854 ], [ 80.150358824600133, 13.198267780537446 ], [ 80.150635016820857, 13.199652737401536 ], [ 80.151188760631626, 13.200564925690765 ], [ 80.152298992698121, 13.201463831532793 ], [ 80.154037553965139, 13.20189663408653 ], [ 80.155779055668916, 13.201475329765268 ], [ 80.157112213898031, 13.200299415578863 ], [ 80.157733397539417, 13.198514041776418 ], [ 80.158321201560895, 13.199278785981306 ], [ 80.159189091286208, 13.19991388507186 ], [ 80.160207774015234, 13.200274787490773 ], [ 80.161289518588703, 13.200330411165073 ], [ 80.162991169245345, 13.199736111951585 ], [ 80.163929557194493, 13.199770409982662 ], [ 80.164981196096264, 13.199515953042539 ], [ 80.166500926433869, 13.198374750990608 ], [ 80.168237765835542, 13.198806648161087 ], [ 80.169651256481927, 13.198535931193447 ], [ 80.170851410770126, 13.197755819951196 ], [ 80.171644977976399, 13.196606720868621 ], [ 80.172829280461158, 13.197603990388444 ], [ 80.173847977218372, 13.197964839226973 ], [ 80.174795901913768, 13.198026413973285 ], [ 80.175344549674747, 13.19836982753527 ], [ 80.175387352307126, 13.199473942433793 ], [ 80.175848961772289, 13.200640922004263 ], [ 80.174352149470209, 13.200493347728544 ], [ 80.173280118448503, 13.20064562226441 ], [ 80.172007693573434, 13.201306728193533 ], [ 80.171277586205235, 13.20209077980306 ], [ 80.170667688664921, 13.203743631837709 ], [ 80.170992693810163, 13.20562438587457 ], [ 80.169614300328362, 13.206636380501555 ], [ 80.168421140910041, 13.208498688463269 ], [ 80.168275212789538, 13.209902579419099 ], [ 80.168685777558466, 13.211248131238142 ], [ 80.167737652480071, 13.211796688533529 ], [ 80.167007498990728, 13.212580724669245 ], [ 80.166541079556225, 13.213538659131114 ], [ 80.166386409208741, 13.214441488742883 ], [ 80.165264227710523, 13.215884863391071 ], [ 80.164978525236904, 13.217267974279491 ], [ 80.165236691754473, 13.218602767945649 ], [ 80.164360161140735, 13.219654508996635 ], [ 80.163937448126902, 13.221003520999259 ], [ 80.164073844763607, 13.222408329450351 ], [ 80.164733066451348, 13.22363440843033 ], [ 80.163207596299003, 13.224356645910758 ], [ 80.162134114440804, 13.225764815654971 ], [ 80.161855850753909, 13.227307831015636 ], [ 80.161204085990377, 13.228314801738472 ], [ 80.160937331193963, 13.229343470954772 ], [ 80.161073712216236, 13.230748279353104 ], [ 80.161562272580611, 13.231747343011396 ], [ 80.160007563232085, 13.232476616032301 ], [ 80.159090023892404, 13.233564435025629 ], [ 80.158667253696549, 13.23491343369572 ], [ 80.158858953262154, 13.236471354479534 ], [ 80.157994080556549, 13.237216241961532 ], [ 80.157433977753186, 13.238124745662448 ], [ 80.15716719413841, 13.239153408574678 ], [ 80.157195745081268, 13.24007191107472 ], [ 80.156369948644098, 13.241084396573893 ], [ 80.156001518063803, 13.242082486826066 ], [ 80.156047620766159, 13.243695829300615 ], [ 80.1552075176877, 13.244196571330276 ], [ 80.154477223448822, 13.244980561534307 ], [ 80.153861727442205, 13.246733389263916 ], [ 80.153207205259108, 13.247450545450361 ], [ 80.152740658651297, 13.248408444936569 ], [ 80.152629472427378, 13.250048091816099 ], [ 80.151910621668975, 13.251328431378388 ], [ 80.151618001262463, 13.25290774913271 ], [ 80.151894242764641, 13.254292702943573 ], [ 80.152690510129716, 13.255468677648114 ], [ 80.153558573816412, 13.256103804190442 ], [ 80.154577475099174, 13.256464741015922 ], [ 80.156369803201429, 13.256384436614931 ], [ 80.157642560409158, 13.255723430896627 ], [ 80.15856019500076, 13.254635624324262 ], [ 80.159058630223541, 13.25310752959248 ], [ 80.159086659739131, 13.251853116399229 ], [ 80.16025868414593, 13.252833857617439 ], [ 80.161997621353535, 13.253266627008538 ], [ 80.163481435213185, 13.252975964434397 ], [ 80.164926097689886, 13.251933721163368 ], [ 80.165486208487906, 13.251025202217459 ], [ 80.165771959273144, 13.249642096538734 ], [ 80.165616561864198, 13.248591724198302 ], [ 80.165156601539053, 13.247630769270208 ], [ 80.164431692497203, 13.246841987231262 ], [ 80.163504264073566, 13.246293305587965 ], [ 80.162454184145901, 13.246031974636294 ], [ 80.161145941165486, 13.246088757977493 ], [ 80.162221788959087, 13.245365923002003 ], [ 80.163120097577448, 13.244275561303267 ], [ 80.163488503649205, 13.243277459409319 ], [ 80.163527336496202, 13.242096253612138 ], [ 80.164120067262132, 13.241305547033859 ], [ 80.164472878181144, 13.240367545890139 ], [ 80.165747695499689, 13.240864789794564 ], [ 80.167188175919705, 13.240869492225574 ], [ 80.168520839190009, 13.240333809048435 ], [ 80.169428447777264, 13.239489289295845 ], [ 80.170896626473152, 13.240337431030266 ], [ 80.172688255648922, 13.240429481725409 ], [ 80.17431261925546, 13.239683284269141 ], [ 80.175230118993923, 13.23859540845217 ], [ 80.175671776461087, 13.236891942028812 ], [ 80.17539541244156, 13.235507005262182 ], [ 80.174599090629144, 13.234331096954847 ], [ 80.17325104367454, 13.233196045574031 ], [ 80.172232204919652, 13.232835186766657 ], [ 80.170791769860656, 13.232830515572592 ], [ 80.169459152633792, 13.233366213619005 ], [ 80.168491183765795, 13.234289946551371 ], [ 80.167102281652973, 13.233725206263951 ], [ 80.165736666435834, 13.233709882223396 ], [ 80.165444835106513, 13.233228844425023 ], [ 80.16710246903807, 13.232453342737397 ], [ 80.168175955319029, 13.231045152892783 ], [ 80.168457137417121, 13.229565277496118 ], [ 80.169055928156027, 13.228615139718521 ], [ 80.169341625096379, 13.227232024905252 ], [ 80.169065304788674, 13.225847083006901 ], [ 80.168464678396575, 13.224884042220356 ], [ 80.170302432062215, 13.223893312725702 ], [ 80.171375860302987, 13.222485105202034 ], [ 80.171642562762059, 13.221456421502623 ], [ 80.171605525921336, 13.220480944335048 ], [ 80.172295818197142, 13.219853626775029 ], [ 80.17285582204201, 13.218945083460129 ], [ 80.173105388173838, 13.217075530628735 ], [ 80.17389813792154, 13.215467290988578 ], [ 80.17390288560523, 13.214056144806495 ], [ 80.173428779049559, 13.21287035410781 ], [ 80.17455159461359, 13.212125790788059 ], [ 80.175709764588603, 13.210655384456638 ], [ 80.176132392790365, 13.209306347036685 ], [ 80.175993154373032, 13.20789386170132 ], [ 80.177612371114961, 13.207013245183671 ], [ 80.178529725926751, 13.205925346747312 ], [ 80.178971288177408, 13.204221865531347 ], [ 80.178581090879661, 13.202599088811574 ], [ 80.180209960211499, 13.2024943583198 ], [ 80.181482371862884, 13.201833210747926 ], [ 80.182399689649117, 13.200745295871803 ], [ 80.182804285745533, 13.199512370452439 ], [ 80.183729747663349, 13.198764328613947 ], [ 80.184956271736269, 13.199108097168905 ], [ 80.186038368069759, 13.199059460402223 ], [ 80.187059458028656, 13.198705142138634 ], [ 80.187991602875201, 13.198015656449206 ], [ 80.188795626774507, 13.196844861052709 ], [ 80.189062223001514, 13.195816151266328 ], [ 80.18892568809801, 13.194411345726852 ], [ 80.188308315223381, 13.193241060593692 ], [ 80.189440746357135, 13.192753645063343 ], [ 80.190245692459385, 13.192043423135534 ], [ 80.1908055626741, 13.191134831017697 ], [ 80.191188245296729, 13.189934357924372 ], [ 80.193009980334921, 13.190220397130791 ], [ 80.19406155498568, 13.189965816442397 ], [ 80.195020099598594, 13.189398672515459 ], [ 80.19568298131253, 13.189858405608531 ], [ 80.196069183692714, 13.191024697422504 ], [ 80.196979275212556, 13.192118401429598 ], [ 80.197906588515238, 13.192666956367004 ], [ 80.198870651986596, 13.192915381201372 ], [ 80.200009284166669, 13.194438429430413 ], [ 80.201628383565932, 13.195194943072437 ], [ 80.202710125871491, 13.195250391034035 ], [ 80.203761714674627, 13.194995771281917 ], [ 80.204692584246772, 13.194453012184491 ], [ 80.205609774810583, 13.193365006047474 ], [ 80.20597792286307, 13.192366824541946 ], [ 80.205982477929481, 13.190955664579484 ], [ 80.205620786274437, 13.189955220592518 ], [ 80.204826328015088, 13.188905360049676 ], [ 80.206089704420648, 13.187574996564798 ], [ 80.206531037993415, 13.185871452515439 ], [ 80.206244536698193, 13.184386536950095 ], [ 80.205448212429104, 13.18321072105447 ], [ 80.204253300805206, 13.182423008412302 ], [ 80.202479877623418, 13.182159607164291 ], [ 80.201428343461643, 13.182414224960619 ], [ 80.200567476215298, 13.182906469749643 ], [ 80.196791489808135, 13.182990560388721 ], [ 80.195216103214662, 13.183701896224928 ], [ 80.194578447893392, 13.182371304998624 ], [ 80.196291547732784, 13.182115805444488 ], [ 80.197735646886954, 13.18107333864557 ], [ 80.198295463036573, 13.180164726366142 ], [ 80.198572547555571, 13.178938437188966 ], [ 80.19946232662835, 13.178038917089633 ], [ 80.20001767343831, 13.176736895409286 ], [ 80.200022257062429, 13.175325735784115 ], [ 80.199533250290699, 13.174115558020164 ], [ 80.200580153419637, 13.173964291176137 ], [ 80.201560755156905, 13.173513552412416 ], [ 80.202769482415093, 13.172215027787392 ], [ 80.203137605027067, 13.171216847588111 ], [ 80.203142168794926, 13.169805686279576 ], [ 80.202780514895423, 13.168805239080971 ], [ 80.202100382810315, 13.167917055718091 ], [ 80.203360171740258, 13.167774282053877 ], [ 80.204340743711953, 13.167323530752567 ], [ 80.205919421897292, 13.165574985028565 ], [ 80.206287520501675, 13.164576798507937 ], [ 80.206344077666046, 13.163516883476142 ], [ 80.206084226624796, 13.162486519524927 ], [ 80.205420208336562, 13.161454596170577 ], [ 80.206571435859772, 13.160605463746938 ], [ 80.207375242097257, 13.159434594638647 ], [ 80.207660622266232, 13.158051412569701 ], [ 80.207472596442742, 13.156911197039243 ], [ 80.208730193103818, 13.157010395338068 ], [ 80.210109503382327, 13.156604997260851 ], [ 80.211225503116239, 13.155713184043886 ], [ 80.211785208114406, 13.154804534449369 ], [ 80.212053918003278, 13.153066792207108 ], [ 80.211325004639193, 13.151150107775095 ], [ 80.209999925649129, 13.149965712218975 ], [ 80.208981361554081, 13.149605014037173 ], [ 80.207970115444027, 13.149546436290333 ], [ 80.207430203065101, 13.14801515980818 ], [ 80.20678348869906, 13.147156829063583 ], [ 80.207645365254905, 13.146413217346971 ], [ 80.208328140254665, 13.145170771782521 ], [ 80.208490414700719, 13.14412138880011 ], [ 80.208209274137658, 13.142602563150275 ], [ 80.209311978788932, 13.141538784008887 ], [ 80.210378363003741, 13.13930794376058 ], [ 80.211982178281701, 13.138392932617966 ], [ 80.212866346372621, 13.137358085204689 ], [ 80.213722422037051, 13.138699433931942 ], [ 80.215084196105906, 13.139546243395502 ], [ 80.214808516248183, 13.140904312111184 ], [ 80.214858285388019, 13.141964557761867 ], [ 80.215219956353664, 13.14296499056605 ], [ 80.21584695639234, 13.143802664836656 ], [ 80.215636206147352, 13.145383319059631 ], [ 80.216235133499382, 13.147039996664448 ], [ 80.21695994258917, 13.147828630739228 ], [ 80.217887143781667, 13.148377108402194 ], [ 80.221086915595592, 13.149088198058754 ], [ 80.222520380149987, 13.148954218598636 ], [ 80.223792405543179, 13.148292836139269 ], [ 80.224865185498359, 13.146884359962529 ], [ 80.225179386441908, 13.14491687918273 ], [ 80.227130857867522, 13.144183359948412 ], [ 80.227935535406289, 13.143473002007671 ], [ 80.228497998085231, 13.142556585577067 ], [ 80.229950877091568, 13.14200333897724 ], [ 80.230755539559738, 13.141292971248133 ], [ 80.231266664449706, 13.140483930408616 ], [ 80.232700896248005, 13.139933318539045 ], [ 80.233765812093054, 13.139025091856196 ], [ 80.233767572886464, 13.140007958927585 ], [ 80.23279947662364, 13.140155819211859 ], [ 80.231819061195267, 13.140606689056776 ], [ 80.22956440025844, 13.142967044382941 ], [ 80.229004787854095, 13.143875738692282 ], [ 80.228742124790088, 13.144880567808464 ], [ 80.227984387538953, 13.145557026514144 ], [ 80.227424763096437, 13.146465716555296 ], [ 80.227158390273104, 13.147494482212513 ], [ 80.227240172119906, 13.148681415782452 ], [ 80.225867507989378, 13.149367199882319 ], [ 80.224950577826817, 13.150455296353904 ], [ 80.224528332578458, 13.151804441414681 ], [ 80.224610606715032, 13.153003837676385 ], [ 80.22355054082351, 13.154195276943515 ], [ 80.223089964586094, 13.15614035166392 ], [ 80.222224649578678, 13.157365642079778 ], [ 80.221939351169581, 13.158748845047864 ], [ 80.22219403021036, 13.160073209110214 ], [ 80.221150464229311, 13.16163524302897 ], [ 80.220728175866725, 13.162984378455375 ], [ 80.220864886427435, 13.164389179784671 ], [ 80.221539791887096, 13.165635778425141 ], [ 80.222977090975689, 13.166687129843874 ], [ 80.224388620201154, 13.166966707145752 ], [ 80.226165239744077, 13.166524219920259 ], [ 80.22766866843024, 13.166846709993454 ], [ 80.229361931492264, 13.166575649097542 ], [ 80.230292638925903, 13.166032786690547 ], [ 80.231209608496854, 13.164944674350494 ], [ 80.231577605703833, 13.163946445732025 ], [ 80.231583205238067, 13.162543379650691 ], [ 80.233094679466873, 13.163037867319446 ], [ 80.232098198294082, 13.163724802698983 ], [ 80.231294489795971, 13.164895754611186 ], [ 80.23100923054011, 13.166278969192893 ], [ 80.231285856746382, 13.167663866695948 ], [ 80.23234989209331, 13.169078765427956 ], [ 80.233617863192933, 13.169747783119561 ], [ 80.23480008507363, 13.169901689015555 ], [ 80.236063902106622, 13.171202435488841 ], [ 80.235327375346969, 13.171991532009615 ], [ 80.234889803471447, 13.17287229748114 ], [ 80.233740033694829, 13.173245152441561 ], [ 80.232868088682366, 13.173874806192323 ], [ 80.232220211727594, 13.174725371153103 ], [ 80.231852198469298, 13.17572359912125 ], [ 80.231847797072263, 13.177134769496472 ], [ 80.232394847056156, 13.178440170928521 ], [ 80.233410071774003, 13.179441065195846 ], [ 80.234529575015941, 13.179965621563776 ], [ 80.233167912587135, 13.180234374533086 ], [ 80.232229995431112, 13.180783564088982 ], [ 80.230541170517583, 13.179964948592302 ], [ 80.228749395045881, 13.180045806808357 ], [ 80.227477212735778, 13.180707203862008 ], [ 80.226404288691853, 13.182115679946046 ], [ 80.22611897557907, 13.183578884568476 ], [ 80.226549449310312, 13.185285102094008 ], [ 80.227749940546644, 13.186591010978397 ], [ 80.229436946988798, 13.187188203197643 ], [ 80.230870632545461, 13.187054189519813 ], [ 80.232195040162267, 13.186346703417703 ], [ 80.233487771554607, 13.187037773694611 ], [ 80.235279062392081, 13.187129365624465 ], [ 80.236611299497895, 13.186593300460249 ], [ 80.237416096883607, 13.18588292123018 ], [ 80.23818792577687, 13.18429636884734 ], [ 80.238105346685742, 13.182540644877081 ], [ 80.237187877982635, 13.181030376820926 ], [ 80.235580442165741, 13.180104380026682 ], [ 80.236600689655646, 13.17995417045624 ], [ 80.237581257957132, 13.179503291821135 ], [ 80.238386028371821, 13.178792907740235 ], [ 80.238918920841385, 13.177939234589086 ], [ 80.240220036693117, 13.177544819036557 ], [ 80.241336034220993, 13.176652875539085 ], [ 80.241895683998692, 13.175744158234046 ], [ 80.242180896807412, 13.174360929816936 ], [ 80.2419251938488, 13.172970583077342 ], [ 80.24133591042137, 13.171838042386888 ], [ 80.242470588199609, 13.170685582883252 ], [ 80.243730000072404, 13.169960412777369 ], [ 80.244017121292174, 13.170085495934831 ], [ 80.243739142156542, 13.171449148046833 ], [ 80.244015844848079, 13.172834035496248 ], [ 80.244812329507312, 13.174009740900431 ], [ 80.245790979695471, 13.17469621536477 ], [ 80.246189697711372, 13.175945367175363 ], [ 80.246872317482811, 13.176879760863768 ], [ 80.248067351027316, 13.177667281272074 ], [ 80.249117254722847, 13.177928250807952 ], [ 80.250199260723619, 13.177879337105558 ], [ 80.251438150631046, 13.177397598643731 ], [ 80.252265395392001, 13.177504500168883 ], [ 80.25179208174616, 13.178673875104744 ], [ 80.251735712326067, 13.179733809503485 ], [ 80.251995771016098, 13.180764137372696 ], [ 80.252792318695597, 13.181939820701599 ], [ 80.254050415295211, 13.182864613696234 ], [ 80.255069190271584, 13.183225143258063 ], [ 80.256509363778449, 13.18322932387197 ], [ 80.25753030142468, 13.182874715029907 ], [ 80.258646265689976, 13.181982694487711 ], [ 80.259205866901894, 13.18107393700032 ], [ 80.259490991388674, 13.17969068501937 ], [ 80.259335216527518, 13.178640343974548 ], [ 80.258660082281637, 13.177393833682041 ], [ 80.257759963658529, 13.176601016746298 ], [ 80.256832562984457, 13.176052673649661 ], [ 80.255464560446356, 13.175775497245148 ], [ 80.255879735074998, 13.174830639449606 ], [ 80.257070963814272, 13.174684101507873 ], [ 80.258051477494973, 13.174233141272776 ], [ 80.260492798134194, 13.172138212912404 ], [ 80.26177875051701, 13.169240067032382 ], [ 80.262243892059928, 13.166134224195069 ], [ 80.263209425595761, 13.16607931254012 ], [ 80.26582461639849, 13.165362272870066 ], [ 80.267149481400111, 13.165349304728212 ], [ 80.268214449014295, 13.164968905837323 ], [ 80.269981113609319, 13.164884058100201 ], [ 80.27125310948513, 13.164222438950953 ], [ 80.272312795572731, 13.163198072490697 ], [ 80.272867728444339, 13.161895868812348 ], [ 80.272784900218809, 13.160140140213018 ], [ 80.272109741561735, 13.158893662616123 ], [ 80.270672261079667, 13.157842576803862 ], [ 80.268898916243373, 13.157579639911363 ], [ 80.267146979497625, 13.15821137002931 ], [ 80.263778990890202, 13.158369637002025 ], [ 80.261656402986702, 13.158878670337939 ], [ 80.260998497556088, 13.157991310769923 ], [ 80.261011853383962, 13.15639484915863 ], [ 80.260522521187454, 13.155184686593277 ], [ 80.261818511895456, 13.152270054999757 ], [ 80.261963856333566, 13.150866072797433 ], [ 80.261549891046087, 13.149514453990255 ], [ 80.260349381329831, 13.148208699569961 ], [ 80.258662550033463, 13.147611719148532 ], [ 80.25688774274694, 13.147864488323041 ], [ 80.255588090423529, 13.14868503308001 ], [ 80.254648683481832, 13.150239497829588 ], [ 80.253362434700776, 13.149352680288743 ], [ 80.25164588261454, 13.149087063315228 ], [ 80.252612749465115, 13.148492592537384 ], [ 80.25334244258012, 13.147708282672637 ], [ 80.253808393772374, 13.146750159389944 ], [ 80.253962737182036, 13.145846355106114 ], [ 80.255197647524881, 13.146677343498308 ], [ 80.256970894833771, 13.146940370270768 ], [ 80.258661273308334, 13.14635313100846 ], [ 80.259742470228915, 13.145288207985631 ], [ 80.260208392134572, 13.144330071353506 ], [ 80.26037044717242, 13.143280643424301 ], [ 80.26020162351837, 13.140784847680067 ], [ 80.259601377162795, 13.13940887335616 ], [ 80.260415806059143, 13.138692656863597 ], [ 80.260975293913518, 13.137783886929997 ], [ 80.261227255055601, 13.135935618746748 ], [ 80.26301755226207, 13.136608296570433 ], [ 80.264099377036942, 13.136559314345353 ], [ 80.265120108518801, 13.136204663237216 ], [ 80.266235826662552, 13.135312593878943 ], [ 80.267088030559293, 13.133639038242269 ], [ 80.268652312789939, 13.133375461825306 ], [ 80.269851851333414, 13.13259484859875 ], [ 80.270655269893126, 13.131423757723132 ], [ 80.270933058566044, 13.13017611320757 ], [ 80.271941103790624, 13.130220364746704 ], [ 80.272992355998511, 13.129965441116465 ], [ 80.274875167606538, 13.128599138830076 ], [ 80.274928590010802, 13.129595423178753 ], [ 80.275290493719467, 13.13059578464328 ], [ 80.276662727730638, 13.13200300341094 ], [ 80.276428493277606, 13.132945193046131 ], [ 80.276478527899613, 13.134005441631023 ], [ 80.277846497024896, 13.138304524015137 ], [ 80.279045681010089, 13.140780780464297 ], [ 80.280224927977301, 13.141878437180985 ], [ 80.27971833182832, 13.14336523204952 ], [ 80.279976411328633, 13.145104547331277 ], [ 80.28086122258334, 13.146388225814091 ], [ 80.281280296735588, 13.147845848670233 ], [ 80.282076956834985, 13.148837714285827 ], [ 80.282780508534699, 13.150196503044937 ], [ 80.283891037628322, 13.151094856834838 ], [ 80.284952436989983, 13.151461593427493 ], [ 80.284686130301097, 13.153194304997301 ], [ 80.285285546246612, 13.154850846531124 ], [ 80.286300905423758, 13.155851539614298 ], [ 80.287629754178255, 13.156395271870764 ], [ 80.289561362566602, 13.156303991775312 ], [ 80.29110231126478, 13.155404652865338 ], [ 80.292028687061105, 13.153899647883199 ], [ 80.292121726392907, 13.152144402474114 ], [ 80.291759726327257, 13.151144061231912 ], [ 80.291117006244093, 13.150289774048284 ], [ 80.290248918125414, 13.149655109811984 ], [ 80.289058259360019, 13.149269239255657 ], [ 80.289330540339009, 13.147920231285006 ], [ 80.289043599279822, 13.146425378165464 ], [ 80.287154862220888, 13.143519664028897 ], [ 80.286554325318548, 13.141839167095307 ], [ 80.285285049015343, 13.140631538618885 ], [ 80.285435981719473, 13.140357674412728 ], [ 80.286669798427027, 13.140845275038268 ], [ 80.288034082330142, 13.140860049482193 ], [ 80.289141063148804, 13.142011573224822 ], [ 80.290469846042427, 13.142555287889234 ], [ 80.291551398901831, 13.142610350191452 ], [ 80.292657870275605, 13.142329956004803 ], [ 80.293229519929085, 13.142474170108423 ], [ 80.293039518156291, 13.143599878219312 ], [ 80.293195423623189, 13.144650207942464 ], [ 80.293720396754239, 13.146156012160754 ], [ 80.294582313778108, 13.147206090000088 ], [ 80.294655365466483, 13.149000224834579 ], [ 80.295384997605879, 13.150305780203812 ], [ 80.293726688297014, 13.151057774731548 ], [ 80.292654266034958, 13.152466557844193 ], [ 80.292388153563493, 13.153495404710348 ], [ 80.292491013060797, 13.154764541853199 ], [ 80.291908111989287, 13.156375395794795 ], [ 80.292085226716935, 13.157920181748638 ], [ 80.293002964366565, 13.159430269348093 ], [ 80.293871093133831, 13.160064925904267 ], [ 80.295003972483798, 13.160442206798418 ], [ 80.296200968754093, 13.161741621243698 ], [ 80.297529873098568, 13.162285304738777 ], [ 80.299151837770111, 13.162245117988137 ], [ 80.299665761282469, 13.163737497263602 ], [ 80.299805149192466, 13.1651002839148 ], [ 80.300708388858851, 13.166740548332099 ], [ 80.300469147230899, 13.16799996662246 ], [ 80.300625094542653, 13.169050292231303 ], [ 80.301552648194573, 13.170686503388902 ], [ 80.301087858426996, 13.172105515094753 ], [ 80.301225031675102, 13.173510297070154 ], [ 80.301685415950544, 13.174471034286524 ], [ 80.30237359926825, 13.175226410230362 ], [ 80.302840035577887, 13.176926106654914 ], [ 80.303624378575947, 13.177906753138474 ], [ 80.303438979787629, 13.17902000112613 ], [ 80.30371602788982, 13.180404841213191 ], [ 80.304270319079265, 13.181316728793472 ], [ 80.305309269273494, 13.182172566779471 ], [ 80.305186245569402, 13.182470057862036 ], [ 80.304337531216291, 13.18203775935898 ], [ 80.303507224905516, 13.180769663558312 ], [ 80.302348029109851, 13.179999216225619 ], [ 80.29984971568102, 13.176663353983333 ], [ 80.298394324879055, 13.175606158745687 ], [ 80.297457208943996, 13.174019723521006 ], [ 80.29588485426406, 13.173102858116867 ], [ 80.295633930707055, 13.17213530950476 ], [ 80.295079691361067, 13.171223405252762 ], [ 80.293614477862917, 13.170162691905654 ], [ 80.292999683555351, 13.169083427778535 ], [ 80.292166902233149, 13.168349352621966 ], [ 80.292825895500599, 13.167333492113587 ], [ 80.293110813135144, 13.165950190702546 ], [ 80.29295489921067, 13.164889861980843 ], [ 80.292279624017013, 13.163643431976038 ], [ 80.290842024894232, 13.162592453623683 ], [ 80.289792132180793, 13.162331655618027 ], [ 80.288710193402565, 13.162380740320605 ], [ 80.287689380454665, 13.162735480564873 ], [ 80.286817601870524, 13.163365327397054 ], [ 80.28616993327357, 13.164216040582057 ], [ 80.285802152374544, 13.165214359146228 ], [ 80.285745934971104, 13.16628430992362 ], [ 80.286006126665995, 13.16731461107714 ], [ 80.28656032336643, 13.168226533050278 ], [ 80.287393086626622, 13.168960625537897 ], [ 80.2866740664291, 13.170046469785003 ], [ 80.286396257067494, 13.171581145123881 ], [ 80.285157232031366, 13.171844621799753 ], [ 80.284226611812713, 13.172387688217079 ], [ 80.283496934828094, 13.17317208568153 ], [ 80.283009748308487, 13.174212562715274 ], [ 80.281999352713527, 13.173218528830757 ], [ 80.280670429221132, 13.172674764115859 ], [ 80.279588749742771, 13.17261964948467 ], [ 80.278111337048529, 13.17308266737537 ], [ 80.276468736867827, 13.173185968101 ], [ 80.275196706017894, 13.173847610967485 ], [ 80.274466997083479, 13.174631980950734 ], [ 80.274001065469662, 13.175590141120839 ], [ 80.273843289958933, 13.176729673752597 ], [ 80.273490174261482, 13.175764319727586 ], [ 80.272847460321145, 13.174909988380893 ], [ 80.271979339254202, 13.174275261530518 ], [ 80.270960572140865, 13.173914799549346 ], [ 80.269878891617964, 13.173859643810752 ], [ 80.268827447381398, 13.174114543887921 ], [ 80.267878346476422, 13.174586944839673 ], [ 80.26707367041486, 13.175297426979792 ], [ 80.266302054286783, 13.176884078878365 ], [ 80.266245747988393, 13.177944019945237 ], [ 80.266520793882989, 13.179277410512999 ], [ 80.265984061562193, 13.18015619494582 ], [ 80.265717803116161, 13.18118500465898 ], [ 80.265767790076467, 13.182245249491984 ], [ 80.266153165771598, 13.183357567677723 ], [ 80.266087749689618, 13.185005251784935 ], [ 80.266815629547693, 13.18655069536098 ], [ 80.265981890862719, 13.188204066321752 ], [ 80.266072633710181, 13.189981804984297 ], [ 80.265846283854117, 13.190335170835708 ], [ 80.264939700658388, 13.189538687605557 ], [ 80.263610733493351, 13.188994832525804 ], [ 80.261818890008158, 13.189075918899954 ], [ 80.260543309345309, 13.189740509988086 ], [ 80.259549757074709, 13.188768733890624 ], [ 80.258020810015012, 13.188154852366516 ], [ 80.256939072989482, 13.188099638952352 ], [ 80.256011401417638, 13.188311467643311 ], [ 80.254047944176961, 13.188178598346603 ], [ 80.252650884402669, 13.187584871559011 ], [ 80.250909162128238, 13.187399635259647 ], [ 80.249218481007105, 13.187986805561989 ], [ 80.248009903905412, 13.189285556865313 ], [ 80.247568845960174, 13.190989187417509 ], [ 80.247845586219569, 13.192374070992587 ], [ 80.248642147836406, 13.193549767119073 ], [ 80.249837265477296, 13.194337282917772 ], [ 80.251547250894944, 13.194728250215663 ], [ 80.252628354970213, 13.194679469205397 ], [ 80.254427291332448, 13.195358256429259 ], [ 80.256130596938249, 13.195130477307895 ], [ 80.257117330451251, 13.195368262432332 ], [ 80.258199413623558, 13.195319319027123 ], [ 80.25982667237615, 13.194569516604393 ], [ 80.260529929593488, 13.195329021776562 ], [ 80.261547410328362, 13.195937355493703 ], [ 80.263321018542129, 13.196200356541816 ], [ 80.265011728684726, 13.195613094754252 ], [ 80.266213722986521, 13.194324865790074 ], [ 80.266526823725329, 13.194658654006975 ], [ 80.265890820774345, 13.19584001779878 ], [ 80.265728742181039, 13.196889444376302 ], [ 80.266005590601139, 13.198274313480205 ], [ 80.266837814814608, 13.199481718435214 ], [ 80.26616750466853, 13.201214995984671 ], [ 80.266155358167524, 13.203903997664234 ], [ 80.266569424213756, 13.205255609510397 ], [ 80.267378120320316, 13.206258174459409 ], [ 80.266877406135819, 13.20773500120935 ], [ 80.267135437071133, 13.209474319560291 ], [ 80.267932145187729, 13.21064996193725 ], [ 80.268891870454866, 13.21132742360261 ], [ 80.268313611860819, 13.212256205469405 ], [ 80.268028488668023, 13.213639464415701 ], [ 80.268996282045279, 13.217072972444097 ], [ 80.26879841917318, 13.218219471946369 ], [ 80.268954250609099, 13.219269807463835 ], [ 80.269629541936112, 13.220516295366597 ], [ 80.271067369375658, 13.221567400799103 ], [ 80.272799284343776, 13.221876731994987 ], [ 80.274212827306712, 13.221605438809048 ], [ 80.275143659831457, 13.221062421576489 ], [ 80.275873512523376, 13.220278059505588 ], [ 80.27633953111652, 13.219319903246852 ], [ 80.276501584737034, 13.218270470182036 ], [ 80.276345721159643, 13.217220137540707 ], [ 80.275796184517262, 13.216140832959988 ], [ 80.275884809423658, 13.2149559241138 ], [ 80.275545655190626, 13.212520144892807 ], [ 80.274527378170419, 13.21092025977843 ], [ 80.275381974169093, 13.210513021672863 ], [ 80.276186748384248, 13.20980252011654 ], [ 80.276932519428541, 13.208315916706637 ], [ 80.278210736209616, 13.207924592442707 ], [ 80.279326748991977, 13.207032485543269 ], [ 80.279886338274636, 13.206123683621763 ], [ 80.280171384394706, 13.204740406748241 ], [ 80.279721707343057, 13.203003327798331 ], [ 80.279861343589715, 13.202040409129792 ], [ 80.279705472109669, 13.200990077006395 ], [ 80.279245131600419, 13.200029304112405 ], [ 80.278299969420132, 13.199050832245012 ], [ 80.277372437021867, 13.198502557606405 ], [ 80.27596065247927, 13.198223259818365 ], [ 80.274219332596033, 13.198645394503197 ], [ 80.272984526315398, 13.199693502413984 ], [ 80.27258289262862, 13.199166103307341 ], [ 80.273169214435185, 13.198049932145963 ], [ 80.273331262560163, 13.197000499336589 ], [ 80.273054373490851, 13.19561563593742 ], [ 80.272405644077139, 13.19460089790619 ], [ 80.273060298471776, 13.193744176153942 ], [ 80.273428178886505, 13.192745882927142 ], [ 80.273484461189341, 13.191685940055892 ], [ 80.273163207986741, 13.190528107244182 ], [ 80.273601140182052, 13.18883048907079 ], [ 80.273445300981066, 13.187780153880606 ], [ 80.272776926752897, 13.186542789655345 ], [ 80.273346018816454, 13.185623756170861 ], [ 80.273631071364704, 13.184240485057353 ], [ 80.273106035057396, 13.182379259738484 ], [ 80.272943048167875, 13.180568382271918 ], [ 80.273658952203007, 13.179289913031768 ], [ 80.273916719345721, 13.177380378823639 ], [ 80.274455158027067, 13.178650693308549 ], [ 80.275470563797825, 13.179651430192333 ], [ 80.276748404531077, 13.180197992046413 ], [ 80.278181227053139, 13.180340350754868 ], [ 80.281770603952367, 13.179564567495913 ], [ 80.282886470457242, 13.178672435852356 ], [ 80.28355815524165, 13.177459147190064 ], [ 80.284290360572058, 13.178259265749041 ], [ 80.285217835824767, 13.178807513076286 ], [ 80.286629523373065, 13.179086755098659 ], [ 80.287701416579154, 13.178933997055381 ], [ 80.28924251735809, 13.178034678432368 ], [ 80.290171972412892, 13.176518184117583 ], [ 80.290885503147521, 13.17687852910103 ], [ 80.291146001700525, 13.177914672341711 ], [ 80.291942734449336, 13.17909024354991 ], [ 80.293454771043926, 13.17998963298807 ], [ 80.294595264010709, 13.182120940425927 ], [ 80.295940217495513, 13.183716630195057 ], [ 80.297537955723286, 13.184824175682841 ], [ 80.298220209265324, 13.186036654931458 ], [ 80.299821697857936, 13.187145504684878 ], [ 80.30097271456161, 13.188810333333194 ], [ 80.301840964874387, 13.189444967716112 ], [ 80.302859846790909, 13.18980531213198 ], [ 80.303941611971197, 13.189860332596258 ], [ 80.304971535218499, 13.189612783406895 ], [ 80.305772739542135, 13.190800383387284 ], [ 80.306850980022872, 13.191533004193039 ], [ 80.307415220369222, 13.192951091004197 ], [ 80.30867906947384, 13.19419430935338 ], [ 80.308291633931972, 13.1952246527598 ], [ 80.308257660196674, 13.196915844476624 ], [ 80.308619786068874, 13.197916165623253 ], [ 80.3095138000307, 13.198994652339467 ], [ 80.309338659225176, 13.200080070491943 ], [ 80.309615758467899, 13.201464904766603 ], [ 80.310170115619755, 13.202376781531841 ], [ 80.311066261150131, 13.203274952565568 ], [ 80.310927541103595, 13.205295876097445 ], [ 80.311501703693423, 13.206636512486805 ], [ 80.311775677047692, 13.207954929051976 ], [ 80.31288518735191, 13.20946954253877 ], [ 80.312917465638961, 13.210645900389075 ], [ 80.313279628188354, 13.211646215809296 ], [ 80.314514669072992, 13.213100010710491 ], [ 80.315074999563322, 13.214491169507562 ], [ 80.315800327394129, 13.215279547008508 ], [ 80.317117104792445, 13.216027267923474 ], [ 80.316421279403983, 13.217514751708332 ], [ 80.316418807970038, 13.218931714534047 ], [ 80.316011244694238, 13.219994744323142 ], [ 80.315955132493983, 13.221054703121945 ], [ 80.316507958294721, 13.222633969346097 ], [ 80.316544340291657, 13.224570471491489 ], [ 80.317724855701442, 13.227151192749215 ], [ 80.31845022778306, 13.227939564196227 ], [ 80.320070886709473, 13.229035080312716 ], [ 80.32108996035025, 13.229395360412411 ], [ 80.322146495800013, 13.229451467852881 ], [ 80.323749995456197, 13.230195369531879 ], [ 80.327091980931698, 13.230730308817352 ], [ 80.328471550777053, 13.230324287067184 ], [ 80.329393476458975, 13.229664307668198 ], [ 80.330041185191135, 13.228813490610511 ], [ 80.330464290016863, 13.227440063683192 ], [ 80.331419901681841, 13.225909158775575 ], [ 80.33158172734241, 13.224859679882904 ], [ 80.331400831112077, 13.223740910133667 ], [ 80.331651691138219, 13.222449677141721 ], [ 80.330724423696466, 13.219074869135788 ], [ 80.330169953424544, 13.218163032556282 ], [ 80.329308156045698, 13.217315074539297 ], [ 80.32962158988893, 13.215819701677598 ], [ 80.329344364670831, 13.214434884344854 ], [ 80.328547341263942, 13.213259418262842 ], [ 80.327198322182184, 13.212417972598326 ], [ 80.327192527942401, 13.211033948156135 ], [ 80.3266449006545, 13.209728722929928 ], [ 80.325919551952964, 13.208940374944044 ], [ 80.324816976761397, 13.208330434365188 ], [ 80.325168580691937, 13.207365169314002 ], [ 80.325224647110772, 13.206305205291381 ], [ 80.324964256352587, 13.205274936868932 ], [ 80.324444847832993, 13.204358746153844 ], [ 80.323719521493274, 13.203570392708771 ], [ 80.322816987610963, 13.203034001323807 ], [ 80.322534220824551, 13.201924967329589 ], [ 80.321737268650139, 13.200749482422847 ], [ 80.320541872820939, 13.19996228923409 ], [ 80.31947836918809, 13.19970092261763 ], [ 80.319385289294715, 13.198009518311769 ], [ 80.318467253398495, 13.196499514457754 ], [ 80.317271888788795, 13.195712307259486 ], [ 80.31594271950793, 13.195370131220747 ], [ 80.316613564028287, 13.194637576593932 ], [ 80.317079373743681, 13.193679333842891 ], [ 80.317241232065967, 13.192629863331067 ], [ 80.317098963384183, 13.191524004120033 ], [ 80.318170598926727, 13.190323617882548 ], [ 80.318599376789905, 13.188842772394059 ], [ 80.319776939315915, 13.187922047218883 ], [ 80.320459291773474, 13.186679283668516 ], [ 80.3206843296268, 13.184955254688859 ], [ 80.320002129031735, 13.183189193626964 ], [ 80.31985505367814, 13.181969499199798 ], [ 80.319179596356008, 13.180723132567421 ], [ 80.318378985596254, 13.180008218888418 ], [ 80.317049936087244, 13.179464637104962 ], [ 80.315941611815262, 13.179413467739471 ], [ 80.317049147649286, 13.177679324324865 ], [ 80.317210992105927, 13.176629852026283 ], [ 80.317054970424309, 13.175579533379587 ], [ 80.316379543534964, 13.174333160303711 ], [ 80.315468343837068, 13.173552867951146 ], [ 80.315714136838949, 13.171875316343991 ], [ 80.315114477298351, 13.170218835717618 ], [ 80.31409893908689, 13.169218248880417 ], [ 80.312589199697285, 13.168647878252521 ], [ 80.312890847935464, 13.167229907249675 ], [ 80.312459792926859, 13.165523802728602 ], [ 80.311549257514343, 13.164430484297155 ], [ 80.310027056057436, 13.163698762117898 ], [ 80.310141833320102, 13.161884153499406 ], [ 80.309685166318658, 13.16072823267538 ], [ 80.309661798869527, 13.159494158468547 ], [ 80.308754706223041, 13.155429633540797 ], [ 80.307939916222423, 13.154031619567567 ], [ 80.307921702705144, 13.152764177978167 ], [ 80.307559636640661, 13.151763855785662 ], [ 80.306272233532582, 13.150407100706619 ], [ 80.306491805171291, 13.149504443842888 ], [ 80.306441641759534, 13.148444195657079 ], [ 80.306079587234194, 13.147443871659233 ], [ 80.305433271036037, 13.146586444045523 ], [ 80.305009561194382, 13.145033883692673 ], [ 80.304099131100941, 13.143940542514702 ], [ 80.303171737342282, 13.143392366427197 ], [ 80.301760228498893, 13.143113223975046 ], [ 80.300472330484524, 13.143293582354012 ], [ 80.30040193503946, 13.143099068609745 ], [ 80.301392293824065, 13.142414549717238 ], [ 80.302039850764672, 13.141563791173631 ], [ 80.302480430376789, 13.139860036427224 ], [ 80.302324487076476, 13.138809710108974 ], [ 80.301864159568694, 13.137848974603052 ], [ 80.30113909361792, 13.137060566476304 ], [ 80.300214812874415, 13.136513819387805 ], [ 80.300738471648927, 13.13547951839106 ], [ 80.30095034402467, 13.134160054101358 ], [ 80.299993322721818, 13.130605216939545 ], [ 80.29919914840869, 13.129223325481343 ], [ 80.298398758182685, 13.128508357849752 ], [ 80.297070029591836, 13.12796468650455 ], [ 80.295788090727839, 13.127938231915067 ], [ 80.296972093314139, 13.127164587024861 ], [ 80.297619622173897, 13.12631383736395 ], [ 80.298117286907001, 13.125075491555195 ], [ 80.298173432451392, 13.12401553152535 ], [ 80.297553208037527, 13.122331388035551 ], [ 80.296114139416503, 13.113369776303717 ], [ 80.29543897496319, 13.112123355978648 ], [ 80.29460272828571, 13.111387142390562 ], [ 80.295185143225211, 13.110453427791056 ], [ 80.295469860451647, 13.109072094374964 ], [ 80.297112921517126, 13.10832220438142 ], [ 80.297842354806278, 13.107537752406095 ], [ 80.298308053761758, 13.106579532699927 ], [ 80.298401013099294, 13.104824275467665 ], [ 80.297712261111499, 13.103330913360887 ], [ 80.297929863943622, 13.102130073255454 ], [ 80.297783072231468, 13.099845518303477 ], [ 80.297392875192202, 13.097935225874775 ], [ 80.296632651655628, 13.09675835983356 ], [ 80.296610879344641, 13.095514293457649 ], [ 80.295969540312186, 13.094083913092698 ], [ 80.295813845718683, 13.093029764102276 ], [ 80.294677283799999, 13.090729153195452 ], [ 80.294400786373288, 13.088904319520596 ], [ 80.293842743198724, 13.087325265284282 ], [ 80.292778667969557, 13.085910611901799 ], [ 80.291333460495181, 13.085197799201136 ], [ 80.292454767087037, 13.083753447189826 ], [ 80.292722809983658, 13.082015576762322 ], [ 80.291313469820111, 13.078019057872009 ], [ 80.290588604158444, 13.077230627021155 ], [ 80.289361998277215, 13.076576436817287 ], [ 80.289920669094116, 13.075004624852816 ], [ 80.289612560364901, 13.072855310668471 ], [ 80.287946151215706, 13.070619749153582 ], [ 80.28621497861198, 13.069663220307023 ], [ 80.286981406870623, 13.069094662784822 ], [ 80.287628806386508, 13.068243928422598 ], [ 80.287996415057108, 13.067245592035661 ], [ 80.288052577550673, 13.066185631040296 ], [ 80.286510286105127, 13.061989988665886 ], [ 80.286562500784243, 13.060955648183581 ], [ 80.286302394866368, 13.059925344792781 ], [ 80.285133462034537, 13.058433861943767 ], [ 80.285419174844748, 13.056450217187496 ], [ 80.285280299508585, 13.054584421071533 ], [ 80.284918449118962, 13.053584071450178 ], [ 80.284126022670108, 13.052595761129242 ], [ 80.284436178583533, 13.051715630447836 ], [ 80.284522339933204, 13.050035668648306 ], [ 80.283739750749135, 13.046909618037214 ], [ 80.283882273267949, 13.045515674190852 ], [ 80.283327961556495, 13.043932996798272 ], [ 80.2833701238673, 13.042374438190953 ], [ 80.28256060584323, 13.040731639808476 ], [ 80.283478411847881, 13.039633963442476 ], [ 80.283900116437465, 13.038284682816981 ], [ 80.283642079992362, 13.036545361533957 ], [ 80.282635264779131, 13.035181613604067 ], [ 80.283320042728107, 13.033344687339355 ], [ 80.283112996073683, 13.031169890188229 ], [ 80.282195753570306, 13.029659780021065 ], [ 80.281328095574267, 13.029025102815961 ], [ 80.280332717965322, 13.028670376003319 ], [ 80.279748096259496, 13.027673472082272 ], [ 80.278700649859417, 13.02669765698835 ], [ 80.278822720768602, 13.025401465390779 ], [ 80.279723888649755, 13.024143575117218 ], [ 80.280038669681517, 13.022650267752534 ], [ 80.279721882461629, 13.021085401598324 ], [ 80.278658153844077, 13.01967070175707 ], [ 80.277390793774686, 13.019001932374261 ], [ 80.275958899663053, 13.018859616125802 ], [ 80.274580455807154, 13.019265418057486 ], [ 80.27369073460774, 13.019915082415455 ], [ 80.272755721929812, 13.0185298720452 ], [ 80.270208137310902, 13.016545177632254 ], [ 80.268832100527362, 13.016131649883057 ], [ 80.267073609452211, 13.016289239952979 ], [ 80.265740935133039, 13.015561987776556 ], [ 80.263276126934372, 13.015280639111584 ], [ 80.262742862572296, 13.014029357897355 ], [ 80.261854014729693, 13.013120683218826 ], [ 80.262507906814847, 13.012264203305374 ], [ 80.262916644746838, 13.010999365465345 ], [ 80.264429965063158, 13.011525250598982 ], [ 80.265510936985208, 13.011580392412929 ], [ 80.266561685537255, 13.011325466463484 ], [ 80.267491717414941, 13.010782427492339 ], [ 80.268220936855812, 13.009998043199575 ], [ 80.268686544120655, 13.009039866118396 ], [ 80.268848443714134, 13.007990415400847 ], [ 80.268724160410784, 13.007064759224138 ], [ 80.269750555805956, 13.00691406522421 ], [ 80.27073036897221, 13.006463014590384 ], [ 80.271534460892596, 13.005752482434353 ], [ 80.272193580930193, 13.004633659738866 ], [ 80.272478376684091, 13.003250360116427 ], [ 80.272322616044079, 13.002200015650702 ], [ 80.271862632272942, 13.001239235675898 ], [ 80.270979369625067, 13.000334672385096 ], [ 80.270219384119883, 12.998803483584306 ], [ 80.270887789205517, 12.997934093462488 ], [ 80.271309477979798, 12.996584828887347 ], [ 80.271172519058879, 12.995180025721655 ], [ 80.270492546512727, 12.993719246407531 ], [ 80.269477881856091, 12.992718516668265 ], [ 80.267792060507162, 12.992121643679829 ], [ 80.265987165073241, 12.992388907578388 ], [ 80.264809077576473, 12.9923096042585 ], [ 80.263522918783607, 12.992672933715374 ], [ 80.262050931830274, 12.992660666197953 ], [ 80.260562465287549, 12.993216918197376 ], [ 80.259642179256147, 12.993001661951228 ], [ 80.258521003949909, 12.993060358070277 ], [ 80.259287627983483, 12.992104230907302 ], [ 80.259658663638234, 12.991083603455843 ], [ 80.260919143984253, 12.990694670016575 ], [ 80.262034194090774, 12.989802574878105 ], [ 80.26280518910103, 12.988215883554082 ], [ 80.263309298233352, 12.985504932840428 ], [ 80.263259315009023, 12.984444674199878 ], [ 80.2624977079563, 12.982853635343021 ], [ 80.261387979848024, 12.981955221680948 ], [ 80.260370004173168, 12.981594755245601 ], [ 80.258930999223551, 12.981590658766059 ], [ 80.257599929441369, 12.98212690990005 ], [ 80.256787327400872, 12.982848642604328 ], [ 80.255011053084431, 12.982760651221644 ], [ 80.25399095158096, 12.983115299562392 ], [ 80.253025328546457, 12.98384663400846 ], [ 80.252867381567299, 12.983674725617153 ], [ 80.253881316938376, 12.98310253342115 ], [ 80.254610491322495, 12.982318183635615 ], [ 80.255787453181711, 12.980334266587015 ], [ 80.256191592714629, 12.979099056946673 ], [ 80.257588756937849, 12.980107452101523 ], [ 80.258999287449086, 12.980386788360837 ], [ 80.260411449552265, 12.980115493793031 ], [ 80.261800247062709, 12.979234869870339 ], [ 80.262447478932117, 12.978384184786682 ], [ 80.262815034310336, 12.977385875585119 ], [ 80.262819192006745, 12.975974673348928 ], [ 80.262457530141546, 12.974974297163833 ], [ 80.261257807388532, 12.973668574267386 ], [ 80.260280793511953, 12.973211993563577 ], [ 80.259210706475997, 12.973053210443013 ], [ 80.257798583728231, 12.973324500719208 ], [ 80.256678678027598, 12.973967511282719 ], [ 80.25576256736008, 12.975055774491699 ], [ 80.255358433403288, 12.976290984084642 ], [ 80.25392220011264, 12.975268731748898 ], [ 80.25398120962403, 12.972396040219518 ], [ 80.253567531452902, 12.971044408452078 ], [ 80.252367875071414, 12.969738647707846 ], [ 80.250736932309195, 12.969149788896644 ], [ 80.25135588811429, 12.967990069321212 ], [ 80.251517823625662, 12.966940628605213 ], [ 80.250961221948202, 12.963945739932717 ], [ 80.249427563495061, 12.961423768355292 ], [ 80.248396592370909, 12.960536924197735 ], [ 80.248488969351044, 12.958784860329049 ], [ 80.247942250534066, 12.957479492914976 ], [ 80.246737856510023, 12.956040963639989 ], [ 80.245120119891766, 12.955284798519809 ], [ 80.243681271167887, 12.955280625985184 ], [ 80.242350316233285, 12.955816806064679 ], [ 80.241329874281774, 12.956811712839862 ], [ 80.240775297799232, 12.958113885017294 ], [ 80.240771021880164, 12.959525082052306 ], [ 80.241132576570337, 12.960525483596456 ], [ 80.24201242095755, 12.961766180902623 ], [ 80.242933374776896, 12.962553047892161 ], [ 80.242772229719975, 12.963599302452204 ], [ 80.243002633906343, 12.964856573231248 ], [ 80.242387083248744, 12.965826026138778 ], [ 80.242121007953131, 12.966854835541584 ], [ 80.242324263144127, 12.968443549262505 ], [ 80.241497038299343, 12.969636012324576 ], [ 80.241228805346282, 12.971373832113006 ], [ 80.241827554768989, 12.973030458631213 ], [ 80.243151900737885, 12.974214662885251 ], [ 80.245019090301668, 12.974696778348115 ], [ 80.246682564051412, 12.974309869570224 ], [ 80.246837710008435, 12.975349704512327 ], [ 80.247297553039346, 12.976310522915016 ], [ 80.248687402640911, 12.977525295500117 ], [ 80.247786876632134, 12.978816086793987 ], [ 80.24750198113361, 12.980199356066219 ], [ 80.247778552362007, 12.981584249309401 ], [ 80.248719885241414, 12.98288992397219 ], [ 80.248442754674869, 12.983023450280969 ], [ 80.247450189326514, 12.982674801941666 ], [ 80.246167817610996, 12.982648311929792 ], [ 80.246905022279577, 12.980606096594464 ], [ 80.246822367169301, 12.978850348347287 ], [ 80.24590552593024, 12.977340125972955 ], [ 80.24437102609636, 12.976432073261043 ], [ 80.243120941770314, 12.97622322467854 ], [ 80.241708788454332, 12.976494425628056 ], [ 80.240778837581061, 12.977037377611392 ], [ 80.239920087761831, 12.978032231453408 ], [ 80.238211013966733, 12.977613229197114 ], [ 80.236300653115876, 12.978134772823749 ], [ 80.235030344528028, 12.97762484437467 ], [ 80.233949533019583, 12.97756958398679 ], [ 80.23289890260007, 12.977824384630674 ], [ 80.23190952175608, 12.978419789291708 ], [ 80.230338326717302, 12.977215449175661 ], [ 80.228599708195588, 12.976783302409919 ], [ 80.227905682129645, 12.975820316010958 ], [ 80.227038351730627, 12.975185472429839 ], [ 80.226020460250012, 12.974824875621051 ], [ 80.224656487813405, 12.974809911610471 ], [ 80.223855696693803, 12.973620357338726 ], [ 80.222525506947122, 12.972579933998365 ], [ 80.222809002257179, 12.971515489945686 ], [ 80.222672322957465, 12.9701106742659 ], [ 80.221997885309392, 12.968864089480093 ], [ 80.221120916074497, 12.968103157349757 ], [ 80.221257800541323, 12.967151057398281 ], [ 80.221102270652452, 12.966100692410823 ], [ 80.220427850685709, 12.964854104233899 ], [ 80.219574245959691, 12.964106986653674 ], [ 80.21960108541424, 12.962676519534417 ], [ 80.219341339294616, 12.961646161902392 ], [ 80.2185456023104, 12.960470403416458 ], [ 80.217351675122572, 12.959682796565241 ], [ 80.215941319467888, 12.959403243227262 ], [ 80.214870353593497, 12.959555755159696 ], [ 80.213890640404614, 12.960006601492779 ], [ 80.212864813957339, 12.960980133254001 ], [ 80.210911729583714, 12.960830563607784 ], [ 80.209891666847511, 12.961185041170305 ], [ 80.208817101592146, 12.961896764439039 ], [ 80.20692993264359, 12.961579566588776 ], [ 80.205280912731482, 12.962044953906817 ], [ 80.204159972476873, 12.96197956524809 ], [ 80.202872280255349, 12.962338494749254 ], [ 80.201864916723537, 12.961920801519113 ], [ 80.201382633107045, 12.960870066129813 ], [ 80.20036838611891, 12.959869087187771 ], [ 80.199040779452631, 12.959324966524244 ], [ 80.197960063533188, 12.959269561586527 ], [ 80.196270861798311, 12.959856475823425 ], [ 80.19509190697319, 12.961108413251194 ], [ 80.193409303724664, 12.962101187649736 ], [ 80.192193070993923, 12.96176180212265 ], [ 80.19107586194616, 12.961755824330345 ], [ 80.190647763004591, 12.960015210462677 ], [ 80.189421014765244, 12.958692905928011 ], [ 80.190246671322527, 12.957675044994025 ], [ 80.190614473345519, 12.95667685072274 ], [ 80.190670996385549, 12.95561692341021 ], [ 80.1904113765479, 12.954586543707219 ], [ 80.189857975657659, 12.953674446555956 ], [ 80.18905845428182, 12.952959179621152 ], [ 80.188081666541606, 12.952502339333451 ], [ 80.186719838710871, 12.952356418419575 ], [ 80.187680270235376, 12.951803074066358 ], [ 80.188409544087676, 12.951018914468495 ], [ 80.188875325722549, 12.950060887010913 ], [ 80.189020894697762, 12.94865694056738 ], [ 80.188607604725462, 12.947305225365527 ], [ 80.187787880397707, 12.94629159495434 ], [ 80.187551262031363, 12.945416573716569 ], [ 80.186684167343785, 12.944176706341018 ], [ 80.186297560902574, 12.943005251285683 ], [ 80.185366078028167, 12.941895224893504 ], [ 80.186115180978177, 12.940580916473944 ], [ 80.186260756532846, 12.939176971153298 ], [ 80.186001167943317, 12.938146587857283 ], [ 80.185363947641747, 12.937098984871209 ], [ 80.185894159157272, 12.93583689864885 ], [ 80.185950691958723, 12.934776971590065 ], [ 80.185691108094844, 12.933746587988704 ], [ 80.185032358236057, 12.932719675361309 ], [ 80.185280637289722, 12.931036977709631 ], [ 80.184682352995054, 12.929380243264509 ], [ 80.183668296257267, 12.928379208414144 ], [ 80.18198313593679, 12.92778181316636 ], [ 80.180209861301833, 12.928034145531281 ], [ 80.179011088371112, 12.928814395680265 ], [ 80.178207964670094, 12.929985233083318 ], [ 80.177831673767599, 12.931243965019338 ], [ 80.177968092405024, 12.932648792431408 ], [ 80.178731841881756, 12.933993096969914 ], [ 80.178555754362975, 12.935153543645653 ], [ 80.178269673660978, 12.935166426140295 ], [ 80.177138367423197, 12.933561618251167 ], [ 80.175481007970305, 12.932795040641567 ], [ 80.173691022921702, 12.932875620877356 ], [ 80.172361668937569, 12.933588357850812 ], [ 80.170781946394825, 12.933243276363743 ], [ 80.169160001397657, 12.933610693102326 ], [ 80.168118747638175, 12.932785884188775 ], [ 80.16716741503906, 12.932441583737219 ], [ 80.166315388837418, 12.93084123850188 ], [ 80.166657194768007, 12.929341796913606 ], [ 80.166381117224986, 12.927956841416014 ], [ 80.165585735582553, 12.926780939279928 ], [ 80.164535824487089, 12.926060328856483 ], [ 80.165998456351033, 12.92520374387194 ], [ 80.166852083266079, 12.924428465822434 ], [ 80.168557576105627, 12.924499521297427 ], [ 80.16957753493449, 12.924145199062751 ], [ 80.170515330049994, 12.923444076657464 ], [ 80.17163953161031, 12.923510458851885 ], [ 80.172689978390224, 12.923255894472417 ], [ 80.173888741529922, 12.922475672604117 ], [ 80.174596364109988, 12.921501260855688 ], [ 80.175889062229629, 12.922024969868696 ], [ 80.177010301721864, 12.922074666411408 ], [ 80.178179092236576, 12.922524978000899 ], [ 80.179350768643118, 12.922567488426017 ], [ 80.180808417828629, 12.923407646794212 ], [ 80.185038270907185, 12.924336740101374 ], [ 80.18610909583731, 12.924184342547315 ], [ 80.187088708818038, 12.923733594103091 ], [ 80.187892743584911, 12.923023314205793 ], [ 80.188417296759525, 12.92218597170579 ], [ 80.189917787552233, 12.921775079641584 ], [ 80.191120203218389, 12.920768375395648 ], [ 80.192650341393119, 12.920836077879102 ], [ 80.193753911657737, 12.922279286183519 ], [ 80.193649481414639, 12.923713199393609 ], [ 80.1940185265926, 12.924972402050848 ], [ 80.193789439018019, 12.92660319881233 ], [ 80.194387779189782, 12.928259915899471 ], [ 80.195401880767861, 12.929260911617199 ], [ 80.196528597299974, 12.929787721445965 ], [ 80.197598446478054, 12.929946749809613 ], [ 80.198708032297375, 12.929780838905529 ], [ 80.199477779062718, 12.931169975657006 ], [ 80.200582602880289, 12.932341626277418 ], [ 80.200121585562286, 12.933754274346052 ], [ 80.200378971228261, 12.935493654134101 ], [ 80.201174547468341, 12.936669460815141 ], [ 80.202610489310388, 12.937542962515938 ], [ 80.201965713243212, 12.93896336773413 ], [ 80.201842611979743, 12.94004874296717 ], [ 80.201998050839521, 12.941099115949308 ], [ 80.202914498528799, 12.942609474539342 ], [ 80.204581479883387, 12.94355082290638 ], [ 80.204650183703734, 12.945298137616088 ], [ 80.202919999345241, 12.945049561367027 ], [ 80.201287868374052, 12.945603263744621 ], [ 80.200141464692166, 12.945022275631603 ], [ 80.199071549581816, 12.944863254019392 ], [ 80.197193298182981, 12.945365889511598 ], [ 80.195732980577716, 12.944901787986508 ], [ 80.193959591979308, 12.945154207130857 ], [ 80.19251690874485, 12.946196750462768 ], [ 80.191694661215479, 12.947619198253122 ], [ 80.191601074334258, 12.94937440021855 ], [ 80.192147477530739, 12.950679868914239 ], [ 80.193161654777313, 12.951680876454502 ], [ 80.194847003173919, 12.952278209486046 ], [ 80.195928021630351, 12.952229467406422 ], [ 80.197227696072488, 12.951711825326422 ], [ 80.198469263042099, 12.95220503874029 ], [ 80.199549948831859, 12.952260439820849 ], [ 80.20115742294179, 12.951721171455782 ], [ 80.202188558417433, 12.952217737945068 ], [ 80.203620007666473, 12.952360437743664 ], [ 80.204670552510535, 12.952105750369226 ], [ 80.20561744762044, 12.951547934698699 ], [ 80.206918622316081, 12.952247761342363 ], [ 80.208438777356605, 12.952377805645531 ], [ 80.208219043636504, 12.95398337901014 ], [ 80.2088175354382, 12.955640068920239 ], [ 80.210221804049169, 12.956921019401433 ], [ 80.211549426007494, 12.957465083843294 ], [ 80.212630140569203, 12.957520432127472 ], [ 80.213680700381857, 12.957265709241595 ], [ 80.214610628403008, 12.956722852421962 ], [ 80.2155268378214, 12.955634738741416 ], [ 80.215948735611704, 12.954285572110324 ], [ 80.215812098682676, 12.952880753718238 ], [ 80.214895536769447, 12.951370434993724 ], [ 80.213447546248162, 12.950366351201753 ], [ 80.213688659422971, 12.949405599770706 ], [ 80.213698869648923, 12.947285338999016 ], [ 80.213152357845431, 12.945979909047512 ], [ 80.211939798190073, 12.944861570627742 ], [ 80.212020810051968, 12.943706610490546 ], [ 80.211761110556083, 12.942676246729079 ], [ 80.210698090317138, 12.941261299995752 ], [ 80.209182361803954, 12.940530259609261 ], [ 80.209250747201779, 12.939336645891222 ], [ 80.208837358573007, 12.937984956322669 ], [ 80.207928075787279, 12.936891323426318 ], [ 80.206852949575193, 12.936290146530308 ], [ 80.20752521305316, 12.935060628352343 ], [ 80.207670664483246, 12.933656663283955 ], [ 80.207257292028658, 12.932304971663926 ], [ 80.206101572786579, 12.931030875690123 ], [ 80.206477233213334, 12.929461234598834 ], [ 80.206200933382718, 12.928076308172617 ], [ 80.204977518904784, 12.926124249577731 ], [ 80.204178034596694, 12.925409030118495 ], [ 80.20249283687339, 12.92481176542538 ], [ 80.201021924799818, 12.924959172695116 ], [ 80.200806582067457, 12.92453509212163 ], [ 80.201127123605247, 12.922321304030584 ], [ 80.200971695276834, 12.921270929927624 ], [ 80.200512123055589, 12.920310041588799 ], [ 80.199884691187776, 12.919607905014059 ], [ 80.199858475096065, 12.91839550743291 ], [ 80.19949713907728, 12.917395058332117 ], [ 80.198855305716449, 12.916540577447131 ], [ 80.197928724112231, 12.915877809135395 ], [ 80.197398916971579, 12.914393776125754 ], [ 80.198458778252828, 12.913923510962981 ], [ 80.199262749954528, 12.913213191791025 ], [ 80.199821899329848, 12.912304522368704 ], [ 80.200090395063057, 12.911232193466486 ], [ 80.20062370581293, 12.911011530252958 ], [ 80.201547195394014, 12.911228239444187 ], [ 80.202628037029527, 12.911179459030455 ], [ 80.20425010862661, 12.910432923198034 ], [ 80.205166179799974, 12.909344834912558 ], [ 80.205569854869736, 12.908113423476408 ], [ 80.206658554799759, 12.90880717721309 ], [ 80.208068616255815, 12.909086764824947 ], [ 80.209480411534429, 12.908815725236344 ], [ 80.210410162027884, 12.90827287157674 ], [ 80.211326199427049, 12.907184759522819 ], [ 80.211693833311671, 12.906186522515325 ], [ 80.211698254079295, 12.904775329455312 ], [ 80.211276884889472, 12.903644894748378 ], [ 80.210077761505332, 12.902338963339227 ], [ 80.209101121988596, 12.901882209238378 ], [ 80.208031381024924, 12.901723234183454 ], [ 80.2066196249135, 12.901994268312709 ], [ 80.205689891072424, 12.902537109623125 ], [ 80.204773848622921, 12.903625201879835 ], [ 80.20438153264864, 12.904783094901102 ], [ 80.203341497864713, 12.904132851434854 ], [ 80.201399814600336, 12.903604317901483 ], [ 80.201767949171895, 12.902365727642335 ], [ 80.201718222791897, 12.901305466058533 ], [ 80.201356899632529, 12.900305019240529 ], [ 80.200493048509358, 12.899251871792204 ], [ 80.201461720310363, 12.897934491675093 ], [ 80.201730117557204, 12.896196714308806 ], [ 80.201316826995111, 12.894845014910009 ], [ 80.200397398593779, 12.893743802306641 ], [ 80.201434591717657, 12.892140677313423 ], [ 80.201528064406702, 12.890385458935011 ], [ 80.200767109708906, 12.888794266575102 ], [ 80.199967750328071, 12.888079039855045 ], [ 80.198991185170939, 12.887622251825659 ], [ 80.197510107265202, 12.887469547665059 ], [ 80.196132295242904, 12.887874971930868 ], [ 80.195017501496537, 12.888766804587982 ], [ 80.19424643204205, 12.890353300552892 ], [ 80.194189955624424, 12.891413235631994 ], [ 80.194449541826089, 12.892443613562138 ], [ 80.195527349258839, 12.893869652624979 ], [ 80.194505365264263, 12.895459274417581 ], [ 80.194411839738734, 12.89721448662338 ], [ 80.194773131025528, 12.898214941383898 ], [ 80.195663106225226, 12.899291506051302 ], [ 80.194678247285694, 12.900625462631918 ], [ 80.194409795210049, 12.902363229039837 ], [ 80.195008091662316, 12.904019944581488 ], [ 80.196226860236635, 12.905142183574737 ], [ 80.195468167946117, 12.90626546875642 ], [ 80.195196355346027, 12.907399797695794 ], [ 80.194461816862528, 12.907685180575278 ], [ 80.193667924527659, 12.906781438085089 ], [ 80.19262708314244, 12.906192306703012 ], [ 80.192021982204025, 12.904390131504071 ], [ 80.19069824178996, 12.903205696334084 ], [ 80.18932297226533, 12.90279178740777 ], [ 80.18762581913316, 12.903017791756568 ], [ 80.187776813709817, 12.902011474749383 ], [ 80.187621448975719, 12.900961095126585 ], [ 80.186653805020811, 12.8994046741616 ], [ 80.186511411913102, 12.898111107774804 ], [ 80.185973324379148, 12.897045526321133 ], [ 80.185876261355517, 12.896148972413052 ], [ 80.187011586056528, 12.894694672548461 ], [ 80.187260772895172, 12.892826399246674 ], [ 80.188094514601005, 12.891420853090517 ], [ 80.188235208773463, 12.889984278451795 ], [ 80.189549028788349, 12.889844331814073 ], [ 80.190819769595251, 12.889183026912296 ], [ 80.193331509401006, 12.885824586305311 ], [ 80.193599944209069, 12.884086818230999 ], [ 80.193340368041703, 12.883056439523584 ], [ 80.192818927988156, 12.882186735906538 ], [ 80.194230076172104, 12.88191579299564 ], [ 80.195159753405349, 12.881372988532494 ], [ 80.196075748550129, 12.880284925786063 ], [ 80.196443395841911, 12.87928670941236 ], [ 80.196499856964564, 12.878226772156902 ], [ 80.196240273330943, 12.877196395523812 ], [ 80.195065740296727, 12.875622716029527 ], [ 80.195534322122498, 12.874660742233129 ], [ 80.195696405507036, 12.873611338557151 ], [ 80.195420208275664, 12.87222640196639 ], [ 80.19466841258658, 12.871098044866907 ], [ 80.19506746256701, 12.869795793863615 ], [ 80.194930960273211, 12.868390965043405 ], [ 80.19447149589891, 12.867430069295148 ], [ 80.193747522312563, 12.86664140670038 ], [ 80.192007455609215, 12.865866651788592 ], [ 80.19367959713405, 12.865112995244774 ], [ 80.194408585400652, 12.864328797773096 ], [ 80.19487416405758, 12.863370742493792 ], [ 80.195036240025189, 12.862321338066339 ], [ 80.194880859035379, 12.86127095926151 ], [ 80.193884727453522, 12.859680584261028 ], [ 80.192351126547322, 12.858772269769343 ], [ 80.190562220055426, 12.858680514698763 ], [ 80.188940455561237, 12.859426985918676 ], [ 80.187868813724805, 12.860835404064337 ], [ 80.187583764749547, 12.862218609089604 ], [ 80.188013547881866, 12.863924885285275 ], [ 80.189292380394662, 12.865310904670849 ], [ 80.190742546864996, 12.865873347600324 ], [ 80.189612511772324, 12.866254937391425 ], [ 80.188741583316016, 12.866884512621555 ], [ 80.18793871846843, 12.868055399908439 ], [ 80.187672551052813, 12.869084154598477 ], [ 80.187809012840361, 12.870488984744089 ], [ 80.188629635356492, 12.871895338881089 ], [ 80.188222490115294, 12.873214158784487 ], [ 80.188358955790747, 12.874618988522553 ], [ 80.188818407624751, 12.875579893859754 ], [ 80.189645057807525, 12.876443768556079 ], [ 80.189116630137377, 12.877703240684186 ], [ 80.189060138330149, 12.878763174556223 ], [ 80.189319693403661, 12.879793556537564 ], [ 80.189922453289313, 12.880788416948711 ], [ 80.188750985807815, 12.880935668966803 ], [ 80.187480283117225, 12.881596966392808 ], [ 80.18586712465364, 12.883804422462175 ], [ 80.184622993231713, 12.883451791150858 ], [ 80.183542272040341, 12.88350050412226 ], [ 80.182522497780241, 12.883854893048216 ], [ 80.181651489583516, 12.88448443917969 ], [ 80.180848532054256, 12.885655297857534 ], [ 80.180582313114058, 12.886684041131346 ], [ 80.18063195117054, 12.887744302447302 ], [ 80.181107989051512, 12.888934604520738 ], [ 80.180793374430991, 12.890378208182845 ], [ 80.179403670099518, 12.890458650904037 ], [ 80.178617294511255, 12.888694520242195 ], [ 80.177181729210858, 12.887643004510617 ], [ 80.175771830948648, 12.887363259119963 ], [ 80.174360132312813, 12.887634122213639 ], [ 80.173161543287293, 12.888414358439805 ], [ 80.172358534273712, 12.889585187591015 ], [ 80.172062272359142, 12.890873918938784 ], [ 80.172190268180913, 12.892245464711044 ], [ 80.170661674698195, 12.892966311274204 ], [ 80.169768983540507, 12.893793098602798 ], [ 80.168612465065308, 12.893830477486198 ], [ 80.165790217070352, 12.894414082718894 ], [ 80.16486043321585, 12.894956775637491 ], [ 80.164027588762551, 12.895878083544506 ], [ 80.163071960975614, 12.89530309713105 ], [ 80.162023341628966, 12.895041847150088 ], [ 80.160942572098421, 12.895090463487776 ], [ 80.159842724595521, 12.895464758801987 ], [ 80.158727776785014, 12.896356426574016 ], [ 80.158168523555872, 12.89726500240708 ], [ 80.157902198170987, 12.89829371531065 ], [ 80.157890937571736, 12.899735006552557 ], [ 80.156752736999977, 12.900114739969784 ], [ 80.155909640711869, 12.900719434516869 ], [ 80.154422150080222, 12.900403282476237 ], [ 80.152682786109153, 12.900824716157619 ], [ 80.151447790268122, 12.901796348732358 ], [ 80.150676409319814, 12.903382695628874 ], [ 80.15061974368399, 12.904442608932797 ], [ 80.150879158897482, 12.905473019064932 ], [ 80.15194168820743, 12.906888183855415 ], [ 80.152867868471176, 12.907436842645856 ], [ 80.153916526776342, 12.907698131693397 ], [ 80.155746572126489, 12.90741979494314 ], [ 80.15611276403547, 12.908454434876509 ], [ 80.15702171484962, 12.909548230874035 ], [ 80.158288182212587, 12.910217541632923 ], [ 80.159719353572342, 12.910360466823665 ], [ 80.161408285717968, 12.909773772154093 ], [ 80.162458822790938, 12.908749181353075 ], [ 80.162924612016056, 12.907791198383899 ], [ 80.163070285838941, 12.906387269193814 ], [ 80.162810819220013, 12.905356868086409 ], [ 80.162184939636433, 12.904365538323033 ], [ 80.163628269691358, 12.903813754870821 ], [ 80.164734302701007, 12.902680195825296 ], [ 80.1647792083143, 12.903509622732384 ], [ 80.163934147070449, 12.904534710901116 ], [ 80.163512075074294, 12.905883786909172 ], [ 80.163561639723937, 12.906944045789412 ], [ 80.163992814457117, 12.908184536569554 ], [ 80.164901800388094, 12.909278307234775 ], [ 80.165828020326018, 12.909826922290195 ], [ 80.167238028391139, 12.910106727776418 ], [ 80.168308798382284, 12.909954400016851 ], [ 80.169579693358855, 12.909293208777566 ], [ 80.17049590252789, 12.908205250596991 ], [ 80.17091794247392, 12.906856161503271 ], [ 80.170825832734906, 12.905627091629748 ], [ 80.172086089875222, 12.903801294802873 ], [ 80.174629911453991, 12.903505883976958 ], [ 80.175559709183958, 12.902963157322645 ], [ 80.17628886749408, 12.902179022463546 ], [ 80.176754591877469, 12.901221010438247 ], [ 80.176916776707827, 12.900171626188971 ], [ 80.17676145835182, 12.899121242755569 ], [ 80.176305988511032, 12.898166866795119 ], [ 80.176935815941206, 12.897335166231475 ], [ 80.177318119271632, 12.896242819507615 ], [ 80.178248460416995, 12.897053857443991 ], [ 80.178479377098668, 12.89896339427909 ], [ 80.179203240454527, 12.900061367968808 ], [ 80.1795929999154, 12.901254743571277 ], [ 80.180307197846446, 12.902174114949114 ], [ 80.180458522809857, 12.903138853894198 ], [ 80.180917988896965, 12.904099772339771 ], [ 80.181642020485697, 12.90488847220443 ], [ 80.182908538210526, 12.905557666477698 ], [ 80.184339705712858, 12.905700456166507 ], [ 80.185395755505013, 12.90544321763087 ], [ 80.185233115971201, 12.906728537238806 ], [ 80.185509282650898, 12.908113479891565 ], [ 80.186304707705062, 12.909289325080401 ], [ 80.187468939142747, 12.910063323767289 ], [ 80.188208383544733, 12.911803469756878 ], [ 80.188211595837686, 12.913164385411955 ], [ 80.188873370324487, 12.914623582187547 ], [ 80.188623053655022, 12.914898562951187 ], [ 80.187362156661678, 12.914920514393062 ], [ 80.186342256815522, 12.915274910084296 ], [ 80.18547114376878, 12.915904461508148 ], [ 80.184854183134888, 12.916705643931948 ], [ 80.182990839155764, 12.91587500575362 ], [ 80.181195400489415, 12.91595758157775 ], [ 80.17961088377217, 12.915225017780736 ], [ 80.178491654971097, 12.915175052230259 ], [ 80.177033175289694, 12.91471181977424 ], [ 80.175952320001812, 12.914760493115073 ], [ 80.174330146534231, 12.915506846400174 ], [ 80.17334681760606, 12.916732844144439 ], [ 80.172000993361209, 12.916175045974025 ], [ 80.170211127447288, 12.916255609553879 ], [ 80.168621645833326, 12.917207710111672 ], [ 80.167590523040985, 12.917159538902766 ], [ 80.166540098263454, 12.917414084124843 ], [ 80.165005508717684, 12.918577296431801 ], [ 80.163922030932383, 12.918413278595217 ], [ 80.162851223075194, 12.918565585916268 ], [ 80.161078293848902, 12.919629321312872 ], [ 80.159940632140874, 12.919559535824289 ], [ 80.158890191390014, 12.919814049147995 ], [ 80.157520279433626, 12.920764531459074 ], [ 80.156071930571855, 12.919932481762668 ], [ 80.154031821142553, 12.919725101757338 ], [ 80.152531275551581, 12.919075118616647 ], [ 80.151092667106354, 12.919070447682907 ], [ 80.149617376364489, 12.919710454973615 ], [ 80.148902328890017, 12.919290007622973 ], [ 80.149358051538144, 12.91788647179462 ], [ 80.149101032692698, 12.916147061844594 ], [ 80.148038484368357, 12.91473188505436 ], [ 80.146667712862353, 12.914036531726875 ], [ 80.146997973324645, 12.912876500281808 ], [ 80.146861732552466, 12.91147166587324 ], [ 80.146187823224537, 12.910224911420011 ], [ 80.145383992870535, 12.909506815595714 ], [ 80.146141505918436, 12.908385200107148 ], [ 80.146426847809707, 12.907002062140263 ], [ 80.146150899733613, 12.90561709132901 ], [ 80.145119423880033, 12.904229665864213 ], [ 80.145773540303168, 12.902797419443335 ], [ 80.145778329420338, 12.901386249433815 ], [ 80.14523226432793, 12.900080700033998 ], [ 80.144360925898894, 12.899183885490595 ], [ 80.14499136268347, 12.898055206990533 ], [ 80.145257739656884, 12.897026510480499 ], [ 80.145208251597879, 12.895966252241914 ], [ 80.144683972105057, 12.894696608946697 ], [ 80.144907981496488, 12.892965495908109 ], [ 80.145866734907017, 12.892304830915498 ], [ 80.147177976362173, 12.89177386749938 ], [ 80.148359516388808, 12.890517736691582 ], [ 80.149928475713182, 12.890404458830961 ], [ 80.151199311258921, 12.889743352814808 ], [ 80.152115519190446, 12.888655457917984 ], [ 80.152610956319066, 12.886886760831118 ], [ 80.154156579183223, 12.887318139656154 ], [ 80.155521710049143, 12.887200635850402 ], [ 80.157468285333167, 12.888167549148141 ], [ 80.158899331386493, 12.888310471299498 ], [ 80.159949638588969, 12.888055949230921 ], [ 80.160879405488998, 12.887513272560557 ], [ 80.161608559133299, 12.88672917775604 ], [ 80.162057465809184, 12.885816894046554 ], [ 80.163596715471868, 12.886328161797437 ], [ 80.165028673278272, 12.886194410631377 ], [ 80.166299451963766, 12.885533227342663 ], [ 80.167313288788151, 12.884244289406192 ], [ 80.168481963313354, 12.885500711840034 ], [ 80.169959116043913, 12.886074964184315 ], [ 80.17139754290146, 12.886079519773819 ], [ 80.173019528788956, 12.885333172054985 ], [ 80.173935630136683, 12.884245193661949 ], [ 80.174357603751702, 12.882896093024172 ], [ 80.174307991840493, 12.881835831783219 ], [ 80.173859328692089, 12.880691123674932 ], [ 80.173929887732157, 12.87957709140492 ], [ 80.173679891885214, 12.878572999690315 ], [ 80.174194254086402, 12.877551026066524 ], [ 80.174339837323927, 12.876147082503682 ], [ 80.174080347206953, 12.875116689305841 ], [ 80.173527164646089, 12.87420456611949 ], [ 80.172727931398057, 12.873489262864206 ], [ 80.171400837773064, 12.872945028969282 ], [ 80.170320505132821, 12.872889531884889 ], [ 80.169170271175062, 12.873164099894135 ], [ 80.168240575132245, 12.873706810923251 ], [ 80.167511481181975, 12.874490928535966 ], [ 80.16695673929712, 12.875792940406319 ], [ 80.166900155581686, 12.876852864049505 ], [ 80.167144600065583, 12.877841661513422 ], [ 80.166595733364701, 12.878908918301057 ], [ 80.166437762957486, 12.880048921483032 ], [ 80.164861600867894, 12.879122416514464 ], [ 80.163072572362807, 12.879030465872187 ], [ 80.161450602680802, 12.879776753019849 ], [ 80.160721470070044, 12.880560849004175 ], [ 80.160259787945463, 12.881507818786934 ], [ 80.158363359725328, 12.880921850471342 ], [ 80.156998263427099, 12.88103937133585 ], [ 80.155951955911718, 12.880383132677922 ], [ 80.154871094209639, 12.880055092553055 ], [ 80.153081487813893, 12.880135554591048 ], [ 80.152101996621809, 12.880586183764381 ], [ 80.151298010962009, 12.881296358007909 ], [ 80.150738768893206, 12.882204919410942 ], [ 80.150459089489061, 12.883483263582139 ], [ 80.14894221190626, 12.88315328287185 ], [ 80.147530517565187, 12.883424001075653 ], [ 80.146331874204293, 12.884204110839521 ], [ 80.145675527379254, 12.885073016597691 ], [ 80.14376056012, 12.885303983881782 ], [ 80.142508869419501, 12.886141089957675 ], [ 80.141353021090282, 12.886514653043704 ], [ 80.140020726759616, 12.887316975469124 ], [ 80.139627076497362, 12.886095799885556 ], [ 80.139069118989909, 12.885332279910799 ], [ 80.139299963854469, 12.883697583411848 ], [ 80.138746143329158, 12.882113435701845 ], [ 80.139491103550498, 12.881005263806838 ], [ 80.139757480035826, 12.879976571850781 ], [ 80.139698013283365, 12.878876312979129 ], [ 80.139152021690023, 12.877570753734133 ], [ 80.138138352914453, 12.876569562411294 ], [ 80.136453658454357, 12.875971899500309 ], [ 80.13468072633124, 12.876223943872892 ], [ 80.133482082761219, 12.87700399490787 ], [ 80.13283471589223, 12.877854356420212 ], [ 80.132466824933758, 12.87885246827061 ], [ 80.132461969977584, 12.880263635748076 ], [ 80.132950469924467, 12.881497936043777 ], [ 80.132178881741112, 12.882634684504042 ], [ 80.131912471313129, 12.883663366404345 ], [ 80.132048623284845, 12.885068205328666 ], [ 80.132915415056118, 12.886525336656733 ], [ 80.132682414541435, 12.887463373707881 ], [ 80.132731850396766, 12.888523631556719 ], [ 80.133492362092113, 12.890114995356878 ], [ 80.134637502302084, 12.891030893507724 ], [ 80.134429910133363, 12.892602391538093 ], [ 80.135027784027699, 12.89425921983401 ], [ 80.136351200161656, 12.895443918547377 ], [ 80.13792520157034, 12.895868340069354 ], [ 80.137733303387122, 12.896997876489159 ], [ 80.137888456672144, 12.898048273107529 ], [ 80.138347747394562, 12.899009256104723 ], [ 80.139203661400401, 12.899894805284363 ], [ 80.138568601077182, 12.900884751625798 ], [ 80.13828322568412, 12.902267879375689 ], [ 80.138559127443799, 12.903652855886518 ], [ 80.139503658748708, 12.904962514611691 ], [ 80.138866411214806, 12.906372531986465 ], [ 80.138948315929156, 12.908128277991397 ], [ 80.13940762669381, 12.909089259813269 ], [ 80.14038263550529, 12.910062034827156 ], [ 80.139575424212353, 12.911438535763063 ], [ 80.139481503758702, 12.913193702403992 ], [ 80.139842590711652, 12.914194219909048 ], [ 80.14048420883357, 12.915048833335167 ], [ 80.141351103786107, 12.915683942244554 ], [ 80.142263002236433, 12.916018529697171 ], [ 80.141871960652765, 12.917303475133508 ], [ 80.142000145055789, 12.918676413598304 ], [ 80.140555805065205, 12.919507338425634 ], [ 80.139432149902433, 12.918942564470678 ], [ 80.138362399068939, 12.918783302748293 ], [ 80.136381593035054, 12.919135501326103 ], [ 80.135390185175609, 12.919594532090885 ], [ 80.133713801788375, 12.919001921629686 ], [ 80.131993531763868, 12.919235534199078 ], [ 80.130711053684564, 12.919129522858169 ], [ 80.129660592813764, 12.919383916895026 ], [ 80.128236003494379, 12.920255995771331 ], [ 80.127182582703625, 12.919593336991356 ], [ 80.126133910406779, 12.919331939514464 ], [ 80.124701756105765, 12.919465464233264 ], [ 80.123670735125756, 12.919953048141947 ], [ 80.122283965654589, 12.919531948634781 ], [ 80.120321203276973, 12.919589518588879 ], [ 80.11863212521483, 12.920175937026727 ], [ 80.11752162905681, 12.921261824779952 ], [ 80.116284054374049, 12.920911963274285 ], [ 80.114851889393819, 12.921045433048423 ], [ 80.113110810720272, 12.921856340771811 ], [ 80.1123814058477, 12.922640282230628 ], [ 80.11191539871399, 12.923598160090581 ], [ 80.111752923773167, 12.92464748415752 ], [ 80.111907976874093, 12.92569788813964 ], [ 80.112854443862247, 12.9272359508966 ], [ 80.111301330199808, 12.92704951626099 ], [ 80.109883937326543, 12.927477357606449 ], [ 80.110287088550237, 12.925852589735536 ], [ 80.110011328311188, 12.92446759412592 ], [ 80.109216231796168, 12.923291537318995 ], [ 80.10802284920679, 12.922503459623162 ], [ 80.104684221755676, 12.921881991067954 ], [ 80.102848185424222, 12.922162649874558 ], [ 80.100460703411741, 12.921525102520887 ], [ 80.099847759934491, 12.919606345070967 ], [ 80.098489625293041, 12.918199083190322 ], [ 80.098528638377161, 12.916656926908521 ], [ 80.097982797280352, 12.915351293973877 ], [ 80.097174073935463, 12.914500125200671 ], [ 80.096226238815717, 12.912861666952743 ], [ 80.095359477157785, 12.912226416195949 ], [ 80.094457727489498, 12.911894179353192 ], [ 80.09518603471605, 12.911053657194351 ], [ 80.095931050703115, 12.911877636789953 ], [ 80.096857113180107, 12.912426487175914 ], [ 80.097905718767137, 12.912687998450973 ], [ 80.098986558985402, 12.912639648327417 ], [ 80.100317539146531, 12.912104202469108 ], [ 80.101588310880658, 12.910809863753066 ], [ 80.102054329095438, 12.909852004413805 ], [ 80.102200342347814, 12.908448131071573 ], [ 80.101787580654943, 12.907096307730873 ], [ 80.100924053268358, 12.906042773359024 ], [ 80.102248934263841, 12.905776210714924 ], [ 80.103447807845527, 12.904996319539862 ], [ 80.104251177250077, 12.903825726668455 ], [ 80.104537724236437, 12.902697082817374 ], [ 80.104281026805751, 12.900957647649767 ], [ 80.103218801225168, 12.89954230733813 ], [ 80.101601905883783, 12.898785297901412 ], [ 80.099812173296357, 12.898865386003378 ], [ 80.098832525064751, 12.899315804402416 ], [ 80.098028336858178, 12.900025800513403 ], [ 80.09746886416103, 12.900934231767369 ], [ 80.097179632470173, 12.902112350870338 ], [ 80.095849295339576, 12.901953792415439 ], [ 80.095928404019148, 12.900256946884859 ], [ 80.0953826065236, 12.898951310154297 ], [ 80.094369042812829, 12.897949956671876 ], [ 80.09338408620772, 12.897490646660184 ], [ 80.093111009441515, 12.896057792444065 ], [ 80.092316076180609, 12.894881692828944 ], [ 80.091122880508735, 12.894093548669396 ], [ 80.089997442405206, 12.893828040278898 ], [ 80.089948305679542, 12.892767023126474 ], [ 80.089270955326086, 12.890917838718506 ], [ 80.088208856775537, 12.889502444802615 ], [ 80.086942699002748, 12.888832812418023 ], [ 80.085511717211787, 12.888689499352996 ], [ 80.084133756930925, 12.889094322292204 ], [ 80.082961885502726, 12.889885238255369 ], [ 80.081761770736577, 12.889799498164548 ], [ 80.080383799614182, 12.89020430051421 ], [ 80.079128617698871, 12.89123561187092 ], [ 80.078356832348646, 12.892821719251677 ], [ 80.078438315712077, 12.894577458077093 ], [ 80.079111840915033, 12.895824363991503 ], [ 80.079910855953415, 12.896539939252811 ], [ 80.081237841863626, 12.897084631158029 ], [ 80.082676297408227, 12.897089678299336 ], [ 80.084204874302515, 12.896411574977625 ], [ 80.085626220427585, 12.897008869505536 ], [ 80.085738281796651, 12.898567554569578 ], [ 80.086411853761319, 12.899814444465472 ], [ 80.087520563668974, 12.900713548254105 ], [ 80.08863032033446, 12.901088430568608 ], [ 80.089052446111808, 12.902643576017054 ], [ 80.089961070477159, 12.903737585514069 ], [ 80.091227309497299, 12.904407208082445 ], [ 80.092530653845586, 12.904556207418015 ], [ 80.092385730698638, 12.905500535062307 ], [ 80.090641189837172, 12.905753743267359 ], [ 80.089711218237511, 12.90629615550653 ], [ 80.088825880062714, 12.907333163763125 ], [ 80.086962610611565, 12.90798571865386 ], [ 80.085941798176066, 12.908979995537551 ], [ 80.085450635471858, 12.910034602675781 ], [ 80.083591736730369, 12.909729502391983 ], [ 80.081902657073996, 12.910315682536268 ], [ 80.08069469569412, 12.911613708829007 ], [ 80.080257725831814, 12.913231395387195 ], [ 80.07909967578081, 12.912266538875427 ], [ 80.077724580161643, 12.911852051677087 ], [ 80.076292461207387, 12.911985312218203 ], [ 80.074885939228068, 12.912765543140981 ], [ 80.074216435294673, 12.911851901406301 ], [ 80.073522225946206, 12.911318831384046 ], [ 80.073251291805533, 12.909848072829709 ], [ 80.072439066254844, 12.908656378791427 ], [ 80.071832874566923, 12.906811607128143 ], [ 80.071109202356283, 12.906022625051865 ], [ 80.070012842041621, 12.905413199592779 ], [ 80.069412852035654, 12.903701633825049 ], [ 80.067987606114713, 12.902468784485919 ], [ 80.068743217735715, 12.900658467421563 ], [ 80.068748437783057, 12.899247326924744 ], [ 80.068202787055014, 12.897941643024399 ], [ 80.067064118291242, 12.8968659518685 ], [ 80.068268918852041, 12.894911605502889 ], [ 80.069466639031958, 12.895116636361799 ], [ 80.070537376868401, 12.894964708459989 ], [ 80.07151705085397, 12.894514398132447 ], [ 80.072321289448425, 12.893804487060551 ], [ 80.072880831492284, 12.892896114127565 ], [ 80.073147491157314, 12.891867509565818 ], [ 80.073098307152463, 12.890807257226612 ], [ 80.072687516109582, 12.889566665825255 ], [ 80.071779017824298, 12.8884726036811 ], [ 80.070853100710721, 12.887923673110665 ], [ 80.069443357360598, 12.887643362612552 ], [ 80.068314973924544, 12.887815303003093 ], [ 80.067366214417675, 12.886171951523709 ], [ 80.066499619467578, 12.885536614960714 ], [ 80.065482354265228, 12.885175426865787 ], [ 80.064043973766047, 12.885170289870198 ], [ 80.063024055800028, 12.885524202082614 ], [ 80.061908839702411, 12.886415438537423 ], [ 80.061349275820163, 12.887323786733351 ], [ 80.061063502575507, 12.888706804623601 ], [ 80.061439287579773, 12.890301912561187 ], [ 80.060883765060851, 12.892015148826527 ], [ 80.060216081938634, 12.893237503601682 ], [ 80.060069850907809, 12.894641339912216 ], [ 80.060667227767496, 12.896298305722361 ], [ 80.06139083939496, 12.8970873131152 ], [ 80.062296686094513, 12.897626872810534 ], [ 80.061605997494638, 12.898877516945349 ], [ 80.061349762867891, 12.900671351790617 ], [ 80.061947159831277, 12.90232831549117 ], [ 80.063372373068731, 12.903561195685084 ], [ 80.062869042030471, 12.904403791865276 ], [ 80.06260232419146, 12.905432381198111 ], [ 80.062651462329669, 12.906492631516123 ], [ 80.063012228571012, 12.90749323486933 ], [ 80.063920749365465, 12.908587327983964 ], [ 80.064983304309237, 12.909184777850422 ], [ 80.065248699506199, 12.910351866428321 ], [ 80.066109673811724, 12.911587268494891 ], [ 80.066532173128252, 12.913153274628163 ], [ 80.067796934660677, 12.914499169930478 ], [ 80.068222143115733, 12.916123293472785 ], [ 80.069130716379021, 12.917217371445435 ], [ 80.070056732568972, 12.917766313992724 ], [ 80.071466643221655, 12.918046632093631 ], [ 80.072657480599148, 12.917864702450125 ], [ 80.073928910553349, 12.917203754427723 ], [ 80.074603551567975, 12.918128127390339 ], [ 80.075796798963069, 12.918916349701602 ], [ 80.076845403366249, 12.919177945724982 ], [ 80.078038813391146, 12.919102453577356 ], [ 80.078348272710031, 12.919962500658009 ], [ 80.077223279859155, 12.919783363492369 ], [ 80.075811326468965, 12.920053675387109 ], [ 80.074881271519331, 12.92059602855722 ], [ 80.073964622309148, 12.921683620850736 ], [ 80.073596427615314, 12.922681627000019 ], [ 80.073591224982806, 12.924092766919433 ], [ 80.073952056133066, 12.925093358530756 ], [ 80.074860685429428, 12.926187419726746 ], [ 80.075786747248387, 12.926736344676637 ], [ 80.077615394099823, 12.927277944560542 ], [ 80.078696295341317, 12.927229682909731 ], [ 80.080027390994232, 12.926694349075824 ], [ 80.081048302044351, 12.925700103031081 ], [ 80.081603603372045, 12.924398313957413 ], [ 80.081608761137659, 12.922987170874435 ], [ 80.081213753478821, 12.921930245847086 ], [ 80.082827764352601, 12.922654625283407 ], [ 80.08466739077862, 12.922572807883201 ], [ 80.085676898158312, 12.923196409649137 ], [ 80.087114311931785, 12.923475419930162 ], [ 80.088346925293393, 12.924306425867659 ], [ 80.090308958069954, 12.924543438415053 ], [ 80.091767878885577, 12.925184657601864 ], [ 80.09284839637013, 12.925240492114431 ], [ 80.093888339774111, 12.92499627267858 ], [ 80.095370761098366, 12.92658005015547 ], [ 80.097189249299873, 12.92718489112819 ], [ 80.09847048111881, 12.928313611395616 ], [ 80.100267302028442, 12.929007240345006 ], [ 80.101337061354513, 12.929166659270351 ], [ 80.10270449410757, 12.928911675788999 ], [ 80.103955763866452, 12.92926800669296 ], [ 80.105370062975197, 12.929244996208771 ], [ 80.105168071501708, 12.929526766427594 ], [ 80.103643326573376, 12.929500362894096 ], [ 80.102312257660557, 12.930035819405056 ], [ 80.101291406241316, 12.931030152716366 ], [ 80.10072747666085, 12.932388224575563 ], [ 80.099562066878462, 12.932535384684302 ], [ 80.098582282907543, 12.932985792316446 ], [ 80.097677979935838, 12.933775777620216 ], [ 80.097118422522328, 12.934684200763416 ], [ 80.096849250740846, 12.9364218178419 ], [ 80.097446955939915, 12.938078717357124 ], [ 80.098770398975134, 12.939263606 ], [ 80.10050703849258, 12.939696655530874 ], [ 80.10157795820848, 12.939544612354624 ], [ 80.102557763981025, 12.939094195024232 ], [ 80.103678645650433, 12.938019858014805 ], [ 80.104237062990308, 12.936697365351439 ], [ 80.106156773819961, 12.936285570119349 ], [ 80.107552931807149, 12.935005437808297 ], [ 80.109366748894885, 12.93499962798878 ], [ 80.110899676203275, 12.934318366391651 ], [ 80.112598095913128, 12.934224577525693 ], [ 80.11386924667535, 12.933563675576403 ], [ 80.114895779094127, 12.93236593416829 ], [ 80.115318160676424, 12.931016958685467 ], [ 80.115061372285624, 12.92927753108208 ], [ 80.114235605193912, 12.928074064777674 ], [ 80.114493071454973, 12.928151111882155 ], [ 80.115057924493556, 12.92855914708827 ], [ 80.115382241925289, 12.929413889774386 ], [ 80.116023808291573, 12.930268559485832 ], [ 80.117994689967375, 12.931417626619908 ], [ 80.117852804071475, 12.932387562971307 ], [ 80.118007885531938, 12.933437964676319 ], [ 80.11846715361763, 12.93439897933199 ], [ 80.119191059140732, 12.935187843729761 ], [ 80.120117260502482, 12.935736619571454 ], [ 80.121856736853914, 12.936001916313318 ], [ 80.124023306291093, 12.936939988378182 ], [ 80.124177840341247, 12.937978045393134 ], [ 80.124637139924531, 12.93893905090721 ], [ 80.125361078128094, 12.939727899996507 ], [ 80.12667072963005, 12.940633815111482 ], [ 80.128407439124828, 12.941066682538848 ], [ 80.129850919983554, 12.940781631271021 ], [ 80.129351628099087, 12.942273278000181 ], [ 80.129451009255135, 12.943532039384939 ], [ 80.128000444545009, 12.944236454439366 ], [ 80.126846475535231, 12.945793174697929 ], [ 80.125733980005265, 12.945501950063749 ], [ 80.124301675417698, 12.945635462760405 ], [ 80.123030485442996, 12.946296412785379 ], [ 80.122301033553967, 12.947080377946584 ], [ 80.121835011454792, 12.94803827127077 ], [ 80.121672554895724, 12.949087601233005 ], [ 80.121948398252769, 12.95047258784134 ], [ 80.122501536462607, 12.951384813750556 ], [ 80.123300850082771, 12.95210027295562 ], [ 80.124277502659709, 12.952557348710453 ], [ 80.12534738328749, 12.952716676352248 ], [ 80.12641835093828, 12.952564533901427 ], [ 80.127958525368925, 12.951666114040826 ], [ 80.128783559230243, 12.950436846862178 ], [ 80.130257456083399, 12.950746681644873 ], [ 80.131997199097128, 12.950325423025333 ], [ 80.13286855977293, 12.949696067365744 ], [ 80.133670312877769, 12.94856210358067 ], [ 80.134337068380276, 12.949999159858917 ], [ 80.135074192325945, 12.950797599421731 ], [ 80.132112748083401, 12.951844586782704 ], [ 80.130853364532868, 12.952919040949018 ], [ 80.128920443339752, 12.953373910100588 ], [ 80.127485690502951, 12.95440723104249 ], [ 80.125801781875325, 12.95388523306532 ], [ 80.124721124893199, 12.953829526695815 ], [ 80.12303181941104, 12.954415957972513 ], [ 80.121789500882144, 12.955784729730299 ], [ 80.120592900002606, 12.954993400344318 ], [ 80.118821209800615, 12.9547295243914 ], [ 80.117770588642301, 12.954983859550142 ], [ 80.11547294202073, 12.956074489175917 ], [ 80.11435756596039, 12.956965936404163 ], [ 80.113592351244122, 12.958526729359113 ], [ 80.111920651062533, 12.95878383275333 ], [ 80.110477573809192, 12.959825894765228 ], [ 80.109705739456345, 12.961412085769037 ], [ 80.109648872119791, 12.962471973675218 ], [ 80.109857856943606, 12.963362999917244 ], [ 80.108542057456447, 12.962825301389412 ], [ 80.107103215059468, 12.962820371889702 ], [ 80.10563197180295, 12.963435832628075 ], [ 80.104585159509142, 12.964472096312617 ], [ 80.103304345631955, 12.964102009953889 ], [ 80.10222328266164, 12.964150363267585 ], [ 80.101203079613271, 12.964504404624106 ], [ 80.100331592509278, 12.965133645195595 ], [ 80.099527989884862, 12.966304206489168 ], [ 80.099242303696272, 12.967687266026752 ], [ 80.099518034986886, 12.969072267720231 ], [ 80.100313214580254, 12.97024835655465 ], [ 80.101626788670842, 12.971106480690997 ], [ 80.103398567562479, 12.971370479654359 ], [ 80.10508802748511, 12.970784186872486 ], [ 80.106141479239284, 12.969737187816397 ], [ 80.107657110287235, 12.970066654219792 ], [ 80.109069326529692, 12.969796187245706 ], [ 80.110139506706332, 12.969173720130659 ], [ 80.111078030628676, 12.968041133717083 ], [ 80.112156940797433, 12.968726548878216 ], [ 80.113315799382818, 12.969008014196934 ], [ 80.114396884361256, 12.968959616056312 ], [ 80.115417090825531, 12.968605523076027 ], [ 80.11653251803375, 12.967714075195168 ], [ 80.117215186154354, 12.966471851041256 ], [ 80.117361169529801, 12.965067971845832 ], [ 80.116823477177249, 12.963510389624904 ], [ 80.116986547170299, 12.962986312936128 ], [ 80.118599424161616, 12.96272614349129 ], [ 80.120897120400372, 12.961525489795822 ], [ 80.12176854730275, 12.960896176056226 ], [ 80.122450511933224, 12.959975303977073 ], [ 80.123987455125288, 12.960887342771173 ], [ 80.126064864089727, 12.961064165996417 ], [ 80.12767057379898, 12.962133807901246 ], [ 80.128994919570232, 12.962540441815195 ], [ 80.129770823885607, 12.963230320679429 ], [ 80.130747531914437, 12.963687375303138 ], [ 80.132637477183508, 12.96397668027115 ], [ 80.134129950348793, 12.963669147540767 ], [ 80.135267268720284, 12.964406697505833 ], [ 80.13631613829763, 12.96466806992153 ], [ 80.138479704575786, 12.964376053699764 ], [ 80.139409806114017, 12.963833477097589 ], [ 80.140139259855644, 12.963049464725021 ], [ 80.140605245841641, 12.962091537082175 ], [ 80.140767635920028, 12.961042191858102 ], [ 80.140491679457583, 12.959657218957142 ], [ 80.139938456969787, 12.95874502650978 ], [ 80.138829302135008, 12.957846120579797 ], [ 80.137530685882368, 12.957443366674767 ], [ 80.138256393173165, 12.956802777571209 ], [ 80.139575199089535, 12.956967372439872 ], [ 80.13984837160028, 12.95829282087981 ], [ 80.140656991088534, 12.959609228708075 ], [ 80.141381038035135, 12.960398039029247 ], [ 80.142309516453821, 12.9609475006949 ], [ 80.142300790973906, 12.962373694995296 ], [ 80.143061558086316, 12.96396503996063 ], [ 80.144170754949315, 12.964863930094189 ], [ 80.145472251527849, 12.96526707490994 ], [ 80.145036006012717, 12.966898083271165 ], [ 80.143730175273248, 12.967163975902908 ], [ 80.142629373394797, 12.967857275777799 ], [ 80.141140206262719, 12.968123964042727 ], [ 80.139666701331478, 12.969206217277854 ], [ 80.138300921644969, 12.969079535350506 ], [ 80.137250253915525, 12.969333946261317 ], [ 80.136320126988664, 12.969876513342387 ], [ 80.13541162677366, 12.97075791128341 ], [ 80.134251451431396, 12.970905494319052 ], [ 80.133453718891246, 12.971249775283759 ], [ 80.132221326152361, 12.971288047627709 ], [ 80.131596543596515, 12.970461338789129 ], [ 80.130729495251373, 12.969826189689522 ], [ 80.129711787371733, 12.969465225634897 ], [ 80.128539631873153, 12.969422519461927 ], [ 80.129822657944061, 12.968453938299014 ], [ 80.130594393527105, 12.966867681724246 ], [ 80.130512555276439, 12.965111943380963 ], [ 80.129838603332047, 12.963865147790012 ], [ 80.129039234406633, 12.963149705702532 ], [ 80.12771178885059, 12.962605229940317 ], [ 80.126272940256072, 12.962600406430333 ], [ 80.124941731448061, 12.963135968916763 ], [ 80.124137395021421, 12.963846033586538 ], [ 80.123454768060697, 12.965088278801508 ], [ 80.123308818603732, 12.966492163601847 ], [ 80.123618357353877, 12.967627597526429 ], [ 80.122304082136736, 12.967241966135081 ], [ 80.121223003931576, 12.967290397700722 ], [ 80.119891760438861, 12.967825931888811 ], [ 80.119010785047792, 12.968636557327429 ], [ 80.11734283889119, 12.969054497424874 ], [ 80.116471372093329, 12.969683793422755 ], [ 80.115823690703323, 12.970534087809058 ], [ 80.115382220423484, 12.972237490338452 ], [ 80.115798037457495, 12.974242481862145 ], [ 80.116593311706779, 12.975418526519558 ], [ 80.118127294867406, 12.976327304897332 ], [ 80.11991697764266, 12.976419605448186 ], [ 80.121248268028111, 12.975884074405471 ], [ 80.122052653008808, 12.975174022308726 ], [ 80.12254554307772, 12.974402592128078 ], [ 80.123968287299675, 12.973854054598663 ], [ 80.124989240582934, 12.972859641131302 ], [ 80.125598769595413, 12.97120685165881 ], [ 80.125291695561074, 12.969362428028704 ], [ 80.126248187244158, 12.96969476573161 ], [ 80.127420342941633, 12.969737482280477 ], [ 80.126137301450441, 12.970706050496821 ], [ 80.1253555243796, 12.972342290665431 ], [ 80.125298717492441, 12.973402185213557 ], [ 80.125558079822895, 12.974432613093819 ], [ 80.126111278815628, 12.97534483389876 ], [ 80.127144319177518, 12.976198691969364 ], [ 80.126866026693349, 12.977097778357143 ], [ 80.126147225646861, 12.977746046746546 ], [ 80.125587658394721, 12.978654528345768 ], [ 80.125323960515729, 12.980428378778752 ], [ 80.124363291698828, 12.981649000767835 ], [ 80.124008724413514, 12.981546857400701 ], [ 80.124257902821213, 12.980262443692931 ], [ 80.123982024663931, 12.978877459742026 ], [ 80.123428826777584, 12.977965234650055 ], [ 80.122319655246883, 12.977066258036698 ], [ 80.120582713524414, 12.976633335924738 ], [ 80.119511640009037, 12.976785447281314 ], [ 80.118531708432556, 12.977235919520854 ], [ 80.117323579028238, 12.978534100239894 ], [ 80.116882101028523, 12.980237504030457 ], [ 80.117311546663757, 12.981943864055642 ], [ 80.118238647525374, 12.983051042569768 ], [ 80.117472609578542, 12.984222276711673 ], [ 80.116231682256341, 12.984735901060313 ], [ 80.115427249385249, 12.985445931602404 ], [ 80.11460138102936, 12.986962407860183 ], [ 80.113650632682521, 12.987950254954333 ], [ 80.11311275680923, 12.989184874771876 ], [ 80.112171634445787, 12.989693099458133 ], [ 80.111759817070535, 12.988834365447984 ], [ 80.111938000823457, 12.987742625508803 ], [ 80.111669617922075, 12.985266810463971 ], [ 80.111123581379999, 12.983961197597443 ], [ 80.109799853816881, 12.982776356504624 ], [ 80.108129878292019, 12.982346806940653 ], [ 80.107571554667857, 12.98197438942152 ], [ 80.106460673086502, 12.98090719599862 ], [ 80.106312843963693, 12.979722292840275 ], [ 80.105853552568519, 12.9787612576899 ], [ 80.105129574880351, 12.977972353392 ], [ 80.104203260035703, 12.977423518023716 ], [ 80.102792971213404, 12.977143353583669 ], [ 80.101380708492798, 12.977413783193153 ], [ 80.100450481156486, 12.977956214779725 ], [ 80.099533709665039, 12.979043885712199 ], [ 80.099111146368131, 12.980392819884274 ], [ 80.099247129686248, 12.981797657165748 ], [ 80.099920966194162, 12.983044523584221 ], [ 80.100809285152835, 12.983812773281723 ], [ 80.101077814317719, 12.985332272546536 ], [ 80.101986335148823, 12.986609765627774 ], [ 80.100461876066262, 12.986825386717809 ], [ 80.099151976339783, 12.987520123161021 ], [ 80.097169064812519, 12.987538808583279 ], [ 80.096902248978537, 12.985987831812533 ], [ 80.096107041153687, 12.984811731719683 ], [ 80.094913424096461, 12.984023581144045 ], [ 80.093334216038983, 12.983744971977822 ], [ 80.093658858203966, 12.982597309653636 ], [ 80.093609596171902, 12.981537061452032 ], [ 80.093248619047458, 12.980536490654517 ], [ 80.092339724470662, 12.979442479539035 ], [ 80.091413435576456, 12.978893600164898 ], [ 80.09036456644796, 12.978632046212727 ], [ 80.088931632494322, 12.978579516766928 ], [ 80.087553172886231, 12.978984322432618 ], [ 80.086437597926505, 12.979875635253254 ], [ 80.085877886943052, 12.980784021555253 ], [ 80.085592104298755, 12.98216705850327 ], [ 80.085747065782826, 12.983217468607844 ], [ 80.086420835906807, 12.984464365686671 ], [ 80.087220138092349, 12.985179934068238 ], [ 80.088547598009299, 12.985724617560027 ], [ 80.089945737417096, 12.985845024689036 ], [ 80.089621073283311, 12.986992680687871 ], [ 80.089757003983465, 12.988397518951567 ], [ 80.090430807006456, 12.9896444074001 ], [ 80.091527909098858, 12.990536405940258 ], [ 80.091438432726875, 12.991721686197234 ], [ 80.091656680636603, 12.993149236553776 ], [ 80.090471996104284, 12.993295355044255 ], [ 80.089155781941471, 12.993995556266308 ], [ 80.088778812249174, 12.992886560958217 ], [ 80.08786989712533, 12.991792533560334 ], [ 80.086503579700704, 12.991053639072062 ], [ 80.085454666936045, 12.990792062506616 ], [ 80.084373489905175, 12.990840333688755 ], [ 80.083042051570132, 12.99137566492487 ], [ 80.082237508762915, 12.992085584793362 ], [ 80.081581075829959, 12.993255938549616 ], [ 80.080887269363714, 12.992291901953813 ], [ 80.079693671031322, 12.991503682741218 ], [ 80.07828334048628, 12.991223382201678 ], [ 80.07710875827037, 12.991411191503369 ], [ 80.076103384216509, 12.990932923725273 ], [ 80.074544822547182, 12.990632088697163 ], [ 80.072771039150126, 12.990883653036501 ], [ 80.071470131499694, 12.991772403655045 ], [ 80.070758366111974, 12.990518979080056 ], [ 80.072382311050404, 12.989414543313227 ], [ 80.073154472996634, 12.98782848780807 ], [ 80.07315970464218, 12.986417354952641 ], [ 80.072613872679597, 12.985111674446969 ], [ 80.071550081836023, 12.984050222138464 ], [ 80.069864871421245, 12.98345209731143 ], [ 80.068432339652688, 12.983585285976098 ], [ 80.066764753371942, 12.984619751066944 ], [ 80.066609627282389, 12.984480853613354 ], [ 80.067391102957771, 12.983741055029578 ], [ 80.068768836388628, 12.983466369799999 ], [ 80.069968191561443, 12.982686668926814 ], [ 80.07061605525243, 12.981836501886237 ], [ 80.07143196907225, 12.980056203548139 ], [ 80.071698752373578, 12.979027613919058 ], [ 80.071679567047113, 12.976857365970298 ], [ 80.07131868521617, 12.975856770696144 ], [ 80.070677172877879, 12.975001996227533 ], [ 80.069483688732305, 12.974213736833127 ], [ 80.068434867975796, 12.973952097213893 ], [ 80.064681226614908, 12.974523618891515 ], [ 80.063750940017314, 12.975065914750916 ], [ 80.063021224045059, 12.975849694304877 ], [ 80.062194915168888, 12.977397455574398 ], [ 80.062046184585043, 12.978748883918371 ], [ 80.061494986480398, 12.979202904800585 ], [ 80.059970806853556, 12.978951096095766 ], [ 80.059300059479838, 12.978232801892879 ], [ 80.05837385562694, 12.977683809982732 ], [ 80.056600047442075, 12.977419795880168 ], [ 80.055859367732225, 12.975906016491948 ], [ 80.054750467536849, 12.975006768364173 ], [ 80.053732869174738, 12.974645513146164 ], [ 80.052297414162297, 12.974619944090909 ], [ 80.051579370680201, 12.973196063629825 ], [ 80.050342583910265, 12.972224017628625 ], [ 80.050202896069152, 12.97089306146089 ], [ 80.04935934266237, 12.969346085717952 ], [ 80.048560204384472, 12.968630410930709 ], [ 80.047232934028543, 12.968085534739464 ] ], [ [ 80.188000967562559, 13.111116095192362 ], [ 80.188014899898505, 13.110654929460411 ], [ 80.188971657425711, 13.110103116764506 ], [ 80.189701421504552, 13.109318990019533 ], [ 80.190256642160847, 13.108016976588713 ], [ 80.190174398480195, 13.106261247610796 ], [ 80.189471259330077, 13.104983513280166 ], [ 80.190799775547703, 13.104844324814707 ], [ 80.191989363048791, 13.104242503553719 ], [ 80.193577105125385, 13.105446980391477 ], [ 80.194988245755937, 13.105726698574497 ], [ 80.196126861120376, 13.105551042191106 ], [ 80.196960307999944, 13.106310799443623 ], [ 80.197937700140983, 13.106767637140456 ], [ 80.199008303341444, 13.10692670181669 ], [ 80.200415277566833, 13.106657850484003 ], [ 80.201437746149949, 13.107147654454966 ], [ 80.202486005487572, 13.10730555933519 ], [ 80.202360121915149, 13.108298606720286 ], [ 80.202515625253071, 13.109348972118447 ], [ 80.203469392122599, 13.110892207813519 ], [ 80.203108968435345, 13.112114169643657 ], [ 80.203158688779965, 13.113174416717834 ], [ 80.20352027619856, 13.114174863090149 ], [ 80.204178359661228, 13.1150434441579 ], [ 80.202899616079861, 13.115566485324068 ], [ 80.201753557231399, 13.116763764367541 ], [ 80.201229832113384, 13.115914452013705 ], [ 80.200429783171899, 13.11519919674372 ], [ 80.199452353505009, 13.114742366610328 ], [ 80.198381716405621, 13.114583301908205 ], [ 80.196968734345717, 13.114854208741884 ], [ 80.195685411604046, 13.115724372838402 ], [ 80.194165910527403, 13.116296979932832 ], [ 80.192771799735809, 13.116023307314055 ], [ 80.19130491427434, 13.116291646794048 ], [ 80.191311373451583, 13.11463580518887 ], [ 80.190764667362913, 13.113330330224251 ], [ 80.189749881541275, 13.112329287617822 ], [ 80.188582148554929, 13.111825050553199 ], [ 80.188000967562559, 13.111116095192362 ] ], [ [ 80.182761850709582, 13.104550525127465 ], [ 80.181183084498386, 13.103343107510685 ], [ 80.180133581317222, 13.10308188105423 ], [ 80.179011907904851, 13.103130517847426 ], [ 80.177388482299492, 13.103876806857382 ], [ 80.176408691601765, 13.105093868436734 ], [ 80.174871861848132, 13.105750494201924 ], [ 80.174449803647846, 13.103895551102678 ], [ 80.173807619233557, 13.103040997105309 ], [ 80.172926231938916, 13.102399517304288 ], [ 80.173570031203013, 13.101558856147284 ], [ 80.17478635837405, 13.10189810920253 ], [ 80.175868026703355, 13.101849489956679 ], [ 80.176888718081784, 13.101495186698784 ], [ 80.177909715530589, 13.100705419896233 ], [ 80.178900114256408, 13.101474100156645 ], [ 80.179918433252141, 13.101834904678702 ], [ 80.180999757287466, 13.101890420392333 ], [ 80.181979198408939, 13.101660777462589 ], [ 80.182697329292509, 13.102340767557882 ], [ 80.182761850709582, 13.104550525127465 ] ], [ [ 80.18314903048055, 13.093184146085788 ], [ 80.182218513434805, 13.093726850764096 ], [ 80.18142956370356, 13.094607087575374 ], [ 80.179630391274557, 13.094685641841247 ], [ 80.177962577203758, 13.095720654451426 ], [ 80.176929905411967, 13.094905925677796 ], [ 80.175911619350359, 13.094545111108197 ], [ 80.174830329724784, 13.09448957599508 ], [ 80.17367515391615, 13.094791910548576 ], [ 80.173259668241897, 13.09339555702997 ], [ 80.17232196204958, 13.092228724148219 ], [ 80.173929789800127, 13.091653731284193 ], [ 80.17511300746871, 13.090402360113366 ], [ 80.176270160954246, 13.091364087006246 ], [ 80.178006428758053, 13.091948120272912 ], [ 80.179780880245815, 13.091695875638738 ], [ 80.181106473876, 13.09078027990364 ], [ 80.181930079918331, 13.091276258910669 ], [ 80.182405591034239, 13.092299624530995 ], [ 80.18314903048055, 13.093184146085788 ] ], [ [ 80.185046942118205, 13.077488053113543 ], [ 80.184576323901965, 13.077440203950086 ], [ 80.184104240292044, 13.076430380254381 ], [ 80.183471905613487, 13.075724091045339 ], [ 80.18433993395935, 13.074943581650853 ], [ 80.184961733136788, 13.075085127616006 ], [ 80.184790616182767, 13.076158383217935 ], [ 80.185046942118205, 13.077488053113543 ] ], [ [ 80.184930323696818, 13.067846102146122 ], [ 80.184793838856706, 13.066441286112024 ], [ 80.184327001171937, 13.065470924009746 ], [ 80.185277976293804, 13.064325173269824 ], [ 80.185719180042099, 13.062621644354207 ], [ 80.184620675498053, 13.058685541644691 ], [ 80.184942141338126, 13.058692022231527 ], [ 80.185513035147608, 13.059429194627683 ], [ 80.186380531698148, 13.060064183791638 ], [ 80.187756644560906, 13.060478154158293 ], [ 80.189530863319391, 13.060225828095056 ], [ 80.190982458324612, 13.059172566515031 ], [ 80.191645332752032, 13.060017526836591 ], [ 80.192246056930657, 13.061719773152651 ], [ 80.19333725776373, 13.062766133449394 ], [ 80.193552024609716, 13.063873425759322 ], [ 80.192652179586531, 13.063462374070129 ], [ 80.191581767962546, 13.063303293631602 ], [ 80.189641302832314, 13.063764905017342 ], [ 80.188525665270532, 13.064656650447327 ], [ 80.187966101566658, 13.065565262626995 ], [ 80.18768075034869, 13.066948432495147 ], [ 80.187895658264353, 13.068163439686396 ], [ 80.186873399871686, 13.067911852733186 ], [ 80.184930323696818, 13.067846102146122 ] ], [ [ 80.185656167205039, 13.051393728494226 ], [ 80.181257291996147, 13.052084820346112 ], [ 80.180528946059553, 13.05030067735763 ], [ 80.181115757772346, 13.048957055562276 ], [ 80.181120402584327, 13.04754588858663 ], [ 80.180573877649906, 13.046240397181133 ], [ 80.179701633907683, 13.045343455997978 ], [ 80.181069056240702, 13.044229220111742 ], [ 80.18133733943381, 13.045763298065449 ], [ 80.182400594816599, 13.047178369966511 ], [ 80.183327348879857, 13.04772694996905 ], [ 80.185729886123937, 13.048372938812067 ], [ 80.185351004755475, 13.049948414059438 ], [ 80.185656167205039, 13.051393728494226 ] ], [ [ 80.187576236140217, 13.037668307853952 ], [ 80.187622196255063, 13.03667703927839 ], [ 80.187266927332132, 13.03544683087876 ], [ 80.187325899378507, 13.035286850642457 ], [ 80.188277679816125, 13.035220951843881 ], [ 80.188700620650025, 13.035898352886454 ], [ 80.188453043099173, 13.036865044658459 ], [ 80.187576236140217, 13.037668307853952 ] ], [ [ 80.187032419720197, 13.028006656128769 ], [ 80.186399010280823, 13.027007580356713 ], [ 80.186758630382371, 13.025471597052048 ], [ 80.186399562874342, 13.023913566216889 ], [ 80.187323818474027, 13.023133370051436 ], [ 80.187883279555408, 13.022224750845957 ], [ 80.188149647424638, 13.021196017470144 ], [ 80.188103964292281, 13.020162653330761 ], [ 80.189549839490766, 13.020310431797986 ], [ 80.191350694742681, 13.019935816664825 ], [ 80.19254988683133, 13.019155538663387 ], [ 80.193259630800782, 13.018177200177936 ], [ 80.195443185268587, 13.017493947466978 ], [ 80.194940355341558, 13.018974131205471 ], [ 80.195076888099706, 13.020378948810796 ], [ 80.195751310923612, 13.021625598873403 ], [ 80.196964172699268, 13.022572546064845 ], [ 80.196180255735271, 13.025584143167992 ], [ 80.19646932948983, 13.027389692892346 ], [ 80.194281836590292, 13.027550539018328 ], [ 80.193093718461199, 13.028002812421356 ], [ 80.192073229370891, 13.027751826249336 ], [ 80.190991883517171, 13.027800532796611 ], [ 80.189257657981713, 13.028426350119725 ], [ 80.188281191027272, 13.028085036100807 ], [ 80.187032419720197, 13.028006656128769 ] ], [ [ 80.18550203641162, 13.017152385740143 ], [ 80.184431828481678, 13.016993287157836 ], [ 80.183360602339064, 13.017145653080583 ], [ 80.181775499882789, 13.018092418109971 ], [ 80.181118808187449, 13.016894601305234 ], [ 80.180078669504724, 13.015972070835398 ], [ 80.179358794839672, 13.014544619650437 ], [ 80.177814168566101, 13.013454665698747 ], [ 80.176866571147443, 13.011820889143969 ], [ 80.175909262005632, 13.011135877837551 ], [ 80.174619382529769, 13.010734640333576 ], [ 80.17296216822983, 13.009692444519843 ], [ 80.171530420697195, 13.009549558188514 ], [ 80.169607893187234, 13.01014214179003 ], [ 80.168629338181077, 13.009385931345783 ], [ 80.166968390202726, 13.00895722278822 ], [ 80.165762259039326, 13.008332479855968 ], [ 80.164184326393169, 13.008210338975488 ], [ 80.162372139456807, 13.007733304794526 ], [ 80.161300945649231, 13.00788558132707 ], [ 80.160299307787753, 13.008351840614646 ], [ 80.158913657459365, 13.00793189542971 ], [ 80.157480999071225, 13.008065568974656 ], [ 80.156209558204296, 13.00872666366063 ], [ 80.155211233740744, 13.009982395321305 ], [ 80.154693585117812, 13.008790683048055 ], [ 80.153969363471077, 13.008001901404185 ], [ 80.152702431324769, 13.007332544854 ], [ 80.15134756415361, 13.007186098093856 ], [ 80.150087260662659, 13.005990531242 ], [ 80.150448285393168, 13.004452094445615 ], [ 80.14995923513996, 13.002647944773969 ], [ 80.150488231520569, 13.000802090545253 ], [ 80.150332989323388, 12.999751702328151 ], [ 80.149931898113962, 12.998887016195312 ], [ 80.151667717384271, 12.999296688565074 ], [ 80.153080068926371, 12.999025990540026 ], [ 80.154309265183585, 12.998225889000176 ], [ 80.155235799346869, 12.996721370178523 ], [ 80.155381599434818, 12.995317460562781 ], [ 80.154968433262354, 12.993965703042484 ], [ 80.154059209336992, 12.992871888557406 ], [ 80.152957277798279, 12.992261012568459 ], [ 80.154786798986919, 12.989445493544411 ], [ 80.155228043305399, 12.987742011377936 ], [ 80.154951985907772, 12.986357049825516 ], [ 80.154378655671223, 12.985404883228849 ], [ 80.153269333026117, 12.984506030099288 ], [ 80.15179981771071, 12.984087073008793 ], [ 80.15153195308632, 12.982877092577578 ], [ 80.150978642993252, 12.981964919508989 ], [ 80.150179154955154, 12.981249535944855 ], [ 80.149283667122077, 12.980821385870641 ], [ 80.148877686976604, 12.980326933342537 ], [ 80.148811682467809, 12.979641277292258 ], [ 80.14917789519869, 12.97809208838223 ], [ 80.149026446030533, 12.977056708381483 ], [ 80.150125770845918, 12.975604250209296 ], [ 80.151607400129791, 12.976716792932079 ], [ 80.153379293549278, 12.976980457268908 ], [ 80.154937660309685, 12.976475294087564 ], [ 80.156269545541747, 12.975299290653414 ], [ 80.15673549749269, 12.974341332605938 ], [ 80.156881268136573, 12.972937418444655 ], [ 80.156621775945965, 12.971907013705694 ], [ 80.155906705176662, 12.970818646426201 ], [ 80.156806567405525, 12.969745455998284 ], [ 80.157174520488979, 12.968747318986141 ], [ 80.157179270680459, 12.967336151910773 ], [ 80.156808079556086, 12.966319215817956 ], [ 80.158033526808595, 12.964865423943879 ], [ 80.160197578949862, 12.966416853128344 ], [ 80.162898709792685, 12.967004902287471 ], [ 80.165089458179054, 12.966940453753972 ], [ 80.166936413835472, 12.966527087293205 ], [ 80.16887751686734, 12.966752292131197 ], [ 80.169421736007749, 12.967645340926408 ], [ 80.170221241826198, 12.968360666800052 ], [ 80.171906636066169, 12.968958150963918 ], [ 80.173680207539263, 12.968705893769828 ], [ 80.175124000336154, 12.967662283848478 ], [ 80.176038889801305, 12.96797495002153 ], [ 80.177119632710983, 12.968030447850579 ], [ 80.178808927984193, 12.967443664154183 ], [ 80.180056699127206, 12.966085173277756 ], [ 80.180497722857865, 12.964381632306972 ], [ 80.180067862111983, 12.962675349492127 ], [ 80.178845807053293, 12.961355749250615 ], [ 80.180943071945819, 12.959903404665337 ], [ 80.181502399654136, 12.958994787807487 ], [ 80.181787624407747, 12.957611608084216 ], [ 80.1815114409969, 12.956226664657027 ], [ 80.180685904178958, 12.955020801791246 ], [ 80.179492131473623, 12.954233029570474 ], [ 80.177720358772433, 12.953969550625398 ], [ 80.176031154224233, 12.954556333158886 ], [ 80.175226981560641, 12.955266566740232 ], [ 80.17469650485593, 12.956115811967774 ], [ 80.173023257092311, 12.957000405975601 ], [ 80.172112241749304, 12.956463077103445 ], [ 80.171063359386466, 12.956201848512659 ], [ 80.168320493503586, 12.956249546589076 ], [ 80.167269903153581, 12.956504084085807 ], [ 80.165827049867843, 12.957546468200922 ], [ 80.165267670984278, 12.958455048261499 ], [ 80.164999980672178, 12.959508328884873 ], [ 80.164642931321481, 12.959598834534477 ], [ 80.163538758558005, 12.958161769128715 ], [ 80.162612372497193, 12.957613137360459 ], [ 80.161635601678157, 12.95736259810565 ], [ 80.162606442535761, 12.95623537713035 ], [ 80.163028621153472, 12.954886313202788 ], [ 80.162939059763218, 12.953656058028521 ], [ 80.162392806981657, 12.952350537138134 ], [ 80.161668711760072, 12.951561782082605 ], [ 80.160742353693138, 12.951013145132665 ], [ 80.159693508525265, 12.950751872773926 ], [ 80.158635119925748, 12.950797247999148 ], [ 80.159145170780846, 12.949781281313552 ], [ 80.159302379465075, 12.94862292149954 ], [ 80.160687564111456, 12.948195255309193 ], [ 80.161802747291659, 12.947303596372949 ], [ 80.162362110812836, 12.946395022230515 ], [ 80.162647421156976, 12.94501186765569 ], [ 80.162371354261751, 12.943626909855855 ], [ 80.161575947188282, 12.942450995003082 ], [ 80.160382297388594, 12.941663141774658 ], [ 80.158972124412969, 12.941383289549023 ], [ 80.157560106403011, 12.941654041142669 ], [ 80.156570125818732, 12.942226690496783 ], [ 80.155497929359839, 12.943634934768108 ], [ 80.155217673590428, 12.945127076080402 ], [ 80.153541500908773, 12.945716176036708 ], [ 80.152333705057401, 12.94701454329569 ], [ 80.151911485957342, 12.948363587975734 ], [ 80.152047761828385, 12.949768418830994 ], [ 80.152721794676438, 12.951015162834299 ], [ 80.153789912000633, 12.951889690425201 ], [ 80.152861251911744, 12.952035553942018 ], [ 80.151881471876294, 12.952486162429198 ], [ 80.150730705979498, 12.953650693240249 ], [ 80.15020546268849, 12.954837649101771 ], [ 80.148562510559103, 12.95525468206106 ], [ 80.147385726238383, 12.956227070356711 ], [ 80.14685192996933, 12.955146010701224 ], [ 80.14791743593203, 12.954785331107367 ], [ 80.149032691847324, 12.953893731875793 ], [ 80.149592116125405, 12.95298518935558 ], [ 80.149877505847883, 12.951602054254213 ], [ 80.149447873223224, 12.949895733308454 ], [ 80.148396126520822, 12.94869738346633 ], [ 80.148668482063272, 12.947656507726283 ], [ 80.148532225623299, 12.946251676125588 ], [ 80.14807282019207, 12.945290706615832 ], [ 80.147406073181642, 12.944553179196019 ], [ 80.148587328603639, 12.944519556157907 ], [ 80.149809244787548, 12.944047546849848 ], [ 80.151277366260828, 12.944059551268454 ], [ 80.152297426407898, 12.943705303486885 ], [ 80.153149890209576, 12.943092500062564 ], [ 80.154888720054629, 12.943004442968718 ], [ 80.156428742486696, 12.942105844170136 ], [ 80.157242289556166, 12.940907183293223 ], [ 80.158347701566413, 12.940443427855017 ], [ 80.159527477434523, 12.940409536440749 ], [ 80.160568728608084, 12.940042874623872 ], [ 80.161908808461078, 12.939904420443179 ], [ 80.16315208897629, 12.939263346999624 ], [ 80.16487937874831, 12.939294238217402 ], [ 80.165773900732333, 12.939547990290011 ], [ 80.164740047885971, 12.940126758654841 ], [ 80.164010737973427, 12.940910850138323 ], [ 80.163544883317627, 12.941868829139715 ], [ 80.163399178935947, 12.943272753730394 ], [ 80.163658677273389, 12.944303153844219 ], [ 80.164454099836249, 12.945479063134284 ], [ 80.165381161077207, 12.946154101640799 ], [ 80.166398836822992, 12.946514924275279 ], [ 80.168188918638677, 12.946434400206737 ], [ 80.169728920256702, 12.945535721455524 ], [ 80.170655150092827, 12.944031124168299 ], [ 80.170779885873543, 12.942485645899293 ], [ 80.172687670113802, 12.94261951187236 ], [ 80.174320261650792, 12.941864142557003 ], [ 80.175428115790112, 12.94203672647359 ], [ 80.17657660589893, 12.941857420846434 ], [ 80.177859012490799, 12.942374968035864 ], [ 80.17893964623417, 12.942430451821128 ], [ 80.179888729822778, 12.942211102872466 ], [ 80.180125550870983, 12.942422991527454 ], [ 80.179497779173118, 12.943405239998969 ], [ 80.179212562978776, 12.94478841891655 ], [ 80.179488724866331, 12.946173364467157 ], [ 80.180420714769994, 12.947471343247681 ], [ 80.180152497716449, 12.949168428364862 ], [ 80.180428668175082, 12.950553373059773 ], [ 80.180982027327872, 12.951465488002206 ], [ 80.182091317991819, 12.952364222426137 ], [ 80.183109046519903, 12.952724982611047 ], [ 80.184261111657648, 12.952770290090122 ], [ 80.183089718453175, 12.953396905727184 ], [ 80.182360421500476, 12.954181048893842 ], [ 80.18189460705581, 12.955139062470504 ], [ 80.18174899240347, 12.956543001645342 ], [ 80.182008577620351, 12.95757338783311 ], [ 80.182561956645131, 12.9584855002037 ], [ 80.183361474905098, 12.959200786722832 ], [ 80.184315276291841, 12.959649492222827 ], [ 80.183675466287909, 12.961063099617281 ], [ 80.183670867723251, 12.962474276878064 ], [ 80.184217252940911, 12.963779760154789 ], [ 80.185107743700954, 12.964690219684616 ], [ 80.184868916531428, 12.966150933025443 ], [ 80.183869594415214, 12.966736907644327 ], [ 80.183198675116287, 12.967444315906961 ], [ 80.182150787080062, 12.967595648570013 ], [ 80.18117099014917, 12.968046366221181 ], [ 80.179663212952178, 12.969644857741427 ], [ 80.179295345995811, 12.970643031833077 ], [ 80.179238767641394, 12.97170295240355 ], [ 80.179498354214743, 12.972733340230851 ], [ 80.18025381772901, 12.973865517461398 ], [ 80.178463143421411, 12.975914839217563 ], [ 80.177965256072639, 12.977293008207901 ], [ 80.177908668845788, 12.978352927526879 ], [ 80.17832194088318, 12.979704656139319 ], [ 80.180213842256975, 12.982299200841888 ], [ 80.181487746513525, 12.983136976676112 ], [ 80.182781784490643, 12.98341074723615 ], [ 80.182245134612629, 12.984683061013548 ], [ 80.18219621532478, 12.985794722300838 ], [ 80.181596118383112, 12.987026002226349 ], [ 80.180642326335686, 12.986453041477041 ], [ 80.17940636702653, 12.986182242011616 ], [ 80.178713104581888, 12.984890365671088 ], [ 80.177678862296403, 12.983869299956268 ], [ 80.176701980852357, 12.983412412086397 ], [ 80.175631924037063, 12.983253285777911 ], [ 80.17421967940173, 12.983524113608059 ], [ 80.172776689795185, 12.984566526449138 ], [ 80.17209423293744, 12.98580890880058 ], [ 80.171948535077803, 12.987212834854221 ], [ 80.172361785956213, 12.988564570975139 ], [ 80.173611077211035, 12.990248328537051 ], [ 80.17453760617785, 12.990796928558966 ], [ 80.175773581279898, 12.991067752132743 ], [ 80.176871088228665, 12.992578358376493 ], [ 80.1777976333981, 12.993126947623971 ], [ 80.178815922086557, 12.993383584997595 ], [ 80.179276826411623, 12.994349672460794 ], [ 80.180291115300378, 12.99535073429268 ], [ 80.182384001315725, 12.996025051533069 ], [ 80.183111111583571, 12.996818415665041 ], [ 80.184037686984411, 12.997366984233327 ], [ 80.185428751786063, 12.997645721697552 ], [ 80.186591156101557, 12.998890786174323 ], [ 80.187663218919909, 12.999371317268105 ], [ 80.188851028011513, 13.00037424146827 ], [ 80.190049878068507, 13.000761879245831 ], [ 80.191061142959441, 13.002068488772592 ], [ 80.192574462207702, 13.002798974874414 ], [ 80.193271499995078, 13.004135584970468 ], [ 80.194272056644309, 13.0049697535629 ], [ 80.193573840820335, 13.006229179521867 ], [ 80.193471469834776, 13.007925240594149 ], [ 80.192776232361567, 13.008556722470448 ], [ 80.192216822165179, 13.009465356024828 ], [ 80.191944536695189, 13.011125119844548 ], [ 80.190729124739065, 13.011766949428949 ], [ 80.189750417091261, 13.012982799722911 ], [ 80.187799350292195, 13.013364173662232 ], [ 80.186600173640684, 13.014144430808814 ], [ 80.185673750275384, 13.015649067079535 ], [ 80.18550203641162, 13.017152385740143 ] ], [ [ 80.113696980478949, 13.034521761819034 ], [ 80.114642954059022, 13.033225695301459 ], [ 80.114928655574289, 13.031842625032104 ], [ 80.114652791874988, 13.030457636258177 ], [ 80.113919452037294, 13.029309008310264 ], [ 80.116557468650839, 13.028465528542583 ], [ 80.117429150290192, 13.027836248218614 ], [ 80.118166932874772, 13.026801161217936 ], [ 80.119187062004642, 13.026749602327961 ], [ 80.120207504493038, 13.026395506796876 ], [ 80.121079170140789, 13.025766213046287 ], [ 80.121651114567982, 13.02503907318941 ], [ 80.123218878188752, 13.025230461595541 ], [ 80.126104839161655, 13.024474056603584 ], [ 80.127667180063867, 13.02450958707956 ], [ 80.129121022222549, 13.023885730942171 ], [ 80.129496234581183, 13.023969374501418 ], [ 80.129271424852249, 13.025187637809802 ], [ 80.129619997484639, 13.026724529703243 ], [ 80.129280379828899, 13.027903199929101 ], [ 80.129329789780698, 13.028963447989918 ], [ 80.12969097193384, 13.029963978776912 ], [ 80.130542041377538, 13.031005830566118 ], [ 80.131366733179433, 13.033663431847341 ], [ 80.130780247125742, 13.036723213105251 ], [ 80.130853724566308, 13.037879029589162 ], [ 80.129935992185281, 13.037365970605219 ], [ 80.128839897397825, 13.036229762300051 ], [ 80.127154180399486, 13.035631979912282 ], [ 80.125380102538173, 13.035883885676459 ], [ 80.124090508801046, 13.036746942417988 ], [ 80.12278274226837, 13.036503350431492 ], [ 80.121370153651327, 13.036773867330311 ], [ 80.120170671331294, 13.037553796061422 ], [ 80.119316900886858, 13.038804402562915 ], [ 80.119031212863248, 13.040187477987944 ], [ 80.119294179302486, 13.041536644526998 ], [ 80.118963879392382, 13.04280062082268 ], [ 80.117690084278109, 13.041112282374399 ], [ 80.116070668746943, 13.040355072829204 ], [ 80.116805369205565, 13.038817933737368 ], [ 80.116723638151768, 13.037062205320577 ], [ 80.116264214702156, 13.036101183381545 ], [ 80.115540047968821, 13.035312298689963 ], [ 80.114613503367494, 13.034763487625636 ], [ 80.113696980478949, 13.034521761819034 ] ], [ [ 80.110531300511326, 13.023139533498647 ], [ 80.110430154843442, 13.021666864051335 ], [ 80.109884058131797, 13.020361247460919 ], [ 80.109159955204177, 13.01957234824056 ], [ 80.108039213843568, 13.01895460697807 ], [ 80.107329439843781, 13.017565457452717 ], [ 80.106237518508607, 13.016676687776657 ], [ 80.10565943129906, 13.01569547514146 ], [ 80.10475000760654, 13.014914805500059 ], [ 80.105469550476087, 13.014139887062131 ], [ 80.105935773471998, 13.013182039865606 ], [ 80.106030012357465, 13.011426916078188 ], [ 80.105668949255303, 13.010426358727345 ], [ 80.105027232933537, 13.009571657647811 ], [ 80.103470991088756, 13.008657280823218 ], [ 80.10369164483204, 13.008305846028849 ], [ 80.104967190296975, 13.007915591930358 ], [ 80.106077599488472, 13.007029831549904 ], [ 80.107350157662466, 13.008490091634807 ], [ 80.108326990407349, 13.008947237647343 ], [ 80.109505186728768, 13.009101809802088 ], [ 80.110470736443773, 13.010132619341304 ], [ 80.110520016177801, 13.011193199446959 ], [ 80.111066099455684, 13.01249881452711 ], [ 80.111790189734378, 13.013287707913598 ], [ 80.112716650768178, 13.013836524433225 ], [ 80.114115699610977, 13.014167999403769 ], [ 80.115548400855602, 13.014034569009317 ], [ 80.116528485857799, 13.013584118891567 ], [ 80.117482363452126, 13.012678055702052 ], [ 80.11917791874626, 13.013504719449413 ], [ 80.121045161829613, 13.01347471523639 ], [ 80.121980095685956, 13.014183729235338 ], [ 80.122997968279279, 13.014544733215155 ], [ 80.124747694030518, 13.014488308465769 ], [ 80.127055882142329, 13.015338029550058 ], [ 80.128490980841022, 13.015203697216592 ], [ 80.130948073276485, 13.016224762038417 ], [ 80.13279316970835, 13.016125592009118 ], [ 80.133005956819289, 13.016772147395805 ], [ 80.13154511521374, 13.017053175526595 ], [ 80.130661956767796, 13.016755243600537 ], [ 80.129581026495771, 13.016699540379294 ], [ 80.12853014874787, 13.016953901921946 ], [ 80.127707047371644, 13.017419004330129 ], [ 80.123441448732024, 13.017685459515723 ], [ 80.121142489171163, 13.01843450971465 ], [ 80.119802479479119, 13.01962284722436 ], [ 80.118562786182338, 13.019403349782337 ], [ 80.117150292690411, 13.019673849926329 ], [ 80.115950884342467, 13.020453764557764 ], [ 80.115130976375795, 13.021668219288475 ], [ 80.113771572063143, 13.02180542859548 ], [ 80.110531300511326, 13.023139533498647 ] ], [ [ 80.116917645237507, 13.007851972632116 ], [ 80.116348822390222, 13.005736215358461 ], [ 80.115439736989515, 13.0046422745912 ], [ 80.11407330643307, 13.003883471882443 ], [ 80.112714077097053, 13.003605994171433 ], [ 80.112127090045036, 13.00284157547299 ], [ 80.111259988644292, 13.002206358971225 ], [ 80.110242185239429, 13.001845312936855 ], [ 80.108803117684872, 13.001840378288639 ], [ 80.107471662906207, 13.002375833892957 ], [ 80.10657238375731, 13.003180203741818 ], [ 80.105857142306377, 13.002171642245193 ], [ 80.10482202284247, 13.001457762094434 ], [ 80.106368762909597, 13.000476338595989 ], [ 80.107337228929495, 12.998811368166743 ], [ 80.108517043212203, 12.999417243788807 ], [ 80.110027114217488, 12.999606648361393 ], [ 80.111098289617374, 12.99945458302293 ], [ 80.112078322510555, 12.999004146040724 ], [ 80.113286583592128, 12.997705999843712 ], [ 80.113734147943958, 12.996203083638736 ], [ 80.115468340381824, 12.996114569093756 ], [ 80.117008828296775, 12.995216236695786 ], [ 80.11765657539901, 12.994365944800293 ], [ 80.118028371248286, 12.993344326050584 ], [ 80.119039813889785, 12.992773656016286 ], [ 80.119882812106496, 12.991974054056726 ], [ 80.121697442478407, 12.989077715788488 ], [ 80.122736008699221, 12.988682090862545 ], [ 80.12371204475518, 12.988660192247533 ], [ 80.124116489394311, 12.989468997328618 ], [ 80.124897011491214, 12.990299205301252 ], [ 80.12328154162374, 12.990405459187105 ], [ 80.121741104600886, 12.991303832449985 ], [ 80.120784397916893, 12.992878220577058 ], [ 80.120685729123721, 12.99460255439285 ], [ 80.119927468851813, 12.995724443267799 ], [ 80.119655105407546, 12.997392199721276 ], [ 80.117401569138266, 12.998115905390948 ], [ 80.116597093731556, 12.998825936279211 ], [ 80.116037440838966, 12.999734390623511 ], [ 80.115770808976308, 13.000763034718446 ], [ 80.115820163597604, 13.00182328353864 ], [ 80.116507576109697, 13.003317097409447 ], [ 80.116706839256679, 13.005857875369964 ], [ 80.117496162056923, 13.007230362346299 ], [ 80.116917645237507, 13.007851972632116 ] ], [ [ 80.105530730403757, 12.992834649572538 ], [ 80.106598299955607, 12.993864468995426 ], [ 80.106032800834441, 12.995058664829683 ], [ 80.104502236527452, 12.994365330973739 ], [ 80.103063214325161, 12.994360367325017 ], [ 80.101731790193895, 12.994895795600327 ], [ 80.100616060535714, 12.995931131612254 ], [ 80.099949804714086, 12.995222418248559 ], [ 80.098854784732822, 12.994613724000693 ], [ 80.099766212044614, 12.994291147612326 ], [ 80.101106990317632, 12.994546640923337 ], [ 80.102178146752635, 12.994394611256284 ], [ 80.105530730403757, 12.992834649572538 ] ], [ [ 80.089903079333965, 12.914502072287087 ], [ 80.089938039190884, 12.91643759433205 ], [ 80.090340011680127, 12.917304348563079 ], [ 80.08981481777316, 12.917289977647686 ], [ 80.088652830227744, 12.916449022760869 ], [ 80.088428776987882, 12.91456863668061 ], [ 80.089903079333965, 12.914502072287087 ] ], [ [ 80.149061759538057, 13.032595182491052 ], [ 80.145740784251018, 13.032599550511241 ], [ 80.144142682018028, 13.03313260145242 ], [ 80.142710828139613, 13.032989549215971 ], [ 80.140147587630125, 13.03383475022795 ], [ 80.138312260460978, 13.033565034568221 ], [ 80.138538686333661, 13.032342289437212 ], [ 80.138383483876694, 13.031291898496008 ], [ 80.137901110135488, 13.03030045529907 ], [ 80.137632665830012, 13.029077324219388 ], [ 80.136675710684614, 13.027756897873937 ], [ 80.136371799431231, 13.02671009382645 ], [ 80.136679590002956, 13.025596745211486 ], [ 80.136604816794232, 13.024435889763591 ], [ 80.139189995795377, 13.023886056248736 ], [ 80.140778209683305, 13.022684965909987 ], [ 80.142462628366602, 13.023904505128103 ], [ 80.143510403579, 13.025288008022841 ], [ 80.144976990009511, 13.026106721194989 ], [ 80.146789221282035, 13.026370451014285 ], [ 80.148469216476357, 13.025789589167958 ], [ 80.147733785394493, 13.027088552002297 ], [ 80.14758790969799, 13.028682449953063 ], [ 80.148001080569571, 13.030034216734709 ], [ 80.14933094611186, 13.031417721977922 ], [ 80.149862544893381, 13.032854488339824 ], [ 80.149061759538057, 13.032595182491052 ] ], [ [ 80.147609675244652, 13.019316096199935 ], [ 80.145266926799536, 13.016571231571115 ], [ 80.144072994394207, 13.015783289259074 ], [ 80.142300842254684, 13.015519545765347 ], [ 80.141249979169061, 13.015773959990481 ], [ 80.140392816647676, 13.01626371804382 ], [ 80.140471899303051, 13.015117691311101 ], [ 80.140064134370874, 13.013777093572568 ], [ 80.141018187045759, 13.012537684052875 ], [ 80.141930505029521, 13.013638001903187 ], [ 80.143548257084433, 13.014394809621818 ], [ 80.144987410403374, 13.014399556236627 ], [ 80.146530113639429, 13.013711355588249 ], [ 80.147927648808022, 13.013986680956332 ], [ 80.149411270231866, 13.013755747998543 ], [ 80.150517535308609, 13.014307447740759 ], [ 80.151587701388905, 13.01446668427227 ], [ 80.152658927083593, 13.01431445000747 ], [ 80.153638955349706, 13.013863855561212 ], [ 80.154443384131682, 13.013153707112332 ], [ 80.154945248178151, 13.012363742313367 ], [ 80.15528135069782, 13.013264326897369 ], [ 80.155923256012784, 13.01411891489678 ], [ 80.156790520270192, 13.014753991338633 ], [ 80.157808454381765, 13.015114862001337 ], [ 80.159247617192065, 13.015119529776136 ], [ 80.160585477277309, 13.014579163002351 ], [ 80.161628508597971, 13.014954876154237 ], [ 80.16283952229233, 13.014991955146119 ], [ 80.164597015672172, 13.015464081293525 ], [ 80.165447323388378, 13.015956856412423 ], [ 80.166496445274689, 13.016218121292788 ], [ 80.167577739201107, 13.016169514152782 ], [ 80.168818498231744, 13.015686636779266 ], [ 80.170097380005672, 13.016566885303304 ], [ 80.171522237080097, 13.016846061339736 ], [ 80.171917679079669, 13.018423196081356 ], [ 80.172471140851997, 13.019335331581903 ], [ 80.173580684656514, 13.020234113894434 ], [ 80.174836717303876, 13.020630319225686 ], [ 80.175508569454536, 13.021582344687653 ], [ 80.174111765082728, 13.022104820088922 ], [ 80.172996271961765, 13.022996509207601 ], [ 80.172313699128281, 13.024238882252948 ], [ 80.172167966539675, 13.025642803050157 ], [ 80.172581269250898, 13.026994538767026 ], [ 80.173490693387691, 13.028088297988871 ], [ 80.174757789691498, 13.028757561711062 ], [ 80.1762481556365, 13.028979500643596 ], [ 80.175891056660447, 13.029325306005834 ], [ 80.174111718187135, 13.029744818778861 ], [ 80.172779604539741, 13.030920896347206 ], [ 80.172224491797294, 13.032222884676427 ], [ 80.172251085491681, 13.03375821588528 ], [ 80.171523553010147, 13.035048863410754 ], [ 80.171369026185545, 13.036265065538455 ], [ 80.170479520381008, 13.035605934892027 ], [ 80.169461482952272, 13.035245108362885 ], [ 80.167192646914145, 13.035412308348903 ], [ 80.166395465680168, 13.034951957262843 ], [ 80.167669762049883, 13.034145779324581 ], [ 80.168435026254784, 13.033053678545309 ], [ 80.170319238902579, 13.032664392716185 ], [ 80.171590772807477, 13.032003235186412 ], [ 80.172507456452024, 13.030915306665856 ], [ 80.172929734204303, 13.029566238707837 ], [ 80.17288013821836, 13.028505987597212 ], [ 80.172518780509549, 13.027505506361999 ], [ 80.171876784142128, 13.026650954775794 ], [ 80.170766543081157, 13.025855930208229 ], [ 80.171169656589385, 13.024546259163028 ], [ 80.17103325460333, 13.022871437018715 ], [ 80.169978290050565, 13.021003742097157 ], [ 80.169558684893815, 13.019105537082378 ], [ 80.168649309181859, 13.018011766328183 ], [ 80.16772269720299, 13.017463141121956 ], [ 80.166673568564306, 13.017201880831729 ], [ 80.165240858070476, 13.017335594146177 ], [ 80.163731173427379, 13.018169917204313 ], [ 80.162562350737943, 13.017572500765375 ], [ 80.1611305678272, 13.017429554750874 ], [ 80.159751981316774, 13.017834736242309 ], [ 80.158636460790547, 13.018726361926689 ], [ 80.158076905702288, 13.019634912342045 ], [ 80.157791458991383, 13.021018047311545 ], [ 80.158067558413236, 13.022403005508918 ], [ 80.158620975565441, 13.023315167760229 ], [ 80.159420616475586, 13.024030532799342 ], [ 80.160748459367866, 13.024574868597828 ], [ 80.16218767786448, 13.024579523384057 ], [ 80.163323728789422, 13.024157783391349 ], [ 80.164426310419302, 13.026179461067803 ], [ 80.165363435627484, 13.027124041780208 ], [ 80.165078774960435, 13.027834957626526 ], [ 80.163780842840467, 13.02797558947934 ], [ 80.162800773373121, 13.028426219505867 ], [ 80.161517746254148, 13.029878452292774 ], [ 80.158989664432383, 13.030574039791169 ], [ 80.157979426746905, 13.031187217475072 ], [ 80.156680525329222, 13.030797380761852 ], [ 80.156463399973418, 13.029601645658897 ], [ 80.156003830488004, 13.028640684920216 ], [ 80.154899359500632, 13.027586143191098 ], [ 80.154119145047176, 13.025864921788711 ], [ 80.152927983154029, 13.024927858423874 ], [ 80.153613081518856, 13.023875190291154 ], [ 80.153898555402165, 13.022492061842843 ], [ 80.153622479358333, 13.021107100628081 ], [ 80.153069085563587, 13.02019492897513 ], [ 80.152269475731146, 13.019479546008849 ], [ 80.150941680552776, 13.018935169373476 ], [ 80.14950249882456, 13.018930454170908 ], [ 80.148077527819382, 13.019533634047979 ], [ 80.147609675244652, 13.019316096199935 ] ], [ [ 80.151049500071395, 12.964137860501188 ], [ 80.149270135609683, 12.963408160837661 ], [ 80.149742860941842, 12.962243356631527 ], [ 80.151136106935553, 12.962210486208971 ], [ 80.151049500071395, 12.964137860501188 ] ], [ [ 80.151151624889323, 12.936044663977238 ], [ 80.151711894030498, 12.935135149264866 ], [ 80.151978293071068, 12.934106449518881 ], [ 80.15190877551602, 12.932776193325788 ], [ 80.151381871631358, 12.93150239676282 ], [ 80.151778235984239, 12.930206448879353 ], [ 80.151641965199673, 12.928801616555599 ], [ 80.151182575134456, 12.927840652498521 ], [ 80.15045858293584, 12.92705187139078 ], [ 80.149532338973799, 12.926503200706534 ], [ 80.148160208524317, 12.926225248040652 ], [ 80.149467243396998, 12.925618998587387 ], [ 80.150677996403203, 12.926247495185285 ], [ 80.152087356971123, 12.926391451076316 ], [ 80.153328729451729, 12.926884885089255 ], [ 80.154977835702354, 12.927006711706854 ], [ 80.156389772201933, 12.926735968881747 ], [ 80.157509717026301, 12.926025492421328 ], [ 80.158617817159069, 12.926736867049172 ], [ 80.160098727024163, 12.927013532132108 ], [ 80.159518110768857, 12.92794499723332 ], [ 80.159232808793959, 12.929328150304299 ], [ 80.159508847459065, 12.930713110897575 ], [ 80.160161808748811, 12.931733898769632 ], [ 80.159830235434697, 12.932920968689418 ], [ 80.159077792687896, 12.933232510241828 ], [ 80.157641246924172, 12.933365569244085 ], [ 80.156753851765131, 12.933762340495553 ], [ 80.154910178796911, 12.93400402978846 ], [ 80.15371130493314, 12.934784156839598 ], [ 80.152892860973651, 12.935996107696523 ], [ 80.151382845313606, 12.936790314533972 ], [ 80.151027274598448, 12.936715176220554 ], [ 80.151151624889323, 12.936044663977238 ] ], [ [ 80.138661531264759, 12.928115508551363 ], [ 80.137060467846169, 12.929046534652208 ], [ 80.134871105929093, 12.931360528730991 ], [ 80.13426175084868, 12.933013354910686 ], [ 80.134540530484387, 12.934798495295791 ], [ 80.132651018894393, 12.934479526508285 ], [ 80.131108695770536, 12.934980358105383 ], [ 80.129839225160353, 12.933886171783497 ], [ 80.128406642221137, 12.933389998446838 ], [ 80.127977756238153, 12.93169599344011 ], [ 80.126778965262488, 12.930389700693084 ], [ 80.125132398640289, 12.929642641978427 ], [ 80.123733232387281, 12.929498083775703 ], [ 80.122875269802591, 12.929032352768763 ], [ 80.123017133718463, 12.928062412071361 ], [ 80.122775973633026, 12.926773514809998 ], [ 80.123747375515009, 12.926396878159121 ], [ 80.125116070968417, 12.926808057550197 ], [ 80.126196974464833, 12.92675959847733 ], [ 80.12721699169019, 12.926405446094813 ], [ 80.12830409657667, 12.925544119389862 ], [ 80.129357442334538, 12.926206683645272 ], [ 80.130406147063511, 12.926468070084841 ], [ 80.132295854571183, 12.926162542272575 ], [ 80.134127087014861, 12.926269584180346 ], [ 80.135525033007639, 12.92568559390366 ], [ 80.136708500787051, 12.926144824200453 ], [ 80.137789044879526, 12.926200473619083 ], [ 80.139749540126672, 12.925746044164619 ], [ 80.140733813977889, 12.925155481240067 ], [ 80.141707604953481, 12.925746761576569 ], [ 80.143098589744184, 12.9261548477693 ], [ 80.144179137023514, 12.92621047083094 ], [ 80.145443153376064, 12.925857806709816 ], [ 80.14721978264555, 12.926334751990874 ], [ 80.14598173394397, 12.926876127796016 ], [ 80.144907016357507, 12.927958417862042 ], [ 80.14377241816517, 12.927223237311335 ], [ 80.142362349576075, 12.926943301192249 ], [ 80.140950401689182, 12.927213967128758 ], [ 80.139783346241472, 12.927965927883138 ], [ 80.138661531264759, 12.928115508551363 ] ], [ [ 80.140286884196243, 13.008481278118886 ], [ 80.139093006066659, 13.007693315797571 ], [ 80.137682496931177, 13.007413327967882 ], [ 80.13470132279059, 13.007635495630261 ], [ 80.13303498343187, 13.008669135960039 ], [ 80.132573731374151, 13.007700955074849 ], [ 80.131849586579563, 13.006912116193066 ], [ 80.130923103634245, 13.006363366650797 ], [ 80.129512613987643, 13.0060833354444 ], [ 80.127772473850072, 13.006504550819413 ], [ 80.126900894142366, 13.007133873338505 ], [ 80.126322147956614, 13.007872166679787 ], [ 80.125882285063327, 13.00795169641292 ], [ 80.124628218499268, 13.007441794358023 ], [ 80.123748778356372, 13.005927847358096 ], [ 80.124009253380024, 13.004646904344611 ], [ 80.123957301365394, 13.003302259402718 ], [ 80.125009585182426, 13.00228965936885 ], [ 80.1255541462357, 13.001029124287866 ], [ 80.125866912657045, 13.002838005419921 ], [ 80.126326321457086, 13.003799011229225 ], [ 80.127340420777088, 13.004800268429351 ], [ 80.128668083377733, 13.005344758509498 ], [ 80.130107178844455, 13.005349584359459 ], [ 80.131147519302388, 13.004985438631154 ], [ 80.132263065828269, 13.004093932479114 ], [ 80.132945769837889, 13.00285167179209 ], [ 80.133108229393955, 13.001802338281045 ], [ 80.132799789265022, 12.99960652637737 ], [ 80.132438630326419, 12.998605999595128 ], [ 80.131796845637069, 12.997751360000441 ], [ 80.130603045952512, 12.996963362905149 ], [ 80.129554050622573, 12.996701959910878 ], [ 80.128121451839633, 12.996835474604422 ], [ 80.12702487543423, 12.997370152458926 ], [ 80.126972838488456, 12.996437494214719 ], [ 80.127666333420876, 12.995430450855087 ], [ 80.129067145067097, 12.995429587152023 ], [ 80.13039852288621, 12.994894015216206 ], [ 80.131202948486234, 12.994183938066584 ], [ 80.13176253461107, 12.993275446360171 ], [ 80.132048082051696, 12.991892344091331 ], [ 80.131892920782334, 12.99081194930433 ], [ 80.131433510512593, 12.98985095254938 ], [ 80.130556638033525, 12.988950202496255 ], [ 80.130879024154112, 12.987806792689399 ], [ 80.130709717302139, 12.986310136268548 ], [ 80.131374986883557, 12.983747072089228 ], [ 80.13207283794064, 12.983113923026155 ], [ 80.132632393600474, 12.982205426918531 ], [ 80.132908893622059, 12.980628714480735 ], [ 80.133831591420815, 12.981579843491547 ], [ 80.134097997370915, 12.983142719667253 ], [ 80.135160728102363, 12.984557959206306 ], [ 80.136427496144677, 12.985227392359892 ], [ 80.139298232669461, 12.985635901685612 ], [ 80.138617468300041, 12.986674688247035 ], [ 80.138350945363641, 12.987703363316735 ], [ 80.138400397179254, 12.988763614813291 ], [ 80.138761568883723, 12.989764134661685 ], [ 80.139403359790848, 12.990618757777026 ], [ 80.140590105710942, 12.991436627996459 ], [ 80.141400714953974, 12.992368013714151 ], [ 80.143212704782385, 12.993291164493922 ], [ 80.142077339075612, 12.994744726345706 ], [ 80.141808383246314, 12.996522397834939 ], [ 80.142406509872373, 12.998179214834103 ], [ 80.143475268333404, 12.999212755917126 ], [ 80.143081771653826, 13.000817856628515 ], [ 80.143544415038065, 13.002578570401385 ], [ 80.143105009767098, 13.003692507535643 ], [ 80.14304826206579, 13.00475240773191 ], [ 80.143461376581783, 13.00610418022152 ], [ 80.144344237083089, 13.007174445669367 ], [ 80.143251202849015, 13.007325523093456 ], [ 80.142271184790346, 13.007776078959626 ], [ 80.141466742115057, 13.008486188892801 ], [ 80.140931812499716, 13.009342358025252 ], [ 80.140286884196243, 13.008481278118886 ] ], [ [ 80.142663455379491, 12.9839131723918 ], [ 80.142952636421342, 12.984575256776976 ], [ 80.142241732666903, 12.984464094339074 ], [ 80.142663455379491, 12.9839131723918 ] ], [ [ 80.1416755056798, 12.979100123795682 ], [ 80.139781453535363, 12.978399745482458 ], [ 80.139521931668384, 12.977367249007557 ], [ 80.138982211007132, 12.976473075346554 ], [ 80.140097462177337, 12.97610538078313 ], [ 80.141411799971792, 12.975070923220073 ], [ 80.141368677528376, 12.976592410348504 ], [ 80.14185021238977, 12.978693706165135 ], [ 80.1416755056798, 12.979100123795682 ] ], [ [ 80.152226563230855, 13.099170877053188 ], [ 80.153510551348532, 13.098905997564577 ], [ 80.154739009281286, 13.098095032519126 ], [ 80.156316099729366, 13.098628067503894 ], [ 80.157749283304142, 13.098494433176311 ], [ 80.158729645176251, 13.098043842038486 ], [ 80.159729102220581, 13.097078078364666 ], [ 80.160395937761436, 13.096986078081477 ], [ 80.161206333252522, 13.097949201880331 ], [ 80.15944963730243, 13.099034138191499 ], [ 80.158520326741424, 13.100547823993434 ], [ 80.157211904636782, 13.100015182704965 ], [ 80.155772251075916, 13.100010473679118 ], [ 80.154440342147595, 13.100546140342773 ], [ 80.153505096013419, 13.101427563825522 ], [ 80.152980058483365, 13.100575000769897 ], [ 80.152209219326849, 13.099880846795644 ], [ 80.152226563230855, 13.099170877053188 ] ], [ [ 80.136870854085487, 13.137945502450286 ], [ 80.135804708023812, 13.138457761297969 ], [ 80.136141230171233, 13.137276852885575 ], [ 80.136091799594141, 13.136216611731873 ], [ 80.135026453274293, 13.134022147505881 ], [ 80.135975718892553, 13.134248006667582 ], [ 80.137200896990493, 13.134164873698245 ], [ 80.137670491002524, 13.134850401543916 ], [ 80.138202254515761, 13.136376140321628 ], [ 80.138311132729015, 13.137813012504814 ], [ 80.136870854085487, 13.137945502450286 ] ], [ [ 80.167980490850823, 12.939219884611315 ], [ 80.168272944496621, 12.939515359584384 ], [ 80.167646091827535, 12.939362007111301 ], [ 80.167980490850823, 12.939219884611315 ] ], [ [ 80.155517560856069, 12.958865287471129 ], [ 80.156388898654683, 12.958235851721744 ], [ 80.157078825670055, 12.957357698655493 ], [ 80.158723448040988, 12.958078990127222 ], [ 80.157259975617364, 12.958786690249216 ], [ 80.156244429146653, 12.960078305846352 ], [ 80.155013596930559, 12.95973188688953 ], [ 80.153853840500332, 12.959799521398356 ], [ 80.153982918691611, 12.959277485819442 ], [ 80.155517560856069, 12.958865287471129 ] ], [ [ 80.15630243011887, 12.952275913426577 ], [ 80.156101486086811, 12.952589302811711 ], [ 80.155710115117941, 12.95234031103463 ], [ 80.15592931876256, 12.952330460716576 ], [ 80.15630243011887, 12.952275913426577 ] ], [ [ 80.162739113734929, 13.051249442593351 ], [ 80.160512277910968, 13.051000477743306 ], [ 80.158889154693227, 13.051746670569406 ], [ 80.1578164610779, 13.053154884680295 ], [ 80.157536865046922, 13.054664364110614 ], [ 80.15617522741654, 13.05348583714324 ], [ 80.157530461474806, 13.052299322503959 ], [ 80.158125699349966, 13.050907374403073 ], [ 80.158182406212589, 13.049847471329214 ], [ 80.157897346159743, 13.048763747199647 ], [ 80.158279962213527, 13.047496460508791 ], [ 80.158204359676503, 13.045072787831895 ], [ 80.159067255755687, 13.044820619612288 ], [ 80.16114528802315, 13.045347035826902 ], [ 80.161630925845898, 13.046625639767557 ], [ 80.161491061999001, 13.047588076093495 ], [ 80.161646368613489, 13.04863845850439 ], [ 80.162806693916863, 13.050834743780888 ], [ 80.162739113734929, 13.051249442593351 ] ], [ [ 80.158173163822539, 13.056585681214965 ], [ 80.159335517545216, 13.057654235582843 ], [ 80.159026853464056, 13.058019054386399 ], [ 80.158035261585965, 13.058368506166499 ], [ 80.15787428375485, 13.058193214536743 ], [ 80.158173163822539, 13.056585681214965 ] ], [ [ 80.160252707509159, 13.114717579103683 ], [ 80.158212792306131, 13.11471536635932 ], [ 80.158064611582589, 13.113531702881549 ], [ 80.15760490093578, 13.112570741316002 ], [ 80.156880387955638, 13.111781955049427 ], [ 80.155876226634447, 13.111205897248224 ], [ 80.155953303951662, 13.110067559157526 ], [ 80.155743134305936, 13.109173991304537 ], [ 80.155985207966594, 13.107433060458776 ], [ 80.157167766392959, 13.107399524654426 ], [ 80.158499708107868, 13.106863846060198 ], [ 80.159521112270752, 13.105869331838409 ], [ 80.160050794568392, 13.104666498347886 ], [ 80.161756162117371, 13.105278077738253 ], [ 80.162837844399348, 13.105229514217887 ], [ 80.1638585654363, 13.104875264592515 ], [ 80.165701136826272, 13.103299259973641 ], [ 80.16632080306654, 13.101458964683172 ], [ 80.167359998391632, 13.102500544571651 ], [ 80.16856178953654, 13.103013374838515 ], [ 80.167745714899965, 13.104194975426676 ], [ 80.167465657746121, 13.105694966892708 ], [ 80.166089205042795, 13.105964066062953 ], [ 80.165158604703677, 13.106506703562316 ], [ 80.164428776021879, 13.107290756856333 ], [ 80.163962571472283, 13.108248705702767 ], [ 80.163800142560731, 13.109298053805833 ], [ 80.163955481234325, 13.110348432797135 ], [ 80.164435213165149, 13.111359384637129 ], [ 80.165387089186098, 13.112314555186467 ], [ 80.164524913492258, 13.112715923970805 ], [ 80.163250489883467, 13.112629573833818 ], [ 80.161871367919559, 13.113034731875391 ], [ 80.160999476123706, 13.113664146460604 ], [ 80.160252707509159, 13.114717579103683 ] ], [ [ 80.174654127094314, 13.062270484629911 ], [ 80.173929693816518, 13.061481748766852 ], [ 80.173100687082794, 13.060978852445759 ], [ 80.174167921632005, 13.060929497322928 ], [ 80.175188443076635, 13.060575189805498 ], [ 80.176060106817545, 13.059945711382845 ], [ 80.176976114433671, 13.058857045841043 ], [ 80.177483615472937, 13.058955808145715 ], [ 80.17771302834943, 13.0596997683952 ], [ 80.176849827153049, 13.060324319362996 ], [ 80.176202086598451, 13.061174756818449 ], [ 80.175834048314314, 13.062172910157665 ], [ 80.1757774777751, 13.063233276179957 ], [ 80.175125271626911, 13.063199906142922 ], [ 80.174654127094314, 13.062270484629911 ] ], [ [ 80.171821613275469, 13.051754801470267 ], [ 80.170819970043439, 13.05249426580454 ], [ 80.170016375745107, 13.053665040697968 ], [ 80.169749891054053, 13.054693746348846 ], [ 80.169865982299129, 13.056306942501699 ], [ 80.169085853996179, 13.054904727142929 ], [ 80.169777726953967, 13.054015354881045 ], [ 80.170200066237641, 13.052666296992273 ], [ 80.169793298940291, 13.050165208562328 ], [ 80.169810441380477, 13.048706049768285 ], [ 80.169429070657515, 13.047595564930159 ], [ 80.168402695029854, 13.045800300339687 ], [ 80.168470376786615, 13.044146064496822 ], [ 80.167586716376746, 13.042407596851097 ], [ 80.168649546960992, 13.042460437793869 ], [ 80.170020266455339, 13.04217419176403 ], [ 80.170710834935335, 13.043485290371889 ], [ 80.171820474060411, 13.044384084642576 ], [ 80.173557990928643, 13.044816696214623 ], [ 80.175270744110932, 13.044407877696658 ], [ 80.175846878773697, 13.044948829189519 ], [ 80.174566007783881, 13.045916513956749 ], [ 80.173883372571424, 13.04715888567363 ], [ 80.17373762730783, 13.048562804627112 ], [ 80.174283021738404, 13.050132140573936 ], [ 80.173408210193287, 13.051340222275339 ], [ 80.171821613275469, 13.051754801470267 ] ], [ [ 80.169020239030644, 13.05996182527506 ], [ 80.169904016142269, 13.058483105282425 ], [ 80.170782888149972, 13.05988903622432 ], [ 80.171939342533321, 13.060671152174328 ], [ 80.170034560752043, 13.060990663075511 ], [ 80.169020239030644, 13.05996182527506 ] ], [ [ 80.165033686172933, 13.09853078649425 ], [ 80.165746609342577, 13.098136631504804 ], [ 80.165638281799531, 13.09917897056671 ], [ 80.165257653491381, 13.098731085618949 ], [ 80.165033686172933, 13.09853078649425 ] ], [ [ 80.178626480283654, 13.037191089635661 ], [ 80.178704780472259, 13.03537460219559 ], [ 80.180140058725343, 13.035073934327361 ], [ 80.180379570927016, 13.035744000426822 ], [ 80.18017120264544, 13.036918351657153 ], [ 80.180330181255187, 13.039129201194438 ], [ 80.179372683207333, 13.038553080390736 ], [ 80.17806196524252, 13.038278434942276 ], [ 80.178626480283654, 13.037191089635661 ] ], [ [ 80.180260758774466, 13.027799478907774 ], [ 80.1800200239622, 13.028364434443606 ], [ 80.178607265936321, 13.028105754630106 ], [ 80.179900200778988, 13.02730111396396 ], [ 80.180260758774466, 13.027799478907774 ] ], [ [ 80.182107835264645, 13.041869641660432 ], [ 80.181780907681301, 13.042250820140003 ], [ 80.181755730329598, 13.041635295845536 ], [ 80.182107835264645, 13.041869641660432 ] ], [ [ 80.181046629004442, 13.084015925328426 ], [ 80.183016103928111, 13.084390114878104 ], [ 80.181711278296518, 13.08478485447653 ], [ 80.18071353084018, 13.085549744697278 ], [ 80.178697138966001, 13.084627008704448 ], [ 80.179746337839475, 13.08408621452678 ], [ 80.181046629004442, 13.084015925328426 ] ], [ [ 80.165310886481848, 12.900946374666955 ], [ 80.165265664386652, 12.901019846549561 ], [ 80.165270854308801, 12.900922662234528 ], [ 80.165310886481848, 12.900946374666955 ] ], [ [ 80.237877642124275, 13.16445879774267 ], [ 80.236449697656781, 13.163105521367664 ], [ 80.2351042247723, 13.162696422161055 ], [ 80.236592458471591, 13.161448482044577 ], [ 80.237058501968193, 13.160490395088734 ], [ 80.237220669122564, 13.159440988951243 ], [ 80.236790155364048, 13.157734784350962 ], [ 80.236147617295785, 13.156880369224982 ], [ 80.235279658571997, 13.156245525817731 ], [ 80.234261026304949, 13.155884924539402 ], [ 80.233179441530638, 13.155829618752877 ], [ 80.231428946363067, 13.156426682687197 ], [ 80.23062423386213, 13.157137049081019 ], [ 80.230064590089526, 13.158045743147719 ], [ 80.229798212831682, 13.159074510542364 ], [ 80.229846844590057, 13.160126649945088 ], [ 80.229442315343476, 13.159920630668626 ], [ 80.229729365295171, 13.158503783576363 ], [ 80.23038750149199, 13.157066457110828 ], [ 80.230429432549514, 13.155266133584393 ], [ 80.231302327091598, 13.154378539010601 ], [ 80.231768375660081, 13.153420461528176 ], [ 80.231835210851628, 13.151559704410127 ], [ 80.233545065403632, 13.150567033541703 ], [ 80.234890418321612, 13.15178448926078 ], [ 80.236434172325403, 13.1522067711256 ], [ 80.236925206116069, 13.153290248258791 ], [ 80.2379403524845, 13.154291121878051 ], [ 80.23891801405864, 13.154747817118679 ], [ 80.239988859654474, 13.154906723812664 ], [ 80.241402039968634, 13.154635591675213 ], [ 80.244102689724016, 13.153172665953663 ], [ 80.245019550114321, 13.152084497279326 ], [ 80.245482100459384, 13.150547468469158 ], [ 80.246697504716465, 13.151357287629247 ], [ 80.248414065279505, 13.151622938178463 ], [ 80.248229418384938, 13.15273922766937 ], [ 80.248385135316653, 13.153789574146389 ], [ 80.249060158079331, 13.155036107500321 ], [ 80.249860478914812, 13.155751224304048 ], [ 80.25083817075199, 13.156207875629535 ], [ 80.251909033111545, 13.156366733365569 ], [ 80.252980840344193, 13.156214116027483 ], [ 80.253959311038585, 13.155764319102504 ], [ 80.253718192875738, 13.156724852469189 ], [ 80.253768126696784, 13.157935098512921 ], [ 80.254129978254056, 13.158935485250874 ], [ 80.254698951798801, 13.159709768555254 ], [ 80.254625997370965, 13.160833866642273 ], [ 80.254911227694265, 13.161916755676453 ], [ 80.253852652403395, 13.161651734893594 ], [ 80.252770717709041, 13.161700667921769 ], [ 80.251438648739168, 13.162236827229938 ], [ 80.250431026801479, 13.163213746094621 ], [ 80.247429542042184, 13.163290348427942 ], [ 80.247820711300463, 13.161650838405548 ], [ 80.247399293326765, 13.159963801971093 ], [ 80.24768066538681, 13.158590837944857 ], [ 80.24740395336778, 13.15720595267719 ], [ 80.246739926717424, 13.156053955415448 ], [ 80.245939614542095, 13.155338829339829 ], [ 80.244610875087218, 13.154794886491318 ], [ 80.24352929028214, 13.154739624417585 ], [ 80.24247790744694, 13.154994419833798 ], [ 80.241547267376461, 13.155537330623389 ], [ 80.240817514097401, 13.156321603236838 ], [ 80.240351493616672, 13.157279698549528 ], [ 80.240206021033302, 13.158683661014274 ], [ 80.240720704825264, 13.160256154536143 ], [ 80.240425970232522, 13.162083661336684 ], [ 80.240916296615879, 13.163561177661398 ], [ 80.239677902872586, 13.163824406155017 ], [ 80.238631962828677, 13.164469053589887 ], [ 80.237877642124275, 13.16445879774267 ] ], [ [ 80.24095333679125, 13.142083472439735 ], [ 80.241090126052811, 13.14112512398286 ], [ 80.242077506537044, 13.141727264157623 ], [ 80.24348892221893, 13.142006730377334 ], [ 80.245095839515585, 13.141646432721933 ], [ 80.245459329433658, 13.142149429297364 ], [ 80.24557527269252, 13.143689543462694 ], [ 80.24623494350071, 13.144915721723377 ], [ 80.245057599889748, 13.146001657238115 ], [ 80.24444793099444, 13.14766257098846 ], [ 80.243210768086513, 13.146845031206219 ], [ 80.243470466467954, 13.145530887828706 ], [ 80.24319378884897, 13.144145998705678 ], [ 80.242397400598534, 13.142970291224797 ], [ 80.24095333679125, 13.142083472439735 ] ], [ [ 80.237091162813016, 13.128383272211579 ], [ 80.235448133829905, 13.128724388070538 ], [ 80.234248515076715, 13.12950483629642 ], [ 80.233444937119017, 13.130675804712514 ], [ 80.233162503092714, 13.132117790542615 ], [ 80.231359524930241, 13.132195814149195 ], [ 80.229260344001958, 13.133285131059916 ], [ 80.228388535511158, 13.13391477870092 ], [ 80.227399685032253, 13.135228090700625 ], [ 80.226150370853674, 13.135615112042313 ], [ 80.225278546481348, 13.136244748133267 ], [ 80.224400368174486, 13.1376178786645 ], [ 80.22272826416966, 13.138104327745959 ], [ 80.221802175516046, 13.138643901053989 ], [ 80.220989964748924, 13.137711347356793 ], [ 80.220054587147516, 13.137159976065165 ], [ 80.220273651470904, 13.135556658923516 ], [ 80.219674719823502, 13.133899989305785 ], [ 80.218659730731531, 13.132899050735254 ], [ 80.217149229740869, 13.132327958390574 ], [ 80.218681276637412, 13.131155336556608 ], [ 80.219627433398358, 13.129669096664429 ], [ 80.221510672620894, 13.129073397251668 ], [ 80.22276827377884, 13.127673600156706 ], [ 80.224556352158359, 13.128338691176692 ], [ 80.225590433278271, 13.129371031884929 ], [ 80.226918991609324, 13.129915064294909 ], [ 80.228710401897274, 13.129834198431501 ], [ 80.230162312223143, 13.129062776436436 ], [ 80.230892012114182, 13.128278529860212 ], [ 80.231358007159457, 13.127320448567643 ], [ 80.23152016848303, 13.126271043482188 ], [ 80.231364534551332, 13.12522068943257 ], [ 80.230447301560559, 13.123710404610661 ], [ 80.229252580387111, 13.122922816331457 ], [ 80.227990244010769, 13.122650898241046 ], [ 80.227604576327224, 13.122182741731967 ], [ 80.227768343704113, 13.121830615172362 ], [ 80.228408038156104, 13.121443593779631 ], [ 80.228935424267831, 13.121396950513992 ], [ 80.229940337760866, 13.122688776182057 ], [ 80.231559081852467, 13.123445083978275 ], [ 80.232900528260728, 13.123470388747927 ], [ 80.234279615885725, 13.123064847288356 ], [ 80.235395375852335, 13.122172913552422 ], [ 80.236166994751997, 13.120586349260035 ], [ 80.2361713519511, 13.11917517125668 ], [ 80.235527862309382, 13.117741394272223 ], [ 80.235858279944921, 13.117235019651099 ], [ 80.237409618188551, 13.116774827613709 ], [ 80.238865451022562, 13.115561257263007 ], [ 80.238739968135022, 13.116469120884629 ], [ 80.23908333292303, 13.11799339505011 ], [ 80.238869927161701, 13.119209120516489 ], [ 80.239150067379953, 13.122102539424874 ], [ 80.238661982344809, 13.123089699577465 ], [ 80.238507985683484, 13.124311987949623 ], [ 80.23776289928837, 13.125863718676344 ], [ 80.237747538096087, 13.128445500264734 ], [ 80.237091162813016, 13.128383272211579 ] ], [ [ 80.235164895915048, 13.110003035191793 ], [ 80.234402734252484, 13.11017819407134 ], [ 80.232902441715524, 13.109042785468432 ], [ 80.231491227347277, 13.10876327146471 ], [ 80.229001171013763, 13.10913061486862 ], [ 80.227598994455462, 13.109717482087751 ], [ 80.225912012476059, 13.109973074874915 ], [ 80.225519559005946, 13.108764889314447 ], [ 80.224877179106144, 13.107910452014654 ], [ 80.223682550529801, 13.107122842173423 ], [ 80.2226329763986, 13.106861785345957 ], [ 80.221199757265282, 13.106995779521325 ], [ 80.219804252814612, 13.107766367529761 ], [ 80.218773033705205, 13.107511794316096 ], [ 80.21769133817439, 13.107560592645422 ], [ 80.216067984657997, 13.108307130081222 ], [ 80.215258302447069, 13.109181335557652 ], [ 80.21470320709102, 13.110483410136963 ], [ 80.214698730508999, 13.111894581898808 ], [ 80.215060363973308, 13.112895014719458 ], [ 80.215702720487016, 13.113749474991216 ], [ 80.216570482118556, 13.114384375430859 ], [ 80.217588916918771, 13.114745036964742 ], [ 80.219010816147147, 13.114751947399094 ], [ 80.219058681006359, 13.115824640434349 ], [ 80.219420337267579, 13.116825068148707 ], [ 80.221070800539579, 13.118556594511269 ], [ 80.220502122753217, 13.119649457464387 ], [ 80.220343091311037, 13.120809307761926 ], [ 80.219079157413248, 13.121884963640499 ], [ 80.217222726050352, 13.120962890758404 ], [ 80.216072190916165, 13.12069663809093 ], [ 80.216133392735316, 13.118086703259525 ], [ 80.215534524861994, 13.116430025723638 ], [ 80.212729608369884, 13.113855668314809 ], [ 80.211711185365985, 13.113494988151555 ], [ 80.210454859371225, 13.11346448472063 ], [ 80.21059994433655, 13.112481331681444 ], [ 80.210444405227221, 13.111430969343353 ], [ 80.209403382736141, 13.109809794794977 ], [ 80.209727048066242, 13.108630579824476 ], [ 80.210610958781515, 13.10799540411619 ], [ 80.211258718571074, 13.107144883615762 ], [ 80.211690743101613, 13.105611954890389 ], [ 80.214259235570012, 13.104774964578386 ], [ 80.215332934071867, 13.103928300448748 ], [ 80.217241456339124, 13.103695702223327 ], [ 80.21858902253777, 13.102756230384367 ], [ 80.220468675160816, 13.102879404250832 ], [ 80.222198514272662, 13.102038775577368 ], [ 80.223250643103469, 13.103101029833287 ], [ 80.224579057889088, 13.103645067258885 ], [ 80.226370277305236, 13.103564206967878 ], [ 80.22778101782886, 13.102780090158202 ], [ 80.228828141809188, 13.103287793003616 ], [ 80.23026047806006, 13.103430394183826 ], [ 80.231311648295204, 13.10317563633444 ], [ 80.232404505490209, 13.102489353404893 ], [ 80.233268859685623, 13.102429379335582 ], [ 80.234360810812262, 13.102033227262448 ], [ 80.236320413353809, 13.101994173803666 ], [ 80.237773052918399, 13.101172968906344 ], [ 80.238520832512563, 13.101831162904666 ], [ 80.239498293344241, 13.102287846489284 ], [ 80.241288975751829, 13.10237936360817 ], [ 80.243651812095337, 13.101805578337425 ], [ 80.245211620499333, 13.100609940615257 ], [ 80.245849660880907, 13.100395965335142 ], [ 80.246176783547327, 13.100580029857271 ], [ 80.245739020048632, 13.101954781471495 ], [ 80.24597818564196, 13.103642557478167 ], [ 80.243298143011955, 13.104674426269568 ], [ 80.242191400344609, 13.105373033390196 ], [ 80.241101003206438, 13.105420638180711 ], [ 80.240080372122435, 13.105775199888356 ], [ 80.238964705190767, 13.106667160025234 ], [ 80.238132929149813, 13.107989007633504 ], [ 80.236649242416391, 13.10854673124493 ], [ 80.235164895915048, 13.110003035191793 ] ], [ [ 80.236930564440584, 13.095308751126332 ], [ 80.235750774657902, 13.094864892581972 ], [ 80.234669455307298, 13.0948096074668 ], [ 80.233126989462022, 13.095310583775156 ], [ 80.231263840756995, 13.095497727258156 ], [ 80.230831051185362, 13.095400095858365 ], [ 80.230209280480182, 13.094873576899889 ], [ 80.231448980278131, 13.09252298748352 ], [ 80.232922018323919, 13.091812741759465 ], [ 80.233838682807161, 13.090724598012429 ], [ 80.234300751239047, 13.089135422008665 ], [ 80.234179286937376, 13.087791295136002 ], [ 80.235130346564404, 13.087644178204689 ], [ 80.236110541347514, 13.087193282027204 ], [ 80.237318648033636, 13.085894552675532 ], [ 80.237686485165568, 13.084896301429794 ], [ 80.237742870053424, 13.083836364475605 ], [ 80.237042948049776, 13.080884294926028 ], [ 80.237214480841004, 13.080199360606086 ], [ 80.237518921602828, 13.080199509170875 ], [ 80.238938871695467, 13.080735837891689 ], [ 80.238242559264734, 13.082029722597934 ], [ 80.238097143356342, 13.083433693754271 ], [ 80.238510888141818, 13.084785344233564 ], [ 80.239308789432968, 13.08577876516082 ], [ 80.237232460508523, 13.089459703836889 ], [ 80.237139080842482, 13.091214918481111 ], [ 80.237899739147892, 13.093221900297015 ], [ 80.23752211989256, 13.094764763838045 ], [ 80.236930564440584, 13.095308751126332 ] ], [ [ 80.239692370309811, 13.073429019401983 ], [ 80.238022674620893, 13.072841738484236 ], [ 80.23685270802909, 13.07291206139754 ], [ 80.235052716000297, 13.072231744924528 ], [ 80.233489370836921, 13.072411099141286 ], [ 80.232669015227074, 13.071668886805432 ], [ 80.231340747492865, 13.071124898235569 ], [ 80.230259533356218, 13.0710696003308 ], [ 80.229090817612402, 13.071378497319508 ], [ 80.228637232159343, 13.071077678838375 ], [ 80.229550857588094, 13.070354638237701 ], [ 80.231238765138542, 13.07035938694294 ], [ 80.233189269033431, 13.069764846310736 ], [ 80.234060831120033, 13.069135166162585 ], [ 80.23474703915636, 13.068205116739481 ], [ 80.236191543895089, 13.067935611495939 ], [ 80.237251855272319, 13.067322697896818 ], [ 80.238342706491636, 13.065863862624443 ], [ 80.238607312659923, 13.066994052852843 ], [ 80.239067115169533, 13.067781015312859 ], [ 80.238473715344583, 13.069133770765113 ], [ 80.238449381169517, 13.071034954289896 ], [ 80.23899626415934, 13.072340341351225 ], [ 80.240141598557656, 13.073418392094686 ], [ 80.239692370309811, 13.073429019401983 ] ], [ [ 80.240653164651746, 13.027353002733225 ], [ 80.238388602286136, 13.025665419898193 ], [ 80.236446125182582, 13.02524251125058 ], [ 80.235666141910116, 13.024100271067118 ], [ 80.234234920547763, 13.023228809071236 ], [ 80.234179927249841, 13.022265116055349 ], [ 80.233818325876769, 13.02126470612748 ], [ 80.232618551790566, 13.019958851579066 ], [ 80.230932651867192, 13.019361735230195 ], [ 80.22904494976612, 13.01966672769607 ], [ 80.228130426410729, 13.018442164294065 ], [ 80.227942034191301, 13.018022545027948 ], [ 80.229540668745287, 13.015988485468938 ], [ 80.230006433117566, 13.015030386956981 ], [ 80.230268494566957, 13.01365096824947 ], [ 80.230112908997057, 13.012600608608281 ], [ 80.229653075050877, 13.01163976240607 ], [ 80.228865979879146, 13.010805350201387 ], [ 80.228809755864461, 13.009865181112522 ], [ 80.228448191556495, 13.008864764958416 ], [ 80.227538579779662, 13.007771186941547 ], [ 80.225920582514306, 13.007014889967726 ], [ 80.224106186289504, 13.007104082684656 ], [ 80.223577660810633, 13.006954459644668 ], [ 80.224025298950878, 13.005826430243891 ], [ 80.22402968533288, 13.004415243782979 ], [ 80.223668147191788, 13.003414822076181 ], [ 80.222758575800256, 13.002321229151928 ], [ 80.221831889299906, 13.001772792956867 ], [ 80.220602758174167, 13.00147175203703 ], [ 80.219521525003302, 13.001520584485393 ], [ 80.218501303055163, 13.001875085935557 ], [ 80.217386051866555, 13.002766981798157 ], [ 80.216703754499946, 13.004009489679936 ], [ 80.216558288994179, 13.005413452856239 ], [ 80.217140406181798, 13.007042888553535 ], [ 80.216809427793592, 13.007025205187553 ], [ 80.215840508052324, 13.005556760071446 ], [ 80.215961701124158, 13.004246607135395 ], [ 80.215595596080135, 13.00299400314182 ], [ 80.216751048452096, 13.002372849220741 ], [ 80.217674081710214, 13.00127105460289 ], [ 80.219089991975366, 13.000415280937553 ], [ 80.220016158979405, 12.998910508727763 ], [ 80.220261589694346, 12.996866539627057 ], [ 80.220001813628343, 12.995836183161066 ], [ 80.219428473098276, 12.9949026442864 ], [ 80.220920979054753, 12.994635678221886 ], [ 80.222581040932738, 12.993602797840495 ], [ 80.223497361883545, 12.99251466484991 ], [ 80.223906760702633, 12.991268612297437 ], [ 80.225361047225775, 12.990562773711478 ], [ 80.22648308513223, 12.989104234726936 ], [ 80.226981411722718, 12.985066434037298 ], [ 80.226721616965577, 12.984036082491631 ], [ 80.226162337455889, 12.983117866525427 ], [ 80.227433028936602, 12.983831027092698 ], [ 80.228681639501104, 12.984914548642276 ], [ 80.230057428633074, 12.98532827709791 ], [ 80.231981208175227, 12.985006537716028 ], [ 80.233117472459426, 12.985308283952072 ], [ 80.234198635937318, 12.98525939077153 ], [ 80.235218769992045, 12.984904822170225 ], [ 80.236199342157832, 12.984265240979132 ], [ 80.236900398431473, 12.984616700324619 ], [ 80.236808589791053, 12.985813757293492 ], [ 80.237222195744238, 12.987165410561808 ], [ 80.237864332086474, 12.988019810126389 ], [ 80.238731734686326, 12.988654620997158 ], [ 80.239749702518836, 12.989015171833916 ], [ 80.241188743851197, 12.9890193768006 ], [ 80.242208885223576, 12.988664781168827 ], [ 80.243180962972247, 12.987926600008004 ], [ 80.243894380060993, 12.988929873494724 ], [ 80.244761802156603, 12.989564665216436 ], [ 80.245779783672987, 12.989925193093203 ], [ 80.247047586470842, 12.989953768492139 ], [ 80.247069408831592, 12.991909894622069 ], [ 80.246188781383182, 12.993407779654767 ], [ 80.245912554291692, 12.99166037188354 ], [ 80.245237945431597, 12.990413839716316 ], [ 80.244128251491645, 12.989515354439014 ], [ 80.242692412915162, 12.989071698139515 ], [ 80.241259880299879, 12.989205842899439 ], [ 80.23998873547194, 12.989867367148406 ], [ 80.23907249333196, 12.990955563068578 ], [ 80.238650644624741, 12.99230476697023 ], [ 80.238787419045565, 12.993709577583459 ], [ 80.239484415358461, 12.994980520261963 ], [ 80.239597381091301, 12.996539586350398 ], [ 80.240514246723762, 12.998049830548123 ], [ 80.241708429149242, 12.998837343127104 ], [ 80.242757578466808, 12.999098300545793 ], [ 80.244190167777802, 12.998964150708071 ], [ 80.24527942176077, 12.998443013169069 ], [ 80.245584605020326, 12.999740078621542 ], [ 80.243680953726482, 12.999223230596552 ], [ 80.241941007829396, 12.999645225565752 ], [ 80.241069717407399, 13.000274950099158 ], [ 80.240422354875761, 13.00112557346972 ], [ 80.240054671558212, 13.002123842419069 ], [ 80.240000468509152, 13.003198188199327 ], [ 80.238939864228243, 13.0033558356242 ], [ 80.237749201025707, 13.00395912076171 ], [ 80.235971283768208, 13.003870616527848 ], [ 80.232058783087865, 13.004944379152812 ], [ 80.230615886371126, 13.005987118373275 ], [ 80.229844631021308, 13.007573697772866 ], [ 80.229788248615975, 13.008633638275599 ], [ 80.230048075867643, 13.009663986969406 ], [ 80.230601740177065, 13.010576010236303 ], [ 80.23171147134444, 13.011474554362664 ], [ 80.232729518576519, 13.01183513669713 ], [ 80.233810477334245, 13.011890410260801 ], [ 80.236810800257715, 13.011045364404536 ], [ 80.23752177688614, 13.01243608846797 ], [ 80.238631542574041, 13.013334604715387 ], [ 80.24000750509181, 13.013748289194572 ], [ 80.241473833361908, 13.01360246293706 ], [ 80.241295146375151, 13.013888268531701 ], [ 80.239819814869293, 13.014055838860955 ], [ 80.238548536329162, 13.014717347607636 ], [ 80.237632190771436, 13.015805530992965 ], [ 80.237210284687634, 13.017154727243998 ], [ 80.237260155688276, 13.018214982579705 ], [ 80.23781796580613, 13.020164082462744 ], [ 80.23837168057598, 13.021076091290343 ], [ 80.239193787006229, 13.021804375877206 ], [ 80.238941354837422, 13.023099199761585 ], [ 80.239217911973171, 13.024484097598245 ], [ 80.240013936271765, 13.025659803915302 ], [ 80.241006910801033, 13.026353235476865 ], [ 80.240872450051114, 13.027129291265551 ], [ 80.240653164651746, 13.027353002733225 ] ], [ [ 80.207862278790387, 13.122562328557391 ], [ 80.205966606349094, 13.122495974572004 ], [ 80.205910255776928, 13.122340072519858 ], [ 80.20724852269521, 13.122329427731701 ], [ 80.208655166966849, 13.121739535295207 ], [ 80.208849962106157, 13.122174428473452 ], [ 80.208555265524168, 13.122850812964899 ], [ 80.207862278790387, 13.122562328557391 ] ], [ [ 80.206411253090579, 13.099720579720842 ], [ 80.204822606229058, 13.100653064982318 ], [ 80.20331125279354, 13.099975012896987 ], [ 80.202229926424906, 13.099919590943632 ], [ 80.201128456603243, 13.100197353831428 ], [ 80.200584023798285, 13.099854424770912 ], [ 80.200700171568585, 13.098031936529175 ], [ 80.202345957013691, 13.094941957464721 ], [ 80.20276051392797, 13.096314868968072 ], [ 80.203960467995344, 13.097620866393129 ], [ 80.205478808264132, 13.098245000026564 ], [ 80.206914594371241, 13.098249982264798 ], [ 80.206411253090579, 13.099720579720842 ] ], [ [ 80.209558574352926, 13.096209302626798 ], [ 80.211311336754306, 13.095955729414767 ], [ 80.212241805072154, 13.095412916680738 ], [ 80.212971453364034, 13.094628716456734 ], [ 80.213492844263115, 13.09345669722777 ], [ 80.214300080352857, 13.094751971930705 ], [ 80.213581362784581, 13.095665190378421 ], [ 80.213220552105767, 13.096635823874134 ], [ 80.212247873968934, 13.097178394154612 ], [ 80.210811133734708, 13.096554983988634 ], [ 80.209375356080201, 13.096550023998766 ], [ 80.209558574352926, 13.096209302626798 ] ], [ [ 80.209993116570843, 13.088921807525915 ], [ 80.208911502851976, 13.088970573598477 ], [ 80.207608910201955, 13.089489515762612 ], [ 80.20574154795105, 13.089370567530569 ], [ 80.20440978977237, 13.089906502404357 ], [ 80.203201498977577, 13.091205066491105 ], [ 80.202454030989941, 13.093708092791896 ], [ 80.202047905152142, 13.092352787207332 ], [ 80.202356448872891, 13.091476795812218 ], [ 80.202412987458729, 13.090416875701271 ], [ 80.201943666212344, 13.08897331553589 ], [ 80.205358427989069, 13.088799435016588 ], [ 80.206822483329972, 13.088167937409406 ], [ 80.207787929492653, 13.08861769571944 ], [ 80.208858463736931, 13.088776715587487 ], [ 80.214348221977431, 13.08837626014901 ], [ 80.214490352631302, 13.088996637511114 ], [ 80.21435583023198, 13.089708954167392 ], [ 80.213721426731851, 13.090545195210403 ], [ 80.213387158065231, 13.09141335129112 ], [ 80.212259571973021, 13.089821396630123 ], [ 80.211332596263858, 13.089272909344187 ], [ 80.209993116570843, 13.088921807525915 ] ], [ [ 80.208559848394074, 13.07356958913082 ], [ 80.20698939911226, 13.074086793584831 ], [ 80.20601479750917, 13.073375507571342 ], [ 80.208840084506605, 13.072133475380767 ], [ 80.20988229264816, 13.071104397896852 ], [ 80.210690097184113, 13.070713461718668 ], [ 80.21152853723332, 13.069958529943536 ], [ 80.212708008687116, 13.072196804202019 ], [ 80.211660956280397, 13.072555034618551 ], [ 80.210546384894954, 13.073445765172821 ], [ 80.208559848394074, 13.07356958913082 ] ], [ [ 80.206549953730175, 13.064436523941634 ], [ 80.205690360584512, 13.065219225882572 ], [ 80.204140143440554, 13.065335722023041 ], [ 80.202597282663646, 13.066236930011865 ], [ 80.202417069945909, 13.066124963273404 ], [ 80.201989100625923, 13.064355156682772 ], [ 80.200816653475698, 13.063069170359929 ], [ 80.200432823850093, 13.061266505308826 ], [ 80.199879172130451, 13.060354420962843 ], [ 80.199172878873739, 13.059707661614276 ], [ 80.198902791561935, 13.058456523460668 ], [ 80.198166746131889, 13.05734587498412 ], [ 80.199510329560283, 13.05651548842747 ], [ 80.200439109073585, 13.0550020453679 ], [ 80.200709187749553, 13.055774699902924 ], [ 80.200359785950866, 13.056974176119684 ], [ 80.200496357343269, 13.058378989782705 ], [ 80.201170899628693, 13.059625629670707 ], [ 80.201970781181146, 13.060340875481637 ], [ 80.2037768738453, 13.060998190575742 ], [ 80.205551086721471, 13.060745753868686 ], [ 80.206994410919805, 13.059703182519412 ], [ 80.207722453097645, 13.05828485676931 ], [ 80.208226203665035, 13.059419972522329 ], [ 80.209378463936872, 13.060748180738806 ], [ 80.208241830668413, 13.061995145935185 ], [ 80.207515605443064, 13.063990767429548 ], [ 80.206549953730175, 13.064436523941634 ] ], [ [ 80.207499842524086, 13.055895016129043 ], [ 80.207666882563828, 13.055470714905749 ], [ 80.207739127728004, 13.055191655523881 ], [ 80.20795855212674, 13.055897113840279 ], [ 80.207727543467357, 13.056535192570985 ], [ 80.207499842524086, 13.055895016129043 ] ], [ [ 80.209728987017598, 13.022100485661165 ], [ 80.208779056077844, 13.021350452462594 ], [ 80.209633390696212, 13.020134471035666 ], [ 80.209918551999309, 13.018751261845688 ], [ 80.209642163946526, 13.017366341680926 ], [ 80.209053024866137, 13.016415586864591 ], [ 80.210079680187647, 13.015953453003544 ], [ 80.211103014027984, 13.014954601094962 ], [ 80.211307003448098, 13.01614917759156 ], [ 80.211711271056217, 13.017018615446972 ], [ 80.210932366379694, 13.017985205666401 ], [ 80.210564538732555, 13.018983423508775 ], [ 80.210508069213503, 13.020043354112406 ], [ 80.210803066901207, 13.021147369618486 ], [ 80.209728987017598, 13.022100485661165 ] ], [ [ 80.210881535531968, 12.987042243963142 ], [ 80.209101102225759, 12.986949224997062 ], [ 80.208974380935231, 12.986368121686837 ], [ 80.209923635177702, 12.985573116306385 ], [ 80.2104829245079, 12.984664436122733 ], [ 80.210749151226153, 12.983635668877392 ], [ 80.210711111656281, 12.98265458464174 ], [ 80.211209866635485, 12.981225535214451 ], [ 80.212360808355243, 12.980602878802017 ], [ 80.213288593083931, 12.979491181245944 ], [ 80.214930044066378, 12.97857387012764 ], [ 80.214798664667512, 12.979923449834521 ], [ 80.215185595907187, 12.981219648385428 ], [ 80.214387040785127, 12.982385657774028 ], [ 80.21410195746769, 12.983768879495651 ], [ 80.21460180863312, 12.985590003702525 ], [ 80.213011473226985, 12.986005055800666 ], [ 80.211584199987286, 12.987336645875192 ], [ 80.210881535531968, 12.987042243963142 ] ], [ [ 80.209053589863203, 12.974315565402199 ], [ 80.207187425465463, 12.975119510315594 ], [ 80.206407607055752, 12.97404526482733 ], [ 80.206252419350065, 12.973000903644486 ], [ 80.205792743509804, 12.972040021692123 ], [ 80.204928451347399, 12.971131378251634 ], [ 80.204001919284664, 12.970582886055325 ], [ 80.202952937523222, 12.970321780740631 ], [ 80.201871840365925, 12.970370547433641 ], [ 80.200851727288011, 12.970724986326198 ], [ 80.200049947302503, 12.971293185153973 ], [ 80.199475896454317, 12.970550614289191 ], [ 80.198608661292852, 12.969915680874204 ], [ 80.196871604090092, 12.969483262797741 ], [ 80.195459453986771, 12.969754212193809 ], [ 80.194472004474605, 12.970347723722556 ], [ 80.193577431130294, 12.969380125220331 ], [ 80.193582066150412, 12.968535254777578 ], [ 80.194272143738161, 12.968055571341843 ], [ 80.195746977588328, 12.968528205677755 ], [ 80.197892074104217, 12.968316429445423 ], [ 80.198888065106743, 12.96892709382497 ], [ 80.199937035880268, 12.969188214964174 ], [ 80.202247706661083, 12.968801513461175 ], [ 80.203439268142517, 12.969265049293316 ], [ 80.204520029653281, 12.969320434027662 ], [ 80.205999095040582, 12.968885050243845 ], [ 80.207829552105949, 12.968814271249027 ], [ 80.209632909153044, 12.967963249552422 ], [ 80.210797193159436, 12.968278239886626 ], [ 80.211878281744788, 12.968229435488674 ], [ 80.212898371424743, 12.96787495182028 ], [ 80.213886901435657, 12.967228976016578 ], [ 80.214389308558154, 12.968962014326298 ], [ 80.212530354261943, 12.969025747684983 ], [ 80.210990341090735, 12.969924678427358 ], [ 80.210187217290226, 12.971095611764467 ], [ 80.209406179889939, 12.973772366239173 ], [ 80.209053589863203, 12.974315565402199 ] ], [ [ 80.203025316424814, 13.027847394476076 ], [ 80.203561894795811, 13.026275725227828 ], [ 80.204301031198312, 13.027088598231918 ], [ 80.205406368002727, 13.027802947233379 ], [ 80.205099516152941, 13.028873896029889 ], [ 80.204229045307287, 13.028235676726261 ], [ 80.203025316424814, 13.027847394476076 ] ], [ [ 80.203454924912819, 13.022499738270357 ], [ 80.202318522168511, 13.021270786506431 ], [ 80.202843267923058, 13.020166839408281 ], [ 80.203371382927259, 13.021025687427862 ], [ 80.204100939159815, 13.021689526741243 ], [ 80.203454924912819, 13.022499738270357 ] ], [ [ 80.203981310566249, 13.00174236953926 ], [ 80.20370985119385, 13.000502007446302 ], [ 80.20400591372281, 12.999852616222059 ], [ 80.205031301296643, 13.001078624958293 ], [ 80.206064988333097, 13.001665046129634 ], [ 80.20561708005107, 13.003503953342969 ], [ 80.204658195174915, 13.002744870271979 ], [ 80.203981310566249, 13.00174236953926 ] ], [ [ 80.201032072901455, 12.985946241887445 ], [ 80.200036041395919, 12.984120619234893 ], [ 80.199040686890839, 12.98342579899801 ], [ 80.199374874180108, 12.982496751049945 ], [ 80.199431372741046, 12.981436822078864 ], [ 80.198534706736766, 12.979148470926239 ], [ 80.199548262681077, 12.978795032336938 ], [ 80.200423538524817, 12.978161182102363 ], [ 80.201242926847584, 12.98030409983401 ], [ 80.200921998002357, 12.981818694238727 ], [ 80.201375064473169, 12.983562910758584 ], [ 80.201248584133054, 12.984893253119358 ], [ 80.201497344977696, 12.985893374415866 ], [ 80.201032072901455, 12.985946241887445 ] ], [ [ 80.196849625377709, 12.996715620170018 ], [ 80.19648820769055, 12.995715166934101 ], [ 80.19579537586128, 12.994815212789195 ], [ 80.196491254641458, 12.994429918802814 ], [ 80.196778112529955, 12.995813551601119 ], [ 80.19738967576302, 12.996788846633045 ], [ 80.196882425855549, 12.998073895839957 ], [ 80.196849625377709, 12.996715620170018 ] ], [ [ 80.189121737161742, 12.992063275998262 ], [ 80.188437614540604, 12.990066571571809 ], [ 80.188674267587416, 12.989657445012282 ], [ 80.190220571717333, 12.989237871708223 ], [ 80.190912906950174, 12.989677177790583 ], [ 80.190530775153334, 12.990944092581714 ], [ 80.190692146576239, 12.992417760859592 ], [ 80.189121737161742, 12.992063275998262 ] ], [ [ 80.191369943270828, 13.097639165077281 ], [ 80.192264297820472, 13.096384746335056 ], [ 80.19254966763117, 13.095001575002032 ], [ 80.192331044713384, 13.09254577067683 ], [ 80.191637845590222, 13.091045331665265 ], [ 80.193101220263259, 13.089808940220946 ], [ 80.193567276311526, 13.088850928630672 ], [ 80.1937176528305, 13.087547407879095 ], [ 80.194268685122424, 13.087274355709052 ], [ 80.194536800441767, 13.088483437781024 ], [ 80.195167716939082, 13.089479595416154 ], [ 80.19486930493386, 13.090574070799528 ], [ 80.194996996648342, 13.091943754849945 ], [ 80.19452353295398, 13.09311314393215 ], [ 80.194243686564178, 13.096058692282872 ], [ 80.193372039508617, 13.097672819435237 ], [ 80.192257757226955, 13.098249594207553 ], [ 80.191369943270828, 13.097639165077281 ] ], [ [ 80.19377277165475, 13.080853014811012 ], [ 80.192301773562605, 13.080563297808975 ], [ 80.190723721469439, 13.080910171711807 ], [ 80.190120648993442, 13.079405617425055 ], [ 80.19117045645126, 13.078675576482373 ], [ 80.191785077740263, 13.077878880054996 ], [ 80.193194398571407, 13.077880004430599 ], [ 80.194397291291935, 13.078677001317022 ], [ 80.19580828256349, 13.078956706794081 ], [ 80.19722105847282, 13.078685793802737 ], [ 80.198369545863898, 13.077950517199966 ], [ 80.200189536494605, 13.078009773148718 ], [ 80.20124046925082, 13.079398528863567 ], [ 80.202507901623349, 13.080067673771705 ], [ 80.204680091553342, 13.08019041250043 ], [ 80.206250584189377, 13.079673224817784 ], [ 80.207177801141555, 13.080362352017318 ], [ 80.205748103176433, 13.081635072987906 ], [ 80.204279906517655, 13.081479588424857 ], [ 80.202572287620725, 13.081792200123473 ], [ 80.202375569694482, 13.081722515462873 ], [ 80.201804159644951, 13.080250164557198 ], [ 80.20107958651144, 13.079461497770536 ], [ 80.199812161409184, 13.078792346221519 ], [ 80.198401682839503, 13.078603291820306 ], [ 80.196988908304633, 13.078874211374282 ], [ 80.196058474102927, 13.079416971450661 ], [ 80.19532882281716, 13.08020112427069 ], [ 80.194781144236913, 13.08147440922871 ], [ 80.19377277165475, 13.080853014811012 ] ], [ [ 80.192680368115262, 13.070440662931372 ], [ 80.192446590248082, 13.070428671847285 ], [ 80.192877561043375, 13.070298245044473 ], [ 80.192680368115262, 13.070440662931372 ] ], [ [ 80.194630986680423, 13.068938911026921 ], [ 80.195236541291592, 13.06731052095166 ], [ 80.195655999108297, 13.068159809679285 ], [ 80.196409197894113, 13.068969476171754 ], [ 80.196525848045681, 13.07005862386438 ], [ 80.194931725134751, 13.069693292420473 ], [ 80.193612397170938, 13.069931763525405 ], [ 80.194630986680423, 13.068938911026921 ] ], [ [ 80.190165241857414, 13.071116585820828 ], [ 80.189974395162238, 13.07030658252553 ], [ 80.191282179181073, 13.070572804171487 ], [ 80.190165241857414, 13.071116585820828 ] ], [ [ 80.199769068300299, 13.051664414926112 ], [ 80.198955038289796, 13.050940770499103 ], [ 80.20016493953753, 13.050266783997099 ], [ 80.200199594533331, 13.051424429820074 ], [ 80.200713640894719, 13.052676189682446 ], [ 80.20051088349598, 13.053178003446453 ], [ 80.199769068300299, 13.051664414926112 ] ], [ [ 80.200628983498206, 13.045234399558934 ], [ 80.199964690709791, 13.044617892363878 ], [ 80.201326961199825, 13.04405666421178 ], [ 80.203247520541751, 13.04413540298345 ], [ 80.204398996801018, 13.044575019709969 ], [ 80.205316502957857, 13.04463779471231 ], [ 80.205385095617572, 13.044974571589403 ], [ 80.203933877966151, 13.045604933333825 ], [ 80.202488991816381, 13.04587423921642 ], [ 80.201336759323624, 13.046612997842429 ], [ 80.200628983498206, 13.045234399558934 ] ], [ [ 80.198228651395382, 13.128344213675925 ], [ 80.197655982442811, 13.128637719806862 ], [ 80.198040150324999, 13.127051524098096 ], [ 80.197763576432223, 13.125666247632195 ], [ 80.198683584038562, 13.125164034877526 ], [ 80.199679974620494, 13.126438477913949 ], [ 80.201364941788555, 13.127204821647185 ], [ 80.199813582404602, 13.128082115782997 ], [ 80.198228651395382, 13.128344213675925 ] ], [ [ 80.205989510228562, 13.008975756480394 ], [ 80.206061103063277, 13.007690125076193 ], [ 80.206782758715505, 13.009440882093948 ], [ 80.205711967007062, 13.01002767955867 ], [ 80.205989510228562, 13.008975756480394 ] ], [ [ 80.203283345949998, 13.127164033533095 ], [ 80.203288819254198, 13.127179176488157 ], [ 80.203255278621569, 13.127170831818388 ], [ 80.203283345949998, 13.127164033533095 ] ], [ [ 80.218822836503733, 13.068366263008253 ], [ 80.21803393095405, 13.06673690890465 ], [ 80.218169256451219, 13.065791184054227 ], [ 80.218026279647802, 13.064790698108705 ], [ 80.218534032045554, 13.063944386391448 ], [ 80.218800330104244, 13.062915620028253 ], [ 80.21866365370505, 13.061510810467832 ], [ 80.218203785837133, 13.060549944932781 ], [ 80.217479211653739, 13.059761323251633 ], [ 80.216552331628478, 13.059212859147038 ], [ 80.21519591440709, 13.058936061921552 ], [ 80.215280478534083, 13.05721541370858 ], [ 80.214746291470348, 13.055930639377344 ], [ 80.215324351983654, 13.054674592813498 ], [ 80.216359125599922, 13.055045058632635 ], [ 80.217694545617036, 13.055064217022823 ], [ 80.219168254509896, 13.055917769106047 ], [ 80.220779182821701, 13.056385074094818 ], [ 80.222092362445508, 13.056407377349096 ], [ 80.223439218120831, 13.056965083489795 ], [ 80.225138910368102, 13.056906315409687 ], [ 80.226218342985121, 13.057437803322546 ], [ 80.227547223670783, 13.057698245553876 ], [ 80.228980155114044, 13.057564199524414 ], [ 80.229989963586817, 13.057091843049324 ], [ 80.231154024971843, 13.057571407134065 ], [ 80.231296454250426, 13.058869417463731 ], [ 80.231756371364028, 13.059830262498984 ], [ 80.232480993371254, 13.060618846718441 ], [ 80.233479149978393, 13.061192481370625 ], [ 80.23245819765252, 13.061787282264493 ], [ 80.23158853141932, 13.062799259779215 ], [ 80.229119796254594, 13.063245804711054 ], [ 80.228139687372874, 13.063696679727387 ], [ 80.227421292936128, 13.06431459263346 ], [ 80.225699840748703, 13.064405793376105 ], [ 80.224428263798359, 13.065067213863758 ], [ 80.223698742220861, 13.065851455181043 ], [ 80.223232847720183, 13.0668095319394 ], [ 80.22307070510729, 13.067858936811486 ], [ 80.223217377157255, 13.068873988123167 ], [ 80.221972895771373, 13.068521773030936 ], [ 80.220891370597755, 13.068570594522596 ], [ 80.219870869929466, 13.068925084129862 ], [ 80.219086474053086, 13.069477715745318 ], [ 80.218822836503733, 13.068366263008253 ] ], [ [ 80.225081228841077, 13.034535661386572 ], [ 80.226361927085918, 13.033667567090559 ], [ 80.226337856019043, 13.035013566750386 ], [ 80.226751470376314, 13.036365233025217 ], [ 80.227393686232176, 13.037219660360366 ], [ 80.228553505407646, 13.037991115462212 ], [ 80.227538783666716, 13.039417338069857 ], [ 80.226141593671798, 13.038632194627846 ], [ 80.224482242889735, 13.038521966170261 ], [ 80.224104662424423, 13.038105197163389 ], [ 80.224422170736233, 13.036266514260451 ], [ 80.223935623885396, 13.03479468932361 ], [ 80.225081228841077, 13.034535661386572 ] ], [ [ 80.224852061324327, 12.982129018671825 ], [ 80.225359054416813, 12.982139517177158 ], [ 80.225737715697832, 12.982692163580511 ], [ 80.225368299663302, 12.982408887994199 ], [ 80.224852061324327, 12.982129018671825 ] ], [ [ 80.216024821503254, 12.976069464282 ], [ 80.216665585939765, 12.974805456240482 ], [ 80.216730427875689, 12.976391532647124 ], [ 80.215879907615488, 12.977006162642388 ], [ 80.216024821503254, 12.976069464282 ] ], [ [ 80.216755111229773, 12.974380423180467 ], [ 80.216795181009516, 12.974315314589166 ], [ 80.216734388272755, 12.974514592027882 ], [ 80.216755111229773, 12.974380423180467 ] ], [ [ 80.214989070911415, 12.993814300633899 ], [ 80.214059000975411, 12.994357149433045 ], [ 80.213490758280244, 12.994929748523006 ], [ 80.213769307620908, 12.993875634846196 ], [ 80.213689968379271, 12.992698092204424 ], [ 80.214718636049852, 12.992846747443551 ], [ 80.216082487679174, 12.99259252366525 ], [ 80.216646761441027, 12.99355581724623 ], [ 80.214989070911415, 12.993814300633899 ] ], [ [ 80.221316714912035, 12.982369602823328 ], [ 80.222352999365512, 12.980816998819645 ], [ 80.223667968212524, 12.981810985867421 ], [ 80.222601520056187, 12.981860588252575 ], [ 80.221316714912035, 12.982369602823328 ] ], [ [ 80.224542814896253, 13.049821760513236 ], [ 80.223859643267204, 13.049817786120583 ], [ 80.222043578887224, 13.048701944792931 ], [ 80.222568979477785, 13.046861105449487 ], [ 80.222189979904059, 13.045261986690051 ], [ 80.224257204054098, 13.045868242394643 ], [ 80.225690067677888, 13.045734210749339 ], [ 80.227391543264176, 13.044892773699061 ], [ 80.228501237688178, 13.043382695955898 ], [ 80.22912155541276, 13.043829645001887 ], [ 80.228887702291189, 13.045473594220537 ], [ 80.229281586971013, 13.04678397684474 ], [ 80.229396600124531, 13.048329400231658 ], [ 80.230083273248567, 13.04958903864072 ], [ 80.229923812148186, 13.05069983810329 ], [ 80.228580707376537, 13.050144899103952 ], [ 80.227499585524669, 13.050089594689522 ], [ 80.226147239727283, 13.050370609713815 ], [ 80.224542814896253, 13.049821760513236 ] ], [ [ 80.225994586609445, 13.087950956686486 ], [ 80.227687212837296, 13.086595527231815 ], [ 80.227150536794468, 13.087579321324339 ], [ 80.225994586609445, 13.087950956686486 ] ], [ [ 80.227548462252784, 13.079515655418319 ], [ 80.228591856202797, 13.077864218840155 ], [ 80.23004498653431, 13.07856922186828 ], [ 80.229874063839972, 13.079204583079946 ], [ 80.228782562608998, 13.079976293134893 ], [ 80.227548462252784, 13.079515655418319 ] ], [ [ 80.221638477359761, 13.078604130394927 ], [ 80.222820847319127, 13.079881042242809 ], [ 80.224337651596016, 13.080453066578404 ], [ 80.222356946931427, 13.081368887235659 ], [ 80.221565276929098, 13.081014068295007 ], [ 80.221070065010977, 13.079852834149067 ], [ 80.221638477359761, 13.078604130394927 ] ], [ [ 80.223084297228425, 13.096932626727911 ], [ 80.223075512428181, 13.095930604274324 ], [ 80.223949849143963, 13.096482169610519 ], [ 80.223084297228425, 13.096932626727911 ] ], [ [ 80.233791752890241, 13.037690191336702 ], [ 80.23323268564809, 13.03785080537668 ], [ 80.233645203021993, 13.037472594975885 ], [ 80.233791752890241, 13.037690191336702 ] ], [ [ 80.234179105642255, 13.03303601684738 ], [ 80.234001815135059, 13.03240546244513 ], [ 80.234232890159021, 13.031864938734346 ], [ 80.234881651492543, 13.032499799079998 ], [ 80.234179105642255, 13.03303601684738 ] ], [ [ 80.263531160683044, 13.12919429041183 ], [ 80.262092821884849, 13.12946678612799 ], [ 80.261467054512593, 13.128640075581151 ], [ 80.260693647256119, 13.128061216624525 ], [ 80.261731710397953, 13.127354924361079 ], [ 80.262698833842663, 13.12601311142331 ], [ 80.263710973860441, 13.126804720956933 ], [ 80.264837513815692, 13.127181215412248 ], [ 80.264057647042691, 13.128001884328629 ], [ 80.263531160683044, 13.12919429041183 ] ], [ [ 80.263955489488268, 13.106692605581475 ], [ 80.264514885881582, 13.105783821191398 ], [ 80.264781050722931, 13.104755002727646 ], [ 80.264731065425281, 13.103694752427723 ], [ 80.264337514770062, 13.102642154586372 ], [ 80.265640791722831, 13.102182463610999 ], [ 80.266805924152649, 13.102195058605446 ], [ 80.267056940352688, 13.103164406886277 ], [ 80.26756003859245, 13.104008689426093 ], [ 80.267517744867661, 13.105342488321694 ], [ 80.266430636279779, 13.105390688375836 ], [ 80.265410035978832, 13.105745352338143 ], [ 80.264538413621665, 13.106375133935137 ], [ 80.263936549322324, 13.107151526601868 ], [ 80.263955489488268, 13.106692605581475 ] ], [ [ 80.262609125040825, 13.093148340285 ], [ 80.262592989115376, 13.092806016367847 ], [ 80.262568761348376, 13.092642634057416 ], [ 80.263047068171616, 13.093087448158016 ], [ 80.262609125040825, 13.093148340285 ] ], [ [ 80.26193232411282, 13.069122643858529 ], [ 80.260049066234814, 13.067831152220178 ], [ 80.261140706878976, 13.067353096508644 ], [ 80.261867787152326, 13.066725671289781 ], [ 80.263217215437209, 13.066599475218753 ], [ 80.263761425455996, 13.067263736913908 ], [ 80.26193232411282, 13.069122643858529 ] ], [ [ 80.26280241789614, 13.03592602649732 ], [ 80.261620457744812, 13.035767768918658 ], [ 80.260790159410064, 13.035204031782744 ], [ 80.26052215038392, 13.033655670426299 ], [ 80.259693519867511, 13.032450986143999 ], [ 80.260679398166957, 13.032104676785174 ], [ 80.261707473462593, 13.03130634529888 ], [ 80.263246905220527, 13.031901499699059 ], [ 80.264500454502866, 13.032702935923266 ], [ 80.26426308727423, 13.034242282850855 ], [ 80.263365247566796, 13.035007448180615 ], [ 80.26280241789614, 13.03592602649732 ] ], [ [ 80.263168129273467, 13.004195222238899 ], [ 80.261792173196724, 13.003781661024593 ], [ 80.260471961149435, 13.003888638447206 ], [ 80.260108904167879, 13.000117832474002 ], [ 80.261087540181038, 12.999743090484586 ], [ 80.262399932363365, 12.999975398075183 ], [ 80.26253738951273, 13.001369899456609 ], [ 80.262997336699044, 13.002330694042723 ], [ 80.263721905622091, 13.00311919063355 ], [ 80.265034161114727, 13.003900848432393 ], [ 80.265125891838579, 13.004365243301683 ], [ 80.263800604910529, 13.004619836597128 ], [ 80.263168129273467, 13.004195222238899 ] ], [ [ 80.245800626533793, 13.093274855551195 ], [ 80.244718688210924, 13.093219701286522 ], [ 80.244342756965494, 13.092608388911669 ], [ 80.244627421239159, 13.090940840357298 ], [ 80.245514306232465, 13.089292256786075 ], [ 80.247454089452134, 13.089373884047289 ], [ 80.247574863237787, 13.091825350016341 ], [ 80.247165682187287, 13.093727985854979 ], [ 80.245800626533793, 13.093274855551195 ] ], [ [ 80.247200712802098, 13.081900388944538 ], [ 80.247792718372878, 13.081792694023385 ], [ 80.248018382564169, 13.081946959405609 ], [ 80.247653583174667, 13.082240135631123 ], [ 80.247200712802098, 13.081900388944538 ] ], [ [ 80.245644524411333, 13.074680564967434 ], [ 80.243750583307119, 13.074054854642338 ], [ 80.241958433386259, 13.07395161120307 ], [ 80.243471672244837, 13.073685577712844 ], [ 80.245063875991875, 13.072784144486716 ], [ 80.245661109405901, 13.073816133063438 ], [ 80.246408265471899, 13.074492546189212 ], [ 80.245644524411333, 13.074680564967434 ] ], [ [ 80.251936190380505, 13.05900665993958 ], [ 80.252641217734819, 13.059769042819003 ], [ 80.253568186839075, 13.060317382058178 ], [ 80.255437094739378, 13.060566670976371 ], [ 80.256558556730397, 13.060970970506512 ], [ 80.256806002158626, 13.06142383060296 ], [ 80.25580146068296, 13.062575724987807 ], [ 80.255368898386976, 13.064125627471157 ], [ 80.253580866058783, 13.063943240381869 ], [ 80.252498669976902, 13.064099633090891 ], [ 80.249608379565117, 13.063632477385811 ], [ 80.250718452036224, 13.062404375508013 ], [ 80.251423872179117, 13.059749037745014 ], [ 80.251936190380505, 13.05900665993958 ] ], [ [ 80.256255759454248, 13.051053228787246 ], [ 80.257246717095768, 13.049702477356487 ], [ 80.258071533966529, 13.049486011818937 ], [ 80.258817327823252, 13.050550568166797 ], [ 80.258818056387426, 13.051216863080308 ], [ 80.257971602523185, 13.052128225750939 ], [ 80.257268548432819, 13.051518660917006 ], [ 80.256255759454248, 13.051053228787246 ] ], [ [ 80.252460591845448, 13.044275282369407 ], [ 80.251802652958645, 13.044716446189843 ], [ 80.251653285877964, 13.043800336883642 ], [ 80.25099078022356, 13.042380581633472 ], [ 80.25261043672289, 13.042274121274083 ], [ 80.254077608445215, 13.041439600078585 ], [ 80.254621957458212, 13.041658443577932 ], [ 80.254992491212363, 13.042032771128369 ], [ 80.25519829811563, 13.042701647348665 ], [ 80.253821115873237, 13.043872185818817 ], [ 80.252460591845448, 13.044275282369407 ] ], [ [ 80.255435908277875, 13.020240057525237 ], [ 80.254241580350651, 13.01945260143922 ], [ 80.253192332015971, 13.019191685521728 ], [ 80.25209102069779, 13.019240649750865 ], [ 80.250759732939102, 13.019776852617625 ], [ 80.249552033724413, 13.021075672714899 ], [ 80.249130180487299, 13.022424890865542 ], [ 80.249387964908067, 13.024164234783479 ], [ 80.250293670802421, 13.02543791953944 ], [ 80.247928358881026, 13.025588178674777 ], [ 80.246264755217851, 13.024149594275627 ], [ 80.246448647407647, 13.023040745863103 ], [ 80.246292989541431, 13.021990392590938 ], [ 80.245833076372818, 13.021029571357618 ], [ 80.24486383185544, 13.020061982351818 ], [ 80.245085139907331, 13.019209842366823 ], [ 80.246861385626175, 13.01843390645527 ], [ 80.24825761161776, 13.018848305750176 ], [ 80.249338921365975, 13.018799357495302 ], [ 80.250670206429746, 13.018263161764315 ], [ 80.251474391919274, 13.017552697521291 ], [ 80.252245547883291, 13.015966049161856 ], [ 80.252249778163204, 13.014554854502412 ], [ 80.251675485306663, 13.013212978617611 ], [ 80.252401257290472, 13.011854376187227 ], [ 80.253101803120956, 13.01246134936647 ], [ 80.254078951817363, 13.012917963284981 ], [ 80.255149203724457, 13.013076776107848 ], [ 80.256419132330606, 13.012855022367464 ], [ 80.257061311387446, 13.013448562153588 ], [ 80.256282066886996, 13.014415758315321 ], [ 80.25586026274668, 13.01576499068336 ], [ 80.255900211812815, 13.016925246638856 ], [ 80.256402783043114, 13.018157642500308 ], [ 80.256040209364983, 13.019384990446886 ], [ 80.256198283832461, 13.021345288566136 ], [ 80.255435908277875, 13.020240057525237 ] ], [ [ 80.253167700368465, 13.002966873813383 ], [ 80.251291811148945, 13.003119211806432 ], [ 80.250703131364929, 13.001476526584499 ], [ 80.251560348633717, 13.000854974588455 ], [ 80.252326967669106, 12.999758855183742 ], [ 80.252767349940697, 13.001809763987254 ], [ 80.253199735952023, 13.002725244162322 ], [ 80.253167700368465, 13.002966873813383 ] ], [ [ 80.245360397728334, 13.012122197383864 ], [ 80.243552807443322, 13.012153287388406 ], [ 80.244136448838503, 13.011040195437985 ], [ 80.244290876076093, 13.010133351354177 ], [ 80.245214005285092, 13.010127305582383 ], [ 80.245148218971153, 13.011223854592359 ], [ 80.245360397728334, 13.012122197383864 ] ], [ [ 80.246540274138269, 13.132480833192513 ], [ 80.246263589608091, 13.131095945841279 ], [ 80.245603135962426, 13.130068102700106 ], [ 80.245871366009666, 13.129035289443991 ], [ 80.245827370847536, 13.128014897682476 ], [ 80.246434099539869, 13.128762364763999 ], [ 80.246169758576826, 13.130089216338211 ], [ 80.24632545781509, 13.131139564648329 ], [ 80.246785552871472, 13.13210038810883 ], [ 80.247578834533456, 13.132938976745377 ], [ 80.246325772614426, 13.133672432485879 ], [ 80.246540274138269, 13.132480833192513 ] ], [ [ 80.246435892458123, 13.120979970947529 ], [ 80.246308449974535, 13.118996339367241 ], [ 80.246761063434363, 13.118686168793857 ], [ 80.24787737399447, 13.118978269164421 ], [ 80.249244687628661, 13.118860121562307 ], [ 80.248154470529244, 13.119737251038186 ], [ 80.247483754276843, 13.120947833382168 ], [ 80.246435892458123, 13.120979970947529 ] ], [ [ 80.252937296310208, 13.143183684848074 ], [ 80.252613704019481, 13.141355868391898 ], [ 80.251957188392154, 13.140332380122112 ], [ 80.251808376585231, 13.138484798293042 ], [ 80.251985148705799, 13.138230005714098 ], [ 80.252612796776702, 13.139059851534373 ], [ 80.253368817071177, 13.139628445504886 ], [ 80.25286842591521, 13.141104852372491 ], [ 80.252937296310208, 13.143183684848074 ] ], [ [ 80.254539199210299, 13.128305363672228 ], [ 80.253072304526796, 13.127887114851083 ], [ 80.252699944434596, 13.127453750445694 ], [ 80.252805294889527, 13.125491444226277 ], [ 80.253691597611208, 13.124855000252197 ], [ 80.254286251908908, 13.124090472820724 ], [ 80.255551613136433, 13.123924208301219 ], [ 80.255456531801471, 13.125133907848939 ], [ 80.255716561398117, 13.126164234036526 ], [ 80.256270558533387, 13.127076213521365 ], [ 80.257286360266988, 13.127918773205884 ], [ 80.255596302073428, 13.12905366756044 ], [ 80.254539199210299, 13.128305363672228 ] ], [ [ 80.256741089450244, 13.10422486630439 ], [ 80.256355470748716, 13.103185260733275 ], [ 80.256153439161309, 13.100993441753273 ], [ 80.256662583472703, 13.101965652548124 ], [ 80.256926885634925, 13.103584269443727 ], [ 80.257421947924257, 13.104417930268179 ], [ 80.257618618094369, 13.105547942708741 ], [ 80.257218486770313, 13.10602486645533 ], [ 80.256710948238933, 13.105736176177054 ], [ 80.256741089450244, 13.10422486630439 ] ], [ [ 80.25456833655511, 13.094054649827562 ], [ 80.254495146947107, 13.09228460410905 ], [ 80.254809660501806, 13.090840681243675 ], [ 80.254628736436246, 13.089307890969932 ], [ 80.255074931956628, 13.089597340056288 ], [ 80.254947041522072, 13.090933928591346 ], [ 80.255320080707193, 13.092200330366873 ], [ 80.255186302775925, 13.094113814923629 ], [ 80.25456833655511, 13.094054649827562 ] ], [ [ 80.258220050076218, 13.082951965118511 ], [ 80.259039622437697, 13.083085200674757 ], [ 80.259363854370548, 13.083133298221506 ], [ 80.258934803516453, 13.083443048432009 ], [ 80.258220050076218, 13.082951965118511 ] ], [ [ 80.24922122611973, 13.075093488732481 ], [ 80.249059427101542, 13.075127690750513 ], [ 80.249031761503488, 13.07510745176044 ], [ 80.24922122611973, 13.075093488732481 ] ], [ [ 80.251373061355167, 13.118441795195144 ], [ 80.250005277024556, 13.118559884045144 ], [ 80.250832714799472, 13.117961611303089 ], [ 80.251563797524099, 13.118191283584396 ], [ 80.251373061355167, 13.118441795195144 ] ], [ [ 80.251504846515445, 13.170266325319664 ], [ 80.25226137111089, 13.169893182646833 ], [ 80.252416332811023, 13.169781261186149 ], [ 80.252271909991038, 13.170175942150632 ], [ 80.251504846515445, 13.170266325319664 ] ], [ [ 80.271969847370173, 13.121895389977976 ], [ 80.270663055382656, 13.123038587671335 ], [ 80.269304219758425, 13.123689166109614 ], [ 80.269520142725426, 13.122380495685336 ], [ 80.269231573057866, 13.120971065243817 ], [ 80.269503378871761, 13.119225938843659 ], [ 80.268808793151734, 13.117442588462882 ], [ 80.269278046921144, 13.116479930263772 ], [ 80.26944003900384, 13.115430491376262 ], [ 80.268946237039586, 13.113147506570643 ], [ 80.269256794270703, 13.11228531855302 ], [ 80.270307580922704, 13.111477180949663 ], [ 80.270556826652239, 13.112434446566064 ], [ 80.271107154667348, 13.113341480045843 ], [ 80.271986778594581, 13.116334462701957 ], [ 80.2730593360276, 13.117755403704949 ], [ 80.272756625458911, 13.119564160476767 ], [ 80.273246658896667, 13.121504201227774 ], [ 80.271969847370173, 13.121895389977976 ] ], [ [ 80.271673179046857, 13.095437844980452 ], [ 80.271869525280863, 13.095891049727324 ], [ 80.27167862429711, 13.096334097485716 ], [ 80.271335558643088, 13.09582895427757 ], [ 80.271673179046857, 13.095437844980452 ] ], [ [ 80.278742372851269, 13.093431595257471 ], [ 80.279013228839887, 13.091105397206366 ], [ 80.280609894756992, 13.091845274191671 ], [ 80.282053197575891, 13.09184839756445 ], [ 80.282375516436247, 13.092589094314791 ], [ 80.282846952021572, 13.098084322124162 ], [ 80.283163577249681, 13.09923259118551 ], [ 80.283106919257378, 13.100294324098988 ], [ 80.283445565453434, 13.101488559737321 ], [ 80.281356372176106, 13.102038338580684 ], [ 80.280340508028942, 13.101893229249461 ], [ 80.278585640052199, 13.102323745843925 ], [ 80.278429973913873, 13.102154427573597 ], [ 80.278569834322965, 13.101190349560634 ], [ 80.278407996554122, 13.100123391751037 ], [ 80.278827853312961, 13.099239790210406 ], [ 80.278989789994313, 13.098190341226626 ], [ 80.278440477225132, 13.095868908611083 ], [ 80.278820932770444, 13.094604796316125 ], [ 80.278742372851269, 13.093431595257471 ] ], [ [ 80.27734656838156, 13.069314766968832 ], [ 80.278840861660754, 13.067683328325009 ], [ 80.280096359170116, 13.067265749991057 ], [ 80.28056430171236, 13.067532172860766 ], [ 80.281046623348516, 13.06858086261801 ], [ 80.28177143349231, 13.069369317899186 ], [ 80.283357309100367, 13.070117165751183 ], [ 80.282484666869493, 13.070867633933739 ], [ 80.281925419949019, 13.071776467286167 ], [ 80.281683932171276, 13.073693720749585 ], [ 80.279066241117491, 13.070939844035561 ], [ 80.277502116010069, 13.06985516751922 ], [ 80.27734656838156, 13.069314766968832 ] ], [ [ 80.275305919137239, 13.037616402803742 ], [ 80.275010810360669, 13.03761222024673 ], [ 80.275438670209567, 13.037343229594789 ], [ 80.275305919137239, 13.037616402803742 ] ], [ [ 80.273097059339364, 13.030730177020367 ], [ 80.271054697498798, 13.031431584870891 ], [ 80.270543630003658, 13.031438950684636 ], [ 80.269598083404489, 13.030773063832754 ], [ 80.270068755762011, 13.029020414567299 ], [ 80.269593732620464, 13.027241047100578 ], [ 80.269671994052317, 13.026095861112712 ], [ 80.26935929165306, 13.024955482255628 ], [ 80.270092472619496, 13.025083173559668 ], [ 80.270711896069315, 13.02617645975678 ], [ 80.273079317726115, 13.028722313049727 ], [ 80.272941228921198, 13.029679678285982 ], [ 80.273097059339364, 13.030730177020367 ] ], [ [ 80.270837538339094, 13.061924492160662 ], [ 80.271352553302435, 13.062784696746988 ], [ 80.270833868593584, 13.06335905469993 ], [ 80.26938031272006, 13.062232198141928 ], [ 80.270837538339094, 13.061924492160662 ] ], [ [ 80.271025819270207, 13.047696665432071 ], [ 80.271377757847119, 13.048504756348073 ], [ 80.270679588351015, 13.050277724613901 ], [ 80.26874599672658, 13.049800127171688 ], [ 80.269461409767985, 13.049028048542709 ], [ 80.269938481482839, 13.048025841144403 ], [ 80.271025819270207, 13.047696665432071 ] ], [ [ 80.27136911545054, 13.03928500142225 ], [ 80.271368800485746, 13.038620743750853 ], [ 80.272098075505582, 13.038449344993939 ], [ 80.27136911545054, 13.03928500142225 ] ], [ [ 80.267792734772442, 13.126422457691289 ], [ 80.267882936567844, 13.126470331491296 ], [ 80.267753117907432, 13.126451080438349 ], [ 80.267792734772442, 13.126422457691289 ] ], [ [ 80.287449697290697, 13.113095484666932 ], [ 80.286196391864067, 13.114168649798355 ], [ 80.285282705217071, 13.113724328862489 ], [ 80.2854286993133, 13.112274931631919 ], [ 80.286649578497574, 13.112486773815696 ], [ 80.28975725894162, 13.112082835201972 ], [ 80.289303699908231, 13.112673528616339 ], [ 80.287449697290697, 13.113095484666932 ] ], [ [ 80.281035974259694, 13.119150822291159 ], [ 80.28191664465119, 13.120083987351043 ], [ 80.282290664745645, 13.121165883428564 ], [ 80.283191011921588, 13.122307722761096 ], [ 80.283345698345698, 13.123380087718456 ], [ 80.283984913978983, 13.12457879373307 ], [ 80.283776174532832, 13.125038183980509 ], [ 80.283507386638206, 13.125133864528449 ], [ 80.282440225236783, 13.124744737363972 ], [ 80.281557552843381, 13.124680624913735 ], [ 80.28108330678036, 13.12296546691519 ], [ 80.280413810998112, 13.121928012891956 ], [ 80.280553391778341, 13.120545781460086 ], [ 80.280229620802842, 13.118670933095947 ], [ 80.280554830261195, 13.118107139674615 ], [ 80.281035974259694, 13.119150822291159 ] ], [ [ 80.310685807431298, 13.180658621046408 ], [ 80.310996569412637, 13.179695788357259 ], [ 80.312228894257004, 13.180338166733039 ], [ 80.313688347538715, 13.180476534772316 ], [ 80.312879592631248, 13.181503727776178 ], [ 80.311447048154463, 13.181314273695534 ], [ 80.310685807431298, 13.180658621046408 ] ], [ [ 80.309637271225085, 13.176257791693089 ], [ 80.309834323132321, 13.175675528421689 ], [ 80.309673464538648, 13.176284246095461 ], [ 80.309637271225085, 13.176257791693089 ] ], [ [ 80.32365874416665, 13.218945198065871 ], [ 80.323670078788453, 13.218871703227487 ], [ 80.323600892755124, 13.219168906224402 ], [ 80.32365874416665, 13.218945198065871 ] ], [ [ 80.323464783737649, 13.220639680441174 ], [ 80.324169762919439, 13.222383776623269 ], [ 80.3241691345563, 13.222828724509519 ], [ 80.323717136437239, 13.222752386713028 ], [ 80.323274331618833, 13.221655560172977 ], [ 80.323464783737649, 13.220639680441174 ] ], [ [ 80.323511224494524, 13.219514849729087 ], [ 80.323445217660961, 13.220090372571621 ], [ 80.323569076084141, 13.219291141604717 ], [ 80.323511224494524, 13.219514849729087 ] ] ], [ [ [ 80.038534097373898, 13.029143137697156 ], [ 80.037102366272791, 13.028999507148281 ], [ 80.035723557888673, 13.029404011325335 ], [ 80.034397575705199, 13.03047506768195 ], [ 80.033714313578685, 13.031717028558024 ], [ 80.033567798039996, 13.033120819326689 ], [ 80.033980343325638, 13.034472727043829 ], [ 80.034889150931946, 13.035566934186484 ], [ 80.03615586556127, 13.036236853574938 ], [ 80.037587637041057, 13.036380492140374 ], [ 80.038966482564589, 13.035975980739744 ], [ 80.040292477800932, 13.034904902117615 ], [ 80.040975718281416, 13.033662922514642 ], [ 80.041122192908759, 13.032259124723874 ], [ 80.040709610824521, 13.030907225704077 ], [ 80.039800791682239, 13.029813037994934 ], [ 80.038534097373898, 13.029143137697156 ] ] ], [ [ [ 80.045174025213427, 13.032503105407169 ], [ 80.043742268458146, 13.032359509977459 ], [ 80.042363449304474, 13.032764048842028 ], [ 80.04124747269843, 13.033655136458197 ], [ 80.04056423354568, 13.03489711687439 ], [ 80.040347748393032, 13.036620912406887 ], [ 80.040760335695026, 13.037972811937841 ], [ 80.041669186485834, 13.039066997965314 ], [ 80.042935938889073, 13.039736886522062 ], [ 80.044367736975872, 13.039880489234656 ], [ 80.045746593885326, 13.039475942422564 ], [ 80.046862583376793, 13.038584836506459 ], [ 80.04754580375328, 13.037342838348525 ], [ 80.047762240491735, 13.035619033486746 ], [ 80.047349617347479, 13.034267142505481 ], [ 80.046440756158361, 13.033172975496541 ], [ 80.045174025213427, 13.032503105407169 ] ] ], [ [ [ 80.032060739179755, 13.041079301418188 ], [ 80.031504884829701, 13.04238093760245 ], [ 80.031499393699306, 13.043792047309969 ], [ 80.032045110653016, 13.045097802535693 ], [ 80.033058962016455, 13.046099411324976 ], [ 80.03438659881391, 13.046644383544631 ], [ 80.036045897805224, 13.046669748246154 ], [ 80.037377723645676, 13.046134687597917 ], [ 80.038399314150013, 13.045140663127388 ], [ 80.038955140725704, 13.043839010324042 ], [ 80.038960589608294, 13.042427897510631 ], [ 80.03841484014454, 13.041122154472749 ], [ 80.037400984521966, 13.040120566191204 ], [ 80.036073373767394, 13.039575611130955 ], [ 80.034414122011938, 13.039550249896262 ], [ 80.033082327176544, 13.040085297582149 ], [ 80.032060739179755, 13.041079301418188 ] ] ], [ [ [ 80.026433525951319, 13.043805650092867 ], [ 80.024994250644369, 13.043800233949103 ], [ 80.023662415689415, 13.04433522998068 ], [ 80.022640774097539, 13.045329192445054 ], [ 80.022084860829338, 13.046630803840111 ], [ 80.022079314424801, 13.048041909120316 ], [ 80.022624988166399, 13.04934768096102 ], [ 80.023728814897396, 13.050469325577605 ], [ 80.025056450377221, 13.051014345687541 ], [ 80.026495767440466, 13.051019764425771 ], [ 80.027827634215654, 13.050484756178239 ], [ 80.028849279269366, 13.049490773658475 ], [ 80.029405165697426, 13.048189145970721 ], [ 80.029410670620678, 13.046778037619687 ], [ 80.02886496485732, 13.045472277718092 ], [ 80.027761133881299, 13.044350654513469 ], [ 80.026433525951319, 13.043805650092867 ] ] ], [ [ [ 80.046144470586242, 13.046103932598404 ], [ 80.044733886157061, 13.04582343229891 ], [ 80.043321188593708, 13.04609351402434 ], [ 80.042121439813585, 13.046873061317001 ], [ 80.041317286646759, 13.048043398868053 ], [ 80.041031156882127, 13.049426357591631 ], [ 80.041306619132413, 13.0508113967947 ], [ 80.042101745252054, 13.051987655777953 ], [ 80.043295488545738, 13.052776056071529 ], [ 80.044706109656886, 13.053056566677787 ], [ 80.046118846354346, 13.052786480164254 ], [ 80.047318613796463, 13.052006915793438 ], [ 80.048122754221254, 13.050836558878315 ], [ 80.048408847303904, 13.049453589847975 ], [ 80.04813334591951, 13.048068555433005 ], [ 80.04733820113789, 13.046892313527911 ], [ 80.046144470586242, 13.046103932598404 ] ] ], [ [ [ 80.031364722614271, 13.055004033592533 ], [ 80.029954110938675, 13.054723450552641 ], [ 80.028541351922115, 13.054993446753484 ], [ 80.027341516827576, 13.055772918749552 ], [ 80.026537265613214, 13.056943202694089 ], [ 80.026251040987262, 13.058326137668859 ], [ 80.026526426006029, 13.059711186606744 ], [ 80.027321504291791, 13.060887487334572 ], [ 80.028515236444065, 13.061675955028393 ], [ 80.029925884809956, 13.061956548422954 ], [ 80.03133868300722, 13.061686547471643 ], [ 80.03253853682132, 13.060907058402721 ], [ 80.03334277532845, 13.059736755064 ], [ 80.033628963264093, 13.058353809734559 ], [ 80.033353539064635, 13.05696876554714 ], [ 80.032558442059312, 13.055792481892166 ], [ 80.031364722614271, 13.055004033592533 ] ] ], [ [ [ 80.046214160921693, 13.060473115827611 ], [ 80.044423939503332, 13.060380268798331 ], [ 80.043092047682393, 13.060915360899889 ], [ 80.042070405228202, 13.061909399513231 ], [ 80.04147507848549, 13.063465276740388 ], [ 80.040145499268249, 13.063072199709623 ], [ 80.038614018676967, 13.063130258880459 ], [ 80.037593328138655, 13.063484013929365 ], [ 80.036557952651236, 13.06428837629343 ], [ 80.035481211321681, 13.064543476436516 ], [ 80.034550518700854, 13.0650856362622 ], [ 80.033633128768045, 13.066173025740332 ], [ 80.033215177147355, 13.067488698823889 ], [ 80.031373384589799, 13.067903976883816 ], [ 80.030501358011037, 13.068532941363687 ], [ 80.029853117998158, 13.069382977557549 ], [ 80.02948449138465, 13.070380882801647 ], [ 80.029427226873921, 13.071440719582204 ], [ 80.029686259910079, 13.072471215938993 ], [ 80.030329285143281, 13.073543626483659 ], [ 80.031128681579105, 13.074259371558837 ], [ 80.032456459386111, 13.074804362748056 ], [ 80.03353759134103, 13.074860486708289 ], [ 80.034588788169458, 13.07460653474083 ], [ 80.035519517909435, 13.074064377651908 ], [ 80.03624962462429, 13.073280707169667 ], [ 80.036860348051192, 13.071622109413971 ], [ 80.038358825327691, 13.071356517420636 ], [ 80.03982689076318, 13.070283407326846 ], [ 80.040827523721106, 13.070134805974908 ], [ 80.04180795229874, 13.069684664450437 ], [ 80.04282962994769, 13.068690629748385 ], [ 80.043399681638874, 13.067297595892761 ], [ 80.04438665575455, 13.067644411836817 ], [ 80.045467762950764, 13.067700483927194 ], [ 80.046518920235854, 13.067446480332956 ], [ 80.047449599057117, 13.066904276309049 ], [ 80.048179647867414, 13.06612056762641 ], [ 80.048646195434415, 13.065162848649269 ], [ 80.048750879446771, 13.063237780689786 ], [ 80.047990473478549, 13.0616461908749 ], [ 80.047191062655486, 13.060930496717834 ], [ 80.046214160921693, 13.060473115827611 ] ] ], [ [ [ 80.029014876807153, 13.073404060833788 ], [ 80.027604165755633, 13.073123458219884 ], [ 80.025863424280288, 13.073543943652306 ], [ 80.024428755620946, 13.074884013810356 ], [ 80.022841372337822, 13.075792865948532 ], [ 80.022193086727526, 13.076642879272903 ], [ 80.02181096501856, 13.077727363898592 ], [ 80.020383469943113, 13.078133910853627 ], [ 80.019267205905379, 13.079024880740736 ], [ 80.018583719890785, 13.080266782335903 ], [ 80.018437070809085, 13.081670551311186 ], [ 80.018849593260398, 13.083022478053676 ], [ 80.019898491980697, 13.084286743380007 ], [ 80.02082498051243, 13.084835890103106 ], [ 80.021874195916453, 13.085097749115899 ], [ 80.022955777159609, 13.08504976815164 ], [ 80.023976575262694, 13.084696079193758 ], [ 80.02530964625916, 13.083520837815291 ], [ 80.025897790993781, 13.082012249350473 ], [ 80.027627857991149, 13.081424768338751 ], [ 80.028728548564175, 13.08030285884487 ], [ 80.02958787172696, 13.079894754010526 ], [ 80.030392854605083, 13.079185032129816 ], [ 80.031116278692267, 13.077803094142423 ], [ 80.031211099948266, 13.076048043550049 ], [ 80.03045077682583, 13.074456408753404 ], [ 80.029014876807153, 13.073404060833788 ] ] ], [ [ [ 80.050204990761216, 13.13154396189071 ], [ 80.048793920898731, 13.131263451906204 ], [ 80.047380732610321, 13.13153352090985 ], [ 80.046180562463988, 13.132313054394194 ], [ 80.045376121416581, 13.133483379180396 ], [ 80.0450898811104, 13.134866328151789 ], [ 80.045365427046505, 13.136251362108778 ], [ 80.0461608183967, 13.137427621137267 ], [ 80.047354968109161, 13.138216026732689 ], [ 80.048766074927542, 13.138496547064387 ], [ 80.050179302616797, 13.138226473210514 ], [ 80.051379491528365, 13.137446922519727 ], [ 80.05218391971303, 13.136276578250154 ], [ 80.052470123063273, 13.134893618931571 ], [ 80.052194537726365, 13.133508589824812 ], [ 80.051399127610921, 13.13233234800277 ], [ 80.050204990761216, 13.13154396189071 ] ] ], [ [ [ 80.024075334822285, 13.131794131251969 ], [ 80.022302547294373, 13.131529520330858 ], [ 80.020611811255023, 13.13211517784366 ], [ 80.019402392976431, 13.133412800503724 ], [ 80.01896908176515, 13.134791540159227 ], [ 80.019104631680662, 13.136196377923518 ], [ 80.019563824727499, 13.137157552588729 ], [ 80.020577971477749, 13.138159226302676 ], [ 80.021888235064054, 13.138699845012557 ], [ 80.020411761267837, 13.139255173935629 ], [ 80.019389688328019, 13.140249087807277 ], [ 80.018833508923791, 13.141550666537617 ], [ 80.018914527101686, 13.143306367533969 ], [ 80.019373730576632, 13.144267542894957 ], [ 80.020097866365447, 13.145056691751611 ], [ 80.021024573078193, 13.145605851280445 ], [ 80.022104042183727, 13.145877726496513 ], [ 80.023537522767612, 13.145744862576418 ], [ 80.024809999361295, 13.14508449752279 ], [ 80.025727743366659, 13.143997169143709 ], [ 80.026151037631692, 13.142648417682498 ], [ 80.026015446501461, 13.141243581264947 ], [ 80.025341621425241, 13.139996533308388 ], [ 80.024232151730843, 13.139097122346795 ], [ 80.023201771610914, 13.138730154509076 ], [ 80.024366904121891, 13.138356090161489 ], [ 80.025239203581904, 13.137727168095786 ], [ 80.026043750752336, 13.136556914242528 ], [ 80.026320932556899, 13.135498408030095 ], [ 80.02627197460167, 13.134438176853321 ], [ 80.025911096722581, 13.133437527058353 ], [ 80.025002003816056, 13.132343274130621 ], [ 80.024075334822285, 13.131794131251969 ] ] ], [ [ [ 80.026905424782669, 13.150594125277831 ], [ 80.025494283281901, 13.150313482121504 ], [ 80.024080968208068, 13.150583413342046 ], [ 80.022880635411695, 13.151362825396012 ], [ 80.022076020590461, 13.152533063591003 ], [ 80.021789621831644, 13.153915974004935 ], [ 80.022065048765512, 13.155301023325292 ], [ 80.022860378700301, 13.156477349311263 ], [ 80.024054533955322, 13.157265863264859 ], [ 80.025465712440962, 13.157546516846992 ], [ 80.026879067005169, 13.157276580832606 ], [ 80.028079418664461, 13.156497151573314 ], [ 80.028884020671541, 13.155326893840169 ], [ 80.029170382445486, 13.153943973000429 ], [ 80.028894916021272, 13.152558928473916 ], [ 80.028099567223549, 13.151382619693267 ], [ 80.026905424782669, 13.150594125277831 ] ] ], [ [ [ 80.045334797646149, 13.176503185969038 ], [ 80.043902213905255, 13.176359535695827 ], [ 80.042522576045741, 13.176764015715531 ], [ 80.041405913564489, 13.177655049471042 ], [ 80.040692224940713, 13.17896698879157 ], [ 80.040545601262693, 13.18037076444911 ], [ 80.04095837288078, 13.181722665449005 ], [ 80.041867706923256, 13.182816875259498 ], [ 80.043135167965218, 13.183486806244742 ], [ 80.044567792135879, 13.183630463531232 ], [ 80.045947466706153, 13.183225975120331 ], [ 80.04706414086445, 13.182334922568611 ], [ 80.047777807834507, 13.181022964195122 ], [ 80.047924391217805, 13.179619181678579 ], [ 80.047511583249104, 13.178267289301498 ], [ 80.046602238059904, 13.177173098560901 ], [ 80.045334797646149, 13.176503185969038 ] ] ], [ [ [ 80.028262279222474, 13.177465154375893 ], [ 80.026720328202117, 13.178362846943992 ], [ 80.025792291415485, 13.179866787393083 ], [ 80.025645582475875, 13.181270548514984 ], [ 80.026026856036836, 13.182556723958124 ], [ 80.025749168202353, 13.183915999620854 ], [ 80.02586726615155, 13.186481813791676 ], [ 80.026413212545521, 13.187787586641573 ], [ 80.027427582443821, 13.188789245929172 ], [ 80.028755947934144, 13.189334293784949 ], [ 80.030196071550208, 13.189339748090566 ], [ 80.0318204592283, 13.188594458751298 ], [ 80.032550941626823, 13.187810829937963 ], [ 80.033017811297697, 13.186853168233251 ], [ 80.033114456177444, 13.183589399554196 ], [ 80.032803331253788, 13.182450104488126 ], [ 80.033091627813235, 13.181378358237724 ], [ 80.033042645829795, 13.180318129419598 ], [ 80.03249667694493, 13.179012368650749 ], [ 80.031382322805172, 13.177930730861984 ], [ 80.03005401024015, 13.177385700009847 ], [ 80.028262279222474, 13.177465154375893 ] ] ], [ [ [ 80.028130722573948, 13.190843425994039 ], [ 80.026930195762176, 13.191622841796944 ], [ 80.026125453819049, 13.192793081240929 ], [ 80.02583901419878, 13.194175990225425 ], [ 80.026114492781076, 13.195561035658333 ], [ 80.02690995903788, 13.196737355882981 ], [ 80.028184315122587, 13.197595863539402 ], [ 80.02959572780729, 13.197876509950339 ], [ 80.03100931422783, 13.197606567790244 ], [ 80.032209860075938, 13.196827134354116 ], [ 80.033014589031737, 13.195656875062609 ], [ 80.033300991201344, 13.194273955531893 ], [ 80.033025472498593, 13.192888914985259 ], [ 80.032229986733796, 13.191712612241693 ], [ 80.030955644077139, 13.190854125462145 ], [ 80.029544269028776, 13.190573489081677 ], [ 80.028130722573948, 13.190843425994039 ] ] ], [ [ [ 80.029414279411853, 13.198133491351863 ], [ 80.028000688803715, 13.198403424363706 ], [ 80.026800122974819, 13.199182836510605 ], [ 80.025995353088433, 13.20035307310202 ], [ 80.02570890085488, 13.201735980474076 ], [ 80.025984384079251, 13.203121025781236 ], [ 80.026869870914808, 13.204427348249471 ], [ 80.028064261867115, 13.205215857739185 ], [ 80.029475717503757, 13.205496507673438 ], [ 80.030889348445072, 13.205226569378688 ], [ 80.032089933599607, 13.20444713956236 ], [ 80.032894690661124, 13.203276883096384 ], [ 80.033181105458922, 13.201893965169194 ], [ 80.032905581989439, 13.200508924761055 ], [ 80.032020074177382, 13.199202621533267 ], [ 80.030825697033038, 13.198414131282656 ], [ 80.029414279411853, 13.198133491351863 ] ] ], [ [ [ 80.030305173360745, 13.207683281917207 ], [ 80.028513902855408, 13.207590251797622 ], [ 80.02718116564759, 13.208125198088061 ], [ 80.026158811963185, 13.209119115614769 ], [ 80.025602485173209, 13.210420693772663 ], [ 80.025565115219109, 13.212320514295822 ], [ 80.025977843720739, 13.213672434139587 ], [ 80.02688721522405, 13.214766698022482 ], [ 80.028505838864319, 13.215524280261137 ], [ 80.029946115830057, 13.215529746601394 ], [ 80.031278889406607, 13.214994788576414 ], [ 80.0323012500224, 13.214000851294692 ], [ 80.032857551836145, 13.212699257029307 ], [ 80.032894865714908, 13.21079943159291 ], [ 80.032482102013276, 13.209447520307895 ], [ 80.031572722130804, 13.208353275504479 ], [ 80.030305173360745, 13.207683281917207 ] ] ], [ [ [ 80.04765402596874, 13.21166347572866 ], [ 80.046240369280227, 13.211933505237781 ], [ 80.045039785993879, 13.212713001574421 ], [ 80.044235049938962, 13.213883297240017 ], [ 80.04394867769129, 13.215266229576832 ], [ 80.044133534601031, 13.216506644149449 ], [ 80.044807640009267, 13.217753656422705 ], [ 80.045917525159055, 13.218653002574337 ], [ 80.047294219020529, 13.219067760928924 ], [ 80.048728125318675, 13.218934785341446 ], [ 80.050180968899298, 13.218115670224023 ], [ 80.051417906188703, 13.21821045480781 ], [ 80.052797770265101, 13.217805942976103 ], [ 80.053914587684105, 13.216914871888038 ], [ 80.054587485477811, 13.215702249711375 ], [ 80.055617651557071, 13.216729474090876 ], [ 80.057304369163617, 13.217327786212509 ], [ 80.059079799585049, 13.217076442921769 ], [ 80.060608133890952, 13.215986886447224 ], [ 80.061687736555385, 13.216853125734305 ], [ 80.063064453146367, 13.217267800352626 ], [ 80.064839880020514, 13.217016416643581 ], [ 80.066372495289116, 13.215859665176346 ], [ 80.068025330158065, 13.216896916474042 ], [ 80.069816702812957, 13.216989675450478 ], [ 80.071149412290609, 13.21645450435029 ], [ 80.071954758256965, 13.215744681864988 ], [ 80.072515108763682, 13.214836380728174 ], [ 80.072822206426395, 13.213667824326553 ], [ 80.072686336810094, 13.212262999491989 ], [ 80.072012097781183, 13.211016051680321 ], [ 80.070902141689899, 13.210116814141529 ], [ 80.069525448194241, 13.209702183270204 ], [ 80.067750077271327, 13.209953603487177 ], [ 80.066818876477569, 13.210495841581936 ], [ 80.066141100253304, 13.211210520993454 ], [ 80.065082216380674, 13.210366859207957 ], [ 80.063705533510458, 13.209952197587887 ], [ 80.061930157609922, 13.21020357689563 ], [ 80.06056177297549, 13.211163239658315 ], [ 80.058924792446831, 13.210143134452007 ], [ 80.057133478991744, 13.210050302757068 ], [ 80.055349011013988, 13.210925745642738 ], [ 80.054618522733108, 13.211709438384752 ], [ 80.054186295498056, 13.212573472385939 ], [ 80.053122380807736, 13.211490564630099 ], [ 80.051435714434945, 13.210892228053551 ], [ 80.050001855815012, 13.211025222188798 ], [ 80.048606556925137, 13.211793666642555 ], [ 80.04765402596874, 13.21166347572866 ] ] ], [ [ [ 80.03513575707747, 13.215644114549244 ], [ 80.033724235233635, 13.215363491584846 ], [ 80.032310547124723, 13.215633441517127 ], [ 80.03110990534978, 13.216412867967446 ], [ 80.030444145451526, 13.217297932372901 ], [ 80.02915418169799, 13.216775722371946 ], [ 80.028072432626317, 13.216719537399314 ], [ 80.027020615018287, 13.216973417368939 ], [ 80.026089307061454, 13.217515498949341 ], [ 80.025015109782373, 13.218923044566704 ], [ 80.024677799767204, 13.220411534525303 ], [ 80.024813394013663, 13.221816365626571 ], [ 80.025557409600225, 13.223163423306913 ], [ 80.026994118777253, 13.224215838243349 ], [ 80.028767573995353, 13.224480461737164 ], [ 80.029819423054832, 13.224226576830159 ], [ 80.030750750293279, 13.223684483134235 ], [ 80.031854769695087, 13.222196218986717 ], [ 80.032985874014585, 13.222624294190606 ], [ 80.034067651639788, 13.222680460223588 ], [ 80.035119488930306, 13.222426552558968 ], [ 80.036050798725256, 13.221884438198037 ], [ 80.037124950227124, 13.220476843056646 ], [ 80.037384982265124, 13.218639374942084 ], [ 80.03712580717044, 13.217608885002726 ], [ 80.036572469503483, 13.216696476063451 ], [ 80.03513575707747, 13.215644114549244 ] ] ], [ [ [ 80.028115915773313, 13.225374166704199 ], [ 80.026704349577741, 13.225093501877705 ], [ 80.025290599716058, 13.225363408375079 ], [ 80.024089888180015, 13.226142796427078 ], [ 80.023285008305692, 13.227313015019107 ], [ 80.022998498553676, 13.228695913236713 ], [ 80.023273982349394, 13.230300959397171 ], [ 80.024069534860757, 13.231477292196455 ], [ 80.02526404123212, 13.232265821645635 ], [ 80.026675645898223, 13.232546497023243 ], [ 80.028089436773314, 13.232276585776891 ], [ 80.029290168398077, 13.231497180497826 ], [ 80.030095036157633, 13.230326942330128 ], [ 80.030381509034029, 13.228944033685716 ], [ 80.03010597904624, 13.227338991901613 ], [ 80.02931040821143, 13.226162676446865 ], [ 80.028115915773313, 13.225374166704199 ] ] ], [ [ [ 80.02419206944171, 13.259065138863447 ], [ 80.022918978788084, 13.259725453793349 ], [ 80.021844561633117, 13.261132967370566 ], [ 80.021557990455506, 13.262515857049479 ], [ 80.021987121579741, 13.26422232796738 ], [ 80.023186819849073, 13.265529145610339 ], [ 80.025154469926761, 13.266336665216993 ], [ 80.0265875568181, 13.2664804549599 ], [ 80.027967729936336, 13.266076100257882 ], [ 80.02908486251161, 13.265185162316817 ], [ 80.029768878774945, 13.263943282499133 ], [ 80.029915647893048, 13.262539529731102 ], [ 80.029502834339468, 13.261187614140429 ], [ 80.028593293154842, 13.260093350752935 ], [ 80.027666154235376, 13.259544192195984 ], [ 80.025626214636134, 13.258932310357125 ], [ 80.02419206944171, 13.259065138863447 ] ] ], [ [ [ 80.034995424587905, 13.265743290601941 ], [ 80.033203727095241, 13.26565026442141 ], [ 80.031578815690722, 13.266395523204546 ], [ 80.030504413677775, 13.267803073982646 ], [ 80.030234252739007, 13.269540521194092 ], [ 80.030872146747527, 13.271397557508905 ], [ 80.032055851826144, 13.272499307836425 ], [ 80.032979133511546, 13.274037350335538 ], [ 80.034173869459408, 13.274825851786634 ], [ 80.035947698748643, 13.275090450121287 ], [ 80.037327909652376, 13.274686047253448 ], [ 80.038445052641094, 13.273795069219306 ], [ 80.039129050365744, 13.272553163489265 ], [ 80.039275774824617, 13.271149402933492 ], [ 80.038862897297889, 13.269797498859699 ], [ 80.037506206509548, 13.268397834146429 ], [ 80.036773088222574, 13.266916522819697 ], [ 80.035973089062281, 13.266200761495243 ], [ 80.034995424587905, 13.265743290601941 ] ] ], [ [ [ 80.041802204755854, 13.283369554269258 ], [ 80.040110434351007, 13.283955264751071 ], [ 80.039087790741746, 13.284949210106582 ], [ 80.038476778622751, 13.286601665435269 ], [ 80.038612460850203, 13.288086489919158 ], [ 80.039286708363903, 13.289333521415934 ], [ 80.040086788916057, 13.290049276882046 ], [ 80.041415720269029, 13.290594294277229 ], [ 80.042802081465993, 13.290607407199108 ], [ 80.043506818075372, 13.291219306524747 ], [ 80.044495444308225, 13.291679455806506 ], [ 80.043780601777627, 13.292996928157805 ], [ 80.043685675249804, 13.294751954588097 ], [ 80.044231919398911, 13.296057701521475 ], [ 80.045095842289015, 13.296948796258983 ], [ 80.044727421045053, 13.298516155794154 ], [ 80.045003083148501, 13.299901185074374 ], [ 80.045798947613832, 13.301077466403537 ], [ 80.046993855410179, 13.301865917830849 ], [ 80.048767899373615, 13.302130440525275 ], [ 80.050398425341825, 13.301824782069582 ], [ 80.051379792771527, 13.301374673729484 ], [ 80.052185488472745, 13.300664940823516 ], [ 80.052746125779635, 13.299756706951101 ], [ 80.052997792772956, 13.297894585631887 ], [ 80.054309800565534, 13.297364651340118 ], [ 80.055115474325575, 13.296654907469211 ], [ 80.055676090912158, 13.295746665505952 ], [ 80.056035315687097, 13.294558642875954 ], [ 80.057548026892874, 13.294730438557959 ], [ 80.058928323581227, 13.294325924240155 ], [ 80.060291127472937, 13.293316918763926 ], [ 80.06109607817308, 13.292146592029503 ], [ 80.06138247533012, 13.290763648177359 ], [ 80.060953030829424, 13.289057225286921 ], [ 80.059753011308899, 13.28775056637258 ], [ 80.058065813257855, 13.287152240776058 ], [ 80.05663150603803, 13.287285241584931 ], [ 80.055358339091228, 13.287945713179594 ], [ 80.054137603640882, 13.289109379959594 ], [ 80.053554731212856, 13.290581376924914 ], [ 80.051683408649097, 13.290460299398795 ], [ 80.049940511254775, 13.291309496019091 ], [ 80.048464527621903, 13.290460530460553 ], [ 80.0490993401433, 13.28928304326776 ], [ 80.049246024547443, 13.287879275578113 ], [ 80.048966744937431, 13.286768795003665 ], [ 80.048170906319598, 13.285592524404422 ], [ 80.046635366576879, 13.284683240560526 ], [ 80.044915581628857, 13.284580093188772 ], [ 80.043576107474664, 13.283634104073547 ], [ 80.041802204755854, 13.283369554269258 ] ] ], [ [ [ 80.030126372153234, 13.296274200348101 ], [ 80.028714399498483, 13.29599351978338 ], [ 80.027300235576746, 13.29626340777358 ], [ 80.026099165368123, 13.297042777377321 ], [ 80.025264036045755, 13.298282979961494 ], [ 80.02497742517096, 13.299665867843002 ], [ 80.025252974411472, 13.301050910834357 ], [ 80.026048742555375, 13.302227247637642 ], [ 80.027243585249451, 13.303015787861542 ], [ 80.028655595705516, 13.303296479122443 ], [ 80.03006980001112, 13.303026586441725 ], [ 80.031270889717433, 13.302247199594484 ], [ 80.032106004926931, 13.301006976491715 ], [ 80.032392578075033, 13.299624078045962 ], [ 80.03211698876126, 13.298239039962409 ], [ 80.031321201618951, 13.297062720672168 ], [ 80.030126372153234, 13.296274200348101 ] ] ], [ [ [ 80.047556198875625, 13.304814091915517 ], [ 80.046144150536023, 13.304533503611314 ], [ 80.045071615426238, 13.304685204091243 ], [ 80.043798327115141, 13.305345608702181 ], [ 80.043005111612288, 13.306230300305016 ], [ 80.041801657229399, 13.306375193573293 ], [ 80.040820253938989, 13.306825262201713 ], [ 80.040014506063983, 13.307534955130807 ], [ 80.039453803373121, 13.308443155959992 ], [ 80.039186434814539, 13.309471652867725 ], [ 80.039235429362392, 13.310531873546257 ], [ 80.039781678379342, 13.311837629230206 ], [ 80.040946585312469, 13.31294926611351 ], [ 80.042275640101508, 13.313494286650416 ], [ 80.043656953082788, 13.313508136090986 ], [ 80.044416432785837, 13.315093557408995 ], [ 80.045681947705944, 13.316065536656659 ], [ 80.045952828237318, 13.317891179292578 ], [ 80.047016340482642, 13.319306808355474 ], [ 80.048635704820484, 13.320064308143841 ], [ 80.050076606175324, 13.320069702680822 ], [ 80.051409929434968, 13.319534679485752 ], [ 80.052432681298001, 13.31854069362341 ], [ 80.052989156372831, 13.317239074798533 ], [ 80.052994642315824, 13.315827986220485 ], [ 80.052213541952057, 13.314186385184646 ], [ 80.051007465950264, 13.313242249998906 ], [ 80.050767091350494, 13.311398796001042 ], [ 80.05021351319759, 13.31048640541526 ], [ 80.049423425488513, 13.309778062080285 ], [ 80.049822726347315, 13.308163833663754 ], [ 80.049393341942661, 13.306457396909858 ], [ 80.048483552334503, 13.305363190871985 ], [ 80.047556198875625, 13.304814091915517 ] ] ], [ [ [ 80.034716393473374, 13.30832417822665 ], [ 80.033304344919259, 13.308043518274809 ], [ 80.032231790061104, 13.308195162927481 ], [ 80.030351931962485, 13.30885391292321 ], [ 80.029060737760901, 13.309972552954653 ], [ 80.027963479609923, 13.309087219417854 ], [ 80.026944585332586, 13.30872577517056 ], [ 80.025503760891226, 13.308720253996887 ], [ 80.024482010468603, 13.309073878235019 ], [ 80.02336465013741, 13.309964777917553 ], [ 80.022680456701949, 13.311206624947584 ], [ 80.022533596866154, 13.312610363368277 ], [ 80.022946437484009, 13.313962288231558 ], [ 80.024246133284208, 13.31564658275987 ], [ 80.025173467653175, 13.316195765574344 ], [ 80.026223659272503, 13.316457671338368 ], [ 80.02730626297128, 13.316409743743653 ], [ 80.028328041641984, 13.316056110181897 ], [ 80.029702746560275, 13.314815656496584 ], [ 80.030653546031729, 13.315385802043842 ], [ 80.032065632432548, 13.31566647927429 ], [ 80.033138220567608, 13.315514837668486 ], [ 80.035018125284125, 13.314856070393487 ], [ 80.035891060595219, 13.314227162011052 ], [ 80.036539987439326, 13.313377169687268 ], [ 80.036982765599205, 13.311674023848994 ], [ 80.0368279055957, 13.310623610873145 ], [ 80.036368366914161, 13.309662452874322 ], [ 80.035643727486999, 13.308873322835165 ], [ 80.034716393473374, 13.30832417822665 ] ] ], [ [ [ 80.03248642648218, 13.403529051178028 ], [ 80.031929614163104, 13.404830595427361 ], [ 80.031923967335715, 13.406241665382904 ], [ 80.032470354837514, 13.407547439092088 ], [ 80.033485601102484, 13.408549121699627 ], [ 80.034815144797392, 13.409094211710951 ], [ 80.036416571366786, 13.409109720249571 ], [ 80.037750422849101, 13.408574807706048 ], [ 80.038773627742458, 13.407580912933945 ], [ 80.039330411674541, 13.406279351800535 ], [ 80.03933601532016, 13.404868278760246 ], [ 80.038789594734411, 13.403562517544206 ], [ 80.037774344470193, 13.402560855814006 ], [ 80.036444827879535, 13.402015783093271 ], [ 80.034843448232706, 13.402000277903644 ], [ 80.033509628689885, 13.402535177376055 ], [ 80.03248642648218, 13.403529051178028 ] ] ], [ [ [ 80.062074246890376, 12.689422006779431 ], [ 80.060643389074215, 12.68955527033784 ], [ 80.059373385167248, 12.690216000624346 ], [ 80.058457576392598, 12.691303610541693 ], [ 80.058035387349932, 12.692652525536742 ], [ 80.058171099291073, 12.694057388367064 ], [ 80.058934058154904, 12.695514322040879 ], [ 80.060041821844564, 12.696413487281555 ], [ 80.061415739683483, 12.696827991133864 ], [ 80.062846638333369, 12.696694726305804 ], [ 80.0641166678448, 12.696033981347719 ], [ 80.065032472377624, 12.694946351793702 ], [ 80.065454630014813, 12.693597423583748 ], [ 80.065318877885375, 12.692192561644577 ], [ 80.064555889871471, 12.690735644106132 ], [ 80.063448132078776, 12.689836497930846 ], [ 80.062074246890376, 12.689422006779431 ] ] ], [ [ [ 80.070561890781732, 12.692462787046829 ], [ 80.069293150282732, 12.692303309291663 ], [ 80.067882474618969, 12.692573669511793 ], [ 80.066684552173996, 12.693353471811191 ], [ 80.065881751854562, 12.694524001954701 ], [ 80.065596295410799, 12.695907061418756 ], [ 80.065871648715557, 12.697292094111576 ], [ 80.066665899959958, 12.698468240354652 ], [ 80.067858135520893, 12.699256438945664 ], [ 80.069266845660422, 12.699536689711589 ], [ 80.070877562, 12.699266323968763 ], [ 80.072075502010264, 12.698486504125398 ], [ 80.072878289085367, 12.69731595449036 ], [ 80.073163708855802, 12.695932884715303 ], [ 80.072888316469488, 12.694547856806254 ], [ 80.071827057651461, 12.693132438246407 ], [ 80.070561890781732, 12.692462787046829 ] ] ], [ [ [ 80.055412536547593, 12.771963696703503 ], [ 80.054003452680448, 12.771683346834941 ], [ 80.052592321659503, 12.771953592167947 ], [ 80.051393967101134, 12.772733291307912 ], [ 80.050560822949237, 12.773973745312192 ], [ 80.050275164364308, 12.775356768021348 ], [ 80.050550487703944, 12.776741808648604 ], [ 80.051344885779699, 12.777918006306997 ], [ 80.052537422648015, 12.778706291945975 ], [ 80.053946542688294, 12.77898665211146 ], [ 80.055357712377287, 12.77871640231616 ], [ 80.05655608562698, 12.777936686651572 ], [ 80.057389216299711, 12.776696212947519 ], [ 80.057674838781907, 12.775313180068384 ], [ 80.057399477070689, 12.773928144112647 ], [ 80.056605060781052, 12.772751963238528 ], [ 80.055412536547593, 12.771963696703503 ] ] ], [ [ [ 80.069952321335464, 12.773462834727699 ], [ 80.068522003201224, 12.773319472975308 ], [ 80.067144663073847, 12.773724251308909 ], [ 80.066029980901462, 12.774615547694587 ], [ 80.065347654581558, 12.775857674314935 ], [ 80.065161564474579, 12.777391531787568 ], [ 80.065573963327751, 12.778743398304311 ], [ 80.06648207320265, 12.77983746200775 ], [ 80.067747644962949, 12.780507157636006 ], [ 80.06917800251118, 12.780650526269872 ], [ 80.070555378479014, 12.780245739899373 ], [ 80.071670072256367, 12.779354425381516 ], [ 80.072352379464618, 12.778112281253566 ], [ 80.072538427386377, 12.776578415834841 ], [ 80.072125993404853, 12.77522655766999 ], [ 80.071217872898103, 12.774132512472567 ], [ 80.069952321335464, 12.773462834727699 ] ] ], [ [ [ 80.067242883238109, 12.847833670444301 ], [ 80.066194583061332, 12.847572055485095 ], [ 80.0651140258352, 12.847620288929225 ], [ 80.063492015842527, 12.848365966234308 ], [ 80.062709227577471, 12.849095469172138 ], [ 80.062149758826834, 12.85000382752809 ], [ 80.061883111521922, 12.851032424095076 ], [ 80.061932252395835, 12.852092677944194 ], [ 80.062692209396602, 12.853684214560085 ], [ 80.064152979081015, 12.85474551631612 ], [ 80.064672925709814, 12.856193308314943 ], [ 80.065314142111731, 12.857048083099928 ], [ 80.066050690223818, 12.857606365025761 ], [ 80.066792178226194, 12.859124256599651 ], [ 80.067591046727827, 12.859839861111146 ], [ 80.068912314471888, 12.860408268553092 ], [ 80.069550921328741, 12.861996023133903 ], [ 80.069945484027059, 12.863776055100084 ], [ 80.068154115099901, 12.864194236308755 ], [ 80.067282918119275, 12.864823389189111 ], [ 80.06662103515157, 12.865681911302772 ], [ 80.065589468496839, 12.864866607032234 ], [ 80.064144654233161, 12.864432066695565 ], [ 80.063064024862612, 12.864480286642989 ], [ 80.061733237484418, 12.865015556642987 ], [ 80.060929068998618, 12.865725440994778 ], [ 80.060246441054602, 12.866967527199396 ], [ 80.060083806027592, 12.868016811653009 ], [ 80.060359247796328, 12.8694018431739 ], [ 80.060911995682645, 12.870314178228938 ], [ 80.061710879380172, 12.87102980134463 ], [ 80.063465332393861, 12.871647931222613 ], [ 80.064545992598084, 12.8715997117545 ], [ 80.065565851131808, 12.871245789227771 ], [ 80.06643707529976, 12.870616644172184 ], [ 80.067058972070171, 12.869808123275499 ], [ 80.068417021135701, 12.870776333508603 ], [ 80.069826669974915, 12.871056643362621 ], [ 80.071238349070811, 12.870786344532023 ], [ 80.072410408516149, 12.870030182851167 ], [ 80.072558635151054, 12.870937401435778 ], [ 80.073017626587131, 12.871898481346465 ], [ 80.073741214686834, 12.872687453906339 ], [ 80.074535771162488, 12.87317486951447 ], [ 80.074370149366231, 12.874631562101726 ], [ 80.074782719825691, 12.875983418575649 ], [ 80.075691190700994, 12.877077469151907 ], [ 80.076794604719353, 12.877689405469969 ], [ 80.076590082507593, 12.879251588725834 ], [ 80.076928751721979, 12.880448674730399 ], [ 80.076961850010619, 12.881612857725226 ], [ 80.077507518043134, 12.882918525651018 ], [ 80.078231150257963, 12.883707488256876 ], [ 80.07949725713172, 12.884377159739396 ], [ 80.08056680960253, 12.884536650659737 ], [ 80.081978557754397, 12.884266298568113 ], [ 80.083421286962334, 12.883224367215655 ], [ 80.083980764475868, 12.88231596553682 ], [ 80.084247365390468, 12.881287345028879 ], [ 80.08431991302956, 12.87870835381891 ], [ 80.084060794725346, 12.877677895089477 ], [ 80.083265957629351, 12.876501773078807 ], [ 80.082051301774797, 12.875705935424927 ], [ 80.082754817192566, 12.874806276855784 ], [ 80.083122893142885, 12.873808247033777 ], [ 80.083179826160304, 12.872748363887624 ], [ 80.082920717012627, 12.871717904295018 ], [ 80.082367883536534, 12.870805610112269 ], [ 80.081568937450683, 12.870090045998511 ], [ 80.079803000518808, 12.869487818640208 ], [ 80.079467951153433, 12.867107143693184 ], [ 80.079107164421146, 12.866106559464711 ], [ 80.077997844500644, 12.864515654529441 ], [ 80.076992601214613, 12.863677752535789 ], [ 80.077367076376305, 12.862427422580824 ], [ 80.077317871580263, 12.861367167872247 ], [ 80.076957100179314, 12.860366581388449 ], [ 80.076224848279892, 12.859430334613968 ], [ 80.075622223332516, 12.857851512592427 ], [ 80.074898668234809, 12.857062546839346 ], [ 80.073657633960252, 12.856401712380954 ], [ 80.073092204476893, 12.854961540752976 ], [ 80.072368665414544, 12.85417256895485 ], [ 80.071509460179698, 12.853654839807197 ], [ 80.070832182940563, 12.852011565538376 ], [ 80.069487730245783, 12.85081645864468 ], [ 80.068892160535952, 12.849171586504367 ], [ 80.068168650704337, 12.84838260481747 ], [ 80.067242883238109, 12.847833670444301 ] ] ], [ [ [ 80.05002345108548, 12.855685478521147 ], [ 80.049002729658525, 12.856679619856243 ], [ 80.048447439017551, 12.857981345073128 ], [ 80.048442122829584, 12.859392481739864 ], [ 80.048987599189431, 12.86069819773518 ], [ 80.050000830944541, 12.861699707112635 ], [ 80.051377564008916, 12.862274535110549 ], [ 80.052815808726194, 12.862279732586959 ], [ 80.054146596914279, 12.861744508041362 ], [ 80.055167321458342, 12.860750347084494 ], [ 80.055722585614504, 12.859448605922193 ], [ 80.055727861155219, 12.858037466276599 ], [ 80.055182353680763, 12.856731762006453 ], [ 80.054169118431602, 12.85573027222634 ], [ 80.052792412548342, 12.855155460642157 ], [ 80.051354208403453, 12.855150265865175 ], [ 80.05002345108548, 12.855685478521147 ] ] ], [ [ [ 80.054312441026653, 12.867795460827171 ], [ 80.052874164263415, 12.867790269370561 ], [ 80.051543341041196, 12.868325484806515 ], [ 80.050522570451463, 12.869319627961726 ], [ 80.049967254874716, 12.870621353766058 ], [ 80.049961941781575, 12.872032489700464 ], [ 80.050517448365582, 12.873378203836982 ], [ 80.051530733882416, 12.874379710327688 ], [ 80.052857534921941, 12.874924534769438 ], [ 80.05429585234117, 12.874929729144068 ], [ 80.0556267065854, 12.874394502014095 ], [ 80.056647480477395, 12.873400339387432 ], [ 80.057202769761474, 12.872098597728428 ], [ 80.057208042391849, 12.870687458837191 ], [ 80.056652503981994, 12.869341756539541 ], [ 80.05563921549124, 12.868340269465111 ], [ 80.054312441026653, 12.867795460827171 ] ] ], [ [ [ 80.073213406063743, 12.938803690506905 ], [ 80.071803377892124, 12.938523374234901 ], [ 80.070063644458344, 12.938944230295393 ], [ 80.06894820076333, 12.939835478706382 ], [ 80.068148523714299, 12.941233828483346 ], [ 80.0678627049478, 12.942616846556772 ], [ 80.068138242544165, 12.944001870639271 ], [ 80.068933196806356, 12.945178042330285 ], [ 80.07012654715362, 12.945966296475646 ], [ 80.071536614063049, 12.946246624367813 ], [ 80.073276397227119, 12.945825761978334 ], [ 80.074391854986516, 12.944934496218657 ], [ 80.075191511833253, 12.943536126125373 ], [ 80.075477292164621, 12.942153097446012 ], [ 80.075201714811939, 12.940768078315717 ], [ 80.074406742329387, 12.939591924298718 ], [ 80.073213406063743, 12.938803690506905 ] ] ], [ [ [ 80.065452589472045, 12.945115454947377 ], [ 80.063662531604493, 12.945195272061135 ], [ 80.062122194274082, 12.946093299798116 ], [ 80.061195330828582, 12.947597468577547 ], [ 80.061094723372406, 12.949311115847475 ], [ 80.059944926297987, 12.949002108426068 ], [ 80.058863932866061, 12.949050285659029 ], [ 80.057532677741534, 12.949585499436051 ], [ 80.056678210999848, 12.950325346352029 ], [ 80.055995303267252, 12.951567396248793 ], [ 80.055848991512775, 12.952971220055185 ], [ 80.056261558893951, 12.954323099777133 ], [ 80.057170203484688, 12.955417222156006 ], [ 80.058787298307067, 12.956174519114555 ], [ 80.059867931841353, 12.9562304986705 ], [ 80.060918600923316, 12.955976401311768 ], [ 80.061898819414722, 12.955404109942972 ], [ 80.062815651447764, 12.954316574772108 ], [ 80.063183943266338, 12.953318592306042 ], [ 80.063207354629853, 12.952030492945386 ], [ 80.064375142809183, 12.952347903302217 ], [ 80.065456151073775, 12.952299704120444 ], [ 80.066787406987629, 12.951764449804276 ], [ 80.067591852643204, 12.95105456975506 ], [ 80.068363908496053, 12.949468517899071 ], [ 80.068252503788216, 12.947622787088463 ], [ 80.067793413428191, 12.946661696119595 ], [ 80.067069648733082, 12.945872698263621 ], [ 80.065452589472045, 12.945115454947377 ] ] ], [ [ [ 80.072141838160391, 13.07592952794807 ], [ 80.070762807799511, 13.076334203537192 ], [ 80.069646717599483, 13.077225404329823 ], [ 80.068874216931007, 13.07881141842986 ], [ 80.068817115475824, 13.079871274664253 ], [ 80.06916940179633, 13.081096513993655 ], [ 80.06891757702077, 13.081883928980078 ], [ 80.06774068164107, 13.082143619114671 ], [ 80.066809982468342, 13.082685894750052 ], [ 80.06607993632511, 13.083469655788587 ], [ 80.065543413217696, 13.084537406123335 ], [ 80.06539702371478, 13.08594121949189 ], [ 80.065809812959159, 13.087293088896661 ], [ 80.066718945327025, 13.088387202619471 ], [ 80.067986016064225, 13.089056987680923 ], [ 80.069056424862794, 13.089216582034659 ], [ 80.070594498922787, 13.088888905435439 ], [ 80.071698153964988, 13.088950470648157 ], [ 80.073388490922028, 13.088364447480467 ], [ 80.074597407309184, 13.087066532474893 ], [ 80.075048780162817, 13.085380555884143 ], [ 80.076116597970071, 13.083752498015388 ], [ 80.076262925071561, 13.082348674180599 ], [ 80.075904662367435, 13.081085636505593 ], [ 80.076212879199431, 13.079268671770826 ], [ 80.075800042404282, 13.077916815268395 ], [ 80.075108275157447, 13.076982040297047 ], [ 80.074241031346205, 13.076346692649141 ], [ 80.073222995779986, 13.075985486731176 ], [ 80.072141838160391, 13.07592952794807 ] ] ], [ [ [ 80.054450098955456, 13.086305791098992 ], [ 80.053720004759086, 13.087089513590271 ], [ 80.053253428864863, 13.088047238650519 ], [ 80.05309055472685, 13.089096489274565 ], [ 80.05324541261777, 13.090146905519369 ], [ 80.053704670117568, 13.091108025966195 ], [ 80.054428778998712, 13.091897078290257 ], [ 80.05644124373174, 13.092807552589056 ], [ 80.054806686551231, 13.093915240157143 ], [ 80.054246579325437, 13.094823525152503 ], [ 80.05397956726064, 13.095852074418177 ], [ 80.054115311910039, 13.097256910220862 ], [ 80.054708469928727, 13.098396371215429 ], [ 80.054273976102024, 13.099501197437993 ], [ 80.054268589743771, 13.100912310345443 ], [ 80.054629547186792, 13.101912927524468 ], [ 80.0552566560619, 13.102784628444974 ], [ 80.054703908501438, 13.104081199090215 ], [ 80.054698522642724, 13.10549231167322 ], [ 80.055059487229684, 13.10649292847302 ], [ 80.055701250317796, 13.107347752457557 ], [ 80.056568545128997, 13.107983165036082 ], [ 80.057463112893501, 13.108313624197438 ], [ 80.057210244950838, 13.109606527478823 ], [ 80.057365127146483, 13.110656941666228 ], [ 80.057824433543772, 13.11161805694408 ], [ 80.058674411077249, 13.112499263303622 ], [ 80.058805083972388, 13.113936958403322 ], [ 80.059512924784485, 13.115220866102321 ], [ 80.059466569681504, 13.116211103403032 ], [ 80.059725763249702, 13.117241577889043 ], [ 80.060278993011806, 13.118153934487578 ], [ 80.06133418873452, 13.119021008628676 ], [ 80.059282699608033, 13.119454126890254 ], [ 80.058410546332311, 13.120083175645528 ], [ 80.057762249494573, 13.120933275948076 ], [ 80.057320050553884, 13.122636515911582 ], [ 80.057474937472406, 13.123686929571589 ], [ 80.057934264931177, 13.124648045365204 ], [ 80.058658478683896, 13.125437091363715 ], [ 80.059925707420987, 13.126106925481594 ], [ 80.06135801711477, 13.126250467769918 ], [ 80.062559853358593, 13.125927349873759 ], [ 80.063044271503031, 13.126988106894945 ], [ 80.06405856800518, 13.127989619213199 ], [ 80.065386709988843, 13.128534463260335 ], [ 80.066558094253537, 13.12861046540789 ], [ 80.067609498864783, 13.128356393113062 ], [ 80.068809588368012, 13.127576753556026 ], [ 80.069613902410737, 13.126406346160435 ], [ 80.069897155673061, 13.125076027732295 ], [ 80.071326553071884, 13.12507968022836 ], [ 80.072347464852882, 13.12472580734352 ], [ 80.073463772083471, 13.123834611758264 ], [ 80.07403525612591, 13.122895494837236 ], [ 80.075426756279739, 13.122532044086221 ], [ 80.07477354400676, 13.12396145853187 ], [ 80.074768264204778, 13.125372577059672 ], [ 80.075594740213504, 13.127035704254972 ], [ 80.075955657596964, 13.129971786087415 ], [ 80.076508974888895, 13.130884112831696 ], [ 80.077308688285299, 13.131599733250498 ], [ 80.078636883079184, 13.132144511990399 ], [ 80.07971828862182, 13.132200459719558 ], [ 80.081868312419076, 13.131884677938595 ], [ 80.083599190181388, 13.131220140835675 ], [ 80.084524981778827, 13.131437884910207 ], [ 80.085606772612124, 13.131389654085412 ], [ 80.086938977514293, 13.130854364621554 ], [ 80.08796075609618, 13.129860160517641 ], [ 80.088516551167288, 13.128558404639822 ], [ 80.088521753829113, 13.127147281 ], [ 80.087975580976661, 13.12584162099861 ], [ 80.087251266842969, 13.125052651210336 ], [ 80.085983959949829, 13.124382947012245 ], [ 80.08455163720069, 13.124239541519007 ], [ 80.083373245084303, 13.124552012724003 ], [ 80.082133289825293, 13.124299098101401 ], [ 80.081417346223105, 13.122540928867711 ], [ 80.082473839587564, 13.121684516541819 ], [ 80.08304542083394, 13.120745009709449 ], [ 80.084158856496728, 13.121909801155004 ], [ 80.085487018221102, 13.122454542503396 ], [ 80.086926775054479, 13.122459652454847 ], [ 80.088550561860075, 13.121713959274995 ], [ 80.08946794732077, 13.120626376703179 ], [ 80.089890852042956, 13.119277491736394 ], [ 80.089851616063001, 13.118027252795384 ], [ 80.089305452854745, 13.116721595563666 ], [ 80.087981172955423, 13.115536615535278 ], [ 80.086243355833574, 13.115103408666551 ], [ 80.0851716689277, 13.115255336189428 ], [ 80.084191121443851, 13.115705634110483 ], [ 80.083386154755729, 13.116415524360693 ], [ 80.082783381460999, 13.117439541627371 ], [ 80.081661171997979, 13.116260236920564 ], [ 80.079975058746996, 13.115662122422179 ], [ 80.077333359652215, 13.11597033132983 ], [ 80.076215143546676, 13.116380942251384 ], [ 80.074894065141265, 13.115662999131516 ], [ 80.073103421896462, 13.115570323726637 ], [ 80.071479636842739, 13.116315919430367 ], [ 80.070384188717526, 13.117783227820969 ], [ 80.069651319046756, 13.117140343442179 ], [ 80.068674155703533, 13.116683031693402 ], [ 80.066906550005172, 13.116587048257569 ], [ 80.066911615703859, 13.115177576749319 ], [ 80.066026792477047, 13.113450754674297 ], [ 80.06593488785353, 13.111762990062747 ], [ 80.065475548715796, 13.110801887110341 ], [ 80.064667042271466, 13.109951097659334 ], [ 80.064414121907888, 13.108188396787826 ], [ 80.063351332965155, 13.106772871898997 ], [ 80.06189445980408, 13.106055742575959 ], [ 80.062120575079902, 13.105137871104569 ], [ 80.062071459882702, 13.104077634150311 ], [ 80.061710469100902, 13.10307702530377 ], [ 80.061096648302524, 13.102252673675093 ], [ 80.061496767124495, 13.101402709120817 ], [ 80.061659617819075, 13.100353452305624 ], [ 80.061504720587919, 13.099303039074956 ], [ 80.060938864915016, 13.098186563015599 ], [ 80.061460448964141, 13.096677872183278 ], [ 80.061324662484921, 13.095273037378785 ], [ 80.060408604994649, 13.093762214804388 ], [ 80.058788758905692, 13.092782442896318 ], [ 80.060179144495535, 13.091936816330481 ], [ 80.060983369854796, 13.090766427638405 ], [ 80.061269454128038, 13.089383446825314 ], [ 80.060993851562458, 13.087998422412886 ], [ 80.05993116163485, 13.086582888420324 ], [ 80.057864137129698, 13.085653069980992 ], [ 80.056073724679919, 13.085560291127607 ], [ 80.054450098955456, 13.086305791098992 ] ] ], [ [ [ 80.067879736341126, 13.099079665619536 ], [ 80.067323912706883, 13.100381377089725 ], [ 80.067318600298179, 13.101792495201986 ], [ 80.067864616814106, 13.10309819064757 ], [ 80.068878842987345, 13.104099680541655 ], [ 80.07020687275535, 13.104644492831811 ], [ 80.071716520819891, 13.10465968117701 ], [ 80.073048602893678, 13.104124454933022 ], [ 80.074070315708809, 13.103130300297504 ], [ 80.07462611207734, 13.101828572596315 ], [ 80.074631382882174, 13.100417451551843 ], [ 80.074085334624186, 13.099111768178759 ], [ 80.073071104992337, 13.098110298343341 ], [ 80.071743101927652, 13.097565502458252 ], [ 80.07023349705571, 13.097550317154141 ], [ 80.068901446255538, 13.098085531080923 ], [ 80.067879736341126, 13.099079665619536 ] ] ], [ [ [ 80.057412034329545, 13.126049531520794 ], [ 80.056032700626588, 13.126454106323891 ], [ 80.054916323368531, 13.127345221099018 ], [ 80.054232858451883, 13.128587215792956 ], [ 80.054086361615717, 13.129991011904831 ], [ 80.054499144322619, 13.131342895670116 ], [ 80.055448371885632, 13.132487053535884 ], [ 80.056715625608973, 13.133156904961591 ], [ 80.058147972750547, 13.133300467679609 ], [ 80.059527342790929, 13.13289588410095 ], [ 80.060643731317214, 13.13200475026893 ], [ 80.061327175878333, 13.130762737328665 ], [ 80.061473632642929, 13.129358934423635 ], [ 80.061060813545538, 13.128007059284355 ], [ 80.060111574285074, 13.126862921138478 ], [ 80.058844341248843, 13.12619308767847 ], [ 80.057412034329545, 13.126049531520794 ] ] ], [ [ [ 80.054441349100301, 13.136185416090948 ], [ 80.053636232683203, 13.13689520198545 ], [ 80.053076012850724, 13.137803474535282 ], [ 80.052806218196125, 13.139540983614893 ], [ 80.053219006011517, 13.14089286905527 ], [ 80.054060832315429, 13.14192668637914 ], [ 80.05433536702067, 13.143381477163192 ], [ 80.055130823625348, 13.144557712276946 ], [ 80.055998240631823, 13.145193133730322 ], [ 80.057016523904949, 13.145554423274175 ], [ 80.058097976721214, 13.145610465478264 ], [ 80.059137582051989, 13.14536055008235 ], [ 80.059294608753277, 13.146596931150212 ], [ 80.059753979847486, 13.147558045367425 ], [ 80.060478261799062, 13.148347089788688 ], [ 80.06140508061786, 13.148896110582609 ], [ 80.063454631792865, 13.149307827030439 ], [ 80.065094991726085, 13.14923314239442 ], [ 80.066366639634836, 13.149744457018841 ], [ 80.067966028618613, 13.149711149735344 ], [ 80.068504121119233, 13.149979974509719 ], [ 80.067633171558541, 13.151671334002598 ], [ 80.067763182085187, 13.153561849198264 ], [ 80.066765693602662, 13.154903636618203 ], [ 80.066479538151427, 13.156286613575817 ], [ 80.066908853554281, 13.157993031694847 ], [ 80.068108326992117, 13.15929963028565 ], [ 80.069436643013006, 13.159844463980527 ], [ 80.071228252564978, 13.159764712368283 ], [ 80.072769939164374, 13.158866732111175 ], [ 80.073680679754133, 13.157425512765775 ], [ 80.074558307481212, 13.158467220706445 ], [ 80.075825748114724, 13.159136988981878 ], [ 80.076896464532183, 13.159296570444626 ], [ 80.078309792965342, 13.159026348228606 ], [ 80.079240768744185, 13.158484051655561 ], [ 80.07999101366876, 13.15768026953273 ], [ 80.08045763962032, 13.156722502977315 ], [ 80.080606507762838, 13.155372436029797 ], [ 80.082427784414946, 13.154955754889933 ], [ 80.083761001426438, 13.153780224050692 ], [ 80.084227604791963, 13.152822448910275 ], [ 80.084390409012542, 13.15177317766948 ], [ 80.084185394860555, 13.150552774201412 ], [ 80.083725920820413, 13.149591697179957 ], [ 80.083001556618228, 13.148802713174309 ], [ 80.080794694739367, 13.147243774697241 ], [ 80.079383489939602, 13.146963424578967 ], [ 80.078203349960532, 13.147152855967427 ], [ 80.077780950514949, 13.145316857129131 ], [ 80.076581485573499, 13.144010303415499 ], [ 80.075604204779182, 13.143553010994871 ], [ 80.074533557187223, 13.14339342853866 ], [ 80.072407877095472, 13.143867898796938 ], [ 80.070683296974082, 13.143015527819159 ], [ 80.069026671310667, 13.143062695917008 ], [ 80.067863335317327, 13.142615538382669 ], [ 80.066285714927517, 13.142643599335752 ], [ 80.064695346518121, 13.142102169495594 ], [ 80.062833726951936, 13.141903440198368 ], [ 80.061432365829688, 13.142169466406811 ], [ 80.061285328470575, 13.140923085686039 ], [ 80.060248019252597, 13.139303877516998 ], [ 80.059974563957255, 13.13787848815296 ], [ 80.058911686045704, 13.136462941253058 ], [ 80.057904918845011, 13.135863914955415 ], [ 80.056855443412545, 13.135602186190013 ], [ 80.055773636876552, 13.135650294474051 ], [ 80.054441349100301, 13.136185416090948 ] ] ], [ [ [ 80.052110575889301, 13.150823539779585 ], [ 80.050910321010775, 13.151603088813967 ], [ 80.05010583197145, 13.152773423911119 ], [ 80.049819587728464, 13.154156376389496 ], [ 80.050095174396731, 13.155541406515207 ], [ 80.050890644959026, 13.156717654951986 ], [ 80.052164900953301, 13.15756604527901 ], [ 80.053576124200106, 13.15784654668952 ], [ 80.054989460812152, 13.157576453959768 ], [ 80.056189734546365, 13.156796887317585 ], [ 80.056994210537539, 13.155626532456891 ], [ 80.05728041740862, 13.154243569524745 ], [ 80.057004790785456, 13.152858544331664 ], [ 80.056209300874158, 13.151682313349236 ], [ 80.054935058516264, 13.150833943823496 ], [ 80.053523872753004, 13.150553452346873 ], [ 80.052110575889301, 13.150823539779585 ] ] ], [ [ [ 80.06439351600244, 13.175675567208053 ], [ 80.063311928486414, 13.175619542679311 ], [ 80.062260315835303, 13.17587358265555 ], [ 80.061329238603008, 13.176415810032083 ], [ 80.060411511645086, 13.177503265470193 ], [ 80.0600428128337, 13.178501203633633 ], [ 80.060037425891778, 13.1799123102418 ], [ 80.060398500228658, 13.180912922665744 ], [ 80.061040458102624, 13.181767742776223 ], [ 80.062234865052147, 13.182556094259805 ], [ 80.063646244818088, 13.182836550168856 ], [ 80.065059719577036, 13.182566411392708 ], [ 80.066306573849289, 13.181736926463895 ], [ 80.066733573310756, 13.182608098129492 ], [ 80.067457974162593, 13.183397129139324 ], [ 80.068384936671379, 13.183946133124552 ], [ 80.06948463055015, 13.184217828544329 ], [ 80.071259812862863, 13.183966383332935 ], [ 80.072460174835228, 13.183186747314839 ], [ 80.073264672008705, 13.182016344402436 ], [ 80.073550829799743, 13.180633362062409 ], [ 80.073275091328824, 13.17924834905331 ], [ 80.072479443843733, 13.178072159978198 ], [ 80.071285021525483, 13.177283855212176 ], [ 80.069823662252318, 13.176993442828271 ], [ 80.068410223319376, 13.177263610470099 ], [ 80.067163399129754, 13.178093107900731 ], [ 80.066736404817789, 13.177221937070287 ], [ 80.06601202321562, 13.176432905015327 ], [ 80.06439351600244, 13.175675567208053 ] ] ], [ [ [ 80.058571995499577, 13.182709542188313 ], [ 80.05752034851929, 13.182963560219594 ], [ 80.05658923414218, 13.183505767579693 ], [ 80.05585883718571, 13.184289471275221 ], [ 80.055392059031732, 13.185247181185394 ], [ 80.055307310614452, 13.187062235035642 ], [ 80.055668373700811, 13.18806285298451 ], [ 80.056310331222591, 13.188917684623195 ], [ 80.05784533597128, 13.189826878950614 ], [ 80.059717347615262, 13.189900168697813 ], [ 80.060437949925799, 13.190529537693013 ], [ 80.061415378826055, 13.19098689678238 ], [ 80.063076712883259, 13.191098076724467 ], [ 80.063097246036193, 13.192342341154101 ], [ 80.063458347828472, 13.193342950369759 ], [ 80.064367826888514, 13.194437089035009 ], [ 80.065294821613278, 13.194986106050983 ], [ 80.066344556921905, 13.195247816713112 ], [ 80.067426626969123, 13.195199681534264 ], [ 80.068707843656384, 13.194765844246859 ], [ 80.069580250579435, 13.194136780078171 ], [ 80.070384800240888, 13.192966390480123 ], [ 80.070670990988148, 13.191583414439366 ], [ 80.070395260931107, 13.190198399758689 ], [ 80.069599596044924, 13.18902220129605 ], [ 80.068064547753735, 13.188113074759588 ], [ 80.066148099861252, 13.188050582845468 ], [ 80.066122683238689, 13.18683766240842 ], [ 80.06571157697968, 13.185737056919262 ], [ 80.065069592672444, 13.184882246987337 ], [ 80.064202017606107, 13.184246847147799 ], [ 80.062825479746252, 13.183832189843862 ], [ 80.061665299526268, 13.183899189188894 ], [ 80.060345203888531, 13.182973929608988 ], [ 80.058571995499577, 13.182709542188313 ] ] ], [ [ [ 80.071065012346224, 13.281813111678256 ], [ 80.069631792389629, 13.281669564539314 ], [ 80.068251582443665, 13.282074143243342 ], [ 80.067134499044712, 13.282965256243733 ], [ 80.066450605577359, 13.28420724381097 ], [ 80.066304020821036, 13.285761028415635 ], [ 80.0667170741348, 13.287112898331808 ], [ 80.067626887693535, 13.288207041594683 ], [ 80.068894953068366, 13.288876880660993 ], [ 80.070328214325926, 13.289020434630677 ], [ 80.071708461665793, 13.288615847243978 ], [ 80.072825557021829, 13.287724715159975 ], [ 80.073509430319021, 13.28648270931121 ], [ 80.073655970252418, 13.28492891764868 ], [ 80.073242880606557, 13.283577056476835 ], [ 80.072333056327466, 13.282482932377327 ], [ 80.071065012346224, 13.281813111678256 ] ] ], [ [ [ 80.065025307090451, 13.320673164940974 ], [ 80.063953903637113, 13.320513489497712 ], [ 80.062539620740452, 13.320783566145412 ], [ 80.061607970519191, 13.321325751742295 ], [ 80.060689656575263, 13.322413159820041 ], [ 80.060320699415669, 13.323411072713808 ], [ 80.060253429659838, 13.324550900603922 ], [ 80.060512785640668, 13.325581372733664 ], [ 80.061308803635882, 13.326757613753399 ], [ 80.062503886906654, 13.327546002420776 ], [ 80.063916092008583, 13.327826509426453 ], [ 80.065330415369104, 13.327556427861746 ], [ 80.066434577849535, 13.326862280956135 ], [ 80.066816507770184, 13.328002858202483 ], [ 80.067458839513989, 13.32885767961935 ], [ 80.068326910722377, 13.329493095877108 ], [ 80.069345962811653, 13.329854383437038 ], [ 80.071318822962255, 13.329804715213246 ], [ 80.072861622855442, 13.328906816856382 ], [ 80.073666645260886, 13.327736457294391 ], [ 80.073953027772774, 13.326353501140179 ], [ 80.073677179399624, 13.324968493184768 ], [ 80.072881104221537, 13.323792287242954 ], [ 80.071686001574506, 13.323003946211877 ], [ 80.070093814788351, 13.322693483768026 ], [ 80.068679523518952, 13.322963594191457 ], [ 80.067594680688302, 13.323640755044281 ], [ 80.067357177291612, 13.322758578343956 ], [ 80.066803511609308, 13.321846218875667 ], [ 80.066003248877166, 13.321130537040109 ], [ 80.065025307090451, 13.320673164940974 ] ] ], [ [ [ 80.068277858544221, 13.380473136966687 ], [ 80.067628841487306, 13.381323201586319 ], [ 80.067259805984008, 13.382321115994765 ], [ 80.067202536036717, 13.383380941910197 ], [ 80.067461967660265, 13.384411408301803 ], [ 80.068525875989209, 13.385826967419492 ], [ 80.069453578697548, 13.386376009852977 ], [ 80.070504129104563, 13.386637754163537 ], [ 80.072189027721336, 13.386514713294767 ], [ 80.073732199486898, 13.385616836937331 ], [ 80.074660824414494, 13.384112778374533 ], [ 80.074785953343152, 13.382563319829252 ], [ 80.075538287911684, 13.38364771928371 ], [ 80.076733689383843, 13.384436058709911 ], [ 80.077784241441535, 13.38469777276239 ], [ 80.079167159797478, 13.384609644141541 ], [ 80.080500793609318, 13.384074489619042 ], [ 80.081306701391554, 13.383364681158257 ], [ 80.081867446280782, 13.382456394104327 ], [ 80.082134738936404, 13.381427851357145 ], [ 80.081998787692527, 13.38002304014192 ], [ 80.081324094007641, 13.378776099791663 ], [ 80.080213379514575, 13.377876862369627 ], [ 80.078835739301695, 13.377462224197741 ], [ 80.077100903615914, 13.377635306243757 ], [ 80.075557795774401, 13.378533207842869 ], [ 80.074629199924132, 13.380037272107938 ], [ 80.074504072399193, 13.381586730900228 ], [ 80.073484066552282, 13.380263004006967 ], [ 80.071864225369069, 13.379505634880021 ], [ 80.069821003172507, 13.379575282497527 ], [ 80.068277858544221, 13.380473136966687 ] ] ], [ [ [ 80.06306652132443, 13.382374040876622 ], [ 80.061654004597685, 13.382093509431233 ], [ 80.060239356693813, 13.382363548064221 ], [ 80.059037936224044, 13.383143046931956 ], [ 80.058232644430333, 13.384313338207676 ], [ 80.057946082551069, 13.385696259952155 ], [ 80.058221883768908, 13.387181277032123 ], [ 80.05901807153613, 13.388357532267296 ], [ 80.060213436094443, 13.389145947547895 ], [ 80.061625991160554, 13.389426489492955 ], [ 80.063040679841507, 13.389156445864996 ], [ 80.064242119895937, 13.388376929451237 ], [ 80.065047398834096, 13.387206618373478 ], [ 80.065333923106706, 13.385823686184171 ], [ 80.065058078728967, 13.38433867393559 ], [ 80.064261872190457, 13.38316243629774 ], [ 80.06306652132443, 13.382374040876622 ] ] ], [ [ [ 80.059045767285497, 13.389773235207221 ], [ 80.057253138512849, 13.389680317613925 ], [ 80.055507435487044, 13.390505671276857 ], [ 80.054432565983248, 13.391913282162276 ], [ 80.054174144785563, 13.393730529086683 ], [ 80.053064552503344, 13.393315714225718 ], [ 80.051842011976177, 13.393249578181477 ], [ 80.050789437126781, 13.393503502970066 ], [ 80.04958793160948, 13.394282950537804 ], [ 80.048782555460036, 13.395453205178455 ], [ 80.048495922755876, 13.396836110536062 ], [ 80.048771678917149, 13.398221134083396 ], [ 80.049567851291158, 13.399397417455491 ], [ 80.05043611102397, 13.400032905215099 ], [ 80.051455420545935, 13.400394280687829 ], [ 80.053388800099114, 13.400324774626611 ], [ 80.054662581804607, 13.399664358300589 ], [ 80.055393675573654, 13.398880714517015 ], [ 80.055950349357943, 13.397579108528442 ], [ 80.055995904334665, 13.396439501140668 ], [ 80.057105516480306, 13.396854304305588 ], [ 80.058188077834174, 13.396910419462749 ], [ 80.059568966015291, 13.396505943343872 ], [ 80.060562152599687, 13.395796968556867 ], [ 80.061490899376949, 13.394292967513078 ], [ 80.061654032350887, 13.393243747427187 ], [ 80.061499037220258, 13.392193345558711 ], [ 80.060581995123997, 13.390682483899985 ], [ 80.059045767285497, 13.389773235207221 ] ] ], [ [ [ 80.09269164583948, 12.701652681358503 ], [ 80.091261706033649, 12.701509468385638 ], [ 80.089732138526955, 12.701863763760562 ], [ 80.088534230122193, 12.702643665721752 ], [ 80.087731492863213, 12.703814266023691 ], [ 80.087446138916974, 12.705197355459237 ], [ 80.087721618564558, 12.706582373361339 ], [ 80.088516000763022, 12.707758462288343 ], [ 80.089708351940871, 12.708546569755075 ], [ 80.091117144741347, 12.708826709463976 ], [ 80.093007901502702, 12.708456228406305 ], [ 80.094205826160675, 12.707676307501549 ], [ 80.095008548525399, 12.706505686757348 ], [ 80.09529386409632, 12.705122586648384 ], [ 80.095018343897323, 12.703737573786182 ], [ 80.093956921854925, 12.702322233699409 ], [ 80.09269164583948, 12.701652681358503 ] ] ], [ [ [ 80.094502074809142, 12.788862719719958 ], [ 80.092713739687412, 12.788770332228978 ], [ 80.091383413581497, 12.789305786669949 ], [ 80.090363129119552, 12.790300122932912 ], [ 80.089627314774887, 12.791727977908781 ], [ 80.089481344436209, 12.793131856399237 ], [ 80.089893895025199, 12.79448369387832 ], [ 80.090802167059891, 12.795577683529224 ], [ 80.092067886701813, 12.7962472713553 ], [ 80.093856273758831, 12.796339666695379 ], [ 80.095186633408474, 12.795804202179294 ], [ 80.096206923901264, 12.794809847871981 ], [ 80.09694271266244, 12.793381972974624 ], [ 80.097088642272624, 12.791978087619649 ], [ 80.096676055733397, 12.790626258850315 ], [ 80.095767773205367, 12.789532288524384 ], [ 80.094502074809142, 12.788862719719958 ] ] ], [ [ [ 80.088152289052331, 12.79795350700914 ], [ 80.086743014457653, 12.797673320208439 ], [ 80.085331759394037, 12.797943732646925 ], [ 80.084133366353115, 12.798723577513567 ], [ 80.083330275866516, 12.799894134130225 ], [ 80.082994751047522, 12.801477199075908 ], [ 80.083270273389516, 12.802862217110329 ], [ 80.084064903134774, 12.804038329975038 ], [ 80.085257669056048, 12.804826481511698 ], [ 80.086666980632344, 12.805106678682174 ], [ 80.088078275153762, 12.804836261830605 ], [ 80.089276687518506, 12.804056400505177 ], [ 80.090079766363345, 12.802885825161201 ], [ 80.09041525008692, 12.801302748498111 ], [ 80.090139689313119, 12.799917735255264 ], [ 80.089345041688574, 12.798741639322568 ], [ 80.088152289052331, 12.79795350700914 ] ] ], [ [ [ 80.078172475136753, 12.806923575465472 ], [ 80.076763166196258, 12.806643332824757 ], [ 80.075351853695508, 12.806913687497195 ], [ 80.074153388861674, 12.807693481460987 ], [ 80.073250221706274, 12.809024000403916 ], [ 80.072964631744966, 12.810407049923647 ], [ 80.07324010481571, 12.811792074454466 ], [ 80.074034710952759, 12.812968215541224 ], [ 80.075227482532256, 12.813756412728921 ], [ 80.076636828176149, 12.814036666024119 ], [ 80.078048179984819, 12.813766307219051 ], [ 80.079246664126231, 12.812986497019702 ], [ 80.080149816859077, 12.811655956714569 ], [ 80.080435370065487, 12.810272896950947 ], [ 80.080159858216462, 12.808887877222816 ], [ 80.079365233801965, 12.807711753199142 ], [ 80.078172475136753, 12.806923575465472 ] ] ], [ [ [ 80.090172246849008, 12.810772753415128 ], [ 80.088741700833324, 12.81062948668046 ], [ 80.087364178831933, 12.81103435792636 ], [ 80.086493217528854, 12.811663592709623 ], [ 80.085864403052682, 12.812483762163637 ], [ 80.08449322333297, 12.813323573514166 ], [ 80.083690083455977, 12.814494126930764 ], [ 80.083404541382137, 12.815877190670648 ], [ 80.083709119685707, 12.817323026423294 ], [ 80.083087859478425, 12.818711851062604 ], [ 80.083082752979635, 12.820123005935612 ], [ 80.083842765619792, 12.821714487717912 ], [ 80.085277552086225, 12.822766470357989 ], [ 80.086325776420907, 12.823028004021017 ], [ 80.0874062304175, 12.822979675837644 ], [ 80.088425862261147, 12.822625647709126 ], [ 80.089296858795834, 12.82199640926031 ], [ 80.089944208995348, 12.821146151769668 ], [ 80.090312164330498, 12.820148100684175 ], [ 80.090369039513064, 12.819088208871726 ], [ 80.090080895038113, 12.817996936126493 ], [ 80.090315648154686, 12.817636225858131 ], [ 80.091686835035318, 12.816796384713776 ], [ 80.092489947723678, 12.815625805097545 ], [ 80.092775440525998, 12.814242728115094 ], [ 80.092499857557499, 12.812857716873078 ], [ 80.091438037637587, 12.811442348491582 ], [ 80.090172246849008, 12.810772753415128 ] ] ], [ [ [ 80.08775238817492, 12.831622776992335 ], [ 80.086321727519007, 12.83147948948525 ], [ 80.08483161041886, 12.831863726293255 ], [ 80.083633048258463, 12.832643555948103 ], [ 80.082829837046702, 12.833814100630111 ], [ 80.08254426113777, 12.835197159641794 ], [ 80.082819804691198, 12.83658217696803 ], [ 80.083614527025347, 12.837758295241338 ], [ 80.084807442827255, 12.838546457469551 ], [ 80.086216938749104, 12.838826668976152 ], [ 80.088068429378438, 12.838426265952149 ], [ 80.08926700792378, 12.837646417329537 ], [ 80.090070204138001, 12.836475852121501 ], [ 80.090355741413418, 12.835092782389879 ], [ 80.090080157108076, 12.833707770141705 ], [ 80.089018272101399, 12.83229238924201 ], [ 80.08775238817492, 12.831622776992335 ] ] ], [ [ [ 80.08838256902807, 12.841233532749966 ], [ 80.087334267904751, 12.840972002423994 ], [ 80.086253736861053, 12.841020325070964 ], [ 80.085234026657588, 12.841374339087665 ], [ 80.084362950901379, 12.842003557985485 ], [ 80.083459708965137, 12.843314100927749 ], [ 80.082903139970412, 12.84549272094136 ], [ 80.082952369873951, 12.846552977243753 ], [ 80.08343517311549, 12.848241052505676 ], [ 80.082171780672169, 12.848139490920975 ], [ 80.081121584832289, 12.848393707831502 ], [ 80.08019181524655, 12.848936101458714 ], [ 80.079275470038766, 12.850023737417393 ], [ 80.078853065118693, 12.851372659166573 ], [ 80.079008911633608, 12.852997508503494 ], [ 80.079682343188026, 12.854244409525434 ], [ 80.080790838130298, 12.855143529768524 ], [ 80.082526868315909, 12.855576660627477 ], [ 80.084266000955054, 12.855155678662564 ], [ 80.085597511986961, 12.853980004575581 ], [ 80.086196937685429, 12.85239195216529 ], [ 80.087408289708492, 12.85248050715656 ], [ 80.088778502197556, 12.852136264458718 ], [ 80.089708267736953, 12.851593840098433 ], [ 80.090624576758586, 12.850506165205989 ], [ 80.091065941921741, 12.848802785832902 ], [ 80.090911001879661, 12.84775237228232 ], [ 80.090395513155727, 12.84671606328115 ], [ 80.090577594244266, 12.843876964792708 ], [ 80.089817481083642, 12.842285497793153 ], [ 80.08838256902807, 12.841233532749966 ] ] ], [ [ [ 80.082522298057455, 12.935235331160525 ], [ 80.081251066474408, 12.935896074289239 ], [ 80.079998303173141, 12.937351008022317 ], [ 80.078801077610009, 12.937986053391537 ], [ 80.077921521369035, 12.938929886026289 ], [ 80.077455352493089, 12.939887690459486 ], [ 80.077292719769815, 12.940936981536018 ], [ 80.07744763263787, 12.941987395815691 ], [ 80.077928781118544, 12.942977823588423 ], [ 80.076791471970651, 12.944039869971299 ], [ 80.076236095816895, 12.94534164226496 ], [ 80.076230898597117, 12.946752780794908 ], [ 80.076591766759293, 12.947753369957073 ], [ 80.077352289327024, 12.948714730361344 ], [ 80.077239043266488, 12.949991526414717 ], [ 80.077661485672778, 12.951359484180129 ], [ 80.07656197843626, 12.95209343066441 ], [ 80.075914217955628, 12.952943620979957 ], [ 80.075545976215253, 12.953941624948568 ], [ 80.07554077153857, 12.955352762273469 ], [ 80.075911646507777, 12.956383352489677 ], [ 80.07655313438093, 12.95723811324779 ], [ 80.077419991638934, 12.957873431531619 ], [ 80.078437564273514, 12.958234592293799 ], [ 80.080227717992742, 12.958154679745853 ], [ 80.082288901663205, 12.957546306113851 ], [ 80.08321908500244, 12.957003936180149 ], [ 80.084291729737416, 12.955596020506714 ], [ 80.084552343452685, 12.953691836478805 ], [ 80.085181182877932, 12.954814378969337 ], [ 80.085980392446373, 12.955529946223765 ], [ 80.087307696443304, 12.956074626624469 ], [ 80.088388344226786, 12.956130488266412 ], [ 80.089438992028207, 12.955876273892388 ], [ 80.091059159861715, 12.954923871091387 ], [ 80.091975870626342, 12.953836224623974 ], [ 80.092344048372581, 12.952838193044126 ], [ 80.09226247694815, 12.951082458508544 ], [ 80.091588755043361, 12.949835577433323 ], [ 80.09015325306116, 12.948783589210663 ], [ 80.088743144242571, 12.948503359727171 ], [ 80.087331035196485, 12.948773723375368 ], [ 80.085441901905014, 12.949963514180421 ], [ 80.084515156594918, 12.95146777394296 ], [ 80.084387676747696, 12.952998214018836 ], [ 80.083822563694994, 12.95196056918269 ], [ 80.084583983844809, 12.950388296962361 ], [ 80.084589135569473, 12.948977155502881 ], [ 80.084228233300607, 12.947976575245049 ], [ 80.083457465474766, 12.947006082817479 ], [ 80.083519084838841, 12.945377166887516 ], [ 80.08293080348092, 12.944014919370538 ], [ 80.083566942261726, 12.943526248999651 ], [ 80.084765454536452, 12.943857955542471 ], [ 80.085846428097128, 12.943809669026621 ], [ 80.08758499159994, 12.942961533556636 ], [ 80.089536479074411, 12.942759662595606 ], [ 80.090867640114013, 12.942224278044224 ], [ 80.091888578606728, 12.941229992099553 ], [ 80.092384696355808, 12.940212158000149 ], [ 80.092530792570415, 12.938808298019049 ], [ 80.092118045293816, 12.937456462633151 ], [ 80.091209299250195, 12.936362454682733 ], [ 80.089592215947164, 12.935605359730943 ], [ 80.088511655674623, 12.935549508862429 ], [ 80.085936886307991, 12.935919253758874 ], [ 80.084312287740971, 12.935155379323051 ], [ 80.082522298057455, 12.935235331160525 ] ] ], [ [ [ 80.086911219280594, 12.958029974020254 ], [ 80.086355858119475, 12.959331767950635 ], [ 80.086437386722281, 12.961087500668372 ], [ 80.087353176908721, 12.96259822432981 ], [ 80.088813285518214, 12.963481016565719 ], [ 80.087846147682157, 12.964433402504238 ], [ 80.086783096684442, 12.963912854454625 ], [ 80.085351690218658, 12.96376951273189 ], [ 80.084301005750419, 12.964023707982825 ], [ 80.083101784136517, 12.964803485050695 ], [ 80.082298105794706, 12.965973987917057 ], [ 80.082012326231336, 12.967357022292125 ], [ 80.082287960700071, 12.968742035929246 ], [ 80.08284098455178, 12.969654337991875 ], [ 80.084436567849892, 12.970826371720241 ], [ 80.086091636815894, 12.971095697472485 ], [ 80.086576441463166, 12.97215855059866 ], [ 80.087300341546253, 12.972947501917506 ], [ 80.088226599290735, 12.97349639412772 ], [ 80.08927544442885, 12.973757955226871 ], [ 80.090356547835768, 12.973709658629835 ], [ 80.091376801721182, 12.973355663520588 ], [ 80.092248339321657, 12.972726456695197 ], [ 80.092883429372932, 12.971913734812336 ], [ 80.094086989461033, 12.972537185289864 ], [ 80.095156926996708, 12.972696641039557 ], [ 80.096569167164859, 12.972426243814486 ], [ 80.097589381227166, 12.97183382432299 ], [ 80.098506132146483, 12.970746158469201 ], [ 80.098874313983103, 12.96974811885632 ], [ 80.09887939313623, 12.968336973876303 ], [ 80.098518409867737, 12.967336409256827 ], [ 80.097609534980862, 12.966242417098204 ], [ 80.096683280114277, 12.965693558396676 ], [ 80.095634458394429, 12.965432028715817 ], [ 80.094453334206804, 12.965504560329355 ], [ 80.093758909539901, 12.964175565628318 ], [ 80.092592717535098, 12.963249698484983 ], [ 80.093828839204519, 12.962129984087369 ], [ 80.094384169835536, 12.96082817233156 ], [ 80.09430258532177, 12.959072438378303 ], [ 80.093628834159205, 12.957825561238758 ], [ 80.092193279387246, 12.956773581291301 ], [ 80.089983134673929, 12.956433360672079 ], [ 80.088243296917071, 12.956854331210254 ], [ 80.086911219280594, 12.958029974020254 ] ] ], [ [ [ 80.078223185572398, 12.958842895181073 ], [ 80.076791816053387, 12.95869950861846 ], [ 80.075413452992578, 12.959104256606331 ], [ 80.074297931958824, 12.959995521769892 ], [ 80.073615078535937, 12.961237621107701 ], [ 80.073468855312953, 12.962641460133183 ], [ 80.073881531978898, 12.963993318524272 ], [ 80.074790289969172, 12.965087386257975 ], [ 80.076056781500441, 12.965757097396175 ], [ 80.07748819036884, 12.965900490609039 ], [ 80.078866589016982, 12.965495734137491 ], [ 80.07998212102946, 12.964604450325956 ], [ 80.080664954391239, 12.9633623330996 ], [ 80.080811138264863, 12.961958487423873 ], [ 80.080398426011556, 12.960606637516454 ], [ 80.079489657042572, 12.959512588430727 ], [ 80.078223185572398, 12.958842895181073 ] ] ], [ [ [ 80.089370750271854, 13.003773726073074 ], [ 80.08844039775812, 13.004316105400761 ], [ 80.087523472306415, 13.00540372196069 ], [ 80.087155183947573, 13.00640173633564 ], [ 80.087098198091766, 13.007461608743546 ], [ 80.087511007104155, 13.008813450785787 ], [ 80.088419977391311, 13.009907482028973 ], [ 80.090396379161163, 13.011026384286275 ], [ 80.092092792251819, 13.011293854853932 ], [ 80.091111239297305, 13.011973536339204 ], [ 80.090307429793768, 13.013144052203682 ], [ 80.090021621956254, 13.014527089801955 ], [ 80.090297335377343, 13.015912096397892 ], [ 80.09109260363573, 13.017088216229993 ], [ 80.092286358353903, 13.017876392010772 ], [ 80.094526870321559, 13.018276627746044 ], [ 80.095939372025711, 13.018006251874143 ], [ 80.096869763170872, 13.01746384851158 ], [ 80.097786698067509, 13.01637620015587 ], [ 80.09815496238879, 13.015378169615559 ], [ 80.098211905551395, 13.014318292441871 ], [ 80.097799030324595, 13.012966463570175 ], [ 80.096600045440709, 13.01166002482856 ], [ 80.095272431151386, 13.011115373309513 ], [ 80.093437183933816, 13.010936145962043 ], [ 80.094418726879269, 13.010256454938199 ], [ 80.095222507734306, 13.009085924197482 ], [ 80.095508278832753, 13.00770287798942 ], [ 80.095232542054021, 13.006317874759352 ], [ 80.094169964162575, 13.004902482831806 ], [ 80.092193590115372, 13.003783610874466 ], [ 80.090783172455531, 13.003503372929531 ], [ 80.089370750271854, 13.003773726073074 ] ] ], [ [ [ 80.092643725995089, 13.025173621478601 ], [ 80.091233188347488, 13.024893378427384 ], [ 80.090161896119994, 13.025045353528544 ], [ 80.088141733168897, 13.026005690056511 ], [ 80.087120411316064, 13.026999930962646 ], [ 80.086564873056247, 13.028301708419654 ], [ 80.086559699861894, 13.02971284206558 ], [ 80.087105688184693, 13.031018500213627 ], [ 80.088119723001441, 13.032019905665047 ], [ 80.089447427367105, 13.032564599247378 ], [ 80.090886664515125, 13.032569652843879 ], [ 80.093258324147897, 13.031524288963318 ], [ 80.094279642949687, 13.030530023816869 ], [ 80.094835147798818, 13.029228227712585 ], [ 80.094753570683537, 13.027472501331122 ], [ 80.094079656103233, 13.026225619528631 ], [ 80.092643725995089, 13.025173621478601 ] ] ], [ [ [ 80.092913233636736, 13.062440354848306 ], [ 80.091892608267116, 13.06279432971799 ], [ 80.091020739391411, 13.063423510226453 ], [ 80.090372710359119, 13.064273713490278 ], [ 80.089934327680652, 13.065441721332926 ], [ 80.08987732283309, 13.066501589480978 ], [ 80.090136607300636, 13.067532042283617 ], [ 80.090689855265524, 13.068444337189959 ], [ 80.091799288075336, 13.069343461847849 ], [ 80.092817329139848, 13.069704594728915 ], [ 80.093898470366284, 13.0697604655223 ], [ 80.095662491380594, 13.069120982731731 ], [ 80.096878513610974, 13.069210464428435 ], [ 80.099378352824303, 13.068774621159536 ], [ 80.1006502434564, 13.068113837453867 ], [ 80.101617363902406, 13.066956190341095 ], [ 80.102040092488281, 13.065607269651695 ], [ 80.101904079654531, 13.064202438775917 ], [ 80.101230040984774, 13.062955570241794 ], [ 80.100120598246562, 13.062056485260484 ], [ 80.099102575197918, 13.061695382288839 ], [ 80.098021466299926, 13.061639535446027 ], [ 80.095501697953026, 13.062085369908679 ], [ 80.094579376359988, 13.0625019226391 ], [ 80.092913233636736, 13.062440354848306 ] ] ], [ [ [ 80.075981951042991, 13.069565307830652 ], [ 80.074709995406394, 13.070225965222452 ], [ 80.073792750600589, 13.071313507552793 ], [ 80.073369859909917, 13.072662370682641 ], [ 80.073505711643378, 13.074067205329314 ], [ 80.07424963197461, 13.075404138666025 ], [ 80.075359029741023, 13.076303331564025 ], [ 80.076735007029029, 13.076717886615125 ], [ 80.078168076730293, 13.076584688669062 ], [ 80.079440058098456, 13.075924016128456 ], [ 80.08035729799083, 13.074836453614958 ], [ 80.080780156031835, 13.073487576986834 ], [ 80.080644262957932, 13.072082743381655 ], [ 80.079900315625082, 13.070745826489825 ], [ 80.078790923496541, 13.069846653272542 ], [ 80.07741497930418, 13.069432111264591 ], [ 80.075981951042991, 13.069565307830652 ] ] ], [ [ [ 80.093374116834838, 13.085423654786933 ], [ 80.09196324084968, 13.085143394504346 ], [ 80.090550349928236, 13.085413721976272 ], [ 80.089350535410503, 13.086193483367065 ], [ 80.08852645375147, 13.087403970510088 ], [ 80.088240522469619, 13.088786992041591 ], [ 80.088516279830543, 13.090171997474833 ], [ 80.089311752775188, 13.091348131216959 ], [ 80.090505841787319, 13.092136333840045 ], [ 80.091916754835182, 13.09241660443954 ], [ 80.093329685202463, 13.092146272146053 ], [ 80.094529518548654, 13.091366493674567 ], [ 80.095353586695197, 13.090155986669741 ], [ 80.095639480937436, 13.088772954906538 ], [ 80.09536368429201, 13.087387954434288 ], [ 80.094568192793929, 13.086211837945289 ], [ 80.093374116834838, 13.085423654786933 ] ] ], [ [ [ 80.084721649280993, 13.088679535094414 ], [ 80.082210447507705, 13.089243683705684 ], [ 80.080952805019038, 13.09008544500511 ], [ 80.079172609515183, 13.090504249468703 ], [ 80.078300609162753, 13.091133377141217 ], [ 80.077592459058806, 13.092083538219583 ], [ 80.077169545348156, 13.09343240445272 ], [ 80.077305421950129, 13.094837237067857 ], [ 80.077979411771338, 13.096084162810381 ], [ 80.079088911490487, 13.096983345318298 ], [ 80.080465008748675, 13.097397887874203 ], [ 80.081898198159038, 13.097264677228249 ], [ 80.083499988897813, 13.096301596969376 ], [ 80.086857480961399, 13.095495716104352 ], [ 80.087729477693074, 13.094866559295086 ], [ 80.088377602399177, 13.094016370496952 ], [ 80.088746039874692, 13.093018369280266 ], [ 80.088751226647247, 13.091607241665903 ], [ 80.088390140212482, 13.090606663249218 ], [ 80.087748298025375, 13.08975191489017 ], [ 80.08688097652005, 13.089116605220374 ], [ 80.085802868750946, 13.088735445019116 ], [ 80.084721649280993, 13.088679535094414 ] ] ], [ [ [ 80.090431413535541, 13.169315352210303 ], [ 80.089158960219137, 13.16997604464664 ], [ 80.088268702461846, 13.170979849493788 ], [ 80.087712795311234, 13.172281594263694 ], [ 80.087693702104772, 13.173598756919279 ], [ 80.086254792573001, 13.172543755625453 ], [ 80.084503441668289, 13.172273426483729 ], [ 80.082762059725596, 13.172694252722946 ], [ 80.08142872982036, 13.173869769628418 ], [ 80.080872779966185, 13.175171496488398 ], [ 80.080954235395865, 13.176927204169047 ], [ 80.081628439795949, 13.178174128535071 ], [ 80.083036397491924, 13.179212774014079 ], [ 80.081105237075036, 13.181873799732898 ], [ 80.080585548881885, 13.184881337489175 ], [ 80.080844884376489, 13.185911795933475 ], [ 80.081398331788179, 13.186824117711161 ], [ 80.082905101274079, 13.187916224319807 ], [ 80.084678384577359, 13.18818044749702 ], [ 80.085730033890286, 13.1879263177435 ], [ 80.08677669379243, 13.187282100106987 ], [ 80.087943611487404, 13.187240112845272 ], [ 80.088730650017226, 13.188398038743832 ], [ 80.089598308036244, 13.189033360481794 ], [ 80.090906830214635, 13.189504531807893 ], [ 80.091988492811069, 13.189560444277555 ], [ 80.093368141028307, 13.189155697771998 ], [ 80.094484686143829, 13.188264429381567 ], [ 80.095168141882624, 13.187022330760131 ], [ 80.095262606055314, 13.185267243468454 ], [ 80.094716288693874, 13.18396159291858 ], [ 80.093624653513018, 13.182914594057554 ], [ 80.093231356230021, 13.181696690176031 ], [ 80.092321784989835, 13.180602647533339 ], [ 80.090703158915687, 13.179845468898629 ], [ 80.088934637244606, 13.179919731297451 ], [ 80.088339302952804, 13.179141988086586 ], [ 80.08740013517388, 13.178473193715586 ], [ 80.088357964603986, 13.176942413986406 ], [ 80.088466336157467, 13.175281286439132 ], [ 80.089905271203861, 13.176336276766314 ], [ 80.090954961403483, 13.176597883478843 ], [ 80.09203695149256, 13.176549638604364 ], [ 80.09305805725451, 13.176195696875801 ], [ 80.093930338511555, 13.175566540511532 ], [ 80.09499760712967, 13.173897423937555 ], [ 80.096427010476717, 13.173859630841251 ], [ 80.097759431313477, 13.173324300413807 ], [ 80.098968673690621, 13.17202629821252 ], [ 80.099396718496692, 13.17058290662796 ], [ 80.100491123436328, 13.169983879099295 ], [ 80.101408652958483, 13.168896266163388 ], [ 80.101911588262311, 13.167127366145579 ], [ 80.101775559123539, 13.165722542557308 ], [ 80.10110127896651, 13.16447566553223 ], [ 80.099991406365817, 13.163576557545669 ], [ 80.098614908254149, 13.163162095288245 ], [ 80.097181336889605, 13.163295373977336 ], [ 80.09620061147443, 13.163745705019933 ], [ 80.095395510745817, 13.164455622281467 ], [ 80.094835368763512, 13.165363990022549 ], [ 80.094486575684599, 13.166846854018077 ], [ 80.092909695635512, 13.16775347699299 ], [ 80.092002439914921, 13.169202585917013 ], [ 80.090431413535541, 13.169315352210303 ] ] ], [ [ [ 80.085934303366528, 13.188402982702039 ], [ 80.084143124533071, 13.18831034964607 ], [ 80.082810595549518, 13.18884560147751 ], [ 80.082005372084382, 13.189555467461513 ], [ 80.081321844361725, 13.190797525937173 ], [ 80.081098987399571, 13.192026788492036 ], [ 80.081285416489735, 13.19330337210984 ], [ 80.080213526810624, 13.193143436723661 ], [ 80.079141495512985, 13.193295315622805 ], [ 80.077868887348473, 13.193955940690037 ], [ 80.077138520633369, 13.194739706870232 ], [ 80.07658249399374, 13.196041417734383 ], [ 80.076577190954055, 13.197692528834024 ], [ 80.0771234349248, 13.198998212387007 ], [ 80.078138068573779, 13.199999687072394 ], [ 80.079115571504317, 13.200456982962709 ], [ 80.080186468894794, 13.200616562175709 ], [ 80.081928054943091, 13.200195767599464 ], [ 80.083044690986426, 13.199304555807416 ], [ 80.083604960483015, 13.198396224070549 ], [ 80.083871991896231, 13.197367651267831 ], [ 80.083754637629042, 13.195796646765016 ], [ 80.084826542071696, 13.195956568207734 ], [ 80.085898583197491, 13.195804666074249 ], [ 80.087171182419823, 13.195144000415935 ], [ 80.087901520397665, 13.194360203633005 ], [ 80.088511934249453, 13.192707580775885 ], [ 80.088385970694134, 13.190822756248703 ], [ 80.087469426782135, 13.189312006630159 ], [ 80.085934303366528, 13.188402982702039 ] ] ], [ [ [ 80.094464292047434, 13.208202949722407 ], [ 80.093393348595555, 13.208043427583288 ], [ 80.091979745858296, 13.208313714621205 ], [ 80.090779311404773, 13.209093436639927 ], [ 80.090089020460823, 13.210023103890586 ], [ 80.0892019070277, 13.209366672688295 ], [ 80.087825180019351, 13.208952138509611 ], [ 80.086743047307891, 13.209000356139462 ], [ 80.085410407828206, 13.209535613687136 ], [ 80.084298266604335, 13.210649778138974 ], [ 80.083742235063056, 13.211951503089072 ], [ 80.083736970124903, 13.213362615532281 ], [ 80.084283282345041, 13.214668287012069 ], [ 80.085298007488973, 13.215669738257599 ], [ 80.08698480383444, 13.216267858964065 ], [ 80.088066968694235, 13.216219642420738 ], [ 80.089088247739269, 13.215865728680832 ], [ 80.089960685857847, 13.215236597555162 ], [ 80.090630989149844, 13.214376929420999 ], [ 80.09218567191499, 13.215307042114455 ], [ 80.093977053686146, 13.215399631697926 ], [ 80.095601453858919, 13.214653937695569 ], [ 80.096331828767447, 13.213870120049998 ], [ 80.096840054065666, 13.212907674155506 ], [ 80.098375765294975, 13.213817074796967 ], [ 80.100167141477797, 13.213909620484399 ], [ 80.101791515322162, 13.213163885238524 ], [ 80.102865267260754, 13.21175598550235 ], [ 80.103151306744707, 13.210372964664783 ], [ 80.102845375240037, 13.208827973918574 ], [ 80.102049493973354, 13.207651863924751 ], [ 80.100854830270805, 13.206863683280561 ], [ 80.099443258007554, 13.206583421112036 ], [ 80.098029668190364, 13.206853742573651 ], [ 80.09682925847801, 13.207633494765007 ], [ 80.095933017191825, 13.209052403125144 ], [ 80.094464292047434, 13.208202949722407 ] ] ], [ [ [ 80.077523181598139, 13.209380339420781 ], [ 80.076190523186753, 13.209915547477031 ], [ 80.075168346087565, 13.21090967361752 ], [ 80.074612266823735, 13.212211375478576 ], [ 80.074606949319701, 13.213622484257186 ], [ 80.075153212133372, 13.21492817206091 ], [ 80.076287898570953, 13.216079658084549 ], [ 80.077616533566513, 13.216624468519285 ], [ 80.079056837498399, 13.216629658769513 ], [ 80.080389528129757, 13.216094438041626 ], [ 80.081411708541069, 13.215100291462329 ], [ 80.081967760361294, 13.213798573169091 ], [ 80.081973035644964, 13.212387461475636 ], [ 80.081426740294347, 13.211081785968306 ], [ 80.080292049686591, 13.20993032223182 ], [ 80.078963443008334, 13.209385527405214 ], [ 80.077523181598139, 13.209380339420781 ] ] ], [ [ [ 80.087801372610244, 13.273184261168545 ], [ 80.086684397542953, 13.274075467874354 ], [ 80.086123946918832, 13.274983790534328 ], [ 80.085837712609575, 13.276366774327256 ], [ 80.08599277415405, 13.277417172812061 ], [ 80.086667246637305, 13.278664093930072 ], [ 80.087467443583336, 13.27937970793157 ], [ 80.088445273029578, 13.279836987097852 ], [ 80.089606523972378, 13.280016549288991 ], [ 80.090678934823984, 13.279864651761725 ], [ 80.091660147527833, 13.279414376579489 ], [ 80.092465657954364, 13.27870450244491 ], [ 80.093067082816788, 13.277685236589431 ], [ 80.094474757129191, 13.278117853782728 ], [ 80.095909004094423, 13.27798463476552 ], [ 80.097262021951408, 13.277273948568009 ], [ 80.098058552771974, 13.276383228771902 ], [ 80.098967719576223, 13.277063370421162 ], [ 80.099986611483615, 13.277424525349131 ], [ 80.101068665399509, 13.277480424094756 ], [ 80.102120691634511, 13.277226252241617 ], [ 80.103052086749855, 13.276683899564244 ], [ 80.103782637494135, 13.275900074670956 ], [ 80.104269428829838, 13.274892281650205 ], [ 80.10443226432379, 13.273843007216087 ], [ 80.104156279987151, 13.272458019367992 ], [ 80.103360205758165, 13.271281905640741 ], [ 80.102165240792445, 13.270493714900992 ], [ 80.100753304811263, 13.270213437792016 ], [ 80.099011236722177, 13.270634328355877 ], [ 80.097584966151544, 13.271959740544801 ], [ 80.096355322253316, 13.271133752888382 ], [ 80.094581426943449, 13.270869572730048 ], [ 80.093529422753079, 13.271123714817682 ], [ 80.092518031371796, 13.271716032215732 ], [ 80.09140294972174, 13.273234789500583 ], [ 80.089543473335056, 13.272763449757663 ], [ 80.087801372610244, 13.273184261168545 ] ] ], [ [ [ 80.079715582698569, 13.276983864461398 ], [ 80.078303643848628, 13.276703462287305 ], [ 80.076889628725027, 13.276973637432537 ], [ 80.075688799681387, 13.277753259267708 ], [ 80.074883967962649, 13.278923641216766 ], [ 80.074597664747259, 13.280306607498865 ], [ 80.074913482822325, 13.281871616647367 ], [ 80.075709445183136, 13.28304781171847 ], [ 80.076904375107404, 13.283836124292977 ], [ 80.078316352498604, 13.284116536663417 ], [ 80.07973040847682, 13.283846356343227 ], [ 80.080931257201428, 13.283066716926804 ], [ 80.081736076249513, 13.281896315233432 ], [ 80.082022342068228, 13.280513338573527 ], [ 80.08170647900414, 13.278948335216871 ], [ 80.080910498500387, 13.277772157508213 ], [ 80.079715582698569, 13.276983864461398 ] ] ], [ [ [ 80.085433819098498, 13.32694555787613 ], [ 80.082012891682865, 13.326970357685338 ], [ 80.080679582780618, 13.32750554308212 ], [ 80.079656898252125, 13.328499647196541 ], [ 80.079100531874104, 13.329801331058235 ], [ 80.079095191344905, 13.331212428630774 ], [ 80.079641698815408, 13.332518113724975 ], [ 80.080776860500904, 13.333659605933756 ], [ 80.082106128762078, 13.334204430428297 ], [ 80.085108453217742, 13.334130420234988 ], [ 80.086488942129861, 13.333725769011107 ], [ 80.087606205867687, 13.33283458499241 ], [ 80.088379500986491, 13.331248589940726 ], [ 80.088436651107514, 13.330188748138385 ], [ 80.088177171353038, 13.329158296871309 ], [ 80.087113368776087, 13.327742822761159 ], [ 80.085433819098498, 13.32694555787613 ] ] ], [ [ [ 80.088395272612303, 13.374273073176507 ], [ 80.086961494802054, 13.374129588871927 ], [ 80.085580772274909, 13.374534226653392 ], [ 80.084463299552056, 13.375425386007429 ], [ 80.083719198321901, 13.376757399283123 ], [ 80.083572622663837, 13.378161186798449 ], [ 80.083985895841749, 13.379513035404567 ], [ 80.084896108732536, 13.380607136484784 ], [ 80.086164692114679, 13.381276918884545 ], [ 80.087957283943894, 13.381369628138422 ], [ 80.089290883141885, 13.380834424707963 ], [ 80.090561268538096, 13.379446551705543 ], [ 80.090990386081955, 13.37799249963712 ], [ 80.091496047020371, 13.378804057873579 ], [ 80.092296568841107, 13.379519673174654 ], [ 80.094164494570521, 13.380147814455196 ], [ 80.09524738960242, 13.380099614682575 ], [ 80.096580968085121, 13.379564371271373 ], [ 80.09738681630806, 13.378854507323165 ], [ 80.097992602918723, 13.377824144525748 ], [ 80.09878689964512, 13.378393297559304 ], [ 80.099806205630117, 13.378754477350556 ], [ 80.10159942969986, 13.378674617001614 ], [ 80.102581035719822, 13.378224327174484 ], [ 80.103386862918427, 13.37751444263596 ], [ 80.104027512346221, 13.376496098922587 ], [ 80.104294704264888, 13.375467525858763 ], [ 80.104158624845681, 13.374062717932166 ], [ 80.103483827792004, 13.372815829912035 ], [ 80.1023730504578, 13.37191668588804 ], [ 80.100995397483331, 13.371502167967869 ], [ 80.099912540480148, 13.371550394895015 ], [ 80.098579013444038, 13.372085659473381 ], [ 80.097773192272356, 13.37279552924476 ], [ 80.097087417709133, 13.373935891505122 ], [ 80.095966018579603, 13.37321382007646 ], [ 80.094735493350072, 13.372922183694634 ], [ 80.093652630518321, 13.372970383338153 ], [ 80.09263068368999, 13.373324269159721 ], [ 80.091296237444951, 13.374499751618577 ], [ 80.090679629247475, 13.376257550570116 ], [ 80.089663834861483, 13.374942836845099 ], [ 80.088395272612303, 13.374273073176507 ] ] ], [ [ [ 80.111981396968474, 12.707263301514175 ], [ 80.110572582094363, 12.706983271639135 ], [ 80.109161852550997, 12.707253848452007 ], [ 80.107963970892854, 12.708033840120644 ], [ 80.107101299058144, 12.709294502778276 ], [ 80.10681604025919, 12.710677619129674 ], [ 80.107091630092015, 12.712062623807888 ], [ 80.107886120737589, 12.713238661371623 ], [ 80.109078562103008, 12.714026687148447 ], [ 80.110487413086773, 12.714306727280528 ], [ 80.111898181154714, 12.71403614604646 ], [ 80.113096081421389, 12.71325613802356 ], [ 80.113958739745414, 12.711995455161242 ], [ 80.114243962382133, 12.71061232879625 ], [ 80.113968334303664, 12.709227328935356 ], [ 80.113173825617565, 12.708051308214404 ], [ 80.111981396968474, 12.707263301514175 ] ] ], [ [ [ 80.100121551710373, 12.707933375825592 ], [ 80.098712750547961, 12.707653283592885 ], [ 80.097142011235377, 12.707923795525431 ], [ 80.095944093394124, 12.70870373020372 ], [ 80.095141367508333, 12.70987435341152 ], [ 80.094856044020148, 12.711257452454499 ], [ 80.095131568579873, 12.712642465199149 ], [ 80.095926003309287, 12.713818534983568 ], [ 80.097118406636355, 12.714606612233007 ], [ 80.098527243258459, 12.714886715250193 ], [ 80.10009802498476, 12.714616198029528 ], [ 80.101295960428857, 12.713836245938632 ], [ 80.102098673132602, 12.712665603385949 ], [ 80.102383960072601, 12.711282494166433 ], [ 80.102108396637817, 12.709897486275004 ], [ 80.101313943098006, 12.708721433577434 ], [ 80.100121551710373, 12.707933375825592 ] ] ], [ [ [ 80.107531686448468, 12.747482632090815 ], [ 80.105743630306662, 12.747390351651127 ], [ 80.104413549490417, 12.74792588968783 ], [ 80.103393489659013, 12.748920293887348 ], [ 80.102838745025963, 12.750222179397497 ], [ 80.102761955155714, 12.751412083456314 ], [ 80.10299632975709, 12.752373947116915 ], [ 80.102487769111036, 12.753388178414079 ], [ 80.102325413022669, 12.754437514674263 ], [ 80.102560364912605, 12.755907928863561 ], [ 80.103019296000014, 12.756868958359252 ], [ 80.103742679929823, 12.757657839408981 ], [ 80.105358710442886, 12.758414784505893 ], [ 80.106796388144289, 12.75841964714129 ], [ 80.10812652109496, 12.757884100840084 ], [ 80.10914660201621, 12.756889680198771 ], [ 80.109701332190056, 12.755587780922989 ], [ 80.109758093672895, 12.754527873463422 ], [ 80.109443686230591, 12.753146014775774 ], [ 80.110041280326129, 12.751787772975705 ], [ 80.10997955257946, 12.749902013197492 ], [ 80.109064304787935, 12.748391386539691 ], [ 80.107531686448468, 12.747482632090815 ] ] ], [ [ [ 80.109451748026231, 12.764292631570646 ], [ 80.108021443837075, 12.764149485661124 ], [ 80.106644202777773, 12.764554477918169 ], [ 80.105529689735491, 12.765445953760649 ], [ 80.104847576888531, 12.766688198052917 ], [ 80.104284183520718, 12.769213088230524 ], [ 80.104420162640679, 12.77061793953084 ], [ 80.105335452606852, 12.772128583241225 ], [ 80.106868204566865, 12.773037358074385 ], [ 80.108298557307606, 12.773180513398859 ], [ 80.109675843970152, 12.772775515689274 ], [ 80.110790377560377, 12.771884023997874 ], [ 80.11159247614934, 12.770451762111408 ], [ 80.112085808310042, 12.76831685357811 ], [ 80.111899784270648, 12.766712003748413 ], [ 80.110984471041192, 12.765201380891478 ], [ 80.109451748026231, 12.764292631570646 ] ] ], [ [ [ 80.108771880958216, 12.775693363821873 ], [ 80.107362697771023, 12.775413293476806 ], [ 80.105731584916072, 12.775763825470614 ], [ 80.10453335743621, 12.776543775544582 ], [ 80.103730433889282, 12.777714407241792 ], [ 80.10344505483387, 12.779097506594599 ], [ 80.103720674428274, 12.780482511425909 ], [ 80.104515340370241, 12.781658566264495 ], [ 80.105708075901774, 12.782446623787543 ], [ 80.10711729512083, 12.782726705281814 ], [ 80.108748451996064, 12.782376167734022 ], [ 80.109946696580749, 12.781596199821585 ], [ 80.110749606287271, 12.780425548464796 ], [ 80.111034948124683, 12.779042438818037 ], [ 80.110759289172648, 12.7776574389448 ], [ 80.109964604286645, 12.776481401476085 ], [ 80.108771880958216, 12.775693363821873 ] ] ], [ [ [ 80.099372216102068, 12.828432716786223 ], [ 80.097941562378651, 12.828289493249526 ], [ 80.096563953736336, 12.828694406684287 ], [ 80.095449110979786, 12.82958581451558 ], [ 80.094766756466342, 12.830828011981742 ], [ 80.094600775470042, 12.832321889241982 ], [ 80.095013403157225, 12.833673720839551 ], [ 80.095921827206439, 12.834767700504022 ], [ 80.097187750638767, 12.83543727574536 ], [ 80.098618443777895, 12.835580505967538 ], [ 80.099996088120733, 12.835175584248253 ], [ 80.101110942177158, 12.834284158077066 ], [ 80.101793277179908, 12.833041943011759 ], [ 80.101959216801603, 12.83154805849825 ], [ 80.101546553943024, 12.830196235352414 ], [ 80.100638119281811, 12.829102274227214 ], [ 80.099372216102068, 12.828432716786223 ] ] ], [ [ [ 80.109252400430179, 12.856393410815139 ], [ 80.107842773819087, 12.856113315136231 ], [ 80.106331204623473, 12.856403818984841 ], [ 80.105132580403577, 12.857183741998174 ], [ 80.104329378335024, 12.858354351729202 ], [ 80.104043881401253, 12.859737437579588 ], [ 80.104319561761315, 12.861122439438105 ], [ 80.105114457917068, 12.862298502275449 ], [ 80.106307558085661, 12.863086577525717 ], [ 80.107717220829898, 12.863366683751707 ], [ 80.109228831201008, 12.863076174699826 ], [ 80.110427473256138, 12.862296234319889 ], [ 80.111230662113485, 12.861125605230745 ], [ 80.111516122306313, 12.85974250922194 ], [ 80.111240402950642, 12.85835751229104 ], [ 80.110445488153033, 12.857181466610497 ], [ 80.109252400430179, 12.856393410815139 ] ] ], [ [ [ 80.108052300921358, 12.866952694052678 ], [ 80.106982797113744, 12.866793318926169 ], [ 80.105571165553485, 12.867063814392532 ], [ 80.104641370956344, 12.867606292828128 ], [ 80.103903000961537, 12.868405015918361 ], [ 80.102892375232273, 12.867922720536452 ], [ 80.101822872053859, 12.867763324315911 ], [ 80.100752260835279, 12.867915389452751 ], [ 80.099442740727355, 12.868575818112015 ], [ 80.098422144610439, 12.869570160523489 ], [ 80.097867068353523, 12.870872004545646 ], [ 80.097862023017925, 12.872283159639228 ], [ 80.098407785473654, 12.873588790844204 ], [ 80.099730915004031, 12.874773658275902 ], [ 80.101467119073135, 12.875206674288957 ], [ 80.10320636635096, 12.874785574233591 ], [ 80.104766663472191, 12.873532764091557 ], [ 80.105807664528854, 12.874037298137376 ], [ 80.106877197661987, 12.874196679939363 ], [ 80.10794783381364, 12.874044591367218 ], [ 80.108927366751729, 12.87359413047014 ], [ 80.109731437096471, 12.872884091901197 ], [ 80.110290798190476, 12.871975625521719 ], [ 80.110639776286433, 12.870067974251178 ], [ 80.110380555110382, 12.8690375343391 ], [ 80.109827623558573, 12.868125291687132 ], [ 80.109028601787784, 12.867409806513042 ], [ 80.108052300921358, 12.866952694052678 ] ] ], [ [ [ 80.110312520872327, 12.876903416864966 ], [ 80.108902779689771, 12.876623319734705 ], [ 80.1071635264572, 12.877044457337687 ], [ 80.105958492738878, 12.878035894340623 ], [ 80.105276040758511, 12.879278109370389 ], [ 80.105113579576454, 12.880327432879049 ], [ 80.105268589955514, 12.881377840711602 ], [ 80.105727726273599, 12.882338872167741 ], [ 80.106631108472328, 12.883259436019012 ], [ 80.105393510186659, 12.883644445763942 ], [ 80.104278440114413, 12.884535873438825 ], [ 80.103595960367826, 12.885778081781444 ], [ 80.103399973390168, 12.887401958756202 ], [ 80.103659179331743, 12.888432403518834 ], [ 80.104212127204434, 12.889344659254595 ], [ 80.105011199577135, 12.890060161602936 ], [ 80.105987580779868, 12.890517290111005 ], [ 80.107418592238503, 12.890660492672749 ], [ 80.10879653228119, 12.890255545285642 ], [ 80.109911614369537, 12.889364099362201 ], [ 80.110594075018255, 12.888121873486817 ], [ 80.110806517679364, 12.886852545114113 ], [ 80.11065148218286, 12.885802139260543 ], [ 80.110192321092711, 12.884841115045189 ], [ 80.109288919774798, 12.883920562365857 ], [ 80.110526514747221, 12.883535533917735 ], [ 80.111731559688693, 12.882544076853863 ], [ 80.112290937656368, 12.881635607793184 ], [ 80.112576422947441, 12.880252513898975 ], [ 80.1124213821994, 12.879202108354967 ], [ 80.111962224467021, 12.878241087109435 ], [ 80.111238494766525, 12.877452211402916 ], [ 80.110312520872327, 12.876903416864966 ] ] ], [ [ [ 80.111112394226168, 12.892672692579938 ], [ 80.109323313675702, 12.892580369910936 ], [ 80.107992455638623, 12.893115870432004 ], [ 80.106971784985419, 12.894110240001952 ], [ 80.106185808390137, 12.895898107467762 ], [ 80.10603982927843, 12.897301986301526 ], [ 80.106452601797145, 12.898653804373268 ], [ 80.107361292735519, 12.899747757791966 ], [ 80.108627564485062, 12.900417298040109 ], [ 80.110416699950775, 12.90050962903153 ], [ 80.111747593817697, 12.899974118691379 ], [ 80.112768272215604, 12.898979731249032 ], [ 80.113554214514807, 12.897191841999566 ], [ 80.1137001519065, 12.895787956222135 ], [ 80.113287343354415, 12.894436147060112 ], [ 80.112378642876337, 12.893342213357457 ], [ 80.111112394226168, 12.892672692579938 ] ] ], [ [ [ 80.103232055137013, 12.913963696946425 ], [ 80.102428645599673, 12.915134283351431 ], [ 80.102143052708882, 12.916517356293012 ], [ 80.102418763270293, 12.917902357633864 ], [ 80.103481054615699, 12.919317704035317 ], [ 80.104747409742231, 12.919987267871194 ], [ 80.107018598669256, 12.920240487484495 ], [ 80.108396704455515, 12.919835553742926 ], [ 80.10951192605215, 12.918944120165065 ], [ 80.110194478730108, 12.917701903465579 ], [ 80.110340454383078, 12.916298023729921 ], [ 80.10992763804343, 12.914946210338398 ], [ 80.109018884928574, 12.913852262776945 ], [ 80.10775254681144, 12.91318272061487 ], [ 80.105842860945813, 12.912913332773201 ], [ 80.104430966737979, 12.913183804106842 ], [ 80.103232055137013, 12.913963696946425 ] ] ], [ [ [ 80.10782298253703, 12.942403473265943 ], [ 80.106412882820109, 12.942123340285127 ], [ 80.105000822658084, 12.942393803399558 ], [ 80.103801767017686, 12.943173688114038 ], [ 80.102998257276255, 12.944344267734305 ], [ 80.102712623280212, 12.945727336273457 ], [ 80.102988358113194, 12.947112336267914 ], [ 80.103783492043419, 12.948288412962009 ], [ 80.10497697711503, 12.949076515653765 ], [ 80.106387113270173, 12.949356658700905 ], [ 80.107799212160685, 12.949086190680633 ], [ 80.108998286133186, 12.948306288961907 ], [ 80.10980178307166, 12.947135690199859 ], [ 80.11008738062948, 12.945752611594381 ], [ 80.109811607068011, 12.944367616505767 ], [ 80.109016454805669, 12.943191556815911 ], [ 80.10782298253703, 12.942403473265943 ] ] ], [ [ [ 80.101213920560582, 13.071323595807913 ], [ 80.099803111897899, 13.071043382706366 ], [ 80.098390307923026, 13.071313759163919 ], [ 80.097140586911152, 13.072133563401515 ], [ 80.096336590830745, 13.073304081735705 ], [ 80.096050724103137, 13.074687117320549 ], [ 80.096326515329054, 13.07607211773063 ], [ 80.097121986281934, 13.07724822813471 ], [ 80.098316037739465, 13.078036392660215 ], [ 80.099726883385813, 13.078316616209012 ], [ 80.101139726773312, 13.078046235081477 ], [ 80.102389466975126, 13.077226412941213 ], [ 80.103193449742463, 13.076055875087526 ], [ 80.103479279299819, 13.07467282925813 ], [ 80.10320344867462, 13.073287833844596 ], [ 80.102407959063186, 13.072111740765955 ], [ 80.101213920560582, 13.071323595807913 ] ] ], [ [ [ 80.095673178911639, 13.077623388675473 ], [ 80.094260334034303, 13.077893739672827 ], [ 80.093060567982945, 13.078673521900789 ], [ 80.092256530241698, 13.079844024307251 ], [ 80.091970631070126, 13.081227052705731 ], [ 80.092246404011533, 13.082612055768285 ], [ 80.093071873240987, 13.083848178532927 ], [ 80.094265940900101, 13.084636362625693 ], [ 80.09567681749823, 13.084916610313686 ], [ 80.09708970187225, 13.084646254218901 ], [ 80.098289486689836, 13.083866454681274 ], [ 80.099093511568469, 13.082695932839322 ], [ 80.099379373817342, 13.08131289422788 ], [ 80.099103561490267, 13.079927896143088 ], [ 80.098278072616054, 13.078691791183717 ], [ 80.097084018278579, 13.077903626324535 ], [ 80.095673178911639, 13.077623388675473 ] ] ], [ [ [ 80.098662983428241, 13.150910372835227 ], [ 80.097330688659653, 13.151445716834969 ], [ 80.096308850055692, 13.152439953172474 ], [ 80.095753032622724, 13.153741722687855 ], [ 80.095747860404515, 13.155152846254174 ], [ 80.096294129797286, 13.156458493713224 ], [ 80.097378683129008, 13.157539890014437 ], [ 80.098707064961204, 13.158084575982148 ], [ 80.100147034788776, 13.158089625431153 ], [ 80.101479361282557, 13.157554269017989 ], [ 80.102501203001538, 13.156560012522457 ], [ 80.103056993153515, 13.15525822679602 ], [ 80.103062123610272, 13.153847100394337 ], [ 80.102515822279344, 13.152541465128518 ], [ 80.101431265471476, 13.151460090069518 ], [ 80.100102911367543, 13.150915419829586 ], [ 80.098662983428241, 13.150910372835227 ] ] ], [ [ [ 80.09678125882931, 13.188285372403636 ], [ 80.095508718929892, 13.188946090132765 ], [ 80.094591084076455, 13.190033673772174 ], [ 80.094168056965472, 13.191382552930918 ], [ 80.09430404675588, 13.192787375897057 ], [ 80.094978359191686, 13.194034270867347 ], [ 80.096208342486491, 13.195043406973927 ], [ 80.097585010341291, 13.195457892378908 ], [ 80.099018770109737, 13.19532462383463 ], [ 80.100291335905013, 13.194663890513148 ], [ 80.101208965573207, 13.193576286330815 ], [ 80.101631959429881, 13.192227393526611 ], [ 80.101495927616028, 13.190822571711731 ], [ 80.100821588697315, 13.189575692026938 ], [ 80.099591610824149, 13.188566578188603 ], [ 80.098214976657331, 13.188152105616465 ], [ 80.09678125882931, 13.188285372403636 ] ] ], [ [ [ 80.110864681732892, 13.204433617338584 ], [ 80.109453108155321, 13.204153410490173 ], [ 80.108039539827914, 13.204423788890356 ], [ 80.10683917114217, 13.205203590976339 ], [ 80.106034743299944, 13.206374102716079 ], [ 80.105708723480504, 13.207927127799072 ], [ 80.105984668228558, 13.209312116799401 ], [ 80.106780574004702, 13.2104882159501 ], [ 80.107975275421296, 13.211276371047548 ], [ 80.109386887168966, 13.211556588389442 ], [ 80.110800496074404, 13.211286205209525 ], [ 80.112000884418279, 13.210506385996014 ], [ 80.112805299908644, 13.209335854926193 ], [ 80.113131277917788, 13.2077828182374 ], [ 80.112855293510947, 13.206397834329108 ], [ 80.112059369354924, 13.205221752696533 ], [ 80.110864681732892, 13.204433617338584 ] ] ], [ [ [ 80.10599999844824, 13.267943758036694 ], [ 80.105557793974, 13.26964706660711 ], [ 80.105712938752845, 13.270697458795468 ], [ 80.10617269626762, 13.271658507545617 ], [ 80.10689747525501, 13.272447446676493 ], [ 80.107824858910263, 13.272996331404322 ], [ 80.109888794250097, 13.273280421060083 ], [ 80.110940795346181, 13.273026210961325 ], [ 80.112141498796603, 13.27224641390943 ], [ 80.112790051662145, 13.271396199606135 ], [ 80.113173597019298, 13.270302210085326 ], [ 80.115317472648712, 13.270399587332859 ], [ 80.116942192717175, 13.26965377976345 ], [ 80.118016130822568, 13.26824583261045 ], [ 80.118285672192272, 13.266508251157022 ], [ 80.117872355123566, 13.26515644662223 ], [ 80.116962383431044, 13.2640624719703 ], [ 80.115694294453391, 13.26339287077721 ], [ 80.113951143335299, 13.263259579671315 ], [ 80.112899187246313, 13.26351380523819 ], [ 80.111698530697055, 13.264293609244284 ], [ 80.11104999468337, 13.265143822185394 ], [ 80.110666449643304, 13.266237808857385 ], [ 80.109263174622242, 13.266043428168624 ], [ 80.107849244664365, 13.266313781554208 ], [ 80.106917900074777, 13.266856155392921 ], [ 80.10599999844824, 13.267943758036694 ] ] ], [ [ [ 80.106431245547483, 13.283509580186507 ], [ 80.105379195119966, 13.283763768293388 ], [ 80.10444777656717, 13.28430612779939 ], [ 80.10371720089941, 13.285089952628475 ], [ 80.103250384907099, 13.286047742241678 ], [ 80.10308753277414, 13.287097014088216 ], [ 80.10324267294466, 13.288147406391968 ], [ 80.103702448746532, 13.289108459773312 ], [ 80.104427267345855, 13.289897407650821 ], [ 80.105354708527955, 13.29044630448495 ], [ 80.106404900055892, 13.29070787783558 ], [ 80.107487396761528, 13.290659600044389 ], [ 80.108753612363927, 13.290163174710626 ], [ 80.110007744414162, 13.291253445591234 ], [ 80.111746839699876, 13.291686568049805 ], [ 80.113160915488862, 13.291416202545186 ], [ 80.114606012019621, 13.2903742747847 ], [ 80.115289688552011, 13.289132143737403 ], [ 80.115435994711163, 13.287728313153792 ], [ 80.115022665483309, 13.28637650495325 ], [ 80.114112634397642, 13.285282517759157 ], [ 80.113185190276823, 13.284733652621235 ], [ 80.112135014922842, 13.284472108296669 ], [ 80.111052545354269, 13.284520407672726 ], [ 80.109786363699214, 13.285016846806421 ], [ 80.109132678260153, 13.284322566593097 ], [ 80.108205250030849, 13.28377368420303 ], [ 80.106431245547483, 13.283509580186507 ] ] ], [ [ [ 80.097504691674089, 13.290352979384172 ], [ 80.096071396297518, 13.290209576981429 ], [ 80.094691171206762, 13.290614298526641 ], [ 80.093504135300492, 13.291565529968617 ], [ 80.09282034412297, 13.292807594756948 ], [ 80.092673903749485, 13.29421140332248 ], [ 80.09308711717199, 13.295563239990402 ], [ 80.093997084308455, 13.296657297972025 ], [ 80.095265273331719, 13.297327012700899 ], [ 80.096698609464468, 13.297470422213566 ], [ 80.098078871497052, 13.297065692259476 ], [ 80.099265919182926, 13.296114440443793 ], [ 80.099949689094856, 13.294872357138296 ], [ 80.100096088535707, 13.293468541801658 ], [ 80.099682838292239, 13.292116714042638 ], [ 80.098772859878665, 13.291022675469847 ], [ 80.097504691674089, 13.290352979384172 ] ] ], [ [ [ 80.094137493612465, 13.330616022570272 ], [ 80.093063125814666, 13.332023835895795 ], [ 80.092795947101379, 13.333052400603062 ], [ 80.092845173522193, 13.33411262469607 ], [ 80.093606600612787, 13.335704123117967 ], [ 80.095044258178561, 13.336756208428501 ], [ 80.096156319085893, 13.337134482862187 ], [ 80.097597340957719, 13.337139614202011 ], [ 80.098930672822149, 13.336604341285733 ], [ 80.099858251739064, 13.335734735418255 ], [ 80.100526644800695, 13.336964204214622 ], [ 80.101327065366178, 13.337679786209874 ], [ 80.102656408238431, 13.338224507176943 ], [ 80.103738732568218, 13.338280411484366 ], [ 80.10557076638203, 13.337624293381181 ], [ 80.106376442904477, 13.336914388032273 ], [ 80.10693697882293, 13.336006029348654 ], [ 80.107223187593718, 13.334623025012505 ], [ 80.106947141179788, 13.3332380413639 ], [ 80.106150873807906, 13.33206192849514 ], [ 80.104955614053978, 13.331273735122387 ], [ 80.103543326499434, 13.330993452271317 ], [ 80.102470692961489, 13.331145389614608 ], [ 80.101349284100451, 13.331665691656694 ], [ 80.100421726635346, 13.332535304576584 ], [ 80.099510927127511, 13.331042000615289 ], [ 80.098642762026344, 13.33040668550802 ], [ 80.097554904769083, 13.32996300101353 ], [ 80.095762682909708, 13.329870383367544 ], [ 80.094137493612465, 13.330616022570272 ] ] ], [ [ [ 80.108285889059331, 13.334372622272269 ], [ 80.108421985341934, 13.335777432423953 ], [ 80.109096718188482, 13.3370243059972 ], [ 80.110534456003279, 13.338076308121538 ], [ 80.111946794765032, 13.338356554986635 ], [ 80.113361144751423, 13.33808620633833 ], [ 80.114806530429007, 13.337044298509014 ], [ 80.115490352487896, 13.335802179556451 ], [ 80.115723190542056, 13.334252900917736 ], [ 80.115447095404789, 13.332867923470406 ], [ 80.114650786283931, 13.331691834745804 ], [ 80.113455498105509, 13.330903679782212 ], [ 80.112043199772685, 13.330623443760128 ], [ 80.110628892741261, 13.33089378784492 ], [ 80.109427883777016, 13.331673555715833 ], [ 80.108623011522894, 13.332844038590075 ], [ 80.108285889059331, 13.334372622272269 ] ] ], [ [ [ 80.119831047267709, 12.655102521376978 ], [ 80.118401340096369, 12.654959470254942 ], [ 80.117024711858008, 12.655364559711625 ], [ 80.115910734214879, 12.65625612035366 ], [ 80.115228997859674, 12.657498424100663 ], [ 80.11508329522124, 12.658902345245242 ], [ 80.11549581652136, 12.66025415091514 ], [ 80.116403766644027, 12.661348039146707 ], [ 80.117668920720263, 12.662017471424452 ], [ 80.119098666258438, 12.662160528973873 ], [ 80.120475329141101, 12.661755431185933 ], [ 80.121589317411818, 12.660863852334337 ], [ 80.122271034152405, 12.65962153116638 ], [ 80.12241669842399, 12.658217603594416 ], [ 80.122004142479582, 12.656865806255777 ], [ 80.121096181729328, 12.655771936233768 ], [ 80.119831047267709, 12.655102521376978 ] ] ], [ [ [ 80.130870934510043, 12.661522470208306 ], [ 80.129441181639137, 12.661379475697871 ], [ 80.128064531813507, 12.661784620935498 ], [ 80.126950559982262, 12.66267622804312 ], [ 80.12626885596012, 12.663918561870053 ], [ 80.126123207262751, 12.665322492127229 ], [ 80.126545794913355, 12.666754284598531 ], [ 80.127453815833832, 12.667848139209921 ], [ 80.128719033223433, 12.668517522622571 ], [ 80.130148824942324, 12.668660523503505 ], [ 80.131525509836109, 12.668255369877825 ], [ 80.132639492597718, 12.667363744527494 ], [ 80.133321177154485, 12.666121393282506 ], [ 80.133466787476536, 12.664717456631905 ], [ 80.133044163044019, 12.66328567263885 ], [ 80.132136131832453, 12.662191836234564 ], [ 80.130870934510043, 12.661522470208306 ] ] ], [ [ [ 80.126931200652677, 12.706233207942748 ], [ 80.125522369590726, 12.705953256742644 ], [ 80.123911658611249, 12.706283913608781 ], [ 80.122713822144121, 12.707063975210506 ], [ 80.121911218929043, 12.708234688065582 ], [ 80.121626040750201, 12.709617825824424 ], [ 80.121901711142428, 12.7110028204425 ], [ 80.122696270017485, 12.712178818000911 ], [ 80.123888756885037, 12.712966779914083 ], [ 80.125297623706672, 12.71324674205092 ], [ 80.126908377948055, 12.712916079682904 ], [ 80.128106231528747, 12.712136000428879 ], [ 80.128908821097909, 12.710965268113654 ], [ 80.129193962395831, 12.709582120190408 ], [ 80.128918252990587, 12.708197130529436 ], [ 80.128123675366339, 12.707021150204479 ], [ 80.126931200652677, 12.706233207942748 ] ] ], [ [ [ 80.1280033369992, 12.736030389816428 ], [ 80.126623356609272, 12.736596046820672 ], [ 80.12545902624143, 12.737825245294747 ], [ 80.124382417652271, 12.737663266486456 ], [ 80.12331236793392, 12.73781546169057 ], [ 80.122042256363798, 12.738476484560486 ], [ 80.12131344411813, 12.739260497781238 ], [ 80.120698811253519, 12.740692428314942 ], [ 80.120693945005442, 12.742103606124957 ], [ 80.121239593917039, 12.743409192032976 ], [ 80.122252694467846, 12.744410419890142 ], [ 80.123579011918793, 12.744954857658383 ], [ 80.125016620779093, 12.744959616251926 ], [ 80.126637794524314, 12.744213498243184 ], [ 80.127581464799846, 12.743068183056947 ], [ 80.129008839747115, 12.743210510609536 ], [ 80.130718573993619, 12.742610357062386 ], [ 80.132168884462928, 12.742760509409862 ], [ 80.133545973760747, 12.742355373166355 ], [ 80.134660290238173, 12.741463764668715 ], [ 80.135342187007481, 12.740221427206123 ], [ 80.135497854889778, 12.738757498992975 ], [ 80.135048381164395, 12.737345078407911 ], [ 80.135982412247643, 12.738054022581412 ], [ 80.136999220848111, 12.738414909728743 ], [ 80.138198968306995, 12.738470507710833 ], [ 80.139248660387992, 12.738216027643384 ], [ 80.140177896475052, 12.737673386254876 ], [ 80.141093556943176, 12.736585485623902 ], [ 80.141461171345696, 12.735587335756705 ], [ 80.141517791155138, 12.734527411035558 ], [ 80.141105036373219, 12.73317563653351 ], [ 80.140196740769042, 12.732081815179452 ], [ 80.138931186413629, 12.731412467384764 ], [ 80.13738103989553, 12.731269491445412 ], [ 80.135693278857772, 12.731856111067726 ], [ 80.134486489465473, 12.73315447579421 ], [ 80.134045664468573, 12.734857974892645 ], [ 80.134511667479003, 12.736624957721913 ], [ 80.133577645798781, 12.735916008882693 ], [ 80.132203378988805, 12.735501858278591 ], [ 80.130772271625602, 12.735635484952059 ], [ 80.129755328164677, 12.736113536307657 ], [ 80.1280033369992, 12.736030389816428 ] ] ], [ [ [ 80.122981853669202, 12.799443289596852 ], [ 80.121572519661754, 12.799163286028511 ], [ 80.120161280480602, 12.799433886901694 ], [ 80.118962976207769, 12.800213896739956 ], [ 80.118160033883484, 12.801384569759437 ], [ 80.117874696941143, 12.802767685705323 ], [ 80.118150413147887, 12.804152679868508 ], [ 80.118945215505491, 12.805328698389806 ], [ 80.120138106485143, 12.806116699464162 ], [ 80.121547476503096, 12.806396712968366 ], [ 80.122958753941333, 12.806126107229634 ], [ 80.124157076307341, 12.805346080574585 ], [ 80.12496000596218, 12.804175388638125 ], [ 80.125245306894016, 12.802792262756379 ], [ 80.124969552430187, 12.801407273458743 ], [ 80.124174731979409, 12.800231271754232 ], [ 80.122981853669202, 12.799443289596852 ] ] ], [ [ [ 80.125461757017732, 12.807212574691672 ], [ 80.124031197883028, 12.80706949967492 ], [ 80.122553740544745, 12.807484560092275 ], [ 80.121439080127033, 12.808376091617577 ], [ 80.120756912674054, 12.809618370615683 ], [ 80.120611096309815, 12.811022275187963 ], [ 80.121023838680358, 12.812374074991848 ], [ 80.121932311105468, 12.813467968925266 ], [ 80.12319820921978, 12.814137417553431 ], [ 80.124628807194171, 12.814280499571673 ], [ 80.126106302269903, 12.813865430062737 ], [ 80.127220973034852, 12.812973879641834 ], [ 80.127903120073043, 12.811731582740371 ], [ 80.128048897001179, 12.810327671617276 ], [ 80.127636119031834, 12.808975880412325 ], [ 80.126727635468228, 12.807882005243489 ], [ 80.125461757017732, 12.807212574691672 ] ] ], [ [ [ 80.130611922065611, 12.825023257551941 ], [ 80.129202436565947, 12.824743285645246 ], [ 80.127721059346953, 12.825043917906854 ], [ 80.126522649649786, 12.825823954329966 ], [ 80.125616553982567, 12.827274401270392 ], [ 80.124728057216004, 12.826439640323661 ], [ 80.123401323203794, 12.825895183866518 ], [ 80.121963256995301, 12.82589038675526 ], [ 80.120943649662564, 12.826244547054642 ], [ 80.119698897385589, 12.827226063402412 ], [ 80.119016664714934, 12.828468332280949 ], [ 80.118870820870868, 12.829872232572789 ], [ 80.119283577696365, 12.831224034589454 ], [ 80.120481890414254, 12.832530338545679 ], [ 80.121458088137672, 12.832987398758295 ], [ 80.122527463454375, 12.833146706584891 ], [ 80.123597918890866, 12.832994541756829 ], [ 80.124707264755543, 12.832454007959218 ], [ 80.125511155307223, 12.831743907464606 ], [ 80.126173459733366, 12.830555638909498 ], [ 80.127061975130175, 12.831390395952742 ], [ 80.128388746260583, 12.831934836077084 ], [ 80.129826849273286, 12.831939600261132 ], [ 80.130916470691673, 12.831555405930461 ], [ 80.13178740344776, 12.830926022239716 ], [ 80.132434642958302, 12.83007565285801 ], [ 80.132875686332042, 12.828372179882715 ], [ 80.132720577755123, 12.827321778844018 ], [ 80.132261421465586, 12.826360790468978 ], [ 80.131537762339661, 12.825571973169415 ], [ 80.130611922065611, 12.825023257551941 ] ] ], [ [ [ 80.115081990353957, 12.825432636360194 ], [ 80.113651338728673, 12.825289498799737 ], [ 80.112273766219047, 12.82569449737011 ], [ 80.111158988136978, 12.82658597654361 ], [ 80.11047671700527, 12.827828220698555 ], [ 80.110330826733133, 12.829232113249818 ], [ 80.110743536230004, 12.83058392569299 ], [ 80.111652021835752, 12.831677855004195 ], [ 80.112917977188431, 12.832347356358088 ], [ 80.114348667743812, 12.83249050041403 ], [ 80.115726275392035, 12.832085493378379 ], [ 80.116841064237519, 12.831193995737683 ], [ 80.117523315452374, 12.829951733931464 ], [ 80.117669166794414, 12.828547834884715 ], [ 80.117256422158931, 12.827196030906828 ], [ 80.116347925789782, 12.826102120062808 ], [ 80.115081990353957, 12.825432636360194 ] ] ], [ [ [ 80.124791948990506, 12.842482596921542 ], [ 80.123361192561362, 12.842339505785112 ], [ 80.121863538818886, 12.842784549008547 ], [ 80.120748712402303, 12.843676065015391 ], [ 80.120066434899641, 12.844918332541644 ], [ 80.11992058120272, 12.846322231445411 ], [ 80.120333364666536, 12.847674032249973 ], [ 80.121241950376913, 12.848767933694718 ], [ 80.12250801672775, 12.849437395189698 ], [ 80.123938812263646, 12.849580493461159 ], [ 80.125436504209105, 12.849135440991617 ], [ 80.126551340794762, 12.848243905934389 ], [ 80.127233597631943, 12.84700162039049 ], [ 80.127379411635303, 12.845597714899982 ], [ 80.126966592398375, 12.844245922747987 ], [ 80.126057995529109, 12.843152040190454 ], [ 80.124791948990506, 12.842482596921542 ] ] ], [ [ [ 80.12612313615891, 12.859150397050929 ], [ 80.124792489231282, 12.859685998007359 ], [ 80.123772024596732, 12.860680448615284 ], [ 80.123217098110018, 12.861982356995254 ], [ 80.123212198039951, 12.863393522795954 ], [ 80.123633158982301, 12.864544058454115 ], [ 80.124288746973122, 12.865411366057637 ], [ 80.124072740752268, 12.866303273066301 ], [ 80.124122142071926, 12.867363531644626 ], [ 80.124882542827223, 12.868954915412072 ], [ 80.12631777010219, 12.870006698975104 ], [ 80.127366240655419, 12.870268083542117 ], [ 80.128446900874494, 12.870219599393938 ], [ 80.130068891568229, 12.869473518269528 ], [ 80.131140880457053, 12.868065359486375 ], [ 80.131409712954522, 12.866327678059427 ], [ 80.131150408410576, 12.865297253163497 ], [ 80.130625663759787, 12.864422697492785 ], [ 80.131968138181193, 12.864284515680707 ], [ 80.132947595209103, 12.863833959477466 ], [ 80.134311571221033, 12.862723834382287 ], [ 80.135015920573409, 12.861396238478573 ], [ 80.136387737602135, 12.860555993461761 ], [ 80.137313813658054, 12.859051497564558 ], [ 80.137407704200498, 12.857296324219172 ], [ 80.136861764104793, 12.855990761793622 ], [ 80.135848186021903, 12.854989566064871 ], [ 80.134381280323595, 12.854375156281217 ], [ 80.132943047993436, 12.854370408871043 ], [ 80.131923335704315, 12.854724604632874 ], [ 80.131052317346231, 12.855353982423829 ], [ 80.130405003055301, 12.856204342344624 ], [ 80.130070361707951, 12.857074162817799 ], [ 80.128581172029826, 12.858016491890165 ], [ 80.127631722055881, 12.859172717000012 ], [ 80.12612313615891, 12.859150397050929 ] ] ], [ [ [ 80.116572169426448, 12.863662649482674 ], [ 80.115141301536411, 12.86351950629038 ], [ 80.113763518416107, 12.863924498065989 ], [ 80.112648567417892, 12.864815970324225 ], [ 80.111966187384695, 12.866058208509072 ], [ 80.111830266045118, 12.867652096910458 ], [ 80.112243032492202, 12.869003907727626 ], [ 80.113151651769016, 12.870097838150162 ], [ 80.114417797168272, 12.870767343170549 ], [ 80.115848705196498, 12.870910492879641 ], [ 80.11722652460756, 12.870505492621531 ], [ 80.118341487243725, 12.869614001858961 ], [ 80.119023847814205, 12.868371745997283 ], [ 80.119159724668819, 12.866777851023466 ], [ 80.11874692327298, 12.865426048697088 ], [ 80.117838293884603, 12.864332136798428 ], [ 80.116572169426448, 12.863662649482674 ] ] ], [ [ [ 80.117482870786702, 12.944413413453752 ], [ 80.1160727456123, 12.944133331324718 ], [ 80.114660680872277, 12.944403846653755 ], [ 80.113461642231599, 12.945183777002798 ], [ 80.112658168485339, 12.946354388733326 ], [ 80.112322577882125, 12.948157469861824 ], [ 80.112598368246935, 12.949542463067482 ], [ 80.113393556174387, 12.950718513663105 ], [ 80.114587085482327, 12.951506574916655 ], [ 80.115997249371205, 12.951786667496126 ], [ 80.117409355266219, 12.95151614766762 ], [ 80.118608414448516, 12.950736200693795 ], [ 80.119411877059505, 12.949565570122752 ], [ 80.119747419860474, 12.947762476890794 ], [ 80.11947159079871, 12.946377488641113 ], [ 80.118676385520828, 12.945201455250739 ], [ 80.117482870786702, 12.944413413453752 ] ] ], [ [ [ 80.129693125697358, 13.079862699749048 ], [ 80.128261017113033, 13.079719551527397 ], [ 80.127055543638122, 13.080036422785506 ], [ 80.125742724921011, 13.080050416063269 ], [ 80.124119315895641, 13.080796370630251 ], [ 80.123389445785378, 13.081580306011924 ], [ 80.122923142132763, 13.082538175752799 ], [ 80.122760564962846, 13.083587490374285 ], [ 80.122970539038946, 13.084789729532483 ], [ 80.121699919986398, 13.085053863898677 ], [ 80.120769314218961, 13.085596340952417 ], [ 80.119889418708766, 13.086520263219873 ], [ 80.119423091411022, 13.087478124830703 ], [ 80.11932888205034, 13.089233247542994 ], [ 80.120089832302611, 13.090824659738788 ], [ 80.121526249499851, 13.091876532089922 ], [ 80.123092317979939, 13.092149694114864 ], [ 80.121996153320012, 13.093574395135281 ], [ 80.121729419346238, 13.094603033170864 ], [ 80.121778791522701, 13.095663276080646 ], [ 80.122539774999268, 13.097254682514999 ], [ 80.123339529007765, 13.09797016343672 ], [ 80.124316735819065, 13.098427270312468 ], [ 80.126107298659065, 13.098519583201618 ], [ 80.127439248233244, 13.09798406592353 ], [ 80.128540730410052, 13.096939678583883 ], [ 80.129096232387582, 13.095637813459163 ], [ 80.129014421982646, 13.093882089851645 ], [ 80.128340171678133, 13.09263528106619 ], [ 80.126903718890091, 13.091583444610976 ], [ 80.125317499352107, 13.09131120750795 ], [ 80.126160632143453, 13.090419701532189 ], [ 80.126626940495342, 13.089461826665159 ], [ 80.126789506950431, 13.088412509289629 ], [ 80.126587890759566, 13.08723347846059 ], [ 80.127034958637594, 13.0871983041087 ], [ 80.127929672564875, 13.088040211066591 ], [ 80.129257768990698, 13.088584722784253 ], [ 80.130697346176461, 13.088589575662919 ], [ 80.131818905496019, 13.088176646263197 ], [ 80.133229641427832, 13.08950376270146 ], [ 80.134357835823764, 13.089904741215761 ], [ 80.135439085681739, 13.089960444205113 ], [ 80.136490271664925, 13.089706074931511 ], [ 80.137720716171444, 13.088893060285555 ], [ 80.139158135589682, 13.088485407615295 ], [ 80.140029985479586, 13.087856063647882 ], [ 80.140705914438882, 13.086948215209793 ], [ 80.142457958184096, 13.087824772331334 ], [ 80.143599203895633, 13.087890440909321 ], [ 80.144650374739811, 13.087636037290999 ], [ 80.146094096925637, 13.086593832918508 ], [ 80.146776987330654, 13.0853515533622 ], [ 80.146922918735683, 13.083947664122523 ], [ 80.14650968303647, 13.082595896013878 ], [ 80.145600199383821, 13.081502041576249 ], [ 80.144332930768158, 13.080832626140873 ], [ 80.143202489315385, 13.080663343132613 ], [ 80.141789661504291, 13.080933956317097 ], [ 80.140590014871393, 13.081713967778011 ], [ 80.139921597782305, 13.082606414857443 ], [ 80.13849301563458, 13.081792656199198 ], [ 80.137060887729533, 13.081649555794581 ], [ 80.13568190753368, 13.082054582694736 ], [ 80.134783240154121, 13.082712731260511 ], [ 80.133183766258995, 13.08316430942957 ], [ 80.132034726399326, 13.081978718555664 ], [ 80.131227779786045, 13.080771437237459 ], [ 80.129693125697358, 13.079862699749048 ] ] ], [ [ [ 80.114404328673416, 13.158603566006164 ], [ 80.112993009123599, 13.158323394099476 ], [ 80.111579709896631, 13.15859380996443 ], [ 80.110299584743601, 13.159433645545173 ], [ 80.109495336683551, 13.160604182856158 ], [ 80.109209408856884, 13.161987222044559 ], [ 80.109485339229423, 13.163372210139682 ], [ 80.110281128447483, 13.164548294165689 ], [ 80.111475628852546, 13.165336422235001 ], [ 80.112886985747707, 13.165616604775467 ], [ 80.114300324788957, 13.165346184327284 ], [ 80.115580469668814, 13.164506330262794 ], [ 80.116384704053715, 13.163335773211291 ], [ 80.116670594219215, 13.161952723715274 ], [ 80.116394624029027, 13.160567740727815 ], [ 80.115598815983589, 13.159391674256739 ], [ 80.114404328673416, 13.158603566006164 ] ] ], [ [ [ 80.124712678358605, 13.180545340710388 ], [ 80.122920909424494, 13.180625457052924 ], [ 80.121940153434068, 13.181075884503494 ], [ 80.121130310071933, 13.181792114732493 ], [ 80.119190958847426, 13.181835444936713 ], [ 80.117649273272448, 13.182733704219666 ], [ 80.116844975221667, 13.183904259864825 ], [ 80.116559052422232, 13.185287305671682 ], [ 80.116835042092632, 13.186672287660432 ], [ 80.117630935865733, 13.187848353777268 ], [ 80.118825570167388, 13.188636454851885 ], [ 80.120237069904732, 13.18891660541634 ], [ 80.121650538969362, 13.188646152880395 ], [ 80.122751351704807, 13.187953955664462 ], [ 80.123695407869235, 13.188177957571037 ], [ 80.124777451776239, 13.188129577381213 ], [ 80.126401585703192, 13.187383668998161 ], [ 80.127426369993046, 13.186075663031612 ], [ 80.128985488625133, 13.186597970721726 ], [ 80.130419190997486, 13.186464522007944 ], [ 80.131691635299916, 13.185803624039048 ], [ 80.13260909789733, 13.184715895806976 ], [ 80.133031904561562, 13.183366938429263 ], [ 80.132895693939489, 13.181962121328569 ], [ 80.132021209241003, 13.180365316940737 ], [ 80.1309111471937, 13.179466332162843 ], [ 80.129892599090581, 13.17910532058718 ], [ 80.128452494837347, 13.179100430253662 ], [ 80.126828422577731, 13.179846355910449 ], [ 80.125881202310836, 13.180995154072209 ], [ 80.124712678358605, 13.180545340710388 ] ] ], [ [ [ 80.116761129843496, 13.202219569414511 ], [ 80.115381436999513, 13.202624439310899 ], [ 80.114264892883284, 13.203515798497113 ], [ 80.113581478824401, 13.204757949744177 ], [ 80.113435242886382, 13.206161790717053 ], [ 80.113848456876752, 13.207513600787383 ], [ 80.114888220412581, 13.208757578385413 ], [ 80.116156034058264, 13.209427168475505 ], [ 80.117588878934868, 13.209570429670189 ], [ 80.118968608682863, 13.20916555031887 ], [ 80.120085164103131, 13.208274171541568 ], [ 80.120768557367001, 13.207032001807756 ], [ 80.120914752519852, 13.20562815413092 ], [ 80.120501501388645, 13.204276353023488 ], [ 80.119461725408954, 13.203032397205952 ], [ 80.118193933534656, 13.202362824674054 ], [ 80.116761129843496, 13.202219569414511 ] ] ], [ [ [ 80.129183903390327, 13.225162780790907 ], [ 80.127750957080949, 13.225019578621851 ], [ 80.126371147905942, 13.225424500195153 ], [ 80.125184531494966, 13.226375901016668 ], [ 80.124501099569088, 13.227618078727442 ], [ 80.124354903498201, 13.22902192653765 ], [ 80.124768209038777, 13.23037372277234 ], [ 80.125678102031387, 13.231467666792623 ], [ 80.126946061903823, 13.232137211398939 ], [ 80.128379048772004, 13.232280420557718 ], [ 80.129758894641284, 13.231875490545969 ], [ 80.130945522672533, 13.230924069435332 ], [ 80.131628933368333, 13.229681873349165 ], [ 80.131775088706348, 13.228278018886719 ], [ 80.131361746593143, 13.226926231587806 ], [ 80.130451842475992, 13.225832306895558 ], [ 80.129183903390327, 13.225162780790907 ] ] ], [ [ [ 80.117750811098574, 13.231555440048377 ], [ 80.116478088733317, 13.232216249185329 ], [ 80.115404313815731, 13.23362420315698 ], [ 80.115118306717306, 13.235007237889869 ], [ 80.115307014685982, 13.236150475916832 ], [ 80.11523666354249, 13.237813043361854 ], [ 80.115997982244721, 13.239404476860971 ], [ 80.117131855261505, 13.240314576524197 ], [ 80.116660947778527, 13.241277961349237 ], [ 80.116498195082698, 13.242327250917791 ], [ 80.116653377660526, 13.243377640540595 ], [ 80.117113135172517, 13.244338671066979 ], [ 80.117837876347181, 13.245127577886331 ], [ 80.118765187631709, 13.245676419001239 ], [ 80.119815207978746, 13.245937926777833 ], [ 80.120897506972895, 13.24588957921169 ], [ 80.122230284130012, 13.245354145752328 ], [ 80.123035593520882, 13.244644160421412 ], [ 80.12359583550888, 13.243735741369822 ], [ 80.123862764053939, 13.242707122840917 ], [ 80.123813394817091, 13.241646889900569 ], [ 80.123451983420608, 13.240646349170573 ], [ 80.12280965761633, 13.239791665539526 ], [ 80.121967894929355, 13.23917192467391 ], [ 80.122602683248829, 13.237487136103683 ], [ 80.122473288382082, 13.234366902030583 ], [ 80.121926730579801, 13.233061298381781 ], [ 80.12087177911954, 13.232019980078665 ], [ 80.119542951929276, 13.231475383630805 ], [ 80.117750811098574, 13.231555440048377 ] ] ], [ [ [ 80.122850645227999, 13.258685456630277 ], [ 80.121577789192543, 13.259346281846771 ], [ 80.120659979675082, 13.26043394379173 ], [ 80.120236945991266, 13.261782860173126 ], [ 80.120373098354619, 13.263187673611045 ], [ 80.121047717806945, 13.26443451373096 ], [ 80.122278105843975, 13.265443557988219 ], [ 80.123655214508048, 13.265857928498278 ], [ 80.125089383993199, 13.265724539513457 ], [ 80.126362265988888, 13.265063698563685 ], [ 80.127280070188576, 13.26397601598052 ], [ 80.127703070365172, 13.262627085959002 ], [ 80.127566875751455, 13.26122227377517 ], [ 80.12689222974592, 13.259975449081649 ], [ 80.125661847272781, 13.258966427195643 ], [ 80.124284772549203, 13.258552069508106 ], [ 80.122850645227999, 13.258685456630277 ] ] ], [ [ [ 80.128044410959646, 13.317102836494668 ], [ 80.126972964049799, 13.316943425299028 ], [ 80.125558748669548, 13.317213858841113 ], [ 80.124357853289183, 13.317993705376578 ], [ 80.12359886619349, 13.3190703376782 ], [ 80.122662881084892, 13.317922459252461 ], [ 80.121394504341538, 13.317252870824182 ], [ 80.119602355623996, 13.317160426736624 ], [ 80.118269171437717, 13.317695818642965 ], [ 80.116986672870681, 13.319000084152169 ], [ 80.116375745862939, 13.32065886862471 ], [ 80.115489808447123, 13.322117878991307 ], [ 80.115395370972522, 13.323872961076304 ], [ 80.115942064549785, 13.325178580083422 ], [ 80.116667024675991, 13.325967500086588 ], [ 80.117594628302299, 13.326516361074644 ], [ 80.11936895993432, 13.326780406691327 ], [ 80.120749361653523, 13.326375562566689 ], [ 80.121722139126959, 13.325666347256476 ], [ 80.1225269250845, 13.324495816760242 ], [ 80.122795854433747, 13.323432140972363 ], [ 80.123671132859002, 13.322199705829732 ], [ 80.124897474526577, 13.323560006794089 ], [ 80.12587555538434, 13.324017156044293 ], [ 80.126947032108447, 13.32417657366034 ], [ 80.128689452985, 13.323755514420057 ], [ 80.12991619190386, 13.322720379685187 ], [ 80.131454830842415, 13.323906452265602 ], [ 80.132505199240271, 13.3241679277972 ], [ 80.133587847040118, 13.324119547870065 ], [ 80.1349210388003, 13.323584075879577 ], [ 80.135943490237921, 13.322589733182012 ], [ 80.136499541759363, 13.321287903809001 ], [ 80.136504545548974, 13.319876782985318 ], [ 80.135957748922067, 13.31857120165057 ], [ 80.134942403585484, 13.317569920054254 ], [ 80.133613087293327, 13.317025369876289 ], [ 80.132172170417178, 13.31702045044233 ], [ 80.130839010395832, 13.317555910103334 ], [ 80.12992380447055, 13.318409654453104 ], [ 80.129022473347277, 13.317559972614553 ], [ 80.128044410959646, 13.317102836494668 ] ] ], [ [ [ 80.128304878165054, 13.404582882739531 ], [ 80.126512080873397, 13.404490448245145 ], [ 80.125490037374846, 13.40484446078435 ], [ 80.124616971604652, 13.405473667608582 ], [ 80.123811901496566, 13.406644181401791 ], [ 80.12307472347274, 13.409382767275112 ], [ 80.123124076316259, 13.410442988445773 ], [ 80.12348381515622, 13.411439608302755 ], [ 80.123204676180194, 13.412492766344382 ], [ 80.123254029354896, 13.41355298730593 ], [ 80.123615650891963, 13.414553530725099 ], [ 80.124409749869926, 13.415543471516699 ], [ 80.123797940947966, 13.416353874573144 ], [ 80.123429068664649, 13.417351879647429 ], [ 80.123510796764236, 13.419107565344197 ], [ 80.12397086943183, 13.420068592630178 ], [ 80.124696120978669, 13.420857502962329 ], [ 80.125624093903255, 13.42140635401438 ], [ 80.126744871160582, 13.421677877438555 ], [ 80.128179965351165, 13.421544529190367 ], [ 80.129453683460696, 13.420883730467256 ], [ 80.130372107827881, 13.419796085217245 ], [ 80.130795417834122, 13.41844718200344 ], [ 80.130538235625806, 13.416707796300766 ], [ 80.129546978713023, 13.415357837927896 ], [ 80.1301920370923, 13.414466083794927 ], [ 80.130560876916263, 13.413468066626084 ], [ 80.130617886154369, 13.412408211757672 ], [ 80.130230761108265, 13.411111687422924 ], [ 80.13084080836002, 13.40875805861382 ], [ 80.130845879234315, 13.407346949641772 ], [ 80.130084006139114, 13.40575554287728 ], [ 80.129283283139159, 13.40504003640604 ], [ 80.128304878165054, 13.404582882739531 ] ] ], [ [ [ 80.12369601158251, 13.426963673342788 ], [ 80.12264521668358, 13.426702136558005 ], [ 80.121562110205574, 13.426750440990007 ], [ 80.119936320200992, 13.427496204624545 ], [ 80.119017819773873, 13.428583806516261 ], [ 80.118648906266188, 13.42958180127456 ], [ 80.11859183581312, 13.43064164854121 ], [ 80.118841942043503, 13.431717890528875 ], [ 80.117278311526078, 13.432285778535155 ], [ 80.116067778121732, 13.433583766244709 ], [ 80.115644355477912, 13.434932636437926 ], [ 80.115780513224038, 13.436337437795929 ], [ 80.116505530773736, 13.437694302272794 ], [ 80.117616650875021, 13.438593401617798 ], [ 80.118636237869367, 13.438954521261847 ], [ 80.119719019074168, 13.439010385018706 ], [ 80.120771742113135, 13.43875618148815 ], [ 80.121703743495033, 13.438213803188907 ], [ 80.122622271882378, 13.437126193834384 ], [ 80.122991182869754, 13.436128193545319 ], [ 80.123048236913846, 13.435068344628277 ], [ 80.122761568606194, 13.433981616140818 ], [ 80.124321739100537, 13.433414184234383 ], [ 80.125532229755962, 13.432116154060804 ], [ 80.125955592257441, 13.430767263246441 ], [ 80.125809374538065, 13.429262463370165 ], [ 80.125134326634367, 13.428015622101718 ], [ 80.12369601158251, 13.426963673342788 ] ] ], [ [ [ 80.111426724811764, 13.444673521821905 ], [ 80.110621450543007, 13.445843977857107 ], [ 80.110335087939077, 13.447226967022646 ], [ 80.110611241352231, 13.448611944000392 ], [ 80.111407877670032, 13.44978805746978 ], [ 80.112603720353917, 13.450576250971029 ], [ 80.114266714007016, 13.450876525120675 ], [ 80.115681727946708, 13.450606206616557 ], [ 80.116883333617508, 13.44982645175322 ], [ 80.117688593333284, 13.448655974987558 ], [ 80.11797491652392, 13.447272975102569 ], [ 80.117698721324686, 13.445888003535446 ], [ 80.116902064688716, 13.444711908517984 ], [ 80.115706234479845, 13.443923736010452 ], [ 80.11404328581591, 13.443623474068895 ], [ 80.112628312122368, 13.443893785933234 ], [ 80.111426724811764, 13.444673521821905 ] ] ], [ [ [ 80.116353891331983, 13.456815500234983 ], [ 80.114912149521984, 13.456810431243399 ], [ 80.113578167712745, 13.457345744183735 ], [ 80.112555025579752, 13.458339945209131 ], [ 80.111998486588647, 13.459641680639843 ], [ 80.111993284801287, 13.461052776604404 ], [ 80.112560220294625, 13.46244840730634 ], [ 80.113576036446631, 13.463449799236757 ], [ 80.11490608377288, 13.46399449533801 ], [ 80.116347868575062, 13.463999567017513 ], [ 80.117681882982424, 13.463464241557695 ], [ 80.11870502842936, 13.462470020106942 ], [ 80.119261539651603, 13.461168268285686 ], [ 80.119266698912014, 13.459757169554225 ], [ 80.118699728912546, 13.458361551670958 ], [ 80.11768391021937, 13.457360180050758 ], [ 80.116353891331983, 13.456815500234983 ] ] ], [ [ [ 80.139060794601733, 12.666963108942728 ], [ 80.137652159083927, 12.666683234395895 ], [ 80.136241673270334, 12.666953972230967 ], [ 80.135044062644553, 12.667734106113484 ], [ 80.134241648694498, 12.668904871337888 ], [ 80.133956594388025, 12.670288033566385 ], [ 80.134232304378372, 12.671673021016307 ], [ 80.135026812518717, 12.67284898085733 ], [ 80.136219166022968, 12.673636880255 ], [ 80.137627837158519, 12.673916764611095 ], [ 80.139038360791019, 12.673646021941908 ], [ 80.140235989283028, 12.672865871413659 ], [ 80.141038390680833, 12.671695087482746 ], [ 80.141323409369548, 12.670311915444989 ], [ 80.141047661560307, 12.668926932829182 ], [ 80.140253135553735, 12.667750989633895 ], [ 80.139060794601733, 12.666963108942728 ] ] ], [ [ [ 80.138751068993059, 12.708082455929334 ], [ 80.137321050696571, 12.707939487214738 ], [ 80.135834156610073, 12.708374655835199 ], [ 80.134719996051842, 12.709266281038783 ], [ 80.134038189113284, 12.710508624896702 ], [ 80.13389253900155, 12.711912555603059 ], [ 80.134305227982779, 12.713264338821057 ], [ 80.135213435438274, 12.714358175984623 ], [ 80.136478897317332, 12.715027536332704 ], [ 80.137908954235428, 12.715170512033442 ], [ 80.139395885874904, 12.714735334313785 ], [ 80.140510056545835, 12.713843690310256 ], [ 80.141191843113333, 12.712601328669392 ], [ 80.141337454040752, 12.711197391473135 ], [ 80.140924729743233, 12.709845616815112 ], [ 80.140016511286461, 12.708751798305123 ], [ 80.138751068993059, 12.708082455929334 ] ] ], [ [ [ 80.137531985056071, 12.794925505637099 ], [ 80.136552809769512, 12.795376098788358 ], [ 80.135749070034549, 12.796086244336809 ], [ 80.135189982729216, 12.79699478682987 ], [ 80.134923697636424, 12.798023484941492 ], [ 80.134973150291941, 12.799083748975011 ], [ 80.135334085699014, 12.800084269779337 ], [ 80.135975423473809, 12.800938882205831 ], [ 80.136871933620299, 12.801593986128916 ], [ 80.13860772403369, 12.802026730617021 ], [ 80.140018964746375, 12.801756030643597 ], [ 80.141217218285064, 12.800975921426016 ], [ 80.142038502887715, 12.799755102961946 ], [ 80.142579019102115, 12.801039397686893 ], [ 80.14359242360112, 12.802040559502403 ], [ 80.144919086281362, 12.802584909937874 ], [ 80.145999107419215, 12.802640492767937 ], [ 80.14768732945133, 12.80205383876906 ], [ 80.148894405544524, 12.800755436920838 ], [ 80.149316342275696, 12.799406367691422 ], [ 80.149160104714866, 12.797721525532436 ], [ 80.148486450429772, 12.796474784640504 ], [ 80.147377938463052, 12.795575946880243 ], [ 80.14564217268483, 12.795143261810276 ], [ 80.144230973223216, 12.795413994750223 ], [ 80.143032755433481, 12.796194120253086 ], [ 80.142181504748564, 12.79749633104729 ], [ 80.141476504400089, 12.796124864320094 ], [ 80.140338020850024, 12.795205998929049 ], [ 80.13896342687174, 12.794791864106125 ], [ 80.137531985056071, 12.794925505637099 ] ] ], [ [ [ 80.139271679059661, 12.82782251681218 ], [ 80.137840991540898, 12.827679509138179 ], [ 80.136463435971052, 12.828084636023593 ], [ 80.135348725091163, 12.828976222420071 ], [ 80.134666561209855, 12.830218536386345 ], [ 80.134520801924154, 12.831622450700864 ], [ 80.134933646207315, 12.832974233530086 ], [ 80.135842249871175, 12.834068086344455 ], [ 80.137108288563738, 12.834737475960416 ], [ 80.138539015037352, 12.834880490056705 ], [ 80.139916605708578, 12.834475354640727 ], [ 80.14103132727449, 12.833583749757928 ], [ 80.14171347116671, 12.832341418178611 ], [ 80.141859191497588, 12.830937497441802 ], [ 80.141446312113032, 12.82958572314314 ], [ 80.140537697763151, 12.828491888815092 ], [ 80.139271679059661, 12.82782251681218 ] ] ], [ [ [ 80.138520862617071, 12.835823965167847 ], [ 80.137322429682442, 12.836604049059885 ], [ 80.136519441864536, 12.83777477295407 ], [ 80.136234149545103, 12.839157908857157 ], [ 80.136509993727785, 12.840542889015094 ], [ 80.137304987951154, 12.84171886168469 ], [ 80.138678106941725, 12.842636793071234 ], [ 80.140087704648735, 12.842916720810988 ], [ 80.141499175025828, 12.842646028091607 ], [ 80.142697626187228, 12.841865926498034 ], [ 80.143500600887791, 12.840695183090205 ], [ 80.14378585628036, 12.839312037047067 ], [ 80.143509972655252, 12.837927061960668 ], [ 80.142714959104907, 12.836751106660179 ], [ 80.141341854619384, 12.835833197064344 ], [ 80.139932294039042, 12.835553278319603 ], [ 80.138520862617071, 12.835823965167847 ] ] ], [ [ [ 80.141661748966328, 12.84751251535163 ], [ 80.139872962408148, 12.847420420732488 ], [ 80.13782114550861, 12.84841657097356 ], [ 80.136749282714504, 12.849824766823616 ], [ 80.136480511678045, 12.85156245933951 ], [ 80.13673982792595, 12.852592880518289 ], [ 80.137292830247475, 12.853505071576178 ], [ 80.138815688272174, 12.85458788539378 ], [ 80.139079788761777, 12.856192908280899 ], [ 80.139874839881244, 12.857368875668827 ], [ 80.141068036858613, 12.858156798593917 ], [ 80.142839087096561, 12.858420483909056 ], [ 80.144216803120415, 12.858015334326979 ], [ 80.145381620029127, 12.857083717829989 ], [ 80.146063814259605, 12.85584137979599 ], [ 80.146209532686541, 12.854437458454901 ], [ 80.145611660889259, 12.852780652025155 ], [ 80.144212442866944, 12.851560450560061 ], [ 80.144197589928709, 12.850276222696726 ], [ 80.143651626604637, 12.848970672446473 ], [ 80.142927869869141, 12.848181881488003 ], [ 80.141661748966328, 12.84751251535163 ] ] ], [ [ [ 80.133941965126056, 12.869212565446205 ], [ 80.132511049793777, 12.869069514448231 ], [ 80.131133257539645, 12.869474597175724 ], [ 80.130018337109931, 12.870366145307681 ], [ 80.129296021540327, 12.87170843213293 ], [ 80.129150193370975, 12.873112335648871 ], [ 80.129563061419503, 12.874464125207385 ], [ 80.130471777907516, 12.875558001249745 ], [ 80.131738001316705, 12.876227427043116 ], [ 80.133168956264569, 12.876370484744813 ], [ 80.134546784355351, 12.875965393717333 ], [ 80.135661716113347, 12.875073827253056 ], [ 80.13638400979481, 12.873731521678419 ], [ 80.136529798559138, 12.872327611660101 ], [ 80.136116895190739, 12.870975830703438 ], [ 80.135208168118794, 12.869881973349823 ], [ 80.133941965126056, 12.869212565446205 ] ] ], [ [ [ 80.132603252147192, 13.111342701929285 ], [ 80.131170960085271, 13.111199558703204 ], [ 80.129791804717314, 13.111604542320489 ], [ 80.128675742160425, 13.112495999593209 ], [ 80.127992680455534, 13.113738218331321 ], [ 80.127846613995374, 13.115142085893709 ], [ 80.128259788722119, 13.116493877588214 ], [ 80.129169310319156, 13.117587793486457 ], [ 80.130436714735851, 13.118257290707632 ], [ 80.131869046695144, 13.118400440465749 ], [ 80.133248237988596, 13.117995448091138 ], [ 80.134364311454434, 13.117103971901647 ], [ 80.135047352661417, 13.115861735168508 ], [ 80.135193379224177, 13.114457861074083 ], [ 80.13478016857195, 13.113106078136912 ], [ 80.133870636065964, 13.112012181155436 ], [ 80.132603252147192, 13.111342701929285 ] ] ], [ [ [ 80.13319843989828, 13.169126413312036 ], [ 80.132125055356298, 13.170534467474196 ], [ 80.131855760554899, 13.172272089061616 ], [ 80.132454167079402, 13.173928929122201 ], [ 80.133178767315755, 13.174717786878304 ], [ 80.134102746060833, 13.17526510445426 ], [ 80.133601775120326, 13.176268243292016 ], [ 80.133439155227947, 13.177317556099016 ], [ 80.133594387931979, 13.178367942667563 ], [ 80.134054108554196, 13.179328944107933 ], [ 80.136208728090367, 13.181697811161495 ], [ 80.137135854407447, 13.182246576011567 ], [ 80.138348274824978, 13.182516371356531 ], [ 80.139108858177877, 13.18410479851018 ], [ 80.140218972281772, 13.185003750612907 ], [ 80.141957392557231, 13.185436627315458 ], [ 80.143029367864358, 13.185284480862448 ], [ 80.14401010773534, 13.184833971515797 ], [ 80.144815148793413, 13.18412389814339 ], [ 80.145435160097037, 13.183135412815695 ], [ 80.145720919421279, 13.181752324338161 ], [ 80.145565633298276, 13.180701942069527 ], [ 80.145105864196481, 13.179740958447576 ], [ 80.144381209837974, 13.178952131431839 ], [ 80.143454077628462, 13.1784033924129 ], [ 80.142160463222439, 13.178129440514089 ], [ 80.141221081106792, 13.176325205379561 ], [ 80.139818754622809, 13.174701424579668 ], [ 80.138705300115618, 13.173951382313431 ], [ 80.139148174983816, 13.173031726027913 ], [ 80.139310766779559, 13.171982407576918 ], [ 80.13915551174405, 13.170932022694021 ], [ 80.138695784191952, 13.169971029515072 ], [ 80.137681003891828, 13.168969784442256 ], [ 80.136262466713973, 13.168385291798915 ], [ 80.134822422686838, 13.168380441109262 ], [ 80.13319843989828, 13.169126413312036 ] ] ], [ [ [ 80.139030803283731, 13.198629578784624 ], [ 80.137979148103597, 13.198883927758562 ], [ 80.136518133033974, 13.199676429886292 ], [ 80.135787923998933, 13.200460373828989 ], [ 80.135321412417269, 13.201418246297067 ], [ 80.135158776248048, 13.202467557588541 ], [ 80.135434884977201, 13.203852525445757 ], [ 80.13598857873977, 13.204764743445535 ], [ 80.137098769000175, 13.205663712684402 ], [ 80.13811743701568, 13.206024702329705 ], [ 80.139199195910251, 13.20608042056697 ], [ 80.141108883173956, 13.205425417952341 ], [ 80.14205093557041, 13.204721186954325 ], [ 80.143167391083978, 13.204896622982487 ], [ 80.144239451576084, 13.204744476841919 ], [ 80.145511960889678, 13.204083514677816 ], [ 80.146739438002214, 13.202735734928828 ], [ 80.147162205958523, 13.201386753240925 ], [ 80.147025910753086, 13.199981940030771 ], [ 80.14635131105122, 13.198735165098205 ], [ 80.145241114062571, 13.19783623534896 ], [ 80.144222466945266, 13.19747527526215 ], [ 80.14314074330855, 13.197419580467598 ], [ 80.141761112172247, 13.197824597045329 ], [ 80.140509087403046, 13.198788825756653 ], [ 80.139030803283731, 13.198629578784624 ] ] ], [ [ [ 80.12711479684009, 13.200435935462195 ], [ 80.126431455075192, 13.201678125927099 ], [ 80.126337198564258, 13.203433236220853 ], [ 80.1268837247151, 13.204738830771362 ], [ 80.127898596450066, 13.205740122270321 ], [ 80.129227309383708, 13.206284668834211 ], [ 80.131197581000649, 13.206369563707844 ], [ 80.132530118848365, 13.205834060143125 ], [ 80.133552056534015, 13.204839688304473 ], [ 80.134107812677456, 13.203537836619935 ], [ 80.134112784369208, 13.202126703683627 ], [ 80.133566223723548, 13.200821122280555 ], [ 80.132551346459721, 13.199819852699923 ], [ 80.131222659072606, 13.199275324832428 ], [ 80.129610941862637, 13.199139574565624 ], [ 80.128231283289225, 13.199544516217868 ], [ 80.12711479684009, 13.200435935462195 ] ] ], [ [ [ 80.140784562874828, 13.245873450843057 ], [ 80.139372708983601, 13.245593393155065 ], [ 80.13786892220071, 13.245893922907817 ], [ 80.136668427680434, 13.246673855847732 ], [ 80.135863987148269, 13.247844458136711 ], [ 80.135578072260785, 13.249227520423927 ], [ 80.135854219081139, 13.250612486217181 ], [ 80.136650395356554, 13.251788505908138 ], [ 80.137845394510535, 13.252576537369311 ], [ 80.139257285874251, 13.25285660571546 ], [ 80.140761114784596, 13.252556070454958 ], [ 80.141961627532794, 13.251776119580494 ], [ 80.142766054254537, 13.250605497428793 ], [ 80.1430519311578, 13.249222424847762 ], [ 80.142775744192619, 13.247837464300039 ], [ 80.141979548914577, 13.246661462349429 ], [ 80.140784562874828, 13.245873450843057 ] ] ], [ [ [ 80.135993991969244, 13.259442764462401 ], [ 80.134560839977738, 13.259299588268284 ], [ 80.133180842936099, 13.259704534328558 ], [ 80.13194408467966, 13.260735953857237 ], [ 80.1312605787232, 13.261978142549285 ], [ 80.131114387902215, 13.263381991634935 ], [ 80.131527777199878, 13.264733779242915 ], [ 80.132437819724345, 13.26582770603742 ], [ 80.133705972138998, 13.266497227428966 ], [ 80.135139165228892, 13.266640410910977 ], [ 80.136519199577961, 13.266235456671644 ], [ 80.137755969257029, 13.265204015907113 ], [ 80.138439453403763, 13.263961808634981 ], [ 80.138585603008494, 13.262557952849189 ], [ 80.138172176876623, 13.261206174288841 ], [ 80.137262123265202, 13.260112267056423 ], [ 80.135993991969244, 13.259442764462401 ] ] ], [ [ [ 80.129959421055091, 13.29821403236024 ], [ 80.129536358796884, 13.299562959372198 ], [ 80.129672571981885, 13.300967768350544 ], [ 80.130347332418793, 13.302214589591054 ], [ 80.131457919522433, 13.303113602563183 ], [ 80.133045258328536, 13.303557936786111 ], [ 80.134479648874887, 13.30342450863308 ], [ 80.135752711578476, 13.302763633200813 ], [ 80.136670628611327, 13.301675926084723 ], [ 80.13709365658039, 13.300326985226185 ], [ 80.136957400514291, 13.298922177553001 ], [ 80.136282613193501, 13.297675372022425 ], [ 80.135172030438696, 13.296776380174448 ], [ 80.133584730257411, 13.296332061466943 ], [ 80.132150381507941, 13.296465487174668 ], [ 80.130877344165782, 13.297126346310987 ], [ 80.129959421055091, 13.29821403236024 ] ] ], [ [ [ 80.140524468431423, 13.3602427956331 ], [ 80.138731987926889, 13.360150467173176 ], [ 80.137398597595435, 13.360685945970504 ], [ 80.136375981572129, 13.361680282184439 ], [ 80.135819823245555, 13.362982101521265 ], [ 80.135838612710387, 13.364487700125 ], [ 80.135386300401194, 13.366207409566794 ], [ 80.135662536297545, 13.367592371030389 ], [ 80.136726794390142, 13.369007665522782 ], [ 80.138616800694237, 13.369924629125624 ], [ 80.140058033640599, 13.369929531023505 ], [ 80.141391471075409, 13.369394041323639 ], [ 80.142414102334257, 13.368399686167466 ], [ 80.142970240451632, 13.367097851498972 ], [ 80.142978625561412, 13.365709730656466 ], [ 80.143364633965234, 13.3644369520645 ], [ 80.14322832900001, 13.363032150385783 ], [ 80.142060854614897, 13.361151558963488 ], [ 80.140524468431423, 13.3602427956331 ] ] ], [ [ [ 80.139295434381694, 13.372653538437 ], [ 80.137882857297839, 13.372373430593241 ], [ 80.13646832362997, 13.372643904835321 ], [ 80.13526717462527, 13.373423785048827 ], [ 80.134462270251589, 13.374594345367788 ], [ 80.133559625789999, 13.376972057679989 ], [ 80.133554582622565, 13.378383171056562 ], [ 80.134316404507487, 13.379974566896232 ], [ 80.135754503254987, 13.381026444764622 ], [ 80.137167126916523, 13.381306567217566 ], [ 80.13858171121214, 13.38103609226876 ], [ 80.139782889818235, 13.380256198416618 ], [ 80.140587790101293, 13.379085621262091 ], [ 80.141490376397584, 13.376707880552509 ], [ 80.141495372729054, 13.375296764029331 ], [ 80.140733515105481, 13.373705387268343 ], [ 80.139295434381694, 13.372653538437 ] ] ], [ [ [ 80.136854640740765, 13.382752826716905 ], [ 80.135420766529933, 13.382609612369532 ], [ 80.134040058428027, 13.383014516533715 ], [ 80.13269709840749, 13.383863755518457 ], [ 80.131892144264867, 13.385034303833146 ], [ 80.131605996230888, 13.386417335655555 ], [ 80.131882225955906, 13.387802299152103 ], [ 80.132678788661764, 13.388978345049017 ], [ 80.133874418984419, 13.389766427187244 ], [ 80.135287090130163, 13.390046562922151 ], [ 80.136701727512303, 13.389776101903967 ], [ 80.138103504821643, 13.389013644872533 ], [ 80.139177897502506, 13.38760564610987 ], [ 80.139464004682893, 13.38622260330173 ], [ 80.139187732314255, 13.384837645397639 ], [ 80.138123395553833, 13.383422357920756 ], [ 80.136854640740765, 13.382752826716905 ] ] ], [ [ [ 80.134435634428101, 13.392613582240505 ], [ 80.13302294978223, 13.39233344094959 ], [ 80.131608294477346, 13.392603880155789 ], [ 80.129936500211599, 13.393616302634499 ], [ 80.129018180901411, 13.394703954475794 ], [ 80.128594911166516, 13.396052859144305 ], [ 80.128731137242994, 13.397457661064255 ], [ 80.129406129047794, 13.398704491600427 ], [ 80.130517130813445, 13.399603528780272 ], [ 80.13189500143028, 13.400017897916642 ], [ 80.133329965326851, 13.399884512132283 ], [ 80.135343557973542, 13.398753671994493 ], [ 80.136261866842986, 13.397665996701946 ], [ 80.136704150538719, 13.39596265265549 ], [ 80.13642788655298, 13.394577693070044 ], [ 80.135631288194816, 13.393401657280211 ], [ 80.134435634428101, 13.392613582240505 ] ] ], [ [ [ 80.127435912985106, 13.462806255679816 ], [ 80.126361092601044, 13.464214171603405 ], [ 80.126091297477601, 13.465951724883329 ], [ 80.126690257739398, 13.467608582760686 ], [ 80.128016538395556, 13.468793461520747 ], [ 80.129824797437848, 13.469337866873213 ], [ 80.131217796899222, 13.469214752517868 ], [ 80.131847846013756, 13.470048266291348 ], [ 80.132716583128826, 13.470683496776363 ], [ 80.134819316405284, 13.471258928808977 ], [ 80.136254902702888, 13.472077129220603 ], [ 80.137886166286535, 13.472240956570094 ], [ 80.138945723908606, 13.473587603497471 ], [ 80.140566415614245, 13.474344588450448 ], [ 80.141649366435146, 13.47440036760467 ], [ 80.142702229160165, 13.474146080961031 ], [ 80.143634328261271, 13.473603628204174 ], [ 80.144552907732034, 13.472515943955029 ], [ 80.144976251027927, 13.471167023262868 ], [ 80.144839915280272, 13.469762230013563 ], [ 80.144074664690464, 13.468385431913468 ], [ 80.142963308147344, 13.467486437192829 ], [ 80.141943560438193, 13.467125407408531 ], [ 80.140873784426702, 13.46706904457784 ], [ 80.139613725991978, 13.465639989646061 ], [ 80.13863506045081, 13.465182862201878 ], [ 80.137500641652863, 13.465011066447127 ], [ 80.136406094036133, 13.464313613830452 ], [ 80.134845128977446, 13.463902121295741 ], [ 80.133452161012059, 13.464025257780953 ], [ 80.132263786635448, 13.462740053341939 ], [ 80.130855153642628, 13.462152900893109 ], [ 80.12906192794577, 13.462060458820872 ], [ 80.127435912985106, 13.462806255679816 ] ] ], [ [ [ 80.146530736055894, 12.672583066186212 ], [ 80.14512205929033, 12.672303228810939 ], [ 80.143701547548645, 12.672574004620136 ], [ 80.142503929984883, 12.67335417153828 ], [ 80.141701529287616, 12.674524959843646 ], [ 80.141416506413577, 12.675908131684453 ], [ 80.14169226123667, 12.677293113810736 ], [ 80.142486820786488, 12.678469054197238 ], [ 80.143679224447013, 12.679256922967568 ], [ 80.145087936843268, 12.679536770186354 ], [ 80.146508486687424, 12.679265989483348 ], [ 80.147706122074595, 12.678485805855269 ], [ 80.14850851014576, 12.677314998810873 ], [ 80.148793497321421, 12.675931817164674 ], [ 80.148517704616239, 12.674546839904343 ], [ 80.147723127167708, 12.673370916207734 ], [ 80.146530736055894, 12.672583066186212 ] ] ], [ [ [ 80.145402091752246, 12.709353238615465 ], [ 80.144332168655296, 12.709505527490307 ], [ 80.143353342040513, 12.70995617042907 ], [ 80.142469905327729, 12.710726358771749 ], [ 80.141911048604399, 12.711634934782296 ], [ 80.14164490233776, 12.712663653664698 ], [ 80.141694390084865, 12.713723923925729 ], [ 80.142055253799128, 12.714724435877148 ], [ 80.142696419247969, 12.715579025139176 ], [ 80.143562671056699, 12.716214093383156 ], [ 80.144579407359402, 12.716574947134992 ], [ 80.145659064745175, 12.716630508555385 ], [ 80.147016289482821, 12.716234362559005 ], [ 80.148222719059675, 12.717264127085944 ], [ 80.149596921153545, 12.717678190522392 ], [ 80.151267927397853, 12.717534454143099 ], [ 80.152806538358334, 12.716635776542425 ], [ 80.153609035227845, 12.715464963507326 ], [ 80.153894051239959, 12.714081781254004 ], [ 80.15361820304652, 12.712696808864395 ], [ 80.152823494257305, 12.711520894766762 ], [ 80.151957232579988, 12.710885856107275 ], [ 80.150940506100341, 12.71052503127167 ], [ 80.149620875254655, 12.710479492798925 ], [ 80.148356603653752, 12.710832873822621 ], [ 80.147137282117342, 12.709785890941822 ], [ 80.145402091752246, 12.709353238615465 ] ] ], [ [ [ 80.139741998812667, 12.744726625365754 ], [ 80.138826301343755, 12.745814518419978 ], [ 80.138404417718831, 12.74716357839956 ], [ 80.138540582758623, 12.748568425954925 ], [ 80.139214075197827, 12.749815185538353 ], [ 80.140322367255337, 12.750714046157904 ], [ 80.141776731481059, 12.751158160397878 ], [ 80.14320792472806, 12.751024479569393 ], [ 80.144478052902514, 12.750363356184252 ], [ 80.145393745168917, 12.749275443434525 ], [ 80.145815596766241, 12.747926370382187 ], [ 80.145679391481238, 12.746521523970305 ], [ 80.14500587395969, 12.745274779083351 ], [ 80.143897586469933, 12.744375938180793 ], [ 80.142443255701124, 12.743931837611351 ], [ 80.141012102406691, 12.744065516886995 ], [ 80.139741998812667, 12.744726625365754 ] ] ], [ [ [ 80.145591275700397, 12.766002452673241 ], [ 80.144160928485803, 12.765859500547196 ], [ 80.142783722824717, 12.766264684326323 ], [ 80.141669318228438, 12.767156320292782 ], [ 80.140977370034065, 12.768428668784269 ], [ 80.140831703557154, 12.769832597576016 ], [ 80.141244503378658, 12.771184372504097 ], [ 80.14215293203857, 12.772278196249783 ], [ 80.143418691813707, 12.772947540074595 ], [ 80.144849077940108, 12.773090498648381 ], [ 80.146226318692769, 12.772685306439744 ], [ 80.147340734081396, 12.771793652132336 ], [ 80.14803266180752, 12.770521285846584 ], [ 80.148178289448111, 12.769117350658037 ], [ 80.147765454697108, 12.767765584236169 ], [ 80.146857015468839, 12.76667177892223 ], [ 80.145591275700397, 12.766002452673241 ] ] ], [ [ [ 80.151611398644533, 12.805482443637162 ], [ 80.15018082505668, 12.805339510339856 ], [ 80.148803408755938, 12.80574471143434 ], [ 80.147588841641792, 12.806696359523645 ], [ 80.146906802862119, 12.807938714910115 ], [ 80.146761131910381, 12.809342643467719 ], [ 80.147174014297562, 12.810694411184896 ], [ 80.148082600015883, 12.811788221829984 ], [ 80.149348567433293, 12.812457548645019 ], [ 80.150779180154686, 12.812600488880454 ], [ 80.152156631928605, 12.812195279797972 ], [ 80.153371210958568, 12.811243611606802 ], [ 80.15405322910253, 12.810001238351894 ], [ 80.154198860559049, 12.808597303318027 ], [ 80.153785942690078, 12.807245544267738 ], [ 80.15287734608593, 12.806151752409244 ], [ 80.151611398644533, 12.805482443637162 ] ] ], [ [ [ 80.148650830366208, 12.842009516408705 ], [ 80.147440711218096, 12.842314004597522 ], [ 80.146242271057247, 12.843094128595945 ], [ 80.145439300155999, 12.844264880494686 ], [ 80.145154046328486, 12.84564802803685 ], [ 80.145429944725223, 12.847033001691727 ], [ 80.146225000633265, 12.848208950699735 ], [ 80.14741817791743, 12.848996843817956 ], [ 80.14882782337655, 12.849276727351958 ], [ 80.15072683289965, 12.848805294927645 ], [ 80.152058021961793, 12.847629260915397 ], [ 80.152667019933347, 12.845976362360899 ], [ 80.152617496720197, 12.844916100124882 ], [ 80.152295402626848, 12.843997125306126 ], [ 80.153517208343771, 12.843969556485236 ], [ 80.154847719012096, 12.843433800180874 ], [ 80.155867995185744, 12.842439215318535 ], [ 80.156429651550212, 12.841092307503668 ], [ 80.157578966600624, 12.840473282645243 ], [ 80.15830798467222, 12.839689186475123 ], [ 80.158916920252111, 12.838036268710395 ], [ 80.158655864702752, 12.836104287542309 ], [ 80.159939321969389, 12.836210480490465 ], [ 80.160989408310328, 12.83595593980144 ], [ 80.162187772099571, 12.835175743168877 ], [ 80.162890874729726, 12.834210184656646 ], [ 80.163383267590604, 12.834995386375056 ], [ 80.164182357734504, 12.835710711085904 ], [ 80.165158656928497, 12.836167614617448 ], [ 80.166189598160017, 12.836324769457564 ], [ 80.165743054533948, 12.837713876761184 ], [ 80.165802631170337, 12.838934140408295 ], [ 80.166163737616444, 12.839934627115426 ], [ 80.167072506367404, 12.841028381371403 ], [ 80.167998490356013, 12.841576976515057 ], [ 80.169408124867488, 12.841856748574232 ], [ 80.170819568046767, 12.841585895947935 ], [ 80.171749136526344, 12.841043166908134 ], [ 80.172478114937249, 12.840259028844978 ], [ 80.172943724262467, 12.839301013063904 ], [ 80.173027349726652, 12.837385808526244 ], [ 80.172666218532939, 12.836385329621768 ], [ 80.171757439769422, 12.835291593872693 ], [ 80.170831468926693, 12.834743012627667 ], [ 80.169460357820626, 12.834465227599793 ], [ 80.169906874571822, 12.833076112036341 ], [ 80.169857276062956, 12.831885847591959 ], [ 80.169311210420503, 12.830580343107647 ], [ 80.168280843138561, 12.829569346455806 ], [ 80.168732574936882, 12.82841704501964 ], [ 80.168789127216513, 12.827357115983874 ], [ 80.16852969756512, 12.826326717954821 ], [ 80.167976631395319, 12.825414587467561 ], [ 80.166867925119533, 12.824515821552406 ], [ 80.1653031255032, 12.824021813909534 ], [ 80.163871522219665, 12.824155588883475 ], [ 80.162601056904521, 12.824816782068272 ], [ 80.161529433998012, 12.826225096409052 ], [ 80.161260867171634, 12.827962829599967 ], [ 80.161673852302016, 12.829314579398575 ], [ 80.163046781806813, 12.830780706729323 ], [ 80.162907793685207, 12.831044313210789 ], [ 80.161937487773514, 12.82982168397548 ], [ 80.160210826298538, 12.828995050243865 ], [ 80.158772728550943, 12.828990453298708 ], [ 80.157151078597153, 12.829736735760877 ], [ 80.156422087811777, 12.830520830866952 ], [ 80.155956436091714, 12.831478815146365 ], [ 80.155794227275337, 12.832528189221319 ], [ 80.156041076653239, 12.833832524149365 ], [ 80.154141625803987, 12.833885557973323 ], [ 80.15316232092654, 12.834336203968961 ], [ 80.152358493675962, 12.835046393304106 ], [ 80.15157813520257, 12.836692365483074 ], [ 80.150471092273605, 12.837296678429304 ], [ 80.149555078362596, 12.838384582986485 ], [ 80.14911412354688, 12.840088088678371 ], [ 80.149514648335241, 12.842032884706958 ], [ 80.148650830366208, 12.842009516408705 ] ] ], [ [ [ 80.149030816154351, 12.861289520125725 ], [ 80.147653087997469, 12.861694694254485 ], [ 80.146538257473622, 12.862586319023588 ], [ 80.145856045108985, 12.863828656662589 ], [ 80.145762207688037, 12.865583835724633 ], [ 80.1466782080537, 12.867449386904701 ], [ 80.147691878605116, 12.868450545710751 ], [ 80.149338894231889, 12.869144896317529 ], [ 80.150777216907656, 12.869149559144804 ], [ 80.152107868582704, 12.868613826383383 ], [ 80.153128262971023, 12.867619261064277 ], [ 80.153683053662888, 12.866317280956808 ], [ 80.153687784565804, 12.864906104115578 ], [ 80.153141744202188, 12.863600569995731 ], [ 80.151727917293329, 12.862101807687758 ], [ 80.150461702944824, 12.861432478865424 ], [ 80.149030816154351, 12.861289520125725 ] ] ], [ [ [ 80.150081972224612, 12.871253163874398 ], [ 80.148672203838487, 12.870973279770929 ], [ 80.147260578335093, 12.871244001018018 ], [ 80.146061994568626, 12.872024113839569 ], [ 80.145228921924314, 12.873224856401906 ], [ 80.144943623880508, 12.874607998571634 ], [ 80.145219542374306, 12.875992971348049 ], [ 80.146014679653049, 12.877168924101738 ], [ 80.147207987202179, 12.877956825010543 ], [ 80.148617791981096, 12.878236719184846 ], [ 80.150029456126887, 12.877965993126164 ], [ 80.15122805823232, 12.877185863504913 ], [ 80.152061117865188, 12.875985101260142 ], [ 80.152346379430924, 12.87460194914056 ], [ 80.152070422341751, 12.873216981370692 ], [ 80.151275266896207, 12.872041045655955 ], [ 80.150081972224612, 12.871253163874398 ] ] ], [ [ [ 80.145068331416951, 13.2469539359944 ], [ 80.144263928347513, 13.24812456713663 ], [ 80.143978059880027, 13.249507641688195 ], [ 80.144254255013209, 13.250892601284555 ], [ 80.14531809868258, 13.252307844669811 ], [ 80.147166229675506, 13.253177303421873 ], [ 80.148599357916723, 13.253320407107436 ], [ 80.149979298071869, 13.252915373660878 ], [ 80.151095958894317, 13.252023867687591 ], [ 80.151779336524172, 13.250781617040381 ], [ 80.151925397423639, 13.249377747051977 ], [ 80.151511913895078, 13.24802598561395 ], [ 80.150601842920167, 13.246932124216972 ], [ 80.149333736925783, 13.246262689196003 ], [ 80.147682586584793, 13.245903385353714 ], [ 80.146268803129402, 13.246173962007019 ], [ 80.145068331416951, 13.2469539359944 ] ] ], [ [ [ 80.144924602326924, 13.259993432934275 ], [ 80.143512661822825, 13.259713393210699 ], [ 80.142098794487225, 13.259983941332356 ], [ 80.140738240988995, 13.260863888350777 ], [ 80.1399337681286, 13.262034500526363 ], [ 80.139647854249489, 13.263417566251453 ], [ 80.139924035272116, 13.264802528509799 ], [ 80.140720273745487, 13.26597853822685 ], [ 80.14191535362545, 13.266766554788022 ], [ 80.143327331946708, 13.267046605573029 ], [ 80.144741239680727, 13.26677605318622 ], [ 80.146101814369899, 13.265896086328373 ], [ 80.146906272815855, 13.264725454012487 ], [ 80.147192148162276, 13.263342377881749 ], [ 80.146915926607036, 13.261957420938495 ], [ 80.146119668980418, 13.260781429193372 ], [ 80.144924602326924, 13.259993432934275 ] ] ], [ [ [ 80.149863925250685, 13.283022706177938 ], [ 80.148072003641886, 13.282930477264815 ], [ 80.14673906433994, 13.283466035192696 ], [ 80.145716828354125, 13.284460436987356 ], [ 80.14516092122328, 13.28576229834478 ], [ 80.14515598074118, 13.287173426164413 ], [ 80.145702768122987, 13.288478989607324 ], [ 80.14691804666974, 13.289750227371488 ], [ 80.148247252240949, 13.290294701886602 ], [ 80.149688017303291, 13.290299520622469 ], [ 80.151020989361484, 13.289763949392903 ], [ 80.152043228647955, 13.288769526737122 ], [ 80.152599107879212, 13.287467648848288 ], [ 80.152604005460034, 13.286056518321422 ], [ 80.152057184850037, 13.28475096756236 ], [ 80.15113221717121, 13.283692148248043 ], [ 80.149863925250685, 13.283022706177938 ] ] ], [ [ [ 80.149444764428836, 13.293193424215444 ], [ 80.148032627687172, 13.292913398340971 ], [ 80.146510185191147, 13.29314553457494 ], [ 80.145237200073183, 13.293806469187992 ], [ 80.144506717424377, 13.294590416921123 ], [ 80.143950777517517, 13.295892272821757 ], [ 80.14394582613231, 13.297303399072348 ], [ 80.144307392192573, 13.298303916646059 ], [ 80.145217610402057, 13.299397806046048 ], [ 80.146145187692852, 13.299946561643617 ], [ 80.147557361815132, 13.300226600172929 ], [ 80.149079848327375, 13.299994460404733 ], [ 80.150078393059346, 13.299531452117257 ], [ 80.151009974582294, 13.301098620896305 ], [ 80.151878188265698, 13.301733760410855 ], [ 80.152897272770616, 13.302094713968915 ], [ 80.155179480255597, 13.302390394446819 ], [ 80.15681513990522, 13.30183654055865 ], [ 80.157083568646911, 13.303052728305333 ], [ 80.157637547163674, 13.303964910811709 ], [ 80.158438044844175, 13.304680318223504 ], [ 80.159416123243432, 13.30513733820357 ], [ 80.160487548584115, 13.305296610858075 ], [ 80.161720048975937, 13.305134418405151 ], [ 80.162701252846702, 13.304683868254205 ], [ 80.163506659222293, 13.303973762956195 ], [ 80.164190137601793, 13.302731488917527 ], [ 80.164336177275217, 13.301327615060117 ], [ 80.16392255381615, 13.299975869859878 ], [ 80.163012245536891, 13.298882042318656 ], [ 80.162084630353434, 13.298333346179481 ], [ 80.161034332143686, 13.29807199722258 ], [ 80.159791800831357, 13.298130501215924 ], [ 80.158514813425739, 13.29863348550653 ], [ 80.15809254990242, 13.297095944407145 ], [ 80.15689194341634, 13.29578970934331 ], [ 80.155913906751323, 13.295332681839387 ], [ 80.153642546519592, 13.294933393633904 ], [ 80.152570090847277, 13.295085554662462 ], [ 80.151571568960861, 13.295548574273148 ], [ 80.150882444567728, 13.294245196312938 ], [ 80.149444764428836, 13.293193424215444 ] ] ], [ [ [ 80.143870374918478, 13.311444588897876 ], [ 80.142753404300564, 13.312336041027638 ], [ 80.142069790264117, 13.313578248311495 ], [ 80.141975550987823, 13.315333353439945 ], [ 80.142761662783172, 13.316951276035615 ], [ 80.141642990591365, 13.318394481117917 ], [ 80.141373532909881, 13.320132087048654 ], [ 80.141787056207804, 13.321483861392739 ], [ 80.14269734254809, 13.322577762414243 ], [ 80.14396581147686, 13.323247249427052 ], [ 80.145399345563433, 13.323390395146124 ], [ 80.146451538610933, 13.323136050165395 ], [ 80.147383027562171, 13.322593541766379 ], [ 80.148366701625577, 13.321653933237029 ], [ 80.148927047929448, 13.32074546890339 ], [ 80.149196453169068, 13.31900785182418 ], [ 80.148603828507476, 13.317361233279284 ], [ 80.149436988857559, 13.316165458871923 ], [ 80.149706383377122, 13.314427840109619 ], [ 80.149107574785489, 13.312771030376513 ], [ 80.147781989968848, 13.311586293361351 ], [ 80.145612681433292, 13.31102340577171 ], [ 80.143870374918478, 13.311444588897876 ] ] ], [ [ [ 80.140756916227232, 13.331996417339662 ], [ 80.13983889361748, 13.333084130813477 ], [ 80.139415812134459, 13.334433070271603 ], [ 80.139552089321214, 13.335837874824016 ], [ 80.140226987266942, 13.33708467543148 ], [ 80.141337764460843, 13.337983654691049 ], [ 80.143035318291808, 13.338557947454852 ], [ 80.144469914375691, 13.338424475435648 ], [ 80.145743142170176, 13.337763561177388 ], [ 80.146661158704916, 13.336675826200086 ], [ 80.147084205450525, 13.335326872697168 ], [ 80.14694788460271, 13.333922069522524 ], [ 80.146272958828689, 13.332675284939628 ], [ 80.145162185036128, 13.331776327285697 ], [ 80.143464671608612, 13.331202051013294 ], [ 80.142030118183058, 13.331335519965103 ], [ 80.140756916227232, 13.331996417339662 ] ] ], [ [ [ 80.142340212796384, 13.34056457440297 ], [ 80.141223096603539, 13.341456009342394 ], [ 80.140539383808076, 13.342698204256115 ], [ 80.140393168025852, 13.344102050190418 ], [ 80.140806718100436, 13.34545382575317 ], [ 80.141717082709846, 13.346547733421971 ], [ 80.14315567127224, 13.347327232305023 ], [ 80.144589345645201, 13.347470390880799 ], [ 80.145969833787376, 13.347065414737834 ], [ 80.147086960965638, 13.34617395977293 ], [ 80.147770652304217, 13.344931746104139 ], [ 80.147916826541788, 13.343527893462802 ], [ 80.147503238794016, 13.342176127108674 ], [ 80.146592861969381, 13.3410822392655 ], [ 80.145154296858081, 13.340302761077442 ], [ 80.143720663965652, 13.340159608149841 ], [ 80.142340212796384, 13.34056457440297 ] ] ], [ [ [ 80.142604393659141, 13.351722780334581 ], [ 80.141170696226212, 13.351579609128459 ], [ 80.139790175605427, 13.35198455694683 ], [ 80.138357344488881, 13.353083824013632 ], [ 80.137552528085877, 13.354254401024004 ], [ 80.137266459383525, 13.355637446744607 ], [ 80.137542697935174, 13.357022407218372 ], [ 80.138339197596025, 13.358198433632117 ], [ 80.139534702587213, 13.358986482801063 ], [ 80.140947205200291, 13.359266577110997 ], [ 80.142361656525537, 13.358996072526324 ], [ 80.14412271205542, 13.357746146448596 ], [ 80.144927510738555, 13.356575547662162 ], [ 80.145213537794277, 13.355192490816158 ], [ 80.144937256386413, 13.353807535990374 ], [ 80.143873009288598, 13.352392275472029 ], [ 80.142604393659141, 13.351722780334581 ] ] ], [ [ [ 80.143999296824376, 13.481704559112984 ], [ 80.142881501278978, 13.482595952699327 ], [ 80.142320720095668, 13.483504368265262 ], [ 80.142034478724284, 13.484887397825156 ], [ 80.14218985911576, 13.486057768104327 ], [ 80.142650119386801, 13.487018768434126 ], [ 80.143375623169305, 13.487807636661726 ], [ 80.14594494810764, 13.488947170288657 ], [ 80.147379460358493, 13.48909036186568 ], [ 80.148749658820762, 13.488690519310888 ], [ 80.150259503625691, 13.488860360459782 ], [ 80.152718461264456, 13.488659494398876 ], [ 80.153669654863748, 13.488338044997869 ], [ 80.155218498025292, 13.488369489549774 ], [ 80.156722579438181, 13.487803960323429 ], [ 80.157694062501918, 13.486877207000555 ], [ 80.158976778810271, 13.488003688945579 ], [ 80.16035520373886, 13.488417932511391 ], [ 80.162132575891945, 13.488165989584878 ], [ 80.163547833786424, 13.487202030312396 ], [ 80.164916716945797, 13.487774674602113 ], [ 80.166358663236323, 13.487779467787428 ], [ 80.168091023732885, 13.487075304562666 ], [ 80.168870189968118, 13.48652886381424 ], [ 80.170469806895156, 13.486730350443313 ], [ 80.172152709472471, 13.48630594155339 ], [ 80.173084797650958, 13.485763378861861 ], [ 80.17390866946856, 13.484828919372061 ], [ 80.174825989922283, 13.48589795448741 ], [ 80.176583736741946, 13.486675043071271 ], [ 80.177475999872371, 13.487737979664663 ], [ 80.178404353234853, 13.488286655482069 ], [ 80.18017995415002, 13.488550344904708 ], [ 80.181874939771546, 13.487999162454086 ], [ 80.182435854682851, 13.489159541230919 ], [ 80.182529927072991, 13.49083834279074 ], [ 80.183448102231637, 13.492348818438204 ], [ 80.18515547831052, 13.493327370219976 ], [ 80.186798691473939, 13.493440745263943 ], [ 80.188385607212098, 13.493977996413461 ], [ 80.190331129674107, 13.493884318697807 ], [ 80.191684692267401, 13.49315308523666 ], [ 80.193021166023101, 13.493014309526973 ], [ 80.194679664151224, 13.492295705884512 ], [ 80.196671216870783, 13.492264297062315 ], [ 80.197621459461288, 13.491915124002482 ], [ 80.198493459214333, 13.491286748409539 ], [ 80.199985785271977, 13.491768024284674 ], [ 80.201763157561629, 13.491515799762363 ], [ 80.203329151565555, 13.490353428087323 ], [ 80.203889727904084, 13.489444864362261 ], [ 80.204156655520904, 13.488416176738522 ], [ 80.204019968446076, 13.487011397105485 ], [ 80.203344359325882, 13.485764738437954 ], [ 80.202232689131549, 13.484865989838678 ], [ 80.200854198346079, 13.4844519731903 ], [ 80.199076878144155, 13.484704194272927 ], [ 80.197756551541744, 13.485603271096368 ], [ 80.196622835415553, 13.485175209290597 ], [ 80.195539809151583, 13.485119663724415 ], [ 80.193500352066323, 13.485834302198555 ], [ 80.191508853739876, 13.485865688841685 ], [ 80.189545338236513, 13.486816918502134 ], [ 80.189130434997296, 13.486781799017159 ], [ 80.188208924420024, 13.483387056264629 ], [ 80.187654456934609, 13.482474923062936 ], [ 80.18685331109117, 13.481759579021372 ], [ 80.185522981662814, 13.48121524914472 ], [ 80.184439978568278, 13.481159656828824 ], [ 80.183387118167204, 13.481414119093696 ], [ 80.182233823959123, 13.48212997995001 ], [ 80.180411590428506, 13.48136089419418 ], [ 80.179731853503483, 13.480481243935866 ], [ 80.178862948474361, 13.479846167168089 ], [ 80.177484533765693, 13.479432025947144 ], [ 80.176401185984332, 13.479480552880586 ], [ 80.175378878543896, 13.479834751371833 ], [ 80.173951326017942, 13.481161120569475 ], [ 80.173104024229715, 13.480172084152125 ], [ 80.172175714360563, 13.479623390880352 ], [ 80.171124628180522, 13.479362040888157 ], [ 80.170041281082874, 13.479410540328535 ], [ 80.16871733535946, 13.479784048960699 ], [ 80.167609828724366, 13.480481149233487 ], [ 80.16637253648581, 13.480263434718607 ], [ 80.165299257410766, 13.480415599569778 ], [ 80.163607331830676, 13.481216106698829 ], [ 80.162902175874919, 13.481817992886027 ], [ 80.161533331235304, 13.481245339600553 ], [ 80.159739335735097, 13.481325580766889 ], [ 80.158687391382415, 13.481806070117209 ], [ 80.157715933602859, 13.48273282908178 ], [ 80.156433250206476, 13.481606342224785 ], [ 80.155054871691846, 13.481192079590398 ], [ 80.15397151731635, 13.481240509021237 ], [ 80.152896347371197, 13.481570861749592 ], [ 80.151992753888322, 13.48145344846216 ], [ 80.149560503537529, 13.481659638654531 ], [ 80.14825546221536, 13.482029618747797 ], [ 80.146105005065522, 13.481302100929723 ], [ 80.145021650780578, 13.481350491607351 ], [ 80.143999296824376, 13.481704559112984 ] ] ], [ [ [ 80.156560649256349, 12.678873008062396 ], [ 80.15551291696022, 12.678611783995578 ], [ 80.154433071030866, 12.678660431760957 ], [ 80.152812395635962, 12.679406755195918 ], [ 80.151741385001813, 12.680815080065559 ], [ 80.151475317844884, 12.681843815719162 ], [ 80.151524848927295, 12.682904088791465 ], [ 80.152070553383552, 12.684209618999835 ], [ 80.153083563368057, 12.68521072612975 ], [ 80.154409657906797, 12.685754996542622 ], [ 80.15607931501016, 12.685703201520882 ], [ 80.155306902241662, 12.686664753150335 ], [ 80.154885222184859, 12.68801385703887 ], [ 80.155021468347144, 12.689418706069725 ], [ 80.155694907068039, 12.690665424463376 ], [ 80.157249316019204, 12.691816999208811 ], [ 80.158297103673902, 12.692078219686945 ], [ 80.159377006634713, 12.692029559782874 ], [ 80.16070669175474, 12.69149371743508 ], [ 80.161726298903091, 12.690499059181938 ], [ 80.162280601528053, 12.689197016881192 ], [ 80.162285217754103, 12.687785818009036 ], [ 80.161739453431608, 12.686480305368434 ], [ 80.16060640322641, 12.685379229833604 ], [ 80.159280295391312, 12.684834989628149 ], [ 80.157610643291633, 12.684886805166951 ], [ 80.158661535199172, 12.68327107814379 ], [ 80.158755134582037, 12.681515860755276 ], [ 80.157994998308851, 12.67992457443702 ], [ 80.156560649256349, 12.678873008062396 ] ] ], [ [ [ 80.162550864713182, 12.729862349886826 ], [ 80.160762886974922, 12.72977044773365 ], [ 80.159030337628124, 12.730615399991066 ], [ 80.157980483911942, 12.730235014462156 ], [ 80.156542945552658, 12.730230440180843 ], [ 80.154921938752281, 12.7309767534146 ], [ 80.15400635581436, 12.732064707347185 ], [ 80.153584578446697, 12.733413799452746 ], [ 80.153720825291188, 12.734818645479736 ], [ 80.154394362616515, 12.736065370103891 ], [ 80.155552656012745, 12.737014167989429 ], [ 80.1572880528539, 12.737446765910086 ], [ 80.158698917486859, 12.737175940924555 ], [ 80.159683748762376, 12.736584048959553 ], [ 80.161037035369901, 12.736988209820762 ], [ 80.162117128911376, 12.736939550767795 ], [ 80.163738156542365, 12.736193194863105 ], [ 80.164869355599407, 12.734714836968706 ], [ 80.16513543861808, 12.733686091997898 ], [ 80.165085854797795, 12.732625821313921 ], [ 80.164325546627794, 12.731034547221432 ], [ 80.163526766220457, 12.730319237704663 ], [ 80.162550864713182, 12.729862349886826 ] ] ], [ [ [ 80.154971224501708, 12.765343069679398 ], [ 80.153562030552536, 12.765063246115103 ], [ 80.152151005861427, 12.765334033089063 ], [ 80.150952957888194, 12.76611420680841 ], [ 80.150150274684975, 12.767284996537708 ], [ 80.14986516024851, 12.76866816423534 ], [ 80.150141028457483, 12.770053137289048 ], [ 80.150935889140683, 12.771229065037653 ], [ 80.152128735858639, 12.772016919497572 ], [ 80.153537965753813, 12.772296752885108 ], [ 80.154949028554597, 12.772025960973028 ], [ 80.156147094477049, 12.771245770446884 ], [ 80.156949764954646, 12.770074961887303 ], [ 80.157234843445124, 12.768691784366432 ], [ 80.156958937126475, 12.767306816250843 ], [ 80.156164058494042, 12.766130905309037 ], [ 80.154971224501708, 12.765343069679398 ] ] ], [ [ [ 80.153002054407807, 12.781373251100479 ], [ 80.151590937680581, 12.781644029025998 ], [ 80.15039280804055, 12.782424194307357 ], [ 80.149590065967757, 12.783594977498675 ], [ 80.149304924425422, 12.784978141558943 ], [ 80.149680798442702, 12.786613115522188 ], [ 80.15047570368408, 12.78778904632787 ], [ 80.151668623210242, 12.788576906691047 ], [ 80.153077943075061, 12.788856747923994 ], [ 80.154489099298758, 12.788585964602614 ], [ 80.155687247863142, 12.787805782106435 ], [ 80.156489977615067, 12.786634979798642 ], [ 80.15677508299251, 12.785251805804913 ], [ 80.15639916410538, 12.783616839047959 ], [ 80.1556042420805, 12.782440924826842 ], [ 80.154411336762081, 12.781653082944402 ], [ 80.153002054407807, 12.781373251100479 ] ] ], [ [ [ 80.160791427047911, 12.808303059271585 ], [ 80.159020697548101, 12.808039514719114 ], [ 80.157332456261926, 12.808626240252194 ], [ 80.15612538076887, 12.809924680369008 ], [ 80.155684531421613, 12.811628206578963 ], [ 80.155960463185195, 12.813013174006059 ], [ 80.156513460267519, 12.813925326250052 ], [ 80.157312467012105, 12.814640667642147 ], [ 80.158478820698306, 12.815144978899747 ], [ 80.157638645796212, 12.8158764574477 ], [ 80.156916626333569, 12.817178838983731 ], [ 80.156754434448857, 12.818228215595399 ], [ 80.157030376983812, 12.819613182027291 ], [ 80.157583390929233, 12.82052533270819 ], [ 80.15838242051197, 12.82124067198022 ], [ 80.159358653732141, 12.82169759344618 ], [ 80.160428015816308, 12.821856745752191 ], [ 80.16183935262768, 12.821585934664217 ], [ 80.16303764318549, 12.820805728948134 ], [ 80.16388045418411, 12.819574910967496 ], [ 80.164165568382742, 12.818191732185845 ], [ 80.163889587413024, 12.816806770767487 ], [ 80.16333655716646, 12.815894632182276 ], [ 80.162537528515443, 12.815179307846268 ], [ 80.161371165440428, 12.814675014066498 ], [ 80.16261466496961, 12.813355282145089 ], [ 80.162982327511628, 12.812357109699709 ], [ 80.163038895886274, 12.811297181883692 ], [ 80.162779502247176, 12.810266779397109 ], [ 80.162226488901808, 12.809354639161553 ], [ 80.160791427047911, 12.808303059271585 ] ] ], [ [ [ 80.15635317044449, 13.157602606204874 ], [ 80.154562156160154, 13.157510477070618 ], [ 80.153229927236637, 13.158046116116907 ], [ 80.152128270491076, 13.15909058581304 ], [ 80.151572722520797, 13.160392493008953 ], [ 80.151567867021697, 13.161803637002363 ], [ 80.152114452177912, 13.163109184487409 ], [ 80.153129272140944, 13.164110375049793 ], [ 80.154420704132818, 13.164645539006333 ], [ 80.152951165296997, 13.165054669628312 ], [ 80.151834925931752, 13.165946214026794 ], [ 80.151151811634961, 13.167188487261079 ], [ 80.151057759839219, 13.168943622969628 ], [ 80.151419199408011, 13.169944130673013 ], [ 80.152061462324383, 13.170798741990998 ], [ 80.152929238742331, 13.17143385662988 ], [ 80.153947795453647, 13.171794777055851 ], [ 80.15566787077185, 13.171819521112276 ], [ 80.157000171530711, 13.171283874164621 ], [ 80.158021864128756, 13.170289387288033 ], [ 80.15857740451635, 13.168987466412457 ], [ 80.158582222625725, 13.167576320645756 ], [ 80.158035593927238, 13.166270784709576 ], [ 80.157020744469705, 13.165269611967609 ], [ 80.155566666373204, 13.164706551222478 ], [ 80.156918840233601, 13.164305316342997 ], [ 80.157870928851537, 13.163625928680197 ], [ 80.158674967783867, 13.162455226469481 ], [ 80.158941641845573, 13.161426550518323 ], [ 80.158805286758579, 13.160021736517091 ], [ 80.158345498006966, 13.159060774299329 ], [ 80.157620855526815, 13.158271984540075 ], [ 80.15635317044449, 13.157602606204874 ] ] ], [ [ [ 80.154993282731439, 13.175322622527119 ], [ 80.153560600856139, 13.175179581144198 ], [ 80.152061111568074, 13.175644662428219 ], [ 80.150944818818431, 13.1765361991181 ], [ 80.150261667433981, 13.177778466911908 ], [ 80.150115665499897, 13.179182345710144 ], [ 80.150529049184684, 13.180534109099703 ], [ 80.151438892390885, 13.181627961436774 ], [ 80.152706682099776, 13.182297369492755 ], [ 80.154139404337556, 13.18244041804633 ], [ 80.155638932665752, 13.181975327119961 ], [ 80.156755235609182, 13.181083770831398 ], [ 80.157438365542433, 13.179841484624811 ], [ 80.157584326611897, 13.178437599224292 ], [ 80.157170906267467, 13.177085844859148 ], [ 80.156261051825041, 13.17599201195333 ], [ 80.154993282731439, 13.175322622527119 ] ] ], [ [ [ 80.156243705844247, 13.258432660457405 ], [ 80.154810540682718, 13.25828959771103 ], [ 80.153140578990659, 13.258844654019244 ], [ 80.152023892368177, 13.259736167046617 ], [ 80.151340488075235, 13.260978416054984 ], [ 80.151177864100873, 13.262027734489662 ], [ 80.151333203923059, 13.263078111337125 ], [ 80.151793133663659, 13.264039088536162 ], [ 80.152454990818612, 13.264771541655543 ], [ 80.151059146402986, 13.265316071503534 ], [ 80.149849671716993, 13.266614299249612 ], [ 80.149481170168585, 13.267612374194574 ], [ 80.149476261612122, 13.269023505614518 ], [ 80.149837816261069, 13.270024016363916 ], [ 80.150570713414851, 13.270959446149432 ], [ 80.14933055224239, 13.271344628930919 ], [ 80.1484580441183, 13.271973957299295 ], [ 80.14765356675079, 13.273144592863057 ], [ 80.147386695238481, 13.27417323797672 ], [ 80.147446155031105, 13.275863469904339 ], [ 80.147807709543031, 13.276863983114264 ], [ 80.148717870342438, 13.277957857925152 ], [ 80.149986133334679, 13.278627304192382 ], [ 80.151057434733303, 13.278786609554103 ], [ 80.152471405355371, 13.278516018095409 ], [ 80.153402705650066, 13.277973474699818 ], [ 80.154133108267928, 13.277189495702419 ], [ 80.154688946422297, 13.275887609829635 ], [ 80.154735771187831, 13.274197729436773 ], [ 80.154322238487424, 13.272845971695904 ], [ 80.153589321094984, 13.271910551635331 ], [ 80.154791404320662, 13.271626006652076 ], [ 80.155722672778509, 13.271083452598214 ], [ 80.156453046393949, 13.270299464848067 ], [ 80.156919626002733, 13.269341561826485 ], [ 80.157082232397144, 13.268292239134718 ], [ 80.156926865751387, 13.26724186453322 ], [ 80.156466910020583, 13.266280895263256 ], [ 80.155792855601646, 13.265537563919793 ], [ 80.157200880246378, 13.264903897776634 ], [ 80.158006163153232, 13.264193800832629 ], [ 80.158689544716168, 13.262951532771318 ], [ 80.158835577852059, 13.26154765820397 ], [ 80.158575850375016, 13.260517259385267 ], [ 80.158021956669785, 13.259605081524011 ], [ 80.157221599801247, 13.258889679200061 ], [ 80.156243705844247, 13.258432660457405 ] ] ], [ [ [ 80.17318012140548, 12.611342236221841 ], [ 80.172111620421987, 12.611183187085 ], [ 80.170712123669546, 12.611335610182076 ], [ 80.169442767462897, 12.611996913431726 ], [ 80.168714476749585, 12.612781096154491 ], [ 80.16824931948301, 12.613739145208823 ], [ 80.168087356878559, 12.614788555611131 ], [ 80.16836321332417, 12.616173521354652 ], [ 80.168915875981085, 12.617085637280564 ], [ 80.170023736735629, 12.617984353202569 ], [ 80.171745936206321, 12.618416172985709 ], [ 80.172604755996716, 12.619428605914633 ], [ 80.173939983576972, 12.620207144254046 ], [ 80.175348419780136, 12.620486814353509 ], [ 80.176748669726209, 12.620219311773869 ], [ 80.177627761903366, 12.621629467857014 ], [ 80.179159932419253, 12.622537794217161 ], [ 80.180947179309925, 12.622629527431586 ], [ 80.1825674151398, 12.621883002241114 ], [ 80.183482459547264, 12.620794909070895 ], [ 80.183903859133125, 12.619445736967608 ], [ 80.183767466436308, 12.618040887908242 ], [ 80.18309405453634, 12.616794237163232 ], [ 80.182295553577816, 12.616078996719914 ], [ 80.18132003588849, 12.615622198741487 ], [ 80.180251510208748, 12.615463180807797 ], [ 80.178851288899196, 12.615730703674712 ], [ 80.178428444172923, 12.614870041011502 ], [ 80.177705190650684, 12.614081366064488 ], [ 80.176369981044019, 12.613302847463114 ], [ 80.175314614104664, 12.613041311271875 ], [ 80.174445203811786, 12.61201139528408 ], [ 80.17318012140548, 12.611342236221841 ] ] ], [ [ [ 80.172330189377817, 12.622562246169201 ], [ 80.170542949730304, 12.622470455475355 ], [ 80.168922679916051, 12.623216905252823 ], [ 80.167852007802509, 12.62462532107042 ], [ 80.167567196924509, 12.62600853843073 ], [ 80.167996546216216, 12.6277148447009 ], [ 80.169225564978831, 12.629039476916201 ], [ 80.168691934557557, 12.629915327674377 ], [ 80.168426000263864, 12.630944091738545 ], [ 80.168475605454987, 12.632004369444445 ], [ 80.168836481943103, 12.633004850455889 ], [ 80.170034199434568, 12.63431090638602 ], [ 80.171009763149726, 12.634767748133513 ], [ 80.172078360122413, 12.634926807452791 ], [ 80.173488642529634, 12.634655865680589 ], [ 80.174685986907122, 12.633875539878536 ], [ 80.17548810458922, 12.632704631183833 ], [ 80.175772883166601, 12.631321403865511 ], [ 80.175343477026004, 12.62961510698279 ], [ 80.174114422392719, 12.628290500876165 ], [ 80.174648031330065, 12.627414637809006 ], [ 80.174913936589732, 12.62638586549966 ], [ 80.174656907326181, 12.624646449959645 ], [ 80.173595322550582, 12.623231411991354 ], [ 80.172330189377817, 12.622562246169201 ] ] ], [ [ [ 80.173569923180509, 12.63742491719966 ], [ 80.172132899733299, 12.637420459697935 ], [ 80.170512536952785, 12.638166912728011 ], [ 80.169441805613189, 12.639575330029231 ], [ 80.169173570480581, 12.641313110976148 ], [ 80.169562856959203, 12.642803512402017 ], [ 80.170115575127014, 12.643715627879519 ], [ 80.170914120735532, 12.644430906528916 ], [ 80.172034612381154, 12.644923865733496 ], [ 80.171127280375103, 12.646004966342598 ], [ 80.170759930396301, 12.64700317930552 ], [ 80.170755376038443, 12.648414385550025 ], [ 80.171116280511299, 12.649414864246655 ], [ 80.17175739827799, 12.650269383347265 ], [ 80.172623518054976, 12.650904350572139 ], [ 80.173640049343874, 12.651265081158618 ], [ 80.174719446399649, 12.651320507887146 ], [ 80.176095981273335, 12.650915112869955 ], [ 80.177209742232733, 12.650023285294827 ], [ 80.17789116700672, 12.648780801779067 ], [ 80.178036519135048, 12.647376822927328 ], [ 80.177777188171362, 12.646346429083387 ], [ 80.177224436730114, 12.645434327638933 ], [ 80.17642586940363, 12.644719066670534 ], [ 80.175305369015376, 12.644226125455841 ], [ 80.176212677597121, 12.643145008999907 ], [ 80.176580000400037, 12.642146786580467 ], [ 80.176636429489079, 12.641086836595242 ], [ 80.17624710329207, 12.639596442927088 ], [ 80.175185452952633, 12.638181408488991 ], [ 80.173569923180509, 12.63742491719966 ] ] ], [ [ [ 80.172671541968498, 12.849713010081908 ], [ 80.171261859480978, 12.849433252808268 ], [ 80.1697703732722, 12.849724104639193 ], [ 80.168571958854713, 12.850504332214383 ], [ 80.167769061219431, 12.851675156709346 ], [ 80.167483917043441, 12.853058334811745 ], [ 80.16775994479525, 12.854443292325412 ], [ 80.16855513006783, 12.855619180933154 ], [ 80.169748417018695, 12.856406978579207 ], [ 80.171158135733876, 12.856686746107243 ], [ 80.172649662453594, 12.856395888952584 ], [ 80.173848094556632, 12.855615644040109 ], [ 80.174650978880194, 12.85444480034031 ], [ 80.174936086360944, 12.853061612297109 ], [ 80.17466001982568, 12.851676659879089 ], [ 80.173864816214262, 12.850500788443036 ], [ 80.172671541968498, 12.849713010081908 ] ] ], [ [ [ 80.174501357925948, 12.857132357188819 ], [ 80.173070473339109, 12.856989530190733 ], [ 80.171492801624922, 12.857484833356773 ], [ 80.170378068307343, 12.85837656608137 ], [ 80.169695981955925, 12.859618974084583 ], [ 80.169533804089198, 12.860668356830393 ], [ 80.16968907848414, 12.861718744327067 ], [ 80.17058729101575, 12.863209829523015 ], [ 80.170944431043822, 12.864412148491187 ], [ 80.169730303522172, 12.864674103164946 ], [ 80.168531815122634, 12.865454325333541 ], [ 80.167728865372808, 12.86662514546698 ], [ 80.16744369888778, 12.868008320921616 ], [ 80.167719737542555, 12.869393277906386 ], [ 80.168272888882015, 12.870305411758192 ], [ 80.169072099123198, 12.871020727386068 ], [ 80.17004854070322, 12.871477620421929 ], [ 80.171479504142511, 12.871620468649592 ], [ 80.172857257280427, 12.871215170607512 ], [ 80.173972042070247, 12.870323431124998 ], [ 80.174734272042429, 12.8687713658768 ], [ 80.175949566957513, 12.868860467081669 ], [ 80.177457300565052, 12.868425143348173 ], [ 80.178572057383718, 12.867533382384039 ], [ 80.179254125350454, 12.866290950682698 ], [ 80.179416268279596, 12.865241560136607 ], [ 80.179260951809454, 12.864191176089014 ], [ 80.178801555446029, 12.863230256605393 ], [ 80.178021239316109, 12.862400234883411 ], [ 80.177770140444721, 12.861426627435502 ], [ 80.177095951498615, 12.860382658684626 ], [ 80.176676494340114, 12.858895298779281 ], [ 80.175767622575677, 12.857801572783963 ], [ 80.174501357925948, 12.857132357188819 ] ] ], [ [ [ 80.174111912127373, 12.947643277294546 ], [ 80.173040982007322, 12.947795618892835 ], [ 80.17215354489079, 12.948192446613108 ], [ 80.171090457450092, 12.948139546366491 ], [ 80.17003990371829, 12.948394097419204 ], [ 80.1691099209431, 12.948936791642037 ], [ 80.168380596557526, 12.94972089409865 ], [ 80.167825668385689, 12.95102289056781 ], [ 80.167820984297961, 12.952434063263539 ], [ 80.168407264347508, 12.953909574837841 ], [ 80.169421353304671, 12.954910669642048 ], [ 80.1703981117859, 12.955367578327042 ], [ 80.17146804584047, 12.955526719110377 ], [ 80.172539009834139, 12.955374386117565 ], [ 80.173448330189899, 12.954964803648112 ], [ 80.174887725513415, 12.95496950656185 ], [ 80.176218799453295, 12.954433679171601 ], [ 80.177239474304614, 12.953439041626329 ], [ 80.177705302460822, 12.95248103712475 ], [ 80.177867529853245, 12.951431658107458 ], [ 80.177357702343173, 12.949565372567537 ], [ 80.176158560288556, 12.948259287376219 ], [ 80.1751818168364, 12.947802401074908 ], [ 80.174111912127373, 12.947643277294546 ] ] ], [ [ [ 80.160859898351688, 12.976024053129599 ], [ 80.159416902984702, 12.977066391680674 ], [ 80.158857453598372, 12.977974952535659 ], [ 80.15859102416826, 12.979003654763488 ], [ 80.158727343405502, 12.980408482193168 ], [ 80.159575624696686, 12.981844888485002 ], [ 80.159848116829423, 12.983153066317945 ], [ 80.160401462836376, 12.984065222578634 ], [ 80.161837478112318, 12.985116852203429 ], [ 80.163247898443075, 12.985396703240623 ], [ 80.165065789877744, 12.984929761091992 ], [ 80.166689026299736, 12.984824404821692 ], [ 80.167960317011023, 12.984163248541591 ], [ 80.168876826898881, 12.983075319246343 ], [ 80.169299026775136, 12.981726248591711 ], [ 80.169162647556263, 12.980321423187041 ], [ 80.168488460534633, 12.979074714688034 ], [ 80.167688927701576, 12.978359382298711 ], [ 80.166453876779215, 12.977838149492548 ], [ 80.163682478850461, 12.976033141693414 ], [ 80.162272110024333, 12.975753296003591 ], [ 80.160859898351688, 12.976024053129599 ] ] ], [ [ [ 80.168653022721202, 13.068943166104253 ], [ 80.16724212739345, 13.068663317268104 ], [ 80.165829386571289, 13.068934067954208 ], [ 80.164629868775137, 13.069714199941616 ], [ 80.163826185744924, 13.070884948946716 ], [ 80.163540693784597, 13.072268083219695 ], [ 80.16381686445763, 13.073653035268361 ], [ 80.164612661750283, 13.074828957581955 ], [ 80.165806936712144, 13.075616822905804 ], [ 80.16721786895593, 13.075896681710354 ], [ 80.168630648832618, 13.075625925867392 ], [ 80.169830184944175, 13.074845776618693 ], [ 80.170633854821745, 13.073675008359297 ], [ 80.170919309866051, 13.07229186411792 ], [ 80.170643100138477, 13.070906917226106 ], [ 80.169847284530434, 13.069731012173806 ], [ 80.168653022721202, 13.068943166104253 ] ] ], [ [ [ 80.170731735167308, 13.250610517307861 ], [ 80.169399018715879, 13.251146208583645 ], [ 80.168377012546799, 13.252140717358255 ], [ 80.167821307228252, 13.253442643030114 ], [ 80.167816509824917, 13.254853782688798 ], [ 80.168363359745697, 13.25615930367754 ], [ 80.169508610844645, 13.257330450606585 ], [ 80.170837702239709, 13.257874801084672 ], [ 80.172278284585431, 13.257879480692159 ], [ 80.173611033227445, 13.257343776439285 ], [ 80.174633042440021, 13.256349247120045 ], [ 80.175188719983154, 13.255047305155271 ], [ 80.175193474961716, 13.253636162876385 ], [ 80.174646592521313, 13.252330654462984 ], [ 80.173501337347844, 13.251159530080596 ], [ 80.172172274726222, 13.250615194998169 ], [ 80.170731735167308, 13.250610517307861 ] ] ], [ [ [ 80.168773772783339, 13.303782620690358 ], [ 80.167702346467692, 13.303623383020481 ], [ 80.166288240271356, 13.303894050949348 ], [ 80.165356863195385, 13.304436636239799 ], [ 80.164439056489883, 13.305524453781256 ], [ 80.164070544627279, 13.306522546894408 ], [ 80.16400373188786, 13.307772427975069 ], [ 80.164263520526973, 13.308802821828221 ], [ 80.165060011288801, 13.309978767028305 ], [ 80.166255383456971, 13.310766684210993 ], [ 80.16730574244832, 13.311028014901236 ], [ 80.168740170559204, 13.310894394950163 ], [ 80.169767271303769, 13.31041072296706 ], [ 80.170827759909471, 13.311818050671127 ], [ 80.171755446182203, 13.312366718509141 ], [ 80.172726408950538, 13.312616226761399 ], [ 80.173117355227689, 13.313814284006124 ], [ 80.174027762734241, 13.314908080028314 ], [ 80.174955468269104, 13.31545673715722 ], [ 80.176200771225297, 13.315728044841872 ], [ 80.176352497790987, 13.316698415179003 ], [ 80.176812616867252, 13.317659354963952 ], [ 80.178138383453742, 13.3188439502034 ], [ 80.179527588269224, 13.319304805796678 ], [ 80.180609867057726, 13.319360378259505 ], [ 80.181662014631854, 13.319105884063964 ], [ 80.182862749089367, 13.318325755949013 ], [ 80.183667226708337, 13.317155011941679 ], [ 80.183952975994231, 13.31577189145189 ], [ 80.183676502382951, 13.314386964219242 ], [ 80.182879905104329, 13.31321107170135 ], [ 80.181684462902595, 13.312423229053469 ], [ 80.180131672930088, 13.312055158501927 ], [ 80.17997743276706, 13.310981579254696 ], [ 80.179302388791015, 13.309734874026201 ], [ 80.178191583564214, 13.308836058257492 ], [ 80.177083635805474, 13.308462009317509 ], [ 80.176497293346429, 13.306890679942283 ], [ 80.175481817020795, 13.305889552440584 ], [ 80.174503701772011, 13.305432592361386 ], [ 80.173432263050898, 13.305273378221127 ], [ 80.172359768700346, 13.305425620643247 ], [ 80.171156549419536, 13.306005738030292 ], [ 80.170309931676059, 13.30469120196047 ], [ 80.168773772783339, 13.303782620690358 ] ] ], [ [ [ 80.162464044225175, 13.33823267123593 ], [ 80.16103040717428, 13.338089616278104 ], [ 80.159649990924834, 13.338494679267617 ], [ 80.158482943596823, 13.339416194443405 ], [ 80.157799322475924, 13.340658441736128 ], [ 80.157653207720216, 13.34206230390344 ], [ 80.15806685279405, 13.343414057070284 ], [ 80.15897729190452, 13.34450790711441 ], [ 80.160245921331679, 13.345177321100969 ], [ 80.161679599191558, 13.345320382862315 ], [ 80.16306005220487, 13.344915311129739 ], [ 80.164227111169268, 13.343993775813026 ], [ 80.164910710942806, 13.3427515101213 ], [ 80.165056784702813, 13.341347641391375 ], [ 80.164643102862783, 13.339995897320811 ], [ 80.163732652647681, 13.338902066731567 ], [ 80.162464044225175, 13.33823267123593 ] ] ], [ [ [ 80.177139933238109, 12.65317491127861 ], [ 80.175702820429223, 12.653170467578114 ], [ 80.174082364358313, 12.653916935929194 ], [ 80.173011580464461, 12.655325363070896 ], [ 80.172726752313494, 12.656708582409214 ], [ 80.172881969376604, 12.657758977197215 ], [ 80.17359101759105, 12.659159900300891 ], [ 80.174314375712754, 12.659948590837455 ], [ 80.175485560657563, 12.660584355093491 ], [ 80.174573871993871, 12.661501131813406 ], [ 80.173978632254148, 12.662789181569257 ], [ 80.173816648993153, 12.663838591172194 ], [ 80.174092572282376, 12.665223551148305 ], [ 80.174645350284422, 12.666135659699671 ], [ 80.175443975103164, 12.666850928679434 ], [ 80.176419669595617, 12.667307757767226 ], [ 80.177488405410188, 12.667466803585729 ], [ 80.178898864829108, 12.667195844512264 ], [ 80.180096352349707, 12.666415504619504 ], [ 80.180898557508229, 12.665244587201421 ], [ 80.181313349974417, 12.663531355774088 ], [ 80.181158096109456, 12.662480964010671 ], [ 80.180699008221652, 12.661520055049966 ], [ 80.179975625250364, 12.660731380474296 ], [ 80.178804427272453, 12.660095635254994 ], [ 80.179716096436763, 12.659178842710114 ], [ 80.180181305347887, 12.658220779322976 ], [ 80.18034325781791, 12.657171363586908 ], [ 80.180067306263055, 12.655786407717798 ], [ 80.178755570962323, 12.653931386807649 ], [ 80.177139933238109, 12.65317491127861 ] ] ], [ [ [ 80.181940384809238, 12.687872857152712 ], [ 80.180170453077352, 12.687609502038059 ], [ 80.178653724131166, 12.688064904495809 ], [ 80.177323531487602, 12.689241145902601 ], [ 80.176715130588391, 12.69089415383012 ], [ 80.176851497771153, 12.692298998916419 ], [ 80.177554593693245, 12.693577872766816 ], [ 80.177452804825606, 12.694813177195885 ], [ 80.177865706791124, 12.696164907123132 ], [ 80.179063747141569, 12.697470937363581 ], [ 80.180747403106963, 12.698068268629251 ], [ 80.182178290185789, 12.697934356912359 ], [ 80.183448056551455, 12.697273021359223 ], [ 80.184453385821186, 12.696074946328817 ], [ 80.184874929080991, 12.694725787467306 ], [ 80.184738517154159, 12.693320943982272 ], [ 80.18408548891793, 12.692101690823122 ], [ 80.184187141822576, 12.690866776943521 ], [ 80.183927752898185, 12.689836388212811 ], [ 80.183132963196201, 12.688660558644193 ], [ 80.181940384809238, 12.687872857152712 ] ] ], [ [ [ 80.177201647101882, 12.714903210560935 ], [ 80.175790920373586, 12.715174143393201 ], [ 80.174349537922808, 12.716216679437705 ], [ 80.173667896238456, 12.717459135530024 ], [ 80.173522455995567, 12.718863100752623 ], [ 80.173935367520571, 12.720214835488127 ], [ 80.17541377518927, 12.722018553408388 ], [ 80.176679391569053, 12.722687730429831 ], [ 80.178109527715378, 12.722830493230294 ], [ 80.179486449991714, 12.722425106108554 ], [ 80.18060052693707, 12.721533287431479 ], [ 80.181282148165863, 12.72029081248591 ], [ 80.181427547340149, 12.718886840590717 ], [ 80.181014597124104, 12.717535115096089 ], [ 80.17980329063063, 12.715970615722474 ], [ 80.178610601442188, 12.715182893709775 ], [ 80.177201647101882, 12.714903210560935 ] ] ], [ [ [ 80.186200741056311, 12.767292252928891 ], [ 80.184770349697573, 12.767149518892062 ], [ 80.183470573501424, 12.767444173439097 ], [ 80.18227260210908, 12.768224494427018 ], [ 80.181470049648453, 12.769395387664888 ], [ 80.18118510023362, 12.770778599345578 ], [ 80.181461142630511, 12.772163550141583 ], [ 80.182256160142487, 12.77333939276031 ], [ 80.183449122434013, 12.774127112169491 ], [ 80.184858409030937, 12.774406781152937 ], [ 80.186519464203897, 12.774095819401744 ], [ 80.187717452559895, 12.773315480371172 ], [ 80.188519990953822, 12.772144567496117 ], [ 80.188804902973715, 12.770761345722455 ], [ 80.18852882115165, 12.76937640013446 ], [ 80.187466606332634, 12.767961391476984 ], [ 80.186200741056311, 12.767292252928891 ] ] ], [ [ [ 80.185003197485628, 13.237702503396715 ], [ 80.183570126173109, 13.237559608114427 ], [ 80.182298339437168, 13.237824131261386 ], [ 80.181098014507796, 13.238604284442461 ], [ 80.180293806475632, 13.239775041763583 ], [ 80.180008151629096, 13.241158170257881 ], [ 80.180284546449698, 13.242543103324948 ], [ 80.181080920911313, 13.243718996311799 ], [ 80.182276038233198, 13.24450682637123 ], [ 80.183687949728721, 13.244786649293387 ], [ 80.185321699575525, 13.24450586136639 ], [ 80.186522042308397, 13.243725689581208 ], [ 80.18732623587627, 13.242554912023037 ], [ 80.187611852010662, 13.241171773185179 ], [ 80.187335416368555, 13.239786845588418 ], [ 80.186271369005084, 13.238371764810779 ], [ 80.185003197485628, 13.237702503396715 ] ] ], [ [ [ 80.182461536985613, 13.263550541308348 ], [ 80.181128770264237, 13.264086290726851 ], [ 80.180106751633758, 13.265080845143853 ], [ 80.179551073567907, 13.266382797013605 ], [ 80.179546338995237, 13.267793939434858 ], [ 80.180093277769004, 13.269099439322343 ], [ 80.181208630417032, 13.270210544270013 ], [ 80.182537819826081, 13.270754838814447 ], [ 80.183978482279031, 13.270759456732831 ], [ 80.185311280916181, 13.270223694434927 ], [ 80.186333302399632, 13.269229119560306 ], [ 80.18688895262963, 13.267927151469641 ], [ 80.186893644882076, 13.266516006469351 ], [ 80.186346673861721, 13.265210519145427 ], [ 80.185231317940577, 13.264099436224026 ], [ 80.183902156970802, 13.263555157198534 ], [ 80.182461536985613, 13.263550541308348 ] ] ], [ [ [ 80.195399745434742, 12.614012731595222 ], [ 80.19399131569611, 12.613733167958806 ], [ 80.191931172247735, 12.614094223950513 ], [ 80.190733971053007, 12.614874637121874 ], [ 80.189931980528172, 12.616045600851727 ], [ 80.189666147636416, 12.617074393251185 ], [ 80.189761889296975, 12.618317613614334 ], [ 80.188849135905386, 12.619809406958126 ], [ 80.188703867568634, 12.62121339914211 ], [ 80.188963224041274, 12.622243785408493 ], [ 80.18951597404714, 12.623155863585698 ], [ 80.190950172919457, 12.62420724592433 ], [ 80.192358654918749, 12.624486828661777 ], [ 80.195598233639814, 12.624264315046885 ], [ 80.196867593066017, 12.623602887644317 ], [ 80.197938109226357, 12.622194345322981 ], [ 80.198206123763725, 12.620456519869739 ], [ 80.197946731089544, 12.619426140314106 ], [ 80.197440129903327, 12.618575613423834 ], [ 80.197662703614455, 12.617361089636391 ], [ 80.197507398336128, 12.616310701435143 ], [ 80.196833921743377, 12.615064081407496 ], [ 80.195399745434742, 12.614012731595222 ] ] ], [ [ [ 80.191594124582721, 12.62651133903992 ], [ 80.191040122422862, 12.627813465936333 ], [ 80.191035686403197, 12.629224681392847 ], [ 80.191581500452571, 12.630530141196173 ], [ 80.192594475814744, 12.631531098388622 ], [ 80.193920396757662, 12.632075162176145 ], [ 80.195747403678794, 12.632109499756817 ], [ 80.197076706014315, 12.631573449561468 ], [ 80.19809592824673, 12.630578624291587 ], [ 80.198649902451066, 12.629276481211644 ], [ 80.19865429673888, 12.627865263108875 ], [ 80.198108450704851, 12.626559815689216 ], [ 80.197095470938422, 12.625558878949779 ], [ 80.195769575005642, 12.62501483230357 ], [ 80.19394261838508, 12.624980497903394 ], [ 80.192613345419829, 12.625516534410654 ], [ 80.191594124582721, 12.62651133903992 ] ] ], [ [ [ 80.188890421858176, 12.711602211091613 ], [ 80.187821493550643, 12.711443199994946 ], [ 80.186410793839585, 12.711714191253579 ], [ 80.185481743592305, 12.712257007867274 ], [ 80.18456635631577, 12.713345081109365 ], [ 80.184094768407022, 12.715134234585591 ], [ 80.184231180848002, 12.716539076612738 ], [ 80.184904829654101, 12.717785731582348 ], [ 80.185926334173047, 12.718632949413692 ], [ 80.184633041631059, 12.719594536875855 ], [ 80.183986273502782, 12.720445069685022 ], [ 80.183618847233546, 12.721443291420368 ], [ 80.183562408099036, 12.72250323724376 ], [ 80.184233404622319, 12.724257398614624 ], [ 80.184284302504906, 12.72529450138353 ], [ 80.184621786508586, 12.726273633807399 ], [ 80.185174721500843, 12.727185726666088 ], [ 80.18592195651695, 12.727863158928463 ], [ 80.185427683223423, 12.728859280204491 ], [ 80.185184553789611, 12.730004237038958 ], [ 80.185441715365414, 12.73174363964324 ], [ 80.186236637602917, 12.732919467309438 ], [ 80.187680005910053, 12.733796041131635 ], [ 80.186778638912969, 12.735523322664962 ], [ 80.186722206064545, 12.7365832686557 ], [ 80.186981642009158, 12.737613654629355 ], [ 80.187534607774651, 12.73852574378766 ], [ 80.188333484342238, 12.739240986123434 ], [ 80.18965993826923, 12.739785099989549 ], [ 80.190739715132437, 12.739840484223802 ], [ 80.192296717113933, 12.739405035244237 ], [ 80.193410830535811, 12.738513165579457 ], [ 80.19409244200709, 12.737270658206853 ], [ 80.194237786689953, 12.735866677382077 ], [ 80.193978322324767, 12.734836296728009 ], [ 80.193425339850293, 12.733924219874025 ], [ 80.192626463764498, 12.733208992765112 ], [ 80.191623563163418, 12.73274549921169 ], [ 80.192552348031185, 12.730900673524646 ], [ 80.192645753806872, 12.729145437178707 ], [ 80.192099755610926, 12.727839976106321 ], [ 80.191120606887566, 12.726864050119014 ], [ 80.191552276156429, 12.725960682854486 ], [ 80.191714242823494, 12.724911265243133 ], [ 80.1915589245299, 12.72386087950318 ], [ 80.191096317923879, 12.722808842384868 ], [ 80.191224198808158, 12.72189126942818 ], [ 80.19106888360885, 12.720840883396479 ], [ 80.190395196613977, 12.719594242069693 ], [ 80.189373672546978, 12.718747040393199 ], [ 80.190356952653971, 12.718065432648315 ], [ 80.191159289611278, 12.716894495722835 ], [ 80.191475239079153, 12.715425714307933 ], [ 80.191425544299051, 12.714365440638666 ], [ 80.190665114331082, 12.712774233247497 ], [ 80.189866308962635, 12.712059001138158 ], [ 80.188890421858176, 12.711602211091613 ] ] ], [ [ [ 80.191541170532105, 12.771817036877319 ], [ 80.190812457727247, 12.772601247194094 ], [ 80.190347052167823, 12.773559310846386 ], [ 80.190185036489837, 12.774608721607752 ], [ 80.190340366951887, 12.775659105691464 ], [ 80.190799670326129, 12.776620004422654 ], [ 80.191523394335135, 12.777408664580378 ], [ 80.19327984460233, 12.778195096225286 ], [ 80.194359785566462, 12.778250475328521 ], [ 80.197138760657808, 12.777804308689159 ], [ 80.198117773130974, 12.777353479209708 ], [ 80.198856842503218, 12.776712484562578 ], [ 80.200609948094836, 12.777515122881452 ], [ 80.202398832398487, 12.777434291847099 ], [ 80.203377835278886, 12.776983442204141 ], [ 80.204181335245892, 12.776273074225191 ], [ 80.204951952903897, 12.774686511325516 ], [ 80.204956364512327, 12.773275306477638 ], [ 80.204410221056719, 12.771969865744445 ], [ 80.20339667447972, 12.770968928067454 ], [ 80.201860031154567, 12.770324873663613 ], [ 80.200071197055323, 12.770405704041881 ], [ 80.199092215106916, 12.770856542796075 ], [ 80.198353164217494, 12.77149753942987 ], [ 80.197010614743988, 12.770802201669085 ], [ 80.19558019405973, 12.770659524677324 ], [ 80.192811295257982, 12.771155680823757 ], [ 80.191541170532105, 12.771817036877319 ] ] ], [ [ [ 80.188980272381571, 12.802409527468775 ], [ 80.187930348258703, 12.802664190701691 ], [ 80.18700095685881, 12.803206989117571 ], [ 80.186272134713832, 12.803991178790525 ], [ 80.185784960049446, 12.80503307569114 ], [ 80.183970969937377, 12.805806963445562 ], [ 80.182899547349479, 12.807215378979626 ], [ 80.182594547783339, 12.808768585758816 ], [ 80.182870626230255, 12.81015353410379 ], [ 80.183665758436021, 12.811329376718067 ], [ 80.184858896614173, 12.812117098557817 ], [ 80.186268393502004, 12.812396772025254 ], [ 80.188007097397346, 12.811975072341312 ], [ 80.189121558622517, 12.811083245615572 ], [ 80.189832393095855, 12.809728698883509 ], [ 80.190799687942572, 12.809485802926478 ], [ 80.191729095891205, 12.808942992251714 ], [ 80.192800479579219, 12.807534538468882 ], [ 80.193068801670435, 12.805796755976957 ], [ 80.192400709916157, 12.804010039058634 ], [ 80.19167691235377, 12.803221378180352 ], [ 80.190751006825181, 12.80267287019705 ], [ 80.188980272381571, 12.802409527468775 ] ] ], [ [ [ 80.191942546778421, 13.132012413228903 ], [ 80.190510080722959, 13.131869591088318 ], [ 80.188838763116664, 13.132154169619076 ], [ 80.187908105546029, 13.132696885370629 ], [ 80.186991082419269, 13.133784841844262 ], [ 80.186568667380939, 13.135133916072576 ], [ 80.18670517641111, 13.136538726583607 ], [ 80.187379836150853, 13.13778540341235 ], [ 80.188489941241798, 13.138684148038143 ], [ 80.189866487078731, 13.139098130406994 ], [ 80.191919908658932, 13.138934320556125 ], [ 80.193191953839175, 13.138273090737858 ], [ 80.194108968852674, 13.137185111911863 ], [ 80.194550273001411, 13.135481581424431 ], [ 80.194273880745385, 13.134096654635874 ], [ 80.193210212041578, 13.132681615280966 ], [ 80.191942546778421, 13.132012413228903 ] ] ], [ [ [ 80.188683070704954, 13.22331247725382 ], [ 80.187250079592062, 13.223169607204683 ], [ 80.185870359147913, 13.223574856557253 ], [ 80.18475395146983, 13.224466531720569 ], [ 80.184070817163018, 13.225708887377779 ], [ 80.183924961752794, 13.227112790054033 ], [ 80.184338599140716, 13.228464509681858 ], [ 80.18524876462179, 13.229558257251615 ], [ 80.186516896097118, 13.23022751546392 ], [ 80.187949927521998, 13.230370391908755 ], [ 80.189329684110831, 13.22996513355548 ], [ 80.190446102593171, 13.229073439267536 ], [ 80.191129216034895, 13.227831065564731 ], [ 80.191275031133145, 13.226427156492772 ], [ 80.190861357600554, 13.225075445865663 ], [ 80.189951181315209, 13.223981717420532 ], [ 80.188683070704954, 13.22331247725382 ] ] ], [ [ [ 80.1885936130505, 13.325722531336876 ], [ 80.186801347158664, 13.32563055646194 ], [ 80.185468241212206, 13.326166306983792 ], [ 80.184445963842848, 13.327160860011954 ], [ 80.183820143361899, 13.328722807038526 ], [ 80.183763408135135, 13.329782695742194 ], [ 80.184023299432468, 13.330813073863425 ], [ 80.185222052627253, 13.332326419968444 ], [ 80.185607160578471, 13.333484431720953 ], [ 80.186473011564246, 13.334538268553064 ], [ 80.186475328834334, 13.335903977261621 ], [ 80.186837120897295, 13.336904444952658 ], [ 80.188047673725833, 13.338258201140109 ], [ 80.189667657660763, 13.339014834711055 ], [ 80.190750028762196, 13.339070369014333 ], [ 80.191725820356595, 13.338842343635722 ], [ 80.192756406331128, 13.339337490013962 ], [ 80.193828011182759, 13.339496631543602 ], [ 80.195570455977077, 13.339075113078522 ], [ 80.19668737603989, 13.338183426211497 ], [ 80.19745999994602, 13.336597057351907 ], [ 80.197516679036525, 13.335537162829228 ], [ 80.197183575783583, 13.334354066707302 ], [ 80.197837540369676, 13.333344837594815 ], [ 80.198123234575604, 13.331961699379672 ], [ 80.197846666531007, 13.330576783667604 ], [ 80.197224894018987, 13.32959118158705 ], [ 80.198366533213814, 13.330167523291813 ], [ 80.199438103092092, 13.33032663914828 ], [ 80.200650699888186, 13.330144287512297 ], [ 80.201923747448177, 13.329483079396658 ], [ 80.202841491597141, 13.328395123959487 ], [ 80.203209886440661, 13.327396969030712 ], [ 80.203214505879544, 13.325985824934289 ], [ 80.202852658660674, 13.324985376842845 ], [ 80.201942080527175, 13.323891675447168 ], [ 80.200673431265372, 13.323222468684978 ], [ 80.199239846654436, 13.323079633285978 ], [ 80.198047697508287, 13.323364199654058 ], [ 80.196602723823148, 13.324406608870456 ], [ 80.195830137897758, 13.325992978504926 ], [ 80.195912401535551, 13.327748682421429 ], [ 80.196655160848294, 13.329068846552808 ], [ 80.195513531163485, 13.328492497620999 ], [ 80.194079920446327, 13.328349631545587 ], [ 80.192629605422241, 13.328774880676226 ], [ 80.191737092071506, 13.329425703234298 ], [ 80.191191985931098, 13.328952657947818 ], [ 80.190926660218238, 13.327806876566092 ], [ 80.190372503825685, 13.326894757924272 ], [ 80.189571837189916, 13.326179442669021 ], [ 80.1885936130505, 13.325722531336876 ] ] ], [ [ [ 80.196273940984568, 12.639111383287078 ], [ 80.195719930762323, 12.640413518480319 ], [ 80.195715515858154, 12.641824734239039 ], [ 80.196261376995565, 12.643130186300789 ], [ 80.197274418253883, 12.644131128881222 ], [ 80.198600413865634, 12.644675173406535 ], [ 80.200207489763599, 12.644699490406056 ], [ 80.201536850916014, 12.644163421828569 ], [ 80.202556109892555, 12.643168582398072 ], [ 80.203110093177429, 12.641866431539141 ], [ 80.203114467508527, 12.640455213224229 ], [ 80.202568575528062, 12.639149773188548 ], [ 80.201555530824777, 12.638148850299942 ], [ 80.20022956084766, 12.637604821858449 ], [ 80.198622529251807, 12.637580507643694 ], [ 80.197293197825616, 12.638116563628662 ], [ 80.196273940984568, 12.639111383287078 ] ] ], [ [ [ 80.197812465596812, 12.738191709281912 ], [ 80.196040539789308, 12.738444232386328 ], [ 80.194439096532179, 12.739556872199703 ], [ 80.193668535085024, 12.741143411039753 ], [ 80.193612128078456, 12.742203359704735 ], [ 80.193871596585296, 12.743233740511796 ], [ 80.194933754023353, 12.744648721987122 ], [ 80.196729816604872, 12.745431861681052 ], [ 80.197384594236468, 12.746625848557748 ], [ 80.198493093945856, 12.747524477397359 ], [ 80.200228651914102, 12.747956802134807 ], [ 80.201639544282074, 12.747685749136917 ], [ 80.202957361852114, 12.746835328679992 ], [ 80.20375974200816, 12.745664358036693 ], [ 80.204044533718218, 12.744281110388716 ], [ 80.203768387816822, 12.742896174746484 ], [ 80.202706185850786, 12.741481226069235 ], [ 80.200952399362222, 12.740704412753139 ], [ 80.200509845365161, 12.739789885030669 ], [ 80.199786191695495, 12.739001251987272 ], [ 80.198860492086226, 12.738452782711391 ], [ 80.197812465596812, 12.738191709281912 ] ] ], [ [ [ 80.198191424717365, 12.795893213777504 ], [ 80.196410263908106, 12.796224229584977 ], [ 80.194968479157794, 12.797266849123028 ], [ 80.194286692883793, 12.798509343824286 ], [ 80.194193243199479, 12.800264570796692 ], [ 80.194784414223918, 12.801705027427777 ], [ 80.195693185973809, 12.802798685127131 ], [ 80.196959250199228, 12.803467788424417 ], [ 80.198076012594484, 12.803624642365641 ], [ 80.197395136613736, 12.804505175495814 ], [ 80.196957617850501, 12.805663404400216 ], [ 80.196952949004995, 12.807073242965746 ], [ 80.196674539718103, 12.808438783087047 ], [ 80.196829909285114, 12.809489163521731 ], [ 80.197289291191581, 12.810450053625919 ], [ 80.198505893055639, 12.811829532579081 ], [ 80.200098889233146, 12.812752653225468 ], [ 80.201279994816716, 12.814041537734965 ], [ 80.201510632351059, 12.815953776302861 ], [ 80.202063805139616, 12.816865842951193 ], [ 80.202929151112656, 12.817680365855013 ], [ 80.201430660232873, 12.818397102209413 ], [ 80.200384927344572, 12.819585201697283 ], [ 80.199944349940822, 12.821288817838207 ], [ 80.200220533726537, 12.822673753155238 ], [ 80.200773714895107, 12.823585822647388 ], [ 80.201882546561734, 12.824484452680165 ], [ 80.20305980509815, 12.824875111054309 ], [ 80.204497895450814, 12.824879464426159 ], [ 80.206119392135491, 12.824132879401494 ], [ 80.207190768844555, 12.822724367707993 ], [ 80.207475654117047, 12.821341128326544 ], [ 80.207290234040968, 12.820160752376463 ], [ 80.206830797802766, 12.819199877157478 ], [ 80.205940872523925, 12.818289629247211 ], [ 80.207148179772901, 12.817783425756076 ], [ 80.208168153471959, 12.816788617374785 ], [ 80.208722540209706, 12.815486492245826 ], [ 80.208726945394289, 12.814075290463636 ], [ 80.208180707098776, 12.812769855243028 ], [ 80.207406940216458, 12.811916622406526 ], [ 80.207426895470405, 12.810445305308667 ], [ 80.206880670717965, 12.809139867884502 ], [ 80.205866974421113, 12.808138933189117 ], [ 80.204483787982156, 12.807586503933502 ], [ 80.204206436538158, 12.807114313920589 ], [ 80.204256830497542, 12.805525344978371 ], [ 80.203710631515946, 12.804219902077365 ], [ 80.202387328587164, 12.803035544699673 ], [ 80.20060395275722, 12.802605356503776 ], [ 80.201284812606303, 12.801724813992367 ], [ 80.201773175413791, 12.800300534510228 ], [ 80.202727471561147, 12.800528281693536 ], [ 80.203807838424908, 12.800479468206113 ], [ 80.204827244600651, 12.800124972684223 ], [ 80.205697896395563, 12.799495325029184 ], [ 80.20662332966441, 12.797990539338487 ], [ 80.206716691850104, 12.796235302525284 ], [ 80.206355473332863, 12.795234862317475 ], [ 80.205446678461371, 12.794141239655612 ], [ 80.204520772111522, 12.793592779884383 ], [ 80.20311135225306, 12.793313208711316 ], [ 80.201700204871059, 12.793584253753391 ], [ 80.200770874369653, 12.794127104843309 ], [ 80.200042120230464, 12.794911337232266 ], [ 80.199506866416755, 12.796139485961016 ], [ 80.198191424717365, 12.795893213777504 ] ] ], [ [ [ 80.191641874136181, 12.822481228083319 ], [ 80.191087384308545, 12.8237833104407 ], [ 80.191082877399992, 12.825194505079386 ], [ 80.191629048275928, 12.826499970955755 ], [ 80.192642753959817, 12.827500960140881 ], [ 80.193969667536379, 12.82804507690375 ], [ 80.195667776465086, 12.828099480553748 ], [ 80.196998125772737, 12.827563499701457 ], [ 80.198018178658486, 12.826568736076014 ], [ 80.19857264073616, 12.825266637623459 ], [ 80.198577105943897, 12.823855440384166 ], [ 80.198030903223895, 12.822549986888214 ], [ 80.197017193571156, 12.821549018011169 ], [ 80.195690305672031, 12.821004917992315 ], [ 80.193992244204978, 12.820950517286027 ], [ 80.19266192507601, 12.821486484886435 ], [ 80.191641874136181, 12.822481228083319 ] ] ], [ [ [ 80.201272635359146, 12.831611734801026 ], [ 80.199840995656558, 12.831745704105577 ], [ 80.198570574054315, 12.832407074092831 ], [ 80.197654775389509, 12.833495160369885 ], [ 80.197233022840905, 12.834844315891969 ], [ 80.197369531351498, 12.836249146747784 ], [ 80.198153524788751, 12.837795780890124 ], [ 80.19926240563403, 12.838694424140392 ], [ 80.200637351795109, 12.839108263213292 ], [ 80.202069033237436, 12.838974292074264 ], [ 80.203339480753783, 12.838312906904813 ], [ 80.204255274890187, 12.837224800798419 ], [ 80.20467699543066, 12.835875632275716 ], [ 80.204540446191729, 12.834470802798037 ], [ 80.203756421607807, 12.832924185630239 ], [ 80.202647547674644, 12.832025561502689 ], [ 80.201272635359146, 12.831611734801026 ] ] ], [ [ [ 80.201701128858147, 12.843562826338196 ], [ 80.199930095216587, 12.843299540481832 ], [ 80.198372533530048, 12.843794992197466 ], [ 80.197041566425895, 12.844971275661134 ], [ 80.196432854930805, 12.846624295026668 ], [ 80.196482562310024, 12.847684560043298 ], [ 80.196843803118753, 12.848685011977382 ], [ 80.197485470672291, 12.849539491592534 ], [ 80.19822687600491, 12.850100121651025 ], [ 80.197301654854428, 12.850536510311716 ], [ 80.196497888677214, 12.851246838272766 ], [ 80.19572695741347, 12.852833350412421 ], [ 80.195809265505133, 12.854589108832405 ], [ 80.196268714753884, 12.85555000208492 ], [ 80.196977032413329, 12.856324665974213 ], [ 80.196255875671071, 12.85760932570393 ], [ 80.196162392507077, 12.859364545095177 ], [ 80.196523645879154, 12.860364997503076 ], [ 80.197432620541775, 12.861458657303526 ], [ 80.19842874974232, 12.862067153361684 ], [ 80.199477280917904, 12.862328252287451 ], [ 80.200909094889397, 12.862194295488969 ], [ 80.202179665537656, 12.861532924127314 ], [ 80.203095554652634, 12.860444829199942 ], [ 80.203517327560959, 12.859095667533451 ], [ 80.203259966012638, 12.857356284097627 ], [ 80.202201202513308, 12.855944785497989 ], [ 80.203024084207229, 12.854550628471967 ], [ 80.203117516015737, 12.852795403086548 ], [ 80.202571235944376, 12.851489956807226 ], [ 80.201373136561955, 12.850379870615546 ], [ 80.202609569476351, 12.849702916673124 ], [ 80.203338484135259, 12.848918689222486 ], [ 80.203803997915188, 12.847960613316676 ], [ 80.203949390278567, 12.8465566393596 ], [ 80.203689800452892, 12.845526267767813 ], [ 80.203136565269475, 12.844614202476746 ], [ 80.201701128858147, 12.843562826338196 ] ] ], [ [ [ 80.196971358529822, 12.880944583420208 ], [ 80.196045536166068, 12.882449304456989 ], [ 80.195883446282423, 12.883498707399605 ], [ 80.196038839488807, 12.884549084906178 ], [ 80.196498337187279, 12.885509978862018 ], [ 80.197222370386655, 12.886298636443875 ], [ 80.198889514182724, 12.887075068830297 ], [ 80.200679174997475, 12.886994295874802 ], [ 80.201949875071875, 12.886332934232014 ], [ 80.202702034728958, 12.885511122455869 ], [ 80.203898004883726, 12.885479459305996 ], [ 80.20491776091778, 12.885124985789005 ], [ 80.206032505299149, 12.884233107731582 ], [ 80.206597028349847, 12.883309568773191 ], [ 80.207735707311983, 12.882916985413937 ], [ 80.208610339773458, 12.883411947459416 ], [ 80.20646121792818, 12.884894670326055 ], [ 80.205554062234015, 12.886035222164175 ], [ 80.205186438770355, 12.887033452359116 ], [ 80.205181987824503, 12.88844464509944 ], [ 80.205543312344247, 12.889445087425248 ], [ 80.206452425148456, 12.890538721980592 ], [ 80.207378678334592, 12.891087191961274 ], [ 80.208788642754143, 12.891366770345785 ], [ 80.21020033696125, 12.891095720700045 ], [ 80.212990032106902, 12.889632844220008 ], [ 80.214061672093337, 12.888224325346949 ], [ 80.214346615708962, 12.886841087436576 ], [ 80.214070304757058, 12.885456165066442 ], [ 80.21327481340029, 12.884280398989757 ], [ 80.211729657649173, 12.883248043852477 ], [ 80.213358732581014, 12.8825833975881 ], [ 80.214378960232736, 12.881588583709874 ], [ 80.214933478045253, 12.880286458214638 ], [ 80.214937871508482, 12.878875261265273 ], [ 80.214391480527809, 12.877569835336754 ], [ 80.21314252367425, 12.876429782468064 ], [ 80.2135564386883, 12.874781088359034 ], [ 80.213126466286667, 12.87307484420444 ], [ 80.212454688356189, 12.872180398059838 ], [ 80.211261184609882, 12.871392783316095 ], [ 80.209489943702252, 12.871129550552643 ], [ 80.207801368947074, 12.871716579367751 ], [ 80.206997559289675, 12.872426936147066 ], [ 80.206315605034732, 12.873669446579786 ], [ 80.206153565376468, 12.874718859410773 ], [ 80.206426920395842, 12.876095747916141 ], [ 80.205251977077893, 12.876130543969891 ], [ 80.204232258583275, 12.876485021181738 ], [ 80.203117544221172, 12.877376893728565 ], [ 80.202536923673662, 12.878344142630409 ], [ 80.201161398658869, 12.878886530581044 ], [ 80.200107338774856, 12.879936218959505 ], [ 80.198510852238016, 12.880045700484905 ], [ 80.196971358529822, 12.880944583420208 ] ] ], [ [ [ 80.195932838274246, 13.198162427562506 ], [ 80.194499986366182, 13.198019606062612 ], [ 80.193010420541498, 13.198464903487421 ], [ 80.19189415655417, 13.199356619643661 ], [ 80.19121113474111, 13.200599002916457 ], [ 80.191065343495652, 13.202002915616955 ], [ 80.191478986933674, 13.203354626145126 ], [ 80.19238909941059, 13.204448346877321 ], [ 80.193657126887999, 13.20511756460731 ], [ 80.195090019159707, 13.205260393097912 ], [ 80.196579623866427, 13.204815085958124 ], [ 80.19769589805577, 13.203923350195481 ], [ 80.198378898368716, 13.20268094858665 ], [ 80.198524648719513, 13.201277029415939 ], [ 80.198110968660799, 13.199925328028252 ], [ 80.197200845045614, 13.198831626754718 ], [ 80.195932838274246, 13.198162427562506 ] ] ], [ [ [ 80.196683563147644, 13.206993070820699 ], [ 80.194789977323609, 13.206739607924479 ], [ 80.193099047986607, 13.207326391983264 ], [ 80.191890088778223, 13.208624854634067 ], [ 80.191448604999621, 13.21032836231065 ], [ 80.191604099754286, 13.211378727097147 ], [ 80.192064107281723, 13.21233963918867 ], [ 80.192789014754197, 13.213128344163495 ], [ 80.193695306826498, 13.213667064374903 ], [ 80.193024063559449, 13.214695224697744 ], [ 80.192757458429966, 13.215723936886654 ], [ 80.192807128347667, 13.216784176149208 ], [ 80.19333335735017, 13.218055591514913 ], [ 80.193435510517389, 13.219385825601286 ], [ 80.193007383174901, 13.22074393628372 ], [ 80.193173945328809, 13.222278739286075 ], [ 80.193633977039141, 13.223239649274454 ], [ 80.194358919916894, 13.224028351276909 ], [ 80.19528634301362, 13.224576920935391 ], [ 80.196698160260993, 13.224856666602657 ], [ 80.198439771786994, 13.224435077846792 ], [ 80.199772870659388, 13.223258938750796 ], [ 80.200328332303613, 13.221956926686669 ], [ 80.200271554264191, 13.220291376287042 ], [ 80.200741523386526, 13.218541563926772 ], [ 80.200585986502318, 13.217491202775184 ], [ 80.200164934327375, 13.216594513376485 ], [ 80.19993499782872, 13.214676650331421 ], [ 80.199138615371893, 13.213500813691679 ], [ 80.198005043257922, 13.212741781545956 ], [ 80.198878167940222, 13.211046938363191 ], [ 80.198795872441536, 13.209291220538548 ], [ 80.198120979013126, 13.20804456594486 ], [ 80.196683563147644, 13.206993070820699 ] ] ], [ [ [ 80.198529906871883, 13.234429615348473 ], [ 80.197150136949347, 13.234834922684339 ], [ 80.196033713605516, 13.235726645767325 ], [ 80.195310598770007, 13.237059031380902 ], [ 80.195164796674419, 13.238462942566327 ], [ 80.195578512521209, 13.239814647485957 ], [ 80.196488769663318, 13.240908359360855 ], [ 80.197756992041064, 13.241577566320512 ], [ 80.199190099759193, 13.241720383758615 ], [ 80.200569906407154, 13.241315067634442 ], [ 80.201865594538532, 13.240188124970439 ], [ 80.203410161353432, 13.240370381764379 ], [ 80.205101302543952, 13.239783542584323 ], [ 80.206123113857387, 13.238788874208637 ], [ 80.206617640384721, 13.237722026521817 ], [ 80.207780478066212, 13.23757426571407 ], [ 80.208761329041977, 13.23712351524046 ], [ 80.21065222871411, 13.235635454815151 ], [ 80.211532237649493, 13.234258678280804 ], [ 80.212900025131546, 13.233854992069086 ], [ 80.213772239120019, 13.233225423906889 ], [ 80.214576270158418, 13.232054550216597 ], [ 80.215007549358319, 13.23063764040994 ], [ 80.216079555711232, 13.231494296361511 ], [ 80.217456666762459, 13.231908159802668 ], [ 80.218808913666678, 13.231829392980226 ], [ 80.220451433211508, 13.23121342849249 ], [ 80.221256428024745, 13.230503113161651 ], [ 80.221816283585937, 13.229594454349494 ], [ 80.222101687959565, 13.2282112636919 ], [ 80.221946055165503, 13.227160910840812 ], [ 80.221485903111272, 13.226200045429369 ], [ 80.220760862489584, 13.225411415216971 ], [ 80.219833373948305, 13.224862934636286 ], [ 80.218783310529659, 13.224601836678529 ], [ 80.217181107077877, 13.224720604807247 ], [ 80.215848621849148, 13.225256553476633 ], [ 80.214766907383137, 13.22629126647124 ], [ 80.214232472848863, 13.22751240058221 ], [ 80.213470644760179, 13.22683916188247 ], [ 80.212492757191882, 13.226382358821679 ], [ 80.211281629492206, 13.226193321939084 ], [ 80.2102094989215, 13.226345745804629 ], [ 80.209228694560508, 13.226796504793599 ], [ 80.208423679912286, 13.227506781166738 ], [ 80.207863781657039, 13.228415408271186 ], [ 80.207597137134542, 13.229445680421968 ], [ 80.206260045929028, 13.229844978405549 ], [ 80.204067831698609, 13.231434507624812 ], [ 80.203099887197922, 13.233096310589103 ], [ 80.201300089479403, 13.233514947916779 ], [ 80.200037315604874, 13.234598747932596 ], [ 80.198529906871883, 13.234429615348473 ] ] ], [ [ [ 80.198113938979006, 13.266623096943791 ], [ 80.197063727521936, 13.266361901683402 ], [ 80.195981332672432, 13.266410567914278 ], [ 80.194356844487217, 13.267156895364467 ], [ 80.193283331158312, 13.268565190975748 ], [ 80.192944311648617, 13.270502882038897 ], [ 80.193543338011182, 13.272159605383161 ], [ 80.194268416009905, 13.272948312942823 ], [ 80.195081238139238, 13.273443273291228 ], [ 80.194926256021375, 13.275364153844452 ], [ 80.195688209486207, 13.276955382825658 ], [ 80.197126013424906, 13.278006901079463 ], [ 80.19907011838589, 13.278290376597555 ], [ 80.200450135054851, 13.277885074010678 ], [ 80.201566744920754, 13.27699334454274 ], [ 80.202249951913615, 13.275750950086893 ], [ 80.202395748514519, 13.274347037857778 ], [ 80.202135824439424, 13.273316673001437 ], [ 80.20158173639193, 13.272404579587032 ], [ 80.200106075994, 13.27133968106863 ], [ 80.200365678100468, 13.269617063143343 ], [ 80.19995189475739, 13.268265364728897 ], [ 80.199041526923821, 13.267171660845886 ], [ 80.198113938979006, 13.266623096943791 ] ] ], [ [ [ 80.196913575075612, 13.340472496767363 ], [ 80.195121194191628, 13.340380574402673 ], [ 80.193788021187274, 13.34091636446025 ], [ 80.192765710240465, 13.341910948275714 ], [ 80.191699095924463, 13.344158902652868 ], [ 80.191553172453709, 13.34556279524309 ], [ 80.191967014213915, 13.346914504026186 ], [ 80.192877625457172, 13.348008241617029 ], [ 80.194146376234187, 13.348677492194899 ], [ 80.195938817346871, 13.34876942484498 ], [ 80.197272030382663, 13.348233625977912 ], [ 80.198364352116613, 13.347189024098466 ], [ 80.19935092291135, 13.3450410408284 ], [ 80.199506800345986, 13.343587140928589 ], [ 80.199092920493413, 13.342235442047782 ], [ 80.198182300050263, 13.34114172593442 ], [ 80.196913575075612, 13.340472496767363 ] ] ], [ [ [ 80.207609805924676, 12.647972676739657 ], [ 80.205840109904827, 12.647709506639528 ], [ 80.204153040852091, 12.648296608689433 ], [ 80.202946999724546, 12.649595338452652 ], [ 80.202525638818017, 12.65094454069218 ], [ 80.202662140753347, 12.652349383992465 ], [ 80.203344640853402, 12.65360570392968 ], [ 80.203113386359277, 12.655243568372905 ], [ 80.203526375504978, 12.656595266753545 ], [ 80.204724381553675, 12.657901181918144 ], [ 80.206407853329409, 12.658498340342678 ], [ 80.207838513416007, 12.658364275998105 ], [ 80.209108018805111, 12.65770280016914 ], [ 80.210023093551811, 12.656614619702879 ], [ 80.210444426940285, 12.655265404379767 ], [ 80.210307881619997, 12.653860562748575 ], [ 80.209625345754048, 12.652604258613922 ], [ 80.209873200812524, 12.651320950155878 ], [ 80.209597092395782, 12.649936015063169 ], [ 80.208802292465421, 12.648760259067098 ], [ 80.207609805924676, 12.647972676739657 ] ] ], [ [ [ 80.210359868266337, 12.658372079319014 ], [ 80.20893006107562, 12.658229510086718 ], [ 80.207553527452589, 12.658635075381968 ], [ 80.206439824688843, 12.659527033421138 ], [ 80.205648497792453, 12.66109959396606 ], [ 80.205503283222427, 12.662503595128314 ], [ 80.205916294502231, 12.663855290518557 ], [ 80.206824661887467, 12.664948894910355 ], [ 80.208090096921353, 12.665617912986555 ], [ 80.209519944282761, 12.665760489063592 ], [ 80.210896514336468, 12.665354915891886 ], [ 80.212010229291835, 12.664462940169861 ], [ 80.212801530002423, 12.662890359408159 ], [ 80.212946705236007, 12.661486351952782 ], [ 80.21253365930113, 12.660134665267742 ], [ 80.2116252821709, 12.659041079538484 ], [ 80.210359868266337, 12.658372079319014 ] ] ], [ [ [ 80.205310386867211, 12.747732149259118 ], [ 80.203522250633867, 12.747640527580113 ], [ 80.202503057811967, 12.747995031771465 ], [ 80.201632582880237, 12.748624681261923 ], [ 80.200597315852335, 12.750379462259653 ], [ 80.20043536272307, 12.751428884530325 ], [ 80.200590727644595, 12.752479266088779 ], [ 80.201050034413356, 12.753440148475677 ], [ 80.201773730452274, 12.754228779878321 ], [ 80.202699492170652, 12.754777242088069 ], [ 80.20390126980611, 12.755046174796496 ], [ 80.203514135618434, 12.756324467539779 ], [ 80.203650659466319, 12.758019302711904 ], [ 80.204324503241395, 12.759265916642633 ], [ 80.205177154130112, 12.760012904544642 ], [ 80.205340620248862, 12.761189322853403 ], [ 80.206014480003248, 12.762435933162651 ], [ 80.20681348273223, 12.763151125949895 ], [ 80.20778959758097, 12.763607861823383 ], [ 80.208858759969885, 12.763766805428089 ], [ 80.209928890775799, 12.76361426788946 ], [ 80.211198930881082, 12.762952817741255 ], [ 80.212114401389144, 12.761864660256084 ], [ 80.212535931348796, 12.760515461750463 ], [ 80.212379348251346, 12.758730628165306 ], [ 80.211705465042428, 12.757484032487874 ], [ 80.210862498404865, 12.756742809142104 ], [ 80.210709310253222, 12.755650648122852 ], [ 80.210035442712211, 12.754404048856697 ], [ 80.208926870877818, 12.75350546468831 ], [ 80.20739868677569, 12.753083820278251 ], [ 80.207895792570412, 12.751555518374513 ], [ 80.207638464857339, 12.749816129825559 ], [ 80.206576213969797, 12.748401194447625 ], [ 80.205310386867211, 12.747732149259118 ] ] ], [ [ [ 80.20594158524375, 12.845426572608797 ], [ 80.205137858856375, 12.846136929678007 ], [ 80.204578889183949, 12.847045624703437 ], [ 80.204312815906007, 12.848074403220089 ], [ 80.204362556341835, 12.849134668592335 ], [ 80.204723830725442, 12.850135111532548 ], [ 80.205365529479508, 12.850989573576953 ], [ 80.207139138960471, 12.852007813637865 ], [ 80.208928011281913, 12.852099453317706 ], [ 80.210344359876942, 12.85150130627221 ], [ 80.21240805982471, 12.851639446822125 ], [ 80.213827365499, 12.851039135113369 ], [ 80.215189248223027, 12.851787853288043 ], [ 80.216978125217082, 12.851879438183852 ], [ 80.218599767596118, 12.851132785570508 ], [ 80.219328639708237, 12.850348511162061 ], [ 80.219794097546043, 12.849390403640482 ], [ 80.219939402932027, 12.847986415873887 ], [ 80.219526076489288, 12.846634739196096 ], [ 80.218617051008195, 12.845541152230272 ], [ 80.217310720023107, 12.84484213983681 ], [ 80.21552189242243, 12.844750560027125 ], [ 80.214102626429266, 12.845350883458089 ], [ 80.212780779791785, 12.844632161960714 ], [ 80.211149933917952, 12.844469546306936 ], [ 80.209398781726151, 12.845101979205804 ], [ 80.207629984139146, 12.844839544604397 ], [ 80.20594158524375, 12.845426572608797 ] ] ], [ [ [ 80.204882746063475, 13.314886701883195 ], [ 80.204322615824452, 13.315795303023268 ], [ 80.204036980814791, 13.317178453016492 ], [ 80.204313573740109, 13.318563364556731 ], [ 80.205110294460724, 13.319739196243402 ], [ 80.206305853487294, 13.320526934531486 ], [ 80.207416307686316, 13.32079810440192 ], [ 80.208498945051829, 13.320749403221059 ], [ 80.20983197709009, 13.320213526969447 ], [ 80.210637309100392, 13.31950326816048 ], [ 80.211197425930649, 13.318594652512649 ], [ 80.21146409235547, 13.317565931197873 ], [ 80.211350232215423, 13.316251616323306 ], [ 80.212310819166149, 13.316104248458212 ], [ 80.213291986572273, 13.315653500474538 ], [ 80.214097293278584, 13.314943229038491 ], [ 80.214657386170259, 13.314034604134678 ], [ 80.214956619449367, 13.312396449202849 ], [ 80.215767354204502, 13.31116458767888 ], [ 80.216033991657, 13.310135859446003 ], [ 80.215897276079843, 13.30873106839859 ], [ 80.21543701343208, 13.307770190945289 ], [ 80.214421364497298, 13.306769209809859 ], [ 80.213091902760809, 13.306225068159202 ], [ 80.211651020700856, 13.306220603164748 ], [ 80.210318070463117, 13.306756494047091 ], [ 80.209028674032055, 13.308195004551894 ], [ 80.208593419144407, 13.310033514002761 ], [ 80.207862656540271, 13.31112535252899 ], [ 80.207575982010709, 13.312274069736755 ], [ 80.207686652818737, 13.313575828917488 ], [ 80.205999518201452, 13.313994964161221 ], [ 80.204882746063475, 13.314886701883195 ] ] ], [ [ [ 80.20749341143744, 13.337482441520166 ], [ 80.206059737029022, 13.33733963986319 ], [ 80.204679385403495, 13.337744952570755 ], [ 80.203562494686054, 13.338636676438735 ], [ 80.202879099016059, 13.33987905877609 ], [ 80.202733243766872, 13.341282962071599 ], [ 80.203157142272232, 13.342684656247183 ], [ 80.20406779152232, 13.343778355945634 ], [ 80.205336555018235, 13.3444475512169 ], [ 80.206770270437957, 13.344590359207713 ], [ 80.208150658777782, 13.344185037313617 ], [ 80.209267560525092, 13.34329329410364 ], [ 80.209950935168862, 13.342050893586212 ], [ 80.210096749698522, 13.340646983914764 ], [ 80.209672813370219, 13.339245299078362 ], [ 80.208762153517824, 13.338151618664957 ], [ 80.20749341143744, 13.337482441520166 ] ] ], [ [ [ 80.198968073563918, 13.360594847269503 ], [ 80.198526300487856, 13.362298334260796 ], [ 80.198681883881264, 13.363348689589568 ], [ 80.199142170926891, 13.364309595470246 ], [ 80.20002104112011, 13.365210530452659 ], [ 80.20095971881976, 13.366669113185008 ], [ 80.202126746755269, 13.367443460970412 ], [ 80.202979715076708, 13.368749133615429 ], [ 80.204694433860283, 13.369701789952176 ], [ 80.205222129540871, 13.370929666480126 ], [ 80.205947522690892, 13.371718353392049 ], [ 80.207216433444827, 13.372387546247548 ], [ 80.208650314644942, 13.372530352563384 ], [ 80.210100862914473, 13.372115029560401 ], [ 80.211217892451117, 13.371223286448879 ], [ 80.211778137620001, 13.370314679695253 ], [ 80.212044871072592, 13.369285964938578 ], [ 80.211995125321067, 13.368225735517765 ], [ 80.2116331884517, 13.367225297723625 ], [ 80.210722421764743, 13.366131620413256 ], [ 80.209198133439514, 13.365398959226946 ], [ 80.208442802207969, 13.363884575438304 ], [ 80.207033198459101, 13.362846515795665 ], [ 80.206527790858203, 13.361870349778703 ], [ 80.204652419823191, 13.359531675711047 ], [ 80.203032250524799, 13.358775128760138 ], [ 80.201511061952715, 13.358760589065961 ], [ 80.199885955994048, 13.359506912542564 ], [ 80.198968073563918, 13.360594847269503 ] ] ], [ [ [ 80.215399901812134, 12.678282064909766 ], [ 80.213612242162895, 12.678190539215963 ], [ 80.212593343806205, 12.67854510120037 ], [ 80.211723138738876, 12.679174802525262 ], [ 80.210798208371358, 12.680679646542892 ], [ 80.21063635851597, 12.681729085593332 ], [ 80.210791740960417, 12.682779466604675 ], [ 80.211465444701801, 12.684026059713277 ], [ 80.212583104694602, 12.684929003728678 ], [ 80.21227511823534, 12.686044645450979 ], [ 80.212411680739578, 12.687449484359492 ], [ 80.213373577380978, 12.689001156506974 ], [ 80.213795987168524, 12.690845366422845 ], [ 80.214437348545431, 12.691699794846837 ], [ 80.215290374335481, 12.692326730794479 ], [ 80.215172840221371, 12.693623702247089 ], [ 80.215585943531622, 12.694975385456045 ], [ 80.216507320468011, 12.69608981296469 ], [ 80.217616740780088, 12.696838380461836 ], [ 80.217326112501596, 12.698419164309174 ], [ 80.217602299408725, 12.699804091911798 ], [ 80.21831605348325, 12.700891303406738 ], [ 80.218890799865264, 12.702390407092961 ], [ 80.220330938619185, 12.703629530667362 ], [ 80.219976001879573, 12.705939194796656 ], [ 80.220405805660434, 12.707645435428255 ], [ 80.221314381868808, 12.70873899947356 ], [ 80.222240030663059, 12.70928738801461 ], [ 80.223649018492011, 12.709566833055208 ], [ 80.224718914733785, 12.709414221345462 ], [ 80.225988642446396, 12.708752679633662 ], [ 80.227059389846048, 12.70734404057904 ], [ 80.227415177117834, 12.705335212365622 ], [ 80.227278528172675, 12.703930377694224 ], [ 80.226604698464143, 12.702683819009406 ], [ 80.225379028897834, 12.701730446649727 ], [ 80.225625107838965, 12.700755233270202 ], [ 80.225575270173266, 12.699694956656513 ], [ 80.224727200542503, 12.698008527268533 ], [ 80.224304065821997, 12.696444548206102 ], [ 80.223662659135741, 12.695590141302635 ], [ 80.222553224803448, 12.694841598286279 ], [ 80.222803818854189, 12.693550806717111 ], [ 80.222648382858836, 12.692500430308783 ], [ 80.221974603167496, 12.691253861857897 ], [ 80.220638269026722, 12.690126160149896 ], [ 80.220785115355497, 12.688225012619263 ], [ 80.220423967757881, 12.687224589262494 ], [ 80.21985157751223, 12.686445352863652 ], [ 80.219577525468381, 12.685105915202431 ], [ 80.218782578827231, 12.683930182994843 ], [ 80.217691754902091, 12.683190302290591 ], [ 80.218003644908151, 12.681750863366693 ], [ 80.217727469357925, 12.680365935331601 ], [ 80.216665425391753, 12.678951046720098 ], [ 80.215399901812134, 12.678282064909766 ] ] ], [ [ [ 80.214290366635922, 12.767352115347249 ], [ 80.212859949813421, 12.767209532494931 ], [ 80.211482823474356, 12.767615080694464 ], [ 80.210228635483276, 12.768597019311816 ], [ 80.209547006931714, 12.769839565076236 ], [ 80.20940171520995, 12.771243554605011 ], [ 80.209814888076593, 12.772595244560177 ], [ 80.210723631252648, 12.773688850520257 ], [ 80.211989599084376, 12.774357876892719 ], [ 80.213420055090921, 12.774500466701678 ], [ 80.214797216897367, 12.774094910602185 ], [ 80.216051416961065, 12.773112951240096 ], [ 80.216733024496079, 12.771870387645929 ], [ 80.216878276562824, 12.7704663918084 ], [ 80.216465068263759, 12.769114710702707 ], [ 80.215556314356206, 12.768021123642336 ], [ 80.214290366635922, 12.767352115347249 ] ] ], [ [ [ 80.213985328502005, 12.778925389021623 ], [ 80.213563769663708, 12.780274586649432 ], [ 80.213700358213572, 12.781679418378644 ], [ 80.214616357578123, 12.783189724616793 ], [ 80.215483022793507, 12.783824578955661 ], [ 80.216439210768215, 12.784170004879778 ], [ 80.216283489371094, 12.786094890004323 ], [ 80.217096115015664, 12.788456542135547 ], [ 80.215341882051618, 12.789046652564169 ], [ 80.214135186174261, 12.79034538380114 ], [ 80.213694762466602, 12.792049035072747 ], [ 80.213990998400419, 12.793563961691767 ], [ 80.215053465727337, 12.794978875904294 ], [ 80.21631954891312, 12.795647887271576 ], [ 80.217750127920056, 12.795790460481873 ], [ 80.219179010551784, 12.795354737786042 ], [ 80.219141356515522, 12.796293669173236 ], [ 80.219400971764685, 12.797324030050001 ], [ 80.21995417459172, 12.79823606177424 ], [ 80.220695782533312, 12.798929204853374 ], [ 80.219986539922374, 12.800319679897555 ], [ 80.219824621762513, 12.801369112962998 ], [ 80.220100900310513, 12.802754034563295 ], [ 80.220769395476069, 12.80379164703948 ], [ 80.220384561428489, 12.805489117355693 ], [ 80.220814495950606, 12.807195354504495 ], [ 80.221723403620729, 12.808288929651226 ], [ 80.222649402517476, 12.808837333636902 ], [ 80.223697747278479, 12.809098325597077 ], [ 80.224877102650879, 12.809025413395529 ], [ 80.224337452482089, 12.810303771936994 ], [ 80.224333135513106, 12.811714979412635 ], [ 80.224694445969234, 12.812715399199874 ], [ 80.225603389542073, 12.813808962594715 ], [ 80.227220177468851, 12.814565202137652 ], [ 80.228300288533575, 12.81462045146578 ], [ 80.229350232112864, 12.814365628008948 ], [ 80.230409585185171, 12.813752676568242 ], [ 80.231138308134206, 12.812968358963371 ], [ 80.231603645385647, 12.812010221358003 ], [ 80.231748851912741, 12.810606218151955 ], [ 80.231335510503186, 12.809254556123886 ], [ 80.230136696880592, 12.807948726830467 ], [ 80.228809797248118, 12.80740479323628 ], [ 80.227170638893625, 12.807449400536377 ], [ 80.227593551059627, 12.806560270175977 ], [ 80.227785439515984, 12.805340830528538 ], [ 80.22750911656145, 12.803955914687952 ], [ 80.226840592417858, 12.802918317722302 ], [ 80.227212415994657, 12.801866231089214 ], [ 80.227268711743974, 12.800806272561593 ], [ 80.226855407502171, 12.799454604778703 ], [ 80.225864207651554, 12.798300769930549 ], [ 80.226572342350067, 12.796796235895275 ], [ 80.226576641675678, 12.795385026074422 ], [ 80.226231901399643, 12.794419232837157 ], [ 80.226268605875049, 12.793486280304668 ], [ 80.226008965342714, 12.792455924518427 ], [ 80.225455751359789, 12.791543904580454 ], [ 80.22456321765597, 12.790773450517916 ], [ 80.224942237446413, 12.789756252592666 ], [ 80.224971906890488, 12.788516390155426 ], [ 80.225586338466186, 12.786855302918449 ], [ 80.22532886760915, 12.785115927104176 ], [ 80.224500223888796, 12.783659632761175 ], [ 80.223776375427235, 12.782871056380232 ], [ 80.222850465224823, 12.782322660594154 ], [ 80.220861841460547, 12.781822663883444 ], [ 80.221065075462477, 12.780660903866952 ], [ 80.220788808411484, 12.779275982066174 ], [ 80.220235639693527, 12.778363953008229 ], [ 80.219126929978074, 12.777465405082248 ], [ 80.217752275866403, 12.777051678405629 ], [ 80.21617095118502, 12.77717575586686 ], [ 80.21490084930268, 12.77783722583624 ], [ 80.213985328502005, 12.778925389021623 ] ] ], [ [ [ 80.21703056992996, 12.814612125888678 ], [ 80.215961188286741, 12.814453203245121 ], [ 80.214549931478558, 12.814724310626472 ], [ 80.213351814877811, 12.815504762515763 ], [ 80.212549237011714, 12.816675745860648 ], [ 80.212264385895921, 12.818058993142984 ], [ 80.212540635372164, 12.819443919602083 ], [ 80.213335937241837, 12.820619681624885 ], [ 80.214440178636494, 12.821365625114481 ], [ 80.213331751430587, 12.822104759676259 ], [ 80.212684793078552, 12.822955346481718 ], [ 80.212317304039374, 12.823953598393215 ], [ 80.212312915347013, 12.825364800344014 ], [ 80.212859198680789, 12.826670228574123 ], [ 80.213872993932767, 12.82767114087563 ], [ 80.214849364160045, 12.828127863622777 ], [ 80.216484007574607, 12.828410522922017 ], [ 80.215919050167827, 12.829325779854283 ], [ 80.215634198846445, 12.83070902971334 ], [ 80.215910476596747, 12.832093953185248 ], [ 80.216463734812478, 12.833005993524104 ], [ 80.217262979064046, 12.833721165515037 ], [ 80.218239378845368, 12.834177877166672 ], [ 80.220208136592788, 12.834289433949772 ], [ 80.22182965473074, 12.833542753368896 ], [ 80.22255846341362, 12.83275846547232 ], [ 80.223023873014355, 12.831800348398811 ], [ 80.223185805012932, 12.830750916120621 ], [ 80.223030317532661, 12.829700545797635 ], [ 80.222087695284046, 12.8281666214393 ], [ 80.222812748537393, 12.826616309679642 ], [ 80.222817079169118, 12.825205104309505 ], [ 80.222270745971088, 12.823899693839317 ], [ 80.221256929790869, 12.822898812582329 ], [ 80.2199299755151, 12.822354831437858 ], [ 80.218724973867367, 12.822317342536337 ], [ 80.217439824774416, 12.821374367171225 ], [ 80.218548237710365, 12.820635214380269 ], [ 80.219195170847556, 12.819784611523609 ], [ 80.219562626325583, 12.818786347772285 ], [ 80.219618961929683, 12.817726394279235 ], [ 80.219359329863522, 12.816696033939197 ], [ 80.218806092961373, 12.815784000028779 ], [ 80.218006897638034, 12.815068834780375 ], [ 80.21703056992996, 12.814612125888678 ] ] ], [ [ [ 80.21684950341772, 12.898264315494377 ], [ 80.21565098148676, 12.899044750486093 ], [ 80.214848125086036, 12.90021571875317 ], [ 80.214563164660035, 12.90159895509858 ], [ 80.214839490749426, 12.902983876436229 ], [ 80.215765043248823, 12.904299641185656 ], [ 80.216958712025743, 12.905087243242015 ], [ 80.218368767657225, 12.905366774834988 ], [ 80.219780534051949, 12.905095677705718 ], [ 80.220979074236411, 12.904315225064032 ], [ 80.221781917446492, 12.903144237454015 ], [ 80.222066840923105, 12.901760991231956 ], [ 80.221790475552524, 12.900376075200686 ], [ 80.220864903491162, 12.899060330406417 ], [ 80.219671248889213, 12.898272746756952 ], [ 80.218261230666585, 12.897993224231154 ], [ 80.21684950341772, 12.898264315494377 ] ] ], [ [ [ 80.212197565070568, 13.173311265669557 ], [ 80.211613575909595, 13.174798987515475 ], [ 80.209740341078088, 13.175375007589398 ], [ 80.208624243120539, 13.176266807653748 ], [ 80.208064473466678, 13.177175445433811 ], [ 80.207797980354897, 13.178204182174403 ], [ 80.207934620137777, 13.1796089850714 ], [ 80.208609495357578, 13.18085561493238 ], [ 80.209719867856322, 13.181754280366867 ], [ 80.211096692297374, 13.182168163365324 ], [ 80.212530352481139, 13.182034251146531 ], [ 80.213990972866625, 13.181413464018556 ], [ 80.215012493568352, 13.180418739942255 ], [ 80.215574325671682, 13.179074262696433 ], [ 80.21753973985561, 13.178534955899346 ], [ 80.218655818559839, 13.17764311595193 ], [ 80.219215551650365, 13.176734452947585 ], [ 80.219498249734187, 13.175400817015444 ], [ 80.221221860421394, 13.175145687930353 ], [ 80.222421747124855, 13.174365317844179 ], [ 80.223348606167008, 13.172860589097317 ], [ 80.223442147751541, 13.171105397603071 ], [ 80.222895160368566, 13.169799979864857 ], [ 80.221880018259398, 13.16879904779827 ], [ 80.220401270155051, 13.168214980451024 ], [ 80.218961196582214, 13.168210601910657 ], [ 80.217629028098656, 13.168746579519517 ], [ 80.216824236063957, 13.169456897530933 ], [ 80.216264512559775, 13.170365556259155 ], [ 80.215980085707073, 13.171731422149069 ], [ 80.213858221557814, 13.171984284014249 ], [ 80.212927458135553, 13.172527083288191 ], [ 80.212197565070568, 13.173311265669557 ] ] ], [ [ [ 80.207798183148526, 13.192094559143621 ], [ 80.206994263052323, 13.193265420694429 ], [ 80.206708826682174, 13.19464859573948 ], [ 80.207139178769808, 13.196354837959044 ], [ 80.20831782971031, 13.197644900498171 ], [ 80.207637666281201, 13.199394162615386 ], [ 80.207895269088141, 13.201133518446971 ], [ 80.208691658482579, 13.202309329061165 ], [ 80.20988667840885, 13.203097026071958 ], [ 80.21129839500064, 13.203376685544987 ], [ 80.212711879099373, 13.203105729709128 ], [ 80.213642762590453, 13.202562939032994 ], [ 80.214372743535648, 13.201778758927317 ], [ 80.21500234730928, 13.200095785009138 ], [ 80.214744694448299, 13.198356433417414 ], [ 80.213523153089184, 13.196826264337002 ], [ 80.214222270648619, 13.195055792037982 ], [ 80.213964626549355, 13.193316439590872 ], [ 80.212900604603817, 13.191901467255104 ], [ 80.211131489428993, 13.191115024469299 ], [ 80.209339634067859, 13.19119574203515 ], [ 80.207798183148526, 13.192094559143621 ] ] ], [ [ [ 80.214647993886047, 13.203494620198219 ], [ 80.213844064682419, 13.204665501961145 ], [ 80.213517556016811, 13.205894241197354 ], [ 80.213654234742464, 13.207299040752272 ], [ 80.214114324191243, 13.208259917972292 ], [ 80.214839294907648, 13.209048564056506 ], [ 80.216107413125158, 13.209717675126685 ], [ 80.217178475639898, 13.209876688833349 ], [ 80.218591992965912, 13.209605702389128 ], [ 80.219522890178112, 13.209062891249005 ], [ 80.220440076511665, 13.207974832583197 ], [ 80.220922455120416, 13.206425705687872 ], [ 80.220722547518434, 13.204846172439106 ], [ 80.221651244705598, 13.204413413580118 ], [ 80.222456143893368, 13.203703087928156 ], [ 80.223015928313231, 13.202794420969711 ], [ 80.223263179232944, 13.201889916678631 ], [ 80.224059751869035, 13.202600967694453 ], [ 80.225037571375481, 13.203057723293798 ], [ 80.226828972041758, 13.203149380457081 ], [ 80.228161313848815, 13.202613365685943 ], [ 80.22927825525602, 13.201463750295405 ], [ 80.230330052684423, 13.201104882033777 ], [ 80.231202104187489, 13.20047524389827 ], [ 80.2318500574127, 13.199624687118634 ], [ 80.232218111976536, 13.198626462958618 ], [ 80.232294571903026, 13.197416538779107 ], [ 80.232034583186234, 13.19638619576067 ], [ 80.231480537374466, 13.195474165266017 ], [ 80.230680150601231, 13.194758989181821 ], [ 80.229351241604832, 13.194214959164448 ], [ 80.228269491268975, 13.194159623632613 ], [ 80.226889991245173, 13.19456510811006 ], [ 80.226017951374516, 13.195194732395288 ], [ 80.225407852109669, 13.19598381346832 ], [ 80.2236615198008, 13.196846836637762 ], [ 80.22313562067518, 13.196135654357677 ], [ 80.224075827610818, 13.194844401939267 ], [ 80.2243611677183, 13.193461202101913 ], [ 80.224205538619103, 13.192410848489336 ], [ 80.223595432736147, 13.191209989345845 ], [ 80.222870481771437, 13.190421368335503 ], [ 80.221602439692774, 13.189752294290509 ], [ 80.220531460170676, 13.189593303575139 ], [ 80.219118060721556, 13.189864307685365 ], [ 80.217673991259943, 13.190906896468253 ], [ 80.21699112163985, 13.192149358034442 ], [ 80.216828839438605, 13.193198742767771 ], [ 80.216984437075155, 13.194249099070522 ], [ 80.217964387332344, 13.195904320378995 ], [ 80.217180043872744, 13.196875172974362 ], [ 80.216744429846443, 13.198699536012157 ], [ 80.21601721785369, 13.199481295367876 ], [ 80.21555101209843, 13.200439332568921 ], [ 80.215388716267555, 13.201488715067375 ], [ 80.215641927271804, 13.202809035084336 ], [ 80.214647993886047, 13.203494620198219 ] ] ], [ [ [ 80.218353469722658, 13.23640295071456 ], [ 80.217303359526554, 13.236141844244045 ], [ 80.216221097615076, 13.236190604219679 ], [ 80.215199883685386, 13.236545031419714 ], [ 80.214327660769868, 13.237174603839682 ], [ 80.213350481088881, 13.238819275030817 ], [ 80.213234427200547, 13.240423331126472 ], [ 80.212159508203086, 13.241625083931421 ], [ 80.211737008266709, 13.24297418573321 ], [ 80.211873684985676, 13.244378982798363 ], [ 80.212501114521018, 13.245562285626345 ], [ 80.211590373621291, 13.247049245165604 ], [ 80.211444654948224, 13.248453169513013 ], [ 80.211858475811098, 13.2498048530441 ], [ 80.212840238999277, 13.250950724234469 ], [ 80.2116334310235, 13.252455441204098 ], [ 80.211366852392388, 13.253484171914176 ], [ 80.211416601005652, 13.254544409465483 ], [ 80.211778396524394, 13.25554484695866 ], [ 80.212421084593032, 13.256399326359311 ], [ 80.214083055894307, 13.25733894978435 ], [ 80.212668413878717, 13.257886522659142 ], [ 80.211536543511386, 13.258951211477513 ], [ 80.210981044537832, 13.260253242824765 ], [ 80.210976493506919, 13.261664396862157 ], [ 80.211523592325022, 13.262969838714636 ], [ 80.212539056966236, 13.263970823996903 ], [ 80.214337100285661, 13.264757637918892 ], [ 80.215636561496538, 13.264998143614534 ], [ 80.217070707423403, 13.264864233766279 ], [ 80.218343364307543, 13.264202918545289 ], [ 80.21926077616925, 13.263114880521547 ], [ 80.219683276577186, 13.26176576799082 ], [ 80.219546550886818, 13.260360973962825 ], [ 80.218871423335329, 13.2591143652649 ], [ 80.217760681474573, 13.258215723450343 ], [ 80.215728918013156, 13.257426456218226 ], [ 80.217473286980891, 13.256662923588468 ], [ 80.218203427438027, 13.255878744133193 ], [ 80.218669741093436, 13.254920711503221 ], [ 80.218832071655612, 13.253871332448387 ], [ 80.218676443054733, 13.252820979564918 ], [ 80.218216261795277, 13.251860108206698 ], [ 80.217370453373192, 13.250983195625226 ], [ 80.218253358200514, 13.250088740426396 ], [ 80.218719659323938, 13.249130706651457 ], [ 80.218813294516906, 13.247375530650336 ], [ 80.218106705177988, 13.245858069633215 ], [ 80.218936469448536, 13.244664501875596 ], [ 80.219203004981466, 13.243635760244183 ], [ 80.21917338849282, 13.242711629103594 ], [ 80.220130505889315, 13.241594856748375 ], [ 80.220602955623036, 13.240105737373334 ], [ 80.220553166436346, 13.239045498373091 ], [ 80.220191354807014, 13.238045071401631 ], [ 80.219280996798602, 13.236951438420753 ], [ 80.218353469722658, 13.23640295071456 ] ] ], [ [ [ 80.210919328144087, 13.272155749355388 ], [ 80.209646610684672, 13.272817023656774 ], [ 80.208729119130155, 13.273905021825685 ], [ 80.208306534454223, 13.275254110376469 ], [ 80.208443198557617, 13.276658905671219 ], [ 80.209118314572493, 13.277905540037981 ], [ 80.210339108398657, 13.278894222150985 ], [ 80.211716470012959, 13.279308129432186 ], [ 80.213150701229708, 13.279174246604059 ], [ 80.214423444342216, 13.278512956439243 ], [ 80.215340930234888, 13.277424937695676 ], [ 80.215763481204974, 13.276075835739171 ], [ 80.215626774917496, 13.274671041974537 ], [ 80.21495163266674, 13.273424423190708 ], [ 80.213730844926943, 13.272435763251861 ], [ 80.212353517325838, 13.272021868619046 ], [ 80.210919328144087, 13.272155749355388 ] ] ], [ [ [ 80.212852918281143, 13.292176797711036 ], [ 80.21208054970964, 13.293763232432687 ], [ 80.212080353713958, 13.295191664887417 ], [ 80.211157107193259, 13.295844550139 ], [ 80.210508811161461, 13.296695029928625 ], [ 80.210140499377914, 13.297693202108473 ], [ 80.21008389352707, 13.298753106156902 ], [ 80.210497775680565, 13.300104790970746 ], [ 80.211408311363101, 13.301198460889941 ], [ 80.212676882108383, 13.301867610409191 ], [ 80.214110354951742, 13.302010363655395 ], [ 80.215620489223667, 13.301544985567372 ], [ 80.216953952822479, 13.300368782652701 ], [ 80.217509524372645, 13.299066745639513 ], [ 80.217518687186129, 13.297686881727126 ], [ 80.218342930396389, 13.297085405113833 ], [ 80.21915153205677, 13.295902705006961 ], [ 80.220463916294563, 13.294738738938372 ], [ 80.220930304283598, 13.293780708676108 ], [ 80.221076010908831, 13.292376782314046 ], [ 80.220662079780951, 13.291025111375333 ], [ 80.219751536023864, 13.289931473525648 ], [ 80.218743814597346, 13.289352979070562 ], [ 80.217331597144536, 13.289073334470006 ], [ 80.216259191028129, 13.289225767844711 ], [ 80.215278137614916, 13.28967653442721 ], [ 80.214472921844376, 13.290386815832678 ], [ 80.213902265075163, 13.291324235832922 ], [ 80.212852918281143, 13.292176797711036 ] ] ], [ [ [ 80.205983856481907, 13.484131024168798 ], [ 80.205427742079664, 13.485432990000817 ], [ 80.205423078298054, 13.486844117067113 ], [ 80.205970584376686, 13.48814957460297 ], [ 80.206986914411019, 13.489150615784233 ], [ 80.208317341947705, 13.489694836738979 ], [ 80.209899317453633, 13.489709380966547 ], [ 80.211233299891504, 13.489173555877425 ], [ 80.212256197598975, 13.488178939253597 ], [ 80.212812283096156, 13.486876956886396 ], [ 80.212816903521087, 13.485465827296435 ], [ 80.212269364677212, 13.484160382706481 ], [ 80.211253031316772, 13.483159362471286 ], [ 80.209922631557319, 13.482615158424027 ], [ 80.208340702702898, 13.482600616908455 ], [ 80.207006752020291, 13.483136428557176 ], [ 80.205983856481907, 13.484131024168798 ] ] ], [ [ [ 80.225662010365284, 12.710720564970408 ], [ 80.224041306536265, 12.711467321721038 ], [ 80.223126078280245, 12.712555538039529 ], [ 80.222704697897925, 12.713904766115073 ], [ 80.222841323610169, 12.715309600953555 ], [ 80.223300658130597, 12.716270448391922 ], [ 80.224400073987354, 12.717465210922267 ], [ 80.224275818964486, 12.718369244169168 ], [ 80.224431271042079, 12.719419618896826 ], [ 80.224890618170761, 12.720380464058573 ], [ 80.225677133727487, 12.721299888856915 ], [ 80.22654362741396, 12.721934699284599 ], [ 80.227560523211466, 12.72229524300341 ], [ 80.229349021271943, 12.722214206223255 ], [ 80.23061880391117, 12.721552645938145 ], [ 80.231534036318422, 12.720464404498669 ], [ 80.231955383799402, 12.719115160986407 ], [ 80.231818706905685, 12.717710328241749 ], [ 80.231359337202733, 12.716749493673202 ], [ 80.230269897511846, 12.715564756466271 ], [ 80.230325465099909, 12.713954903549288 ], [ 80.229564787174127, 12.712363793508187 ], [ 80.228715620023422, 12.711480956707534 ], [ 80.227789948320336, 12.710932589596096 ], [ 80.226741996543822, 12.710671634958905 ], [ 80.225662010365284, 12.710720564970408 ] ] ], [ [ [ 80.227880559791956, 12.841252086241537 ], [ 80.226059722194293, 12.8411395533285 ], [ 80.224371384196019, 12.841726703870055 ], [ 80.223351364024481, 12.842721571121119 ], [ 80.222444456695015, 12.844135450283805 ], [ 80.222076969571106, 12.845133714698264 ], [ 80.222159461942567, 12.846889476384334 ], [ 80.222619001942931, 12.847850329086739 ], [ 80.223246263365752, 12.848552345283393 ], [ 80.222742745532869, 12.850034657535753 ], [ 80.223000237938038, 12.851774030157655 ], [ 80.224062982516699, 12.853188918763657 ], [ 80.225680009906853, 12.853945179649733 ], [ 80.227118273335464, 12.853949418768549 ], [ 80.228448704870132, 12.853413283703571 ], [ 80.22977875168344, 12.852178395165879 ], [ 80.23033311836744, 12.850876225980914 ], [ 80.230250569409108, 12.849120464080654 ], [ 80.22979099758598, 12.848159623042754 ], [ 80.229177855137308, 12.84747026971359 ], [ 80.229858688997126, 12.846728391350089 ], [ 80.230324100549922, 12.845770262240535 ], [ 80.230486014904244, 12.844720825349984 ], [ 80.230330491707932, 12.843670458234087 ], [ 80.229414198391709, 12.842160195600494 ], [ 80.227880559791956, 12.841252086241537 ] ] ], [ [ [ 80.227750642029164, 12.857082094853499 ], [ 80.226319709891612, 12.856939556502127 ], [ 80.22494210473495, 12.857345145496472 ], [ 80.22382754686619, 12.858237116491877 ], [ 80.223145715357717, 12.859479679017307 ], [ 80.222713741591562, 12.861649103211986 ], [ 80.22299008226247, 12.863034020183191 ], [ 80.224052870416841, 12.864448910333929 ], [ 80.225319316505875, 12.86511789622085 ], [ 80.226750293828815, 12.865260442547182 ], [ 80.228127940577451, 12.86485484659047 ], [ 80.229242514927677, 12.863962858564944 ], [ 80.229924330781273, 12.862720279593207 ], [ 80.230356245677029, 12.860550840278506 ], [ 80.23007986605991, 12.859165928664334 ], [ 80.229017063176798, 12.857751061713557 ], [ 80.227750642029164, 12.857082094853499 ] ] ], [ [ [ 80.226772357964464, 12.867451690363856 ], [ 80.225691703123545, 12.86750058171214 ], [ 80.224361190570903, 12.868036697665483 ], [ 80.223557436836145, 12.868747108784667 ], [ 80.222998476149897, 12.869655842443821 ], [ 80.222713604476738, 12.871039095397549 ], [ 80.222869105851572, 12.872089464017623 ], [ 80.223758680520191, 12.873950320902294 ], [ 80.224476966415367, 12.874733712561731 ], [ 80.223590978896013, 12.875631556081819 ], [ 80.223148972583573, 12.876525860894333 ], [ 80.222057308420304, 12.875031141211336 ], [ 80.221131077088657, 12.874482724042061 ], [ 80.220082468542614, 12.874221707726706 ], [ 80.218939806419087, 12.874209555980455 ], [ 80.217889602711892, 12.874464321844595 ], [ 80.216959995893887, 12.875007211588862 ], [ 80.21623104104583, 12.875791473435891 ], [ 80.215676541044587, 12.877093603075522 ], [ 80.215672152342876, 12.87850480046712 ], [ 80.216218551849792, 12.879810224131408 ], [ 80.217232561797488, 12.880811132541288 ], [ 80.218917511865882, 12.881408289219767 ], [ 80.22076943672343, 12.881284230731728 ], [ 80.222308856158193, 12.880385203144474 ], [ 80.223211026986135, 12.878944185102393 ], [ 80.223793240465483, 12.879936038619871 ], [ 80.22463271442345, 12.880728903843591 ], [ 80.225558976241715, 12.881277310117969 ], [ 80.226607620662648, 12.88153830637156 ], [ 80.228380537344592, 12.881285636669505 ], [ 80.229310145924202, 12.880742706576431 ], [ 80.230039077478224, 12.879958407126617 ], [ 80.230593512293993, 12.878656243498085 ], [ 80.23059781756065, 12.877245041109065 ], [ 80.230051346609685, 12.875939643252067 ], [ 80.229003039859904, 12.874866268721183 ], [ 80.229889006345857, 12.873968405603444 ], [ 80.230354474073678, 12.873010281245525 ], [ 80.230516412426823, 12.87196084747322 ], [ 80.230360878994816, 12.870910481574832 ], [ 80.22965631794402, 12.869354629228688 ], [ 80.229014490497121, 12.868500220369041 ], [ 80.227820947296095, 12.867712678839194 ], [ 80.226772357964464, 12.867451690363856 ] ] ], [ [ [ 80.228431033718209, 12.882412683477137 ], [ 80.227021090707268, 12.882133212308748 ], [ 80.225281946508133, 12.882555143744622 ], [ 80.223837272796956, 12.883777104642785 ], [ 80.223066396840409, 12.885363697496381 ], [ 80.223010043673284, 12.886423646293238 ], [ 80.223465379500468, 12.887844434583288 ], [ 80.22357886156334, 12.889399458593909 ], [ 80.224038474926317, 12.890360310458485 ], [ 80.224835599564784, 12.891202338059236 ], [ 80.224165257971762, 12.892429668918773 ], [ 80.223713259826056, 12.894549089920464 ], [ 80.223989631395753, 12.895934004768646 ], [ 80.224789520842847, 12.897113600041543 ], [ 80.224066196938651, 12.899203700604344 ], [ 80.223873167594931, 12.900839086948274 ], [ 80.223941829790618, 12.901814895727027 ], [ 80.224359342830695, 12.90290776141938 ], [ 80.224361794840291, 12.904274899467293 ], [ 80.224818033967765, 12.905431574221838 ], [ 80.224479730804703, 12.907823648752025 ], [ 80.225078240219389, 12.909480307006548 ], [ 80.22580243212596, 12.910268893219962 ], [ 80.226634810786521, 12.910773351742526 ], [ 80.22598053942292, 12.911491563678124 ], [ 80.225514975775795, 12.912449672497946 ], [ 80.225352980799642, 12.913499097308609 ], [ 80.225508509016535, 12.91454946310961 ], [ 80.226425015675076, 12.916059744748159 ], [ 80.227697092824684, 12.916875052509379 ], [ 80.226653502840946, 12.91805545630122 ], [ 80.22623173398955, 12.919404650689682 ], [ 80.226281563007404, 12.920464912309971 ], [ 80.22664301154434, 12.921465330515652 ], [ 80.227284955038741, 12.922319748961307 ], [ 80.228297110350638, 12.923022379559061 ], [ 80.227630381583978, 12.923751575697473 ], [ 80.227164798594231, 12.924709685638769 ], [ 80.227002799531078, 12.925759110441192 ], [ 80.22715833927252, 12.926809475105014 ], [ 80.227832702552249, 12.928056045567043 ], [ 80.228632266506054, 12.928771196780584 ], [ 80.229959788581709, 12.929315162438963 ], [ 80.231525796811866, 12.929436833747509 ], [ 80.229929370009302, 12.930177301614064 ], [ 80.229013319573909, 12.931265476829331 ], [ 80.228591536826542, 12.93261467314283 ], [ 80.228728241380182, 12.934019490434164 ], [ 80.229187946469736, 12.934980335733968 ], [ 80.231661085885705, 12.938103290197306 ], [ 80.231571290964723, 12.939844969740017 ], [ 80.232117889417438, 12.941150366374586 ], [ 80.232842190046213, 12.941938937565453 ], [ 80.233903083029389, 12.942534937065902 ], [ 80.233651366753023, 12.943524735253959 ], [ 80.233701226013011, 12.944584995552836 ], [ 80.234062733822626, 12.945585405270386 ], [ 80.234697157163879, 12.946431531041094 ], [ 80.231981456170743, 12.946570602401772 ], [ 80.230359216950433, 12.947317299886601 ], [ 80.229287392757797, 12.948725870171538 ], [ 80.229021286680862, 12.949754665541956 ], [ 80.229071126015072, 12.95081492519583 ], [ 80.229832429245675, 12.952406048683248 ], [ 80.230632072795316, 12.953121197136394 ], [ 80.231608949981222, 12.953577882498237 ], [ 80.232678930527356, 12.953736773746263 ], [ 80.234999881846036, 12.953434182399299 ], [ 80.236270847877051, 12.952772671146475 ], [ 80.237148453972551, 12.951747047777127 ], [ 80.23972216384584, 12.954651273940783 ], [ 80.241049846938125, 12.955195191073118 ], [ 80.242488694293272, 12.95519937811093 ], [ 80.243819645617549, 12.954663197101921 ], [ 80.244623634517936, 12.953952740475827 ], [ 80.245305646483345, 12.95271013922935 ], [ 80.245450903730386, 12.951306143610108 ], [ 80.244852173550484, 12.949649524231754 ], [ 80.24344808759426, 12.948094804543114 ], [ 80.243620835725963, 12.94661616560372 ], [ 80.243207249020273, 12.945264520133263 ], [ 80.242235194125215, 12.944050139252754 ], [ 80.241503163374318, 12.943495383587193 ], [ 80.242679682794815, 12.942725036456361 ], [ 80.243585230606058, 12.94127662202623 ], [ 80.245449986734371, 12.941214148273264 ], [ 80.246989705768371, 12.94031499501965 ], [ 80.247915467522333, 12.93881009488743 ], [ 80.248008653254956, 12.937054848666653 ], [ 80.247247272626652, 12.935463772577727 ], [ 80.245431145453281, 12.934102607824846 ], [ 80.243659417649141, 12.933839580746609 ], [ 80.242232944817786, 12.934273537100909 ], [ 80.24058577076066, 12.93440288568692 ], [ 80.241423383985932, 12.933672764551119 ], [ 80.242105350417191, 12.932430167591637 ], [ 80.242267292843621, 12.931380730656556 ], [ 80.242118347429283, 12.930356782068127 ], [ 80.242597252167457, 12.928590723722669 ], [ 80.242441646659174, 12.927540364725466 ], [ 80.241905627147474, 12.926426346340616 ], [ 80.242077204167501, 12.925350728426309 ], [ 80.241921602078136, 12.924300369093075 ], [ 80.241004971965609, 12.922790135865618 ], [ 80.239400814744386, 12.921842070307658 ], [ 80.238330963142616, 12.92168321360505 ], [ 80.237260167820352, 12.921835827774688 ], [ 80.236280641183498, 12.922286770109208 ], [ 80.235476736768732, 12.922997207049987 ], [ 80.234917685663206, 12.92390595807187 ], [ 80.234650126672719, 12.924963141501093 ], [ 80.233937243708027, 12.923563915438134 ], [ 80.232498773418484, 12.922511807779225 ], [ 80.233652228647273, 12.921044098509569 ], [ 80.233920439637103, 12.919306279806083 ], [ 80.233660668316688, 12.918275932262018 ], [ 80.233107176938873, 12.917363919908073 ], [ 80.232307633845608, 12.916648783104868 ], [ 80.231474791649987, 12.916243090691546 ], [ 80.232223098660327, 12.915572851704841 ], [ 80.232782138881007, 12.914664105383535 ], [ 80.233050346453737, 12.912926286689471 ], [ 80.232451776589699, 12.911269643692648 ], [ 80.231727560056314, 12.910481074622028 ], [ 80.230837831730511, 12.909949821772345 ], [ 80.231552054682652, 12.90887411720604 ], [ 80.232058081021989, 12.90667530877019 ], [ 80.232008226905137, 12.905615045924353 ], [ 80.231596092569589, 12.904531116005751 ], [ 80.233079135569156, 12.903973262436553 ], [ 80.234099381520736, 12.902978373785619 ], [ 80.234653853483636, 12.901676205493031 ], [ 80.234720160576003, 12.900316252436999 ], [ 80.234460401009017, 12.899285905123726 ], [ 80.233664770951123, 12.898110194347131 ], [ 80.232471077196394, 12.897322667030664 ], [ 80.231190960590766, 12.8970498568307 ], [ 80.230620467645096, 12.896316367345758 ], [ 80.231303735268, 12.894206245590082 ], [ 80.231360057316337, 12.893146293750931 ], [ 80.230946608959528, 12.891794631990869 ], [ 80.230259343897586, 12.890899630014792 ], [ 80.230984705185676, 12.889610284732067 ], [ 80.231077970630324, 12.887855043581048 ], [ 80.230580969556854, 12.886631207861369 ], [ 80.230679944313621, 12.885406296758079 ], [ 80.230266509933401, 12.884054634056623 ], [ 80.229357310562406, 12.882961077069059 ], [ 80.228431033718209, 12.882412683477137 ] ], [ [ 80.234482315831741, 12.927244092014861 ], [ 80.234749878506449, 12.926186909115858 ], [ 80.235158691683367, 12.927153121021961 ], [ 80.235002757076245, 12.928179221422003 ], [ 80.235254577546471, 12.929495936931252 ], [ 80.235110119767583, 12.929766722874534 ], [ 80.234391672772503, 12.930032903941202 ], [ 80.232990193001356, 12.929434830884357 ], [ 80.231814189294525, 12.929393167526726 ], [ 80.233410606093187, 12.92865268749582 ], [ 80.234482315831741, 12.927244092014861 ] ] ], [ [ [ 80.222541165508687, 12.945822165324364 ], [ 80.221109736387305, 12.945679570896154 ], [ 80.21973163020219, 12.946085101568544 ], [ 80.218366643670862, 12.947187018194239 ], [ 80.217684518923519, 12.948429542811095 ], [ 80.217539109691629, 12.949833514622783 ], [ 80.217952561753918, 12.951185192995345 ], [ 80.218861938433747, 12.952278795232708 ], [ 80.220128797653629, 12.952947826248632 ], [ 80.221560267149954, 12.9530904283128 ], [ 80.22293841012285, 12.95268489020776 ], [ 80.224303409335448, 12.951582950658093 ], [ 80.224985511807844, 12.950340407639274 ], [ 80.225130880050401, 12.948936429374125 ], [ 80.224717391609133, 12.947584760169285 ], [ 80.223808003997632, 12.946491177488429 ], [ 80.222541165508687, 12.945822165324364 ] ] ], [ [ [ 80.223013044854341, 13.181252889254948 ], [ 80.221601436693646, 13.180973300223517 ], [ 80.220188088140958, 13.181244313240748 ], [ 80.218988160175428, 13.182024670196705 ], [ 80.218184326985096, 13.183195572607934 ], [ 80.217898967802086, 13.184578765391491 ], [ 80.21818553156011, 13.186143672106297 ], [ 80.21898192768063, 13.187319452123356 ], [ 80.220176913335564, 13.188107099795163 ], [ 80.221588559873297, 13.188386698706102 ], [ 80.223001948807649, 13.188115680313482 ], [ 80.224201895954209, 13.187335305878479 ], [ 80.225005716271255, 13.186164384128354 ], [ 80.225291038324229, 13.184781181481007 ], [ 80.225004430006365, 13.183216280119185 ], [ 80.224208016168802, 13.182040517579988 ], [ 80.223013044854341, 13.181252889254948 ] ] ], [ [ [ 80.219851449635513, 13.213255002255851 ], [ 80.218411112588029, 13.213250605924625 ], [ 80.217078693401405, 13.213786565105552 ], [ 80.21605703403884, 13.214781287559388 ], [ 80.215501672305393, 13.216083340141424 ], [ 80.21549716296353, 13.217494500588629 ], [ 80.216094199961745, 13.218949933543012 ], [ 80.217109512376538, 13.219950894901631 ], [ 80.218438526529795, 13.220494993620994 ], [ 80.219878906087047, 13.220499392162642 ], [ 80.221211357293996, 13.219963420358896 ], [ 80.222233019750874, 13.218968677750052 ], [ 80.222788354043089, 13.217666609215929 ], [ 80.222792821537809, 13.21625544632534 ], [ 80.222195749542422, 13.214800026859773 ], [ 80.221180435302244, 13.213799085327226 ], [ 80.219851449635513, 13.213255002255851 ] ] ], [ [ [ 80.22310408682327, 13.339182980339759 ], [ 80.22169157736775, 13.338903344859387 ], [ 80.220277306105601, 13.339174304536558 ], [ 80.219006574857815, 13.339984608712342 ], [ 80.218202178745685, 13.341155468013936 ], [ 80.21791658358093, 13.34253863363519 ], [ 80.218193276839372, 13.343923533313172 ], [ 80.218990143120266, 13.34509932744124 ], [ 80.220185870772212, 13.345887008180688 ], [ 80.221598418137575, 13.346166654031947 ], [ 80.223012729479322, 13.345895689285259 ], [ 80.224283480552543, 13.34508536636487 ], [ 80.225087862565786, 13.343914487231217 ], [ 80.225373419451373, 13.34253131152772 ], [ 80.225096685966619, 13.341146417377432 ], [ 80.224299800912078, 13.339970641171996 ], [ 80.22310408682327, 13.339182980339759 ] ] ], [ [ [ 80.219573476579484, 13.38178240320714 ], [ 80.218139530960229, 13.381639655544372 ], [ 80.216608941130318, 13.382105018907303 ], [ 80.215491877597898, 13.382996783395352 ], [ 80.21480840301858, 13.38423919007653 ], [ 80.214662574804322, 13.38564309774168 ], [ 80.215076602836561, 13.386994775554236 ], [ 80.21598746302503, 13.388088440823417 ], [ 80.21725648751044, 13.388757588722253 ], [ 80.218690474212153, 13.38890034360133 ], [ 80.220221104445841, 13.388434970019429 ], [ 80.221338177990347, 13.387543185430669 ], [ 80.22202163038753, 13.386300760085998 ], [ 80.222167416814969, 13.384896845926669 ], [ 80.221753351470383, 13.383545177531513 ], [ 80.220842479968326, 13.382451532161012 ], [ 80.219573476579484, 13.38178240320714 ] ] ], [ [ [ 80.223854474854392, 13.398983010358004 ], [ 80.2224416199751, 13.398703361272165 ], [ 80.220956997792555, 13.398974304472803 ], [ 80.219755960998242, 13.399754592783118 ], [ 80.218951353571981, 13.400925438299145 ], [ 80.218665672677119, 13.402308594668142 ], [ 80.218942418882321, 13.40369349104318 ], [ 80.219739468767386, 13.404869288312304 ], [ 80.220935482745872, 13.405656978139668 ], [ 80.222348375552471, 13.40593663762348 ], [ 80.223833039808866, 13.405665688634832 ], [ 80.225034094987564, 13.404885382173177 ], [ 80.22583868834208, 13.403714516746234 ], [ 80.226124330810748, 13.402331350265559 ], [ 80.225847544162932, 13.400946459457547 ], [ 80.225050475333958, 13.399770680196854 ], [ 80.223854474854392, 13.398983010358004 ] ] ], [ [ [ 80.224303668028398, 13.408751891213155 ], [ 80.222868670367362, 13.408885793955379 ], [ 80.221595244486949, 13.409547083405624 ], [ 80.220677252369981, 13.410635087603207 ], [ 80.220254451223468, 13.411984172188863 ], [ 80.22039121599289, 13.413388954147724 ], [ 80.221096733733404, 13.414725568103059 ], [ 80.222208170644763, 13.415624224384821 ], [ 80.223586318067817, 13.416038106648994 ], [ 80.225021358242046, 13.415904202188534 ], [ 80.226294810205673, 13.415242897086133 ], [ 80.227212796876429, 13.414154872416917 ], [ 80.227635564339892, 13.412805774493036 ], [ 80.227498757390933, 13.411400994124802 ], [ 80.226793211897544, 13.410064396326774 ], [ 80.225681781182089, 13.409165760316489 ], [ 80.224303668028398, 13.408751891213155 ] ] ], [ [ [ 80.222045051428339, 13.481483070096365 ], [ 80.220631721409376, 13.481203386485044 ], [ 80.21921660765743, 13.4814742916078 ], [ 80.218015139679153, 13.4822545438186 ], [ 80.217210226026808, 13.483425360674408 ], [ 80.216924410505598, 13.484808500212212 ], [ 80.217201214235999, 13.48619339415948 ], [ 80.217998505097839, 13.487369203764358 ], [ 80.219194906843555, 13.488156918787542 ], [ 80.220608275152102, 13.488436612464941 ], [ 80.222023429207866, 13.488165701786276 ], [ 80.223224915894761, 13.487385431652152 ], [ 80.224029815701257, 13.486214595004849 ], [ 80.224315592932882, 13.484831445400973 ], [ 80.224038748898664, 13.483446557009616 ], [ 80.22324143932822, 13.482270765328058 ], [ 80.222045051428339, 13.481483070096365 ] ] ], [ [ [ 80.232659959314091, 12.722462566403562 ], [ 80.230889717349839, 12.722199533096632 ], [ 80.229202195002628, 12.722786765630579 ], [ 80.227995900221075, 12.72408558880784 ], [ 80.227485704372214, 12.726119282367002 ], [ 80.22764117257708, 12.727169655637146 ], [ 80.22810054431659, 12.728130496177378 ], [ 80.229538355654711, 12.729368402714639 ], [ 80.22928230706151, 12.731073866440482 ], [ 80.229880499574932, 12.732730513750631 ], [ 80.23120359286888, 12.733914725792317 ], [ 80.232939128030225, 12.734346834253584 ], [ 80.234349919966576, 12.734075600164049 ], [ 80.235547579287058, 12.733295022457535 ], [ 80.236349769390415, 12.732123940668531 ], [ 80.236764362402994, 12.730420643362596 ], [ 80.236608855149669, 12.729370273443681 ], [ 80.236149448551188, 12.728409445791261 ], [ 80.23469884162472, 12.727165600808847 ], [ 80.23490761570504, 12.725456101831329 ], [ 80.23449436882207, 12.724104443042545 ], [ 80.233585682788132, 12.723010919030806 ], [ 80.232659959314091, 12.722462566403562 ] ] ], [ [ [ 80.237160784632877, 12.740135822852192 ], [ 80.235890921769411, 12.740797409280715 ], [ 80.234820069698628, 12.742206075268234 ], [ 80.234535445990616, 12.743589366079643 ], [ 80.234811761506705, 12.744974279270764 ], [ 80.235606957937364, 12.746149973244007 ], [ 80.237109980167673, 12.747167457355573 ], [ 80.238519195639441, 12.747446835408287 ], [ 80.239930056697261, 12.74717557561222 ], [ 80.24112776431059, 12.746394975934182 ], [ 80.241929974525974, 12.745223879259211 ], [ 80.242214560922179, 12.743840578493066 ], [ 80.241938205601443, 12.742455670709093 ], [ 80.241142989375732, 12.741279994440687 ], [ 80.239966395706361, 12.740415229006841 ], [ 80.23859189774177, 12.740001619094949 ], [ 80.237160784632877, 12.740135822852192 ] ] ], [ [ [ 80.230530207132929, 12.778682041852347 ], [ 80.229099712588393, 12.778539542914412 ], [ 80.227722544625522, 12.778945173437984 ], [ 80.226548357092, 12.779887181104389 ], [ 80.225866772168999, 12.781129770829729 ], [ 80.225721559822887, 12.782533773005756 ], [ 80.22613483573862, 12.78388544235902 ], [ 80.22704368994944, 12.784978997593157 ], [ 80.228309759887765, 12.785647950832194 ], [ 80.22974029351343, 12.78579045623702 ], [ 80.231117496624165, 12.785384817322498 ], [ 80.232291695035613, 12.784442790191049 ], [ 80.232973259372557, 12.783200182888786 ], [ 80.233118432489903, 12.781796174525983 ], [ 80.23270512152007, 12.780444513974707 ], [ 80.231796256851652, 12.779350977407903 ], [ 80.230530207132929, 12.778682041852347 ] ] ], [ [ [ 80.231600379352045, 12.815532055129514 ], [ 80.229811747277409, 12.815440583914572 ], [ 80.228481522606671, 12.815976738935621 ], [ 80.227274754055671, 12.817275524239188 ], [ 80.226777322038913, 12.81893379847801 ], [ 80.226773015651233, 12.820345005847445 ], [ 80.227319366030173, 12.8216504082041 ], [ 80.228333202850848, 12.822651267273272 ], [ 80.22945956693016, 12.823145270807625 ], [ 80.228437867682018, 12.824057179933215 ], [ 80.227756160209495, 12.825299764172863 ], [ 80.227594251816072, 12.826349200978107 ], [ 80.22784686848884, 12.827668433547672 ], [ 80.226507836985149, 12.828687157914992 ], [ 80.225826106526242, 12.829929735466976 ], [ 80.225671359356241, 12.831131797135464 ], [ 80.225062988906004, 12.832784703534921 ], [ 80.225393671465085, 12.834677099883294 ], [ 80.224648910650558, 12.835785885753566 ], [ 80.224364097098928, 12.837169146727502 ], [ 80.224640428117311, 12.838554063501819 ], [ 80.225193731633254, 12.839466087637589 ], [ 80.225993021463353, 12.840181235315809 ], [ 80.227320081770074, 12.840725191222269 ], [ 80.228758270557123, 12.840729417081459 ], [ 80.229777812976664, 12.840374833292676 ], [ 80.230648552040961, 12.839745109376146 ], [ 80.231745496846642, 12.83845447278456 ], [ 80.232185900255431, 12.836750794910996 ], [ 80.231813759152161, 12.835165649489415 ], [ 80.232683947414998, 12.833720222576144 ], [ 80.23322699371117, 12.831235232573801 ], [ 80.232993168366875, 12.829561546360448 ], [ 80.234252184248973, 12.82851279047509 ], [ 80.235022797380566, 12.826926144136388 ], [ 80.235027060086068, 12.825514934727265 ], [ 80.23448066187791, 12.824209546031472 ], [ 80.233466793494784, 12.823208709041326 ], [ 80.232340420313449, 12.822714722209474 ], [ 80.233232104220249, 12.821952797936264 ], [ 80.233913775689587, 12.820710197155021 ], [ 80.23420564366053, 12.819000751959127 ], [ 80.23405011442479, 12.817950385032193 ], [ 80.2331338822151, 12.816440136459565 ], [ 80.231600379352045, 12.815532055129514 ] ] ], [ [ [ 80.22928328738756, 13.230782878312814 ], [ 80.227871388737739, 13.230503308805391 ], [ 80.226549248933765, 13.230685800909479 ], [ 80.225276791249684, 13.231347169638306 ], [ 80.224359532017502, 13.232435240034242 ], [ 80.223937116847495, 13.233784367599897 ], [ 80.224073861815597, 13.235189162741035 ], [ 80.224748957710645, 13.236435757801349 ], [ 80.22585963279252, 13.237334366666632 ], [ 80.227236795639911, 13.237748179922983 ], [ 80.228920781980435, 13.237584194561929 ], [ 80.230193264212602, 13.236922809238871 ], [ 80.23111051668451, 13.235834717771079 ], [ 80.231551785361901, 13.234131132076261 ], [ 80.231275104248439, 13.232746237781182 ], [ 80.230478512297935, 13.231570488752256 ], [ 80.22928328738756, 13.230782878312814 ] ] ], [ [ [ 80.23664248185689, 13.237742243454802 ], [ 80.234850821798275, 13.237650641249441 ], [ 80.233136634403181, 13.238437234363001 ], [ 80.232406594521109, 13.239221463103078 ], [ 80.231940366585661, 13.240179526607102 ], [ 80.231778104160568, 13.241228918707654 ], [ 80.231979970980859, 13.24240695356224 ], [ 80.231019422312841, 13.242369634831988 ], [ 80.229967649414789, 13.242624356003235 ], [ 80.229036641473485, 13.243167198016387 ], [ 80.228306574179157, 13.243951413254623 ], [ 80.22775120094073, 13.245253489466782 ], [ 80.227746751854468, 13.246664650822146 ], [ 80.228293913295559, 13.247970061320165 ], [ 80.229309391687778, 13.24897098134444 ], [ 80.230397403241241, 13.249487726458431 ], [ 80.231468650703022, 13.249646689886571 ], [ 80.232540875982522, 13.249494181952565 ], [ 80.233521735886697, 13.24904333687228 ], [ 80.234326756710018, 13.248332982451217 ], [ 80.235009713920789, 13.247090483766902 ], [ 80.235171967928494, 13.246041089545427 ], [ 80.234953388152178, 13.244816902327202 ], [ 80.236872420603532, 13.244585617792662 ], [ 80.237893419095116, 13.244002745827887 ], [ 80.238623457418413, 13.24321850150821 ], [ 80.2392330205261, 13.241565472043503 ], [ 80.238975167854335, 13.239826138591393 ], [ 80.237910809576277, 13.238411256320962 ], [ 80.23664248185689, 13.237742243454802 ] ] ], [ [ [ 80.233412759392323, 13.282252282308901 ], [ 80.231979384413251, 13.282109643374117 ], [ 80.230599385885185, 13.282515118306659 ], [ 80.229482848222247, 13.283406979209479 ], [ 80.228729749784804, 13.28481945143994 ], [ 80.228584093931516, 13.286223385675262 ], [ 80.228998063046689, 13.287575046193055 ], [ 80.229908641941933, 13.288668652946251 ], [ 80.231177205557074, 13.289337710047631 ], [ 80.232610622006703, 13.289480355704294 ], [ 80.233990657838888, 13.289074872046621 ], [ 80.235107207251858, 13.28818299227502 ], [ 80.235860281343832, 13.286770500099424 ], [ 80.236005896098618, 13.285366559500645 ], [ 80.235591890591806, 13.284014908242135 ], [ 80.234681301260537, 13.282921320986279 ], [ 80.233412759392323, 13.282252282308901 ] ] ], [ [ [ 80.228656944173267, 13.387954342043111 ], [ 80.227455986798816, 13.388734671967109 ], [ 80.226651454875196, 13.389905547050409 ], [ 80.226365834073306, 13.391288716433479 ], [ 80.226796592984769, 13.392994926184116 ], [ 80.227707529534939, 13.394088552816754 ], [ 80.22938662432621, 13.395077646928438 ], [ 80.230820659309884, 13.395220335314082 ], [ 80.232201307979793, 13.39481489742605 ], [ 80.233318371168409, 13.393923059515538 ], [ 80.234001783796046, 13.392680600028484 ], [ 80.234147507104822, 13.391276676101365 ], [ 80.233733364908147, 13.389925023792552 ], [ 80.232822414519802, 13.388831417905523 ], [ 80.231484298672214, 13.387962955220551 ], [ 80.230071496147232, 13.387683351579424 ], [ 80.228656944173267, 13.387954342043111 ] ] ], [ [ [ 80.228334607842712, 13.42795299854903 ], [ 80.226921578934849, 13.427673365712034 ], [ 80.225436788919566, 13.427954324466294 ], [ 80.224235616057427, 13.428734625272801 ], [ 80.223430925049115, 13.429905478337968 ], [ 80.223145225793687, 13.431288636167759 ], [ 80.223422021676214, 13.432673527693897 ], [ 80.224219181732437, 13.433849314536081 ], [ 80.225415349608909, 13.434636989935578 ], [ 80.226828416599616, 13.43491663317911 ], [ 80.228313248738857, 13.434635668607505 ], [ 80.229514439958578, 13.43385534959828 ], [ 80.230319116807109, 13.432684476582196 ], [ 80.230604777522643, 13.431301308634204 ], [ 80.230327941117793, 13.429916422705107 ], [ 80.229530762121811, 13.428740653920253 ], [ 80.228334607842712, 13.42795299854903 ] ] ], [ [ [ 80.244159893824147, 12.752641962619171 ], [ 80.242371693560528, 12.752550600895246 ], [ 80.240750759619118, 12.753297445223659 ], [ 80.239679876665463, 12.754706128117707 ], [ 80.23934194058765, 12.756773985021502 ], [ 80.239755256370671, 12.75812563740028 ], [ 80.240664086398198, 12.759219145954454 ], [ 80.241930071770682, 12.759888029921328 ], [ 80.243531372887119, 12.760006070827592 ], [ 80.24236533462431, 12.761275737452886 ], [ 80.241888057690659, 12.762714045313382 ], [ 80.241883854594761, 12.764125263692668 ], [ 80.242430180537042, 12.765430637785565 ], [ 80.243154043407685, 12.766219164508891 ], [ 80.244079945008707, 12.766767488892693 ], [ 80.245850512611099, 12.767030451345862 ], [ 80.24722759157487, 12.766624720612578 ], [ 80.248341651340681, 12.765732617043609 ], [ 80.249023084179569, 12.764489959322008 ], [ 80.249278146057264, 12.762645932678833 ], [ 80.248864772907581, 12.761294292405001 ], [ 80.247955899125785, 12.76020080983413 ], [ 80.246689894733265, 12.759531953776726 ], [ 80.245088594007072, 12.759413932091585 ], [ 80.245851552802179, 12.758732639393047 ], [ 80.246410166526886, 12.757823831181994 ], [ 80.246748047628344, 12.755755962256163 ], [ 80.246488352475112, 12.754725621185678 ], [ 80.245935136644349, 12.753813642075473 ], [ 80.245136044719018, 12.75309856244283 ], [ 80.244159893824147, 12.752641962619171 ] ] ], [ [ [ 80.24297049648392, 12.78119745494323 ], [ 80.242055077124405, 12.782285721425229 ], [ 80.241672137027123, 12.783385413657836 ], [ 80.241009480863525, 12.784406125613435 ], [ 80.240731387077602, 12.785665813666963 ], [ 80.239995039146393, 12.786595694326707 ], [ 80.239627716494638, 12.787593996226157 ], [ 80.239710335567992, 12.789349765842401 ], [ 80.240626519880109, 12.790859991299827 ], [ 80.241959759210431, 12.791747461850724 ], [ 80.243730496298824, 12.792010447666506 ], [ 80.244780333082176, 12.791755556117428 ], [ 80.24570956975812, 12.791212543877956 ], [ 80.246813570821814, 12.78971419587338 ], [ 80.247789843149576, 12.790307498342406 ], [ 80.249199309898387, 12.790586832570368 ], [ 80.25061040482872, 12.790315529355468 ], [ 80.251808293278415, 12.789534893286861 ], [ 80.252455034248385, 12.788684195971618 ], [ 80.252822309347494, 12.787685873561429 ], [ 80.25287849189418, 12.786625902250359 ], [ 80.252618747264478, 12.785595566457307 ], [ 80.252065447972697, 12.784683597338313 ], [ 80.251266245792493, 12.783968531545311 ], [ 80.250289967341175, 12.783511948213453 ], [ 80.249060309451551, 12.783360441741209 ], [ 80.248747179759008, 12.782472393588984 ], [ 80.250529544268417, 12.781702501408045 ], [ 80.251258110501922, 12.78091811762283 ], [ 80.251723308078496, 12.779959934630561 ], [ 80.251885076734126, 12.778910472069025 ], [ 80.251729488645836, 12.777860109695666 ], [ 80.250813278498171, 12.776349920260778 ], [ 80.249620079182179, 12.775562492745699 ], [ 80.248571838157105, 12.775301609532622 ], [ 80.247491576365903, 12.775350613133552 ], [ 80.246161598834135, 12.775886872947295 ], [ 80.245358209833256, 12.776597375556884 ], [ 80.244676723770255, 12.777840019879669 ], [ 80.244531617668926, 12.779244038746214 ], [ 80.244857466889712, 12.78041267950297 ], [ 80.243899696728164, 12.780654446705272 ], [ 80.24297049648392, 12.78119745494323 ] ] ], [ [ [ 80.242290117927809, 12.792151991359775 ], [ 80.240859537638727, 12.792009551681193 ], [ 80.239482310552475, 12.792415240123352 ], [ 80.238368099464182, 12.793307296197671 ], [ 80.237686530672235, 12.794549916461063 ], [ 80.237444676137784, 12.796569363330455 ], [ 80.237721048266351, 12.797954272138806 ], [ 80.23878367047601, 12.799369098833772 ], [ 80.240049844186288, 12.800038000790453 ], [ 80.241480468748918, 12.80018044729378 ], [ 80.242857736105108, 12.799774750832634 ], [ 80.243971962235904, 12.798882676918332 ], [ 80.244653514076631, 12.797640039729664 ], [ 80.244895313163241, 12.795620583244466 ], [ 80.244618903253453, 12.794235679662005 ], [ 80.24355626696989, 12.792820875330049 ], [ 80.242290117927809, 12.792151991359775 ] ] ], [ [ [ 80.239917975060962, 12.803557307448006 ], [ 80.239236383160176, 12.804799929641336 ], [ 80.239143238567976, 12.806555189587733 ], [ 80.239689628618336, 12.807860569543383 ], [ 80.240992555981563, 12.809032561629637 ], [ 80.23945790670264, 12.810377299608806 ], [ 80.238899142460824, 12.81128608163336 ], [ 80.238631123590125, 12.81302392795898 ], [ 80.238890832248885, 12.814054273815985 ], [ 80.239435878531566, 12.814955269858755 ], [ 80.23825025745613, 12.815587405659421 ], [ 80.237521547352131, 12.816371743620415 ], [ 80.23665620997555, 12.818419886158921 ], [ 80.236494344208154, 12.819469331324322 ], [ 80.236770728723229, 12.820854239862593 ], [ 80.237566151437235, 12.822029935192973 ], [ 80.23875952030366, 12.822817424676661 ], [ 80.240169152900407, 12.82309681610028 ], [ 80.241239524677823, 12.822944165381989 ], [ 80.242218647579932, 12.822493179077235 ], [ 80.243022197582093, 12.821782697106414 ], [ 80.243580972882441, 12.820873907513018 ], [ 80.24426564359959, 12.818400610573295 ], [ 80.244110072538717, 12.81735024722332 ], [ 80.243444152531509, 12.816114719876639 ], [ 80.244629764557075, 12.81548256011447 ], [ 80.245592144845872, 12.814512667353254 ], [ 80.246150893703941, 12.813603870397101 ], [ 80.246416754923601, 12.812575035096923 ], [ 80.24636683597943, 12.811514765124235 ], [ 80.246005439691274, 12.810514370259614 ], [ 80.244731815535715, 12.809164357476506 ], [ 80.24614837960705, 12.807948188692919 ], [ 80.246613651366644, 12.806990020489092 ], [ 80.246775464630701, 12.805940565323718 ], [ 80.246499036367425, 12.804555663587092 ], [ 80.245945722406674, 12.803643681844804 ], [ 80.245146481933105, 12.802928596153182 ], [ 80.24417014486319, 12.802471987358061 ], [ 80.242770795091701, 12.80224317699485 ], [ 80.241700512002652, 12.802395839128117 ], [ 80.240721467992671, 12.802846828486203 ], [ 80.239917975060962, 12.803557307448006 ] ] ], [ [ [ 80.241430290529294, 12.824022011439803 ], [ 80.239799535096807, 12.823889557265515 ], [ 80.238111341207713, 12.824476805145625 ], [ 80.236904576373661, 12.825775634296507 ], [ 80.236483044571685, 12.827124866381107 ], [ 80.236619770558477, 12.828529689997392 ], [ 80.237261446152374, 12.829732963446617 ], [ 80.236702983880363, 12.831304866143766 ], [ 80.23696056162531, 12.833044231898901 ], [ 80.238023315097792, 12.834459065978178 ], [ 80.238949444995228, 12.835007418944834 ], [ 80.239997917102954, 12.835268352526265 ], [ 80.241599570825358, 12.835084163889476 ], [ 80.242869906231547, 12.834422580364652 ], [ 80.243785523478635, 12.833334325650851 ], [ 80.244207029308015, 12.831985080886531 ], [ 80.244070260237876, 12.830580259117269 ], [ 80.243458572410589, 12.829416968478002 ], [ 80.244016969257558, 12.827845080282669 ], [ 80.243880202153548, 12.826440258160499 ], [ 80.242963881587784, 12.824930039769406 ], [ 80.241430290529294, 12.824022011439803 ] ] ], [ [ [ 80.241780357065622, 12.838092016757383 ], [ 80.240159522115462, 12.837959560178886 ], [ 80.238782040121222, 12.838365229468298 ], [ 80.237667615259454, 12.839257267992693 ], [ 80.236985906366129, 12.84049987499597 ], [ 80.236840701836684, 12.841903878609314 ], [ 80.237254116210579, 12.843255533337114 ], [ 80.238163218474384, 12.844349060092219 ], [ 80.239429608297812, 12.845017975313095 ], [ 80.241050487624875, 12.845150438835626 ], [ 80.242428004260802, 12.84474475972242 ], [ 80.243542438811474, 12.84385270178395 ], [ 80.244224126475089, 12.842610076781718 ], [ 80.24436929088705, 12.841206066890591 ], [ 80.243955840549646, 12.8398544212119 ], [ 80.243046727101216, 12.838760913636913 ], [ 80.241780357065622, 12.838092016757383 ] ] ], [ [ [ 80.242660623888057, 12.847082575694476 ], [ 80.241250855680747, 12.846803190502609 ], [ 80.239839435513062, 12.847074424265362 ], [ 80.238397513245914, 12.848117271475601 ], [ 80.237715781401164, 12.849359878403924 ], [ 80.237493871167658, 12.851889318861147 ], [ 80.237770286263583, 12.85327422526851 ], [ 80.238833122882596, 12.854689058944977 ], [ 80.240099564884858, 12.855357973415774 ], [ 80.241530500290693, 12.855500436571537 ], [ 80.242908073678265, 12.855094758362242 ], [ 80.244022554403912, 12.85420270153087 ], [ 80.244704270634841, 12.852960077673885 ], [ 80.244926110615395, 12.850430627345784 ], [ 80.244770524793097, 12.849380265669186 ], [ 80.244096263045748, 12.848133738533914 ], [ 80.242660623888057, 12.847082575694476 ] ] ], [ [ [ 80.243030432701232, 12.856332019764711 ], [ 80.241081506585076, 12.856270609856198 ], [ 80.239459888587945, 12.85701740299724 ], [ 80.238388527132102, 12.858426044634548 ], [ 80.238120435962628, 12.860163881271433 ], [ 80.238533881477764, 12.861515534184942 ], [ 80.2395492703466, 12.862686830450034 ], [ 80.238755574843807, 12.864049881836088 ], [ 80.238610358928184, 12.865453883728923 ], [ 80.23902381412644, 12.866805535962955 ], [ 80.239749856463447, 12.867735227742358 ], [ 80.239660308780472, 12.868923895597939 ], [ 80.239920065836301, 12.86995423955404 ], [ 80.24047348852433, 12.870866236314511 ], [ 80.241582918845708, 12.871941346197653 ], [ 80.242910180194443, 12.872485233244797 ], [ 80.243990545150211, 12.872540431929567 ], [ 80.2453682098987, 12.872134746273876 ], [ 80.246482761232031, 12.871242683831278 ], [ 80.24716451656721, 12.87000005705849 ], [ 80.247309689250116, 12.868596048406594 ], [ 80.246896186544106, 12.867244406788167 ], [ 80.246003018861174, 12.866093977421729 ], [ 80.246166324859317, 12.865040621782921 ], [ 80.245889854073766, 12.863655722163559 ], [ 80.244724567945923, 12.862165961460324 ], [ 80.245563309924947, 12.86050602592937 ], [ 80.245480655595301, 12.858750263982216 ], [ 80.2445642192408, 12.857240047795473 ], [ 80.243030432701232, 12.856332019764711 ] ] ], [ [ [ 80.244940497586754, 12.874192019351574 ], [ 80.243509453834108, 12.874049568993424 ], [ 80.242131776025758, 12.87445524407193 ], [ 80.241017195525487, 12.875347286149829 ], [ 80.240185392586739, 12.876809891806039 ], [ 80.240040173112803, 12.87821389317325 ], [ 80.240453653045051, 12.879565543447107 ], [ 80.241362891410617, 12.880659064209933 ], [ 80.242629467162175, 12.881327972799953 ], [ 80.244060551206871, 12.881470430153716 ], [ 80.245438265474817, 12.881064747104409 ], [ 80.246552857859498, 12.880172687138149 ], [ 80.247384637251898, 12.878710060201687 ], [ 80.247529816515325, 12.8773060525606 ], [ 80.247116301016618, 12.875954411322923 ], [ 80.246207052335407, 12.874860909695276 ], [ 80.244940497586754, 12.874192019351574 ] ] ], [ [ [ 80.247240794946038, 12.883092567845416 ], [ 80.245830821431227, 12.882813196574819 ], [ 80.244419201166238, 12.883084443312608 ], [ 80.243220832225788, 12.883865014344025 ], [ 80.242418151553565, 12.885036078507678 ], [ 80.241912172718017, 12.886674895171316 ], [ 80.242048942041407, 12.888079713146709 ], [ 80.242723288704056, 12.889326247165711 ], [ 80.244159158311845, 12.890377419695774 ], [ 80.245569171297291, 12.890656802050209 ], [ 80.246980833569523, 12.890385551547787 ], [ 80.248179224024142, 12.889604964763205 ], [ 80.24898189471449, 12.888433882665181 ], [ 80.249487832548766, 12.886795050206944 ], [ 80.249351021816878, 12.885390233723809 ], [ 80.248676650799965, 12.884143715172547 ], [ 80.247240794946038, 12.883092567845416 ] ] ], [ [ [ 80.23978287522435, 13.189252788233608 ], [ 80.238371197351299, 13.188973288163046 ], [ 80.236927815925455, 13.189244391830306 ], [ 80.235727896071268, 13.190024827452964 ], [ 80.234924111191759, 13.191195784603559 ], [ 80.23463883317774, 13.192578999863841 ], [ 80.234915501123837, 13.193963893383559 ], [ 80.235712003374687, 13.195139626502334 ], [ 80.236907083643999, 13.195927200712163 ], [ 80.238318798862508, 13.196206710783136 ], [ 80.23976222049528, 13.195935601565004 ], [ 80.240962158520446, 13.195155148274559 ], [ 80.241765929734967, 13.193984171676309 ], [ 80.242051170193221, 13.192600946536492 ], [ 80.241774462727918, 13.191216058474188 ], [ 80.240977942070188, 13.190040342962963 ], [ 80.23978287522435, 13.189252788233608 ] ] ], [ [ [ 80.238908014580204, 13.266256713205054 ], [ 80.237886207830755, 13.267251511816241 ], [ 80.237330824453537, 13.268553606432787 ], [ 80.237326422544683, 13.269964768394614 ], [ 80.237873681314525, 13.271270161602393 ], [ 80.238889292376953, 13.272271049061803 ], [ 80.240248639102475, 13.272825050482531 ], [ 80.241689333831289, 13.272829342775792 ], [ 80.243022035051411, 13.27229327221958 ], [ 80.24404384428405, 13.271298453411427 ], [ 80.244599199784844, 13.269996342849737 ], [ 80.244603559730677, 13.268585178503933 ], [ 80.244056269419048, 13.267279797866053 ], [ 80.243040655633408, 13.266278930591248 ], [ 80.241681337309501, 13.265724945404676 ], [ 80.240240684442952, 13.26572065532023 ], [ 80.238908014580204, 13.266256713205054 ] ] ], [ [ [ 80.246052571629463, 13.279992217746374 ], [ 80.24461919845578, 13.279849650267305 ], [ 80.242999500378687, 13.280365002724558 ], [ 80.24140885914899, 13.280475852919114 ], [ 80.240427882719032, 13.280926721208786 ], [ 80.239542765796486, 13.281717087359384 ], [ 80.238859724285291, 13.282959590858757 ], [ 80.238714128062966, 13.284363534317688 ], [ 80.23912815162204, 13.285715181427433 ], [ 80.240038771480357, 13.286808754176786 ], [ 80.241307356333976, 13.287477761854518 ], [ 80.242740771058664, 13.287620350196335 ], [ 80.244366128834429, 13.287071766579475 ], [ 80.246372763121599, 13.286795574616288 ], [ 80.247817308071149, 13.285752855451086 ], [ 80.248589422234517, 13.284166297229401 ], [ 80.248506774970082, 13.28241058437537 ], [ 80.247588900885958, 13.28090034174649 ], [ 80.246052571629463, 13.279992217746374 ] ] ], [ [ [ 80.242423016472685, 13.35524227414423 ], [ 80.240989206086155, 13.355099663432352 ], [ 80.239608799277804, 13.355505163491934 ], [ 80.238491942576758, 13.356397042619346 ], [ 80.237808664965868, 13.357639524497461 ], [ 80.237662993873712, 13.35904345645295 ], [ 80.2381371139614, 13.360515104627497 ], [ 80.239047990173162, 13.361608689365815 ], [ 80.240316950398949, 13.362277718881861 ], [ 80.241750802337691, 13.362420335565037 ], [ 80.243131246183609, 13.362014825957758 ], [ 80.24424811397661, 13.36112292722988 ], [ 80.24493137039714, 13.359880427076796 ], [ 80.245077000461706, 13.358476488812643 ], [ 80.24460284087364, 13.357004851362479 ], [ 80.243691954643296, 13.355911285798506 ], [ 80.242423016472685, 13.35524227414423 ] ] ], [ [ [ 80.240901834686383, 13.392935003932354 ], [ 80.239460428845263, 13.392930669051289 ], [ 80.238127044874986, 13.39346667997585 ], [ 80.237104671533231, 13.394461436642464 ], [ 80.236548955335735, 13.395763500759113 ], [ 80.236544505113443, 13.397174648340201 ], [ 80.237122006700019, 13.398560045788496 ], [ 80.2381381167868, 13.399560954755216 ], [ 80.239468141232834, 13.400104991894057 ], [ 80.240909589791201, 13.400109329008151 ], [ 80.242243005827859, 13.399573305295512 ], [ 80.243265381971412, 13.398578528252251 ], [ 80.243821070168778, 13.397276448061763 ], [ 80.243825478012766, 13.395865298100915 ], [ 80.24324794277733, 13.394479913984618 ], [ 80.2422318305766, 13.393479025188354 ], [ 80.240901834686383, 13.392935003932354 ] ] ], [ [ [ 80.246331356193039, 12.894160624191663 ], [ 80.244709501750052, 12.894907434997565 ], [ 80.243793649604328, 12.895995675679732 ], [ 80.2433720149387, 12.89734490719496 ], [ 80.243548793086447, 12.898879724486653 ], [ 80.244593170542302, 12.900616259475147 ], [ 80.245702491253439, 12.901514727240185 ], [ 80.247077864272356, 12.9019283446238 ], [ 80.248709897286531, 12.901784138697318 ], [ 80.249980561895313, 12.901122541634034 ], [ 80.250896408461713, 12.900034279267635 ], [ 80.251318008829514, 12.898685033922931 ], [ 80.251181185167852, 12.89728021874255 ], [ 80.250506776360169, 12.896033703776389 ], [ 80.249097246615719, 12.894708624831761 ], [ 80.247769855847878, 12.894164762830311 ], [ 80.246331356193039, 12.894160624191663 ] ] ], [ [ [ 80.246717761635352, 12.912536115471539 ], [ 80.246451772879524, 12.913564937549859 ], [ 80.246501687677252, 12.914625200482508 ], [ 80.246863211266671, 12.915625595178581 ], [ 80.247721077056724, 12.91667302108606 ], [ 80.247045844221375, 12.918134000485622 ], [ 80.247041617149236, 12.91954520388785 ], [ 80.247588259806435, 12.920850572145422 ], [ 80.248576914088915, 12.921832602094344 ], [ 80.247827617044138, 12.922946122941017 ], [ 80.247451613459788, 12.924394943119585 ], [ 80.247501532019967, 12.925455205342471 ], [ 80.247805384913789, 12.926335043256492 ], [ 80.247582755562135, 12.9275493995957 ], [ 80.247738382750015, 12.92859975671492 ], [ 80.248412855547869, 12.929846279799401 ], [ 80.249522313835968, 12.93074473722101 ], [ 80.250897851463748, 12.931158342727022 ], [ 80.252510050627151, 12.930974125258404 ], [ 80.253489586394934, 12.930523122590593 ], [ 80.254293468354689, 12.929812629106026 ], [ 80.254852466116347, 12.928903833856113 ], [ 80.255118440781771, 12.927875003422521 ], [ 80.255068490089755, 12.926814741063556 ], [ 80.254664742526032, 12.925744873914336 ], [ 80.254917200423009, 12.924350546325456 ], [ 80.254761544595993, 12.923300191647485 ], [ 80.254301757878025, 12.922339386298955 ], [ 80.253455471293449, 12.92146159981673 ], [ 80.254166689937719, 12.920554251748223 ], [ 80.254588313720859, 12.919205004147241 ], [ 80.254330559618367, 12.917465655422184 ], [ 80.253327969033208, 12.916105049059009 ], [ 80.253994108291579, 12.914655950831635 ], [ 80.253911398893152, 12.912900194517642 ], [ 80.253451632275812, 12.911939388132256 ], [ 80.252727344737366, 12.911150873534179 ], [ 80.251800912049234, 12.910602555245042 ], [ 80.250390779758263, 12.910323200364484 ], [ 80.249060041371393, 12.910465866317727 ], [ 80.248080578827654, 12.910916856910005 ], [ 80.247276743879354, 12.911627334641038 ], [ 80.246717761635352, 12.912536115471539 ] ] ], [ [ [ 80.249950252762986, 12.935855057983513 ], [ 80.249147422409209, 12.937026130772946 ], [ 80.248862595003629, 12.938409408941586 ], [ 80.249139140870582, 12.939794303019603 ], [ 80.249782629969303, 12.94080414220528 ], [ 80.249472538210881, 12.942239414486849 ], [ 80.249902851456568, 12.943945610447289 ], [ 80.250812349528132, 12.945039108134496 ], [ 80.252079267541873, 12.945707986937773 ], [ 80.253510724266903, 12.945850412313712 ], [ 80.254888784848077, 12.945444699965719 ], [ 80.256390057769082, 12.944138143975728 ], [ 80.256998657326719, 12.942484988372483 ], [ 80.256861791787657, 12.941080177793975 ], [ 80.256214900371972, 12.939870466412509 ], [ 80.256470704131061, 12.938165976740601 ], [ 80.256057058374196, 12.936814347753312 ], [ 80.254857542103281, 12.935508603287056 ], [ 80.253279929976159, 12.934874760590478 ], [ 80.251489923213853, 12.934955875110148 ], [ 80.249950252762986, 12.935855057983513 ] ] ], [ [ [ 80.255770717241731, 12.94621200224862 ], [ 80.253981142241926, 12.946120644959549 ], [ 80.252358963642223, 12.946867483154582 ], [ 80.25128725988499, 12.948276150898458 ], [ 80.251002427839708, 12.949659430170279 ], [ 80.251158077894331, 12.950709785024697 ], [ 80.251845138585082, 12.952339561368566 ], [ 80.251455326426367, 12.953374035023177 ], [ 80.251399060752036, 12.954433990315309 ], [ 80.251658934800147, 12.955464323470288 ], [ 80.25228942297548, 12.95645995510549 ], [ 80.251884224585865, 12.957319991246242 ], [ 80.251722299103776, 12.958369433380552 ], [ 80.251877955536102, 12.959419787570429 ], [ 80.252432362116934, 12.960506424842995 ], [ 80.252507916528728, 12.962289793827846 ], [ 80.252967760751062, 12.963250603044619 ], [ 80.253692190168792, 12.964039122107218 ], [ 80.254618818024156, 12.964587442448929 ], [ 80.25602925782124, 12.964866790220956 ], [ 80.257441333723492, 12.96459550689208 ], [ 80.258640061606997, 12.963814894050603 ], [ 80.259592939368687, 12.962363794566961 ], [ 80.259877742927458, 12.960980505446937 ], [ 80.259722052085152, 12.959930154289813 ], [ 80.259275523247069, 12.958991322699926 ], [ 80.259172017259544, 12.957370159715525 ], [ 80.258403529059464, 12.95602146059092 ], [ 80.258815747750617, 12.9551499612343 ], [ 80.258977640934219, 12.954100512707722 ], [ 80.258821956549539, 12.953050160898526 ], [ 80.258425260541301, 12.952193388122742 ], [ 80.258768785245252, 12.951004970138005 ], [ 80.258631907778053, 12.949600160607922 ], [ 80.257547327119511, 12.947383664078869 ], [ 80.256747619422612, 12.9466685946678 ], [ 80.255770717241731, 12.94621200224862 ] ] ], [ [ [ 80.252052799740881, 13.202572718670018 ], [ 80.250641028497114, 13.202293281642081 ], [ 80.249227578978179, 13.202564449478492 ], [ 80.248027627527577, 13.203344940520488 ], [ 80.24722385192193, 13.204515935885613 ], [ 80.246898620583053, 13.206039165649337 ], [ 80.247175369221168, 13.207424049046192 ], [ 80.247971972262533, 13.208599748338337 ], [ 80.249167158072112, 13.209387270160097 ], [ 80.250578967501056, 13.209666717256042 ], [ 80.251992457241641, 13.209395544211226 ], [ 80.253192427755778, 13.208615035852173 ], [ 80.253996190457428, 13.207444021309216 ], [ 80.254321380639681, 13.205920780437506 ], [ 80.254044592511661, 13.204535902542997 ], [ 80.253247971450207, 13.203360220933103 ], [ 80.252052799740881, 13.202572718670018 ] ] ], [ [ [ 80.249292840106733, 13.213731763791827 ], [ 80.247859002319345, 13.213865872447222 ], [ 80.246586685859612, 13.214527355976982 ], [ 80.245669583908253, 13.215615512828156 ], [ 80.245247318143939, 13.21696468533302 ], [ 80.245384181895446, 13.218369477040605 ], [ 80.246119347034664, 13.219726021417172 ], [ 80.247230033480903, 13.220624538698916 ], [ 80.248607146666771, 13.221038234172301 ], [ 80.25004102639457, 13.220904123618713 ], [ 80.251313368516207, 13.220242624500756 ], [ 80.252230465010044, 13.219154447385243 ], [ 80.252652697474218, 13.217805261724569 ], [ 80.252515792042814, 13.216400471634964 ], [ 80.251780599462919, 13.215043943938035 ], [ 80.250669919367837, 13.214145446492671 ], [ 80.249292840106733, 13.213731763791827 ] ] ], [ [ [ 80.251502385569893, 13.258852179802959 ], [ 80.250069130769816, 13.25870964919406 ], [ 80.248689291022913, 13.259115231583415 ], [ 80.247572926592099, 13.260007182720534 ], [ 80.246889991537913, 13.261249715294573 ], [ 80.246744461104043, 13.262653668883459 ], [ 80.247158499752743, 13.264005305629439 ], [ 80.248069081687831, 13.265098849098607 ], [ 80.249337581369772, 13.265767813043508 ], [ 80.250770876644893, 13.265910349866916 ], [ 80.252150752523391, 13.265504758281757 ], [ 80.253267127576976, 13.264612787925296 ], [ 80.253950041522444, 13.263370237366811 ], [ 80.254095531481255, 13.261966277563419 ], [ 80.253681456700946, 13.260614650013242 ], [ 80.252770864143088, 13.25952112576341 ], [ 80.251502385569893, 13.258852179802959 ] ] ], [ [ [ 80.255123258728375, 13.278732742555112 ], [ 80.253711048967077, 13.278453300630771 ], [ 80.252638703918123, 13.278605891159277 ], [ 80.251366052937669, 13.279267377932278 ], [ 80.250635939372003, 13.280051652967696 ], [ 80.250169694156398, 13.281009746424939 ], [ 80.250024164380562, 13.282413700110039 ], [ 80.250284300717752, 13.28344402695515 ], [ 80.2510811462069, 13.284619723620191 ], [ 80.251949584336558, 13.285254533759824 ], [ 80.252968773021138, 13.285615091303518 ], [ 80.254761323722278, 13.285534105076943 ], [ 80.256303225873211, 13.284635033653865 ], [ 80.25695133451498, 13.283784425991399 ], [ 80.257300588566309, 13.282858944985239 ], [ 80.257978664700744, 13.284116108923778 ], [ 80.259089676642134, 13.285014587917248 ], [ 80.260597171553414, 13.285448237857983 ], [ 80.262031427730818, 13.285314080199623 ], [ 80.263012386948517, 13.284863127631423 ], [ 80.263817450991425, 13.284152683749191 ], [ 80.26458945823272, 13.282566071049141 ], [ 80.264593706974182, 13.281154901648836 ], [ 80.263789889602137, 13.279518856540141 ], [ 80.263813659121638, 13.27785491012648 ], [ 80.263186729078924, 13.27642718691909 ], [ 80.264187359442047, 13.275602676111514 ], [ 80.264870253249754, 13.274360096040898 ], [ 80.26502568735684, 13.272726127916613 ], [ 80.264580666885706, 13.271323729377825 ], [ 80.265711430235797, 13.271174068185415 ], [ 80.266984002959859, 13.270512505063181 ], [ 80.267901233416907, 13.269424282127661 ], [ 80.268288801316075, 13.268299556128175 ], [ 80.269501473999341, 13.268154055323546 ], [ 80.271721026767125, 13.267284639020151 ], [ 80.272593224679227, 13.266654869675509 ], [ 80.273311965350743, 13.265658809860851 ], [ 80.274510447865893, 13.265823046162051 ], [ 80.273692832962837, 13.267006242175677 ], [ 80.273407659382499, 13.268389499526775 ], [ 80.273684610498066, 13.269774359089856 ], [ 80.274481531586019, 13.270949987340027 ], [ 80.275677102592113, 13.271737401700548 ], [ 80.277119306125016, 13.272026721284282 ], [ 80.278533138057441, 13.271755419892981 ], [ 80.279977463235326, 13.27071250525289 ], [ 80.280537208224018, 13.269803713723876 ], [ 80.280803521602451, 13.268774897396741 ], [ 80.280753472041056, 13.267714658332455 ], [ 80.280391373755322, 13.266714303633298 ], [ 80.27974841362682, 13.265859982128179 ], [ 80.278879964324886, 13.265225265646125 ], [ 80.277029515135766, 13.264786953270967 ], [ 80.277691237737145, 13.263924157739856 ], [ 80.278113422876174, 13.262574931359744 ], [ 80.277976359698485, 13.261170150862576 ], [ 80.277423960741515, 13.260087171573494 ], [ 80.278457043775887, 13.258713734193353 ], [ 80.278742174890382, 13.257330468105867 ], [ 80.278356256778679, 13.254250139808645 ], [ 80.277895832888902, 13.253289363582644 ], [ 80.277170526505444, 13.252500881249443 ], [ 80.275902009972597, 13.25183205469396 ], [ 80.27446877437113, 13.251689662528271 ], [ 80.273089008059671, 13.252095381339037 ], [ 80.271972760135426, 13.252987446119363 ], [ 80.271173022259674, 13.254296216994206 ], [ 80.270887853272157, 13.255679472921372 ], [ 80.271383684651127, 13.258459809174933 ], [ 80.271877270794974, 13.259464687183941 ], [ 80.270988073592378, 13.260611204833546 ], [ 80.269280269403197, 13.260540713228583 ], [ 80.266709033827226, 13.261495341232461 ], [ 80.265592719421505, 13.262387374000353 ], [ 80.264828716320565, 13.26394338007853 ], [ 80.263217077475105, 13.264204513517585 ], [ 80.261772725877904, 13.26524733197793 ], [ 80.261212924713675, 13.266156079538238 ], [ 80.260946533453776, 13.267184871477811 ], [ 80.261026494596138, 13.268405110318284 ], [ 80.261419382728334, 13.269456274516649 ], [ 80.260288625792882, 13.269605916958744 ], [ 80.259307724917704, 13.270056862517681 ], [ 80.258502697227016, 13.270767294669172 ], [ 80.257819783015307, 13.272009856845214 ], [ 80.257716404023924, 13.273995058099423 ], [ 80.258333296241346, 13.275392792976788 ], [ 80.257332648280567, 13.276217279806538 ], [ 80.256772803784713, 13.27712601464679 ], [ 80.256506379601362, 13.278154799454065 ], [ 80.256530219431099, 13.279750097719768 ], [ 80.255123258728375, 13.278732742555112 ] ] ], [ [ [ 80.254823796527532, 13.359612790415939 ], [ 80.25341112319839, 13.359333323872669 ], [ 80.251996757175732, 13.359604455669309 ], [ 80.250796014224676, 13.360384909655739 ], [ 80.249991692576472, 13.361555872640855 ], [ 80.249706245897471, 13.362939080368003 ], [ 80.24998313908101, 13.364323954146863 ], [ 80.250780226295063, 13.365499658291071 ], [ 80.251976162237796, 13.366287198646322 ], [ 80.25338887351397, 13.366566675086904 ], [ 80.254803279409501, 13.366295537711457 ], [ 80.256004040802324, 13.365515065938094 ], [ 80.256808348658225, 13.36434408337726 ], [ 80.257093757390194, 13.3629608657528 ], [ 80.256816824333768, 13.361575997552746 ], [ 80.256019718677962, 13.360400311195471 ], [ 80.254823796527532, 13.359612790415939 ] ] ], [ [ [ 80.244778453513348, 13.398505189657467 ], [ 80.243444550688864, 13.39968150809119 ], [ 80.242834559564756, 13.40133450759499 ], [ 80.243092546578538, 13.403073825893388 ], [ 80.24423760287695, 13.404558709262583 ], [ 80.245506797239116, 13.405227723222637 ], [ 80.247435150134265, 13.405286528600541 ], [ 80.248556836846404, 13.405847738297549 ], [ 80.249628783259851, 13.406006660705184 ], [ 80.251371637492127, 13.405584780880755 ], [ 80.252558686686584, 13.404632857019774 ], [ 80.253242036713644, 13.403390342865439 ], [ 80.253387658926655, 13.401986403433582 ], [ 80.252973392540682, 13.400634777130973 ], [ 80.252062313775255, 13.399541234788966 ], [ 80.250793128435348, 13.398872254104358 ], [ 80.249721212335814, 13.398713338176083 ], [ 80.248762431552507, 13.39883826263233 ], [ 80.247934146269856, 13.398362856335991 ], [ 80.24688330871885, 13.398101835895611 ], [ 80.245800323830863, 13.398150682561589 ], [ 80.244778453513348, 13.398505189657467 ] ] ], [ [ [ 80.252753291174557, 13.435012262521035 ], [ 80.251319001529737, 13.434869686031789 ], [ 80.249938146580988, 13.435275216827383 ], [ 80.248820941036939, 13.436167118545743 ], [ 80.248137466983735, 13.437409611458508 ], [ 80.247991781029228, 13.438863541189892 ], [ 80.248406072927068, 13.440215173601089 ], [ 80.249317277715889, 13.441308732850102 ], [ 80.250586675058486, 13.44197773022819 ], [ 80.252021006068006, 13.442120312998632 ], [ 80.25340189794467, 13.441714772868119 ], [ 80.254519114474036, 13.440822851674179 ], [ 80.255202567239635, 13.439580340560472 ], [ 80.2553482106389, 13.438126404487459 ], [ 80.254933882174441, 13.436774781426946 ], [ 80.2540226668184, 13.435681241674734 ], [ 80.252753291174557, 13.435012262521035 ] ] ], [ [ [ 80.258820776311751, 12.965941997109447 ], [ 80.257389200797761, 12.965799594729003 ], [ 80.256011029721279, 12.966205313814781 ], [ 80.254706069078239, 12.967307387181021 ], [ 80.25402405848088, 12.968550012043982 ], [ 80.253878833514634, 12.969954012687531 ], [ 80.254292511925456, 12.9713056440656 ], [ 80.255202122575298, 12.972399130612239 ], [ 80.256469187744102, 12.973067994842381 ], [ 80.257900803784139, 12.973210404425128 ], [ 80.25927901156561, 12.972804677469314 ], [ 80.260583983384464, 12.971702582096391 ], [ 80.261265971854655, 12.970459939044687 ], [ 80.261411156074459, 12.969055932108111 ], [ 80.26099744162569, 12.967704309935579 ], [ 80.2600878204276, 12.966610842806205 ], [ 80.258820776311751, 12.965941997109447 ] ] ], [ [ [ 80.260813898313387, 13.38715276803118 ], [ 80.259401057545091, 13.386873326794607 ], [ 80.25789653534332, 13.387144483001263 ], [ 80.256695668618647, 13.387924957153274 ], [ 80.255891275785288, 13.389095933073602 ], [ 80.255605821358557, 13.390479144543509 ], [ 80.255882771431914, 13.391864012302829 ], [ 80.256679971529792, 13.39303970157437 ], [ 80.257876059168964, 13.39382722045784 ], [ 80.259288937848169, 13.394106672089228 ], [ 80.260793502617659, 13.393835509908852 ], [ 80.26199438753612, 13.39305501747992 ], [ 80.262798766103671, 13.391884021641612 ], [ 80.263084181979792, 13.390500800146318 ], [ 80.262807191433012, 13.389115938071258 ], [ 80.262009972422177, 13.387940266895027 ], [ 80.260813898313387, 13.38715276803118 ] ] ], [ [ [ 80.262452954527362, 13.396962194427848 ], [ 80.261018880722801, 13.396819684132391 ], [ 80.259638260003783, 13.397225281435313 ], [ 80.258421271672091, 13.398187238738881 ], [ 80.257737963626809, 13.399429769575553 ], [ 80.257592368865446, 13.400833713197246 ], [ 80.258006661745924, 13.402185333265864 ], [ 80.258917777849604, 13.403278855854403 ], [ 80.260187010328082, 13.403947797846726 ], [ 80.261621125403167, 13.404090314952464 ], [ 80.263001783175525, 13.403684708884143 ], [ 80.264218783323003, 13.402722730406918 ], [ 80.264902069253367, 13.401480181109152 ], [ 80.265047622426053, 13.400076231165199 ], [ 80.264633292567254, 13.398724620574335 ], [ 80.263722165553801, 13.397631117769674 ], [ 80.262452954527362, 13.396962194427848 ] ] ], [ [ [ 80.263374305553114, 13.453682789467827 ], [ 80.261961076123072, 13.453403343743995 ], [ 80.260546161159212, 13.453674493277695 ], [ 80.259344959935049, 13.454454959235967 ], [ 80.258540340427913, 13.455625926636905 ], [ 80.258254801682426, 13.457009130579081 ], [ 80.258531822675238, 13.458393992955495 ], [ 80.259329238179419, 13.459569679798227 ], [ 80.260525652935769, 13.460357199555169 ], [ 80.261938920622129, 13.460636655209006 ], [ 80.263353875748905, 13.460365500015891 ], [ 80.264555095515718, 13.459585016123985 ], [ 80.265359701083185, 13.458414029020478 ], [ 80.265645201572354, 13.457030815148293 ], [ 80.265368140416612, 13.455645958431292 ], [ 80.264570706369796, 13.454470289522192 ], [ 80.263374305553114, 13.453682789467827 ] ] ], [ [ [ 80.275741493500362, 13.151322005709774 ], [ 80.274308840904197, 13.151179641883688 ], [ 80.272929647487175, 13.151585392237054 ], [ 80.271813875190986, 13.152477486941981 ], [ 80.271131387962782, 13.153720116798254 ], [ 80.270986092839976, 13.155124106533931 ], [ 80.27140011838614, 13.15647571276482 ], [ 80.27231044072326, 13.157569163709056 ], [ 80.273578473799432, 13.158237987237737 ], [ 80.275011166526355, 13.158380357170282 ], [ 80.27639039572145, 13.157974597650645 ], [ 80.277506178484657, 13.157082483876206 ], [ 80.278188644737412, 13.155839836217831 ], [ 80.278333899729461, 13.154435840375699 ], [ 80.277919838405225, 13.153084243311081 ], [ 80.277009505601086, 13.151990811436365 ], [ 80.275741493500362, 13.151322005709774 ] ] ], [ [ [ 80.273061607722099, 13.166332026383625 ], [ 80.271628870749652, 13.16618964331048 ], [ 80.270249588412469, 13.166595374190159 ], [ 80.269037755299323, 13.167495155232608 ], [ 80.268234202549905, 13.168666231237792 ], [ 80.267949142795317, 13.170049497374265 ], [ 80.268225981896322, 13.171434366022575 ], [ 80.269022582116193, 13.172610002290751 ], [ 80.270217672224859, 13.173397422413645 ], [ 80.271629307638804, 13.173676744635241 ], [ 80.273042571561064, 13.173405442569452 ], [ 80.274582299889872, 13.172354817334352 ], [ 80.275385836527903, 13.171183720836193 ], [ 80.275670856637831, 13.169800444450557 ], [ 80.275393976592383, 13.16841558157425 ], [ 80.274329686820209, 13.167000848203257 ], [ 80.273061607722099, 13.166332026383625 ] ] ], [ [ [ 80.270536440313563, 13.223851911475066 ], [ 80.270070390068938, 13.224810055198652 ], [ 80.269925024885936, 13.22621403411506 ], [ 80.270339142970002, 13.227565640571497 ], [ 80.271151216555054, 13.228571137511468 ], [ 80.270270313029002, 13.230180054347523 ], [ 80.270124944135702, 13.23158403268758 ], [ 80.270539070804105, 13.232935638786431 ], [ 80.271290501542168, 13.233886958620225 ], [ 80.270320235581451, 13.235630051406252 ], [ 80.27017486205051, 13.237034029028615 ], [ 80.270588996579036, 13.238385634968306 ], [ 80.271724311282526, 13.239643357708834 ], [ 80.270493205265865, 13.241166216149544 ], [ 80.270226885395445, 13.242195023230977 ], [ 80.270276889960243, 13.24325526384311 ], [ 80.270824276543777, 13.244560595188991 ], [ 80.271839924790072, 13.245561354749674 ], [ 80.273169211992354, 13.246105181609966 ], [ 80.274959765286454, 13.246089278930405 ], [ 80.276292254280094, 13.245553021875171 ], [ 80.277097146446849, 13.244842525174546 ], [ 80.277656837489232, 13.24393373565715 ], [ 80.277923128858077, 13.242904919449385 ], [ 80.277873091111402, 13.241844678600861 ], [ 80.277511037438913, 13.240844320368719 ], [ 80.276203088624825, 13.239475422878797 ], [ 80.277410899472628, 13.237874146861451 ], [ 80.277833033531437, 13.236524915989969 ], [ 80.277574908097009, 13.234785606672371 ], [ 80.276669493584066, 13.233513013256662 ], [ 80.277506676109653, 13.232133730433938 ], [ 80.27777295262544, 13.231104912814626 ], [ 80.277635899358003, 13.229700129710002 ], [ 80.276738548522431, 13.228212305781668 ], [ 80.277439644667908, 13.226949893349381 ], [ 80.277532843218069, 13.225194669887911 ], [ 80.277170811904369, 13.224194311219239 ], [ 80.276527967113381, 13.223339985090441 ], [ 80.27565967157841, 13.222705263735076 ], [ 80.274640701399221, 13.222344807046195 ], [ 80.273248811272651, 13.222269655743181 ], [ 80.272197159988238, 13.222524558102613 ], [ 80.271266315800943, 13.223067563919953 ], [ 80.270536440313563, 13.223851911475066 ] ] ], [ [ [ 80.270357349375701, 13.300506937979074 ], [ 80.269552246717154, 13.301217399840226 ], [ 80.268869293518534, 13.302459987213963 ], [ 80.268707132176559, 13.303509403989898 ], [ 80.268984085463686, 13.304894265565748 ], [ 80.270048899122301, 13.306309035533543 ], [ 80.271359656858579, 13.307264666865922 ], [ 80.272342655851972, 13.307616133600503 ], [ 80.27169010201942, 13.309104060447016 ], [ 80.271685885096801, 13.310515228998542 ], [ 80.272828786367725, 13.31329772645155 ], [ 80.2731039661154, 13.314644314071346 ], [ 80.274149635659313, 13.316080494053296 ], [ 80.274185788881894, 13.317265259515281 ], [ 80.274733341421552, 13.318570584581359 ], [ 80.275458824446446, 13.31935907947584 ], [ 80.276386795956711, 13.319907379260071 ], [ 80.278270333555938, 13.320154802143685 ], [ 80.277266121217735, 13.320845181091947 ], [ 80.276462063642086, 13.322016245075458 ], [ 80.276176824589456, 13.323399497111946 ], [ 80.276453837324453, 13.324784351743643 ], [ 80.277518776805536, 13.326199094897884 ], [ 80.279180888109707, 13.326961375936062 ], [ 80.279413793435367, 13.32886438908421 ], [ 80.280478767377076, 13.330279121153778 ], [ 80.282409024139881, 13.3311851785112 ], [ 80.283491403840927, 13.331240316338352 ], [ 80.284543519923801, 13.330985392845431 ], [ 80.285744012768276, 13.330204764117489 ], [ 80.286548056377839, 13.329033670583657 ], [ 80.286833245404964, 13.327650404843716 ], [ 80.286677292304077, 13.326600081633282 ], [ 80.286216713461954, 13.325639317267308 ], [ 80.285491176331078, 13.324850850779447 ], [ 80.283636740376437, 13.323963635771049 ], [ 80.283527241166922, 13.322380122766281 ], [ 80.282609006291452, 13.320869992196942 ], [ 80.281072291410425, 13.319962062748463 ], [ 80.279409639134087, 13.319825200152319 ], [ 80.280413841485668, 13.319134812147258 ], [ 80.281061967530377, 13.318284145697554 ], [ 80.281484244367789, 13.316934923281492 ], [ 80.28145418942627, 13.315634687188554 ], [ 80.281092027546052, 13.314634333447959 ], [ 80.280280328091081, 13.313629468537197 ], [ 80.280137105044247, 13.312340162486683 ], [ 80.279630957367942, 13.311318782078015 ], [ 80.279477076262737, 13.310230170084443 ], [ 80.278641951292911, 13.307974360344975 ], [ 80.277731076999743, 13.306880914409831 ], [ 80.276285855847547, 13.306168263602704 ], [ 80.276964046497113, 13.304424979013104 ], [ 80.276705881429891, 13.302685674630297 ], [ 80.275641042343238, 13.301270930975861 ], [ 80.273652291674196, 13.300082089870617 ], [ 80.272048779067475, 13.299919670954447 ], [ 80.270357349375701, 13.300506937979074 ] ] ], [ [ [ 80.271262835454607, 13.397872150619513 ], [ 80.26982874841147, 13.397729689815527 ], [ 80.268448134588667, 13.398135335745618 ], [ 80.267291172083105, 13.399057334078595 ], [ 80.266607905583328, 13.400299891062751 ], [ 80.266462361210586, 13.401703842341208 ], [ 80.266876705653544, 13.403055450404358 ], [ 80.267787866640646, 13.404148943147723 ], [ 80.2690571304842, 13.404817841997305 ], [ 80.270491258625157, 13.404960309233875 ], [ 80.271871909173072, 13.404554654167939 ], [ 80.27302888275095, 13.403632635693832 ], [ 80.273712127532519, 13.402390060450859 ], [ 80.273857630690401, 13.400986102935409 ], [ 80.273443249567038, 13.39963450429366 ], [ 80.272532077840907, 13.398541031134405 ], [ 80.271262835454607, 13.397872150619513 ] ] ], [ [ [ 80.288762615543149, 13.249102514378128 ], [ 80.287712360608197, 13.248841690937709 ], [ 80.286630039947539, 13.248890747134325 ], [ 80.285097553940687, 13.249527056763027 ], [ 80.284085704795018, 13.250509311303114 ], [ 80.283100684799308, 13.25016478846053 ], [ 80.282018663797047, 13.250109666902302 ], [ 80.280966898686401, 13.250364599146145 ], [ 80.280035963161595, 13.250907631308767 ], [ 80.279118858188667, 13.251995905831855 ], [ 80.278646698345682, 13.253455135407624 ], [ 80.278783763436834, 13.25485991636174 ], [ 80.279459194486293, 13.256106382480599 ], [ 80.280897267693035, 13.257157442607653 ], [ 80.282671343081262, 13.257420332143528 ], [ 80.284362443712183, 13.256832964554803 ], [ 80.285439544823689, 13.255747816747819 ], [ 80.287129467271029, 13.256156733742948 ], [ 80.288543198373958, 13.255885371257945 ], [ 80.289674137679995, 13.255242306521161 ], [ 80.290570247556829, 13.25418803359101 ], [ 80.291740324422136, 13.255164852368086 ], [ 80.293479561546604, 13.255596738896687 ], [ 80.295221264803487, 13.255174493747326 ], [ 80.296554102704206, 13.253997836284634 ], [ 80.297119140056964, 13.252655592928072 ], [ 80.297123191395244, 13.251244410104812 ], [ 80.296575648591926, 13.249939127949448 ], [ 80.295559876834048, 13.248938461102814 ], [ 80.294230518676684, 13.248394747677123 ], [ 80.292789950816882, 13.248390759703 ], [ 80.291457477608603, 13.248927103834161 ], [ 80.290251710630471, 13.250221311033581 ], [ 80.288762615543149, 13.249102514378128 ] ] ], [ [ [ 80.286792275245048, 13.332242040317366 ], [ 80.285358560201232, 13.332099686003406 ], [ 80.283888348178337, 13.332515438489917 ], [ 80.282771753601153, 13.33340752827556 ], [ 80.281999682969584, 13.334994187738513 ], [ 80.281943371271979, 13.336054120892507 ], [ 80.282203689327076, 13.337084420722654 ], [ 80.282758222355056, 13.33799635778252 ], [ 80.28365196177279, 13.338766186727886 ], [ 80.282286896663905, 13.339307018920941 ], [ 80.281264934953612, 13.3403019794908 ], [ 80.280709590348906, 13.341604164902874 ], [ 80.280613264793573, 13.343004096007828 ], [ 80.280873583023691, 13.344034396735877 ], [ 80.281428125383684, 13.344946336760483 ], [ 80.282229137148235, 13.345661378824888 ], [ 80.283558984029682, 13.346205176232212 ], [ 80.28500012665593, 13.346209245566481 ], [ 80.286333155008165, 13.345672966822789 ], [ 80.287355120787765, 13.344677986331837 ], [ 80.287910438448435, 13.343375785231986 ], [ 80.288006722384807, 13.341975849280994 ], [ 80.287746375280591, 13.340945554297027 ], [ 80.287191816826322, 13.340033627072442 ], [ 80.286301899687899, 13.339266077563924 ], [ 80.287441696877721, 13.338894550628254 ], [ 80.288558301656394, 13.338002441072069 ], [ 80.28924126651998, 13.336759804144137 ], [ 80.289386620889573, 13.33535582395826 ], [ 80.289126273483504, 13.334325529920619 ], [ 80.288571723492012, 13.333413605740539 ], [ 80.287770730473895, 13.33269858412268 ], [ 80.286792275245048, 13.332242040317366 ] ] ], [ [ [ 80.286003327392265, 13.352042588833324 ], [ 80.284590652427141, 13.351763296451306 ], [ 80.28310635729288, 13.35205460624837 ], [ 80.281905745033882, 13.352835215272629 ], [ 80.281101595066644, 13.354006286796961 ], [ 80.280816334939601, 13.355389540030314 ], [ 80.281093401149008, 13.356774389334028 ], [ 80.281890621507557, 13.357950002729259 ], [ 80.283086630420215, 13.358737399871542 ], [ 80.284499343363777, 13.359016702448324 ], [ 80.285983680250254, 13.358725386707873 ], [ 80.287184310534442, 13.357944759520185 ], [ 80.287988446224489, 13.356773668223225 ], [ 80.288273667963125, 13.355390405084618 ], [ 80.287996561557634, 13.354005561501037 ], [ 80.287199322574168, 13.352829966124583 ], [ 80.286003327392265, 13.352042588833324 ] ] ], [ [ [ 80.280812580891379, 13.374842091282181 ], [ 80.279378620959648, 13.374699691063491 ], [ 80.277998153646806, 13.375105397404248 ], [ 80.276881334696228, 13.375997447221852 ], [ 80.276198187368109, 13.377240038224976 ], [ 80.276052719288103, 13.378644001118287 ], [ 80.276467085514582, 13.379995596615975 ], [ 80.277378210441427, 13.381089054525432 ], [ 80.278647385860396, 13.381757901582173 ], [ 80.280081386677779, 13.381900307962091 ], [ 80.281461890402426, 13.38149459224849 ], [ 80.282578719961336, 13.380602523014458 ], [ 80.283261845880162, 13.379359913925205 ], [ 80.283407273074502, 13.377955944870665 ], [ 80.282992870436232, 13.376604358745816 ], [ 80.282081734901027, 13.375510920252784 ], [ 80.280812580891379, 13.374842091282181 ] ] ], [ [ [ 80.282710896720673, 13.400677752261345 ], [ 80.281356427512165, 13.401217000265767 ], [ 80.280146894866277, 13.402515836653894 ], [ 80.279705591747344, 13.404219486277729 ], [ 80.279982692640928, 13.405604334006728 ], [ 80.280537360155392, 13.406516278546487 ], [ 80.281648996238815, 13.40741468315831 ], [ 80.283368446072615, 13.407845626038508 ], [ 80.28426902105933, 13.408514702393305 ], [ 80.285717254294596, 13.408958249443096 ], [ 80.287493954926688, 13.408705380806538 ], [ 80.288694836806911, 13.40792476166682 ], [ 80.289499143924033, 13.406753678084161 ], [ 80.289770706108484, 13.405079891743055 ], [ 80.290342307884771, 13.406450710855614 ], [ 80.291358681050255, 13.407451418043079 ], [ 80.29268888265922, 13.407995182824893 ], [ 80.294130395461366, 13.407999218491476 ], [ 80.295463753035776, 13.407462910169595 ], [ 80.296269152889153, 13.406752385811879 ], [ 80.296952291238554, 13.405509742424904 ], [ 80.297102023247575, 13.40419800381204 ], [ 80.297878189320372, 13.405069240268949 ], [ 80.298806533414677, 13.405617473180751 ], [ 80.299937471829466, 13.405888282032372 ], [ 80.301020492836869, 13.405839204373196 ], [ 80.302353824850428, 13.405302858222248 ], [ 80.303159198074908, 13.404592310409786 ], [ 80.303719193404334, 13.403683488282265 ], [ 80.30398558611607, 13.402654660791972 ], [ 80.303848336076797, 13.40124989821012 ], [ 80.303172412539752, 13.400003484720397 ], [ 80.3020607242469, 13.399105172085523 ], [ 80.300602515537037, 13.398681716030696 ], [ 80.298825897986305, 13.398934681456057 ], [ 80.297625092426728, 13.399715353175319 ], [ 80.296820848466552, 13.400886466406449 ], [ 80.296547641992348, 13.402524322424787 ], [ 80.295751853358823, 13.401620803537806 ], [ 80.294482524967748, 13.400952035862758 ], [ 80.293048399172065, 13.400809705356055 ], [ 80.291667799742868, 13.401215479219507 ], [ 80.290795146691579, 13.401845285580816 ], [ 80.290146814931475, 13.402695961876036 ], [ 80.289778639307528, 13.403694250342266 ], [ 80.289719305574422, 13.404690161910523 ], [ 80.289167710241557, 13.403359341882009 ], [ 80.2878409306213, 13.402175281841473 ], [ 80.286113628324898, 13.401717534400307 ], [ 80.284532663957293, 13.400762085533124 ], [ 80.282710896720673, 13.400677752261345 ] ] ], [ [ [ 80.314900148473569, 13.245406860456768 ], [ 80.313560136524757, 13.245153243677489 ], [ 80.312146488554589, 13.24542474946711 ], [ 80.311215635594863, 13.245967899981803 ], [ 80.310298682997413, 13.247056294851067 ], [ 80.309800852977048, 13.248344638369064 ], [ 80.309796875610573, 13.249755825331571 ], [ 80.310159074815942, 13.250756144350067 ], [ 80.311069904141647, 13.251849475848079 ], [ 80.312689753876441, 13.252605320738972 ], [ 80.314130352650082, 13.252609197598053 ], [ 80.315151513154476, 13.252254371054821 ], [ 80.316136910112846, 13.25150259674699 ], [ 80.317559920307318, 13.25178675851131 ], [ 80.31897360088206, 13.251515224361924 ], [ 80.320677641689002, 13.250252061609984 ], [ 80.321360178937155, 13.249009309834969 ], [ 80.321505271339419, 13.247605290053936 ], [ 80.321090838667345, 13.246253752850313 ], [ 80.320179982332462, 13.245160455481264 ], [ 80.318911374204347, 13.244491838390768 ], [ 80.317580076480056, 13.244283240381634 ], [ 80.316166436904879, 13.24455476891556 ], [ 80.314900148473569, 13.245406860456768 ] ] ], [ [ [ 80.302448096784786, 13.248056061022851 ], [ 80.301175730601869, 13.2487178131042 ], [ 80.300102893939837, 13.250126597520715 ], [ 80.299817892824976, 13.251509894778275 ], [ 80.300094980891856, 13.252894734069756 ], [ 80.300891982548521, 13.254070284942001 ], [ 80.302697570531848, 13.255327580153095 ], [ 80.304109718585693, 13.255606747155998 ], [ 80.305523432554821, 13.255335289437854 ], [ 80.306723478747244, 13.254554535203692 ], [ 80.307527157078056, 13.253383351044667 ], [ 80.307812117803252, 13.252000043328259 ], [ 80.307534986401862, 13.250615210211864 ], [ 80.306737962168555, 13.249439678755062 ], [ 80.305259498142135, 13.248335057078574 ], [ 80.3038821220931, 13.247921655115226 ], [ 80.302448096784786, 13.248056061022851 ] ] ], [ [ [ 80.32723994799494, 13.262483238277014 ], [ 80.325826210319406, 13.262754815408401 ], [ 80.324626178985, 13.263535660054647 ], [ 80.323822543963743, 13.264706899539403 ], [ 80.323537654412348, 13.266090227462154 ], [ 80.323814890361305, 13.267475046774997 ], [ 80.324682053392422, 13.268740530739612 ], [ 80.325877787835168, 13.269527717155704 ], [ 80.327290050012266, 13.269806760717911 ], [ 80.328703827626015, 13.269535177485611 ], [ 80.329903877291599, 13.268754314788609 ], [ 80.330707498406767, 13.267583055741143 ], [ 80.330992349957711, 13.266199718110339 ], [ 80.330715074060578, 13.264814904595193 ], [ 80.329847891696019, 13.263549439944738 ], [ 80.328652171819655, 13.262762272574822 ], [ 80.32723994799494, 13.262483238277014 ] ] ], [ [ [ 80.326347962710045, 13.303585703645567 ], [ 80.325231652166295, 13.30447799629191 ], [ 80.324548964990043, 13.305720746580413 ], [ 80.324403838753426, 13.307124760927678 ], [ 80.324914289114076, 13.308633977712905 ], [ 80.323486009165734, 13.308904803364129 ], [ 80.322364931503429, 13.309567980483408 ], [ 80.321447773484067, 13.310656400946332 ], [ 80.321079883056939, 13.311654755211174 ], [ 80.321075951307208, 13.313065938509624 ], [ 80.321623752067538, 13.314371174897504 ], [ 80.32263989441887, 13.315371751204072 ], [ 80.32396968039491, 13.315915334388883 ], [ 80.325762456965663, 13.31583385775536 ], [ 80.327494318129354, 13.314814352469805 ], [ 80.328142273631059, 13.313963556946007 ], [ 80.328510139587237, 13.31296519141854 ], [ 80.328566238578688, 13.311905235827407 ], [ 80.328154881855554, 13.310560396876649 ], [ 80.329352488935086, 13.310413845511404 ], [ 80.330625115735586, 13.309751967688964 ], [ 80.331542230809191, 13.308663511908929 ], [ 80.331910074005634, 13.307665140006655 ], [ 80.331966155888082, 13.30660518246817 ], [ 80.331705650672731, 13.305574922510901 ], [ 80.331150996513458, 13.304663084702936 ], [ 80.330430469457369, 13.303990395191516 ], [ 80.329502424988959, 13.303442289129205 ], [ 80.328451887356238, 13.303181621218892 ], [ 80.327369324738257, 13.303230838926833 ], [ 80.326347962710045, 13.303585703645567 ] ] ], [ [ [ 80.336921492037092, 13.316401784272275 ], [ 80.335487826157191, 13.316259716034093 ], [ 80.334107773855521, 13.316665750598041 ], [ 80.332991427752731, 13.317558074933364 ], [ 80.332308739171239, 13.318800844944148 ], [ 80.332163645907144, 13.320204864045268 ], [ 80.332578245922321, 13.321556384352531 ], [ 80.333489427959492, 13.322649647099531 ], [ 80.33475847506682, 13.323318208745254 ], [ 80.336192181674434, 13.323460282954331 ], [ 80.337572270116155, 13.323054238921333 ], [ 80.338688626600998, 13.32216189522385 ], [ 80.339371293724867, 13.320919107299893 ], [ 80.339516346261249, 13.319515082227879 ], [ 80.339101710106007, 13.318163571389666 ], [ 80.338190517686797, 13.317070328004826 ], [ 80.336921492037092, 13.316401784272275 ] ] ], [ [ [ 80.312052305546786, 13.406311950856741 ], [ 80.310259351138114, 13.406220817056454 ], [ 80.30923752678531, 13.406575587890842 ], [ 80.308364896312895, 13.407205456022011 ], [ 80.307716608690981, 13.408056179417326 ], [ 80.30734849496929, 13.409054496256926 ], [ 80.307451561709769, 13.410900196564498 ], [ 80.307912371133853, 13.411860928032562 ], [ 80.308638230147409, 13.412649341336474 ], [ 80.310333363414202, 13.413416232819166 ], [ 80.310055406267438, 13.414779922616146 ], [ 80.310251493795136, 13.41615023227536 ], [ 80.310927495689072, 13.417396629190339 ], [ 80.311967928127444, 13.418252766141226 ], [ 80.312111450121137, 13.419540256089448 ], [ 80.312787470462013, 13.420786648607194 ], [ 80.313588819102918, 13.421501603991548 ], [ 80.314567681813259, 13.42195806111876 ], [ 80.315639757208558, 13.422116708582948 ], [ 80.316712715084648, 13.421963883014289 ], [ 80.317694149111119, 13.42151274601453 ], [ 80.318499536123781, 13.420802150564997 ], [ 80.319059516121413, 13.419893294573168 ], [ 80.319325865708578, 13.418864449907721 ], [ 80.319275650486503, 13.41780422107071 ], [ 80.318913198985143, 13.416803914270131 ], [ 80.318269728535313, 13.415949674186839 ], [ 80.317472027351712, 13.415357205109224 ], [ 80.317795782991652, 13.413624468427706 ], [ 80.31765844935066, 13.412219710388779 ], [ 80.317197599693429, 13.411258994848595 ], [ 80.316391715332088, 13.410370605660461 ], [ 80.314671737390341, 13.40960007813181 ], [ 80.314387212917467, 13.408395241094107 ], [ 80.313589676250629, 13.407219718861471 ], [ 80.312052305546786, 13.406311950856741 ] ] ] ] } }
]
}
