{
"type": "FeatureCollection",
"name": "connectivity_need_roads",
"crs": { "type": "name", "properties": { "name": "urn:ogc:def:crs:OGC:1.3:CRS84" } },
"features": [
{ "type": "Feature", "properties": { "road_name": "TNHB Main Road", "highway": "tertiary", "ref": "", "length_m": 2554.1, "unmet_length_m": 2554.1, "pct_outside_400m": 100.0, "in_high_gap_ward": true, "need_score": 5172.0, "need_band": "urgent", "recommendation": "Road segment farther than 400m from a GTFS stop — mid-block stops or a short feeder may help. Field-verify boarding demand.", "rank": 1, "source_kind": "osm_roads" }, "geometry": { "type": "LineString", "coordinates": [ [ 80.2363622, 12.8990257 ], [ 80.236294, 12.8974825 ], [ 80.2361548, 12.895661 ], [ 80.236095899999981, 12.8947929 ], [ 80.236075499999984, 12.8944249 ], [ 80.2360725, 12.894209 ], [ 80.2361318, 12.8938042 ], [ 80.2361691, 12.8935517 ], [ 80.236279, 12.8928197 ], [ 80.2363651, 12.8923092 ], [ 80.2364389, 12.8917769 ], [ 80.2364799, 12.8913337 ], [ 80.236489, 12.8911265 ], [ 80.2365044, 12.8905091 ], [ 80.23656579999998, 12.8896559 ], [ 80.236605, 12.8892918 ], [ 80.236658800000015, 12.888859 ], [ 80.23668619999998, 12.88852 ], [ 80.2367195, 12.887841 ], [ 80.236724399999986, 12.8874736 ], [ 80.2367178, 12.8871402 ], [ 80.236668, 12.8861899 ], [ 80.236653, 12.8857226 ], [ 80.2365931, 12.8847388 ], [ 80.2365752, 12.8845565 ], [ 80.2365387, 12.8841132 ], [ 80.2364232, 12.8830365 ], [ 80.236218199999982, 12.8823235 ], [ 80.2361215, 12.8821299 ], [ 80.2361041, 12.882095 ], [ 80.2359267, 12.8818356 ], [ 80.2356923, 12.8816009 ], [ 80.235312799999988, 12.8813301 ], [ 80.2344216, 12.880752 ], [ 80.232999799999988, 12.8799378 ], [ 80.231693399999983, 12.8792781 ], [ 80.2316355, 12.879256 ], [ 80.2315959, 12.879243 ], [ 80.2315556, 12.8792368 ] ] } },
{ "type": "Feature", "properties": { "road_name": "Sadayankuppam Road (O7189)", "highway": "tertiary", "ref": "O7189", "length_m": 3022.2, "unmet_length_m": 2544.7, "pct_outside_400m": 84.2, "in_high_gap_ward": true, "need_score": 4881.7, "need_band": "urgent", "recommendation": "Road segment farther than 400m from a GTFS stop — mid-block stops or a short feeder may help. Field-verify boarding demand.", "rank": 2, "source_kind": "osm_roads" }, "geometry": { "type": "LineString", "coordinates": [ [ 80.273202004037813, 13.182719465642416 ], [ 80.2733077, 13.1826957 ], [ 80.273376700000014, 13.1826969 ], [ 80.273717, 13.1827029 ], [ 80.2742604, 13.1827124 ], [ 80.274571899999984, 13.1826868 ], [ 80.2749325, 13.1826572 ], [ 80.2768925, 13.1825343 ], [ 80.27711, 13.1825144 ], [ 80.2781908, 13.1825152 ], [ 80.2783374, 13.1825202 ], [ 80.2784331, 13.1825387 ], [ 80.2793095, 13.1827078 ], [ 80.2800119, 13.1828433 ], [ 80.2804423, 13.1829263 ], [ 80.282105299999984, 13.1832472 ], [ 80.2825127, 13.1832495 ], [ 80.282817599999987, 13.1832512 ], [ 80.2830931, 13.1832528 ], [ 80.2832241, 13.1832536 ], [ 80.2833658, 13.1832544 ], [ 80.2836063, 13.1832557 ], [ 80.2838462, 13.1832571 ], [ 80.283869599999989, 13.1832572 ], [ 80.284103699999989, 13.1832586 ], [ 80.2844735, 13.1832607 ], [ 80.2852591, 13.1832651 ], [ 80.2855502, 13.1832668 ], [ 80.2857858, 13.1832596 ], [ 80.286004, 13.183253 ], [ 80.286684199999982, 13.1832741 ], [ 80.28731, 13.1832719 ], [ 80.2878914, 13.1832332 ], [ 80.2880572, 13.1831991 ], [ 80.288265, 13.18314 ], [ 80.288482099999982, 13.183015 ], [ 80.2886824, 13.1829175 ], [ 80.2887781, 13.1828794 ], [ 80.289320599999982, 13.1827966 ], [ 80.2893967, 13.1827727 ], [ 80.289602099999982, 13.1826883 ], [ 80.289873, 13.1824951 ], [ 80.290286599999988, 13.1824659 ], [ 80.2903048, 13.1824682 ], [ 80.290430499999985, 13.1824842 ], [ 80.2906314, 13.1825097 ], [ 80.2909898, 13.1825954 ], [ 80.2913554, 13.1827218 ], [ 80.2914134, 13.1827698 ], [ 80.2914376, 13.1828232 ], [ 80.291452199999981, 13.1829152 ], [ 80.2914923, 13.1833448 ], [ 80.2915272, 13.1834858 ], [ 80.2915968, 13.1837543 ], [ 80.2916246, 13.1837993 ], [ 80.2916538, 13.1838248 ], [ 80.2916908, 13.1838368 ], [ 80.291960399999979, 13.1838563 ], [ 80.2920128, 13.1838983 ], [ 80.292040499999985, 13.1839493 ], [ 80.2920795, 13.184187 ], [ 80.2921268, 13.1846498 ], [ 80.2921376, 13.1847247 ], [ 80.2921899, 13.1849272 ], [ 80.2922269, 13.1850802 ], [ 80.29226389999998, 13.1852482 ], [ 80.2922731, 13.1854222 ], [ 80.292262300000019, 13.1855782 ], [ 80.29225, 13.1856622 ], [ 80.2922084, 13.1858961 ], [ 80.292174799999984, 13.1860855 ], [ 80.2921339, 13.1862165 ], [ 80.2919851, 13.1865891 ] ] } },
{ "type": "Feature", "properties": { "road_name": "Perungudi Station Road", "highway": "tertiary", "ref": "", "length_m": 2829.0, "unmet_length_m": 2829.0, "pct_outside_400m": 100.0, "in_high_gap_ward": false, "need_score": 4243.4, "need_band": "urgent", "recommendation": "Road segment farther than 400m from a GTFS stop — mid-block stops or a short feeder may help. Field-verify boarding demand.", "rank": 3, "source_kind": "osm_roads" }, "geometry": { "type": "LineString", "coordinates": [ [ 80.224007200000017, 12.9686348 ], [ 80.2246573, 12.9690679 ], [ 80.2247991, 12.9691734 ], [ 80.2252248, 12.969534 ], [ 80.2268273, 12.9711198 ], [ 80.2276151, 12.9718771 ], [ 80.2280264, 12.9722972 ], [ 80.2283696, 12.9726421 ], [ 80.228935799999988, 12.9732183 ], [ 80.2289975, 12.9733069 ], [ 80.2292301, 12.9737532 ], [ 80.229372, 12.9739846 ], [ 80.2296515, 12.9742958 ], [ 80.2298563, 12.9745149 ], [ 80.2300073, 12.9746591 ], [ 80.2303987, 12.9750314 ], [ 80.230791, 12.9754236 ], [ 80.2323605, 12.9769309 ], [ 80.2325486, 12.9771032 ], [ 80.232669699999988, 12.9771853 ], [ 80.2328349, 12.9772536 ], [ 80.2329726, 12.9772602 ], [ 80.232837299999986, 12.9771904 ], [ 80.2327069, 12.9771264 ], [ 80.2325908, 12.9770398 ], [ 80.2323426, 12.9768271 ], [ 80.2310906, 12.9756064 ], [ 80.230851200000018, 12.9753697 ], [ 80.2296219, 12.9741259 ], [ 80.2293974, 12.9738726 ], [ 80.2293141, 12.973706 ], [ 80.2290422, 12.973162 ], [ 80.2289682, 12.9730697 ], [ 80.2269419, 12.9711007 ], [ 80.226897199999982, 12.9710565 ], [ 80.225308199999986, 12.9694874 ], [ 80.2248593, 12.9691066 ], [ 80.2247612, 12.9690329 ], [ 80.2242973, 12.9687078 ], [ 80.224056499999989, 12.9685391 ] ] } },
{ "type": "Feature", "properties": { "road_name": "Unnamed tertiary (OSM 98358087)", "highway": "tertiary", "ref": "", "length_m": 2010.0, "unmet_length_m": 2010.0, "pct_outside_400m": 100.0, "in_high_gap_ward": true, "need_score": 4070.2, "need_band": "urgent", "recommendation": "Road segment farther than 400m from a GTFS stop — mid-block stops or a short feeder may help. Field-verify boarding demand.", "rank": 4, "source_kind": "osm_roads" }, "geometry": { "type": "LineString", "coordinates": [ [ 80.2119913, 12.8638564 ], [ 80.2128495, 12.863897 ], [ 80.214584, 12.8640169 ], [ 80.2146437, 12.8640117 ], [ 80.214698, 12.8639868 ], [ 80.214711399999985, 12.8638888 ], [ 80.214708499999986, 12.8637619 ], [ 80.2147032, 12.8635347 ], [ 80.2146978, 12.863299 ], [ 80.2146924, 12.8630665 ], [ 80.2146872, 12.8628391 ], [ 80.214680699999988, 12.8625615 ], [ 80.2146759, 12.8623525 ], [ 80.214670399999989, 12.8621145 ], [ 80.2146649, 12.861878 ], [ 80.214658699999987, 12.8616086 ], [ 80.214602199999987, 12.8603063 ], [ 80.2162727, 12.8600739 ], [ 80.2176985, 12.8599044 ], [ 80.2178432, 12.8598873 ], [ 80.2178925, 12.8598814 ], [ 80.2179853, 12.8598851 ], [ 80.218072899999981, 12.8598886 ], [ 80.2182412, 12.8599207 ], [ 80.21883, 12.8600331 ], [ 80.219003, 12.8600593 ], [ 80.2206342, 12.8600388 ], [ 80.220696099999984, 12.859988 ], [ 80.220739, 12.8599115 ], [ 80.220802699999979, 12.8596696 ], [ 80.220907299999979, 12.8587387 ], [ 80.220912699999985, 12.8567644 ], [ 80.2209248, 12.856703 ], [ 80.2210133, 12.8566598 ], [ 80.2214143, 12.8565526 ], [ 80.221478599999983, 12.8565212 ], [ 80.2215122, 12.8564715 ], [ 80.2215127, 12.8563817 ], [ 80.221520199999986, 12.8551471 ] ] } },
{ "type": "Feature", "properties": { "road_name": "Gandhi Main Road", "highway": "tertiary", "ref": "", "length_m": 2169.0, "unmet_length_m": 1598.0, "pct_outside_400m": 73.7, "in_high_gap_ward": true, "need_score": 2952.0, "need_band": "urgent", "recommendation": "Road segment farther than 400m from a GTFS stop — mid-block stops or a short feeder may help. Field-verify boarding demand.", "rank": 5, "source_kind": "osm_roads" }, "geometry": { "type": "LineString", "coordinates": [ [ 80.20627791690319, 13.164602840990741 ], [ 80.2063406, 13.1646014 ], [ 80.206839799999983, 13.1645222 ], [ 80.2069797, 13.164501 ], [ 80.207486799999984, 13.1643898 ], [ 80.2081296, 13.1643705 ], [ 80.2086602, 13.1643712 ], [ 80.2087998, 13.1643543 ], [ 80.2088293, 13.164428 ], [ 80.2088766, 13.1645423 ], [ 80.2089145, 13.164652 ], [ 80.2090383, 13.16501 ], [ 80.209139099999987, 13.1652476 ], [ 80.20917, 13.1652763 ], [ 80.209237, 13.165305 ], [ 80.2093782, 13.1653459 ], [ 80.2098995, 13.1654591 ], [ 80.2101319, 13.1655763 ], [ 80.2102777, 13.1657007 ], [ 80.210541599999985, 13.1659287 ], [ 80.2108795, 13.1661691 ], [ 80.2111038, 13.1663001 ], [ 80.211238, 13.1663614 ], [ 80.2113976, 13.1664372 ], [ 80.2115411, 13.1665547 ], [ 80.2120584, 13.1670519 ], [ 80.2123214, 13.167222 ], [ 80.2126008, 13.1673556 ], [ 80.2130443, 13.1675676 ], [ 80.213264, 13.1676694 ], [ 80.213516399999989, 13.1677766 ], [ 80.2138849, 13.1678822 ], [ 80.213944499999982, 13.1678993 ], [ 80.214176, 13.1679797 ], [ 80.2144004, 13.1681108 ], [ 80.214465, 13.168136 ], [ 80.2147794, 13.1682584 ], [ 80.215258800000015, 13.1684451 ], [ 80.2152877, 13.1684547 ], [ 80.215536, 13.1684623 ], [ 80.2156622, 13.1684702 ], [ 80.215942499999983, 13.1684259 ], [ 80.2162672, 13.1683208 ], [ 80.216752199999988, 13.1682529 ], [ 80.2174687, 13.1681896 ], [ 80.218042699999984, 13.1681243 ], [ 80.2183378, 13.1680826 ], [ 80.2185242, 13.1680303 ], [ 80.218602, 13.1680173 ], [ 80.2186891, 13.1680257 ], [ 80.218742799999987, 13.1680404 ], [ 80.2187844, 13.1680721 ], [ 80.218823299999983, 13.1681204 ], [ 80.218861198953789, 13.168250834467333 ] ] } },
{ "type": "Feature", "properties": { "road_name": "Kanniyampettai - Vichoor Road (O614)", "highway": "tertiary", "ref": "O614", "length_m": 1895.6, "unmet_length_m": 1480.7, "pct_outside_400m": 78.1, "in_high_gap_ward": true, "need_score": 2779.6, "need_band": "urgent", "recommendation": "Road segment farther than 400m from a GTFS stop — mid-block stops or a short feeder may help. Field-verify boarding demand.", "rank": 6, "source_kind": "osm_roads" }, "geometry": { "type": "LineString", "coordinates": [ [ 80.254382469573258, 13.195341343993148 ], [ 80.2543552, 13.1955408 ], [ 80.2542688, 13.1960682 ], [ 80.2542215, 13.1962912 ], [ 80.254208099999985, 13.1963546 ], [ 80.2541591, 13.1964865 ], [ 80.2540727, 13.1965979 ], [ 80.254007299999984, 13.1966615 ], [ 80.2539022, 13.1967138 ], [ 80.2537995, 13.196732 ], [ 80.2534889, 13.1967343 ], [ 80.253076799999988, 13.1967476 ], [ 80.2529262, 13.1967524 ], [ 80.2528188, 13.1967843 ], [ 80.2527604, 13.1968479 ], [ 80.2527464, 13.1969343 ], [ 80.2527558, 13.1971139 ], [ 80.2527626, 13.1972706 ], [ 80.2527788, 13.1973784 ], [ 80.2528041, 13.1975223 ], [ 80.252879099999987, 13.1976967 ], [ 80.2530339, 13.197971 ], [ 80.2531438, 13.1981351 ], [ 80.253387600000011, 13.1985485 ], [ 80.25354, 13.1988329 ], [ 80.2540962, 13.1997176 ], [ 80.2541966, 13.1998643 ], [ 80.25425079999998, 13.1999103 ], [ 80.254299, 13.1999355 ], [ 80.2545567, 13.1999584 ], [ 80.25485639999998, 13.199955 ], [ 80.2550176, 13.1999838 ], [ 80.2550668, 13.2000107 ], [ 80.2551033, 13.2000723 ], [ 80.255114899999981, 13.200269 ], [ 80.2551173, 13.2005241 ], [ 80.2551322, 13.2007276 ], [ 80.255233499999989, 13.2009803 ], [ 80.2556224, 13.2017733 ], [ 80.255654799999988, 13.2018543 ], [ 80.2556634, 13.201925 ], [ 80.255651299999982, 13.2020569 ], [ 80.2556033, 13.2022537 ], [ 80.255573499999983, 13.2024816 ], [ 80.2556148, 13.2026549 ], [ 80.255686499999982, 13.2028324 ], [ 80.2558589, 13.2031528 ], [ 80.25598669999998, 13.2033339 ], [ 80.2560724, 13.2035845 ], [ 80.2561234, 13.2037921 ], [ 80.2562629, 13.2040911 ], [ 80.2563031, 13.2042778 ], [ 80.256296399999982, 13.2045037 ], [ 80.25622, 13.2051317 ], [ 80.2561709, 13.2053718 ], [ 80.2561213, 13.205496 ], [ 80.256039299999983, 13.20572 ] ] } },
{ "type": "Feature", "properties": { "road_name": "Madha Nagar Main Road", "highway": "tertiary", "ref": "", "length_m": 1579.2, "unmet_length_m": 1325.1, "pct_outside_400m": 83.9, "in_high_gap_ward": true, "need_score": 2539.5, "need_band": "urgent", "recommendation": "Road segment farther than 400m from a GTFS stop — mid-block stops or a short feeder may help. Field-verify boarding demand.", "rank": 7, "source_kind": "osm_roads" }, "geometry": { "type": "LineString", "coordinates": [ [ 80.147116705449761, 13.018738514155668 ], [ 80.1473084, 13.0187402 ], [ 80.147519399999979, 13.0187411 ], [ 80.147919, 13.0187428 ], [ 80.1489133, 13.0187385 ], [ 80.1494611, 13.0187362 ], [ 80.1497812, 13.018718 ], [ 80.149812699999984, 13.0187192 ], [ 80.1500438, 13.018708 ], [ 80.1500755, 13.0187059 ], [ 80.1504425, 13.0186815 ], [ 80.1505325, 13.0186755 ], [ 80.1508682, 13.0186532 ], [ 80.151195199999989, 13.0186315 ], [ 80.151916499999984, 13.0185836 ], [ 80.1523433, 13.018545 ], [ 80.152873799999981, 13.0184971 ], [ 80.1533782, 13.0184425 ], [ 80.1538032, 13.0183879 ], [ 80.1542842, 13.0183424 ], [ 80.154428899999985, 13.0183151 ], [ 80.1550372, 13.0184039 ], [ 80.155121199999982, 13.0184436 ], [ 80.155161899999982, 13.0184714 ], [ 80.155206299999989, 13.0185351 ], [ 80.1553076, 13.0186833 ], [ 80.1553517, 13.0187081 ], [ 80.1555427, 13.0187168 ], [ 80.1555664, 13.0187145 ], [ 80.1556418, 13.0187071 ], [ 80.1557497, 13.0186939 ], [ 80.155791, 13.0186888 ], [ 80.155876299999989, 13.018671 ], [ 80.155966, 13.0186309 ], [ 80.156114699999989, 13.0185644 ], [ 80.1562178, 13.0185314 ], [ 80.1566444, 13.0183946 ], [ 80.1567719, 13.0183723 ], [ 80.1570453, 13.0183246 ], [ 80.157124899999985, 13.0183107 ], [ 80.157349399999987, 13.0182715 ], [ 80.1580311, 13.0181642 ], [ 80.158169, 13.0181425 ], [ 80.1583962, 13.0181012 ], [ 80.158769, 13.018076 ] ] } },
{ "type": "Feature", "properties": { "road_name": "Unnamed tertiary (OSM 28121507)", "highway": "tertiary", "ref": "", "length_m": 1124.7, "unmet_length_m": 1124.7, "pct_outside_400m": 100.0, "in_high_gap_ward": true, "need_score": 2277.5, "need_band": "urgent", "recommendation": "Road segment farther than 400m from a GTFS stop — mid-block stops or a short feeder may help. Field-verify boarding demand.", "rank": 8, "source_kind": "osm_roads" }, "geometry": { "type": "LineString", "coordinates": [ [ 80.2022484, 12.9210395 ], [ 80.202237399999987, 12.9206632 ], [ 80.2022179, 12.9199917 ], [ 80.202213499999985, 12.9198422 ], [ 80.202207099999981, 12.9196246 ], [ 80.2022031, 12.9196052 ], [ 80.2022025, 12.9194857 ], [ 80.2021973, 12.9192632 ], [ 80.2022025, 12.9191369 ], [ 80.202205, 12.9190632 ], [ 80.2020607, 12.9183635 ], [ 80.2018146, 12.91689 ], [ 80.201780600000021, 12.9166865 ], [ 80.2017563, 12.9165925 ], [ 80.2015604, 12.9158358 ], [ 80.2012929, 12.915069 ], [ 80.2012759, 12.9149946 ], [ 80.201204099999984, 12.9147664 ], [ 80.201190499999981, 12.9147274 ], [ 80.201107799999988, 12.91449 ], [ 80.200995899999981, 12.9141043 ], [ 80.2007972, 12.9134194 ], [ 80.200694699999985, 12.9131851 ], [ 80.200661699999984, 12.9130762 ], [ 80.200415199999981, 12.9126307 ], [ 80.2001896, 12.9122229 ], [ 80.2001724, 12.9120669 ], [ 80.200148, 12.9118449 ], [ 80.2002139, 12.9115183 ] ] } },
{ "type": "Feature", "properties": { "road_name": "Unnamed tertiary (OSM 837007476)", "highway": "tertiary", "ref": "", "length_m": 1341.0, "unmet_length_m": 1341.0, "pct_outside_400m": 100.0, "in_high_gap_ward": false, "need_score": 2011.6, "need_band": "urgent", "recommendation": "Road segment farther than 400m from a GTFS stop — mid-block stops or a short feeder may help. Field-verify boarding demand.", "rank": 9, "source_kind": "osm_roads" }, "geometry": { "type": "LineString", "coordinates": [ [ 80.2788227, 13.1413228 ], [ 80.278831, 13.1413965 ], [ 80.278769199999985, 13.141428 ], [ 80.278735699999984, 13.1414034 ], [ 80.2787107, 13.1413782 ], [ 80.2786784, 13.1413258 ], [ 80.2783421, 13.1406446 ], [ 80.278280199999983, 13.1405188 ], [ 80.2782156, 13.1403799 ], [ 80.2777321, 13.1392818 ], [ 80.2776951, 13.1391719 ], [ 80.277661399999985, 13.1390497 ], [ 80.2770681, 13.1371906 ], [ 80.2769902, 13.1369245 ], [ 80.2769246, 13.1367077 ], [ 80.276597699999982, 13.1356108 ], [ 80.276138299999985, 13.1342385 ], [ 80.276066599999979, 13.1339889 ], [ 80.2759852, 13.1336978 ], [ 80.275644699999987, 13.1323979 ], [ 80.2756034, 13.1322503 ], [ 80.2755472, 13.1320499 ], [ 80.275324900000015, 13.1314052 ], [ 80.2752822, 13.1312806 ], [ 80.275241, 13.1311415 ], [ 80.2750489, 13.1304865 ], [ 80.2750165, 13.1304925 ] ] } },
{ "type": "Feature", "properties": { "road_name": "Loco Works Road", "highway": "tertiary", "ref": "", "length_m": 1281.9, "unmet_length_m": 1281.9, "pct_outside_400m": 100.0, "in_high_gap_ward": false, "need_score": 1922.9, "need_band": "urgent", "recommendation": "Road segment farther than 400m from a GTFS stop — mid-block stops or a short feeder may help. Field-verify boarding demand.", "rank": 10, "source_kind": "osm_roads" }, "geometry": { "type": "LineString", "coordinates": [ [ 80.2265047, 13.108668 ], [ 80.2270729, 13.1085933 ], [ 80.2272068, 13.1085788 ], [ 80.2287942, 13.1083932 ], [ 80.2297601, 13.1082809 ], [ 80.2299794, 13.1082836 ], [ 80.2301652, 13.1083251 ], [ 80.2303424, 13.1083647 ], [ 80.2306858, 13.1084959 ], [ 80.2310468, 13.1084898 ], [ 80.2312043, 13.1084793 ], [ 80.231588, 13.1084171 ], [ 80.2320798, 13.1083534 ], [ 80.2320741, 13.1082601 ], [ 80.2320841, 13.1082116 ], [ 80.2321263, 13.1081756 ], [ 80.232532699999979, 13.1081169 ], [ 80.2325897, 13.108128 ], [ 80.2326393, 13.1081939 ], [ 80.2327041, 13.1084683 ], [ 80.232854599999982, 13.1084827 ], [ 80.233199899999988, 13.1084872 ], [ 80.2333718, 13.1085619 ], [ 80.2334815, 13.1085394 ], [ 80.2336089, 13.1085045 ], [ 80.2338758, 13.1084166 ], [ 80.233950899999982, 13.1083553 ], [ 80.2339777, 13.1082821 ], [ 80.2339643, 13.108205 ], [ 80.233942899999988, 13.1081071 ], [ 80.2339623, 13.1080313 ], [ 80.2340415, 13.1079601 ], [ 80.2341856, 13.1079242 ], [ 80.2363565, 13.1078064 ], [ 80.2365302, 13.1078088 ], [ 80.2367339, 13.1078223 ], [ 80.237090099999989, 13.1079033 ] ] } },
{ "type": "Feature", "properties": { "road_name": "Unnamed tertiary (OSM 387211415)", "highway": "tertiary", "ref": "", "length_m": 1849.1, "unmet_length_m": 1016.6, "pct_outside_400m": 55.0, "in_high_gap_ward": true, "need_score": 1749.6, "need_band": "priority", "recommendation": "Road segment farther than 400m from a GTFS stop — mid-block stops or a short feeder may help. Field-verify boarding demand.", "rank": 11, "source_kind": "osm_roads" }, "geometry": { "type": "LineString", "coordinates": [ [ 80.230046130644212, 13.194499433645349 ], [ 80.2301009, 13.1943474 ], [ 80.2301274, 13.1942737 ], [ 80.2302611, 13.1939466 ], [ 80.230271799999983, 13.1939205 ], [ 80.230339299999983, 13.1937697 ], [ 80.2303863, 13.1936117 ], [ 80.230421099999987, 13.193472 ], [ 80.2304654, 13.1932096 ], [ 80.2305002, 13.1929667 ], [ 80.2305002, 13.192797 ], [ 80.2304734, 13.1926246 ], [ 80.230441899999988, 13.192496 ], [ 80.2304372, 13.1924496 ], [ 80.2303481, 13.1920088 ], [ 80.2303259, 13.1918046 ], [ 80.230329899999987, 13.1917252 ], [ 80.230334, 13.1916427 ], [ 80.23035, 13.1915526 ], [ 80.230421099999987, 13.191332 ], [ 80.2305807, 13.1909781 ], [ 80.230661900000015, 13.190837 ], [ 80.2307618, 13.1906634 ], [ 80.2308892, 13.190414 ], [ 80.230944099999988, 13.1903236 ], [ 80.230967, 13.1902861 ], [ 80.231052799999986, 13.1901699 ], [ 80.2311587, 13.1900706 ], [ 80.2313787, 13.1899192 ], [ 80.231605299999984, 13.1897886 ], [ 80.2317555, 13.1896881 ], [ 80.231822, 13.1895758 ], [ 80.2320582, 13.1893964 ], [ 80.232870199999979, 13.1885099 ], [ 80.2332892, 13.1881222 ], [ 80.23345089999998, 13.1879778 ], [ 80.233625, 13.1878287 ], [ 80.233714899999981, 13.1877295 ], [ 80.233783299999985, 13.1876302 ], [ 80.2338329, 13.1875388 ], [ 80.2339174, 13.1873547 ], [ 80.233995310882179, 13.187063725098904 ] ] } },
{ "type": "Feature", "properties": { "road_name": "Inner Ring Road (SH2)", "highway": "primary", "ref": "SH2", "length_m": 13021.2, "unmet_length_m": 1170.1, "pct_outside_400m": 9.0, "in_high_gap_ward": true, "need_score": 1650.6, "need_band": "priority", "recommendation": "Road segment farther than 400m from a GTFS stop — mid-block stops or a short feeder may help. Field-verify boarding demand.", "rank": 12, "source_kind": "osm_roads" }, "geometry": { "type": "LineString", "coordinates": [ [ 80.241934472845585, 13.175556040089791 ], [ 80.2435884, 13.1761793 ], [ 80.244432599999982, 13.1765753 ], [ 80.2453624, 13.176894 ], [ 80.2463909, 13.1771471 ], [ 80.24658669999998, 13.1772205 ], [ 80.2474458, 13.1775424 ], [ 80.2475602, 13.1775852 ], [ 80.248097699999988, 13.1777853 ], [ 80.248418099999981, 13.1779082 ], [ 80.2490679, 13.1781394 ], [ 80.2492594, 13.1782103 ], [ 80.2507871, 13.1787761 ], [ 80.251767147380093, 13.179142725488145 ] ] } },
{ "type": "Feature", "properties": { "road_name": "Unnamed tertiary (OSM 1060970041)", "highway": "tertiary", "ref": "", "length_m": 946.0, "unmet_length_m": 825.8, "pct_outside_400m": 87.3, "in_high_gap_ward": true, "need_score": 1601.3, "need_band": "urgent", "recommendation": "Road segment farther than 400m from a GTFS stop — mid-block stops or a short feeder may help. Field-verify boarding demand.", "rank": 13, "source_kind": "osm_roads" }, "geometry": { "type": "LineString", "coordinates": [ [ 80.275035236508415, 13.211718192280106 ], [ 80.275397399999989, 13.2116497 ], [ 80.275546099999985, 13.2116182 ], [ 80.2757038, 13.2115847 ], [ 80.2758594, 13.2115488 ], [ 80.276035, 13.2114919 ], [ 80.27612449999998, 13.2114578 ], [ 80.2762693, 13.2114098 ], [ 80.276481899999979, 13.2113438 ], [ 80.2767253, 13.2112478 ], [ 80.2770796, 13.2110708 ], [ 80.2773384, 13.2109298 ], [ 80.2777112, 13.2106149 ], [ 80.2781148, 13.210246 ], [ 80.278161399999988, 13.2101897 ], [ 80.2783893, 13.2099145 ], [ 80.278637, 13.209532 ], [ 80.27886, 13.2091082 ], [ 80.279026299999984, 13.2087533 ], [ 80.2791304, 13.2084787 ], [ 80.279288399999984, 13.2080622 ], [ 80.2794689, 13.2075867 ], [ 80.2796256, 13.2071447 ], [ 80.2797149, 13.206882 ], [ 80.27973369999998, 13.2068062 ] ] } },
{ "type": "Feature", "properties": { "road_name": "Park Road", "highway": "tertiary", "ref": "", "length_m": 1061.0, "unmet_length_m": 1061.0, "pct_outside_400m": 100.0, "in_high_gap_ward": false, "need_score": 1591.6, "need_band": "urgent", "recommendation": "Road segment farther than 400m from a GTFS stop — mid-block stops or a short feeder may help. Field-verify boarding demand.", "rank": 14, "source_kind": "osm_roads" }, "geometry": { "type": "LineString", "coordinates": [ [ 80.193052099999989, 13.0910463 ], [ 80.193029699999983, 13.0911466 ], [ 80.19305, 13.0917182 ], [ 80.1930742, 13.0923996 ], [ 80.1930827, 13.0926373 ], [ 80.1930882, 13.0928211 ], [ 80.193097599999987, 13.0931371 ], [ 80.1931123, 13.0935507 ], [ 80.193132799999987, 13.0941308 ], [ 80.193170699999982, 13.0951993 ], [ 80.193220499999981, 13.096604 ], [ 80.19324, 13.0971558 ], [ 80.193254, 13.097221 ], [ 80.1932881, 13.0971581 ], [ 80.193271199999984, 13.0966024 ], [ 80.1932581, 13.0962512 ], [ 80.1932188, 13.0951926 ], [ 80.1931957, 13.0941289 ] ] } },
{ "type": "Feature", "properties": { "road_name": "Otravadai Street", "highway": "tertiary", "ref": "", "length_m": 1297.9, "unmet_length_m": 878.5, "pct_outside_400m": 67.7, "in_high_gap_ward": true, "need_score": 1587.3, "need_band": "urgent", "recommendation": "Road segment farther than 400m from a GTFS stop — mid-block stops or a short feeder may help. Field-verify boarding demand.", "rank": 15, "source_kind": "osm_roads" }, "geometry": { "type": "LineString", "coordinates": [ [ 80.209480649399481, 13.156789826094631 ], [ 80.209557099999984, 13.1570965 ], [ 80.2094307, 13.1581372 ], [ 80.2092012, 13.1589663 ], [ 80.2091937, 13.1590746 ], [ 80.209193, 13.159102 ], [ 80.2091523, 13.1596517 ], [ 80.2091177, 13.1598961 ], [ 80.2090236, 13.1601205 ], [ 80.208939099999981, 13.1604197 ], [ 80.2088859, 13.1606181 ], [ 80.2088631, 13.1607311 ], [ 80.2088877, 13.1609018 ], [ 80.208889299999981, 13.1610104 ], [ 80.20891109999998, 13.1614396 ], [ 80.2088195, 13.1625653 ], [ 80.2088229, 13.1626855 ], [ 80.2088486, 13.1634363 ], [ 80.208873399999987, 13.1641619 ], [ 80.2088749, 13.1642257 ], [ 80.208858799999987, 13.1642923 ], [ 80.2088434, 13.1643191 ], [ 80.2087998, 13.1643543 ] ] } },
{ "type": "Feature", "properties": { "road_name": "Chennai Bypass", "highway": "trunk", "ref": "", "length_m": 6661.8, "unmet_length_m": 1058.1, "pct_outside_400m": 15.9, "in_high_gap_ward": true, "need_score": 1541.9, "need_band": "priority", "recommendation": "Road segment farther than 400m from a GTFS stop — mid-block stops or a short feeder may help. Field-verify boarding demand.", "rank": 16, "source_kind": "osm_roads" }, "geometry": { "type": "LineString", "coordinates": [ [ 80.191037091768365, 13.140316669600239 ], [ 80.190652, 13.1402137 ], [ 80.1897891, 13.1399066 ], [ 80.1856539, 13.1378981 ], [ 80.184316, 13.1372227 ], [ 80.1837112, 13.136918 ], [ 80.1830667, 13.1366247 ], [ 80.182641, 13.1365056 ], [ 80.1824243, 13.1364506 ] ] } },
{ "type": "Feature", "properties": { "road_name": "Chennai Bypass", "highway": "trunk", "ref": "", "length_m": 6661.8, "unmet_length_m": 1053.3, "pct_outside_400m": 15.8, "in_high_gap_ward": true, "need_score": 1534.3, "need_band": "priority", "recommendation": "Road segment farther than 400m from a GTFS stop — mid-block stops or a short feeder may help. Field-verify boarding demand.", "rank": 17, "source_kind": "osm_roads" }, "geometry": { "type": "LineString", "coordinates": [ [ 80.182361799999981, 13.1367204 ], [ 80.1827352, 13.1367384 ], [ 80.183034099999986, 13.1368134 ], [ 80.1836879, 13.1370727 ], [ 80.1843557, 13.1374069 ], [ 80.1855395, 13.1379959 ], [ 80.1858944, 13.1381664 ], [ 80.1897636, 13.1400264 ], [ 80.1905674, 13.1403223 ], [ 80.190973741275101, 13.140437177235642 ] ] } },
{ "type": "Feature", "properties": { "road_name": "Village High Road", "highway": "tertiary", "ref": "", "length_m": 2274.5, "unmet_length_m": 937.9, "pct_outside_400m": 41.2, "in_high_gap_ward": true, "need_score": 1527.2, "need_band": "priority", "recommendation": "Road segment farther than 400m from a GTFS stop — mid-block stops or a short feeder may help. Field-verify boarding demand.", "rank": 18, "source_kind": "osm_roads" }, "geometry": { "type": "LineString", "coordinates": [ [ 80.232640604422471, 12.897434511045228 ], [ 80.232642499999983, 12.8972827 ], [ 80.232647699999987, 12.897213 ], [ 80.2326586, 12.8970683 ], [ 80.2326667, 12.896922 ], [ 80.2326372, 12.8967598 ], [ 80.232535199999987, 12.8965663 ], [ 80.2324387, 12.8964356 ], [ 80.23237109999998, 12.8963022 ], [ 80.2323201, 12.8962028 ], [ 80.232237, 12.896042 ], [ 80.23219, 12.8958865 ], [ 80.2321847, 12.8957714 ], [ 80.2321766, 12.8956603 ], [ 80.232145799999984, 12.8955479 ], [ 80.232131, 12.8954694 ], [ 80.232117599999981, 12.89534 ], [ 80.2321015, 12.8952381 ], [ 80.2321203, 12.8951675 ], [ 80.2321364, 12.8950864 ], [ 80.2321646, 12.8949988 ], [ 80.232187399999987, 12.8949112 ], [ 80.232214199999987, 12.8948406 ], [ 80.2322303, 12.894774 ], [ 80.2322571, 12.894689 ], [ 80.2322906, 12.8945844 ], [ 80.2323121, 12.8945021 ], [ 80.2323389, 12.8943713 ], [ 80.2323483, 12.8943256 ], [ 80.232376499999987, 12.8942406 ], [ 80.2323805, 12.8941347 ], [ 80.232384499999981, 12.8940837 ], [ 80.2323864, 12.8940589 ], [ 80.2323697, 12.8939282 ], [ 80.232359, 12.893838 ], [ 80.2323436, 12.8937379 ], [ 80.2323282, 12.8936719 ], [ 80.2323074, 12.8936144 ], [ 80.2323014, 12.8935856 ], [ 80.232263799999984, 12.8934641 ], [ 80.232243, 12.8934046 ], [ 80.232214199999987, 12.8933464 ], [ 80.232197400000018, 12.893298 ], [ 80.232182, 12.8932588 ], [ 80.2321552, 12.8931987 ], [ 80.2320734, 12.8929581 ], [ 80.2320398, 12.8928483 ], [ 80.2320205, 12.8927864 ], [ 80.2320109, 12.8927556 ], [ 80.231974, 12.8924808 ], [ 80.2319524, 12.8922367 ], [ 80.2319518, 12.8921908 ], [ 80.2319346, 12.8920451 ], [ 80.231905699999984, 12.8918679 ], [ 80.2319017, 12.8917332 ], [ 80.2318675, 12.8915881 ], [ 80.2318702, 12.8915469 ], [ 80.2318615, 12.8914933 ], [ 80.231848699999986, 12.891428 ], [ 80.231822699999981, 12.8913023 ], [ 80.2318078, 12.8912371 ], [ 80.2317897, 12.8911613 ], [ 80.2317864, 12.8911377 ], [ 80.2317763, 12.8910488 ], [ 80.231777, 12.8910063 ], [ 80.2317481, 12.8908939 ], [ 80.231740799999983, 12.890839 ], [ 80.2317294, 12.8907057 ], [ 80.231726, 12.8906325 ], [ 80.2317213, 12.8905887 ], [ 80.2316989, 12.8905204 ], [ 80.2316851, 12.8904811 ], [ 80.2316583, 12.8904449 ], [ 80.2316237, 12.8904015 ], [ 80.2315831, 12.8903615 ], [ 80.2315232, 12.8902772 ], [ 80.231459099999981, 12.8901948 ], [ 80.231399599999989, 12.8900899 ], [ 80.2313317, 12.8899589 ], [ 80.231240199999988, 12.889785 ], [ 80.2311697, 12.8896031 ] ] } },
{ "type": "Feature", "properties": { "road_name": "Constable Road", "highway": "tertiary", "ref": "", "length_m": 2913.6, "unmet_length_m": 1199.8, "pct_outside_400m": 41.2, "in_high_gap_ward": false, "need_score": 1446.8, "need_band": "priority", "recommendation": "Road segment farther than 400m from a GTFS stop — mid-block stops or a short feeder may help. Field-verify boarding demand.", "rank": 19, "source_kind": "osm_roads" }, "geometry": { "type": "LineString", "coordinates": [ [ 80.231972270293824, 13.102760784922332 ], [ 80.2332913, 13.1028543 ], [ 80.2333522, 13.1028586 ], [ 80.2371632, 13.1031081 ], [ 80.2378129, 13.1030429 ], [ 80.2383917, 13.1029616 ], [ 80.2391338, 13.1028513 ], [ 80.2397882, 13.1027345 ], [ 80.2402081, 13.1026596 ], [ 80.24043, 13.1026433 ], [ 80.241318699999979, 13.1025029 ], [ 80.2417468, 13.1024347 ], [ 80.2426734, 13.1022988 ] ] } },
{ "type": "Feature", "properties": { "road_name": "Chennai Bypass Expressway", "highway": "trunk", "ref": "", "length_m": 11514.4, "unmet_length_m": 1002.2, "pct_outside_400m": 8.7, "in_high_gap_ward": true, "need_score": 1411.8, "need_band": "priority", "recommendation": "Road segment farther than 400m from a GTFS stop — mid-block stops or a short feeder may help. Field-verify boarding demand.", "rank": 20, "source_kind": "osm_roads" }, "geometry": { "type": "LineString", "coordinates": [ [ 80.1488133, 13.0322545 ], [ 80.148499199999989, 13.0314776 ], [ 80.1480132, 13.030493 ], [ 80.1476973, 13.0300006 ], [ 80.147028, 13.0291641 ], [ 80.1460754, 13.0281821 ], [ 80.143027449684652, 13.025729990460293 ] ] } },
{ "type": "Feature", "properties": { "road_name": "Periyar Pathai Road", "highway": "tertiary", "ref": "", "length_m": 1180.1, "unmet_length_m": 771.4, "pct_outside_400m": 65.4, "in_high_gap_ward": true, "need_score": 1381.7, "need_band": "urgent", "recommendation": "Road segment farther than 400m from a GTFS stop — mid-block stops or a short feeder may help. Field-verify boarding demand.", "rank": 21, "source_kind": "osm_roads" }, "geometry": { "type": "LineString", "coordinates": [ [ 80.221343499999989, 13.0602523 ], [ 80.2210689, 13.0601603 ], [ 80.2210017, 13.0600767 ], [ 80.220888599999981, 13.0599262 ], [ 80.2206569, 13.0596419 ], [ 80.2201891, 13.0594892 ], [ 80.21985309999998, 13.0594477 ], [ 80.2195571, 13.0594518 ], [ 80.2194123, 13.0588811 ], [ 80.2189888, 13.0588286 ], [ 80.218805799999984, 13.0588059 ], [ 80.2180514, 13.0587123 ], [ 80.2178932, 13.0587068 ], [ 80.216946399999983, 13.0586622 ], [ 80.2168394, 13.058641 ], [ 80.2166069, 13.0585462 ], [ 80.2165688, 13.0585358 ], [ 80.216354599999988, 13.0585256 ], [ 80.216013099999984, 13.0585198 ], [ 80.2158166, 13.0585307 ], [ 80.215214588375332, 13.05855609888018 ] ] } },
{ "type": "Feature", "properties": { "road_name": "East Coast Road (SH49)", "highway": "primary", "ref": "SH49", "length_m": 17344.5, "unmet_length_m": 993.4, "pct_outside_400m": 5.7, "in_high_gap_ward": true, "need_score": 1379.5, "need_band": "priority", "recommendation": "Road segment farther than 400m from a GTFS stop — mid-block stops or a short feeder may help. Field-verify boarding demand.", "rank": 22, "source_kind": "osm_roads" }, "geometry": { "type": "LineString", "coordinates": [ [ 80.250085158776741, 12.910355965420843 ], [ 80.2500562, 12.9099942 ], [ 80.250043399999981, 12.9098583 ], [ 80.250018499999982, 12.9095954 ], [ 80.2499798, 12.9091851 ], [ 80.2499111, 12.9086277 ], [ 80.2498909, 12.9084646 ], [ 80.2498618, 12.9082282 ], [ 80.2496016, 12.9070556 ], [ 80.2495077, 12.9066935 ], [ 80.2492449, 12.905517 ], [ 80.249162299999981, 12.9049366 ], [ 80.2491515, 12.9048705 ], [ 80.2490075, 12.9039954 ], [ 80.2489015, 12.9030842 ], [ 80.248766099999983, 12.9019247 ], [ 80.248741520832297, 12.901767673283947 ] ] } },
{ "type": "Feature", "properties": { "road_name": "East Coast Road (SH49)", "highway": "primary", "ref": "SH49", "length_m": 17344.5, "unmet_length_m": 992.1, "pct_outside_400m": 5.7, "in_high_gap_ward": true, "need_score": 1377.6, "need_band": "priority", "recommendation": "Road segment farther than 400m from a GTFS stop — mid-block stops or a short feeder may help. Field-verify boarding demand.", "rank": 23, "source_kind": "osm_roads" }, "geometry": { "type": "LineString", "coordinates": [ [ 80.24869302174524, 12.901785629815288 ], [ 80.2487158, 12.9019312 ], [ 80.248721, 12.9019764 ], [ 80.2487634, 12.902347 ], [ 80.2488512, 12.9030898 ], [ 80.2489572, 12.9040016 ], [ 80.249000099999989, 12.9043001 ], [ 80.2490759, 12.9048274 ], [ 80.249094, 12.9049531 ], [ 80.2490996, 12.9049795 ], [ 80.2491951, 12.9055264 ], [ 80.24945839999998, 12.9067048 ], [ 80.2495505, 12.9070603 ], [ 80.2495522, 12.9070669 ], [ 80.2496442, 12.9074817 ], [ 80.2497828, 12.9081062 ], [ 80.249811699999981, 12.9082364 ], [ 80.2498392, 12.9084591 ], [ 80.2499294, 12.9091903 ], [ 80.2499589, 12.9094672 ], [ 80.2499875, 12.9098053 ], [ 80.250005699999988, 12.9099984 ], [ 80.250021011976443, 12.910362842479316 ] ] } },
{ "type": "Feature", "properties": { "road_name": "Chennai Bypass Expressway", "highway": "trunk", "ref": "", "length_m": 11514.4, "unmet_length_m": 973.3, "pct_outside_400m": 8.5, "in_high_gap_ward": true, "need_score": 1369.5, "need_band": "priority", "recommendation": "Road segment farther than 400m from a GTFS stop — mid-block stops or a short feeder may help. Field-verify boarding demand.", "rank": 24, "source_kind": "osm_roads" }, "geometry": { "type": "LineString", "coordinates": [ [ 80.143023619076871, 13.025944435883195 ], [ 80.145989599999979, 13.028341 ], [ 80.1469135, 13.0292634 ], [ 80.1475704, 13.0301218 ], [ 80.1478704, 13.0306122 ], [ 80.1483435, 13.031541 ], [ 80.1486501, 13.0322796 ] ] } },
{ "type": "Feature", "properties": { "road_name": "Inner Ring Road (SH2)", "highway": "primary", "ref": "SH2", "length_m": 13021.2, "unmet_length_m": 966.6, "pct_outside_400m": 7.4, "in_high_gap_ward": true, "need_score": 1353.4, "need_band": "priority", "recommendation": "Road segment farther than 400m from a GTFS stop — mid-block stops or a short feeder may help. Field-verify boarding demand.", "rank": 25, "source_kind": "osm_roads" }, "geometry": { "type": "LineString", "coordinates": [ [ 80.229165523282816, 13.166607090527082 ], [ 80.229774899999981, 13.1680515 ], [ 80.229932599999984, 13.1683665 ], [ 80.230022799999986, 13.1685213 ], [ 80.23007269999998, 13.1685856 ], [ 80.2301771, 13.1687118 ], [ 80.2303406, 13.1688961 ], [ 80.2305416, 13.169069 ], [ 80.2306911, 13.169188 ], [ 80.2309399, 13.1693978 ], [ 80.231423299999989, 13.1697577 ], [ 80.2323415, 13.170505 ], [ 80.2325701, 13.1706754 ], [ 80.2333711, 13.1713152 ], [ 80.2343816, 13.1721236 ], [ 80.234926499999986, 13.1725421 ], [ 80.235021014419985, 13.172608190179281 ] ] } },
{ "type": "Feature", "properties": { "road_name": "Service Road", "highway": "trunk", "ref": "", "length_m": 2473.7, "unmet_length_m": 845.5, "pct_outside_400m": 34.2, "in_high_gap_ward": true, "need_score": 1336.5, "need_band": "priority", "recommendation": "Road segment farther than 400m from a GTFS stop — mid-block stops or a short feeder may help. Field-verify boarding demand.", "rank": 26, "source_kind": "osm_roads" }, "geometry": { "type": "LineString", "coordinates": [ [ 80.161317632420861, 13.073805953000797 ], [ 80.161286099999984, 13.0724238 ], [ 80.161236499999987, 13.0703321 ], [ 80.1612114, 13.0676615 ], [ 80.1612118, 13.0674391 ], [ 80.161213599999982, 13.0673857 ], [ 80.161220599999979, 13.0668952 ], [ 80.16122679999998, 13.066565 ], [ 80.161228923091727, 13.066408552835622 ] ] } },
{ "type": "Feature", "properties": { "road_name": "Inner Ring Road (SH2)", "highway": "primary", "ref": "SH2", "length_m": 13021.2, "unmet_length_m": 952.0, "pct_outside_400m": 7.3, "in_high_gap_ward": true, "need_score": 1332.1, "need_band": "priority", "recommendation": "Road segment farther than 400m from a GTFS stop — mid-block stops or a short feeder may help. Field-verify boarding demand.", "rank": 27, "source_kind": "osm_roads" }, "geometry": { "type": "LineString", "coordinates": [ [ 80.235078167621438, 13.172493149554361 ], [ 80.2335774, 13.1713081 ], [ 80.232627099999988, 13.1705446 ], [ 80.2323251, 13.1702968 ], [ 80.231456399999985, 13.1696281 ], [ 80.2307911, 13.1691032 ], [ 80.2305043, 13.1688673 ], [ 80.230394299999986, 13.1687603 ], [ 80.2302372, 13.1685764 ], [ 80.2301878, 13.1685083 ], [ 80.2301292, 13.1684232 ], [ 80.22997239999998, 13.1681564 ], [ 80.2298208, 13.1678008 ], [ 80.229309630184162, 13.16658402159875 ] ] } },
{ "type": "Feature", "properties": { "road_name": "Kottivakkam Kuppam Road", "highway": "tertiary", "ref": "", "length_m": 632.7, "unmet_length_m": 632.7, "pct_outside_400m": 100.0, "in_high_gap_ward": true, "need_score": 1281.2, "need_band": "urgent", "recommendation": "Road segment farther than 400m from a GTFS stop — mid-block stops or a short feeder may help. Field-verify boarding demand.", "rank": 28, "source_kind": "osm_roads" }, "geometry": { "type": "LineString", "coordinates": [ [ 80.2641322, 12.9685685 ], [ 80.264169, 12.9687761 ], [ 80.2641657, 12.9689478 ], [ 80.264129, 12.969359 ], [ 80.2640497, 12.9706276 ], [ 80.2639986, 12.9713734 ], [ 80.2639655, 12.9719098 ], [ 80.2638549, 12.9724864 ], [ 80.2637509, 12.9728561 ], [ 80.2636421, 12.9732432 ], [ 80.2635881, 12.9734444 ], [ 80.263539699999981, 12.9736035 ], [ 80.2635075, 12.9737091 ], [ 80.2633809, 12.9740177 ] ] } },
{ "type": "Feature", "properties": { "road_name": "Unnamed tertiary (OSM 386505680)", "highway": "tertiary", "ref": "", "length_m": 852.1, "unmet_length_m": 852.1, "pct_outside_400m": 100.0, "in_high_gap_ward": false, "need_score": 1278.1, "need_band": "urgent", "recommendation": "Road segment farther than 400m from a GTFS stop — mid-block stops or a short feeder may help. Field-verify boarding demand.", "rank": 29, "source_kind": "osm_roads" }, "geometry": { "type": "LineString", "coordinates": [ [ 80.1854849, 13.1376143 ], [ 80.184804, 13.1372796 ], [ 80.184418699999981, 13.1370936 ], [ 80.1842716, 13.1370226 ], [ 80.1838768, 13.1368422 ], [ 80.1832746, 13.1365247 ], [ 80.1828356, 13.1363359 ], [ 80.182511, 13.1362245 ], [ 80.1821608, 13.1361426 ], [ 80.1814229, 13.1360358 ], [ 80.181138, 13.1360103 ], [ 80.1810166, 13.1359994 ], [ 80.1807808, 13.1359948 ], [ 80.180437499999982, 13.1360449 ], [ 80.179938599999986, 13.136154 ], [ 80.1795479, 13.136245 ], [ 80.178849699999986, 13.136486 ], [ 80.178285, 13.1366879 ] ] } },
{ "type": "Feature", "properties": { "road_name": "Elcot SEZ Main road", "highway": "tertiary", "ref": "", "length_m": 2293.5, "unmet_length_m": 1039.4, "pct_outside_400m": 45.3, "in_high_gap_ward": false, "need_score": 1274.9, "need_band": "priority", "recommendation": "Road segment farther than 400m from a GTFS stop — mid-block stops or a short feeder may help. Field-verify boarding demand.", "rank": 30, "source_kind": "osm_roads" }, "geometry": { "type": "LineString", "coordinates": [ [ 80.218881297857322, 12.905268355281684 ], [ 80.2190202, 12.9059838 ], [ 80.2191026, 12.9064552 ], [ 80.2191549, 12.9067224 ], [ 80.2191958, 12.9069311 ], [ 80.219229399999989, 12.9071028 ], [ 80.2193099, 12.9075069 ], [ 80.2193363, 12.9076396 ], [ 80.2193654, 12.9077854 ], [ 80.2194496, 12.9082081 ], [ 80.219638299999986, 12.9091961 ], [ 80.2196639, 12.9093303 ], [ 80.2197064, 12.9096094 ], [ 80.2197659, 12.9099996 ], [ 80.2200394, 12.9113747 ], [ 80.2201242, 12.9117777 ], [ 80.2201485, 12.9119058 ], [ 80.220168099999981, 12.912009 ], [ 80.2202486, 12.9124336 ], [ 80.2202751, 12.9125778 ], [ 80.220362499999979, 12.9130532 ], [ 80.2204001, 12.9132579 ], [ 80.2205209, 12.9139149 ], [ 80.220598699999982, 12.9142128 ] ] } },
{ "type": "Feature", "properties": { "road_name": "Panchayat Main Road", "highway": "tertiary", "ref": "", "length_m": 1163.7, "unmet_length_m": 715.3, "pct_outside_400m": 61.5, "in_high_gap_ward": true, "need_score": 1262.5, "need_band": "urgent", "recommendation": "Road segment farther than 400m from a GTFS stop — mid-block stops or a short feeder may help. Field-verify boarding demand.", "rank": 31, "source_kind": "osm_roads" }, "geometry": { "type": "LineString", "coordinates": [ [ 80.242201, 12.9653948 ], [ 80.2421594, 12.965383 ], [ 80.2421065, 12.96539 ], [ 80.241987, 12.9654171 ], [ 80.2415204, 12.965565 ], [ 80.2414665, 12.9655455 ], [ 80.2414206, 12.9654811 ], [ 80.241317699999982, 12.9643768 ], [ 80.2411185, 12.9637946 ], [ 80.2410608, 12.9635179 ], [ 80.2410194, 12.963321 ], [ 80.2410713, 12.9631496 ], [ 80.2410631, 12.962926 ], [ 80.2410224, 12.962641 ], [ 80.2409581, 12.962191 ], [ 80.240863499999989, 12.9616786 ], [ 80.2408046, 12.9614088 ], [ 80.240735799999982, 12.9610848 ], [ 80.240683, 12.9608467 ], [ 80.2406338, 12.9606211 ], [ 80.240551699999983, 12.9602301 ], [ 80.2405034, 12.96016 ] ] } },
{ "type": "Feature", "properties": { "road_name": "Army Road", "highway": "tertiary", "ref": "", "length_m": 1310.1, "unmet_length_m": 919.2, "pct_outside_400m": 70.2, "in_high_gap_ward": false, "need_score": 1241.6, "need_band": "urgent", "recommendation": "Road segment farther than 400m from a GTFS stop — mid-block stops or a short feeder may help. Field-verify boarding demand.", "rank": 32, "source_kind": "osm_roads" }, "geometry": { "type": "LineString", "coordinates": [ [ 80.1945979, 13.026026 ], [ 80.1945685, 13.0257563 ], [ 80.1943473, 13.0237262 ], [ 80.1943089, 13.0233742 ], [ 80.194275, 13.0230627 ], [ 80.1942072, 13.0224403 ], [ 80.1941981, 13.0223572 ], [ 80.1939148, 13.0199289 ], [ 80.1939106, 13.0198929 ], [ 80.1938983, 13.0197624 ], [ 80.1937874, 13.0185825 ], [ 80.193747751816971, 13.018024463135863 ] ] } },
{ "type": "Feature", "properties": { "road_name": "1st Avenue, bus stand street", "highway": "tertiary", "ref": "", "length_m": 2571.3, "unmet_length_m": 795.1, "pct_outside_400m": 30.9, "in_high_gap_ward": true, "need_score": 1239.3, "need_band": "priority", "recommendation": "Partial coverage gap along this road — field-check before capital works.", "rank": 33, "source_kind": "osm_roads" }, "geometry": { "type": "LineString", "coordinates": [ [ 80.174485428198722, 13.070588586742621 ], [ 80.1745331, 13.0706913 ], [ 80.1748256, 13.0717039 ], [ 80.1751081, 13.0726226 ], [ 80.1748678, 13.0736175 ], [ 80.1745898, 13.0739462 ], [ 80.1745838, 13.0739506 ], [ 80.174561, 13.0739744 ], [ 80.1745494, 13.0740335 ], [ 80.1745289, 13.0740711 ], [ 80.1745038, 13.0741171 ], [ 80.1743987, 13.0744829 ], [ 80.174346899999989, 13.0746632 ], [ 80.17428409999998, 13.0747629 ], [ 80.173950299999987, 13.0749698 ], [ 80.1738003, 13.0750637 ], [ 80.1736688, 13.0751449 ], [ 80.17334, 13.0753481 ], [ 80.1728661, 13.0754427 ], [ 80.1719152, 13.0756324 ] ] } },
{ "type": "Feature", "properties": { "road_name": "Vada Agaram Road", "highway": "tertiary", "ref": "", "length_m": 941.3, "unmet_length_m": 672.2, "pct_outside_400m": 71.4, "in_high_gap_ward": true, "need_score": 1231.5, "need_band": "urgent", "recommendation": "Road segment farther than 400m from a GTFS stop — mid-block stops or a short feeder may help. Field-verify boarding demand.", "rank": 34, "source_kind": "osm_roads" }, "geometry": { "type": "LineString", "coordinates": [ [ 80.225229384713771, 13.064650504891627 ], [ 80.225224, 13.0646153 ], [ 80.2251244, 13.0641297 ], [ 80.225039, 13.0636546 ], [ 80.224999499999981, 13.0634353 ], [ 80.224966, 13.0632498 ], [ 80.2249317, 13.0631182 ], [ 80.2247663, 13.0631028 ], [ 80.2242353, 13.0631238 ], [ 80.224099200000012, 13.0626191 ], [ 80.224071699999982, 13.0625172 ], [ 80.2240609, 13.0624875 ], [ 80.2239836, 13.0622751 ], [ 80.223834199999985, 13.0618757 ], [ 80.223746299999988, 13.0615758 ], [ 80.2236937, 13.0614535 ], [ 80.2235825, 13.0611736 ], [ 80.2234561, 13.0608554 ], [ 80.2233181, 13.0605197 ], [ 80.2232613, 13.0604017 ], [ 80.2232319, 13.0603364 ], [ 80.2231454, 13.0601531 ], [ 80.222986099999986, 13.0598258 ], [ 80.22294239999998, 13.0597127 ] ] } },
{ "type": "Feature", "properties": { "road_name": "Unnamed tertiary (OSM 1190518944)", "highway": "tertiary", "ref": "", "length_m": 1070.7, "unmet_length_m": 684.1, "pct_outside_400m": 63.9, "in_high_gap_ward": true, "need_score": 1218.5, "need_band": "urgent", "recommendation": "Road segment farther than 400m from a GTFS stop — mid-block stops or a short feeder may help. Field-verify boarding demand.", "rank": 35, "source_kind": "osm_roads" }, "geometry": { "type": "LineString", "coordinates": [ [ 80.2750142, 13.1924003 ], [ 80.2749638, 13.1924614 ], [ 80.2750162, 13.1935123 ], [ 80.2750266, 13.1937254 ], [ 80.275052699999989, 13.1950944 ], [ 80.2750741, 13.1955747 ], [ 80.2751228, 13.1958985 ], [ 80.275267, 13.1964705 ], [ 80.2754904, 13.1978625 ], [ 80.2754984, 13.1979212 ], [ 80.275550802354459, 13.198322616673597 ] ] } },
{ "type": "Feature", "properties": { "road_name": "Pillayarkoil Street", "highway": "tertiary", "ref": "", "length_m": 1554.2, "unmet_length_m": 729.0, "pct_outside_400m": 46.9, "in_high_gap_ward": true, "need_score": 1215.0, "need_band": "priority", "recommendation": "Road segment farther than 400m from a GTFS stop — mid-block stops or a short feeder may help. Field-verify boarding demand.", "rank": 36, "source_kind": "osm_roads" }, "geometry": { "type": "LineString", "coordinates": [ [ 80.203012413771944, 12.924995913071273 ], [ 80.20304969999998, 12.9245652 ], [ 80.2031207, 12.9235215 ], [ 80.2031342, 12.9233227 ], [ 80.2031841, 12.9225772 ], [ 80.203222899999986, 12.9219981 ], [ 80.2032425, 12.9217051 ], [ 80.203231599999981, 12.9215346 ], [ 80.2024861, 12.9211592 ], [ 80.2022484, 12.9210395 ], [ 80.2016204, 12.9207604 ], [ 80.2009798, 12.9204757 ], [ 80.200586, 12.9203359 ], [ 80.200518129913078, 12.920322600942947 ] ] } },
{ "type": "Feature", "properties": { "road_name": "Chennai Bypass Expressway", "highway": "trunk", "ref": "", "length_m": 11514.4, "unmet_length_m": 866.5, "pct_outside_400m": 7.5, "in_high_gap_ward": true, "need_score": 1213.7, "need_band": "priority", "recommendation": "Road segment farther than 400m from a GTFS stop — mid-block stops or a short feeder may help. Field-verify boarding demand.", "rank": 37, "source_kind": "osm_roads" }, "geometry": { "type": "LineString", "coordinates": [ [ 80.164000054669813, 13.11268036152028 ], [ 80.1639815, 13.112498 ], [ 80.1638978, 13.1115999 ], [ 80.1637193, 13.109933 ], [ 80.163434399999986, 13.1070482 ], [ 80.163327399999986, 13.1064603 ], [ 80.162984856567832, 13.105178492467923 ] ] } },
{ "type": "Feature", "properties": { "road_name": "Nagamani Adigalar Street", "highway": "tertiary", "ref": "", "length_m": 598.9, "unmet_length_m": 598.9, "pct_outside_400m": 100.0, "in_high_gap_ward": true, "need_score": 1212.8, "need_band": "urgent", "recommendation": "Road segment farther than 400m from a GTFS stop — mid-block stops or a short feeder may help. Field-verify boarding demand.", "rank": 38, "source_kind": "osm_roads" }, "geometry": { "type": "LineString", "coordinates": [ [ 80.2306662, 12.9671572 ], [ 80.2331309, 12.9671094 ], [ 80.2331842, 12.9671084 ], [ 80.2342234, 12.9671508 ], [ 80.235124399999989, 12.9671875 ], [ 80.2353693, 12.9671975 ], [ 80.2354017, 12.9673289 ], [ 80.2359335, 12.9673938 ] ] } },
{ "type": "Feature", "properties": { "road_name": "Chennai Bypass Expressway", "highway": "trunk", "ref": "", "length_m": 11514.4, "unmet_length_m": 858.2, "pct_outside_400m": 7.5, "in_high_gap_ward": true, "need_score": 1201.7, "need_band": "priority", "recommendation": "Road segment farther than 400m from a GTFS stop — mid-block stops or a short feeder may help. Field-verify boarding demand.", "rank": 39, "source_kind": "osm_roads" }, "geometry": { "type": "LineString", "coordinates": [ [ 80.162765773572474, 13.105232749930858 ], [ 80.163054699999989, 13.1063287 ], [ 80.1631008, 13.1065037 ], [ 80.163205199999979, 13.1070732 ], [ 80.1634897, 13.1099443 ], [ 80.1635985, 13.1110641 ], [ 80.1636536, 13.1116215 ], [ 80.1637156, 13.1121683 ], [ 80.16376380103577, 13.112664353865091 ] ] } },
{ "type": "Feature", "properties": { "road_name": "Unnamed tertiary (OSM 1079228862)", "highway": "tertiary", "ref": "", "length_m": 1155.9, "unmet_length_m": 685.2, "pct_outside_400m": 59.3, "in_high_gap_ward": true, "need_score": 1199.2, "need_band": "urgent", "recommendation": "Road segment farther than 400m from a GTFS stop — mid-block stops or a short feeder may help. Field-verify boarding demand.", "rank": 40, "source_kind": "osm_roads" }, "geometry": { "type": "LineString", "coordinates": [ [ 80.25259915438113, 13.181654715796085 ], [ 80.2525608, 13.1817004 ], [ 80.2521778, 13.1822462 ], [ 80.252134899999987, 13.1823129 ], [ 80.252103, 13.1823662 ], [ 80.2520817, 13.1824269 ], [ 80.2520712, 13.1824669 ], [ 80.252064499999989, 13.182522 ], [ 80.25205, 13.1827036 ], [ 80.2515918, 13.187434 ], [ 80.251588044493971, 13.187471836027839 ] ] } },
{ "type": "Feature", "properties": { "road_name": "Chennai Bypass Expressway", "highway": "trunk", "ref": "", "length_m": 11514.4, "unmet_length_m": 839.5, "pct_outside_400m": 7.3, "in_high_gap_ward": true, "need_score": 1174.6, "need_band": "priority", "recommendation": "Road segment farther than 400m from a GTFS stop — mid-block stops or a short feeder may help. Field-verify boarding demand.", "rank": 41, "source_kind": "osm_roads" }, "geometry": { "type": "LineString", "coordinates": [ [ 80.161202881944504, 13.073779800335961 ], [ 80.1610823, 13.0671807 ], [ 80.161089588590116, 13.066435253817124 ] ] } },
{ "type": "Feature", "properties": { "road_name": "Constable Road", "highway": "tertiary", "ref": "", "length_m": 2913.6, "unmet_length_m": 1000.5, "pct_outside_400m": 34.3, "in_high_gap_ward": false, "need_score": 1172.3, "need_band": "priority", "recommendation": "Road segment farther than 400m from a GTFS stop — mid-block stops or a short feeder may help. Field-verify boarding demand.", "rank": 42, "source_kind": "osm_roads" }, "geometry": { "type": "LineString", "coordinates": [ [ 80.2158553, 13.105735 ], [ 80.216233, 13.1056849 ], [ 80.2167823, 13.1053839 ], [ 80.2173745, 13.105108 ], [ 80.218567599999986, 13.1049827 ], [ 80.2189377, 13.1049312 ], [ 80.2193057, 13.1048823 ], [ 80.219580399999984, 13.1047068 ], [ 80.2201211, 13.1042303 ], [ 80.2206577, 13.1039903 ], [ 80.222857799999986, 13.103731 ], [ 80.224357314744367, 13.103554254916357 ] ] } },
{ "type": "Feature", "properties": { "road_name": "Chennai Bypass Expressway", "highway": "trunk", "ref": "", "length_m": 11514.4, "unmet_length_m": 833.9, "pct_outside_400m": 7.2, "in_high_gap_ward": true, "need_score": 1166.5, "need_band": "priority", "recommendation": "Road segment farther than 400m from a GTFS stop — mid-block stops or a short feeder may help. Field-verify boarding demand.", "rank": 43, "source_kind": "osm_roads" }, "geometry": { "type": "LineString", "coordinates": [ [ 80.160927056756691, 13.066449132901308 ], [ 80.1609109, 13.0671724 ], [ 80.161047121255834, 13.073744301070741 ] ] } },
{ "type": "Feature", "properties": { "road_name": "Unnamed tertiary (OSM 27368889)", "highway": "tertiary", "ref": "", "length_m": 1006.0, "unmet_length_m": 635.4, "pct_outside_400m": 63.2, "in_high_gap_ward": true, "need_score": 1128.8, "need_band": "urgent", "recommendation": "Road segment farther than 400m from a GTFS stop — mid-block stops or a short feeder may help. Field-verify boarding demand.", "rank": 44, "source_kind": "osm_roads" }, "geometry": { "type": "LineString", "coordinates": [ [ 80.2473859, 12.9461608 ], [ 80.2468351, 12.943254 ], [ 80.246514599999983, 12.9416128 ], [ 80.2464108, 12.9410714 ], [ 80.2463784, 12.940862 ], [ 80.246346164405224, 12.940690805738981 ] ] } },
{ "type": "Feature", "properties": { "road_name": "Thiruvottriyur – Ponneri – Panchetty Road (SH56)", "highway": "primary", "ref": "SH56", "length_m": 6562.8, "unmet_length_m": 787.9, "pct_outside_400m": 12.0, "in_high_gap_ward": true, "need_score": 1127.5, "need_band": "priority", "recommendation": "Partial coverage gap along this road — field-check before capital works.", "rank": 45, "source_kind": "osm_roads" }, "geometry": { "type": "LineString", "coordinates": [ [ 80.278151666059529, 13.153840986186704 ], [ 80.2787475, 13.1538424 ], [ 80.2791056, 13.1538405 ], [ 80.2811835, 13.153796 ], [ 80.2819257, 13.1537704 ], [ 80.2821169, 13.1537756 ], [ 80.2823388, 13.153809 ], [ 80.2825914, 13.1538705 ], [ 80.2828861, 13.1540083 ], [ 80.2829559, 13.1540409 ], [ 80.283641, 13.1543838 ], [ 80.2837374, 13.1544198 ], [ 80.2838017, 13.1544383 ], [ 80.283889799999983, 13.1544499 ], [ 80.283963600000021, 13.1544522 ], [ 80.284058800000011, 13.1544441 ], [ 80.2841981, 13.1544128 ], [ 80.28505379883741, 13.15421039240902 ] ] } },
{ "type": "Feature", "properties": { "road_name": "Choolaimedu High Road", "highway": "tertiary", "ref": "", "length_m": 1432.6, "unmet_length_m": 664.0, "pct_outside_400m": 46.4, "in_high_gap_ward": true, "need_score": 1104.2, "need_band": "priority", "recommendation": "Road segment farther than 400m from a GTFS stop — mid-block stops or a short feeder may help. Field-verify boarding demand.", "rank": 46, "source_kind": "osm_roads" }, "geometry": { "type": "LineString", "coordinates": [ [ 80.230475648446173, 13.063000558203306 ], [ 80.2304454, 13.062882 ], [ 80.230389, 13.0626509 ], [ 80.2303654, 13.0625513 ], [ 80.2302848, 13.0622162 ], [ 80.2302264, 13.0617942 ], [ 80.2302315, 13.0615506 ], [ 80.230233, 13.0612099 ], [ 80.2302436, 13.0609535 ], [ 80.230243, 13.0609465 ], [ 80.2302239, 13.0604977 ], [ 80.2302001, 13.0602139 ], [ 80.2301436, 13.0597104 ], [ 80.2301241, 13.059486 ], [ 80.2300382, 13.0590042 ], [ 80.2299548, 13.0585855 ], [ 80.2299134, 13.0583832 ], [ 80.2298481, 13.058057 ], [ 80.229720199999988, 13.0577968 ], [ 80.2296074, 13.0575672 ], [ 80.229559499999979, 13.0574698 ], [ 80.2295405, 13.0574194 ], [ 80.22950429419825, 13.057319023945963 ] ] } },
{ "type": "Feature", "properties": { "road_name": "Grand Northern Trunk Road (NH16)", "highway": "trunk", "ref": "NH16", "length_m": 2842.6, "unmet_length_m": 723.1, "pct_outside_400m": 25.4, "in_high_gap_ward": true, "need_score": 1100.4, "need_band": "priority", "recommendation": "Partial coverage gap along this road — field-check before capital works.", "rank": 47, "source_kind": "osm_roads" }, "geometry": { "type": "LineString", "coordinates": [ [ 80.216387883525798, 13.14720619771006 ], [ 80.2163129, 13.1472597 ], [ 80.215382, 13.1479368 ], [ 80.2145119, 13.1485676 ], [ 80.2136592, 13.149213 ], [ 80.2130534, 13.1497197 ], [ 80.2124606, 13.1501705 ], [ 80.211769, 13.1507338 ], [ 80.211276577813592, 13.15110682251888 ] ] } },
{ "type": "Feature", "properties": { "road_name": "Grand Northern Trunk Road (NH16)", "highway": "trunk", "ref": "NH16", "length_m": 2842.6, "unmet_length_m": 722.9, "pct_outside_400m": 25.4, "in_high_gap_ward": true, "need_score": 1100.0, "need_band": "priority", "recommendation": "Partial coverage gap along this road — field-check before capital works.", "rank": 48, "source_kind": "osm_roads" }, "geometry": { "type": "LineString", "coordinates": [ [ 80.211318469527498, 13.151144266509251 ], [ 80.211374299999989, 13.1511015 ], [ 80.2115232, 13.1509917 ], [ 80.2115947, 13.1509278 ], [ 80.2117747, 13.1508015 ], [ 80.2118962, 13.1507111 ], [ 80.212060199999982, 13.1505908 ], [ 80.2136085, 13.1493697 ], [ 80.2152563, 13.148151 ], [ 80.2160322, 13.1475952 ], [ 80.216415, 13.147321 ], [ 80.216462268831606, 13.147287133272989 ] ] } },
{ "type": "Feature", "properties": { "road_name": "Unnamed tertiary (OSM 30620299)", "highway": "tertiary", "ref": "", "length_m": 2052.9, "unmet_length_m": 684.6, "pct_outside_400m": 33.3, "in_high_gap_ward": true, "need_score": 1078.2, "need_band": "priority", "recommendation": "Partial coverage gap along this road — field-check before capital works.", "rank": 49, "source_kind": "osm_roads" }, "geometry": { "type": "LineString", "coordinates": [ [ 80.161118023559595, 13.051068201384288 ], [ 80.1611128, 13.050963 ], [ 80.1610891, 13.0505444 ], [ 80.1610869, 13.0504425 ], [ 80.1610809, 13.0501608 ], [ 80.1610678, 13.0499221 ], [ 80.161049099999985, 13.0495815 ], [ 80.1609969, 13.0492306 ], [ 80.160989, 13.0491681 ], [ 80.160967, 13.0488058 ], [ 80.160872199999986, 13.0483731 ], [ 80.160849, 13.0481714 ], [ 80.160833299999979, 13.0479799 ], [ 80.1608353, 13.0477608 ], [ 80.1608537, 13.0476013 ], [ 80.160919599999986, 13.0463219 ], [ 80.1611254, 13.0463159 ], [ 80.1611139, 13.0460648 ], [ 80.161106, 13.0460381 ], [ 80.161064499999981, 13.0458545 ], [ 80.1610447, 13.0456814 ], [ 80.1610055, 13.0454345 ], [ 80.160992099999987, 13.0453653 ], [ 80.1609812, 13.045309 ], [ 80.160979487209914, 13.045305034481515 ] ] } },
{ "type": "Feature", "properties": { "road_name": "Ariyalur - Vilangadupakkam Road (O455)", "highway": "tertiary", "ref": "O455", "length_m": 5463.7, "unmet_length_m": 735.4, "pct_outside_400m": 13.5, "in_high_gap_ward": true, "need_score": 1059.6, "need_band": "priority", "recommendation": "Partial coverage gap along this road — field-check before capital works.", "rank": 50, "source_kind": "osm_roads" }, "geometry": { "type": "LineString", "coordinates": [ [ 80.238700833823742, 13.196134955479598 ], [ 80.2386866, 13.1961494 ], [ 80.238615, 13.1962159 ], [ 80.2385425, 13.1962542 ], [ 80.238468499999982, 13.196295 ], [ 80.238378499999982, 13.1963232 ], [ 80.2382188, 13.196357 ], [ 80.235657099999983, 13.1966423 ], [ 80.2352415, 13.1966647 ], [ 80.2352098, 13.1966618 ], [ 80.2351216, 13.1966752 ], [ 80.2341547, 13.1968156 ], [ 80.2337426, 13.1968754 ], [ 80.232202122180055, 13.197050158274727 ] ] } },
{ "type": "Feature", "properties": { "road_name": "Copper Beach Road", "highway": "tertiary", "ref": "", "length_m": 699.6, "unmet_length_m": 699.6, "pct_outside_400m": 100.0, "in_high_gap_ward": false, "need_score": 1049.4, "need_band": "urgent", "recommendation": "Road segment farther than 400m from a GTFS stop — mid-block stops or a short feeder may help. Field-verify boarding demand.", "rank": 51, "source_kind": "osm_roads" }, "geometry": { "type": "LineString", "coordinates": [ [ 80.2460943, 12.8920917 ], [ 80.2469518, 12.8919433 ], [ 80.2519955, 12.8910707 ], [ 80.2522824, 12.8910211 ] ] } },
{ "type": "Feature", "properties": { "road_name": "Annai Santhya Nagar Main Road", "highway": "tertiary", "ref": "", "length_m": 516.5, "unmet_length_m": 516.5, "pct_outside_400m": 100.0, "in_high_gap_ward": true, "need_score": 1046.0, "need_band": "urgent", "recommendation": "Road segment farther than 400m from a GTFS stop — mid-block stops or a short feeder may help. Field-verify boarding demand.", "rank": 52, "source_kind": "osm_roads" }, "geometry": { "type": "LineString", "coordinates": [ [ 80.2306662, 12.9671572 ], [ 80.230679499999979, 12.9674067 ], [ 80.2306812, 12.9674401 ], [ 80.2306951, 12.9677014 ], [ 80.2306979, 12.9677538 ], [ 80.2307069, 12.9679231 ], [ 80.2307133, 12.9680445 ], [ 80.230718199999984, 12.9681355 ], [ 80.2307313, 12.968383 ], [ 80.2307453, 12.9686458 ], [ 80.2307507, 12.968748 ], [ 80.230759, 12.9689031 ], [ 80.23076949999998, 12.9691015 ], [ 80.230772099999982, 12.9691495 ], [ 80.230784899999989, 12.9693909 ], [ 80.2307911, 12.9695081 ], [ 80.2307989, 12.9696552 ], [ 80.230811099999983, 12.9698837 ], [ 80.230811800000012, 12.9698976 ], [ 80.230825, 12.9701329 ], [ 80.230826, 12.9701658 ], [ 80.230840499999985, 12.9703624 ], [ 80.230839, 12.9704087 ], [ 80.230850799999985, 12.9706309 ], [ 80.2308626, 12.970853 ], [ 80.2308655, 12.9709077 ], [ 80.2308752, 12.97109 ], [ 80.2308804, 12.9711882 ], [ 80.230895499999988, 12.9714722 ], [ 80.2309061, 12.9716726 ] ] } },
{ "type": "Feature", "properties": { "road_name": "Sea Shell Avenue", "highway": "tertiary", "ref": "", "length_m": 683.9, "unmet_length_m": 683.9, "pct_outside_400m": 100.0, "in_high_gap_ward": false, "need_score": 1025.9, "need_band": "urgent", "recommendation": "Road segment farther than 400m from a GTFS stop — mid-block stops or a short feeder may help. Field-verify boarding demand.", "rank": 53, "source_kind": "osm_roads" }, "geometry": { "type": "LineString", "coordinates": [ [ 80.246365, 12.8930579 ], [ 80.2519151, 12.892181 ], [ 80.252006199999983, 12.8921594 ], [ 80.252084, 12.8921332 ], [ 80.2521966, 12.8920834 ], [ 80.2524004, 12.8919986 ] ] } },
{ "type": "Feature", "properties": { "road_name": "Ariyalur - Vilangadupakkam Road (O455)", "highway": "tertiary", "ref": "O455", "length_m": 5463.7, "unmet_length_m": 712.8, "pct_outside_400m": 13.0, "in_high_gap_ward": true, "need_score": 1025.0, "need_band": "priority", "recommendation": "Partial coverage gap along this road — field-check before capital works.", "rank": 54, "source_kind": "osm_roads" }, "geometry": { "type": "LineString", "coordinates": [ [ 80.247769860160631, 13.190212751378594 ], [ 80.2474518, 13.1902332 ], [ 80.2464108, 13.1903628 ], [ 80.2459511, 13.1904881 ], [ 80.2446222, 13.1908732 ], [ 80.2438969, 13.1910509 ], [ 80.2435006, 13.1910282 ], [ 80.2427767, 13.1909089 ], [ 80.2426238, 13.1908945 ], [ 80.2418929, 13.1908084 ], [ 80.241491045870774, 13.19079771768706 ] ] } },
{ "type": "Feature", "properties": { "road_name": "Unnamed tertiary (OSM 1060258051)", "highway": "tertiary", "ref": "", "length_m": 501.4, "unmet_length_m": 501.4, "pct_outside_400m": 100.0, "in_high_gap_ward": true, "need_score": 1015.3, "need_band": "urgent", "recommendation": "Road segment farther than 400m from a GTFS stop — mid-block stops or a short feeder may help. Field-verify boarding demand.", "rank": 55, "source_kind": "osm_roads" }, "geometry": { "type": "LineString", "coordinates": [ [ 80.2755587, 13.1978627 ], [ 80.275333599999982, 13.1964693 ], [ 80.2751999, 13.1959117 ], [ 80.2751597, 13.1956819 ], [ 80.2751355, 13.1954651 ], [ 80.2751221, 13.1951962 ], [ 80.275112, 13.194781 ], [ 80.275106199999982, 13.1945438 ], [ 80.2750982, 13.1941991 ], [ 80.275076799999979, 13.1937241 ], [ 80.275069300000013, 13.1935156 ] ] } },
{ "type": "Feature", "properties": { "road_name": "Unnamed tertiary (OSM 27369051)", "highway": "tertiary", "ref": "", "length_m": 846.3, "unmet_length_m": 563.4, "pct_outside_400m": 66.6, "in_high_gap_ward": true, "need_score": 1013.8, "need_band": "urgent", "recommendation": "Road segment farther than 400m from a GTFS stop — mid-block stops or a short feeder may help. Field-verify boarding demand.", "rank": 56, "source_kind": "osm_roads" }, "geometry": { "type": "LineString", "coordinates": [ [ 80.2349857, 12.9552004 ], [ 80.236071, 12.9551033 ], [ 80.2365717, 12.9551032 ], [ 80.2368222, 12.9551031 ], [ 80.2369726, 12.9550895 ], [ 80.237140299999979, 12.9550744 ], [ 80.2371925, 12.9550697 ], [ 80.237465899999989, 12.9550414 ], [ 80.237542499999989, 12.9550335 ], [ 80.237657, 12.9550217 ], [ 80.238039299999983, 12.9549962 ], [ 80.2384437, 12.9549692 ], [ 80.2386275, 12.9549569 ], [ 80.238699, 12.9549497 ], [ 80.2388075, 12.9549388 ], [ 80.239088899999985, 12.9549105 ], [ 80.2393942, 12.9548797 ], [ 80.2394337, 12.9548723 ], [ 80.2396647, 12.9548288 ], [ 80.2398649, 12.9547912 ], [ 80.2399278, 12.9547844 ], [ 80.240022152231148, 12.954774171461382 ] ] } },
{ "type": "Feature", "properties": { "road_name": "Unnamed tertiary (OSM 386495708)", "highway": "tertiary", "ref": "", "length_m": 497.3, "unmet_length_m": 497.3, "pct_outside_400m": 100.0, "in_high_gap_ward": true, "need_score": 1006.9, "need_band": "urgent", "recommendation": "Road segment farther than 400m from a GTFS stop — mid-block stops or a short feeder may help. Field-verify boarding demand.", "rank": 57, "source_kind": "osm_roads" }, "geometry": { "type": "LineString", "coordinates": [ [ 80.198099099999979, 13.1445859 ], [ 80.198487899999989, 13.1449473 ], [ 80.198912, 13.14527 ], [ 80.1990841, 13.1453994 ], [ 80.199478499999984, 13.1456351 ], [ 80.1999679, 13.1458723 ], [ 80.2002507, 13.1459971 ], [ 80.2009885, 13.1462768 ], [ 80.2010369, 13.1462939 ], [ 80.201987, 13.1466295 ] ] } },
{ "type": "Feature", "properties": { "road_name": "Inner Ring Road (SH2)", "highway": "primary", "ref": "SH2", "length_m": 13021.2, "unmet_length_m": 713.3, "pct_outside_400m": 5.5, "in_high_gap_ward": true, "need_score": 989.3, "need_band": "priority", "recommendation": "Partial coverage gap along this road — field-check before capital works.", "rank": 58, "source_kind": "osm_roads" }, "geometry": { "type": "LineString", "coordinates": [ [ 80.247965658103411, 13.177600266303807 ], [ 80.2477251, 13.1775119 ], [ 80.247570499999981, 13.1774531 ], [ 80.2465539, 13.1770757 ], [ 80.242629199999982, 13.1756779 ], [ 80.2421746, 13.1754995 ], [ 80.241962487100622, 13.175420176469677 ] ] } },
{ "type": "Feature", "properties": { "road_name": "Ayanavaram Road", "highway": "tertiary", "ref": "", "length_m": 1955.4, "unmet_length_m": 629.6, "pct_outside_400m": 32.2, "in_high_gap_ward": true, "need_score": 986.8, "need_band": "priority", "recommendation": "Partial coverage gap along this road — field-check before capital works.", "rank": 59, "source_kind": "osm_roads" }, "geometry": { "type": "LineString", "coordinates": [ [ 80.237715495837222, 13.092735779485322 ], [ 80.237017, 13.0927838 ], [ 80.2347291, 13.0929412 ], [ 80.2339508, 13.0929975 ], [ 80.233936699999987, 13.0929985 ], [ 80.232892, 13.0928602 ], [ 80.2328878, 13.0928594 ], [ 80.2322003, 13.0927278 ], [ 80.2321465, 13.0927063 ], [ 80.2321069, 13.0926769 ] ] } },
{ "type": "Feature", "properties": { "road_name": "Indira Gandhi Road", "highway": "tertiary", "ref": "", "length_m": 510.1, "unmet_length_m": 489.7, "pct_outside_400m": 96.0, "in_high_gap_ward": true, "need_score": 978.4, "need_band": "urgent", "recommendation": "Road segment farther than 400m from a GTFS stop — mid-block stops or a short feeder may help. Field-verify boarding demand.", "rank": 60, "source_kind": "osm_roads" }, "geometry": { "type": "LineString", "coordinates": [ [ 80.1849822, 13.0506436 ], [ 80.1835292, 13.0504449 ], [ 80.1829696, 13.0503725 ], [ 80.182771299999985, 13.0503493 ], [ 80.182424, 13.0503229 ], [ 80.1820932, 13.0502883 ], [ 80.1818006, 13.0502412 ], [ 80.181331599999979, 13.0501826 ], [ 80.1808587, 13.0501218 ], [ 80.180621034120279, 13.050089823962418 ] ] } },
{ "type": "Feature", "properties": { "road_name": "Moovarasampettai Main Road", "highway": "tertiary", "ref": "", "length_m": 644.8, "unmet_length_m": 644.8, "pct_outside_400m": 100.0, "in_high_gap_ward": false, "need_score": 967.1, "need_band": "urgent", "recommendation": "Road segment farther than 400m from a GTFS stop — mid-block stops or a short feeder may help. Field-verify boarding demand.", "rank": 61, "source_kind": "osm_roads" }, "geometry": { "type": "LineString", "coordinates": [ [ 80.175422931383793, 12.969519029443996 ], [ 80.1761359, 12.9692375 ], [ 80.1767635, 12.9690232 ], [ 80.176852, 12.9690206 ], [ 80.177013, 12.969018 ], [ 80.1771659, 12.9690598 ], [ 80.1773402, 12.9690101 ], [ 80.1774743, 12.9689422 ], [ 80.1775548, 12.9688873 ], [ 80.177994699999985, 12.9685919 ], [ 80.178665199999983, 12.9681424 ], [ 80.1791105, 12.9678261 ], [ 80.179247299999986, 12.9677581 ], [ 80.1800849, 12.9676993 ], [ 80.180217099999979, 12.9677097 ], [ 80.1807071, 12.9677659 ] ] } },
{ "type": "Feature", "properties": { "road_name": "Ayanavaram Road", "highway": "tertiary", "ref": "", "length_m": 1955.4, "unmet_length_m": 616.1, "pct_outside_400m": 31.5, "in_high_gap_ward": true, "need_score": 962.7, "need_band": "priority", "recommendation": "Partial coverage gap along this road — field-check before capital works.", "rank": 62, "source_kind": "osm_roads" }, "geometry": { "type": "LineString", "coordinates": [ [ 80.2322339, 13.0928091 ], [ 80.2328775, 13.0929224 ], [ 80.2339419, 13.0930512 ], [ 80.2340375, 13.0930433 ], [ 80.234378799999988, 13.0930245 ], [ 80.2347104, 13.0930134 ], [ 80.2350979, 13.0929848 ], [ 80.235342, 13.0929714 ], [ 80.2355102, 13.0929605 ], [ 80.2360221, 13.092924 ], [ 80.2363159, 13.092915 ], [ 80.236772, 13.0928788 ], [ 80.237014499999987, 13.0928631 ], [ 80.2370286, 13.0928622 ], [ 80.237740312044522, 13.092801256408682 ] ] } },
{ "type": "Feature", "properties": { "road_name": "Mint Street", "highway": "tertiary", "ref": "", "length_m": 636.9, "unmet_length_m": 636.9, "pct_outside_400m": 100.0, "in_high_gap_ward": false, "need_score": 955.3, "need_band": "urgent", "recommendation": "Road segment farther than 400m from a GTFS stop — mid-block stops or a short feeder may help. Field-verify boarding demand.", "rank": 63, "source_kind": "osm_roads" }, "geometry": { "type": "LineString", "coordinates": [ [ 80.280042, 13.0983058 ], [ 80.279955499999986, 13.0968015 ], [ 80.2799096, 13.0959964 ], [ 80.279812599999985, 13.0951601 ], [ 80.2796393, 13.0943668 ], [ 80.2795621, 13.093912 ], [ 80.2795174, 13.0935899 ], [ 80.279421, 13.0927747 ] ] } },
{ "type": "Feature", "properties": { "road_name": "Anna Nedunchalai", "highway": "tertiary", "ref": "", "length_m": 1136.5, "unmet_length_m": 712.7, "pct_outside_400m": 62.7, "in_high_gap_ward": false, "need_score": 936.1, "need_band": "urgent", "recommendation": "Road segment farther than 400m from a GTFS stop — mid-block stops or a short feeder may help. Field-verify boarding demand.", "rank": 64, "source_kind": "osm_roads" }, "geometry": { "type": "LineString", "coordinates": [ [ 80.24226366107797, 12.967969863361464 ], [ 80.241962699999988, 12.9679581 ], [ 80.241386099999986, 12.9679242 ], [ 80.240083799999979, 12.9680724 ], [ 80.2400395, 12.9680728 ], [ 80.2399966, 12.9680698 ], [ 80.2399182, 12.968058 ], [ 80.2381378, 12.9677176 ], [ 80.2374839, 12.9676117 ], [ 80.2367243, 12.967484 ], [ 80.2364588, 12.9674392 ], [ 80.2363697, 12.9674242 ], [ 80.236224800000016, 12.9674123 ], [ 80.2359335, 12.9673938 ] ] } },
{ "type": "Feature", "properties": { "road_name": "Unnamed tertiary (OSM 34629512)", "highway": "tertiary", "ref": "", "length_m": 1044.5, "unmet_length_m": 546.5, "pct_outside_400m": 52.3, "in_high_gap_ward": true, "need_score": 930.7, "need_band": "priority", "recommendation": "Road segment farther than 400m from a GTFS stop — mid-block stops or a short feeder may help. Field-verify boarding demand.", "rank": 65, "source_kind": "osm_roads" }, "geometry": { "type": "LineString", "coordinates": [ [ 80.162892482309459, 13.129115206236234 ], [ 80.1629167, 13.1287563 ], [ 80.162949899999987, 13.1282647 ], [ 80.1629642, 13.1279521 ], [ 80.1629644, 13.1279165 ], [ 80.162984899999984, 13.1275032 ], [ 80.1629972, 13.1272345 ], [ 80.1630172, 13.1267993 ], [ 80.1630859, 13.1265151 ], [ 80.162869799999982, 13.126441 ], [ 80.1625007, 13.1263139 ], [ 80.1617631, 13.12606 ], [ 80.1617211, 13.126047 ], [ 80.1615078, 13.1260257 ], [ 80.160944592459643, 13.125969299360003 ] ] } },
{ "type": "Feature", "properties": { "road_name": "Kosapur Road (O613)", "highway": "tertiary", "ref": "O613", "length_m": 1914.5, "unmet_length_m": 592.2, "pct_outside_400m": 30.9, "in_high_gap_ward": true, "need_score": 923.1, "need_band": "priority", "recommendation": "Partial coverage gap along this road — field-check before capital works.", "rank": 66, "source_kind": "osm_roads" }, "geometry": { "type": "LineString", "coordinates": [ [ 80.237997506396894, 13.184687791171394 ], [ 80.2385645, 13.1849655 ], [ 80.2387033, 13.1850368 ], [ 80.2389129, 13.1851444 ], [ 80.239046, 13.1852245 ], [ 80.239122, 13.1853726 ], [ 80.239413399999989, 13.1861806 ], [ 80.239445099999983, 13.1863904 ], [ 80.2394417, 13.186498 ], [ 80.23943869999998, 13.1865939 ], [ 80.239414899999986, 13.1867937 ], [ 80.239398, 13.1868688 ], [ 80.239148, 13.187438 ], [ 80.2390865, 13.1876328 ], [ 80.239073399999981, 13.1877171 ], [ 80.239048, 13.1878799 ], [ 80.2389749, 13.1880784 ], [ 80.2387749, 13.1884117 ], [ 80.238648, 13.1886813 ], [ 80.2386019, 13.1888798 ], [ 80.238607646025301, 13.189020102987996 ] ] } },
{ "type": "Feature", "properties": { "road_name": "Gandhi Nagar Main Road", "highway": "tertiary", "ref": "", "length_m": 856.5, "unmet_length_m": 519.6, "pct_outside_400m": 60.7, "in_high_gap_ward": true, "need_score": 914.3, "need_band": "urgent", "recommendation": "Road segment farther than 400m from a GTFS stop — mid-block stops or a short feeder may help. Field-verify boarding demand.", "rank": 67, "source_kind": "osm_roads" }, "geometry": { "type": "LineString", "coordinates": [ [ 80.223716340123474, 12.852727416111625 ], [ 80.22358819999998, 12.8527413 ], [ 80.223054399999981, 12.8527384 ], [ 80.22247, 12.8527434 ], [ 80.222479099999987, 12.8535715 ], [ 80.2224901, 12.8539931 ], [ 80.222518, 12.8550634 ], [ 80.222492499999987, 12.8551131 ], [ 80.2224462, 12.8551431 ], [ 80.222387899999987, 12.8551575 ], [ 80.221520199999986, 12.8551471 ] ] } },
{ "type": "Feature", "properties": { "road_name": "Unnamed tertiary (OSM 1060258102)", "highway": "tertiary", "ref": "", "length_m": 450.1, "unmet_length_m": 450.1, "pct_outside_400m": 100.0, "in_high_gap_ward": true, "need_score": 911.5, "need_band": "urgent", "recommendation": "Road segment farther than 400m from a GTFS stop — mid-block stops or a short feeder may help. Field-verify boarding demand.", "rank": 68, "source_kind": "osm_roads" }, "geometry": { "type": "LineString", "coordinates": [ [ 80.2756195, 13.1978814 ], [ 80.276748199999986, 13.1978458 ], [ 80.2776285, 13.1978294 ], [ 80.277671499999983, 13.1978286 ], [ 80.2785155, 13.1978129 ], [ 80.279661899999979, 13.1977915 ] ] } },
{ "type": "Feature", "properties": { "road_name": "Village High Road", "highway": "tertiary", "ref": "", "length_m": 2274.5, "unmet_length_m": 581.7, "pct_outside_400m": 25.6, "in_high_gap_ward": true, "need_score": 885.8, "need_band": "priority", "recommendation": "Partial coverage gap along this road — field-check before capital works.", "rank": 69, "source_kind": "osm_roads" }, "geometry": { "type": "LineString", "coordinates": [ [ 80.233005452840786, 12.904000978569252 ], [ 80.2330148, 12.9041638 ], [ 80.232968899999989, 12.9043073 ], [ 80.2328189, 12.9047589 ], [ 80.2328273, 12.9048701 ], [ 80.232829, 12.9053138 ], [ 80.2328429, 12.9053675 ], [ 80.2329062, 12.9056148 ], [ 80.232966399999981, 12.9058069 ], [ 80.2329825, 12.9058584 ], [ 80.233099, 12.9062857 ], [ 80.2330924, 12.9063498 ], [ 80.233061699999979, 12.9064132 ], [ 80.2330481, 12.906478 ], [ 80.2330139, 12.9066569 ], [ 80.233036199999987, 12.9067091 ], [ 80.233068099999983, 12.9068262 ], [ 80.233074, 12.9068615 ], [ 80.233083500000021, 12.9069566 ], [ 80.2330627, 12.9073929 ], [ 80.2330859, 12.907762 ], [ 80.233124, 12.9079944 ], [ 80.2332781, 12.9080028 ], [ 80.2333036, 12.9080492 ], [ 80.2333096, 12.9082706 ], [ 80.2333536, 12.9085822 ], [ 80.233379, 12.9088517 ] ] } },
{ "type": "Feature", "properties": { "road_name": "Bharani Street", "highway": "tertiary", "ref": "", "length_m": 432.8, "unmet_length_m": 432.7, "pct_outside_400m": 100.0, "in_high_gap_ward": true, "need_score": 876.2, "need_band": "urgent", "recommendation": "Road segment farther than 400m from a GTFS stop — mid-block stops or a short feeder may help. Field-verify boarding demand.", "rank": 70, "source_kind": "osm_roads" }, "geometry": { "type": "LineString", "coordinates": [ [ 80.2309061, 12.9716726 ], [ 80.2310434, 12.9717141 ], [ 80.2310729, 12.9717213 ], [ 80.2310971, 12.9717384 ], [ 80.2311098, 12.971769 ], [ 80.2311078, 12.9718003 ], [ 80.2310393, 12.9723775 ], [ 80.2310293, 12.9730517 ], [ 80.231213, 12.9730898 ], [ 80.2314679, 12.9731411 ], [ 80.231719399999989, 12.9731866 ], [ 80.232079499999983, 12.9733001 ], [ 80.2322495, 12.9733939 ], [ 80.2323024, 12.9734292 ], [ 80.232347399999981, 12.9734593 ], [ 80.232726899999989, 12.9737128 ], [ 80.232789, 12.9737337 ], [ 80.2330292, 12.9738145 ], [ 80.2331056, 12.9738225 ], [ 80.2331799, 12.9738371 ] ] } },
{ "type": "Feature", "properties": { "road_name": "Unnamed tertiary (OSM 33069609)", "highway": "tertiary", "ref": "", "length_m": 792.9, "unmet_length_m": 485.8, "pct_outside_400m": 61.3, "in_high_gap_ward": true, "need_score": 856.8, "need_band": "urgent", "recommendation": "Road segment farther than 400m from a GTFS stop — mid-block stops or a short feeder may help. Field-verify boarding demand.", "rank": 71, "source_kind": "osm_roads" }, "geometry": { "type": "LineString", "coordinates": [ [ 80.286474626596373, 13.179056115409827 ], [ 80.2864593, 13.1792666 ], [ 80.2863153, 13.1812689 ], [ 80.286282499999984, 13.181446 ], [ 80.2862055, 13.1816486 ], [ 80.286053699999982, 13.1820328 ], [ 80.286021, 13.1821965 ], [ 80.2860179, 13.1823067 ], [ 80.286002499999981, 13.1828499 ], [ 80.286004, 13.183253 ] ] } },
{ "type": "Feature", "properties": { "road_name": "Vanniar Street", "highway": "tertiary", "ref": "", "length_m": 417.8, "unmet_length_m": 417.8, "pct_outside_400m": 100.0, "in_high_gap_ward": true, "need_score": 846.0, "need_band": "urgent", "recommendation": "Road segment farther than 400m from a GTFS stop — mid-block stops or a short feeder may help. Field-verify boarding demand.", "rank": 72, "source_kind": "osm_roads" }, "geometry": { "type": "LineString", "coordinates": [ [ 80.229559499999979, 13.0574698 ], [ 80.2289963, 13.0578658 ], [ 80.2287318, 13.0580691 ], [ 80.228414199999989, 13.0583714 ], [ 80.228189, 13.0585068 ], [ 80.227952, 13.0585789 ], [ 80.227206099999989, 13.058666 ], [ 80.2270138, 13.0587066 ], [ 80.226197299999981, 13.0587169 ] ] } },
{ "type": "Feature", "properties": { "road_name": "Unnamed tertiary (OSM 125180644)", "highway": "tertiary", "ref": "", "length_m": 930.3, "unmet_length_m": 625.5, "pct_outside_400m": 67.2, "in_high_gap_ward": false, "need_score": 835.7, "need_band": "urgent", "recommendation": "Road segment farther than 400m from a GTFS stop — mid-block stops or a short feeder may help. Field-verify boarding demand.", "rank": 73, "source_kind": "osm_roads" }, "geometry": { "type": "LineString", "coordinates": [ [ 80.238977896589674, 13.117525340259833 ], [ 80.2387447, 13.1175706 ], [ 80.2385886, 13.1176009 ], [ 80.2383246, 13.1176647 ], [ 80.2381057, 13.1177177 ], [ 80.238230699999988, 13.1185485 ], [ 80.238323899999983, 13.119024 ], [ 80.238482299999987, 13.1194679 ], [ 80.238509199999982, 13.1200339 ], [ 80.238515799999988, 13.1202424 ], [ 80.2385075, 13.120526 ], [ 80.2385143, 13.1206035 ], [ 80.2385286, 13.1209475 ], [ 80.2385551, 13.1214419 ], [ 80.2386007, 13.1217212 ], [ 80.2386131, 13.121804 ], [ 80.2387134, 13.1222581 ] ] } },
{ "type": "Feature", "properties": { "road_name": "3rd Main Road", "highway": "tertiary", "ref": "", "length_m": 3641.7, "unmet_length_m": 573.5, "pct_outside_400m": 15.7, "in_high_gap_ward": true, "need_score": 835.2, "need_band": "priority", "recommendation": "Partial coverage gap along this road — field-check before capital works.", "rank": 74, "source_kind": "osm_roads" }, "geometry": { "type": "LineString", "coordinates": [ [ 80.176537, 12.9831719 ], [ 80.1765095, 12.9830258 ], [ 80.1763832, 12.9823537 ], [ 80.1763784, 12.9822802 ], [ 80.1763961, 12.9821492 ], [ 80.1764457, 12.9819716 ], [ 80.1765282, 12.9817536 ], [ 80.176636, 12.9815184 ], [ 80.1768008, 12.9811456 ], [ 80.1769543, 12.9807374 ], [ 80.176999, 12.9806159 ], [ 80.1771405, 12.9802645 ], [ 80.177375, 12.979474 ], [ 80.1777012, 12.9788824 ], [ 80.177946299999988, 12.9784867 ], [ 80.177948309401856, 12.978482584026043 ] ] } },
{ "type": "Feature", "properties": { "road_name": "Inner Ring Road (SH2)", "highway": "primary", "ref": "SH2", "length_m": 13021.2, "unmet_length_m": 595.3, "pct_outside_400m": 4.6, "in_high_gap_ward": true, "need_score": 822.0, "need_band": "priority", "recommendation": "Partial coverage gap along this road — field-check before capital works.", "rank": 75, "source_kind": "osm_roads" }, "geometry": { "type": "LineString", "coordinates": [ [ 80.259235413934363, 13.180930592989123 ], [ 80.2594215, 13.1809719 ], [ 80.2603528, 13.1811199 ], [ 80.2617086, 13.1812803 ], [ 80.26364719999998, 13.181527 ], [ 80.2645246, 13.1816829 ] ] } },
{ "type": "Feature", "properties": { "road_name": "Varuna Salai", "highway": "tertiary", "ref": "", "length_m": 864.7, "unmet_length_m": 606.5, "pct_outside_400m": 70.1, "in_high_gap_ward": false, "need_score": 819.2, "need_band": "urgent", "recommendation": "Road segment farther than 400m from a GTFS stop — mid-block stops or a short feeder may help. Field-verify boarding demand.", "rank": 76, "source_kind": "osm_roads" }, "geometry": { "type": "LineString", "coordinates": [ [ 80.2901754, 13.072098 ], [ 80.2901466, 13.0720052 ], [ 80.289894299999986, 13.0711923 ], [ 80.289870199999982, 13.0711217 ], [ 80.2898447, 13.0710669 ], [ 80.2897854, 13.0709708 ], [ 80.289135699999989, 13.0700898 ], [ 80.2890124, 13.069903 ], [ 80.2889735, 13.0698442 ], [ 80.2889426, 13.069792 ], [ 80.2889252, 13.0697541 ], [ 80.2888749, 13.0696328 ], [ 80.288678799999985, 13.069125 ], [ 80.2885375, 13.0687591 ], [ 80.2884919, 13.0686316 ], [ 80.2884657, 13.0685781 ], [ 80.2884429, 13.0685411 ], [ 80.2884235, 13.0685164 ], [ 80.2883947, 13.0684966 ], [ 80.288364299999984, 13.0684876 ], [ 80.288332199999985, 13.0684876 ], [ 80.2882921, 13.0684967 ], [ 80.288049, 13.0685817 ], [ 80.2877986, 13.0686692 ], [ 80.287641799999989, 13.0687225 ], [ 80.287493699999985, 13.0687659 ], [ 80.287156259168128, 13.06886489327305 ] ] } },
{ "type": "Feature", "properties": { "road_name": "Inner Ring Road (SH2)", "highway": "primary", "ref": "SH2", "length_m": 13021.2, "unmet_length_m": 592.3, "pct_outside_400m": 4.5, "in_high_gap_ward": true, "need_score": 817.8, "need_band": "priority", "recommendation": "Partial coverage gap along this road — field-check before capital works.", "rank": 77, "source_kind": "osm_roads" }, "geometry": { "type": "LineString", "coordinates": [ [ 80.2645311, 13.1815411 ], [ 80.259272850290671, 13.180748974714922 ] ] } },
{ "type": "Feature", "properties": { "road_name": "Sivan Koil Street", "highway": "tertiary", "ref": "", "length_m": 432.9, "unmet_length_m": 409.9, "pct_outside_400m": 94.7, "in_high_gap_ward": true, "need_score": 815.3, "need_band": "urgent", "recommendation": "Road segment farther than 400m from a GTFS stop — mid-block stops or a short feeder may help. Field-verify boarding demand.", "rank": 78, "source_kind": "osm_roads" }, "geometry": { "type": "LineString", "coordinates": [ [ 80.2225645, 13.0597902 ], [ 80.2225126, 13.0595543 ], [ 80.222467399999985, 13.0591571 ], [ 80.2223676, 13.0587757 ], [ 80.222351, 13.0586718 ], [ 80.222281, 13.0584022 ], [ 80.2222599, 13.0582944 ], [ 80.2221956, 13.0581245 ], [ 80.222168599999989, 13.0580622 ], [ 80.22211129999998, 13.057954 ], [ 80.222038, 13.0577919 ], [ 80.2219807, 13.057657 ], [ 80.2218861, 13.0574579 ], [ 80.221781099999987, 13.0572278 ], [ 80.2217056, 13.0570218 ], [ 80.2216513, 13.0568422 ], [ 80.22157, 13.0566309 ], [ 80.22144789753564, 13.056396431653498 ] ] } },
{ "type": "Feature", "properties": { "road_name": "Unnamed tertiary (OSM 25454574)", "highway": "tertiary", "ref": "", "length_m": 727.4, "unmet_length_m": 581.2, "pct_outside_400m": 79.9, "in_high_gap_ward": false, "need_score": 813.4, "need_band": "urgent", "recommendation": "Road segment farther than 400m from a GTFS stop — mid-block stops or a short feeder may help. Field-verify boarding demand.", "rank": 79, "source_kind": "osm_roads" }, "geometry": { "type": "LineString", "coordinates": [ [ 80.139115178099971, 13.04094141304825 ], [ 80.1391805, 13.0413157 ], [ 80.139197300000021, 13.0414122 ], [ 80.1392917, 13.0416707 ], [ 80.1394124, 13.0419137 ], [ 80.1396991, 13.0423749 ], [ 80.1397991, 13.0425958 ], [ 80.1402305, 13.0435821 ], [ 80.14044, 13.0440733 ], [ 80.1405746, 13.0446409 ], [ 80.1406335, 13.0451949 ], [ 80.14065189999998, 13.0456357 ], [ 80.1406616, 13.0457345 ] ] } },
{ "type": "Feature", "properties": { "road_name": "Unnamed tertiary (OSM 1434330634)", "highway": "tertiary", "ref": "", "length_m": 538.1, "unmet_length_m": 538.1, "pct_outside_400m": 100.0, "in_high_gap_ward": false, "need_score": 807.2, "need_band": "urgent", "recommendation": "Road segment farther than 400m from a GTFS stop — mid-block stops or a short feeder may help. Field-verify boarding demand.", "rank": 80, "source_kind": "osm_roads" }, "geometry": { "type": "LineString", "coordinates": [ [ 80.142410199999986, 13.0895574 ], [ 80.14245529999998, 13.0898813 ], [ 80.142475299999987, 13.090205 ], [ 80.1428907, 13.0901823 ], [ 80.1433324, 13.0901656 ], [ 80.143629499999989, 13.0901772 ], [ 80.14380079999998, 13.0901804 ], [ 80.1438081, 13.0899037 ], [ 80.1441643, 13.0898933 ], [ 80.1442606, 13.0898936 ], [ 80.1444527, 13.0898905 ], [ 80.144893399999987, 13.0898502 ], [ 80.1452457, 13.0898408 ], [ 80.1457573, 13.0898271 ], [ 80.146359299999986, 13.0897925 ] ] } },
{ "type": "Feature", "properties": { "road_name": "Inner Ring Road (SH2)", "highway": "primary", "ref": "SH2", "length_m": 13021.2, "unmet_length_m": 581.5, "pct_outside_400m": 4.5, "in_high_gap_ward": true, "need_score": 802.6, "need_band": "priority", "recommendation": "Partial coverage gap along this road — field-check before capital works.", "rank": 81, "source_kind": "osm_roads" }, "geometry": { "type": "LineString", "coordinates": [ [ 80.22197580000001, 13.1491022 ], [ 80.2220894, 13.149396 ], [ 80.222185, 13.1496432 ], [ 80.222232599999984, 13.1497655 ], [ 80.222285, 13.1499002 ], [ 80.2223859, 13.1502022 ], [ 80.2224059, 13.150262 ], [ 80.2225958, 13.1507383 ], [ 80.223112299999983, 13.1520147 ], [ 80.223271899999986, 13.1524048 ], [ 80.2237394, 13.1535482 ], [ 80.223862271786203, 13.153844913937162 ] ] } },
{ "type": "Feature", "properties": { "road_name": "Unnamed tertiary (OSM 102663583)", "highway": "tertiary", "ref": "", "length_m": 1160.9, "unmet_length_m": 628.1, "pct_outside_400m": 54.1, "in_high_gap_ward": false, "need_score": 797.9, "need_band": "priority", "recommendation": "Road segment farther than 400m from a GTFS stop — mid-block stops or a short feeder may help. Field-verify boarding demand.", "rank": 82, "source_kind": "osm_roads" }, "geometry": { "type": "LineString", "coordinates": [ [ 80.252067433431549, 13.156344178350036 ], [ 80.2520806, 13.1564021 ], [ 80.2521485, 13.1567008 ], [ 80.2521982, 13.1569874 ], [ 80.252291199999988, 13.1573846 ], [ 80.2523609, 13.1576853 ], [ 80.2523751, 13.1577449 ], [ 80.252467699999983, 13.1580899 ], [ 80.2525482, 13.1584026 ], [ 80.25260369999998, 13.1586033 ], [ 80.252654399999983, 13.1588266 ], [ 80.252672899999979, 13.1589845 ], [ 80.2527036, 13.1591015 ], [ 80.2527462, 13.1593425 ], [ 80.2527604, 13.1594205 ], [ 80.252781, 13.1595338 ], [ 80.2527856, 13.1595588 ], [ 80.252795099999986, 13.1596311 ], [ 80.2527895, 13.1596965 ], [ 80.2527801, 13.1597446 ], [ 80.2527408, 13.1598256 ], [ 80.2526973, 13.1599152 ], [ 80.252668199999988, 13.1599981 ], [ 80.252657499999984, 13.1600508 ], [ 80.2526535, 13.1600868 ], [ 80.252659499999979, 13.1602451 ], [ 80.2526614, 13.1602937 ], [ 80.252664300000021, 13.1604822 ], [ 80.2526693, 13.1605702 ], [ 80.2527012, 13.1608457 ], [ 80.252717599999983, 13.1609674 ], [ 80.252733800000016, 13.161101 ], [ 80.252755, 13.1612206 ], [ 80.2527694, 13.1612744 ], [ 80.2527828, 13.1613153 ], [ 80.2528867, 13.1615532 ], [ 80.252897599999983, 13.1615785 ], [ 80.252946743990719, 13.16169270672196 ] ] } },
{ "type": "Feature", "properties": { "road_name": "Inner Ring Road (SH2)", "highway": "primary", "ref": "SH2", "length_m": 13021.2, "unmet_length_m": 576.6, "pct_outside_400m": 4.4, "in_high_gap_ward": true, "need_score": 795.7, "need_band": "priority", "recommendation": "Partial coverage gap along this road — field-check before capital works.", "rank": 83, "source_kind": "osm_roads" }, "geometry": { "type": "LineString", "coordinates": [ [ 80.224014229617765, 13.153674124167594 ], [ 80.2237374, 13.1529821 ], [ 80.2235329, 13.1524594 ], [ 80.223346399999983, 13.1520388 ], [ 80.2228622, 13.1508884 ], [ 80.222772099999986, 13.150657 ], [ 80.222080362269892, 13.148995345091087 ] ] } },
{ "type": "Feature", "properties": { "road_name": "Jawaharlal Nehru Road (100 Feet Road) (SH2)", "highway": "primary", "ref": "SH2", "length_m": 5274.5, "unmet_length_m": 733.7, "pct_outside_400m": 13.9, "in_high_gap_ward": false, "need_score": 784.7, "need_band": "priority", "recommendation": "Partial coverage gap along this road — field-check before capital works.", "rank": 84, "source_kind": "osm_roads" }, "geometry": { "type": "LineString", "coordinates": [ [ 80.194641879956791, 13.105658041512006 ], [ 80.194694899999988, 13.1058729 ], [ 80.194802399999986, 13.1061366 ], [ 80.195142799999985, 13.1068674 ], [ 80.1953395, 13.1071844 ], [ 80.19655659999998, 13.1093284 ], [ 80.1967029, 13.1096417 ], [ 80.196807399999983, 13.1099171 ], [ 80.196899, 13.1102236 ], [ 80.1969647, 13.1105408 ], [ 80.1970921, 13.1115442 ] ] } },
{ "type": "Feature", "properties": { "road_name": "Jawaharlal Nehru Road (100 Feet Road) (SH2)", "highway": "primary", "ref": "SH2", "length_m": 5274.5, "unmet_length_m": 731.4, "pct_outside_400m": 13.9, "in_high_gap_ward": false, "need_score": 782.2, "need_band": "priority", "recommendation": "Partial coverage gap along this road — field-check before capital works.", "rank": 85, "source_kind": "osm_roads" }, "geometry": { "type": "LineString", "coordinates": [ [ 80.1972148, 13.1115413 ], [ 80.1970756, 13.1105471 ], [ 80.1970298, 13.1103097 ], [ 80.196968, 13.1100723 ], [ 80.1969133, 13.109897 ], [ 80.1968236, 13.1096462 ], [ 80.196698, 13.1093935 ], [ 80.1951702, 13.1067436 ], [ 80.1949355, 13.1062106 ], [ 80.194826899999981, 13.1059388 ], [ 80.1947772, 13.1057912 ], [ 80.194751968404816, 13.105679863384122 ] ] } },
{ "type": "Feature", "properties": { "road_name": "Unnamed tertiary (OSM 386499451)", "highway": "tertiary", "ref": "", "length_m": 811.4, "unmet_length_m": 574.3, "pct_outside_400m": 70.8, "in_high_gap_ward": false, "need_score": 777.5, "need_band": "urgent", "recommendation": "Road segment farther than 400m from a GTFS stop — mid-block stops or a short feeder may help. Field-verify boarding demand.", "rank": 86, "source_kind": "osm_roads" }, "geometry": { "type": "LineString", "coordinates": [ [ 80.181845585170535, 13.13727638907595 ], [ 80.182017499999986, 13.1372672 ], [ 80.1821508, 13.1372601 ], [ 80.1826376, 13.1372432 ], [ 80.182763699999981, 13.1372398 ], [ 80.1829836, 13.137234 ], [ 80.1832395, 13.1371816 ], [ 80.183353699999984, 13.1371718 ], [ 80.1834761, 13.1371686 ], [ 80.18371519999998, 13.1372369 ], [ 80.183862, 13.1374025 ], [ 80.1848244, 13.1378807 ], [ 80.185113, 13.1380005 ], [ 80.1857895, 13.1383151 ], [ 80.186575499999989, 13.1387494 ] ] } },
{ "type": "Feature", "properties": { "road_name": "Panaiyur Kuppam Main Road", "highway": "tertiary", "ref": "", "length_m": 1023.1, "unmet_length_m": 593.0, "pct_outside_400m": 58.0, "in_high_gap_ward": false, "need_score": 764.8, "need_band": "urgent", "recommendation": "Road segment farther than 400m from a GTFS stop — mid-block stops or a short feeder may help. Field-verify boarding demand.", "rank": 87, "source_kind": "osm_roads" }, "geometry": { "type": "LineString", "coordinates": [ [ 80.249406597562839, 12.887058187075418 ], [ 80.2496023, 12.8870808 ], [ 80.250261699999982, 12.8871668 ], [ 80.2507343, 12.8872136 ], [ 80.2509889, 12.8872249 ], [ 80.2514126, 12.8872916 ], [ 80.251459, 12.887291 ], [ 80.2514919, 12.8872753 ], [ 80.251516699999982, 12.8872517 ], [ 80.2516072, 12.8871099 ], [ 80.2516367, 12.8870779 ], [ 80.251679, 12.887057 ], [ 80.2517454, 12.8870596 ], [ 80.2518298, 12.8870759 ], [ 80.2518701, 12.8870994 ], [ 80.2518922, 12.8871289 ], [ 80.2519177, 12.887187 ], [ 80.2519523, 12.8873037 ], [ 80.2519811, 12.887551 ], [ 80.251988499999982, 12.8876848 ], [ 80.2520121, 12.8878329 ], [ 80.252026, 12.8880807 ], [ 80.252056, 12.8883065 ], [ 80.252065, 12.8883745 ], [ 80.2520711, 12.8885396 ], [ 80.252077600000021, 12.8885859 ], [ 80.25208520000001, 12.8886989 ], [ 80.252086, 12.8887583 ], [ 80.2521231, 12.8889859 ], [ 80.2521475, 12.8892107 ], [ 80.252210199999979, 12.8896082 ], [ 80.2522147, 12.889723 ] ] } },
{ "type": "Feature", "properties": { "road_name": "Subramanya Nagar Street Road", "highway": "tertiary", "ref": "", "length_m": 377.1, "unmet_length_m": 377.1, "pct_outside_400m": 100.0, "in_high_gap_ward": true, "need_score": 763.6, "need_band": "urgent", "recommendation": "Road segment farther than 400m from a GTFS stop — mid-block stops or a short feeder may help. Field-verify boarding demand.", "rank": 88, "source_kind": "osm_roads" }, "geometry": { "type": "LineString", "coordinates": [ [ 80.2440386, 12.9466681 ], [ 80.244661, 12.9465738 ], [ 80.2449734, 12.9465265 ], [ 80.2450651, 12.9465126 ], [ 80.245523799999987, 12.9464432 ], [ 80.245582, 12.9464344 ], [ 80.2470544, 12.946209 ], [ 80.247109899999984, 12.9461981 ], [ 80.2473859, 12.9461608 ] ] } },
{ "type": "Feature", "properties": { "road_name": "Radhakrishna Salai", "highway": "tertiary", "ref": "", "length_m": 787.6, "unmet_length_m": 439.2, "pct_outside_400m": 55.8, "in_high_gap_ward": true, "need_score": 758.2, "need_band": "urgent", "recommendation": "Road segment farther than 400m from a GTFS stop — mid-block stops or a short feeder may help. Field-verify boarding demand.", "rank": 89, "source_kind": "osm_roads" }, "geometry": { "type": "LineString", "coordinates": [ [ 80.181790870949001, 13.046366897884365 ], [ 80.181755599999988, 13.0466064 ], [ 80.1817367, 13.0466741 ], [ 80.1816908, 13.0470861 ], [ 80.1816323, 13.0475319 ], [ 80.181559099999987, 13.0483806 ], [ 80.181498799999986, 13.0489033 ], [ 80.181498, 13.048914 ], [ 80.181331599999979, 13.0501826 ] ] } },
{ "type": "Feature", "properties": { "road_name": "road to Manapakkam", "highway": "tertiary", "ref": "", "length_m": 743.4, "unmet_length_m": 434.3, "pct_outside_400m": 58.4, "in_high_gap_ward": true, "need_score": 757.6, "need_band": "urgent", "recommendation": "Road segment farther than 400m from a GTFS stop — mid-block stops or a short feeder may help. Field-verify boarding demand.", "rank": 90, "source_kind": "osm_roads" }, "geometry": { "type": "LineString", "coordinates": [ [ 80.18540875635675, 13.017138518602998 ], [ 80.185414899999984, 13.016866 ], [ 80.1854084, 13.0163848 ], [ 80.185405599999982, 13.0162668 ], [ 80.185404399999982, 13.0161589 ], [ 80.1854049, 13.0159301 ], [ 80.1854047, 13.0158669 ], [ 80.1854031, 13.015541 ], [ 80.1853768, 13.0154751 ], [ 80.1853454, 13.0154502 ], [ 80.1853083, 13.0154197 ], [ 80.1852592, 13.0154053 ], [ 80.1851952, 13.0153915 ], [ 80.185077599999985, 13.0153829 ], [ 80.1849974, 13.0153781 ], [ 80.184487399999981, 13.0153377 ], [ 80.1839629, 13.0152722 ], [ 80.183666499999987, 13.0152572 ], [ 80.1832193, 13.0152345 ] ] } },
{ "type": "Feature", "properties": { "road_name": "Kalaingar Karunanidhi Salai (SHN14)", "highway": "primary", "ref": "SHN14", "length_m": 3094.1, "unmet_length_m": 516.5, "pct_outside_400m": 16.7, "in_high_gap_ward": true, "need_score": 755.5, "need_band": "priority", "recommendation": "Partial coverage gap along this road — field-check before capital works.", "rank": 91, "source_kind": "osm_roads" }, "geometry": { "type": "LineString", "coordinates": [ [ 80.243495463860796, 12.898416712268032 ], [ 80.2430727, 12.8984914 ], [ 80.2418719, 12.89868 ], [ 80.2418554, 12.8986832 ], [ 80.2414424, 12.8987628 ], [ 80.241236599999979, 12.8988024 ], [ 80.2409453, 12.8988518 ], [ 80.2391582, 12.8991532 ], [ 80.2389244, 12.8991926 ] ] } },
{ "type": "Feature", "properties": { "road_name": "Chennai Bypass", "highway": "trunk", "ref": "", "length_m": 6661.8, "unmet_length_m": 537.5, "pct_outside_400m": 8.1, "in_high_gap_ward": true, "need_score": 754.9, "need_band": "priority", "recommendation": "Partial coverage gap along this road — field-check before capital works.", "rank": 92, "source_kind": "osm_roads" }, "geometry": { "type": "LineString", "coordinates": [ [ 80.169503175347387, 13.128447623711633 ], [ 80.168651899999986, 13.1267187 ], [ 80.167424058209917, 13.124203702796963 ] ] } },
{ "type": "Feature", "properties": { "road_name": "Unnamed primary (OSM 1116156485)", "highway": "primary", "ref": "", "length_m": 1018.2, "unmet_length_m": 585.1, "pct_outside_400m": 57.5, "in_high_gap_ward": false, "need_score": 753.2, "need_band": "urgent", "recommendation": "Road segment farther than 400m from a GTFS stop — mid-block stops or a short feeder may help. Field-verify boarding demand.", "rank": 93, "source_kind": "osm_roads" }, "geometry": { "type": "LineString", "coordinates": [ [ 80.1636476, 13.1102619 ], [ 80.1636229, 13.1099257 ], [ 80.163617, 13.1098638 ], [ 80.1635933, 13.1096344 ], [ 80.163480799999988, 13.1084803 ], [ 80.163363, 13.1072718 ], [ 80.1633155, 13.1068979 ], [ 80.163220699999982, 13.1064469 ], [ 80.163194, 13.1063348 ], [ 80.1630942, 13.1059168 ], [ 80.162909362814759, 13.105204693180609 ] ] } },
{ "type": "Feature", "properties": { "road_name": "T. Ponnambalam Salai", "highway": "tertiary", "ref": "", "length_m": 502.0, "unmet_length_m": 502.0, "pct_outside_400m": 100.0, "in_high_gap_ward": false, "need_score": 752.9, "need_band": "urgent", "recommendation": "Road segment farther than 400m from a GTFS stop — mid-block stops or a short feeder may help. Field-verify boarding demand.", "rank": 94, "source_kind": "osm_roads" }, "geometry": { "type": "LineString", "coordinates": [ [ 80.14873753328402, 13.015225783409511 ], [ 80.1487579, 13.0156216 ], [ 80.1487699, 13.0158111 ], [ 80.1487902, 13.0160694 ], [ 80.1487797, 13.016177 ], [ 80.1487607, 13.0162478 ], [ 80.148751599999983, 13.0162815 ], [ 80.1487141, 13.016344 ], [ 80.1486591, 13.0163835 ], [ 80.14860419999998, 13.0164003 ], [ 80.1485046, 13.0164122 ], [ 80.1479531, 13.0163695 ], [ 80.147539399999985, 13.0163463 ], [ 80.1472158, 13.0163585 ], [ 80.147006299999987, 13.0163975 ], [ 80.146727499999983, 13.0165386 ], [ 80.146521, 13.0166212 ], [ 80.1463928, 13.0166515 ], [ 80.146100599999983, 13.0166462 ], [ 80.1457754, 13.016636 ], [ 80.145447752974036, 13.016643599839801 ] ] } },
{ "type": "Feature", "properties": { "road_name": "Unnamed primary (OSM 1116156486)", "highway": "primary", "ref": "", "length_m": 1020.5, "unmet_length_m": 583.5, "pct_outside_400m": 57.2, "in_high_gap_ward": false, "need_score": 750.3, "need_band": "urgent", "recommendation": "Road segment farther than 400m from a GTFS stop — mid-block stops or a short feeder may help. Field-verify boarding demand.", "rank": 95, "source_kind": "osm_roads" }, "geometry": { "type": "LineString", "coordinates": [ [ 80.162842225278752, 13.105227993798769 ], [ 80.1629424, 13.1056032 ], [ 80.163089, 13.1061717 ], [ 80.1631262, 13.106346 ], [ 80.163195299999984, 13.1066695 ], [ 80.1632459, 13.1069803 ], [ 80.163312099999985, 13.1075135 ], [ 80.163352299999985, 13.1079999 ], [ 80.1633965, 13.1084898 ], [ 80.1633986, 13.1085131 ], [ 80.1634068, 13.1086038 ], [ 80.1634522, 13.1091294 ], [ 80.1635206, 13.1098743 ], [ 80.163526399999981, 13.1099348 ], [ 80.163537799999986, 13.110053 ], [ 80.1635603, 13.1102738 ] ] } },
{ "type": "Feature", "properties": { "road_name": "Unnamed tertiary (OSM 840519178)", "highway": "tertiary", "ref": "", "length_m": 672.7, "unmet_length_m": 535.8, "pct_outside_400m": 79.6, "in_high_gap_ward": false, "need_score": 749.1, "need_band": "urgent", "recommendation": "Road segment farther than 400m from a GTFS stop — mid-block stops or a short feeder may help. Field-verify boarding demand.", "rank": 96, "source_kind": "osm_roads" }, "geometry": { "type": "LineString", "coordinates": [ [ 80.17410836016964, 13.11155693241799 ], [ 80.1741492, 13.1120321 ], [ 80.174292599999987, 13.1137751 ], [ 80.1743065, 13.1137938 ], [ 80.1743273, 13.1138192 ], [ 80.174395099999984, 13.1138124 ], [ 80.1744108, 13.1137921 ], [ 80.1744195, 13.1137565 ], [ 80.174179892624736, 13.111490458925998 ] ] } },
{ "type": "Feature", "properties": { "road_name": "Chozhambedu Main Road", "highway": "tertiary", "ref": "", "length_m": 497.0, "unmet_length_m": 497.0, "pct_outside_400m": 100.0, "in_high_gap_ward": false, "need_score": 745.5, "need_band": "urgent", "recommendation": "Road segment farther than 400m from a GTFS stop — mid-block stops or a short feeder may help. Field-verify boarding demand.", "rank": 97, "source_kind": "osm_roads" }, "geometry": { "type": "LineString", "coordinates": [ [ 80.145093299999985, 13.1184735 ], [ 80.1450411, 13.1184967 ], [ 80.1442755, 13.1188862 ], [ 80.1432797, 13.119364 ], [ 80.1432222, 13.1193916 ], [ 80.1428944, 13.1195489 ], [ 80.1425201, 13.1197285 ], [ 80.14155, 13.1201939 ], [ 80.1414678, 13.1202097 ], [ 80.141139899999985, 13.1202728 ], [ 80.141054167011106, 13.120289304831472 ] ] } },
{ "type": "Feature", "properties": { "road_name": "Gandhi Road", "highway": "tertiary", "ref": "", "length_m": 1115.8, "unmet_length_m": 452.5, "pct_outside_400m": 40.6, "in_high_gap_ward": true, "need_score": 734.7, "need_band": "priority", "recommendation": "Road segment farther than 400m from a GTFS stop — mid-block stops or a short feeder may help. Field-verify boarding demand.", "rank": 98, "source_kind": "osm_roads" }, "geometry": { "type": "LineString", "coordinates": [ [ 80.2308471, 12.9855409 ], [ 80.2308097, 12.9855582 ], [ 80.2306584, 12.9856042 ], [ 80.2305427, 12.9856295 ], [ 80.2303928, 12.9856589 ], [ 80.2299023, 12.9857031 ], [ 80.229845499999982, 12.9857119 ], [ 80.2296926, 12.9857334 ], [ 80.22908, 12.9857575 ], [ 80.228859799999981, 12.9857723 ], [ 80.228682099999986, 12.9857875 ], [ 80.2281449, 12.9858832 ], [ 80.227840299999983, 12.9859739 ], [ 80.227751, 12.9860005 ], [ 80.227654, 12.9860201 ], [ 80.2275176, 12.9860541 ], [ 80.2271697, 12.9861121 ], [ 80.227112599999984, 12.9861207 ], [ 80.226846965047756, 12.986155824225543 ] ] } },
{ "type": "Feature", "properties": { "road_name": "Vadaperumbakkam - Chettimedu Nair Road (O7396)", "highway": "tertiary", "ref": "O7396", "length_m": 1694.9, "unmet_length_m": 476.6, "pct_outside_400m": 28.1, "in_high_gap_ward": true, "need_score": 733.9, "need_band": "watch", "recommendation": "Partial coverage gap along this road — field-check before capital works.", "rank": 99, "source_kind": "osm_roads" }, "geometry": { "type": "LineString", "coordinates": [ [ 80.218264998942075, 13.177955413784302 ], [ 80.2184196, 13.1781354 ], [ 80.21846, 13.178212 ], [ 80.2185323, 13.1784392 ], [ 80.218591, 13.1795073 ], [ 80.2186679, 13.1796835 ], [ 80.218769499999979, 13.1798066 ], [ 80.2188736, 13.1799345 ], [ 80.2190964, 13.1801277 ], [ 80.2195996, 13.1806963 ], [ 80.2196848, 13.1807917 ], [ 80.219778099999985, 13.1808494 ], [ 80.2198867, 13.1808729 ], [ 80.2200717, 13.1808763 ], [ 80.220136, 13.1808775 ], [ 80.2202042, 13.1809245 ], [ 80.2202323, 13.180977 ], [ 80.220236899999989, 13.1810026 ], [ 80.2202467, 13.1810579 ], [ 80.220229270893171, 13.181236416352245 ] ] } },
{ "type": "Feature", "properties": { "road_name": "ELCOT Back Gate Road", "highway": "tertiary", "ref": "", "length_m": 1675.6, "unmet_length_m": 616.5, "pct_outside_400m": 36.8, "in_high_gap_ward": false, "need_score": 729.9, "need_band": "priority", "recommendation": "Partial coverage gap along this road — field-check before capital works.", "rank": 100, "source_kind": "osm_roads" }, "geometry": { "type": "LineString", "coordinates": [ [ 80.220638599999987, 12.9143614 ], [ 80.2206923, 12.9145849 ], [ 80.2207275, 12.9146277 ], [ 80.2207711, 12.9146562 ], [ 80.2208296, 12.9146765 ], [ 80.220914399999984, 12.9146797 ], [ 80.2215757, 12.9145161 ], [ 80.223592499999981, 12.9140291 ], [ 80.2241636, 12.9138974 ], [ 80.224292799999986, 12.9138676 ], [ 80.2244513, 12.9138199 ], [ 80.224592, 12.9137084 ], [ 80.2251574, 12.9131542 ], [ 80.22545097399032, 12.912864285027954 ] ] } },
{ "type": "Feature", "properties": { "road_name": "Chennai Bypass", "highway": "trunk", "ref": "", "length_m": 6661.8, "unmet_length_m": 519.2, "pct_outside_400m": 7.8, "in_high_gap_ward": true, "need_score": 728.3, "need_band": "priority", "recommendation": "Partial coverage gap along this road — field-check before capital works.", "rank": 101, "source_kind": "osm_roads" }, "geometry": { "type": "LineString", "coordinates": [ [ 80.167311967387789, 13.124324114431797 ], [ 80.1685247, 13.1267824 ], [ 80.169317858494708, 13.128425083330946 ] ] } },
{ "type": "Feature", "properties": { "road_name": "Kalaingar Karunanidhi Salai (SHN14)", "highway": "primary", "ref": "SHN14", "length_m": 3094.1, "unmet_length_m": 497.7, "pct_outside_400m": 16.1, "in_high_gap_ward": true, "need_score": 725.9, "need_band": "watch", "recommendation": "Partial coverage gap along this road — field-check before capital works.", "rank": 102, "source_kind": "osm_roads" }, "geometry": { "type": "LineString", "coordinates": [ [ 80.2391396, 12.8994176 ], [ 80.2398044, 12.8992835 ], [ 80.240188, 12.8991563 ], [ 80.2406764, 12.8990311 ], [ 80.2411392, 12.898919 ], [ 80.2412538, 12.8988985 ], [ 80.2414794, 12.8988581 ], [ 80.2430423, 12.8985782 ], [ 80.2433961, 12.8985148 ], [ 80.243504524273021, 12.898495376166437 ] ] } },
{ "type": "Feature", "properties": { "road_name": "Vanniyar Street", "highway": "tertiary", "ref": "", "length_m": 357.1, "unmet_length_m": 357.1, "pct_outside_400m": 100.0, "in_high_gap_ward": true, "need_score": 723.0, "need_band": "urgent", "recommendation": "Road segment farther than 400m from a GTFS stop — mid-block stops or a short feeder may help. Field-verify boarding demand.", "rank": 103, "source_kind": "osm_roads" }, "geometry": { "type": "LineString", "coordinates": [ [ 80.2260375, 13.0587124 ], [ 80.225384199999979, 13.0586969 ], [ 80.2248419, 13.0586384 ], [ 80.2246658, 13.0586296 ], [ 80.2242153, 13.0585103 ], [ 80.222879399999982, 13.0582358 ] ] } },
{ "type": "Feature", "properties": { "road_name": "Panchayat Main Road", "highway": "tertiary", "ref": "", "length_m": 1163.7, "unmet_length_m": 448.4, "pct_outside_400m": 38.5, "in_high_gap_ward": true, "need_score": 721.9, "need_band": "priority", "recommendation": "Partial coverage gap along this road — field-check before capital works.", "rank": 104, "source_kind": "osm_roads" }, "geometry": { "type": "LineString", "coordinates": [ [ 80.2393942, 12.9548797 ], [ 80.239605, 12.9557076 ], [ 80.23968379999998, 12.9557442 ], [ 80.239942, 12.9558024 ], [ 80.2400345, 12.9559001 ], [ 80.2401212, 12.9561761 ], [ 80.240190499999983, 12.956469 ], [ 80.240214, 12.9567108 ], [ 80.2402448, 12.9570273 ], [ 80.2402507, 12.9570875 ], [ 80.240260699999979, 12.9571902 ], [ 80.2402698, 12.957284 ], [ 80.2402863, 12.9574534 ], [ 80.2402875, 12.9574658 ], [ 80.2403154, 12.9577321 ], [ 80.240345, 12.9579924 ], [ 80.2403768, 12.958238 ], [ 80.240397, 12.9584654 ] ] } },
{ "type": "Feature", "properties": { "road_name": "Grand Southern Trunk Road (SHU88)", "highway": "trunk", "ref": "SHU88", "length_m": 2084.5, "unmet_length_m": 473.3, "pct_outside_400m": 22.7, "in_high_gap_ward": true, "need_score": 711.5, "need_band": "watch", "recommendation": "Partial coverage gap along this road — field-check before capital works.", "rank": 105, "source_kind": "osm_roads" }, "geometry": { "type": "LineString", "coordinates": [ [ 80.172582333490865, 12.984920344088133 ], [ 80.1710618, 12.9839195 ], [ 80.168994258072473, 12.982700087871908 ] ] } },
{ "type": "Feature", "properties": { "road_name": "ELCOT Back Gate Road", "highway": "tertiary", "ref": "", "length_m": 1675.6, "unmet_length_m": 601.5, "pct_outside_400m": 35.9, "in_high_gap_ward": false, "need_score": 709.5, "need_band": "priority", "recommendation": "Partial coverage gap along this road — field-check before capital works.", "rank": 106, "source_kind": "osm_roads" }, "geometry": { "type": "LineString", "coordinates": [ [ 80.225469389850829, 12.91274498457491 ], [ 80.2252644, 12.9129486 ], [ 80.2248406, 12.9133564 ], [ 80.224428499999988, 12.9137383 ], [ 80.224334, 12.9137787 ], [ 80.2241471, 12.9138218 ], [ 80.2239971, 12.9138564 ], [ 80.2209936, 12.9145776 ], [ 80.220915199999979, 12.9145857 ], [ 80.2208482, 12.9145605 ], [ 80.2207981, 12.9145063 ], [ 80.2207622, 12.914336 ] ] } },
{ "type": "Feature", "properties": { "road_name": "Poothapedu Road (O1691)", "highway": "tertiary", "ref": "O1691", "length_m": 1521.7, "unmet_length_m": 580.5, "pct_outside_400m": 38.2, "in_high_gap_ward": false, "need_score": 691.3, "need_band": "priority", "recommendation": "Partial coverage gap along this road — field-check before capital works.", "rank": 107, "source_kind": "osm_roads" }, "geometry": { "type": "LineString", "coordinates": [ [ 80.171637337930989, 13.031947971387842 ], [ 80.1716442, 13.0319958 ], [ 80.171670299999988, 13.0321939 ], [ 80.1717691, 13.0323351 ], [ 80.171833699999979, 13.0325095 ], [ 80.1718787, 13.0326914 ], [ 80.1719091, 13.0328765 ], [ 80.171980099999985, 13.0333521 ], [ 80.1716009, 13.0334072 ], [ 80.1713397, 13.0335046 ], [ 80.1711789, 13.0336547 ], [ 80.171060899999986, 13.033851 ], [ 80.1710683, 13.034036 ], [ 80.1710985, 13.0344772 ], [ 80.1703747, 13.0346998 ], [ 80.1702831, 13.034728 ], [ 80.169605099999984, 13.0350541 ], [ 80.1694047, 13.0351962 ], [ 80.169331400196924, 13.035254694706467 ] ] } },
{ "type": "Feature", "properties": { "road_name": "VGN lakshmi Nagar Main Road", "highway": "tertiary", "ref": "", "length_m": 336.3, "unmet_length_m": 336.3, "pct_outside_400m": 100.0, "in_high_gap_ward": true, "need_score": 680.9, "need_band": "urgent", "recommendation": "Road segment farther than 400m from a GTFS stop — mid-block stops or a short feeder may help. Field-verify boarding demand.", "rank": 108, "source_kind": "osm_roads" }, "geometry": { "type": "LineString", "coordinates": [ [ 80.15831679999998, 13.0151807 ], [ 80.1583195, 13.0152527 ], [ 80.158321299999983, 13.0152998 ], [ 80.1583211, 13.0154169 ], [ 80.158412, 13.0159473 ], [ 80.1585131, 13.0164355 ], [ 80.158607299999986, 13.0167881 ], [ 80.1586851, 13.0170637 ], [ 80.1586711, 13.017456 ], [ 80.1587339, 13.0177944 ], [ 80.1587526, 13.018013 ], [ 80.158769, 13.018076 ] ] } },
{ "type": "Feature", "properties": { "road_name": "pattaraiwalkam service road", "highway": "tertiary", "ref": "", "length_m": 1311.0, "unmet_length_m": 558.9, "pct_outside_400m": 42.6, "in_high_gap_ward": false, "need_score": 678.0, "need_band": "priority", "recommendation": "Road segment farther than 400m from a GTFS stop — mid-block stops or a short feeder may help. Field-verify boarding demand.", "rank": 109, "source_kind": "osm_roads" }, "geometry": { "type": "LineString", "coordinates": [ [ 80.1675508674399, 13.124067480094897 ], [ 80.168304699999979, 13.1256415 ], [ 80.1688031, 13.1266823 ], [ 80.1689775, 13.1270464 ], [ 80.1690818, 13.1272642 ], [ 80.1694834, 13.1280212 ], [ 80.169723228844731, 13.12847438916244 ] ] } },
{ "type": "Feature", "properties": { "road_name": "Unnamed tertiary (OSM 29200643)", "highway": "tertiary", "ref": "", "length_m": 534.3, "unmet_length_m": 371.5, "pct_outside_400m": 69.5, "in_high_gap_ward": true, "need_score": 675.8, "need_band": "urgent", "recommendation": "Road segment farther than 400m from a GTFS stop — mid-block stops or a short feeder may help. Field-verify boarding demand.", "rank": 110, "source_kind": "osm_roads" }, "geometry": { "type": "LineString", "coordinates": [ [ 80.302130892106874, 13.174960005969659 ], [ 80.302154099999981, 13.1752323 ], [ 80.3014674, 13.1753875 ], [ 80.3015426, 13.1757258 ], [ 80.3015718, 13.1759154 ], [ 80.301579, 13.1760059 ], [ 80.300599599999984, 13.1763585 ], [ 80.299982499999984, 13.1765909 ] ] } },
{ "type": "Feature", "properties": { "road_name": "Chennai Bypass", "highway": "trunk", "ref": "", "length_m": 6661.8, "unmet_length_m": 482.9, "pct_outside_400m": 7.2, "in_high_gap_ward": true, "need_score": 675.5, "need_band": "watch", "recommendation": "Partial coverage gap along this road — field-check before capital works.", "rank": 111, "source_kind": "osm_roads" }, "geometry": { "type": "LineString", "coordinates": [ [ 80.198267011925509, 13.144574871249045 ], [ 80.1991598, 13.1453037 ], [ 80.2000136, 13.1457606 ], [ 80.202076420378944, 13.146500892573426 ] ] } },
{ "type": "Feature", "properties": { "road_name": "Unnamed tertiary (OSM 386495633)", "highway": "tertiary", "ref": "", "length_m": 551.2, "unmet_length_m": 370.9, "pct_outside_400m": 67.3, "in_high_gap_ward": true, "need_score": 669.3, "need_band": "urgent", "recommendation": "Road segment farther than 400m from a GTFS stop — mid-block stops or a short feeder may help. Field-verify boarding demand.", "rank": 112, "source_kind": "osm_roads" }, "geometry": { "type": "LineString", "coordinates": [ [ 80.198786528657436, 13.144598099225165 ], [ 80.1988186, 13.1446254 ], [ 80.1990401, 13.144814 ], [ 80.1993362, 13.1450334 ], [ 80.1994442, 13.1450946 ], [ 80.199769099999983, 13.1452786 ], [ 80.200034299999984, 13.1454036 ], [ 80.200317, 13.1455368 ], [ 80.2008692, 13.1457433 ], [ 80.20151869999998, 13.1459627 ], [ 80.2016115, 13.1459952 ], [ 80.2017396, 13.1460401 ] ] } },
{ "type": "Feature", "properties": { "road_name": "Blue Beach Road", "highway": "tertiary", "ref": "", "length_m": 763.5, "unmet_length_m": 393.1, "pct_outside_400m": 51.5, "in_high_gap_ward": true, "need_score": 667.2, "need_band": "priority", "recommendation": "Road segment farther than 400m from a GTFS stop — mid-block stops or a short feeder may help. Field-verify boarding demand.", "rank": 113, "source_kind": "osm_roads" }, "geometry": { "type": "LineString", "coordinates": [ [ 80.2603024, 12.9424213 ], [ 80.259992, 12.9424839 ], [ 80.2599202, 12.9424984 ], [ 80.2598558, 12.9425141 ], [ 80.259807899999984, 12.9425297 ], [ 80.2597955, 12.9425337 ], [ 80.2597472, 12.9425546 ], [ 80.2596694, 12.9425847 ], [ 80.2596144, 12.9426017 ], [ 80.2595313, 12.9426187 ], [ 80.259055, 12.9426992 ], [ 80.2586932, 12.9427607 ], [ 80.2585775, 12.9427794 ], [ 80.2584695, 12.9427976 ], [ 80.258262, 12.9428274 ], [ 80.2581422, 12.9428446 ], [ 80.2581088, 12.9428488 ], [ 80.2580204, 12.9428598 ], [ 80.2579496, 12.9428687 ], [ 80.2578568, 12.9428774 ], [ 80.2576148, 12.9429 ], [ 80.2575905, 12.9429023 ], [ 80.2573156, 12.9429272 ], [ 80.2570957, 12.9429416 ], [ 80.256824504994256, 12.942958044230032 ] ] } },
{ "type": "Feature", "properties": { "road_name": "Ramakrishna Link Road", "highway": "tertiary", "ref": "", "length_m": 557.5, "unmet_length_m": 367.1, "pct_outside_400m": 65.8, "in_high_gap_ward": true, "need_score": 658.7, "need_band": "urgent", "recommendation": "Road segment farther than 400m from a GTFS stop — mid-block stops or a short feeder may help. Field-verify boarding demand.", "rank": 114, "source_kind": "osm_roads" }, "geometry": { "type": "LineString", "coordinates": [ [ 80.203140299999987, 13.1138372 ], [ 80.202904, 13.1145134 ], [ 80.202628599999983, 13.1150343 ], [ 80.2023027, 13.115698 ], [ 80.202213499999985, 13.1159134 ], [ 80.2019638, 13.1164463 ], [ 80.201725843185201, 13.116718821242785 ] ] } },
{ "type": "Feature", "properties": { "road_name": "Old Napalayam Road (O2461)", "highway": "tertiary", "ref": "O2461", "length_m": 805.2, "unmet_length_m": 386.5, "pct_outside_400m": 48.0, "in_high_gap_ward": true, "need_score": 647.1, "need_band": "priority", "recommendation": "Road segment farther than 400m from a GTFS stop — mid-block stops or a short feeder may help. Field-verify boarding demand.", "rank": 115, "source_kind": "osm_roads" }, "geometry": { "type": "LineString", "coordinates": [ [ 80.277505461351041, 13.22571035835624 ], [ 80.2777424, 13.2257285 ], [ 80.2778188, 13.2254026 ], [ 80.277920699999981, 13.225098 ], [ 80.2780844, 13.2248961 ], [ 80.2781646, 13.22479 ], [ 80.278277099999983, 13.2247153 ], [ 80.278425399999989, 13.2246624 ], [ 80.278651, 13.2245437 ], [ 80.2788631, 13.2242656 ], [ 80.2790324, 13.2240602 ], [ 80.2792321, 13.2238336 ], [ 80.2793577, 13.2237068 ], [ 80.279492599999983, 13.2236032 ], [ 80.279636599999989, 13.223518 ], [ 80.2797786, 13.2234508 ] ] } },
{ "type": "Feature", "properties": { "road_name": "INTUC nagar joint road", "highway": "tertiary", "ref": "", "length_m": 311.3, "unmet_length_m": 311.3, "pct_outside_400m": 100.0, "in_high_gap_ward": true, "need_score": 630.4, "need_band": "urgent", "recommendation": "Road segment farther than 400m from a GTFS stop — mid-block stops or a short feeder may help. Field-verify boarding demand.", "rank": 116, "source_kind": "osm_roads" }, "geometry": { "type": "LineString", "coordinates": [ [ 80.202114, 13.1466711 ], [ 80.2018878, 13.1467233 ], [ 80.2016115, 13.1467651 ], [ 80.2013648, 13.1467964 ], [ 80.2009517, 13.1469192 ], [ 80.200726399999979, 13.1469845 ], [ 80.200428599999981, 13.1470916 ], [ 80.2003155, 13.147172 ], [ 80.1998949, 13.1473319 ], [ 80.1996079, 13.1474572 ], [ 80.199557, 13.1474807 ], [ 80.1994743, 13.1475127 ] ] } },
{ "type": "Feature", "properties": { "road_name": "200 Feet Bypass Road", "highway": "tertiary", "ref": "", "length_m": 1272.6, "unmet_length_m": 396.0, "pct_outside_400m": 31.1, "in_high_gap_ward": true, "need_score": 617.8, "need_band": "watch", "recommendation": "Partial coverage gap along this road — field-check before capital works.", "rank": 117, "source_kind": "osm_roads" }, "geometry": { "type": "LineString", "coordinates": [ [ 80.160837044476594, 13.070245364350001 ], [ 80.1608542, 13.0711882 ], [ 80.1608623, 13.0716519 ], [ 80.160863699999979, 13.0718102 ], [ 80.160879199999982, 13.0726671 ], [ 80.160896787148602, 13.073710038567514 ] ] } },
{ "type": "Feature", "properties": { "road_name": "Taramani Link Road", "highway": "tertiary", "ref": "", "length_m": 2414.7, "unmet_length_m": 419.8, "pct_outside_400m": 17.4, "in_high_gap_ward": true, "need_score": 616.0, "need_band": "watch", "recommendation": "Partial coverage gap along this road — field-check before capital works.", "rank": 118, "source_kind": "osm_roads" }, "geometry": { "type": "LineString", "coordinates": [ [ 80.234812134784235, 12.97761368761522 ], [ 80.2346952, 12.9775508 ], [ 80.234306099999984, 12.9773607 ], [ 80.2340815, 12.9772358 ], [ 80.233880899999988, 12.977102 ], [ 80.2335508, 12.9768618 ], [ 80.233223599999988, 12.976636 ], [ 80.233145599999986, 12.9766312 ], [ 80.2331862, 12.9766913 ], [ 80.2338425, 12.9771383 ], [ 80.2342151, 12.9773754 ], [ 80.2345477, 12.9775584 ], [ 80.234644332657453, 12.977605108126486 ] ] } },
{ "type": "Feature", "properties": { "road_name": "Unnamed tertiary (OSM 33072773)", "highway": "tertiary", "ref": "", "length_m": 1111.7, "unmet_length_m": 502.1, "pct_outside_400m": 45.2, "in_high_gap_ward": false, "need_score": 615.5, "need_band": "priority", "recommendation": "Road segment farther than 400m from a GTFS stop — mid-block stops or a short feeder may help. Field-verify boarding demand.", "rank": 119, "source_kind": "osm_roads" }, "geometry": { "type": "LineString", "coordinates": [ [ 80.2969364, 13.1661364 ], [ 80.2968812, 13.1654302 ], [ 80.2968703, 13.1652967 ], [ 80.296855699999981, 13.1650063 ], [ 80.296850699999979, 13.1649461 ], [ 80.2967159, 13.1649518 ], [ 80.2966958, 13.1649508 ], [ 80.296683299999984, 13.1649444 ], [ 80.2966764, 13.164934 ], [ 80.2966727, 13.1649057 ], [ 80.2966653, 13.164708 ], [ 80.2966652, 13.1647016 ], [ 80.296661, 13.1644732 ], [ 80.2966744, 13.1642655 ], [ 80.296674899999985, 13.1642377 ], [ 80.296683099999981, 13.1637473 ], [ 80.2966875, 13.163485 ], [ 80.2966887, 13.1634155 ], [ 80.296689699999988, 13.163358 ], [ 80.296703899999983, 13.1632574 ], [ 80.2967393, 13.1631453 ], [ 80.2967887, 13.1630222 ], [ 80.2968099, 13.1629695 ], [ 80.2968239, 13.1628892 ], [ 80.2968273, 13.1628095 ], [ 80.296821899999983, 13.1627344 ], [ 80.296809499999981, 13.1626427 ], [ 80.296744299999986, 13.1622799 ], [ 80.296694909877459, 13.161943703375972 ] ] } },
{ "type": "Feature", "properties": { "road_name": "Unnamed tertiary (OSM 386499098)", "highway": "tertiary", "ref": "", "length_m": 408.6, "unmet_length_m": 408.6, "pct_outside_400m": 100.0, "in_high_gap_ward": false, "need_score": 612.8, "need_band": "urgent", "recommendation": "Road segment farther than 400m from a GTFS stop — mid-block stops or a short feeder may help. Field-verify boarding demand.", "rank": 120, "source_kind": "osm_roads" }, "geometry": { "type": "LineString", "coordinates": [ [ 80.1867227, 13.1388224 ], [ 80.1869486, 13.1388914 ], [ 80.187266099999988, 13.1390229 ], [ 80.1876294, 13.1391733 ], [ 80.187774, 13.1392544 ], [ 80.188134, 13.1394199 ], [ 80.1883723, 13.1395374 ], [ 80.188723399999986, 13.1397105 ], [ 80.1891722, 13.1399318 ], [ 80.190067, 13.1402836 ] ] } }
]
}
