{
"type": "FeatureCollection",
"name": "sir_chennai_ac_electors",
"crs": { "type": "name", "properties": { "name": "urn:ogc:def:crs:OGC:1.3:CRS84" } },
"features": [
{ "type": "Feature", "properties": { "ac_no": 2, "ac_name": "Ponneri", "district": "Thiruvallur", "male": 122296.0, "female": 129066.0, "third_gender": 35.0, "electors_total": 251397.0, "source": "OpenCity CKAN — TN SIR voter rolls 2026 (AC electors 06.04.2026) + Chennai AC map 2021", "metric": "registered_electors_18plus_not_total_population", "note": "SIR electors at assembly constituency level. Not GCC ward households; not total population (excludes under-18). Includes ACs on the OpenCity Chennai AC map (Chennai district + some adjoining ACs). Boundaries are 2021." }, "geometry": { "type": "Polygon", "coordinates": [ [ [ 80.303637581318796, 13.473127134399199 ], [ 80.305827841966504, 13.4686219185899 ], [ 80.306423836428294, 13.467713673141301 ], [ 80.307186041675493, 13.4668461539716 ], [ 80.310696511380399, 13.4635705783953 ], [ 80.311260053304196, 13.4629651735747 ], [ 80.311703390761593, 13.462635328176599 ], [ 80.313269271082802, 13.461189525980799 ], [ 80.3134585559946, 13.461108230585801 ], [ 80.313532535851493, 13.460963620045799 ], [ 80.3137079965894, 13.4608732876652 ], [ 80.315906695112602, 13.458478597881699 ], [ 80.316262394727403, 13.457918248221199 ], [ 80.317089141232799, 13.456964871228999 ], [ 80.317324842993699, 13.45644069167 ], [ 80.325034393171194, 13.4444072487917 ], [ 80.325260666214803, 13.444032167401099 ], [ 80.326018497564903, 13.441682190755801 ], [ 80.326120415925502, 13.439951278574901 ], [ 80.326370278728504, 13.437908492314 ], [ 80.327257629176202, 13.433895433131999 ], [ 80.327511809282498, 13.4323924021969 ], [ 80.3275146353824, 13.4323756927619 ], [ 80.327632109868802, 13.431681032183899 ], [ 80.327669200408494, 13.430989493239 ], [ 80.327733818023503, 13.4308945955899 ], [ 80.327687724567994, 13.430713812013 ], [ 80.327960550106297, 13.428802136138501 ], [ 80.328071695961398, 13.4271887759064 ], [ 80.328215027554904, 13.426262262894699 ], [ 80.328275528191, 13.424346014068099 ], [ 80.328367922612898, 13.4240523106546 ], [ 80.328354609580401, 13.421512353947101 ], [ 80.328428716099793, 13.420260514921999 ], [ 80.328511900095094, 13.419871816250801 ], [ 80.328531348620999, 13.4155964563437 ], [ 80.328591315657803, 13.415497041164199 ], [ 80.328633178048307, 13.414281292242899 ], [ 80.328929343614305, 13.411018288426201 ], [ 80.329179558557001, 13.4067384411132 ], [ 80.329396437917694, 13.405177357869899 ], [ 80.329410675316595, 13.405074883431899 ], [ 80.329586417227205, 13.4038098973913 ], [ 80.330071602702105, 13.401934427806999 ], [ 80.331148608167595, 13.3951056846079 ], [ 80.3319526317879, 13.391738897883901 ], [ 80.332223510676997, 13.3902300102922 ], [ 80.332248856642707, 13.3900888264083 ], [ 80.332484043668899, 13.3887787356049 ], [ 80.333066187905601, 13.3861710522382 ], [ 80.333703947739906, 13.382514985836099 ], [ 80.333824048001802, 13.382284439613301 ], [ 80.334013550305997, 13.3811863274272 ], [ 80.335177645641593, 13.376680557626701 ], [ 80.337366882209807, 13.369870117423099 ], [ 80.337782591082302, 13.368225145224899 ], [ 80.337898072206997, 13.368044385327799 ], [ 80.338267725353205, 13.3658162682318 ], [ 80.338623360289304, 13.364338526301999 ], [ 80.338720363068603, 13.3641757598085 ], [ 80.338969846782604, 13.3629465691949 ], [ 80.3392147266308, 13.361084553860399 ], [ 80.339320945226603, 13.360867648655001 ], [ 80.3392886687584, 13.3607681881467 ], [ 80.339418001904804, 13.360234947707999 ], [ 80.339745876203693, 13.359493831624199 ], [ 80.340055792281802, 13.355308771260701 ], [ 80.340767205884504, 13.3516210267559 ], [ 80.341023203282603, 13.3506691169531 ], [ 80.341052371579906, 13.350560654012799 ], [ 80.3419910778142, 13.347070053642099 ], [ 80.3428872506163, 13.342026519956899 ], [ 80.344148747583304, 13.3324679301552 ], [ 80.344116498064594, 13.331966295215301 ], [ 80.344185707867396, 13.3318803828155 ], [ 80.344170979089895, 13.331680568144099 ], [ 80.344166473140504, 13.3316194383336 ], [ 80.344162720877506, 13.3315685329428 ], [ 80.3442366207844, 13.3314330270182 ], [ 80.344980737555005, 13.323709269224601 ], [ 80.345360056573597, 13.3176034711803 ], [ 80.345660284321397, 13.3164420298358 ], [ 80.345766352000197, 13.3164058841038 ], [ 80.345757194574205, 13.316184473566301 ], [ 80.345868005357801, 13.3160081897823 ], [ 80.346371202054101, 13.3143315310401 ], [ 80.346463697985598, 13.3134547459484 ], [ 80.346546728369006, 13.3132739957725 ], [ 80.346537977879805, 13.310132964043 ], [ 80.346372202777303, 13.307263068842699 ], [ 80.345717851059703, 13.300876900944701 ], [ 80.345529264138904, 13.2968589909683 ], [ 80.345626979282201, 13.295333903691301 ], [ 80.345632725805103, 13.295244221689 ], [ 80.345667969408694, 13.294694155379601 ], [ 80.345700707610902, 13.2920050953143 ], [ 80.345576393351905, 13.2902018127664 ], [ 80.3455214505925, 13.286970302121899 ], [ 80.345360234440093, 13.2853206630204 ], [ 80.345360809361793, 13.281302858166301 ], [ 80.345268665569904, 13.279892706595 ], [ 80.345070522371103, 13.278645309777501 ], [ 80.344886020988099, 13.2779357657395 ], [ 80.343802131732602, 13.2749662857458 ], [ 80.342958038758994, 13.273357201598699 ], [ 80.341717134771599, 13.271409116567501 ], [ 80.340605521709804, 13.2690090490694 ], [ 80.340282677078207, 13.2681232159925 ], [ 80.339093014791203, 13.2638565651798 ], [ 80.338244390715303, 13.262007908596701 ], [ 80.3380230898468, 13.260864482208801 ], [ 80.337993959278705, 13.260543250866 ], [ 80.337989357209594, 13.260492506297 ], [ 80.337903409098104, 13.2595447396167 ], [ 80.337470081568, 13.257375328850699 ], [ 80.336635467617299, 13.2545233930691 ], [ 80.336289739302103, 13.2528330143458 ], [ 80.336196134849502, 13.2513463199027 ], [ 80.336384116305894, 13.2503909207941 ], [ 80.336278150136593, 13.249645177941501 ], [ 80.336241259022898, 13.249346850780499 ], [ 80.336052325352298, 13.248528806165501 ], [ 80.335669773296999, 13.246558256992399 ], [ 80.335420948946407, 13.244800091235099 ], [ 80.3351490495712, 13.2429063320438 ], [ 80.335066135070505, 13.242124487289701 ], [ 80.334951067170806, 13.2410125948482 ], [ 80.334849714748799, 13.2399098273336 ], [ 80.334739210290806, 13.2390782120408 ], [ 80.334623896252694, 13.238630829406 ], [ 80.334480978782594, 13.238282734662899 ], [ 80.334227295444705, 13.237916590880801 ], [ 80.334029025583405, 13.2376680324237 ], [ 80.333609255427504, 13.237202410598 ], [ 80.333392471288207, 13.2369854286134 ], [ 80.333143367561604, 13.2367910850444 ], [ 80.332866622673706, 13.2366418393056 ], [ 80.332460670403606, 13.2364203070571 ], [ 80.332086987414996, 13.2362711013159 ], [ 80.331884083145198, 13.236171615905301 ], [ 80.331881925391897, 13.235440511575501 ], [ 80.3313629219398, 13.2353851673909 ], [ 80.3307585803325, 13.235208757609399 ], [ 80.330126549953107, 13.23509565825 ], [ 80.329540639978703, 13.2350457915744 ], [ 80.328927166098097, 13.234760928016 ], [ 80.328359795554505, 13.2344128872056 ], [ 80.327331166163702, 13.2337211842631 ], [ 80.326205700181902, 13.2329887346517 ], [ 80.325057075632103, 13.232355733994901 ], [ 80.324462022604706, 13.2321070579323 ], [ 80.323068909872205, 13.231537295627501 ], [ 80.321394377419097, 13.2310216992681 ], [ 80.320794771729894, 13.230759425576201 ], [ 80.320135129833602, 13.230533259402 ], [ 80.319590820840006, 13.2302619798685 ], [ 80.318926507704205, 13.2300539393115 ], [ 80.318331505880906, 13.2298594284358 ], [ 80.317687368906405, 13.2296237261552 ], [ 80.317676466952094, 13.229619736801901 ], [ 80.317675376397304, 13.2295678988138 ], [ 80.317662773033902, 13.2289688810681 ], [ 80.3175939279472, 13.227698887955301 ], [ 80.317575660705899, 13.2270300135984 ], [ 80.317465097857294, 13.226446972597399 ], [ 80.316773334901399, 13.2253439939901 ], [ 80.315998618817204, 13.224403755410201 ], [ 80.315228476056205, 13.223436413423601 ], [ 80.314794969761294, 13.2229030091273 ], [ 80.313697538402906, 13.2212033160818 ], [ 80.312673847949497, 13.2195444219885 ], [ 80.311285898733303, 13.217523774246899 ], [ 80.310861616339693, 13.2169225712202 ], [ 80.310207630236505, 13.2160767460751 ], [ 80.310116049688204, 13.216029973945499 ], [ 80.310110987681597, 13.2160273888543 ], [ 80.305824691574799, 13.213838282570601 ], [ 80.303347486567503, 13.212847429668599 ], [ 80.300749900125695, 13.2126666763785 ], [ 80.298742294823001, 13.2126611807978 ], [ 80.297351818645893, 13.213262480029 ], [ 80.296613944268103, 13.213581567288401 ], [ 80.294779318556607, 13.215023748763199 ], [ 80.293001719695994, 13.217160744052601 ], [ 80.2905767292646, 13.218543370937001 ], [ 80.288155741726101, 13.218536643297901 ], [ 80.286147083598095, 13.2188783787988 ], [ 80.284668002991197, 13.219858362412999 ], [ 80.283896146244501, 13.221303430249399 ], [ 80.283772979134298, 13.2230397588296 ], [ 80.283768248605895, 13.224660641197 ], [ 80.283800049865306, 13.225428308802099 ], [ 80.283823410554305, 13.225992244684701 ], [ 80.284272308583198, 13.228339097672499 ], [ 80.284288719006895, 13.2284248901924 ], [ 80.282808049280206, 13.229925855204501 ], [ 80.280739561557596, 13.230498932026 ], [ 80.2777281185693, 13.230432549137101 ], [ 80.275310270642805, 13.229325812578701 ], [ 80.273130876915104, 13.2274671755974 ], [ 80.271129526581902, 13.225319584349901 ], [ 80.270757470442305, 13.2242483806276 ], [ 80.2706977818833, 13.2240765311441 ], [ 80.270485485727093, 13.223465300675601 ], [ 80.270562868402294, 13.222988898005999 ], [ 80.270786238091006, 13.221613711236699 ], [ 80.271735659429893, 13.2200534138439 ], [ 80.272682741555897, 13.2180583481674 ], [ 80.272397465367703, 13.216377703434601 ], [ 80.271654703256502, 13.212001885116401 ], [ 80.270807184108406, 13.20632836089 ], [ 80.270794524151199, 13.2062436109436 ], [ 80.271318283284302, 13.204374863038399 ], [ 80.271324275945602, 13.2043534807943 ], [ 80.271318251843297, 13.2043466688057 ], [ 80.270872455697003, 13.2038425723769 ], [ 80.270439103912395, 13.203268382576599 ], [ 80.269761062722395, 13.203268103589 ], [ 80.269147510688498, 13.2032361695706 ], [ 80.268483235281906, 13.203276541431601 ], [ 80.267210140166299, 13.2032941106492 ], [ 80.266559750019098, 13.203293764319801 ], [ 80.265295794363198, 13.203351982623101 ], [ 80.263893372389504, 13.2035908386167 ], [ 80.261974301448006, 13.2038927733949 ], [ 80.261337730983101, 13.2040145165711 ], [ 80.260156677251601, 13.204248953611399 ], [ 80.2594739917716, 13.2043390618371 ], [ 80.258376021423999, 13.204546424673101 ], [ 80.257665560933802, 13.2047720298585 ], [ 80.256982828741499, 13.2048395654088 ], [ 80.256516607600602, 13.2054720156643 ], [ 80.256041275746099, 13.2058785962104 ], [ 80.255344777770304, 13.205855629395501 ], [ 80.254067003330405, 13.2058053142137 ], [ 80.252766220341101, 13.205714255882 ], [ 80.251612991027102, 13.205804054847199 ], [ 80.249989122657695, 13.2060924522143 ], [ 80.249887995712896, 13.205446138271199 ], [ 80.249666858337704, 13.2048132594125 ], [ 80.249058093425901, 13.204718078016599 ], [ 80.248998744429997, 13.2034344509494 ], [ 80.249017538084104, 13.202824359065101 ], [ 80.249041314693002, 13.2015859909319 ], [ 80.248968176557497, 13.200347613021799 ], [ 80.248881457691596, 13.1986482587872 ], [ 80.248842242636201, 13.1986470378656 ], [ 80.248581564117103, 13.1986389225852 ], [ 80.243811852216595, 13.198918774975001 ], [ 80.238549001157693, 13.1994769412766 ], [ 80.238849742741706, 13.2015648367077 ], [ 80.238725474296899, 13.2021931036158 ], [ 80.238453581209896, 13.2027897969033 ], [ 80.238084727564299, 13.203178630780201 ], [ 80.237448319694494, 13.2035359376074 ], [ 80.236779578762693, 13.2038028679042 ], [ 80.2358939476904, 13.2038619860155 ], [ 80.235636995383203, 13.206717771587201 ], [ 80.234995945020003, 13.207002765853201 ], [ 80.234756096635806, 13.2070390214329 ], [ 80.234294832398703, 13.207070849132799 ], [ 80.234313512865, 13.207595099982001 ], [ 80.231794932354106, 13.2076543518564 ], [ 80.231675414200396, 13.2085769042477 ], [ 80.232732549830203, 13.210415898629901 ], [ 80.232728928721301, 13.212689193916001 ], [ 80.232364685229697, 13.2130915751729 ], [ 80.229514023609397, 13.213363885642501 ], [ 80.228047284956205, 13.213762174728499 ], [ 80.227678518447206, 13.214404085261201 ], [ 80.228084654872006, 13.2148829901054 ], [ 80.228693847381905, 13.215560671014501 ], [ 80.229958118346502, 13.2163194436373 ], [ 80.230396730665404, 13.2172141229576 ], [ 80.230844957652906, 13.219008172260301 ], [ 80.231168007100393, 13.2193289249457 ], [ 80.232432131639598, 13.219689970273 ], [ 80.234060814978903, 13.220331065908001 ], [ 80.234102488723295, 13.220688087021101 ], [ 80.233812553872099, 13.2222474219001 ], [ 80.234301858122507, 13.222965814744301 ], [ 80.234883429234003, 13.2236886881381 ], [ 80.233665902105301, 13.2244439427492 ], [ 80.231788742063401, 13.2253214863658 ], [ 80.230404870300305, 13.2254802228766 ], [ 80.230355815099202, 13.2294438134268 ], [ 80.230552281143403, 13.2357845389296 ], [ 80.230146310907003, 13.2357937407933 ], [ 80.228061294182993, 13.2362917051242 ], [ 80.226797914347301, 13.2379282402351 ], [ 80.226392213605394, 13.238606314414801 ], [ 80.224759849868306, 13.2405231869025 ], [ 80.223449598635995, 13.2404197306667 ], [ 80.222541020997994, 13.241093467714601 ], [ 80.222421167772794, 13.2413375630695 ], [ 80.223993039857007, 13.2265583357444 ], [ 80.219587658584501, 13.227039010288999 ], [ 80.215288370143696, 13.227542171194001 ], [ 80.211829017273402, 13.2290483063016 ], [ 80.211400060047097, 13.229251822303899 ], [ 80.210703579139306, 13.229577449827699 ], [ 80.209688902381501, 13.230251174888 ], [ 80.209075643198304, 13.231137185196101 ], [ 80.2089287542763, 13.233302054384501 ], [ 80.208601522272801, 13.234224127622801 ], [ 80.208384790235797, 13.234499882589001 ], [ 80.209566093698996, 13.2353672480798 ], [ 80.210000098558893, 13.236393026831401 ], [ 80.210069555398306, 13.237138716713201 ], [ 80.209308630250405, 13.2379569823604 ], [ 80.208727573873503, 13.2386305661989 ], [ 80.208691061848796, 13.2398011172131 ], [ 80.209955651715305, 13.241301177052501 ], [ 80.209923354585897, 13.241292149409 ], [ 80.208728438052802, 13.2411840616276 ], [ 80.206989385900997, 13.2418218469625 ], [ 80.205356342139297, 13.242174864057301 ], [ 80.203257185932799, 13.2420670206337 ], [ 80.202405937877998, 13.2418525945724 ], [ 80.198648815050504, 13.2466420406881 ], [ 80.195219745286707, 13.251351001422099 ], [ 80.196418653932895, 13.2522402060626 ], [ 80.196266545799105, 13.2527328676683 ], [ 80.196091367132198, 13.253221014675701 ], [ 80.195985417132604, 13.2537904962743 ], [ 80.195916396874395, 13.2544367956915 ], [ 80.195967625100096, 13.256099942961701 ], [ 80.196046316620695, 13.257003815392499 ], [ 80.195465041953199, 13.2571937849343 ], [ 80.195414720127602, 13.2587032961767 ], [ 80.195424530628799, 13.260750607845299 ], [ 80.195503317370793, 13.2619843988497 ], [ 80.195983757944305, 13.264085818324499 ], [ 80.196076240401197, 13.2647953477339 ], [ 80.195882885222801, 13.2662823000703 ], [ 80.195684784244705, 13.2673263472096 ], [ 80.195634407621895, 13.2686415202467 ], [ 80.195851525934501, 13.269558912166699 ], [ 80.195930271354001, 13.2706254818881 ], [ 80.195939854581397, 13.2718728490803 ], [ 80.1953259881371, 13.2711544187213 ], [ 80.194721482137993, 13.2708969673546 ], [ 80.193457229139796, 13.270829501703901 ], [ 80.1922991013125, 13.270771043349001 ], [ 80.192267136559707, 13.2719958216768 ], [ 80.190564529957399, 13.271860661020201 ], [ 80.187897579202499, 13.271653403575799 ], [ 80.186425730932001, 13.2717350942381 ], [ 80.185059992561193, 13.2717715570141 ], [ 80.183329731322701, 13.271735780581899 ], [ 80.183454218956498, 13.2713561202583 ], [ 80.182254468588894, 13.270877315121201 ], [ 80.181170078073507, 13.2704255965981 ], [ 80.180237953795299, 13.2699828819557 ], [ 80.179273518014696, 13.2694588195929 ], [ 80.178336779090898, 13.268975423964401 ], [ 80.177487699569198, 13.2684468137602 ], [ 80.175627986606798, 13.267014497334801 ], [ 80.174718890640904, 13.2662508770582 ], [ 80.174128212409002, 13.2657493236498 ], [ 80.173823602679306, 13.2652748363539 ], [ 80.173606593961196, 13.264479449870899 ], [ 80.173449529821994, 13.2634897184292 ], [ 80.173126386051393, 13.2625994418662 ], [ 80.172470980609901, 13.261338626621001 ], [ 80.172041731431193, 13.2604664458842 ], [ 80.171436952344294, 13.2584779866157 ], [ 80.170569566055406, 13.258478131761301 ], [ 80.169600663851199, 13.2584104991559 ], [ 80.168299573638095, 13.258351952999901 ], [ 80.167196877253701, 13.2582933709805 ], [ 80.166200302447294, 13.2582664036085 ], [ 80.165531294715805, 13.2581941909836 ], [ 80.164816288750202, 13.258980681214201 ], [ 80.164290406898104, 13.259532130367701 ], [ 80.163196937110101, 13.2595051640074 ], [ 80.161734363046506, 13.2594601655648 ], [ 80.158703112206297, 13.2594650646456 ], [ 80.157545052651002, 13.2594561609618 ], [ 80.156520797157299, 13.2594788726558 ], [ 80.155441174001098, 13.2594925486358 ], [ 80.154352321553702, 13.2594791043631 ], [ 80.153388053757993, 13.259583147939701 ], [ 80.153983147209601, 13.2588554557765 ], [ 80.152778972639197, 13.2590273148157 ], [ 80.151833177799006, 13.2592759738694 ], [ 80.150688984638506, 13.2595020503855 ], [ 80.149600148360705, 13.259655804330301 ], [ 80.148423652680904, 13.259859276383899 ], [ 80.147380961062595, 13.2601305229344 ], [ 80.146407469365599, 13.260343009286601 ], [ 80.145503179386594, 13.2604876946733 ], [ 80.144492760643203, 13.2605465131165 ], [ 80.143293185447106, 13.260713806785899 ], [ 80.141706050087905, 13.260903712223801 ], [ 80.140607971942501, 13.2610167541231 ], [ 80.139140788623195, 13.2611433651849 ], [ 80.137433687749507, 13.2613106523231 ], [ 80.136446329657801, 13.2612745298525 ], [ 80.135029884982401, 13.2611299489831 ], [ 80.134213234642402, 13.2609627491568 ], [ 80.133419647649106, 13.260583132333601 ], [ 80.132492259289094, 13.260045332658599 ], [ 80.131587942360596, 13.2593719462441 ], [ 80.1309927447044, 13.258477100877901 ], [ 80.130577490379494, 13.257604847795999 ], [ 80.129783912369305, 13.2568275060934 ], [ 80.129433264879694, 13.256542782568999 ], [ 80.129332434378895, 13.2564609084273 ], [ 80.129310327738096, 13.2564429583157 ], [ 80.128074086905301, 13.2565339032608 ], [ 80.127382016725605, 13.2567056362816 ], [ 80.126791448986495, 13.2568547717876 ], [ 80.126431565917301, 13.257207287042 ], [ 80.126279300578403, 13.2576592356095 ], [ 80.125822532409202, 13.257794811622 ], [ 80.125767152170297, 13.25845014227 ], [ 80.125633340922207, 13.258942766814799 ], [ 80.125185785874606, 13.2594896186308 ], [ 80.124239909287695, 13.260917763225001 ], [ 80.124281423132004, 13.261297403133501 ], [ 80.124096861561895, 13.261550491121699 ], [ 80.124217555610201, 13.2618579036413 ], [ 80.124240314427894, 13.261915868379001 ], [ 80.124281403368997, 13.2620205255866 ], [ 80.124369052889605, 13.2625357537546 ], [ 80.124313657379304, 13.2636068755778 ], [ 80.124087558608807, 13.2641944083004 ], [ 80.124073702993897, 13.2646870351949 ], [ 80.123912191295702, 13.2654869850835 ], [ 80.123972102636898, 13.2679184848168 ], [ 80.123983344154396, 13.268838243665201 ], [ 80.123985912437803, 13.269048365203 ], [ 80.123086181408794, 13.2689715069515 ], [ 80.123155369651997, 13.2696223186519 ], [ 80.123173787810202, 13.2707973929333 ], [ 80.123326036081195, 13.2713216613723 ], [ 80.123556718056307, 13.2720086339963 ], [ 80.1235889972194, 13.2726368468798 ], [ 80.123501292003297, 13.273866151749299 ], [ 80.123413604753395, 13.2744898413769 ], [ 80.1234274289273, 13.275068340627699 ], [ 80.123547354916099, 13.2764196776552 ], [ 80.123657399436695, 13.2771390148297 ], [ 80.123669609337995, 13.277218827391399 ], [ 80.12381492531, 13.2781687362365 ], [ 80.124465498713505, 13.2791946824356 ], [ 80.124963824744299, 13.2796059703669 ], [ 80.125688250443901, 13.279913313702 ], [ 80.125549795804105, 13.281156175185 ], [ 80.125323667389196, 13.2824487500072 ], [ 80.124857582792302, 13.284143556383601 ], [ 80.124539145295401, 13.286037221609901 ], [ 80.124414539982396, 13.286719664096401 ], [ 80.122679543724104, 13.2866879770766 ], [ 80.122137631435606, 13.286717264227001 ], [ 80.121175259983602, 13.2867692753788 ], [ 80.121936596559905, 13.2876370489092 ], [ 80.121396686616293, 13.288360149765101 ], [ 80.121622765623798, 13.2890290451633 ], [ 80.122051887241795, 13.289508128358399 ], [ 80.122393335983006, 13.2900188447407 ], [ 80.1225977233713, 13.290303634809799 ], [ 80.122720942583896, 13.290475325595301 ], [ 80.123048552778201, 13.290931805590899 ], [ 80.124072941222494, 13.2915329306358 ], [ 80.123994476975696, 13.2921837369286 ], [ 80.123786809838194, 13.2927622280995 ], [ 80.123634513058207, 13.2933452386136 ], [ 80.123348396945303, 13.293941806365901 ], [ 80.123362222017505, 13.2945338615661 ], [ 80.1234268072931, 13.295089762037099 ], [ 80.123634437599705, 13.2958671237638 ], [ 80.123103751557395, 13.2963371363797 ], [ 80.122868391156402, 13.296902067036401 ], [ 80.122969899885106, 13.2972500716946 ], [ 80.123758985420594, 13.29742635689 ], [ 80.124700350668107, 13.297543887567601 ], [ 80.124833411822905, 13.2980291259949 ], [ 80.125000270293697, 13.2986376154126 ], [ 80.125101780819094, 13.299062450589799 ], [ 80.124746447716902, 13.2994466004149 ], [ 80.124940251154598, 13.299844321054101 ], [ 80.124068061573894, 13.3008340703642 ], [ 80.123666578422302, 13.3012272559113 ], [ 80.122162173409194, 13.302203420415699 ], [ 80.121460728411193, 13.3027095798916 ], [ 80.121446862914794, 13.3032202815789 ], [ 80.121377624365905, 13.303694827567 ], [ 80.121294540981907, 13.304196489633 ], [ 80.118770264253797, 13.3050234498069 ], [ 80.117662718763597, 13.305344278721099 ], [ 80.115789109762005, 13.3059407470056 ], [ 80.114838452341203, 13.306320326981 ], [ 80.114838392154098, 13.307224226596199 ], [ 80.114229240966694, 13.307301019403999 ], [ 80.113989244360397, 13.3077303563509 ], [ 80.113320109966594, 13.307657997590301 ], [ 80.112821687815995, 13.3080556794001 ], [ 80.111797155641199, 13.3087516063534 ], [ 80.110851053577207, 13.309637355774701 ], [ 80.109517376078898, 13.309677922404299 ], [ 80.107652990978593, 13.3097817066819 ], [ 80.107204195357696, 13.3098174967348 ], [ 80.1071247223028, 13.3098238337093 ], [ 80.105954733120498, 13.309917128570699 ], [ 80.103361190894105, 13.3101609126066 ], [ 80.100103109156393, 13.3104181500871 ], [ 80.096632721381098, 13.3108018623003 ], [ 80.095852818424504, 13.3108107946967 ], [ 80.094371327637703, 13.3117054462216 ], [ 80.0937113488732, 13.3120895078145 ], [ 80.093272858725101, 13.3126137036126 ], [ 80.092991343783098, 13.312667896395601 ], [ 80.092686711595505, 13.313002293737499 ], [ 80.092359049299006, 13.3130519582103 ], [ 80.0910299397339, 13.313241571799001 ], [ 80.090178968360107, 13.313183961124601 ], [ 80.089959305120303, 13.3131690896781 ], [ 80.089414729327103, 13.313300066249001 ], [ 80.088810154157699, 13.3134671889252 ], [ 80.088307088615494, 13.313729235209999 ], [ 80.087808635023904, 13.313995800675 ], [ 80.087245592563406, 13.3141493679852 ], [ 80.086645632039605, 13.3142984069982 ], [ 80.0866371609265, 13.3142997208755 ], [ 80.086554538378294, 13.314312533582701 ], [ 80.085888770870099, 13.3144157808822 ], [ 80.084661161050605, 13.3146867304203 ], [ 80.083751921354306, 13.3152424613971 ], [ 80.083230381958202, 13.3155225721381 ], [ 80.081605810207904, 13.316150471244001 ], [ 80.080341250884103, 13.3165027430096 ], [ 80.079787412561998, 13.316724087693901 ], [ 80.079204836235604, 13.3168015156265 ], [ 80.079101094294998, 13.316815303764701 ], [ 80.078836712022095, 13.3168504406542 ], [ 80.077701422064294, 13.316931555754801 ], [ 80.076963094935707, 13.316655709929099 ], [ 80.076483161910303, 13.3165742564355 ], [ 80.075301747954299, 13.3165468838106 ], [ 80.0740833925788, 13.316614405802 ], [ 80.073331151444705, 13.316650392405601 ], [ 80.072089721942902, 13.3167133800944 ], [ 80.072033900631197, 13.316875735365199 ], [ 80.071923468038307, 13.317196927962801 ], [ 80.071904685164, 13.318530174708499 ], [ 80.071890714564802, 13.319045393872999 ], [ 80.072010251582995, 13.320916492165701 ], [ 80.072162171968898, 13.322466714244699 ], [ 80.071437598047297, 13.322520778945499 ], [ 80.071414373003904, 13.323135424572801 ], [ 80.071492681842102, 13.323736535268999 ], [ 80.071400255979199, 13.3242426969361 ], [ 80.070606353677206, 13.324694459422799 ], [ 80.071538202172604, 13.326317175708899 ], [ 80.071833181064093, 13.327912626027601 ], [ 80.072095889775696, 13.329377002744801 ], [ 80.072566264726404, 13.330927295600899 ], [ 80.073696921173905, 13.3312077623017 ], [ 80.0745600009394, 13.331045254064399 ], [ 80.075307714564403, 13.330819444416001 ], [ 80.076313878886594, 13.330584649569699 ], [ 80.076853887644901, 13.330440142367401 ], [ 80.077186196028094, 13.330372419692299 ], [ 80.077850784946605, 13.330359002075999 ], [ 80.078335359567106, 13.3304494927383 ], [ 80.078810682438402, 13.3306439291493 ], [ 80.079175229560505, 13.330883536787301 ], [ 80.079498229600702, 13.3311909269663 ], [ 80.079927368286604, 13.3315480543523 ], [ 80.0806656172619, 13.332434021028201 ], [ 80.081177702787897, 13.3334329314083 ], [ 80.081542166366603, 13.3341244830701 ], [ 80.082266845391203, 13.333704310684 ], [ 80.082967911300202, 13.3359913057831 ], [ 80.083157007565802, 13.336651187998701 ], [ 80.083198413612195, 13.337324598400301 ], [ 80.082995150914499, 13.3382826916146 ], [ 80.082699568355096, 13.3392950010631 ], [ 80.082256300966407, 13.340262086826099 ], [ 80.081517626189694, 13.3413240239238 ], [ 80.081152879641607, 13.341961199849999 ], [ 80.080871171561796, 13.342779171408299 ], [ 80.080866399710999, 13.3435384450472 ], [ 80.080877228901798, 13.3435784999084 ], [ 80.081152339754098, 13.344596061247501 ], [ 80.081558309092301, 13.3455316746003 ], [ 80.081761136107005, 13.3467881308251 ], [ 80.081760981596801, 13.3475428843873 ], [ 80.082097732149094, 13.3484558861078 ], [ 80.083186737310101, 13.3497667432074 ], [ 80.084529609065399, 13.3510957215881 ], [ 80.085567933074799, 13.3520630791221 ], [ 80.086076585239695, 13.3526947841231 ], [ 80.086084760807196, 13.352704937741199 ], [ 80.087314348716902, 13.354107828565301 ], [ 80.0873168756778, 13.3541107119767 ], [ 80.088489039681406, 13.355295015909 ], [ 80.089615076093395, 13.3563708397159 ], [ 80.090196575339704, 13.356827401664001 ], [ 80.090759641156396, 13.357112218856701 ], [ 80.091447361693596, 13.357220794222901 ], [ 80.092305902271804, 13.3570853428931 ], [ 80.093598362370003, 13.356651665813301 ], [ 80.094715438087107, 13.3561094907983 ], [ 80.095887893144706, 13.355589915863501 ], [ 80.096912632830396, 13.3551426258235 ], [ 80.097826582393694, 13.3547811894211 ], [ 80.098888202413306, 13.354623144075701 ], [ 80.099899046059804, 13.354474126426799 ], [ 80.101052967974894, 13.35437483634 ], [ 80.102386904188094, 13.354234887425999 ], [ 80.103771614079406, 13.354063298689301 ], [ 80.105365803010102, 13.353935588588399 ], [ 80.105405562444602, 13.353932403635699 ], [ 80.105468262156506, 13.3539285736514 ], [ 80.106365618938199, 13.3538737459593 ], [ 80.107094897337007, 13.353778906171501 ], [ 80.107819606006004, 13.353209518798799 ], [ 80.107871894243701, 13.353146996862799 ], [ 80.109070572022802, 13.351713681431001 ], [ 80.109758362628497, 13.3509363881206 ], [ 80.110644629708105, 13.3500235242636 ], [ 80.1117478282506, 13.3490067261087 ], [ 80.112394024163706, 13.3487220470655 ], [ 80.113194122146297, 13.348553296807999 ], [ 80.113229449293101, 13.348545845565599 ], [ 80.114087938667396, 13.3485142689021 ], [ 80.115260279639102, 13.3485640580623 ], [ 80.116469539572293, 13.3486997143303 ], [ 80.117143406291106, 13.348722348611201 ], [ 80.1180157431955, 13.3486817203552 ], [ 80.118597311612106, 13.348460294797601 ], [ 80.119026562587507, 13.348311172829099 ], [ 80.119070357254202, 13.348250605742001 ], [ 80.119099432126703, 13.3482103960753 ], [ 80.119765093633703, 13.347289802297301 ], [ 80.120642096387698, 13.3459294733254 ], [ 80.121366772717295, 13.3447679949735 ], [ 80.121528614097201, 13.3443535653214 ], [ 80.121546793303594, 13.344307013690599 ], [ 80.121929911297599, 13.343357934996201 ], [ 80.122539172977795, 13.3426257997123 ], [ 80.123143811927505, 13.3420202074259 ], [ 80.123974599055103, 13.341550203979301 ], [ 80.125160762403993, 13.3412564677497 ], [ 80.126072478755603, 13.3411400386527 ], [ 80.126116150353099, 13.341134462067901 ], [ 80.127219226724804, 13.3412022726312 ], [ 80.128202301649196, 13.341374025217601 ], [ 80.129116147906302, 13.3415593336545 ], [ 80.129720764398101, 13.341699441129199 ], [ 80.130486921334295, 13.341374040076801 ], [ 80.131617688274602, 13.3402351285719 ], [ 80.131642628201803, 13.340198068615701 ], [ 80.1321438378247, 13.3394532548563 ], [ 80.132586904889095, 13.3385267582415 ], [ 80.133071508255696, 13.337640933646799 ], [ 80.133648415314298, 13.336908771424699 ], [ 80.133650791358207, 13.336907066952801 ], [ 80.134322243405506, 13.3364251781757 ], [ 80.135452986989606, 13.336167549655601 ], [ 80.136634877052799, 13.3360265928531 ], [ 80.136703728427705, 13.3360183807648 ], [ 80.137589868844799, 13.3362172181138 ], [ 80.138692935335001, 13.336574226191001 ], [ 80.139999075876602, 13.336867949756501 ], [ 80.139768781075404, 13.336741055702801 ], [ 80.139392151612796, 13.336533528586999 ], [ 80.138785229145597, 13.3361991060807 ], [ 80.136662161582905, 13.3348026398586 ], [ 80.137035925419795, 13.331887559228401 ], [ 80.137238924911003, 13.3291668198615 ], [ 80.137400420439604, 13.3278697224328 ], [ 80.138004992015695, 13.3274448722384 ], [ 80.138854167657101, 13.327209834606 ], [ 80.139689501158401, 13.3271103785943 ], [ 80.141032518440696, 13.3275306411097 ], [ 80.1420155574326, 13.327865043264 ], [ 80.143372406973697, 13.3278920973027 ], [ 80.144904602268298, 13.327358717848499 ], [ 80.146764452672997, 13.326653567301699 ], [ 80.146787215084004, 13.326600433594001 ], [ 80.147811914345496, 13.324208453610799 ], [ 80.148550187575196, 13.322314736155001 ], [ 80.149413261950698, 13.320306390843101 ], [ 80.149422273849595, 13.320285420902 ], [ 80.149889036674594, 13.319599652388799 ], [ 80.149911407420106, 13.319566785194001 ], [ 80.1517666216197, 13.319480769611101 ], [ 80.153275776923905, 13.3201133709853 ], [ 80.1546464524356, 13.320357298604099 ], [ 80.155869440422904, 13.320501806585 ], [ 80.157590804746803, 13.3202440203639 ], [ 80.159289085961106, 13.3199319928971 ], [ 80.160890412905104, 13.3193397550046 ], [ 80.1620487141072, 13.3188921845751 ], [ 80.162547104816696, 13.318693265672501 ], [ 80.163996228405495, 13.318878381694599 ], [ 80.165408450998996, 13.3191855196383 ], [ 80.166569271975504, 13.318809390008401 ], [ 80.166580597934498, 13.318805720311699 ], [ 80.168707510286694, 13.3222474570169 ], [ 80.168708628689203, 13.3222492682373 ], [ 80.169124089626607, 13.3229361691183 ], [ 80.169063256613896, 13.3229666267297 ], [ 80.164794370755601, 13.325103984816399 ], [ 80.164753948364506, 13.3251242226925 ], [ 80.164269653120101, 13.327234889598399 ], [ 80.163651483745497, 13.329146716063599 ], [ 80.163545450202605, 13.3300099523612 ], [ 80.164565454868395, 13.330380417814901 ], [ 80.165142411334401, 13.330800653669 ], [ 80.165424156245095, 13.3323417619208 ], [ 80.165830492095907, 13.333711111179801 ], [ 80.166836617790494, 13.3337245303583 ], [ 80.166837669717694, 13.3337351786402 ], [ 80.1670399936759, 13.3357853889756 ], [ 80.167081707844403, 13.336969489076401 ], [ 80.166744995021503, 13.338361539149099 ], [ 80.162638802145906, 13.337993691571601 ], [ 80.162614222443096, 13.337991489753399 ], [ 80.161876006705597, 13.3398581287592 ], [ 80.161363993943098, 13.342190247129601 ], [ 80.159574557981998, 13.342973696669899 ], [ 80.159536385870595, 13.342990408815201 ], [ 80.158932022703596, 13.3452276223348 ], [ 80.157506352330302, 13.349882845624601 ], [ 80.153200083979797, 13.3503487668237 ], [ 80.151492329132495, 13.350385067430301 ], [ 80.151459325927306, 13.3503899498142 ], [ 80.148344548833606, 13.350850807608399 ], [ 80.148062905432496, 13.349517580032799 ], [ 80.147560568423899, 13.3496211680347 ], [ 80.147536740611002, 13.3496260827737 ], [ 80.146973722404994, 13.3508373413092 ], [ 80.146475270609997, 13.351293839431399 ], [ 80.145519862897999, 13.3515921818541 ], [ 80.144027454885602, 13.3515447060154 ], [ 80.143959792880096, 13.351542552392599 ], [ 80.143967834598499, 13.351575076988199 ], [ 80.144310655067102, 13.352961652742099 ], [ 80.145090828416599, 13.355257507268799 ], [ 80.145940257383003, 13.3576889396046 ], [ 80.146678889040501, 13.359541883617201 ], [ 80.147726815141993, 13.361760881698499 ], [ 80.148506985796502, 13.363207062932901 ], [ 80.148515817134097, 13.3632294598751 ], [ 80.148710119136794, 13.3637222689881 ], [ 80.148816325156204, 13.364291717202899 ], [ 80.1486686268521, 13.364413753132199 ], [ 80.147127289402803, 13.364714808795901 ], [ 80.147094650015305, 13.364721182786599 ], [ 80.146813139564799, 13.365575381656001 ], [ 80.145034645083797, 13.366180997871799 ], [ 80.144994529916502, 13.366194657338699 ], [ 80.144846858561905, 13.3668364329158 ], [ 80.144614726705996, 13.3669556795631 ], [ 80.144565298704094, 13.3669810712841 ], [ 80.144482290778598, 13.3683775943417 ], [ 80.144036122729702, 13.3684848449364 ], [ 80.143974547708595, 13.3684996474305 ], [ 80.144122297216597, 13.369240833724501 ], [ 80.143997699090093, 13.369823853006499 ], [ 80.143674613710004, 13.370388804235199 ], [ 80.145733449034907, 13.372449573577001 ], [ 80.146675084675294, 13.372065360599001 ], [ 80.147792118171594, 13.3715952635989 ], [ 80.148987655440393, 13.371631337274 ], [ 80.149661705415596, 13.373172429591399 ], [ 80.1503588376019, 13.3746276498262 ], [ 80.151060577247407, 13.3758885278815 ], [ 80.151222164404004, 13.376182281379901 ], [ 80.1513745492189, 13.3768330730586 ], [ 80.151656224061099, 13.377953880324799 ], [ 80.151780899442798, 13.3784238950052 ], [ 80.151780947951806, 13.379002387806599 ], [ 80.151914858912903, 13.3795085577087 ], [ 80.151873351356898, 13.3795101683688 ], [ 80.151097809720895, 13.3795402614045 ], [ 80.150451559908902, 13.3796261813093 ], [ 80.149745313415707, 13.3798748056234 ], [ 80.149209863607396, 13.380159571993699 ], [ 80.148702075621699, 13.3799652707301 ], [ 80.148125053578795, 13.379870401877399 ], [ 80.147483403140996, 13.379748419218499 ], [ 80.1466801942926, 13.379676158060199 ], [ 80.145997012942601, 13.3797575509439 ], [ 80.145613491605104, 13.380019162626001 ], [ 80.145586196295199, 13.380037781746299 ], [ 80.1452446397562, 13.380666008634501 ], [ 80.144792315552806, 13.381696472598501 ], [ 80.144247668792602, 13.3827811756221 ], [ 80.143661455187697, 13.3835675948655 ], [ 80.143167547969796, 13.384073800616999 ], [ 80.142618244343197, 13.3845800070523 ], [ 80.141916608902307, 13.3852082448135 ], [ 80.140727427214003, 13.3860455360565 ], [ 80.140684111349401, 13.3860760346437 ], [ 80.140676603230204, 13.386104288152501 ], [ 80.140448717710598, 13.3869618614047 ], [ 80.140393353641301, 13.3877708477961 ], [ 80.1405964923715, 13.3883176960071 ], [ 80.141007374595901, 13.389104068327899 ], [ 80.141362860411704, 13.3898181301529 ], [ 80.141879921706106, 13.390581898682999 ], [ 80.142214746270398, 13.3910135143687 ], [ 80.142346199440894, 13.3911829672269 ], [ 80.143920369415497, 13.3911512563252 ], [ 80.144575891637899, 13.3912054550749 ], [ 80.145208334344005, 13.3912732122338 ], [ 80.146117753703393, 13.3912731589265 ], [ 80.1477796396739, 13.3913272868636 ], [ 80.148882755571407, 13.391644581599101 ], [ 80.148910668024001, 13.391652610898401 ], [ 80.149898592054299, 13.3919869801139 ], [ 80.150595685613098, 13.392276173255 ], [ 80.151472800656506, 13.392357454391099 ], [ 80.153328578998, 13.3923798931917 ], [ 80.154376488929799, 13.3923300842425 ], [ 80.154999705937897, 13.392411375847001 ], [ 80.156610846078095, 13.3926914250092 ], [ 80.158360506435102, 13.393197421068001 ], [ 80.159976293560206, 13.393662745576499 ], [ 80.161383481994903, 13.394127682929801 ], [ 80.161412050217507, 13.3941371217159 ], [ 80.162113741353906, 13.394127996652999 ], [ 80.163143214262803, 13.394249893376999 ], [ 80.164246528687997, 13.3942226344264 ], [ 80.165603740250205, 13.394159177590801 ], [ 80.166614722237298, 13.3940957653064 ], [ 80.167542619043701, 13.394104671900299 ], [ 80.168673641105499, 13.3941451806439 ], [ 80.169504577353393, 13.3940546658109 ], [ 80.170049283402406, 13.3938647643956 ], [ 80.170931004108198, 13.393814912059501 ], [ 80.171752711064997, 13.3937560272678 ], [ 80.173303833862704, 13.3938461620745 ], [ 80.174591812265902, 13.393882098712901 ], [ 80.175718234953493, 13.3940039273986 ], [ 80.176821600582699, 13.3942613385874 ], [ 80.177698696761496, 13.3941572297108 ], [ 80.179245238151196, 13.3944009907337 ], [ 80.179997720932107, 13.394446040106001 ], [ 80.180182348977496, 13.394310420068599 ], [ 80.180436181435795, 13.393971410276199 ], [ 80.180708415882606, 13.393320553934901 ], [ 80.180892951401503, 13.3927420256242 ], [ 80.181040542806102, 13.3921002316734 ], [ 80.181289656414194, 13.3912821582572 ], [ 80.181321799931695, 13.390464128376699 ], [ 80.181280168408193, 13.3900528647344 ], [ 80.181017011437206, 13.3899218520228 ], [ 80.180656938823603, 13.389930962388901 ], [ 80.180361528740704, 13.3900937219704 ], [ 80.179807614061801, 13.390310763413099 ], [ 80.179110566317107, 13.3903967668641 ], [ 80.178662760639497, 13.3902838658087 ], [ 80.178339563868306, 13.3900037185904 ], [ 80.178145566394505, 13.3894343023041 ], [ 80.177891613561997, 13.389140584195401 ], [ 80.177360720008807, 13.389041253332501 ], [ 80.176705171735307, 13.388860594696199 ], [ 80.1761604279572, 13.388752225841101 ], [ 80.175652615716899, 13.3886438481982 ], [ 80.175283258116494, 13.388345629404901 ], [ 80.175207203151302, 13.3879080952312 ], [ 80.175204700444894, 13.387893695051201 ], [ 80.175173740906899, 13.3878412293805 ], [ 80.175015373312206, 13.3875728455707 ], [ 80.175038424082402, 13.387405621251 ], [ 80.175223044941305, 13.3872428878168 ], [ 80.176326307264205, 13.387107109039 ], [ 80.179922351381407, 13.386993451385299 ], [ 80.181681107180694, 13.3868078055708 ], [ 80.184270783956507, 13.3866129363876 ], [ 80.186029517297797, 13.3863549489779 ], [ 80.188365279868705, 13.3861058576947 ], [ 80.189537734926404, 13.385816343406301 ], [ 80.189731481770195, 13.385255884436599 ], [ 80.190086920873696, 13.385215126005599 ], [ 80.191120936562896, 13.385142569357001 ], [ 80.192371923240998, 13.385101594176099 ], [ 80.194293285784795, 13.385083456973801 ], [ 80.1943384297211, 13.385083031377899 ], [ 80.194361836224104, 13.385247956297899 ], [ 80.194426299328896, 13.3857021756529 ], [ 80.196130765443897, 13.385275567577899 ], [ 80.196360371237304, 13.385218099931899 ], [ 80.196361101567604, 13.385230870424 ], [ 80.196457772868598, 13.3869219142481 ], [ 80.196398403211504, 13.3892991696992 ], [ 80.196320139289, 13.390085577264999 ], [ 80.1959698358541, 13.392087792749299 ], [ 80.195910033208904, 13.392869675837501 ], [ 80.195979798170498, 13.3948039887952 ], [ 80.195998671774703, 13.396322524973201 ], [ 80.196146745574495, 13.3976150536507 ], [ 80.196248543560799, 13.398491803048 ], [ 80.196186428652197, 13.3991423010971 ], [ 80.196179491861599, 13.399214935667899 ], [ 80.198780217017003, 13.3989021137367 ], [ 80.198815420196397, 13.3988978789945 ], [ 80.198773081698704, 13.3989763859996 ], [ 80.198298640074697, 13.3998561443778 ], [ 80.197915664014502, 13.4005567623296 ], [ 80.197311399662297, 13.402378265775001 ], [ 80.197145390997804, 13.4030607483962 ], [ 80.197274769958298, 13.4034810253769 ], [ 80.197870782386303, 13.4051982627582 ], [ 80.1981434902454, 13.4063777698364 ], [ 80.1981436312808, 13.4068839485696 ], [ 80.198047134253002, 13.408515500250701 ], [ 80.197950510562805, 13.4096951063955 ], [ 80.197891071735299, 13.411783111609999 ], [ 80.197847300424797, 13.411792783885801 ], [ 80.197092425430299, 13.4119595823043 ], [ 80.196455344722395, 13.412063695706401 ], [ 80.195333518714094, 13.412217645361 ], [ 80.194705695145203, 13.4124211803876 ], [ 80.1945487540752, 13.412529687126 ], [ 80.194465746149604, 13.4128867455671 ], [ 80.194382722054499, 13.413180531667299 ], [ 80.194004190858394, 13.413343327068301 ], [ 80.193644099380094, 13.4134066897122 ], [ 80.193196273939606, 13.4134067998123 ], [ 80.1928408177682, 13.4135424711189 ], [ 80.192568485405005, 13.4137685108588 ], [ 80.192374710713395, 13.414274737812701 ], [ 80.192033169445693, 13.414677051576801 ], [ 80.191682342292907, 13.4148669549038 ], [ 80.190449734247196, 13.4151745717782 ], [ 80.189120162948001, 13.4154505688157 ], [ 80.187398203041099, 13.4159074250607 ], [ 80.186950429702904, 13.4161560948884 ], [ 80.186341150056407, 13.416766357397099 ], [ 80.185639573006, 13.4175664548873 ], [ 80.185053407011793, 13.418339408836699 ], [ 80.184439527092707, 13.419071690615599 ], [ 80.184342668942193, 13.419505580306801 ], [ 80.184292171046806, 13.420807194870701 ], [ 80.184385315561897, 13.4208269292766 ], [ 80.185123253720107, 13.420983276218299 ], [ 80.186540710796805, 13.421276732610901 ], [ 80.187861259417303, 13.4217419415987 ], [ 80.189394203008604, 13.4222658483825 ], [ 80.189694364280996, 13.422514348229701 ], [ 80.190946043560203, 13.4244890555645 ], [ 80.191661928078105, 13.425496723022899 ], [ 80.191675886100995, 13.425524030852401 ], [ 80.191680406423501, 13.4255328742441 ], [ 80.191952975043705, 13.426192649239001 ], [ 80.192119310694906, 13.426680709820801 ], [ 80.192442617060607, 13.427132575621201 ], [ 80.192645893233006, 13.4276296672118 ], [ 80.192881605773707, 13.4285786951197 ], [ 80.192794019135107, 13.4291165312143 ], [ 80.192572465840001, 13.4293741940026 ], [ 80.191935382437194, 13.4296545548337 ], [ 80.191496830305297, 13.429939387192601 ], [ 80.191316842058399, 13.430251272243799 ], [ 80.191307687327296, 13.430563116697099 ], [ 80.191474022978596, 13.431046658110899 ], [ 80.191446401580194, 13.4313675474161 ], [ 80.191261806772502, 13.4317291466506 ], [ 80.190947914751007, 13.4320184667117 ], [ 80.190597105564507, 13.4323891448882 ], [ 80.190204758279293, 13.432827624726899 ], [ 80.190020168861494, 13.4332208607107 ], [ 80.189600295399401, 13.434396016133601 ], [ 80.1892865749561, 13.435422005184201 ], [ 80.188760527813898, 13.4367237282639 ], [ 80.188608228338893, 13.437008487573401 ], [ 80.188234306398599, 13.437311377185701 ], [ 80.187629514735207, 13.4375826813421 ], [ 80.187140140416204, 13.4378087639728 ], [ 80.187015536001496, 13.4380663999503 ], [ 80.187011064187999, 13.4386946036047 ], [ 80.186867966156498, 13.438852817398301 ], [ 80.186554004964705, 13.438902600975 ], [ 80.185935284024495, 13.4388620613353 ], [ 80.185929277888505, 13.438857082016201 ], [ 80.185662815117396, 13.438636148325401 ], [ 80.185076385018405, 13.438460017023701 ], [ 80.184263765419203, 13.4385234621567 ], [ 80.183658882127702, 13.4384151226905 ], [ 80.183367928586904, 13.438107860626101 ], [ 80.182984576132696, 13.437538489317699 ], [ 80.182946766940702, 13.437515622242101 ], [ 80.182730594554101, 13.4373848809268 ], [ 80.182176527161602, 13.4373759549682 ], [ 80.181336240349907, 13.437602097207 ], [ 80.180357456677598, 13.437936730991501 ], [ 80.179018526729706, 13.438275947845 ], [ 80.178362911082502, 13.438438773406901 ], [ 80.177494918430796, 13.438687504640599 ], [ 80.176816235843802, 13.4389678353646 ], [ 80.175902077871299, 13.4392798423552 ], [ 80.175264906433597, 13.4393296704026 ], [ 80.174641578034297, 13.439338817338699 ], [ 80.174170595822403, 13.4392168735979 ], [ 80.173611873360102, 13.4390226323082 ], [ 80.173007037679298, 13.4391628368325 ], [ 80.171982027600805, 13.4392895510928 ], [ 80.171197094976904, 13.4392896777817 ], [ 80.170338289395602, 13.4393214496056 ], [ 80.169359456315902, 13.4394752620791 ], [ 80.169331809764699, 13.439836822878799 ], [ 80.169077873101898, 13.4399182111164 ], [ 80.168334503729596, 13.439990634148 ], [ 80.1683178327945, 13.4400869121606 ], [ 80.168246854209002, 13.4404968258902 ], [ 80.168177660575907, 13.440930703051601 ], [ 80.167960680603898, 13.441134110632101 ], [ 80.167406641957399, 13.441382761309701 ], [ 80.167314332875506, 13.4416223059449 ], [ 80.167531468256101, 13.442426736265199 ], [ 80.167965714762701, 13.4438548203788 ], [ 80.168335319399901, 13.4452467556026 ], [ 80.167416543188494, 13.445784704591601 ], [ 80.167545906877606, 13.4462908640034 ], [ 80.166705601201301, 13.4466977354211 ], [ 80.166830358329605, 13.4472762071448 ], [ 80.166207029930405, 13.447429957724299 ], [ 80.166225537021901, 13.4476875632665 ], [ 80.165657605031299, 13.4477599533716 ], [ 80.165657621200907, 13.4478729401143 ], [ 80.165902572015995, 13.4494411535919 ], [ 80.165616317562495, 13.4496310110552 ], [ 80.165787189705995, 13.4507012870103 ], [ 80.165787319063298, 13.450702096033201 ], [ 80.166165972430306, 13.4508376274305 ], [ 80.1668032435811, 13.4512488070713 ], [ 80.167057355415395, 13.4522385296212 ], [ 80.167759231604705, 13.452342374801701 ], [ 80.168539599888703, 13.4524055323174 ], [ 80.168825921715793, 13.452640500146201 ], [ 80.169010688101807, 13.453056261693099 ], [ 80.1690130066535, 13.4530669562418 ], [ 80.169204766424002, 13.453951083010599 ], [ 80.169274161279702, 13.4547781303142 ], [ 80.1692049766298, 13.4552752807822 ], [ 80.169089667083298, 13.456088797583 ], [ 80.169089747931693, 13.4566040142292 ], [ 80.169039124272103, 13.4576706124121 ], [ 80.169030047694505, 13.458678449678001 ], [ 80.168961042707593, 13.4603235373659 ], [ 80.1689196186949, 13.4611777187817 ], [ 80.168938147345997, 13.4615437906061 ], [ 80.169330727294806, 13.462027310573299 ], [ 80.170406845224804, 13.463215759394499 ], [ 80.171182775831198, 13.4641376024303 ], [ 80.171737050734606, 13.4650052458645 ], [ 80.172157308675693, 13.465253746833801 ], [ 80.172854628609898, 13.465479603291101 ], [ 80.174318491755898, 13.4656646527357 ], [ 80.1757500371112, 13.465872294712501 ], [ 80.176539693975101, 13.4659761007818 ], [ 80.177056866660607, 13.4658810973025 ], [ 80.177606351746903, 13.465727335855799 ], [ 80.178280494248497, 13.4654696012046 ], [ 80.178894614017807, 13.46526159021 ], [ 80.180044447699998, 13.4653246403567 ], [ 80.181268134576598, 13.4652385292156 ], [ 80.181725271055001, 13.4651344895692 ], [ 80.1818129735762, 13.464971772135501 ], [ 80.1822377608229, 13.4647547527754 ], [ 80.182773403769005, 13.464682331115499 ], [ 80.183159875173899, 13.4646100002906 ], [ 80.183184365943504, 13.464605416384799 ], [ 80.183115510975199, 13.466499076581901 ], [ 80.183069522622603, 13.467375855571699 ], [ 80.182885023036306, 13.468361133788401 ], [ 80.182843636752807, 13.4691656018411 ], [ 80.182885314988695, 13.4697124463086 ], [ 80.183042539926404, 13.470715728572101 ], [ 80.182894843419007, 13.4710637564368 ], [ 80.182687095433096, 13.4713259273153 ], [ 80.182405442150497, 13.4714977241097 ], [ 80.182179158327102, 13.471461614767 ], [ 80.181828188342195, 13.4714074516162 ], [ 80.181791357415506, 13.4719362345751 ], [ 80.181514348422894, 13.472234574006899 ], [ 80.181144974652796, 13.472514852358801 ], [ 80.180526276170596, 13.4729985563228 ], [ 80.179856792332004, 13.4735500578792 ], [ 80.179482833560698, 13.4740111154295 ], [ 80.179339757987094, 13.4744043327231 ], [ 80.1791966437859, 13.4746122553974 ], [ 80.178841074426799, 13.474666555849099 ], [ 80.178647190140694, 13.4750191092556 ], [ 80.1785993180209, 13.475035373681299 ], [ 80.178194662918003, 13.4751728551201 ], [ 80.177012531208106, 13.4755029942277 ], [ 80.175146974704703, 13.476027585417899 ], [ 80.173401435818306, 13.476308090823199 ], [ 80.173380733244301, 13.476345610267799 ], [ 80.173184459439497, 13.4767013183166 ], [ 80.173544755733701, 13.4772300319131 ], [ 80.173544798852802, 13.4774695616481 ], [ 80.173401772686503, 13.478215293993101 ], [ 80.173401973010797, 13.4793541921065 ], [ 80.173462089167899, 13.479815165084201 ], [ 80.174612160903706, 13.480813761960899 ], [ 80.175341942359097, 13.4815141468632 ], [ 80.175221972352901, 13.482051981141501 ], [ 80.174991248156999, 13.483028219595001 ], [ 80.17467273071, 13.483751386416801 ], [ 80.174442008310805, 13.484763779426601 ], [ 80.174192768938596, 13.485541165599001 ], [ 80.174576220207499, 13.4863410386521 ], [ 80.1746825115669, 13.4867477685938 ], [ 80.1744793548704, 13.486978295670699 ], [ 80.174479392599693, 13.4871861899358 ], [ 80.1748258916694, 13.4879318360534 ], [ 80.175472578960907, 13.4886864676571 ], [ 80.176193238024595, 13.4898523534234 ], [ 80.176482661734397, 13.490676925047101 ], [ 80.177121696278107, 13.4911718293056 ], [ 80.177491195812294, 13.491072361631799 ], [ 80.178936619240403, 13.4906246653031 ], [ 80.179375349238697, 13.490606503759601 ], [ 80.180497574997304, 13.490579168410999 ], [ 80.181975418624006, 13.4906059883774 ], [ 80.183444023077996, 13.4906237629475 ], [ 80.184829495638994, 13.4906234685682 ], [ 80.186529014731803, 13.4906502142798 ], [ 80.187235521736397, 13.490288502256099 ], [ 80.188043714437995, 13.490292839334 ], [ 80.188911918193796, 13.4901932123115 ], [ 80.189489192663402, 13.490175000070399 ], [ 80.191082461719304, 13.490088753747401 ], [ 80.191830586772696, 13.489975587776399 ], [ 80.192684838793895, 13.489509877139101 ], [ 80.193100446156706, 13.489383231397101 ], [ 80.194204191773196, 13.489351318591799 ], [ 80.195677373143596, 13.4892379565998 ], [ 80.197122843284106, 13.4891245954274 ], [ 80.198600621333895, 13.488947942217001 ], [ 80.200175382400005, 13.488775773608999 ], [ 80.201694714718101, 13.488585534027401 ], [ 80.202742986670899, 13.488381861912201 ], [ 80.202976974446202, 13.4883817937763 ], [ 80.203320262038801, 13.4883816950666 ], [ 80.204673296434905, 13.4880649423816 ], [ 80.205439863002795, 13.4878929766717 ], [ 80.206234086901702, 13.487558301786899 ], [ 80.207577807565002, 13.487024602148701 ], [ 80.208765729815198, 13.4867049483738 ], [ 80.209124761281402, 13.4866083370749 ], [ 80.209912071745904, 13.486293831416701 ], [ 80.209951302971007, 13.486278159147099 ], [ 80.210066919741294, 13.486770741032901 ], [ 80.210275213004493, 13.488212373783901 ], [ 80.210595024923805, 13.4904156629007 ], [ 80.2106038562614, 13.4904765042455 ], [ 80.212566569155896, 13.490362887716699 ], [ 80.214598561921903, 13.4902718300564 ], [ 80.214511630155201, 13.4897992190933 ], [ 80.213833237724003, 13.4861110499379 ], [ 80.213830494269104, 13.4860961323997 ], [ 80.213868535226496, 13.4860923962451 ], [ 80.216185672128205, 13.485864850601001 ], [ 80.217644954764495, 13.485719730028899 ], [ 80.219164290675906, 13.485624292379301 ], [ 80.220669779057204, 13.4855514472547 ], [ 80.222263058892906, 13.485605105784501 ], [ 80.223722376563501, 13.4855638961814 ], [ 80.225195468102399, 13.4853147777552 ], [ 80.225888093441, 13.4850704679587 ], [ 80.226007873004306, 13.484333756336801 ], [ 80.226095403947298, 13.483795909723 ], [ 80.226968119042397, 13.4835244115954 ], [ 80.228422589403806, 13.482949883372401 ], [ 80.228819721116196, 13.482890976787299 ], [ 80.229424323234994, 13.481991372638999 ], [ 80.230379707590799, 13.480644205567399 ], [ 80.231131926266997, 13.4793875048328 ], [ 80.231884105417393, 13.478053970948199 ], [ 80.232765625798905, 13.476833367754001 ], [ 80.233651722198601, 13.475531411051101 ], [ 80.234741118126706, 13.4745095712685 ], [ 80.235198074043794, 13.474003205073799 ], [ 80.235715217983198, 13.473858369079 ], [ 80.237881016607304, 13.473843898054399 ], [ 80.238966176979005, 13.4737304483361 ], [ 80.240383739158602, 13.473427031707001 ], [ 80.240974779411502, 13.473309268865499 ], [ 80.241343907043301, 13.472644749823299 ], [ 80.2417928975987, 13.470736680163901 ], [ 80.241814011601093, 13.4706469542581 ], [ 80.242032599557504, 13.4715526638693 ], [ 80.242249140253406, 13.4724498900593 ], [ 80.242339146054903, 13.4728228276858 ], [ 80.242864290390202, 13.4749987014096 ], [ 80.244076064707897, 13.478984296834399 ], [ 80.245241963860707, 13.4835257953065 ], [ 80.246569589409006, 13.4881575985845 ], [ 80.248572589947401, 13.493033989567101 ], [ 80.248636394587095, 13.4932834650734 ], [ 80.250682241171404, 13.5012793839318 ], [ 80.251109272409707, 13.5027694607633 ], [ 80.251882001420498, 13.506298807804299 ], [ 80.252256809998002, 13.508097387568 ], [ 80.252918536884096, 13.511152293026999 ], [ 80.253894407319905, 13.5156479040267 ], [ 80.253899481004595, 13.5156712780853 ], [ 80.253900626356597, 13.515677020936 ], [ 80.253931938932496, 13.5158340168806 ], [ 80.254885027194405, 13.5198333341477 ], [ 80.256143901080804, 13.5260198424312 ], [ 80.257527568028095, 13.5321567123571 ], [ 80.258953144078305, 13.538930684622001 ], [ 80.260281475702399, 13.5449861426029 ], [ 80.261193314224798, 13.5491797656461 ], [ 80.261804393196797, 13.5521081132696 ], [ 80.262591318283995, 13.5556961338264 ], [ 80.263549508078498, 13.560007257428101 ], [ 80.263853001202307, 13.5616034156123 ], [ 80.264042003144795, 13.5625974291895 ], [ 80.264049599298801, 13.562637375826201 ], [ 80.266207373272493, 13.5635312604044 ], [ 80.268539317105095, 13.5645374653277 ], [ 80.268739401563295, 13.564623798217101 ], [ 80.268748861721505, 13.564628197689199 ], [ 80.269103988211299, 13.563814652867 ], [ 80.2699624111102, 13.5619658210073 ], [ 80.271392891961895, 13.5587473624102 ], [ 80.272034297159607, 13.557228572934299 ], [ 80.272472603153005, 13.556066819154101 ], [ 80.273247685749794, 13.5541276447755 ], [ 80.273833696335601, 13.5526540531982 ], [ 80.274507422917196, 13.5512391657868 ], [ 80.2751808871907, 13.549417569921699 ], [ 80.275369985252993, 13.5487938101304 ], [ 80.275494543853597, 13.548350764358 ], [ 80.2757713561152, 13.547781261992601 ], [ 80.276163715078496, 13.547229680569799 ], [ 80.276260669348801, 13.5470804726544 ], [ 80.276431396863401, 13.546687225845901 ], [ 80.276712779753197, 13.5458554963287 ], [ 80.276947938033302, 13.5451367797258 ], [ 80.277233808906203, 13.5440474517798 ], [ 80.277898079821099, 13.5422077602391 ], [ 80.278419297620303, 13.5408336430511 ], [ 80.278899033016302, 13.5395815100612 ], [ 80.279360302643397, 13.5383248805674 ], [ 80.279936814443303, 13.536525922 ], [ 80.280388896999895, 13.535459061239701 ], [ 80.280854870205701, 13.5343877319096 ], [ 80.281210082933697, 13.5335108043215 ], [ 80.281408386032695, 13.5327875534227 ], [ 80.281611210352494, 13.5321005734284 ], [ 80.281837116883494, 13.531277865594699 ], [ 80.282505856916998, 13.5293252040276 ], [ 80.282865581882604, 13.5283081501889 ], [ 80.283326914391694, 13.527209634828701 ], [ 80.283594312309106, 13.526332801331799 ], [ 80.283972505738603, 13.5251530067611 ], [ 80.284189055417599, 13.5241631783943 ], [ 80.284433452870502, 13.523467061246301 ], [ 80.284765580692294, 13.522703114675799 ], [ 80.285083985849795, 13.5220746959496 ], [ 80.285314574400005, 13.521428310267201 ], [ 80.285642057033499, 13.52061920925 ], [ 80.286057097559393, 13.519344490641799 ], [ 80.286269073016996, 13.5185309053628 ], [ 80.286582648831498, 13.5176358577288 ], [ 80.286790200086301, 13.517016641224799 ], [ 80.287205237917306, 13.515796169115299 ], [ 80.287468077782904, 13.515113542253101 ], [ 80.287920048948394, 13.513875043871799 ], [ 80.288150579108205, 13.513079479222601 ], [ 80.288584018029397, 13.511804745621699 ], [ 80.289026535324894, 13.5102634533 ], [ 80.289611982666898, 13.508333358419501 ], [ 80.289920962700506, 13.507433804715101 ], [ 80.290086683904093, 13.5065478720157 ], [ 80.290252456311705, 13.5055987296897 ], [ 80.290565537154507, 13.5038270028498 ], [ 80.290827893726501, 13.5022224360231 ], [ 80.290924511128594, 13.5015354474109 ], [ 80.290941091333806, 13.501309597078199 ], [ 80.292369944438207, 13.498025493286001 ], [ 80.292406979282404, 13.497700117067801 ], [ 80.292934129555704, 13.4959919309419 ], [ 80.294154419004002, 13.492950782381101 ], [ 80.294695270381993, 13.491735290284501 ], [ 80.294866219780602, 13.4913285740768 ], [ 80.298087725713202, 13.4839358827392 ], [ 80.2983603176895, 13.4835336791405 ], [ 80.298383477155795, 13.4833574297465 ], [ 80.300703470700199, 13.478228620370601 ], [ 80.302200618224106, 13.4754632111935 ], [ 80.303637581318796, 13.473127134399199 ] ] ] } },
{ "type": "Feature", "properties": { "ac_no": 7, "ac_name": "Maduravoyal", "district": "Thiruvallur", "male": 183965.0, "female": 189237.0, "third_gender": 81.0, "electors_total": 373283.0, "source": "OpenCity CKAN — TN SIR voter rolls 2026 (AC electors 06.04.2026) + Chennai AC map 2021", "metric": "registered_electors_18plus_not_total_population", "note": "SIR electors at assembly constituency level. Not GCC ward households; not total population (excludes under-18). Includes ACs on the OpenCity Chennai AC map (Chennai district + some adjoining ACs). Boundaries are 2021." }, "geometry": { "type": "Polygon", "coordinates": [ [ [ 80.161282904819004, 13.0812134374353 ], [ 80.161366670922604, 13.0811407359498 ], [ 80.161841654230798, 13.0818502366769 ], [ 80.162441284174506, 13.0836172906582 ], [ 80.164004378819996, 13.084444134813401 ], [ 80.168089040874804, 13.082915879124201 ], [ 80.169052635832301, 13.082920236614999 ], [ 80.171210438552095, 13.083394409908101 ], [ 80.172773242143506, 13.0825715679795 ], [ 80.173767083376603, 13.081704784184801 ], [ 80.1738565214429, 13.0816267803276 ], [ 80.173501215290202, 13.08009472364 ], [ 80.174464422175404, 13.078209890192699 ], [ 80.175787225567305, 13.076329503201 ], [ 80.177750181905296, 13.0740705591321 ], [ 80.177757073780199, 13.0740626278641 ], [ 80.177833732413305, 13.0739744108664 ], [ 80.178112996177205, 13.073113620585101 ], [ 80.178205326818798, 13.0728967409496 ], [ 80.178343486811201, 13.072672517833899 ], [ 80.178786994948396, 13.0724567561057 ], [ 80.179276159061601, 13.0722860681661 ], [ 80.179459159359695, 13.072354048819101 ], [ 80.180244922027001, 13.0725287837487 ], [ 80.181183151255794, 13.0727713975885 ], [ 80.182396212859302, 13.072933506363301 ], [ 80.182498631581396, 13.0729471927632 ], [ 80.182503318990598, 13.072947819287201 ], [ 80.184614609639894, 13.073122518795 ], [ 80.1869510342691, 13.073614778569199 ], [ 80.189136542828905, 13.074442350157501 ], [ 80.189219469906007, 13.074473751418701 ], [ 80.190098889128194, 13.075197300609799 ], [ 80.191084865611003, 13.075860942722899 ], [ 80.190800015224298, 13.0735053226463 ], [ 80.190797207090696, 13.0735053243964 ], [ 80.190786735429398, 13.0735053191462 ], [ 80.1907717021232, 13.073505313896 ], [ 80.190769008075605, 13.073505313896 ], [ 80.190767743247704, 13.073505331396699 ], [ 80.190764243411394, 13.073504660247499 ], [ 80.190760163263306, 13.0735038919698 ], [ 80.190626979039294, 13.0734788275645 ], [ 80.190482185886793, 13.073451565952 ], [ 80.190408118893401, 13.0734376196956 ], [ 80.190407852093699, 13.0734353848644 ], [ 80.190343444684501, 13.0728952848935 ], [ 80.190200756284796, 13.072028750606201 ], [ 80.190121792574601, 13.071549213353 ], [ 80.190119520735294, 13.071535411370499 ], [ 80.190117211166694, 13.0715213853773 ], [ 80.190237691416002, 13.0713591986714 ], [ 80.190321135024405, 13.0712208829418 ], [ 80.190323324218696, 13.071217254152399 ], [ 80.190324147973897, 13.071215013175699 ], [ 80.190359684428202, 13.071118416651901 ], [ 80.190381259266402, 13.071059768837699 ], [ 80.190408573440905, 13.0708945086851 ], [ 80.190402939207402, 13.0707305811098 ], [ 80.190342834728398, 13.0702174458022 ], [ 80.1903054782873, 13.0698985212211 ], [ 80.190282750012301, 13.069704473936101 ], [ 80.190328117629093, 13.0696449367399 ], [ 80.190341567205493, 13.0696283248804 ], [ 80.190355841435405, 13.0696105702106 ], [ 80.190370009664093, 13.069594683761499 ], [ 80.190385265752496, 13.069577520619999 ], [ 80.190391515331996, 13.069571153788999 ], [ 80.190416290867503, 13.069545912224999 ], [ 80.190448805389195, 13.0695158491567 ], [ 80.191024883302802, 13.069007343825 ], [ 80.191034057796799, 13.0689992461353 ], [ 80.191034047915394, 13.068958570422399 ], [ 80.191034115289, 13.0689575291157 ], [ 80.191032765121093, 13.068913936861501 ], [ 80.191032329438201, 13.0688998538412 ], [ 80.191026746408696, 13.0688428488402 ], [ 80.191026625136203, 13.0688416202727 ], [ 80.191017091315999, 13.0687838705921 ], [ 80.191003814216103, 13.0687270335735 ], [ 80.190743311766894, 13.0677564287463 ], [ 80.190739213652606, 13.0677484001446 ], [ 80.190738698917897, 13.067747390334601 ], [ 80.190729798410104, 13.0677304370772 ], [ 80.190683604343207, 13.067642447954601 ], [ 80.190659606748696, 13.0675765433786 ], [ 80.1906432610038, 13.067531651427201 ], [ 80.190643034628394, 13.067530538360099 ], [ 80.190642777710195, 13.067529377165201 ], [ 80.190629773698106, 13.067470401228301 ], [ 80.190617938394297, 13.0674166545951 ], [ 80.190609549027897, 13.0673000266095 ], [ 80.190584053043395, 13.066016919993899 ], [ 80.190583796125296, 13.0660039770091 ], [ 80.190581755152905, 13.0659577100551 ], [ 80.190579120394204, 13.0659306506254 ], [ 80.190577260881597, 13.065911567350801 ], [ 80.190575296266104, 13.0658985158533 ], [ 80.190570359125203, 13.0658657116571 ], [ 80.190570172275699, 13.065864794595701 ], [ 80.190566888933304, 13.0658450077688 ], [ 80.190563082771405, 13.065822081229401 ], [ 80.190168458257006, 13.0641224294291 ], [ 80.190164735638504, 13.064106394740801 ], [ 80.189807343597593, 13.062567086945601 ], [ 80.189806018582601, 13.062561501371601 ], [ 80.189805282862395, 13.0625584640024 ], [ 80.189804672007995, 13.062555939424399 ], [ 80.189804046780495, 13.0625534235971 ], [ 80.189803290399098, 13.062550385352701 ], [ 80.189802262726403, 13.062547473993501 ], [ 80.189801588091598, 13.062545563714799 ], [ 80.189309602370102, 13.060649241232801 ], [ 80.189303274637197, 13.0606248537071 ], [ 80.189302347575804, 13.060624698818501 ], [ 80.188989740145203, 13.0605706890469 ], [ 80.188897065448899, 13.060553031734401 ], [ 80.188847499106402, 13.0605370615701 ], [ 80.188805138150897, 13.0605234103603 ], [ 80.188716883165796, 13.060484507908701 ], [ 80.188634767267402, 13.0604351386446 ], [ 80.188626137152497, 13.060429648405799 ], [ 80.188365587990802, 13.0602639033446 ], [ 80.188169051878006, 13.060136999429 ], [ 80.188108212577106, 13.060103078741699 ], [ 80.188065091646806, 13.0600819158287 ], [ 80.188044698991504, 13.060071908423501 ], [ 80.188020288171998, 13.0600621530407 ], [ 80.187980217022101, 13.0600461390907 ], [ 80.187978926143103, 13.060045623669 ], [ 80.187911486919802, 13.0600244362489 ], [ 80.187902493885403, 13.0600219632747 ], [ 80.1879011248529, 13.060021586990599 ], [ 80.187889611145906, 13.0600184218286 ], [ 80.187039480595402, 13.059784710772499 ], [ 80.186974888133193, 13.0595542250439 ], [ 80.186936822023, 13.0594541997642 ], [ 80.1869363665772, 13.059452927396 ], [ 80.186935933589197, 13.0594518667973 ], [ 80.186904930033805, 13.059390471955901 ], [ 80.186885864190202, 13.059352719183201 ], [ 80.186823814858599, 13.0592603096612 ], [ 80.186755005704399, 13.0591764409084 ], [ 80.186753518094307, 13.0591746277378 ], [ 80.186466412936298, 13.0588818757643 ], [ 80.186071069769596, 13.0584787568965 ], [ 80.186062199804496, 13.0584694118655 ], [ 80.184784563705094, 13.057123151412 ], [ 80.1847428252821, 13.057079738212201 ], [ 80.184724269681595, 13.057055767752001 ], [ 80.184705529028093, 13.0570315566397 ], [ 80.184689020688197, 13.0570069736118 ], [ 80.184671603253094, 13.0569810385672 ], [ 80.184641610302407, 13.056928839436001 ], [ 80.184014393994602, 13.055758394627301 ], [ 80.184025131557206, 13.055757909824999 ], [ 80.184516908869597, 13.0557357051773 ], [ 80.184517835931004, 13.055735673673899 ], [ 80.184525194929805, 13.055735427772399 ], [ 80.184572885589901, 13.0557338263494 ], [ 80.184589340929307, 13.055733309168501 ], [ 80.184590796199998, 13.055733263663599 ], [ 80.184605057853503, 13.0557343050261 ], [ 80.184646541155004, 13.0557373346034 ], [ 80.184664909007594, 13.055738676998301 ], [ 80.184666357091899, 13.0557387828848 ], [ 80.184689512964994, 13.0557423663968 ], [ 80.184727184714703, 13.0557481954013 ], [ 80.184741200229695, 13.055750364760501 ], [ 80.184756118551704, 13.0557537032459 ], [ 80.184769306718394, 13.0557566706913 ], [ 80.184815304054197, 13.055767022183399 ], [ 80.184816541034294, 13.05576726896 ], [ 80.185125432134598, 13.055853076328599 ], [ 80.1848901561752, 13.055193287737 ], [ 80.184902955371399, 13.053505028389001 ], [ 80.184903514123505, 13.053431357879701 ], [ 80.184908144040506, 13.052820501315701 ], [ 80.184908071276894, 13.0527346193853 ], [ 80.184976857973197, 13.0507866818776 ], [ 80.185225384981393, 13.049087202293499 ], [ 80.185547582826004, 13.046849956314 ], [ 80.185704130433905, 13.045855593279599 ], [ 80.185860574735599, 13.044852282386801 ], [ 80.186256689555094, 13.042809340571701 ], [ 80.186863717125206, 13.0431249457147 ], [ 80.187086327737404, 13.042565115049699 ], [ 80.187205580888005, 13.0407418576218 ], [ 80.187220579159998, 13.040512553964801 ], [ 80.187228888576399, 13.0403855033854 ], [ 80.187316021565707, 13.0390532974326 ], [ 80.187306789579495, 13.039039744803899 ], [ 80.187080864183898, 13.0384740212222 ], [ 80.186711564973905, 13.036409481971299 ], [ 80.186787387275501, 13.035054130055199 ], [ 80.1867941974037, 13.0349315417808 ], [ 80.186709536577993, 13.033517292251 ], [ 80.186701679912602, 13.0333858560855 ], [ 80.186941552551303, 13.033392589671299 ], [ 80.186932075325004, 13.033046843347201 ], [ 80.187457649055006, 13.033078409150701 ], [ 80.187632450429604, 13.031785715840501 ], [ 80.187632389344103, 13.031784176400199 ], [ 80.187576853696598, 13.0303982035943 ], [ 80.187479254435999, 13.0284949962418 ], [ 80.1886265521741, 13.028469760985701 ], [ 80.188621644677696, 13.0280809325718 ], [ 80.189678208978904, 13.0281063324037 ], [ 80.189673632062593, 13.0280385356238 ], [ 80.189491616317994, 13.024501948387901 ], [ 80.188578365644005, 13.0230448546396 ], [ 80.1885753526945, 13.023040047110101 ], [ 80.1880683642094, 13.0230356570558 ], [ 80.187745738766694, 13.0230809404277 ], [ 80.187478419002701, 13.0231895102102 ], [ 80.187257156761703, 13.023370285575201 ], [ 80.186768667283303, 13.0238856798795 ], [ 80.186035875573396, 13.024378422794999 ], [ 80.185303082066895, 13.0248712540011 ], [ 80.185243201268406, 13.0248531626644 ], [ 80.1850173037205, 13.0247583255641 ], [ 80.184749910294698, 13.0245504277399 ], [ 80.184293596673101, 13.024812652978699 ], [ 80.184035480149305, 13.025038701421201 ], [ 80.183782072594099, 13.0252059920667 ], [ 80.183413324949797, 13.025282862844101 ], [ 80.1830998488483, 13.025151943052901 ], [ 80.182777119201006, 13.025002820715899 ], [ 80.182680297881305, 13.024803956077101 ], [ 80.182458949402104, 13.0245599412165 ], [ 80.182435893242001, 13.0244198996536 ], [ 80.182385136631794, 13.0242345626058 ], [ 80.182260632828402, 13.0240130968873 ], [ 80.182025500599394, 13.0237826907256 ], [ 80.181882620858502, 13.0235974249682 ], [ 80.181403875405906, 13.0232179974078 ], [ 80.180879466790799, 13.022690868630299 ], [ 80.1803259051498, 13.0224586477991 ], [ 80.179705880754199, 13.022438250101599 ], [ 80.178953170699501, 13.0227677445643 ], [ 80.178181149561198, 13.023253896750999 ], [ 80.177393101579895, 13.023901042391 ], [ 80.177273257337802, 13.0241135067121 ], [ 80.176772134851603, 13.024413663815601 ], [ 80.176752497679402, 13.024425425699899 ], [ 80.176684243684207, 13.024460537183501 ], [ 80.175996606690305, 13.0248142651043 ], [ 80.175918233173405, 13.024755515283699 ], [ 80.175858230204, 13.024579279741401 ], [ 80.175696858642993, 13.024326228161399 ], [ 80.175521718603605, 13.024249357087101 ], [ 80.175282050780694, 13.024443809386399 ], [ 80.174604534206907, 13.0250857033255 ], [ 80.174111425591306, 13.025316237805001 ], [ 80.173535248863004, 13.025375072387201 ], [ 80.172899099708005, 13.025275752700701 ], [ 80.172322892436995, 13.0251764426016 ], [ 80.171848113944705, 13.0253301753988 ], [ 80.170598952643303, 13.0249417236443 ], [ 80.170161014959106, 13.024914643097 ], [ 80.168132926271397, 13.0252674662853 ], [ 80.167482611582699, 13.025255161815601 ], [ 80.167279656108903, 13.024813744357999 ], [ 80.166897782281595, 13.024317007869699 ], [ 80.166448271601595, 13.0238783281388 ], [ 80.166212427906899, 13.0235634721381 ], [ 80.166097506432607, 13.022875653699799 ], [ 80.166048427875396, 13.0219338516018 ], [ 80.165577600173805, 13.0219209255644 ], [ 80.165208386303803, 13.021929270731199 ], [ 80.164790761324795, 13.0220744240744 ], [ 80.164768019575106, 13.0227999190746 ], [ 80.164915001921898, 13.023797998105501 ], [ 80.164777660294703, 13.0247299706995 ], [ 80.164519073053597, 13.025182064903399 ], [ 80.163477271665798, 13.025082771395599 ], [ 80.162500099571105, 13.0249880227788 ], [ 80.162371038614296, 13.0248931183395 ], [ 80.162103558051896, 13.0242784935656 ], [ 80.161651767447694, 13.0231621782861 ], [ 80.159305637420204, 13.023704776235 ], [ 80.159305644606704, 13.023827763036 ], [ 80.159305715573595, 13.0248572472404 ], [ 80.158669596063007, 13.0248889996311 ], [ 80.156517017046696, 13.0250745059785 ], [ 80.154719330059606, 13.0253006627071 ], [ 80.153046117231597, 13.0253686221489 ], [ 80.151898394590305, 13.025721208386299 ], [ 80.150243575666096, 13.0260196840334 ], [ 80.149436947829798, 13.025725891585299 ], [ 80.148007950096599, 13.025002919613801 ], [ 80.146726452139802, 13.024618768976699 ], [ 80.145795386975493, 13.0243929126962 ], [ 80.144555415439299, 13.024325170913 ], [ 80.144421983280296, 13.027976979825 ], [ 80.144293059765602, 13.030851480323699 ], [ 80.144283826881207, 13.031633382963101 ], [ 80.144345356986506, 13.031676469812201 ], [ 80.1443806068783, 13.031701154253501 ], [ 80.144518979771405, 13.031714721287001 ], [ 80.146367379351105, 13.0319902617825 ], [ 80.146466723140094, 13.0320842795717 ], [ 80.146501123225605, 13.032116835324301 ], [ 80.146497637762295, 13.0322057814101 ], [ 80.146404414195402, 13.0345845627426 ], [ 80.145644010070299, 13.037477145188801 ], [ 80.145579455337298, 13.037477112807901 ], [ 80.143767895667395, 13.037874937086301 ], [ 80.143284610129399, 13.037987942679999 ], [ 80.143158462409005, 13.0380174389815 ], [ 80.141970085611206, 13.038295307376799 ], [ 80.142186840106106, 13.0388467602261 ], [ 80.141776513040497, 13.0389913339258 ], [ 80.141370887757105, 13.0391360151849 ], [ 80.141467794416698, 13.040478316406 ], [ 80.140587281046606, 13.0404467331684 ], [ 80.140554988408695, 13.040478361913699 ], [ 80.140195460174198, 13.0413732985685 ], [ 80.140029595240094, 13.041468138054499 ], [ 80.138826412409799, 13.041432041819601 ], [ 80.139098380955303, 13.042629713585701 ], [ 80.139375076435897, 13.0437415951386 ], [ 80.139637855215994, 13.044717804152899 ], [ 80.139688513909803, 13.045029642040699 ], [ 80.139905247743499, 13.0456940268162 ], [ 80.138937122582007, 13.0456307724056 ], [ 80.137466578665297, 13.045377679340101 ], [ 80.135797848430599, 13.0449664110887 ], [ 80.1343890663846, 13.0446521813806 ], [ 80.134359548642706, 13.044645596874 ], [ 80.134269262566704, 13.0446281292029 ], [ 80.132630893591994, 13.04431114414 ], [ 80.132529446846902, 13.045052407734801 ], [ 80.129394754103402, 13.045142791387899 ], [ 80.129394746018605, 13.0451427467562 ], [ 80.129351465188194, 13.045167910301499 ], [ 80.129347314971596, 13.045251535270699 ], [ 80.129347159562997, 13.0452546419881 ], [ 80.129276563659801, 13.0466769981024 ], [ 80.129275571919706, 13.0466969649903 ], [ 80.129038083409796, 13.0514816992723 ], [ 80.128944309175594, 13.051503582261899 ], [ 80.128851608428107, 13.0515339249325 ], [ 80.128762702164494, 13.0515737196546 ], [ 80.128678513852705, 13.0516218051542 ], [ 80.128360432986995, 13.0518297047359 ], [ 80.128267345065694, 13.0518996320101 ], [ 80.128182111114896, 13.051982476731499 ], [ 80.128108576822299, 13.0520754744224 ], [ 80.128046963173603, 13.0521777070841 ], [ 80.128028524354093, 13.0522183838105 ], [ 80.127470725359899, 13.052078277391701 ], [ 80.127421865093297, 13.052069392425199 ], [ 80.127374401706902, 13.052061483203399 ], [ 80.127326584384306, 13.0520560164065 ], [ 80.1272771105684, 13.052051160434599 ], [ 80.125663644689993, 13.051992392578001 ], [ 80.125621234327099, 13.0519923295703 ], [ 80.125581123651301, 13.051993406828 ], [ 80.125541098315495, 13.0519961940462 ], [ 80.125502298281802, 13.052001429816 ], [ 80.123635287406003, 13.052249976921001 ], [ 80.123550274440703, 13.052266867358201 ], [ 80.123465534563394, 13.0522906842642 ], [ 80.123383502208199, 13.052322326371399 ], [ 80.123303371586601, 13.0523629593187 ], [ 80.122773229923396, 13.0526567183867 ], [ 80.123980997754899, 13.0566700847227 ], [ 80.124008656882495, 13.0567514375649 ], [ 80.122464299297107, 13.0576869482575 ], [ 80.122421624829599, 13.0577154201067 ], [ 80.122379041091904, 13.0577465040886 ], [ 80.122338351901107, 13.0577799403012 ], [ 80.1222983373451, 13.0578134920208 ], [ 80.122275286574904, 13.057836089395799 ], [ 80.123404674601204, 13.064660601582201 ], [ 80.123583030609296, 13.066004628052299 ], [ 80.124248289671002, 13.0710467079869 ], [ 80.124250587561505, 13.0710883642756 ], [ 80.124253099251007, 13.071129546285601 ], [ 80.124253691240796, 13.071170797416899 ], [ 80.124252898028402, 13.071213929876601 ], [ 80.124175712084295, 13.072610056987701 ], [ 80.123957804152496, 13.07655148469 ], [ 80.123920918428695, 13.0769220845751 ], [ 80.123044949635499, 13.0769537042754 ], [ 80.122422550094299, 13.077012445190601 ], [ 80.122385832355405, 13.0789842911345 ], [ 80.122385691319906, 13.0790007956126 ], [ 80.122385858406503, 13.079017303589501 ], [ 80.122386333615296, 13.079033804565301 ], [ 80.122385638319301, 13.079050748296 ], [ 80.122445560440298, 13.0800812012632 ], [ 80.122446873777307, 13.080110402036 ], [ 80.122447170221307, 13.0801374074103 ], [ 80.122446644706898, 13.0801644101566 ], [ 80.122443938082895, 13.080212185585101 ], [ 80.122408200405999, 13.0804100081358 ], [ 80.122326138406507, 13.0805997892192 ], [ 80.122202349662004, 13.080766408754201 ], [ 80.122047693007701, 13.080898229217199 ], [ 80.121989116563, 13.080935380190599 ], [ 80.121652314806795, 13.081306620991 ], [ 80.121558897203798, 13.0814278046235 ], [ 80.121486632230699, 13.081564656875001 ], [ 80.121439132911803, 13.081711554078799 ], [ 80.121417896738393, 13.0818620133278 ], [ 80.121315578627602, 13.083739829397601 ], [ 80.121299097237099, 13.0838683267907 ], [ 80.121263590427105, 13.083994478257001 ], [ 80.121209867579907, 13.084114280703 ], [ 80.120750311938394, 13.0854099814122 ], [ 80.120748818040099, 13.085414191860799 ], [ 80.120863257119098, 13.085836858580199 ], [ 80.120878768329106, 13.085894148399801 ], [ 80.1210476830435, 13.086518012892199 ], [ 80.121165077579803, 13.086951592267599 ], [ 80.121165948945603, 13.0869548095831 ], [ 80.121265868554701, 13.087323844237799 ], [ 80.121304878794206, 13.087467923192699 ], [ 80.121343535995805, 13.087610695715901 ], [ 80.121657046233395, 13.0881033316846 ], [ 80.121923297900494, 13.088375486112101 ], [ 80.123492035762595, 13.089978973147501 ], [ 80.123903663588706, 13.091543693939199 ], [ 80.123906978372105, 13.091556292596501 ], [ 80.1240860494391, 13.0925393061148 ], [ 80.124118879269503, 13.092719533759 ], [ 80.1243219209816, 13.0938341365651 ], [ 80.124607773888201, 13.096044184857901 ], [ 80.124809057597304, 13.097128576426501 ], [ 80.124924471348294, 13.0978735792674 ], [ 80.124932052231003, 13.098251204387999 ], [ 80.125111865306494, 13.0989137537475 ], [ 80.124598535613799, 13.099497094833501 ], [ 80.124506319956595, 13.0995422889431 ], [ 80.124190129146299, 13.1010419904055 ], [ 80.124184895561399, 13.101068771252599 ], [ 80.124180488426603, 13.101095706960001 ], [ 80.124176910436901, 13.1011227616554 ], [ 80.124174333170302, 13.1011512311152 ], [ 80.123948384418497, 13.1038132226105 ], [ 80.124012934659802, 13.1039442888074 ], [ 80.124271140116903, 13.104454997735999 ], [ 80.123455014393102, 13.1046448031686 ], [ 80.123491898320296, 13.1050154036721 ], [ 80.123653268084695, 13.1062673134223 ], [ 80.123673299617195, 13.1063627754036 ], [ 80.123701983722597, 13.106456694873399 ], [ 80.123740875384499, 13.10654701841 ], [ 80.123785604299101, 13.1066258464194 ], [ 80.123786981416401, 13.1066333960518 ], [ 80.124105130554099, 13.107225456588299 ], [ 80.124598488901398, 13.109620805617499 ], [ 80.126862482369205, 13.1111077491471 ], [ 80.130394498166297, 13.110741665300701 ], [ 80.140211748426907, 13.107010702390401 ], [ 80.140196998988202, 13.106962982029 ], [ 80.140434387785206, 13.0986172525668 ], [ 80.140436241009596, 13.0985521122207 ], [ 80.141871521559906, 13.098201420960701 ], [ 80.141879394395005, 13.0981994978341 ], [ 80.143248392752099, 13.096750202378001 ], [ 80.143322456152305, 13.0966717946818 ], [ 80.144885311845897, 13.094316999062899 ], [ 80.1442904106339, 13.0927849206373 ], [ 80.144170404695103, 13.091135297252499 ], [ 80.144476873039096, 13.0908309863502 ], [ 80.144530006591495, 13.0907782273993 ], [ 80.145406763207106, 13.089922770119299 ], [ 80.145493553938294, 13.0898380875644 ], [ 80.146076405149103, 13.0882457809724 ], [ 80.1460974059639, 13.088188406826401 ], [ 80.147180854146598, 13.0877182834181 ], [ 80.150786286556794, 13.0872524342789 ], [ 80.152468978407697, 13.085724653619099 ], [ 80.154995275446893, 13.083369692131599 ], [ 80.160283344910795, 13.0820809518332 ], [ 80.161282904819004, 13.0812134374353 ] ] ] } },
{ "type": "Feature", "properties": { "ac_no": 8, "ac_name": "Ambattur", "district": "Thiruvallur", "male": 165363.0, "female": 171598.0, "third_gender": 58.0, "electors_total": 337019.0, "source": "OpenCity CKAN — TN SIR voter rolls 2026 (AC electors 06.04.2026) + Chennai AC map 2021", "metric": "registered_electors_18plus_not_total_population", "note": "SIR electors at assembly constituency level. Not GCC ward households; not total population (excludes under-18). Includes ACs on the OpenCity Chennai AC map (Chennai district + some adjoining ACs). Boundaries are 2021." }, "geometry": { "type": "Polygon", "coordinates": [ [ [ 80.169663098559994, 13.1429706101713 ], [ 80.170718837309494, 13.1409095312535 ], [ 80.171507424279994, 13.140913928832299 ], [ 80.175280246963695, 13.1388788106786 ], [ 80.175320864289205, 13.138856901333099 ], [ 80.175325476239905, 13.138856899583599 ], [ 80.175452943585498, 13.138832827732401 ], [ 80.1793973498783, 13.1380878422676 ], [ 80.182814385810502, 13.137445399991901 ], [ 80.186490372801501, 13.1400298223211 ], [ 80.187408081814297, 13.1400296228679 ], [ 80.188288191840897, 13.1395377146284 ], [ 80.188330282403498, 13.139514189591999 ], [ 80.189122962996805, 13.137326546433799 ], [ 80.192673472410505, 13.135784551393501 ], [ 80.192539450058405, 13.134623056192501 ], [ 80.195305346648496, 13.130762677662601 ], [ 80.196490347577395, 13.1302471488225 ], [ 80.200654962387404, 13.130890499631199 ], [ 80.200696144753294, 13.1308968622523 ], [ 80.204370326130601, 13.1272169617198 ], [ 80.204333537424802, 13.126771854625501 ], [ 80.204296318425904, 13.126322068059901 ], [ 80.204176382555701, 13.126186515339301 ], [ 80.2035522339946, 13.1260352853241 ], [ 80.203498180567394, 13.126023971829699 ], [ 80.203469924060101, 13.1260197542023 ], [ 80.203443467776594, 13.1260158051521 ], [ 80.203422855932502, 13.126013959229301 ], [ 80.203388354337307, 13.126010870151701 ], [ 80.203384799703798, 13.126010844781201 ], [ 80.203371000682694, 13.1260107520476 ], [ 80.203356954624894, 13.1260106575644 ], [ 80.203355675423893, 13.126010647941101 ], [ 80.203348834753001, 13.1260105928258 ], [ 80.203332455770493, 13.126010489594099 ], [ 80.202826156293199, 13.126008662917799 ], [ 80.202815832854, 13.126008627049099 ], [ 80.202813428063905, 13.1260086183007 ], [ 80.202806944024204, 13.126008594679901 ], [ 80.202779951446601, 13.1260084993218 ], [ 80.2027789650964, 13.126008495822401 ], [ 80.202750317821895, 13.126008394340399 ], [ 80.202748806855695, 13.1260083882165 ], [ 80.202736284340602, 13.1260083435994 ], [ 80.202735271939204, 13.1260083401 ], [ 80.2027060856757, 13.1260082359934 ], [ 80.202677689031205, 13.1260081353863 ], [ 80.202667523695496, 13.1260081003925 ], [ 80.202651851686994, 13.126008044402401 ], [ 80.202634994800704, 13.1260079831632 ], [ 80.202634017433695, 13.126007981413601 ], [ 80.2025841070365, 13.126007802070299 ], [ 80.202583162008807, 13.126007798571001 ], [ 80.202578470108094, 13.1260077819489 ], [ 80.2021619222092, 13.1260063008363 ], [ 80.202151951807807, 13.126006299961499 ], [ 80.202128698916695, 13.1260075492401 ], [ 80.202105410991294, 13.126008834387401 ], [ 80.202060020916605, 13.126012076562899 ], [ 80.202014849132496, 13.126017509350101 ], [ 80.202013447760706, 13.1260177368098 ], [ 80.201972113579501, 13.1260244276239 ], [ 80.201969911808803, 13.126024834426801 ], [ 80.201934142690803, 13.126031416759901 ], [ 80.201898336741905, 13.1260380069665 ], [ 80.201995455403903, 13.124086558856099 ], [ 80.201995512896104, 13.1240855798968 ], [ 80.201996271972504, 13.124072635588799 ], [ 80.201997304136697, 13.1240587403161 ], [ 80.201998554591597, 13.124044860789899 ], [ 80.202000022438796, 13.124031004009 ], [ 80.202466709805293, 13.1199343527803 ], [ 80.202471317264397, 13.1198939155675 ], [ 80.202476519408194, 13.1198482378954 ], [ 80.2024771033131, 13.119714142632599 ], [ 80.202477359333002, 13.1196553016695 ], [ 80.202476912870296, 13.119653176616101 ], [ 80.202476505035193, 13.1196513210219 ], [ 80.202441674656598, 13.119492932313401 ], [ 80.2024349184274, 13.119462186819099 ], [ 80.2024110412071, 13.1194113009748 ], [ 80.202352473745506, 13.1192864799593 ], [ 80.202351552972402, 13.1192845193781 ], [ 80.202350686996397, 13.119282718022999 ], [ 80.202248404818206, 13.1191501797193 ], [ 80.202231937800704, 13.119128840778901 ], [ 80.201988511426705, 13.1188744749725 ], [ 80.202135934846297, 13.1184089192587 ], [ 80.202153991881801, 13.1184089148844 ], [ 80.202155767851195, 13.1184089140095 ], [ 80.202166582668895, 13.118408911384901 ], [ 80.202237495677394, 13.118408892137699 ], [ 80.202249141436695, 13.1184088886382 ], [ 80.202312309170907, 13.118408871140799 ], [ 80.202478770586296, 13.118408824772599 ], [ 80.202509441765002, 13.1184088168987 ], [ 80.201633186409296, 13.1169371377507 ], [ 80.200747130433896, 13.1154489853798 ], [ 80.200734363577098, 13.1154277546036 ], [ 80.2007281822696, 13.115416250771499 ], [ 80.200727548957303, 13.1154150766789 ], [ 80.200721989284105, 13.1154047268165 ], [ 80.200718202885099, 13.1153971599557 ], [ 80.200710295015696, 13.1153813560732 ], [ 80.200701015418801, 13.115358616118099 ], [ 80.199717046670699, 13.113159051838499 ], [ 80.199566077600593, 13.112821125943301 ], [ 80.199554926812993, 13.112796167025399 ], [ 80.199542881303401, 13.1127692046022 ], [ 80.199542206668596, 13.1127678056497 ], [ 80.199540030050699, 13.1127632912064 ], [ 80.199538528067507, 13.1127600042367 ], [ 80.199537956738993, 13.1127587540158 ], [ 80.199535858274501, 13.112754228198799 ], [ 80.199533654707096, 13.1127511293308 ], [ 80.198975070585306, 13.111571801612699 ], [ 80.197458716182396, 13.1083702874085 ], [ 80.197458127785794, 13.1083690432897 ], [ 80.197457488185407, 13.1083676924321 ], [ 80.197403751863405, 13.1082536516796 ], [ 80.197346760945095, 13.108132702596199 ], [ 80.196937418433095, 13.1080968252171 ], [ 80.195289415925302, 13.107937049335501 ], [ 80.195282304861493, 13.107798348177701 ], [ 80.195253129377704, 13.107229319323899 ], [ 80.195253030562995, 13.1072244705627 ], [ 80.195252895815699, 13.1072223121552 ], [ 80.195252711661098, 13.107219370701699 ], [ 80.195252362216394, 13.107214269965599 ], [ 80.195253123987797, 13.1072112410207 ], [ 80.195250646434204, 13.1071794169745 ], [ 80.195226355988893, 13.1068675719004 ], [ 80.195127411051999, 13.1055954878547 ], [ 80.195126411227093, 13.105582640564201 ], [ 80.195125402418995, 13.105569655036 ], [ 80.195125051177698, 13.1055638665804 ], [ 80.195124831988807, 13.1055609881011 ], [ 80.195124608308305, 13.1055580789996 ], [ 80.195124258863601, 13.1055522914187 ], [ 80.195123627347996, 13.1055480393183 ], [ 80.195093765551306, 13.1049598392673 ], [ 80.195020696586099, 13.1035205393786 ], [ 80.194910332265295, 13.1013216733334 ], [ 80.1949044141641, 13.1012666286799 ], [ 80.194903108912001, 13.101254491609099 ], [ 80.194902871756796, 13.1012522832781 ], [ 80.194900451695403, 13.101237838133001 ], [ 80.194891413745296, 13.1011848434295 ], [ 80.194891217912598, 13.101183684142899 ], [ 80.194874217295904, 13.1011161664065 ], [ 80.194851135983001, 13.1010508648588 ], [ 80.194282865327494, 13.099559848970699 ], [ 80.194310625066393, 13.0995447448972 ], [ 80.194328927341999, 13.099533412685499 ], [ 80.194337538592293, 13.0995281009299 ], [ 80.194347227820998, 13.099522107596499 ], [ 80.1943849157404, 13.099501158051501 ], [ 80.194402781434803, 13.0994922861671 ], [ 80.194423566653796, 13.0994819653829 ], [ 80.194462663131603, 13.0994648935659 ], [ 80.194864928715802, 13.099298845760901 ], [ 80.195744282360906, 13.098935859139999 ], [ 80.195745344169595, 13.098935421669299 ], [ 80.195796448427799, 13.0989125157055 ], [ 80.195803090571005, 13.0989090430632 ], [ 80.195835211630595, 13.0988922529377 ], [ 80.195846101008499, 13.0988865605686 ], [ 80.195856613992206, 13.098880228617199 ], [ 80.195859580229296, 13.098878441986701 ], [ 80.195894044993494, 13.098857685749101 ], [ 80.195913253669204, 13.0988444723813 ], [ 80.195917034678303, 13.0988418711799 ], [ 80.195939852784804, 13.0988261747269 ], [ 80.195959241123603, 13.098811256971 ], [ 80.195979456810704, 13.098795620012 ], [ 80.196001054106802, 13.098620025259301 ], [ 80.196022654996099, 13.098444409382701 ], [ 80.196028870439605, 13.098352159747501 ], [ 80.196028994407101, 13.0983503206166 ], [ 80.196027019910105, 13.098300193356501 ], [ 80.196025264602, 13.098255617604099 ], [ 80.196019522570694, 13.098216658983 ], [ 80.196011440428094, 13.098161816622399 ], [ 80.195999298798696, 13.098114561765801 ], [ 80.195988489370905, 13.0980724865707 ], [ 80.195605501632699, 13.0968613287561 ], [ 80.195598471417298, 13.0968388828224 ], [ 80.195590333579105, 13.0968161630277 ], [ 80.195581647768606, 13.0967941851875 ], [ 80.195577315194001, 13.096783923786701 ], [ 80.195576872324594, 13.0967825352428 ], [ 80.195574728944294, 13.096775817384801 ], [ 80.1955731766555, 13.096770954418499 ], [ 80.194008391380606, 13.093212095641301 ], [ 80.193967693206702, 13.093119535184799 ], [ 80.194029277211001, 13.0930832653848 ], [ 80.194082956939098, 13.093051678377 ], [ 80.194107444115403, 13.0930387341862 ], [ 80.194129628011396, 13.093024427678399 ], [ 80.194151445394695, 13.0930094850721 ], [ 80.194170533696195, 13.092992937783899 ], [ 80.195402722228593, 13.0920696162409 ], [ 80.195899253425594, 13.091698804635699 ], [ 80.195900220911099, 13.091697977791901 ], [ 80.195986495111001, 13.0916244761789 ], [ 80.196012000976793, 13.0915967598397 ], [ 80.196063674767004, 13.0915406236781 ], [ 80.196066658071999, 13.0915364317085 ], [ 80.196082773848204, 13.091513781422201 ], [ 80.196085783204396, 13.091509550953599 ], [ 80.196128193567304, 13.0914499463995 ], [ 80.196128926592607, 13.0914489174372 ], [ 80.196129585057605, 13.0914479925962 ], [ 80.196134414400603, 13.0914392131684 ], [ 80.196184242152796, 13.0913486390986 ], [ 80.196184959008406, 13.0913473362709 ], [ 80.196505016167706, 13.090648711642899 ], [ 80.196512159570901, 13.090633138038701 ], [ 80.196515699831394, 13.0906296661546 ], [ 80.196576692744202, 13.090569847894701 ], [ 80.196108595022693, 13.0887546193793 ], [ 80.196098746792302, 13.0887193262867 ], [ 80.196087421731505, 13.088684570425301 ], [ 80.196074619840402, 13.0886501724249 ], [ 80.196059784163495, 13.088617520875699 ], [ 80.1940709419722, 13.084124460382 ], [ 80.193393320295499, 13.0825935838382 ], [ 80.193160891995504, 13.082066540564099 ], [ 80.192235429623494, 13.0799679874227 ], [ 80.192231131184897, 13.079952698396401 ], [ 80.192224896876795, 13.0799394446395 ], [ 80.192222333084999, 13.079934215587301 ], [ 80.192218446074705, 13.079926290632899 ], [ 80.192217791202907, 13.0799250096201 ], [ 80.192211779676995, 13.079913244251699 ], [ 80.191448153294999, 13.0784455167086 ], [ 80.191382090290702, 13.078318540764799 ], [ 80.191180949413805, 13.076655304130099 ], [ 80.191093182213905, 13.075929692411099 ], [ 80.191084865611003, 13.075860942722899 ], [ 80.190098889128194, 13.075197300609799 ], [ 80.189219469906007, 13.074473751418701 ], [ 80.189136542828905, 13.074442350157501 ], [ 80.1869510342691, 13.073614778569199 ], [ 80.184614609639894, 13.073122518795 ], [ 80.182503318990598, 13.072947819287201 ], [ 80.182498631581396, 13.0729471927632 ], [ 80.182396212859302, 13.072933506363301 ], [ 80.181183151255794, 13.0727713975885 ], [ 80.180244922027001, 13.0725287837487 ], [ 80.179459159359695, 13.072354048819101 ], [ 80.179276159061601, 13.0722860681661 ], [ 80.178786994948396, 13.0724567561057 ], [ 80.178343486811201, 13.072672517833899 ], [ 80.178205326818798, 13.0728967409496 ], [ 80.178112996177205, 13.073113620585101 ], [ 80.177833732413305, 13.0739744108664 ], [ 80.177757073780199, 13.0740626278641 ], [ 80.177750181905296, 13.0740705591321 ], [ 80.175787225567305, 13.076329503201 ], [ 80.174464422175404, 13.078209890192699 ], [ 80.173501215290202, 13.08009472364 ], [ 80.1738565214429, 13.0816267803276 ], [ 80.173767083376603, 13.081704784184801 ], [ 80.172773242143506, 13.0825715679795 ], [ 80.171210438552095, 13.083394409908101 ], [ 80.169052635832301, 13.082920236614999 ], [ 80.168089040874804, 13.082915879124201 ], [ 80.164004378819996, 13.084444134813401 ], [ 80.162441284174506, 13.0836172906582 ], [ 80.161841654230798, 13.0818502366769 ], [ 80.161366670922604, 13.0811407359498 ], [ 80.161282904819004, 13.0812134374353 ], [ 80.160283344910795, 13.0820809518332 ], [ 80.154995275446893, 13.083369692131599 ], [ 80.152468978407697, 13.085724653619099 ], [ 80.150786286556794, 13.0872524342789 ], [ 80.147180854146598, 13.0877182834181 ], [ 80.1460974059639, 13.088188406826401 ], [ 80.146076405149103, 13.0882457809724 ], [ 80.145493553938294, 13.0898380875644 ], [ 80.145406763207106, 13.089922770119299 ], [ 80.144530006591495, 13.0907782273993 ], [ 80.144476873039096, 13.0908309863502 ], [ 80.144170404695103, 13.091135297252499 ], [ 80.1442904106339, 13.0927849206373 ], [ 80.144885311845897, 13.094316999062899 ], [ 80.143322456152305, 13.0966717946818 ], [ 80.143248392752099, 13.096750202378001 ], [ 80.141879394395005, 13.0981994978341 ], [ 80.141871521559906, 13.098201420960701 ], [ 80.140436241009596, 13.0985521122207 ], [ 80.140434387785206, 13.0986172525668 ], [ 80.140196998988202, 13.106962982029 ], [ 80.140211748426907, 13.107010702390401 ], [ 80.141954162074398, 13.112648444090899 ], [ 80.142078832066204, 13.115120620736 ], [ 80.143333262885207, 13.1179678381285 ], [ 80.143811622062202, 13.1224765436429 ], [ 80.144080816610099, 13.125013728572901 ], [ 80.147101517635605, 13.1284754430625 ], [ 80.147982470281903, 13.130454919084 ], [ 80.147092850689702, 13.1346581546146 ], [ 80.145779117587296, 13.139411672999801 ], [ 80.148772034619398, 13.1393346523397 ], [ 80.151004127114902, 13.1403694673823 ], [ 80.154287774007202, 13.1423080815732 ], [ 80.155472978853695, 13.1424390406385 ], [ 80.158101575139199, 13.142054615432899 ], [ 80.161652346861104, 13.140513047250799 ], [ 80.164414111200898, 13.1361332513522 ], [ 80.165862076861302, 13.1357488967531 ], [ 80.167435156281201, 13.1394908753794 ], [ 80.167956496251307, 13.1410364897691 ], [ 80.168219533746196, 13.1421979791178 ], [ 80.169663098559994, 13.1429706101713 ] ] ] } },
{ "type": "Feature", "properties": { "ac_no": 9, "ac_name": "Madavaram", "district": "Thiruvallur", "male": 211240.0, "female": 220475.0, "third_gender": 81.0, "electors_total": 431796.0, "source": "OpenCity CKAN — TN SIR voter rolls 2026 (AC electors 06.04.2026) + Chennai AC map 2021", "metric": "registered_electors_18plus_not_total_population", "note": "SIR electors at assembly constituency level. Not GCC ward households; not total population (excludes under-18). Includes ACs on the OpenCity Chennai AC map (Chennai district + some adjoining ACs). Boundaries are 2021." }, "geometry": { "type": "Polygon", "coordinates": [ [ [ 80.192267136559707, 13.2719958216768 ], [ 80.1922991013125, 13.270771043349001 ], [ 80.193457229139796, 13.270829501703901 ], [ 80.194721482137993, 13.2708969673546 ], [ 80.1953259881371, 13.2711544187213 ], [ 80.195939854581397, 13.2718728490803 ], [ 80.195930271354001, 13.2706254818881 ], [ 80.195851525934501, 13.269558912166699 ], [ 80.195634407621895, 13.2686415202467 ], [ 80.195684784244705, 13.2673263472096 ], [ 80.195882885222801, 13.2662823000703 ], [ 80.196076240401197, 13.2647953477339 ], [ 80.195983757944305, 13.264085818324499 ], [ 80.195503317370793, 13.2619843988497 ], [ 80.195424530628799, 13.260750607845299 ], [ 80.195414720127602, 13.2587032961767 ], [ 80.195465041953199, 13.2571937849343 ], [ 80.196046316620695, 13.257003815392499 ], [ 80.195967625100096, 13.256099942961701 ], [ 80.195916396874395, 13.2544367956915 ], [ 80.195985417132604, 13.2537904962743 ], [ 80.196091367132198, 13.253221014675701 ], [ 80.196266545799105, 13.2527328676683 ], [ 80.196418653932895, 13.2522402060626 ], [ 80.195219745286707, 13.251351001422099 ], [ 80.198648815050504, 13.2466420406881 ], [ 80.202405937877998, 13.2418525945724 ], [ 80.203257185932799, 13.2420670206337 ], [ 80.205356342139297, 13.242174864057301 ], [ 80.206989385900997, 13.2418218469625 ], [ 80.208728438052802, 13.2411840616276 ], [ 80.209923354585897, 13.241292149409 ], [ 80.209955651715305, 13.241301177052501 ], [ 80.208691061848796, 13.2398011172131 ], [ 80.208727573873503, 13.2386305661989 ], [ 80.209308630250405, 13.2379569823604 ], [ 80.210069555398306, 13.237138716713201 ], [ 80.210000098558893, 13.236393026831401 ], [ 80.209566093698996, 13.2353672480798 ], [ 80.208384790235797, 13.234499882589001 ], [ 80.208601522272801, 13.234224127622801 ], [ 80.2089287542763, 13.233302054384501 ], [ 80.209075643198304, 13.231137185196101 ], [ 80.209688902381501, 13.230251174888 ], [ 80.210703579139306, 13.229577449827699 ], [ 80.211400060047097, 13.229251822303899 ], [ 80.211829017273402, 13.2290483063016 ], [ 80.215288370143696, 13.227542171194001 ], [ 80.219587658584501, 13.227039010288999 ], [ 80.223993039857007, 13.2265583357444 ], [ 80.222421167772794, 13.2413375630695 ], [ 80.222541020997994, 13.241093467714601 ], [ 80.223449598635995, 13.2404197306667 ], [ 80.224759849868306, 13.2405231869025 ], [ 80.226392213605394, 13.238606314414801 ], [ 80.226797914347301, 13.2379282402351 ], [ 80.228061294182993, 13.2362917051242 ], [ 80.230146310907003, 13.2357937407933 ], [ 80.230552281143403, 13.2357845389296 ], [ 80.230355815099202, 13.2294438134268 ], [ 80.230404870300305, 13.2254802228766 ], [ 80.231788742063401, 13.2253214863658 ], [ 80.233665902105301, 13.2244439427492 ], [ 80.234883429234003, 13.2236886881381 ], [ 80.234301858122507, 13.222965814744301 ], [ 80.233812553872099, 13.2222474219001 ], [ 80.234102488723295, 13.220688087021101 ], [ 80.234060814978903, 13.220331065908001 ], [ 80.232432131639598, 13.219689970273 ], [ 80.231168007100393, 13.2193289249457 ], [ 80.230844957652906, 13.219008172260301 ], [ 80.230396730665404, 13.2172141229576 ], [ 80.229958118346502, 13.2163194436373 ], [ 80.228693847381905, 13.215560671014501 ], [ 80.228084654872006, 13.2148829901054 ], [ 80.227678518447206, 13.214404085261201 ], [ 80.228047284956205, 13.213762174728499 ], [ 80.229514023609397, 13.213363885642501 ], [ 80.232364685229697, 13.2130915751729 ], [ 80.232728928721301, 13.212689193916001 ], [ 80.232732549830203, 13.210415898629901 ], [ 80.231675414200396, 13.2085769042477 ], [ 80.231794932354106, 13.2076543518564 ], [ 80.234313512865, 13.207595099982001 ], [ 80.234294832398703, 13.207070849132799 ], [ 80.234756096635806, 13.2070390214329 ], [ 80.234995945020003, 13.207002765853201 ], [ 80.235636995383203, 13.206717771587201 ], [ 80.2358939476904, 13.2038619860155 ], [ 80.236398119957101, 13.201974169045799 ], [ 80.236241932573606, 13.1991663758944 ], [ 80.235886656065205, 13.197710208779901 ], [ 80.235410172570596, 13.196665224861601 ], [ 80.234548679230002, 13.1963256456254 ], [ 80.233503484905299, 13.1963477177522 ], [ 80.231823921886601, 13.196510664158801 ], [ 80.2304174862401, 13.196993575619601 ], [ 80.227055893428897, 13.198100503432601 ], [ 80.222751305826193, 13.199762080427201 ], [ 80.222386744331104, 13.1993599833066 ], [ 80.222266421287003, 13.1983657403474 ], [ 80.222672049265299, 13.197646985607101 ], [ 80.222754344826797, 13.1958075189958 ], [ 80.222157358624997, 13.1908498573104 ], [ 80.222443018393804, 13.190054317145201 ], [ 80.222935602393306, 13.187658794928 ], [ 80.223751091211597, 13.185380653023101 ], [ 80.223949935994696, 13.184308804403001 ], [ 80.223958199597007, 13.1842642573897 ], [ 80.224488511940095, 13.183983841573401 ], [ 80.22538321959, 13.1837484798417 ], [ 80.226845343597702, 13.1837479017054 ], [ 80.226941736420898, 13.183760709917999 ], [ 80.227171488639598, 13.183791238312701 ], [ 80.228676561999293, 13.183991220895001 ], [ 80.229735597565806, 13.184189440919599 ], [ 80.229772405136302, 13.1841963295635 ], [ 80.230941425934603, 13.184415126997299 ], [ 80.234198285963501, 13.184703849607599 ], [ 80.237739969429597, 13.1853031386505 ], [ 80.240045863915597, 13.1855010042602 ], [ 80.242091565871107, 13.185377283061699 ], [ 80.242104173726105, 13.185376520381601 ], [ 80.243131369405702, 13.1842048870152 ], [ 80.242594096017399, 13.1830359069466 ], [ 80.243136823976101, 13.181929435709 ], [ 80.243168406944804, 13.181865047800301 ], [ 80.244409116896193, 13.181368694613001 ], [ 80.244484895180307, 13.181338379329899 ], [ 80.244747865301605, 13.1801393823821 ], [ 80.2447580557902, 13.180092919121501 ], [ 80.244028173723507, 13.17916076307 ], [ 80.243405224413294, 13.1760959593684 ], [ 80.242453466556299, 13.173314114579499 ], [ 80.241790973407305, 13.1711368948763 ], [ 80.241829942324401, 13.1698863078117 ], [ 80.241834537206998, 13.1677112697346 ], [ 80.241834823769594, 13.167575245679799 ], [ 80.243091953127603, 13.1682751953925 ], [ 80.248628336698999, 13.166050184395001 ], [ 80.250531248745204, 13.1660028411337 ], [ 80.251662592403903, 13.165601418018801 ], [ 80.251739816975601, 13.165574017045801 ], [ 80.254050694416406, 13.1650598874196 ], [ 80.256726401050301, 13.1636239811397 ], [ 80.258153232046993, 13.1625117758761 ], [ 80.258175093447804, 13.162494736430499 ], [ 80.258599692048307, 13.162044999603401 ], [ 80.258682645176606, 13.1619571360643 ], [ 80.259541280077997, 13.160226583203601 ], [ 80.2595602156658, 13.159236804144401 ], [ 80.259279731091397, 13.1573701691123 ], [ 80.259280506337504, 13.155670813804001 ], [ 80.258778822404196, 13.153659377625001 ], [ 80.258618047324504, 13.1522717914255 ], [ 80.258415800621407, 13.1507034630263 ], [ 80.258190992729993, 13.1498502262108 ], [ 80.2581883669544, 13.1498509767549 ], [ 80.258144229131304, 13.149852884606499 ], [ 80.254723132813893, 13.1500008003564 ], [ 80.2544322286805, 13.1495474313418 ], [ 80.251451666178497, 13.1498185100347 ], [ 80.251446367914994, 13.1498062782634 ], [ 80.251439515566005, 13.1498068932199 ], [ 80.251310562406999, 13.149499464686899 ], [ 80.2512184177167, 13.149305122397299 ], [ 80.250969501737998, 13.1490112179467 ], [ 80.250531703292694, 13.148495780794899 ], [ 80.250512321242098, 13.148472868078001 ], [ 80.250507228692797, 13.148234153359301 ], [ 80.250501919649395, 13.1481773959243 ], [ 80.250439913436907, 13.147903461053 ], [ 80.250373380613794, 13.1476095348032 ], [ 80.250325406086006, 13.147471799916699 ], [ 80.250191102561104, 13.147230075017101 ], [ 80.250045040089205, 13.1470268581364 ], [ 80.2499843103827, 13.146948183926201 ], [ 80.249972928728099, 13.1469359616343 ], [ 80.249702516962998, 13.1466875468306 ], [ 80.249599453250397, 13.1466111154259 ], [ 80.249564725279797, 13.146587537706599 ], [ 80.249472785405402, 13.1465251183671 ], [ 80.249365953260295, 13.1464839306045 ], [ 80.248854110279396, 13.146492617965301 ], [ 80.247901722703403, 13.1472533132642 ], [ 80.247847228203298, 13.1472620837009 ], [ 80.247537595992796, 13.147344651407 ], [ 80.247535759836396, 13.147312216721501 ], [ 80.247528037918201, 13.1473134597684 ], [ 80.247467645978304, 13.1461091333688 ], [ 80.247351821697194, 13.1440633107458 ], [ 80.244526558144798, 13.1443345477108 ], [ 80.244160446157494, 13.1443813352981 ], [ 80.2423389115947, 13.144562912341801 ], [ 80.242338281875604, 13.144544607593099 ], [ 80.242326681032097, 13.144545722061499 ], [ 80.242290672962199, 13.1434834065908 ], [ 80.241750638152794, 13.143445061361801 ], [ 80.240885710552803, 13.143392972410799 ], [ 80.240784739914901, 13.143367176807001 ], [ 80.240163338401899, 13.1432415351717 ], [ 80.240164037291194, 13.143208603066601 ], [ 80.240161598365205, 13.143207980220501 ], [ 80.240179151445901, 13.141183214120799 ], [ 80.240221695657695, 13.1404929549971 ], [ 80.240222862569297, 13.140437975976299 ], [ 80.240260998747999, 13.139855293651101 ], [ 80.240504239170804, 13.1359087586588 ], [ 80.240519365003493, 13.1359075339252 ], [ 80.240520064791099, 13.1358968446249 ], [ 80.243080074704693, 13.1356678901815 ], [ 80.243070757378504, 13.135555929273499 ], [ 80.2428874848909, 13.1338920130329 ], [ 80.241877568305796, 13.1338879302624 ], [ 80.241812882418799, 13.1336916938766 ], [ 80.241647249250093, 13.1333534646565 ], [ 80.241435024959102, 13.1325454089244 ], [ 80.241415792927199, 13.132487067057999 ], [ 80.241415785740699, 13.132468988862501 ], [ 80.2414175203875, 13.130220777074101 ], [ 80.241404902651098, 13.129913740427 ], [ 80.241412118817706, 13.129601073850999 ], [ 80.241389307897705, 13.129180318574001 ], [ 80.241418556145106, 13.128876395913 ], [ 80.241418706163699, 13.128681600751101 ], [ 80.241419839837604, 13.1286601524091 ], [ 80.241416732565, 13.1285139585981 ], [ 80.241385551143196, 13.1283515417299 ], [ 80.241443352341804, 13.1282152911342 ], [ 80.241450716730498, 13.1280759697829 ], [ 80.241420076992796, 13.1280740110215 ], [ 80.239905860580194, 13.127977193596699 ], [ 80.238291743423204, 13.127666022280501 ], [ 80.236571646622295, 13.1275356650987 ], [ 80.236338205920902, 13.1275386824202 ], [ 80.236329305413093, 13.127538797024201 ], [ 80.236297679325205, 13.127539205574299 ], [ 80.236261385591106, 13.127539677987601 ], [ 80.236258289098302, 13.127539718230199 ], [ 80.236253706792098, 13.1275397768445 ], [ 80.236250787267394, 13.1275398153374 ], [ 80.236242846160295, 13.1275399185685 ], [ 80.236240138637996, 13.1275399544369 ], [ 80.236236136643399, 13.1275400051776 ], [ 80.236233990568195, 13.127540033172499 ], [ 80.236227817345593, 13.1275401136577 ], [ 80.236223208988207, 13.1275401731468 ], [ 80.2362216782589, 13.1275401932681 ], [ 80.236218541341898, 13.1275402343856 ], [ 80.236206210168007, 13.127540393606401 ], [ 80.236185348592201, 13.1275406639318 ], [ 80.236178915756398, 13.1275407470415 ], [ 80.236176005214901, 13.1275407864093 ], [ 80.236104730185303, 13.127541709365 ], [ 80.235769407056097, 13.1275460581923 ], [ 80.235722892290696, 13.1275466609567 ], [ 80.235572807162896, 13.127548606599801 ], [ 80.2354880026068, 13.1275497071478 ], [ 80.235480569946105, 13.1275424661012 ], [ 80.235472944147702, 13.1275350369639 ], [ 80.234792138841598, 13.1268718272052 ], [ 80.234763022646604, 13.126843463079201 ], [ 80.234611463383501, 13.1266958238221 ], [ 80.234226391553804, 13.1267020395782 ], [ 80.232837219730399, 13.1267245204053 ], [ 80.232822773922393, 13.126724753988199 ], [ 80.232811294351293, 13.1267249403297 ], [ 80.231619545277994, 13.126744220106501 ], [ 80.231176027259295, 13.1267514174345 ], [ 80.231136118704498, 13.1267508837807 ], [ 80.226699458093805, 13.126694305970201 ], [ 80.226640025554602, 13.1266935466069 ], [ 80.226419478372605, 13.1266907322384 ], [ 80.226357138885106, 13.1266899720002 ], [ 80.224966731878297, 13.127651765027499 ], [ 80.223886095422401, 13.128399267563401 ], [ 80.223068058083598, 13.129218416703401 ], [ 80.222346461178802, 13.129940987914299 ], [ 80.222330649931493, 13.1299447549364 ], [ 80.222314708428499, 13.1299485761981 ], [ 80.220760274440593, 13.1303211882895 ], [ 80.217969690349904, 13.1306501572525 ], [ 80.217950689185002, 13.1306523968133 ], [ 80.217942483973104, 13.1306533643736 ], [ 80.217915146442394, 13.1306566108619 ], [ 80.215747880869401, 13.130969181612899 ], [ 80.214823327592498, 13.131080188426299 ], [ 80.213898771620606, 13.1311912424302 ], [ 80.206141325068899, 13.1278672255639 ], [ 80.206124025313102, 13.1278575848449 ], [ 80.205306526963497, 13.1274019537111 ], [ 80.205306489234303, 13.1274019510866 ], [ 80.204370326130601, 13.1272169617198 ], [ 80.200696144753294, 13.1308968622523 ], [ 80.200654962387404, 13.130890499631199 ], [ 80.196490347577395, 13.1302471488225 ], [ 80.195305346648496, 13.130762677662601 ], [ 80.192539450058405, 13.134623056192501 ], [ 80.192673472410505, 13.135784551393501 ], [ 80.189122962996805, 13.137326546433799 ], [ 80.188330282403498, 13.139514189591999 ], [ 80.188288191840897, 13.1395377146284 ], [ 80.187408081814297, 13.1400296228679 ], [ 80.186490372801501, 13.1400298223211 ], [ 80.182814385810502, 13.137445399991901 ], [ 80.1793973498783, 13.1380878422676 ], [ 80.175452943585498, 13.138832827732401 ], [ 80.175325476239905, 13.138856899583599 ], [ 80.175320864289205, 13.138856901333099 ], [ 80.175280246963695, 13.1388788106786 ], [ 80.171507424279994, 13.140913928832299 ], [ 80.170718837309494, 13.1409095312535 ], [ 80.169663098559994, 13.1429706101713 ], [ 80.168219533746196, 13.1421979791178 ], [ 80.167956496251307, 13.1410364897691 ], [ 80.167435156281201, 13.1394908753794 ], [ 80.165862076861302, 13.1357488967531 ], [ 80.164414111200898, 13.1361332513522 ], [ 80.161652346861104, 13.140513047250799 ], [ 80.158101575139199, 13.142054615432899 ], [ 80.155472978853695, 13.1424390406385 ], [ 80.154287774007202, 13.1423080815732 ], [ 80.151004127114902, 13.1403694673823 ], [ 80.148772034619398, 13.1393346523397 ], [ 80.145779117587296, 13.139411672999801 ], [ 80.145734071567404, 13.139448420604699 ], [ 80.144266582820904, 13.140645595023001 ], [ 80.143630262087797, 13.142254589222301 ], [ 80.144764766917902, 13.1429957392311 ], [ 80.144764815426996, 13.1438634941416 ], [ 80.141356814749898, 13.144473794227601 ], [ 80.138958821387703, 13.1470681052923 ], [ 80.137695230447804, 13.1479313766148 ], [ 80.136938937911793, 13.149413808923001 ], [ 80.135799845385407, 13.150277067615701 ], [ 80.134789862324993, 13.1502725643589 ], [ 80.134914396671206, 13.151262344622101 ], [ 80.134158068202495, 13.151881535656401 ], [ 80.1352925694394, 13.151510914872199 ], [ 80.136680711793502, 13.1508962296466 ], [ 80.137312560713198, 13.152134574386199 ], [ 80.137603147741302, 13.1536892930764 ], [ 80.137684526122897, 13.1541012737566 ], [ 80.137643792914602, 13.154147149746199 ], [ 80.1376450622341, 13.154133264923299 ], [ 80.135376076828294, 13.1546259617795 ], [ 80.1338588079403, 13.155118624405301 ], [ 80.129320777839794, 13.155109641687501 ], [ 80.121508427156101, 13.1511459549449 ], [ 80.118856682184102, 13.1508927778582 ], [ 80.107124148279297, 13.154457960334099 ], [ 80.104725987830506, 13.1547018037339 ], [ 80.100815123732005, 13.1552528166704 ], [ 80.096904228192599, 13.155803723399799 ], [ 80.091102148112995, 13.1586366701583 ], [ 80.087052555388595, 13.160922915076601 ], [ 80.076836001289294, 13.166647265887301 ], [ 80.071785555980995, 13.1678755044006 ], [ 80.068068077603698, 13.1674999806364 ], [ 80.068063713588003, 13.1674995397891 ], [ 80.064346494823795, 13.167123522118599 ], [ 80.062844358056793, 13.1616816762123 ], [ 80.062088447304802, 13.1599505160971 ], [ 80.060456878576701, 13.155991013648601 ], [ 80.062606721324798, 13.153153331918199 ], [ 80.062104195670003, 13.152534031252699 ], [ 80.059074398303906, 13.152031568832699 ], [ 80.056427109873994, 13.152523466891299 ], [ 80.054411982079202, 13.151777177628199 ], [ 80.053023989743807, 13.151279630654701 ], [ 80.052775395362005, 13.1497971632622 ], [ 80.053532293362494, 13.147822364893401 ], [ 80.054547255784598, 13.1464622913679 ], [ 80.055308814244796, 13.144238914152099 ], [ 80.055563330320993, 13.141152170413299 ], [ 80.055320221950595, 13.1365783677251 ], [ 80.055283345209901, 13.136524122665801 ], [ 80.054900548812796, 13.1366776775834 ], [ 80.051118948690501, 13.1373138197752 ], [ 80.048310444108097, 13.137660962161201 ], [ 80.044436668752795, 13.138034845884601 ], [ 80.041977958260603, 13.1380457231742 ], [ 80.041904796768904, 13.138046046851001 ], [ 80.040806210177095, 13.1380509063766 ], [ 80.040801359274496, 13.1380509273719 ], [ 80.040662511172599, 13.1380515406081 ], [ 80.039966245860498, 13.1392513322363 ], [ 80.039163263387593, 13.1407741370494 ], [ 80.038688222587297, 13.1408914746732 ], [ 80.038088478557498, 13.1415149573597 ], [ 80.038207984134701, 13.1425680567343 ], [ 80.038041170579703, 13.144678628064201 ], [ 80.037800358303201, 13.1473360384317 ], [ 80.038389606417198, 13.1501474126263 ], [ 80.039264958067704, 13.1525340496224 ], [ 80.039292318954594, 13.1533656568417 ], [ 80.038811475935802, 13.156606002755399 ], [ 80.038409917325794, 13.1574645720495 ], [ 80.038344899062096, 13.157536610663101 ], [ 80.037251835312603, 13.1587477038169 ], [ 80.036056917881197, 13.1598409953819 ], [ 80.035415264748494, 13.161363844668999 ], [ 80.035571256299306, 13.1634700118605 ], [ 80.035685755565396, 13.1655400059316 ], [ 80.035440574781703, 13.167451683360699 ], [ 80.034923287111795, 13.1693271013205 ], [ 80.034124958810395, 13.170411492091899 ], [ 80.032642572403205, 13.171732596838099 ], [ 80.032583944754506, 13.1717848459562 ], [ 80.032555537330396, 13.171816773586199 ], [ 80.031928717179596, 13.172521279623099 ], [ 80.031139873290897, 13.1729051348639 ], [ 80.030157326575903, 13.1732572746111 ], [ 80.029437822745706, 13.1732524717626 ], [ 80.028400033233893, 13.173346968292099 ], [ 80.028402415566106, 13.1733814314042 ], [ 80.028743884968506, 13.1783186005822 ], [ 80.028904704963907, 13.179792036015 ], [ 80.028609221219199, 13.1804969660413 ], [ 80.028475169222602, 13.1812019613843 ], [ 80.028802140714703, 13.182422367027099 ], [ 80.029484100355901, 13.184058710584599 ], [ 80.029561468658002, 13.185886944376501 ], [ 80.029561754322302, 13.185893674664401 ], [ 80.031120540647706, 13.1864501914228 ], [ 80.031554113417897, 13.1864503593516 ], [ 80.033142151583903, 13.1875915012733 ], [ 80.033158792874502, 13.1876034591489 ], [ 80.0332154145852, 13.187640268621101 ], [ 80.042140903670003, 13.193442485892099 ], [ 80.042174097318096, 13.193464064127999 ], [ 80.042258546141298, 13.1935204699703 ], [ 80.043128677681693, 13.1941016488858 ], [ 80.043488312815796, 13.194522088909 ], [ 80.043594185560295, 13.195127742824999 ], [ 80.045543311436205, 13.195092735278299 ], [ 80.045630453408606, 13.195091169747201 ], [ 80.046311044017301, 13.195078940237799 ], [ 80.046199698736203, 13.1969409523137 ], [ 80.049769948628295, 13.1968020050068 ], [ 80.051958399170701, 13.196820520998701 ], [ 80.0519886346665, 13.196820777254199 ], [ 80.051974565252607, 13.197539378748001 ], [ 80.053381355733606, 13.197779345031099 ], [ 80.054409874631602, 13.198132178370001 ], [ 80.056120932584193, 13.198950720927501 ], [ 80.056586683906204, 13.199384732257901 ], [ 80.056748168654906, 13.1992537118164 ], [ 80.057015923203394, 13.198530664596399 ], [ 80.058242852998305, 13.198693719744901 ], [ 80.058690224789501, 13.198897225207601 ], [ 80.058999204823095, 13.1991368481947 ], [ 80.059363550722594, 13.199335808953901 ], [ 80.061120855742601, 13.199819885020601 ], [ 80.062061716136895, 13.2003037309882 ], [ 80.062693482411603, 13.200945674283901 ], [ 80.063528029886896, 13.2022475221628 ], [ 80.063753736093702, 13.203413622224801 ], [ 80.064058066447302, 13.203834019111 ], [ 80.064178002317504, 13.203820491307001 ], [ 80.065151632354997, 13.2035482086728 ], [ 80.065179053429105, 13.203540539584999 ], [ 80.065280142644696, 13.2035054186754 ], [ 80.068103823365405, 13.2025243802576 ], [ 80.070682587407106, 13.2016075352147 ], [ 80.073787257555495, 13.2003744153856 ], [ 80.074054944730406, 13.1997326997291 ], [ 80.074954443095805, 13.1996560662391 ], [ 80.075484538944906, 13.2012786956479 ], [ 80.076259470624805, 13.2013195366054 ], [ 80.076397008084697, 13.201290502426801 ], [ 80.077200515173701, 13.2011208783162 ], [ 80.0776098217531, 13.2021595366289 ], [ 80.077661076029997, 13.2022741572748 ], [ 80.077728724560799, 13.202381741058501 ], [ 80.077769039154106, 13.2024478246057 ], [ 80.078943686999395, 13.2032228236439 ], [ 80.078965815199794, 13.203237429824799 ], [ 80.079062799114496, 13.203301443910201 ], [ 80.081697153600899, 13.205040223421801 ], [ 80.084197207257404, 13.205537840379799 ], [ 80.085705918794005, 13.203820688084599 ], [ 80.090212586012996, 13.204024826834599 ], [ 80.099881160602493, 13.2028601447462 ], [ 80.1069156448103, 13.2028744623405 ], [ 80.106549029766398, 13.215385939969201 ], [ 80.1065484835907, 13.215404541129899 ], [ 80.106545362843406, 13.2155110487081 ], [ 80.106854297961206, 13.2169076134265 ], [ 80.108385734179507, 13.217911090103801 ], [ 80.109119186151105, 13.2181913646554 ], [ 80.109127176665496, 13.218195931376 ], [ 80.109306107595401, 13.218298161356 ], [ 80.110479975703001, 13.2189688366756 ], [ 80.113709107434005, 13.219308040734299 ], [ 80.113935137034204, 13.2194752787835 ], [ 80.114093727411102, 13.2217563558113 ], [ 80.114100002143402, 13.221846616732099 ], [ 80.114101044189098, 13.2218616030815 ], [ 80.114151468422605, 13.2265257611525 ], [ 80.114774212018602, 13.2271404573968 ], [ 80.115226285592101, 13.2274704111822 ], [ 80.115392172085706, 13.2304713887959 ], [ 80.113297768865394, 13.2300238189586 ], [ 80.113182419793105, 13.230245267827 ], [ 80.113066936871704, 13.2323016439668 ], [ 80.114201801926299, 13.2325231782117 ], [ 80.115472026026296, 13.233427929577299 ], [ 80.115553448425302, 13.2334859229482 ], [ 80.115567073173295, 13.2335070883958 ], [ 80.116626647728907, 13.2351529499112 ], [ 80.116688229038303, 13.235248604752901 ], [ 80.116697155597294, 13.2352859903009 ], [ 80.117310890887595, 13.237856404582001 ], [ 80.117642857012598, 13.2415262760411 ], [ 80.118094884772006, 13.2433567069766 ], [ 80.118773017590101, 13.2444730631267 ], [ 80.120304671200699, 13.2455849353919 ], [ 80.120397229115994, 13.245617721667401 ], [ 80.121721021553, 13.2460866563005 ], [ 80.122911324338702, 13.246199684974 ], [ 80.124835201266905, 13.245869814269801 ], [ 80.125402672421799, 13.245869827386 ], [ 80.126592967122704, 13.246425751782001 ], [ 80.128069340207404, 13.244595366657499 ], [ 80.130449937693996, 13.244988582043501 ], [ 80.131560069433903, 13.2471724523625 ], [ 80.131580266256506, 13.2472121856235 ], [ 80.131238862431005, 13.2492143348467 ], [ 80.131917068012697, 13.249435789873599 ], [ 80.132032412593503, 13.2502719009264 ], [ 80.131941344084893, 13.251344975955 ], [ 80.131599011401505, 13.252674249319799 ], [ 80.131303736065902, 13.2550515176635 ], [ 80.131206847372695, 13.2563034249856 ], [ 80.1294870434225, 13.2564299580587 ], [ 80.129310327738096, 13.2564429583157 ], [ 80.129332434378895, 13.2564609084273 ], [ 80.129433264879694, 13.256542782568999 ], [ 80.129783912369305, 13.2568275060934 ], [ 80.130577490379494, 13.257604847795999 ], [ 80.1309927447044, 13.258477100877901 ], [ 80.131587942360596, 13.2593719462441 ], [ 80.132492259289094, 13.260045332658599 ], [ 80.133419647649106, 13.260583132333601 ], [ 80.134213234642402, 13.2609627491568 ], [ 80.135029884982401, 13.2611299489831 ], [ 80.136446329657801, 13.2612745298525 ], [ 80.137433687749507, 13.2613106523231 ], [ 80.139140788623195, 13.2611433651849 ], [ 80.140607971942501, 13.2610167541231 ], [ 80.141706050087905, 13.260903712223801 ], [ 80.143293185447106, 13.260713806785899 ], [ 80.144492760643203, 13.2605465131165 ], [ 80.145503179386594, 13.2604876946733 ], [ 80.146407469365599, 13.260343009286601 ], [ 80.147380961062595, 13.2601305229344 ], [ 80.148423652680904, 13.259859276383899 ], [ 80.149600148360705, 13.259655804330301 ], [ 80.150688984638506, 13.2595020503855 ], [ 80.151833177799006, 13.2592759738694 ], [ 80.152778972639197, 13.2590273148157 ], [ 80.153983147209601, 13.2588554557765 ], [ 80.153388053757993, 13.259583147939701 ], [ 80.154352321553702, 13.2594791043631 ], [ 80.155441174001098, 13.2594925486358 ], [ 80.156520797157299, 13.2594788726558 ], [ 80.157545052651002, 13.2594561609618 ], [ 80.158703112206297, 13.2594650646456 ], [ 80.161734363046506, 13.2594601655648 ], [ 80.163196937110101, 13.2595051640074 ], [ 80.164290406898104, 13.259532130367701 ], [ 80.164816288750202, 13.258980681214201 ], [ 80.165531294715805, 13.2581941909836 ], [ 80.166200302447294, 13.2582664036085 ], [ 80.167196877253701, 13.2582933709805 ], [ 80.168299573638095, 13.258351952999901 ], [ 80.169600663851199, 13.2584104991559 ], [ 80.170569566055406, 13.258478131761301 ], [ 80.171436952344294, 13.2584779866157 ], [ 80.172041731431193, 13.2604664458842 ], [ 80.172470980609901, 13.261338626621001 ], [ 80.173126386051393, 13.2625994418662 ], [ 80.173449529821994, 13.2634897184292 ], [ 80.173606593961196, 13.264479449870899 ], [ 80.173823602679306, 13.2652748363539 ], [ 80.174128212409002, 13.2657493236498 ], [ 80.174718890640904, 13.2662508770582 ], [ 80.175627986606798, 13.267014497334801 ], [ 80.177487699569198, 13.2684468137602 ], [ 80.178336779090898, 13.268975423964401 ], [ 80.179273518014696, 13.2694588195929 ], [ 80.180237953795299, 13.2699828819557 ], [ 80.181170078073507, 13.2704255965981 ], [ 80.182254468588894, 13.270877315121201 ], [ 80.183454218956498, 13.2713561202583 ], [ 80.183329731322701, 13.271735780581899 ], [ 80.185059992561193, 13.2717715570141 ], [ 80.186425730932001, 13.2717350942381 ], [ 80.187897579202499, 13.271653403575799 ], [ 80.190564529957399, 13.271860661020201 ], [ 80.192267136559707, 13.2719958216768 ] ] ] } },
{ "type": "Feature", "properties": { "ac_no": 10, "ac_name": "Thiruvottiyur", "district": "Thiruvallur", "male": 119207.0, "female": 125575.0, "third_gender": 121.0, "electors_total": 244903.0, "source": "OpenCity CKAN — TN SIR voter rolls 2026 (AC electors 06.04.2026) + Chennai AC map 2021", "metric": "registered_electors_18plus_not_total_population", "note": "SIR electors at assembly constituency level. Not GCC ward households; not total population (excludes under-18). Includes ACs on the OpenCity Chennai AC map (Chennai district + some adjoining ACs). Boundaries are 2021." }, "geometry": { "type": "Polygon", "coordinates": [ [ [ 80.331881925391897, 13.235440511575501 ], [ 80.331879759553701, 13.2347073527023 ], [ 80.331999631643598, 13.2349378794098 ], [ 80.332184129433202, 13.2351548448547 ], [ 80.332364052103202, 13.235276855751 ], [ 80.332534738295394, 13.2353266664143 ], [ 80.332709955589905, 13.235376374756299 ], [ 80.332926815187605, 13.2353944532173 ], [ 80.333139052055003, 13.2353357895944 ], [ 80.333226714152005, 13.2352861127246 ], [ 80.333314369960803, 13.2351957483482 ], [ 80.333360507433795, 13.2351098279184 ], [ 80.333392871038498, 13.2350284712402 ], [ 80.333415941571602, 13.234929101624701 ], [ 80.333425139421806, 13.2348296742546 ], [ 80.333176201883504, 13.2342782119772 ], [ 80.3320970674108, 13.2321222167951 ], [ 80.331866527369598, 13.231484902760201 ], [ 80.331520728087497, 13.230454401310199 ], [ 80.331188787115295, 13.229609178394799 ], [ 80.330423344339806, 13.2275616747675 ], [ 80.330063737053493, 13.226472406147799 ], [ 80.329768634194394, 13.2257085677183 ], [ 80.329307532552306, 13.2247186646378 ], [ 80.329164722879995, 13.224131089102899 ], [ 80.328371927302399, 13.2209310799507 ], [ 80.328265894657903, 13.2203254856726 ], [ 80.327911054730805, 13.218770660614901 ], [ 80.327694440373094, 13.218020341694199 ], [ 80.3271827950215, 13.2161672259793 ], [ 80.326684942402807, 13.2144317002686 ], [ 80.326518985840593, 13.213744703337399 ], [ 80.326293169141096, 13.2128497095808 ], [ 80.326007459066702, 13.2118101487457 ], [ 80.325426633556802, 13.2096587509233 ], [ 80.325246932770696, 13.209021447274701 ], [ 80.324799911322401, 13.2070915743478 ], [ 80.324629353589302, 13.206485875757901 ], [ 80.324334518428202, 13.2049717477718 ], [ 80.324024260092003, 13.203561893914101 ], [ 80.324022313442796, 13.203553045034401 ], [ 80.324007291814596, 13.2034847911076 ], [ 80.323827561384206, 13.2029468933854 ], [ 80.323209886083006, 13.200985269024301 ], [ 80.322467860590393, 13.1985083792678 ], [ 80.321781030283702, 13.1963750496841 ], [ 80.321555218974098, 13.195697006792599 ], [ 80.320956038188001, 13.1935862393078 ], [ 80.320393709888094, 13.1919319574196 ], [ 80.320292316143707, 13.1916698813615 ], [ 80.320223232105107, 13.1913444017983 ], [ 80.320167939002701, 13.191064195262401 ], [ 80.320080443992296, 13.1906935472001 ], [ 80.319624056708903, 13.1895409858723 ], [ 80.318951092796894, 13.1875296232809 ], [ 80.318586998425801, 13.1866166018344 ], [ 80.3182919611438, 13.1857352334063 ], [ 80.317826408349404, 13.1845644930125 ], [ 80.317494609310998, 13.1835339876629 ], [ 80.317089037926607, 13.1824266344136 ], [ 80.316609607059405, 13.1814457422962 ], [ 80.316268484406706, 13.180740612085 ], [ 80.316088729721699, 13.180207272850099 ], [ 80.315909040613704, 13.1792942266949 ], [ 80.315830874607599, 13.1784220026729 ], [ 80.315545178906206, 13.1776083988215 ], [ 80.315347070741694, 13.1773386996057 ], [ 80.314655291616106, 13.1763969248648 ], [ 80.314245022042698, 13.175646562401001 ], [ 80.313917625647505, 13.1751945440984 ], [ 80.313705695105696, 13.1745707718496 ], [ 80.313456972264703, 13.173251008428901 ], [ 80.313267992780098, 13.1726769278426 ], [ 80.312336961751697, 13.170534466877699 ], [ 80.312383239361793, 13.1698971906858 ], [ 80.312798431703001, 13.169517686684401 ], [ 80.312895526110495, 13.168866893853 ], [ 80.312886565415496, 13.1678816631328 ], [ 80.312775951362994, 13.1674521994321 ], [ 80.312674536957303, 13.167208166665199 ], [ 80.312324258675204, 13.166394542164401 ], [ 80.311489997762493, 13.164505128293399 ], [ 80.310771021243298, 13.162688130569901 ], [ 80.310356271771596, 13.1617660269848 ], [ 80.310116452133499, 13.1614721943302 ], [ 80.309886015398504, 13.161115014996501 ], [ 80.309715472936702, 13.160794127317899 ], [ 80.309388278662496, 13.159786136162101 ], [ 80.309392901392897, 13.1597861274149 ], [ 80.309254694688093, 13.159329640602699 ], [ 80.309130217834195, 13.158977038219099 ], [ 80.308826049177299, 13.158177009433 ], [ 80.308614141991697, 13.157625556956299 ], [ 80.3082776744087, 13.1568481557798 ], [ 80.307632487303707, 13.155211855182101 ], [ 80.307420536998904, 13.154678525079699 ], [ 80.307130111667504, 13.154149620025199 ], [ 80.306761389176003, 13.1534942306915 ], [ 80.306203632402699, 13.1525901097479 ], [ 80.305549055207905, 13.151541426293299 ], [ 80.304590224016394, 13.150221423346499 ], [ 80.304120047593301, 13.14940771096 ], [ 80.303511656380607, 13.1480742916096 ], [ 80.303364273385199, 13.1476765393995 ], [ 80.303345889362902, 13.147342113702299 ], [ 80.303373714678798, 13.147003151865899 ], [ 80.303350739367104, 13.1466822325949 ], [ 80.303207863219498, 13.146316088913199 ], [ 80.302931365368394, 13.1456289890452 ], [ 80.302456670419403, 13.144851528841301 ], [ 80.302083214704595, 13.144336210666999 ], [ 80.301686812424293, 13.1438524657726 ], [ 80.301313415099997, 13.1434049079504 ], [ 80.301118640583496, 13.143091887647399 ], [ 80.301096727080406, 13.143097531754499 ], [ 80.300138672931595, 13.1433442452407 ], [ 80.300063210854503, 13.143363679423899 ], [ 80.297310294021898, 13.1440725746728 ], [ 80.297287217200605, 13.1440454468494 ], [ 80.297287192047705, 13.1440454179816 ], [ 80.297227286096401, 13.1439865915954 ], [ 80.297192709042804, 13.143961751314899 ], [ 80.297158134684096, 13.143936912781401 ], [ 80.297065868721305, 13.143932388413401 ], [ 80.297064924591893, 13.1439328030597 ], [ 80.297063970581107, 13.143933222954599 ], [ 80.297021188315696, 13.143952045619301 ], [ 80.296973609944999, 13.1439729808785 ], [ 80.296892231563405, 13.1440393470034 ], [ 80.296890560696994, 13.1440407309065 ], [ 80.296889426124693, 13.1440419442274 ], [ 80.296860697103696, 13.1440731292838 ], [ 80.296724919443406, 13.144220519276899 ], [ 80.296722668265303, 13.144222963412499 ], [ 80.296721831933795, 13.1442238696847 ], [ 80.296719946370004, 13.1442259761551 ], [ 80.296655336839805, 13.144271222400899 ], [ 80.296637405568404, 13.1442711734132 ], [ 80.296599069065294, 13.1442711672898 ], [ 80.296573770710296, 13.1442711419211 ], [ 80.296542835426905, 13.1442711200517 ], [ 80.296535438698797, 13.1442711139282 ], [ 80.296120553581503, 13.144283053799001 ], [ 80.295369279034603, 13.144304655612199 ], [ 80.294022461878598, 13.1443433751125 ], [ 80.293803171439706, 13.144349678774701 ], [ 80.293583914238397, 13.1443560104296 ], [ 80.293583435436304, 13.144352528806699 ], [ 80.293582962024203, 13.1443490804254 ], [ 80.293537916004297, 13.144021551338099 ], [ 80.293483776338704, 13.143933032252299 ], [ 80.293483205908501, 13.143932098860899 ], [ 80.293482632783395, 13.143931162845099 ], [ 80.293404222435498, 13.1438814087886 ], [ 80.293402626129193, 13.1438812145871 ], [ 80.293332738996696, 13.1438723591758 ], [ 80.293263250716294, 13.143863552751901 ], [ 80.293261288795705, 13.1438633051888 ], [ 80.292838087075495, 13.143898859800199 ], [ 80.292579754057599, 13.1439205648715 ], [ 80.291172113770301, 13.144038830008 ], [ 80.290637149052301, 13.144142614848301 ], [ 80.290637120306201, 13.1441426235961 ], [ 80.290309684385207, 13.1442644865954 ], [ 80.290293513811804, 13.144272496080401 ], [ 80.290292291204594, 13.1442731023029 ], [ 80.290279071596899, 13.144279649155701 ], [ 80.290274362628196, 13.144281982193601 ], [ 80.290270698400207, 13.1442837982366 ], [ 80.289364977404801, 13.144732449677999 ], [ 80.288686079222103, 13.145068713340301 ], [ 80.288357361405104, 13.145231530294099 ], [ 80.288355617775196, 13.1452323936985 ], [ 80.288352988406302, 13.1452336962407 ], [ 80.288349340348006, 13.1452355428939 ], [ 80.288337682012198, 13.145239902779799 ], [ 80.288335192780593, 13.145240841414999 ], [ 80.288326792634393, 13.1452440072309 ], [ 80.288323276628304, 13.145245331642499 ], [ 80.288320429867198, 13.145246405867899 ], [ 80.287867086974202, 13.1454172706416 ], [ 80.287858103821407, 13.1454206568988 ], [ 80.287395132785207, 13.1455951168772 ], [ 80.287392197989206, 13.145596222592999 ], [ 80.287389040410901, 13.1455974140368 ], [ 80.287378290271903, 13.1456014633712 ], [ 80.287366932871805, 13.145605745395599 ], [ 80.286361394675396, 13.1459669310445 ], [ 80.286314080409397, 13.1459423184057 ], [ 80.286267205419506, 13.145917929706499 ], [ 80.281815201583797, 13.143601523225 ], [ 80.281809270007997, 13.143598061711399 ], [ 80.281807624294402, 13.1435971003256 ], [ 80.281700838861596, 13.143534789573099 ], [ 80.2807397520004, 13.142973981591 ], [ 80.280311363407705, 13.1427239890367 ], [ 80.280299843412493, 13.142717267185301 ], [ 80.280289960147698, 13.1427114988499 ], [ 80.280248745442506, 13.1426874466221 ], [ 80.280246320889503, 13.142686032093801 ], [ 80.280212322351005, 13.142666191956399 ], [ 80.280210743112704, 13.142665294426299 ], [ 80.277698025905707, 13.1411684091587 ], [ 80.276877680794897, 13.1407043566007 ], [ 80.275683181080197, 13.1400286430974 ], [ 80.275681623401496, 13.1400277674276 ], [ 80.275589324200993, 13.139975906072801 ], [ 80.2741546356405, 13.139169098604 ], [ 80.274103762249297, 13.139179327618001 ], [ 80.273987692728099, 13.139202663730099 ], [ 80.273820748917402, 13.139236228851701 ], [ 80.273474548986698, 13.1392729537381 ], [ 80.269360656650804, 13.140080205261199 ], [ 80.265246741857197, 13.140887389394701 ], [ 80.265248401045497, 13.1409039929459 ], [ 80.265246368158003, 13.1409043866022 ], [ 80.265277615156805, 13.141196424338199 ], [ 80.265708153418004, 13.1452119457973 ], [ 80.265799871408504, 13.1459849610081 ], [ 80.266024823928703, 13.1470208143498 ], [ 80.267577409183701, 13.147062127114401 ], [ 80.267578447636197, 13.1470685260566 ], [ 80.267591076152499, 13.147068782364199 ], [ 80.267639910367905, 13.1474470588379 ], [ 80.2677337223313, 13.1480248296906 ], [ 80.268093902742805, 13.1480007919799 ], [ 80.268204181723704, 13.147993432568301 ], [ 80.268223702114895, 13.148159106316401 ], [ 80.268252088877801, 13.1482717700347 ], [ 80.268252462576996, 13.148273258011001 ], [ 80.268236984604599, 13.1482718347673 ], [ 80.268191125609405, 13.148285845888401 ], [ 80.266923660235705, 13.148673081569999 ], [ 80.266036635876404, 13.1490601233176 ], [ 80.265409212057804, 13.1494351513551 ], [ 80.263523667141001, 13.1498954994115 ], [ 80.260811530229105, 13.150194811436 ], [ 80.260604690440005, 13.1501676143089 ], [ 80.259786328809398, 13.1502331801031 ], [ 80.259457387311897, 13.1500167550942 ], [ 80.258190992729993, 13.1498502262108 ], [ 80.258415800621407, 13.1507034630263 ], [ 80.258618047324504, 13.1522717914255 ], [ 80.258778822404196, 13.153659377625001 ], [ 80.259280506337504, 13.155670813804001 ], [ 80.259279731091397, 13.1573701691123 ], [ 80.2595602156658, 13.159236804144401 ], [ 80.259541280077997, 13.160226583203601 ], [ 80.258682645176606, 13.1619571360643 ], [ 80.258599692048307, 13.162044999603401 ], [ 80.258175093447804, 13.162494736430499 ], [ 80.258153232046993, 13.1625117758761 ], [ 80.256726401050301, 13.1636239811397 ], [ 80.254050694416406, 13.1650598874196 ], [ 80.251739816975601, 13.165574017045801 ], [ 80.251662592403903, 13.165601418018801 ], [ 80.250531248745204, 13.1660028411337 ], [ 80.248628336698999, 13.166050184395001 ], [ 80.243091953127603, 13.1682751953925 ], [ 80.241834823769594, 13.167575245679799 ], [ 80.241834537206998, 13.1677112697346 ], [ 80.241829942324401, 13.1698863078117 ], [ 80.241790973407305, 13.1711368948763 ], [ 80.242453466556299, 13.173314114579499 ], [ 80.243405224413294, 13.1760959593684 ], [ 80.244028173723507, 13.17916076307 ], [ 80.2447580557902, 13.180092919121501 ], [ 80.244747865301605, 13.1801393823821 ], [ 80.244484895180307, 13.181338379329899 ], [ 80.244409116896193, 13.181368694613001 ], [ 80.243168406944804, 13.181865047800301 ], [ 80.243136823976101, 13.181929435709 ], [ 80.242594096017399, 13.1830359069466 ], [ 80.243131369405702, 13.1842048870152 ], [ 80.242104173726105, 13.185376520381601 ], [ 80.242091565871107, 13.185377283061699 ], [ 80.240045863915597, 13.1855010042602 ], [ 80.237739969429597, 13.1853031386505 ], [ 80.234198285963501, 13.184703849607599 ], [ 80.230941425934603, 13.184415126997299 ], [ 80.229772405136302, 13.1841963295635 ], [ 80.229735597565806, 13.184189440919599 ], [ 80.228676561999293, 13.183991220895001 ], [ 80.227171488639598, 13.183791238312701 ], [ 80.226941736420898, 13.183760709917999 ], [ 80.226845343597702, 13.1837479017054 ], [ 80.22538321959, 13.1837484798417 ], [ 80.224488511940095, 13.183983841573401 ], [ 80.223958199597007, 13.1842642573897 ], [ 80.223949935994696, 13.184308804403001 ], [ 80.223751091211597, 13.185380653023101 ], [ 80.222935602393306, 13.187658794928 ], [ 80.222443018393804, 13.190054317145201 ], [ 80.222157358624997, 13.1908498573104 ], [ 80.222754344826797, 13.1958075189958 ], [ 80.222672049265299, 13.197646985607101 ], [ 80.222266421287003, 13.1983657403474 ], [ 80.222386744331104, 13.1993599833066 ], [ 80.222751305826193, 13.199762080427201 ], [ 80.227055893428897, 13.198100503432601 ], [ 80.2304174862401, 13.196993575619601 ], [ 80.231823921886601, 13.196510664158801 ], [ 80.233503484905299, 13.1963477177522 ], [ 80.234548679230002, 13.1963256456254 ], [ 80.235410172570596, 13.196665224861601 ], [ 80.235886656065205, 13.197710208779901 ], [ 80.236241932573606, 13.1991663758944 ], [ 80.236398119957101, 13.201974169045799 ], [ 80.2358939476904, 13.2038619860155 ], [ 80.236779578762693, 13.2038028679042 ], [ 80.237448319694494, 13.2035359376074 ], [ 80.238084727564299, 13.203178630780201 ], [ 80.238453581209896, 13.2027897969033 ], [ 80.238725474296899, 13.2021931036158 ], [ 80.238849742741706, 13.2015648367077 ], [ 80.238549001157693, 13.1994769412766 ], [ 80.243811852216595, 13.198918774975001 ], [ 80.248581564117103, 13.1986389225852 ], [ 80.248842242636201, 13.1986470378656 ], [ 80.248881457691596, 13.1986482587872 ], [ 80.248968176557497, 13.200347613021799 ], [ 80.249041314693002, 13.2015859909319 ], [ 80.249017538084104, 13.202824359065101 ], [ 80.248998744429997, 13.2034344509494 ], [ 80.249058093425901, 13.204718078016599 ], [ 80.249666858337704, 13.2048132594125 ], [ 80.249887995712896, 13.205446138271199 ], [ 80.249989122657695, 13.2060924522143 ], [ 80.251612991027102, 13.205804054847199 ], [ 80.252766220341101, 13.205714255882 ], [ 80.254067003330405, 13.2058053142137 ], [ 80.255344777770304, 13.205855629395501 ], [ 80.256041275746099, 13.2058785962104 ], [ 80.256516607600602, 13.2054720156643 ], [ 80.256982828741499, 13.2048395654088 ], [ 80.257665560933802, 13.2047720298585 ], [ 80.258376021423999, 13.204546424673101 ], [ 80.2594739917716, 13.2043390618371 ], [ 80.260156677251601, 13.204248953611399 ], [ 80.261337730983101, 13.2040145165711 ], [ 80.261974301448006, 13.2038927733949 ], [ 80.263893372389504, 13.2035908386167 ], [ 80.265295794363198, 13.203351982623101 ], [ 80.266559750019098, 13.203293764319801 ], [ 80.267210140166299, 13.2032941106492 ], [ 80.268483235281906, 13.203276541431601 ], [ 80.269147510688498, 13.2032361695706 ], [ 80.269761062722395, 13.203268103589 ], [ 80.270439103912395, 13.203268382576599 ], [ 80.270872455697003, 13.2038425723769 ], [ 80.271318251843297, 13.2043466688057 ], [ 80.271324275945602, 13.2043534807943 ], [ 80.271318283284302, 13.204374863038399 ], [ 80.270794524151199, 13.2062436109436 ], [ 80.270807184108406, 13.20632836089 ], [ 80.271654703256502, 13.212001885116401 ], [ 80.272397465367703, 13.216377703434601 ], [ 80.272682741555897, 13.2180583481674 ], [ 80.271735659429893, 13.2200534138439 ], [ 80.270786238091006, 13.221613711236699 ], [ 80.270562868402294, 13.222988898005999 ], [ 80.270485485727093, 13.223465300675601 ], [ 80.2706977818833, 13.2240765311441 ], [ 80.270757470442305, 13.2242483806276 ], [ 80.271129526581902, 13.225319584349901 ], [ 80.273130876915104, 13.2274671755974 ], [ 80.275310270642805, 13.229325812578701 ], [ 80.2777281185693, 13.230432549137101 ], [ 80.280739561557596, 13.230498932026 ], [ 80.282808049280206, 13.229925855204501 ], [ 80.284288719006895, 13.2284248901924 ], [ 80.284272308583198, 13.228339097672499 ], [ 80.283823410554305, 13.225992244684701 ], [ 80.283800049865306, 13.225428308802099 ], [ 80.283768248605895, 13.224660641197 ], [ 80.283772979134298, 13.2230397588296 ], [ 80.283896146244501, 13.221303430249399 ], [ 80.284668002991197, 13.219858362412999 ], [ 80.286147083598095, 13.2188783787988 ], [ 80.288155741726101, 13.218536643297901 ], [ 80.2905767292646, 13.218543370937001 ], [ 80.293001719695994, 13.217160744052601 ], [ 80.294779318556607, 13.215023748763199 ], [ 80.296613944268103, 13.213581567288401 ], [ 80.297351818645893, 13.213262480029 ], [ 80.298742294823001, 13.2126611807978 ], [ 80.300749900125695, 13.2126666763785 ], [ 80.303347486567503, 13.212847429668599 ], [ 80.305824691574799, 13.213838282570601 ], [ 80.310110987681597, 13.2160273888543 ], [ 80.310116049688204, 13.216029973945499 ], [ 80.310207630236505, 13.2160767460751 ], [ 80.310861616339693, 13.2169225712202 ], [ 80.311285898733303, 13.217523774246899 ], [ 80.312673847949497, 13.2195444219885 ], [ 80.313697538402906, 13.2212033160818 ], [ 80.314794969761294, 13.2229030091273 ], [ 80.315228476056205, 13.223436413423601 ], [ 80.315998618817204, 13.224403755410201 ], [ 80.316773334901399, 13.2253439939901 ], [ 80.317465097857294, 13.226446972597399 ], [ 80.317575660705899, 13.2270300135984 ], [ 80.3175939279472, 13.227698887955301 ], [ 80.317662773033902, 13.2289688810681 ], [ 80.317675376397304, 13.2295678988138 ], [ 80.317676466952094, 13.229619736801901 ], [ 80.317687368906405, 13.2296237261552 ], [ 80.318331505880906, 13.2298594284358 ], [ 80.318926507704205, 13.2300539393115 ], [ 80.319590820840006, 13.2302619798685 ], [ 80.320135129833602, 13.230533259402 ], [ 80.320794771729894, 13.230759425576201 ], [ 80.321394377419097, 13.2310216992681 ], [ 80.323068909872205, 13.231537295627501 ], [ 80.324462022604706, 13.2321070579323 ], [ 80.325057075632103, 13.232355733994901 ], [ 80.326205700181902, 13.2329887346517 ], [ 80.327331166163702, 13.2337211842631 ], [ 80.328359795554505, 13.2344128872056 ], [ 80.328927166098097, 13.234760928016 ], [ 80.329540639978703, 13.2350457915744 ], [ 80.330126549953107, 13.23509565825 ], [ 80.3307585803325, 13.235208757609399 ], [ 80.3313629219398, 13.2353851673909 ], [ 80.331881925391897, 13.235440511575501 ] ] ] } },
{ "type": "Feature", "properties": { "ac_no": 11, "ac_name": "Dr.Radhakrishnan Nagar", "district": "Chennai", "male": 95250.0, "female": 104013.0, "third_gender": 96.0, "electors_total": 199359.0, "source": "OpenCity CKAN — TN SIR voter rolls 2026 (AC electors 06.04.2026) + Chennai AC map 2021", "metric": "registered_electors_18plus_not_total_population", "note": "SIR electors at assembly constituency level. Not GCC ward households; not total population (excludes under-18). Includes ACs on the OpenCity Chennai AC map (Chennai district + some adjoining ACs). Boundaries are 2021." }, "geometry": { "type": "Polygon", "coordinates": [ [ [ 80.297379343026194, 13.125394821918899 ], [ 80.297284775579598, 13.1254473118686 ], [ 80.297274656057894, 13.1254472829986 ], [ 80.296780724585503, 13.1250944744541 ], [ 80.296603295638803, 13.125024500582599 ], [ 80.296533971749994, 13.1249528058637 ], [ 80.296376230280998, 13.1248458713288 ], [ 80.296331704385693, 13.124845744475699 ], [ 80.296312014212901, 13.124808671866401 ], [ 80.296287256643694, 13.124778684656601 ], [ 80.296272582663505, 13.1247786426638 ], [ 80.296148664561699, 13.1247387381566 ], [ 80.296148699596003, 13.1247088209262 ], [ 80.296040546927301, 13.1245994918207 ], [ 80.295818077350603, 13.124460427374901 ], [ 80.295694743153703, 13.1243535906091 ], [ 80.295991577066303, 13.1240719925727 ], [ 80.2960412844442, 13.1239681826268 ], [ 80.296041486565102, 13.123794762354001 ], [ 80.295991986697999, 13.123720588817401 ], [ 80.295854551646102, 13.1231233678528 ], [ 80.295819806607497, 13.122979766444599 ], [ 80.294559591536498, 13.1232560921079 ], [ 80.293116163266603, 13.123573984385599 ], [ 80.293081962607104, 13.1233979313982 ], [ 80.293067459306798, 13.1232518525615 ], [ 80.292959160212803, 13.122835234105301 ], [ 80.292890332194006, 13.1224141636665 ], [ 80.292851033595298, 13.122270548721 ], [ 80.292782084303994, 13.121953429882799 ], [ 80.292747880051294, 13.1217799119538 ], [ 80.292698626322505, 13.121495301446499 ], [ 80.292684114937401, 13.121356320980601 ], [ 80.292659403182299, 13.121287288270899 ], [ 80.2926251989295, 13.121113770746501 ], [ 80.292561479629796, 13.1206506277743 ], [ 80.292551441854798, 13.1205811294386 ], [ 80.292551520008203, 13.1205141953112 ], [ 80.292271999326104, 13.118968335423199 ], [ 80.2922033392923, 13.118403763637801 ], [ 80.292109804908307, 13.117908589931099 ], [ 80.292012451785993, 13.116784122543001 ], [ 80.292012575753503, 13.1166776358916 ], [ 80.292003043730006, 13.1166081390574 ], [ 80.291963448687298, 13.1163605728301 ], [ 80.291934293864699, 13.1161201357521 ], [ 80.291757720114106, 13.1148843923903 ], [ 80.291615665924994, 13.1138338313727 ], [ 80.290118192312704, 13.1140699303693 ], [ 80.289717882360804, 13.114138262571 ], [ 80.2896490561387, 13.113791226058 ], [ 80.289673803826503, 13.1137542795153 ], [ 80.289689023982305, 13.1137193347126 ], [ 80.289674006845701, 13.1135808599116 ], [ 80.289639845712102, 13.1133703256065 ], [ 80.289150483071197, 13.1134384042845 ], [ 80.288878734612894, 13.113469578353 ], [ 80.288127655898805, 13.1136433996093 ], [ 80.288003647965397, 13.1136800644543 ], [ 80.287781399374197, 13.113785918984499 ], [ 80.287988480810199, 13.114103430683199 ], [ 80.288043045378799, 13.114173055958799 ], [ 80.288082225399904, 13.1144180854685 ], [ 80.287567983018903, 13.1145601275821 ], [ 80.287627020299396, 13.114699234373701 ], [ 80.287765174901907, 13.1151899710101 ], [ 80.287799325255705, 13.115333570844401 ], [ 80.287809121383901, 13.1156109698337 ], [ 80.287823502513305, 13.1158610004809 ], [ 80.287847888179996, 13.1162099386866 ], [ 80.287847764212401, 13.116316424665699 ], [ 80.287916204159004, 13.1166360782989 ], [ 80.287931265313105, 13.1167375370446 ], [ 80.287273833272394, 13.116877143034401 ], [ 80.286566731582994, 13.117088106526399 ], [ 80.286215972702195, 13.117185990340699 ], [ 80.286427659800594, 13.1178924432594 ], [ 80.286605229782793, 13.118350839122099 ], [ 80.286525747744804, 13.118387630121701 ], [ 80.285987221206696, 13.118527067199199 ], [ 80.285507936765001, 13.1186301637984 ], [ 80.285206250153195, 13.118735285680501 ], [ 80.285284933588997, 13.118948481996499 ], [ 80.285614823707405, 13.1198236208889 ], [ 80.285723279108197, 13.120106371616901 ], [ 80.284576744938093, 13.120523987669801 ], [ 80.283790630131307, 13.120803689567801 ], [ 80.282966733980203, 13.119640140213599 ], [ 80.282527775809896, 13.119007581215399 ], [ 80.282073637009603, 13.1183749794706 ], [ 80.281718512316502, 13.117879062063199 ], [ 80.281230683099807, 13.117141906190501 ], [ 80.281170970286198, 13.1170727743112 ], [ 80.281057879578498, 13.1168594801322 ], [ 80.280983748804601, 13.1166462968778 ], [ 80.280924751948305, 13.1164727087121 ], [ 80.280845986765897, 13.116328981810501 ], [ 80.280727445979295, 13.116016792259 ], [ 80.280643705028496, 13.115801046621501 ], [ 80.280397483995699, 13.1152035159559 ], [ 80.280343550044293, 13.1150274071056 ], [ 80.280220497918407, 13.114678188133601 ], [ 80.280166189369595, 13.1144650607306 ], [ 80.280132348036204, 13.113905151382699 ], [ 80.280107925538601, 13.113588158237301 ], [ 80.280049136193099, 13.113236586391 ], [ 80.280029567292999, 13.113095562761 ], [ 80.279955528147298, 13.1128798443071 ], [ 80.279921148723005, 13.112780866913599 ], [ 80.279783011188499, 13.1123519935778 ], [ 80.279635368580003, 13.111829284351201 ], [ 80.279467835474406, 13.111442414906 ], [ 80.278623066967796, 13.1116874681335 ], [ 80.277401769609796, 13.1120009212793 ], [ 80.276275173547404, 13.112243145418301 ], [ 80.274505984714395, 13.1124830368537 ], [ 80.272430172128907, 13.112722056662401 ], [ 80.271980781823203, 13.1127902492559 ], [ 80.272384538610794, 13.113670162462 ], [ 80.272103173687398, 13.1137043513679 ], [ 80.271865783093801, 13.113777709905699 ], [ 80.271732254815007, 13.113809783316499 ], [ 80.271544408105896, 13.1138437307338 ], [ 80.271238206561605, 13.113914866139501 ], [ 80.270911850415501, 13.1139139387582 ], [ 80.270664932289904, 13.1139132370981 ], [ 80.270020339869603, 13.113880768251301 ], [ 80.270308071153494, 13.1150558312124 ], [ 80.270529075577997, 13.1156931212389 ], [ 80.2707821660278, 13.1169089955718 ], [ 80.271150562430904, 13.118057175830399 ], [ 80.271293203219898, 13.1186944370811 ], [ 80.271638471597598, 13.119969119976799 ], [ 80.271928504365206, 13.121162385096 ], [ 80.272278370320606, 13.1224190418734 ], [ 80.272402637867103, 13.1230608734345 ], [ 80.272531441007501, 13.1236574952765 ], [ 80.272706421146793, 13.1243309389691 ], [ 80.272784532355701, 13.124905011997299 ], [ 80.272300164347698, 13.1253929086281 ], [ 80.271866464016796, 13.1258446556739 ], [ 80.271372917921596, 13.1261789339381 ], [ 80.270644083290506, 13.126671177756901 ], [ 80.2703026947365, 13.126973917735601 ], [ 80.270212116708095, 13.127038653377101 ], [ 80.270151763395702, 13.127081788299201 ], [ 80.270155116806606, 13.1270897073613 ], [ 80.270581999822895, 13.1280975327797 ], [ 80.271544787194998, 13.130389346256299 ], [ 80.272908157606807, 13.134249556566299 ], [ 80.273151733999399, 13.1362653903295 ], [ 80.273367848893898, 13.137761402702001 ], [ 80.2741546356405, 13.139169098604 ], [ 80.275589324200993, 13.139975906072801 ], [ 80.275681623401496, 13.1400277674276 ], [ 80.275683181080197, 13.1400286430974 ], [ 80.276877680794897, 13.1407043566007 ], [ 80.277698025905707, 13.1411684091587 ], [ 80.280210743112704, 13.142665294426299 ], [ 80.280212322351005, 13.142666191956399 ], [ 80.280246320889503, 13.142686032093801 ], [ 80.280248745442506, 13.1426874466221 ], [ 80.280289960147698, 13.1427114988499 ], [ 80.280299843412493, 13.142717267185301 ], [ 80.280311363407705, 13.1427239890367 ], [ 80.2807397520004, 13.142973981591 ], [ 80.281700838861596, 13.143534789573099 ], [ 80.281807624294402, 13.1435971003256 ], [ 80.281809270007997, 13.143598061711399 ], [ 80.281815201583797, 13.143601523225 ], [ 80.286267205419506, 13.145917929706499 ], [ 80.286314080409397, 13.1459423184057 ], [ 80.286361394675396, 13.1459669310445 ], [ 80.287366932871805, 13.145605745395599 ], [ 80.287378290271903, 13.1456014633712 ], [ 80.287389040410901, 13.1455974140368 ], [ 80.287392197989206, 13.145596222592999 ], [ 80.287395132785207, 13.1455951168772 ], [ 80.287858103821407, 13.1454206568988 ], [ 80.287867086974202, 13.1454172706416 ], [ 80.288320429867198, 13.145246405867899 ], [ 80.288323276628304, 13.145245331642499 ], [ 80.288326792634393, 13.1452440072309 ], [ 80.288335192780593, 13.145240841414999 ], [ 80.288337682012198, 13.145239902779799 ], [ 80.288349340348006, 13.1452355428939 ], [ 80.288352988406302, 13.1452336962407 ], [ 80.288355617775196, 13.1452323936985 ], [ 80.288357361405104, 13.145231530294099 ], [ 80.288686079222103, 13.145068713340301 ], [ 80.289364977404801, 13.144732449677999 ], [ 80.290270698400207, 13.1442837982366 ], [ 80.290274362628196, 13.144281982193601 ], [ 80.290279071596899, 13.144279649155701 ], [ 80.290292291204594, 13.1442731023029 ], [ 80.290293513811804, 13.144272496080401 ], [ 80.290309684385207, 13.1442644865954 ], [ 80.290637120306201, 13.1441426235961 ], [ 80.290637149052301, 13.144142614848301 ], [ 80.291172113770301, 13.144038830008 ], [ 80.292579754057599, 13.1439205648715 ], [ 80.292838087075495, 13.143898859800199 ], [ 80.293261288795705, 13.1438633051888 ], [ 80.293263250716294, 13.143863552751901 ], [ 80.293332738996696, 13.1438723591758 ], [ 80.293402626129193, 13.1438812145871 ], [ 80.293404222435498, 13.1438814087886 ], [ 80.293482632783395, 13.143931162845099 ], [ 80.293483205908501, 13.143932098860899 ], [ 80.293483776338704, 13.143933032252299 ], [ 80.293537916004297, 13.144021551338099 ], [ 80.293582962024203, 13.1443490804254 ], [ 80.293583435436304, 13.144352528806699 ], [ 80.293583914238397, 13.1443560104296 ], [ 80.293803171439706, 13.144349678774701 ], [ 80.294022461878598, 13.1443433751125 ], [ 80.295369279034603, 13.144304655612199 ], [ 80.296120553581503, 13.144283053799001 ], [ 80.296535438698797, 13.1442711139282 ], [ 80.296542835426905, 13.1442711200517 ], [ 80.296573770710296, 13.1442711419211 ], [ 80.296599069065294, 13.1442711672898 ], [ 80.296637405568404, 13.1442711734132 ], [ 80.296655336839805, 13.144271222400899 ], [ 80.296719946370004, 13.1442259761551 ], [ 80.296721831933795, 13.1442238696847 ], [ 80.296722668265303, 13.144222963412499 ], [ 80.296724919443406, 13.144220519276899 ], [ 80.296860697103696, 13.1440731292838 ], [ 80.296889426124693, 13.1440419442274 ], [ 80.296890560696994, 13.1440407309065 ], [ 80.296892231563405, 13.1440393470034 ], [ 80.296973609944999, 13.1439729808785 ], [ 80.297021188315696, 13.143952045619301 ], [ 80.297063970581107, 13.143933222954599 ], [ 80.297064924591893, 13.1439328030597 ], [ 80.297065868721305, 13.143932388413401 ], [ 80.297158134684096, 13.143936912781401 ], [ 80.297192709042804, 13.143961751314899 ], [ 80.297227286096401, 13.1439865915954 ], [ 80.297287192047705, 13.1440454179816 ], [ 80.297287217200605, 13.1440454468494 ], [ 80.297310294021898, 13.1440725746728 ], [ 80.300063210854503, 13.143363679423899 ], [ 80.300138672931595, 13.1433442452407 ], [ 80.301096727080406, 13.143097531754499 ], [ 80.301118640583496, 13.143091887647399 ], [ 80.300930879214306, 13.1427901394273 ], [ 80.300649699343893, 13.1423245441876 ], [ 80.300400834569203, 13.141754975928199 ], [ 80.300142807876895, 13.141135692848801 ], [ 80.299714212671603, 13.1402452649984 ], [ 80.299405464403407, 13.1396349657683 ], [ 80.298953743867898, 13.1387761127374 ], [ 80.298520590610906, 13.1377364988055 ], [ 80.298437701262998, 13.1374879111006 ], [ 80.298387090179901, 13.1372483170138 ], [ 80.298359475069702, 13.136999797924201 ], [ 80.298350386813993, 13.136683390947701 ], [ 80.298350387712304, 13.136511634788 ], [ 80.298345855711702, 13.136380562334301 ], [ 80.298322802246602, 13.1362766141217 ], [ 80.298166135162703, 13.1359330608717 ], [ 80.297981807154599, 13.1355353038542 ], [ 80.297940341819398, 13.1354223351029 ], [ 80.297912765336804, 13.1352776307479 ], [ 80.297921975763501, 13.1351330330347 ], [ 80.297954301638896, 13.134947805417999 ], [ 80.298042065245596, 13.134753404363799 ], [ 80.298134312343805, 13.1346676078565 ], [ 80.298318800252005, 13.1346224779402 ], [ 80.2984755625573, 13.134622519056499 ], [ 80.298613927365594, 13.134663271402699 ], [ 80.298761486430706, 13.1346813564352 ], [ 80.298927492400296, 13.134681377430701 ], [ 80.299135013112405, 13.134645348209499 ], [ 80.299835952358904, 13.134532568008799 ], [ 80.300633819824597, 13.134406268364399 ], [ 80.301417802929294, 13.134270934434999 ], [ 80.301629968829701, 13.1342031860845 ], [ 80.302017392448803, 13.1340541786643 ], [ 80.302271044345702, 13.1339367013009 ], [ 80.302718466442599, 13.1336657257889 ], [ 80.302976730290197, 13.133417247688801 ], [ 80.303161336776, 13.1331731810519 ], [ 80.303244394108802, 13.133028610093699 ], [ 80.303313550911, 13.132825278225299 ], [ 80.303392052887105, 13.1326263649116 ], [ 80.303576644101497, 13.1322061047179 ], [ 80.303673562439201, 13.131975629014001 ], [ 80.303991937053993, 13.131447019703099 ], [ 80.304144185325001, 13.131243604291599 ], [ 80.304245708426805, 13.130963476863901 ], [ 80.304254993413593, 13.130601925330501 ], [ 80.304232068407501, 13.13038945561 ], [ 80.304209012247497, 13.1302855101103 ], [ 80.304139833885799, 13.1301815706904 ], [ 80.304019971677405, 13.1301046416165 ], [ 80.303941566719402, 13.1300504546157 ], [ 80.303881648191606, 13.1299961372531 ], [ 80.303817130289602, 13.1299103058402 ], [ 80.303748048946005, 13.129765601736599 ], [ 80.303720400598095, 13.1296752543607 ], [ 80.303669729327893, 13.129580335078201 ], [ 80.303623562210504, 13.1295170208345 ], [ 80.303572896330195, 13.129467304099 ], [ 80.303517545735602, 13.129431094772199 ], [ 80.303434569251095, 13.1293994721891 ], [ 80.303291647289399, 13.129385821295999 ], [ 80.303180925439094, 13.1294309827936 ], [ 80.3028903177497, 13.129679526165001 ], [ 80.302738082953496, 13.129846704736799 ], [ 80.3025028501132, 13.130099661207 ], [ 80.302202904436399, 13.130560648287901 ], [ 80.301944602859606, 13.1310034319749 ], [ 80.301792283621793, 13.1312610159597 ], [ 80.301736949196894, 13.131360414576299 ], [ 80.301723022615107, 13.131459819276399 ], [ 80.301723072920694, 13.131568342239399 ], [ 80.3016953554026, 13.131658715163599 ], [ 80.301630777313406, 13.1317581328654 ], [ 80.301561539662899, 13.131839443415901 ], [ 80.301441660386601, 13.1319252969001 ], [ 80.301081790792196, 13.132205415357401 ], [ 80.300505314924905, 13.132507995421699 ], [ 80.300122515832896, 13.1326570790148 ], [ 80.299795056555595, 13.1327518772577 ], [ 80.299587537640207, 13.1327879058819 ], [ 80.299384663913003, 13.1327924015861 ], [ 80.299218665129999, 13.1327516174359 ], [ 80.299112625298903, 13.132697393401701 ], [ 80.298914274589194, 13.132656674847301 ], [ 80.298799016246704, 13.132656639854501 ], [ 80.298517732171703, 13.1327333126812 ], [ 80.298157950612193, 13.1328416706152 ], [ 80.298079598654795, 13.132855239083099 ], [ 80.297982766555407, 13.132828080275999 ], [ 80.297839805067795, 13.132710519218101 ], [ 80.297655491432707, 13.1324031707475 ], [ 80.297484937292893, 13.131960185750099 ], [ 80.297429831938402, 13.1313454830469 ], [ 80.297513084205704, 13.1306404554047 ], [ 80.2976286300091, 13.1300394448725 ], [ 80.297679317448996, 13.1299264700937 ], [ 80.297739303350397, 13.129840561671299 ], [ 80.297840800401104, 13.129759277578801 ], [ 80.298205113062906, 13.129655442041299 ], [ 80.298514182029706, 13.1295651261188 ], [ 80.298730935626295, 13.129483876053699 ], [ 80.299026051959999, 13.1293529135772 ], [ 80.299104508121999, 13.129303201182699 ], [ 80.299146053407298, 13.1291947743254 ], [ 80.299150660866403, 13.1290591567025 ], [ 80.299104574597294, 13.1289461097365 ], [ 80.299063182025705, 13.1288240842874 ], [ 80.2989709519954, 13.1285709944034 ], [ 80.298040026069899, 13.126970803299701 ], [ 80.297657520727, 13.1263423784343 ], [ 80.297427175620101, 13.125682481123199 ], [ 80.297379343026194, 13.125394821918899 ] ] ] } },
{ "type": "Feature", "properties": { "ac_no": 12, "ac_name": "Perambur", "district": "Chennai", "male": 109688.0, "female": 116535.0, "third_gender": 73.0, "electors_total": 226296.0, "source": "OpenCity CKAN — TN SIR voter rolls 2026 (AC electors 06.04.2026) + Chennai AC map 2021", "metric": "registered_electors_18plus_not_total_population", "note": "SIR electors at assembly constituency level. Not GCC ward households; not total population (excludes under-18). Includes ACs on the OpenCity Chennai AC map (Chennai district + some adjoining ACs). Boundaries are 2021." }, "geometry": { "type": "Polygon", "coordinates": [ [ [ 80.270574072190598, 13.1159092912883 ], [ 80.260139343359796, 13.114770386154801 ], [ 80.252010696762994, 13.1133814997008 ], [ 80.246591599031703, 13.1126870530952 ], [ 80.246021167029696, 13.1118537149303 ], [ 80.244342589462804, 13.1123584852881 ], [ 80.244265971253995, 13.1125338182697 ], [ 80.243519246673998, 13.112606074791801 ], [ 80.239979030156704, 13.112238926679501 ], [ 80.238861734352398, 13.111709225045001 ], [ 80.237013267399107, 13.112934620395899 ], [ 80.236259750657297, 13.1134499773255 ], [ 80.235574555284401, 13.1116613323655 ], [ 80.233225582089005, 13.1122840589566 ], [ 80.233508583742804, 13.113848308149199 ], [ 80.234239603076702, 13.1137419120898 ], [ 80.234896208667294, 13.116219257031799 ], [ 80.235432493908803, 13.1218084682586 ], [ 80.235623456873498, 13.1245015689657 ], [ 80.234715261917898, 13.1246074398329 ], [ 80.234611463383501, 13.1266958238221 ], [ 80.234763022646604, 13.126843463079201 ], [ 80.234792138841598, 13.1268718272052 ], [ 80.235472944147702, 13.1275350369639 ], [ 80.235480569946105, 13.1275424661012 ], [ 80.2354880026068, 13.1275497071478 ], [ 80.235572807162896, 13.127548606599801 ], [ 80.235722892290696, 13.1275466609567 ], [ 80.235769407056097, 13.1275460581923 ], [ 80.236104730185303, 13.127541709365 ], [ 80.236176005214901, 13.1275407864093 ], [ 80.236178915756398, 13.1275407470415 ], [ 80.236185348592201, 13.1275406639318 ], [ 80.236206210168007, 13.127540393606401 ], [ 80.236218541341898, 13.1275402343856 ], [ 80.2362216782589, 13.1275401932681 ], [ 80.236223208988207, 13.1275401731468 ], [ 80.236227817345593, 13.1275401136577 ], [ 80.236233990568195, 13.127540033172499 ], [ 80.236236136643399, 13.1275400051776 ], [ 80.236240138637996, 13.1275399544369 ], [ 80.236242846160295, 13.1275399185685 ], [ 80.236250787267394, 13.1275398153374 ], [ 80.236253706792098, 13.1275397768445 ], [ 80.236258289098302, 13.127539718230199 ], [ 80.236261385591106, 13.127539677987601 ], [ 80.236297679325205, 13.127539205574299 ], [ 80.236329305413093, 13.127538797024201 ], [ 80.236338205920902, 13.1275386824202 ], [ 80.236571646622295, 13.1275356650987 ], [ 80.238291743423204, 13.127666022280501 ], [ 80.239905860580194, 13.127977193596699 ], [ 80.241420076992796, 13.1280740110215 ], [ 80.241450716730498, 13.1280759697829 ], [ 80.241443352341804, 13.1282152911342 ], [ 80.241385551143196, 13.1283515417299 ], [ 80.241416732565, 13.1285139585981 ], [ 80.241419839837604, 13.1286601524091 ], [ 80.241418706163699, 13.128681600751101 ], [ 80.241418556145106, 13.128876395913 ], [ 80.241389307897705, 13.129180318574001 ], [ 80.241412118817706, 13.129601073850999 ], [ 80.241404902651098, 13.129913740427 ], [ 80.2414175203875, 13.130220777074101 ], [ 80.241415785740699, 13.132468988862501 ], [ 80.241415792927199, 13.132487067057999 ], [ 80.241435024959102, 13.1325454089244 ], [ 80.241647249250093, 13.1333534646565 ], [ 80.241812882418799, 13.1336916938766 ], [ 80.241877568305796, 13.1338879302624 ], [ 80.2428874848909, 13.1338920130329 ], [ 80.243070757378504, 13.135555929273499 ], [ 80.243080074704693, 13.1356678901815 ], [ 80.240520064791099, 13.1358968446249 ], [ 80.240519365003493, 13.1359075339252 ], [ 80.240504239170804, 13.1359087586588 ], [ 80.240260998747999, 13.139855293651101 ], [ 80.240222862569297, 13.140437975976299 ], [ 80.240221695657695, 13.1404929549971 ], [ 80.240179151445901, 13.141183214120799 ], [ 80.240161598365205, 13.143207980220501 ], [ 80.240164037291194, 13.143208603066601 ], [ 80.240163338401899, 13.1432415351717 ], [ 80.240784739914901, 13.143367176807001 ], [ 80.240885710552803, 13.143392972410799 ], [ 80.241750638152794, 13.143445061361801 ], [ 80.242290672962199, 13.1434834065908 ], [ 80.242326681032097, 13.144545722061499 ], [ 80.242338281875604, 13.144544607593099 ], [ 80.2423389115947, 13.144562912341801 ], [ 80.244160446157494, 13.1443813352981 ], [ 80.244526558144798, 13.1443345477108 ], [ 80.247351821697194, 13.1440633107458 ], [ 80.247467645978304, 13.1461091333688 ], [ 80.247528037918201, 13.1473134597684 ], [ 80.247535759836396, 13.147312216721501 ], [ 80.247537595992796, 13.147344651407 ], [ 80.247847228203298, 13.1472620837009 ], [ 80.247901722703403, 13.1472533132642 ], [ 80.248854110279396, 13.146492617965301 ], [ 80.249365953260295, 13.1464839306045 ], [ 80.249472785405402, 13.1465251183671 ], [ 80.249564725279797, 13.146587537706599 ], [ 80.249599453250397, 13.1466111154259 ], [ 80.249702516962998, 13.1466875468306 ], [ 80.249972928728099, 13.1469359616343 ], [ 80.2499843103827, 13.146948183926201 ], [ 80.250045040089205, 13.1470268581364 ], [ 80.250191102561104, 13.147230075017101 ], [ 80.250325406086006, 13.147471799916699 ], [ 80.250373380613794, 13.1476095348032 ], [ 80.250439913436907, 13.147903461053 ], [ 80.250501919649395, 13.1481773959243 ], [ 80.250507228692797, 13.148234153359301 ], [ 80.250512321242098, 13.148472868078001 ], [ 80.250531703292694, 13.148495780794899 ], [ 80.250969501737998, 13.1490112179467 ], [ 80.2512184177167, 13.149305122397299 ], [ 80.251310562406999, 13.149499464686899 ], [ 80.251439515566005, 13.1498068932199 ], [ 80.251446367914994, 13.1498062782634 ], [ 80.251451666178497, 13.1498185100347 ], [ 80.2544322286805, 13.1495474313418 ], [ 80.254723132813893, 13.1500008003564 ], [ 80.258144229131304, 13.149852884606499 ], [ 80.2581883669544, 13.1498509767549 ], [ 80.258190992729993, 13.1498502262108 ], [ 80.259457387311897, 13.1500167550942 ], [ 80.259786328809398, 13.1502331801031 ], [ 80.260604690440005, 13.1501676143089 ], [ 80.260811530229105, 13.150194811436 ], [ 80.263523667141001, 13.1498954994115 ], [ 80.265409212057804, 13.1494351513551 ], [ 80.266036635876404, 13.1490601233176 ], [ 80.266923660235705, 13.148673081569999 ], [ 80.268191125609405, 13.148285845888401 ], [ 80.268236984604599, 13.1482718347673 ], [ 80.268252462576996, 13.148273258011001 ], [ 80.268252088877801, 13.1482717700347 ], [ 80.268223702114895, 13.148159106316401 ], [ 80.268204181723704, 13.147993432568301 ], [ 80.268093902742805, 13.1480007919799 ], [ 80.2677337223313, 13.1480248296906 ], [ 80.267639910367905, 13.1474470588379 ], [ 80.267591076152499, 13.147068782364199 ], [ 80.267578447636197, 13.1470685260566 ], [ 80.267577409183701, 13.147062127114401 ], [ 80.266024823928703, 13.1470208143498 ], [ 80.265799871408504, 13.1459849610081 ], [ 80.265708153418004, 13.1452119457973 ], [ 80.265277615156805, 13.141196424338199 ], [ 80.265246368158003, 13.1409043866022 ], [ 80.265248401045497, 13.1409039929459 ], [ 80.265246741857197, 13.140887389394701 ], [ 80.269360656650804, 13.140080205261199 ], [ 80.273474548986698, 13.1392729537381 ], [ 80.273820748917402, 13.139236228851701 ], [ 80.273987692728099, 13.139202663730099 ], [ 80.274103762249297, 13.139179327618001 ], [ 80.2741546356405, 13.139169098604 ], [ 80.273367848893898, 13.137761402702001 ], [ 80.273151733999399, 13.1362653903295 ], [ 80.272908157606807, 13.134249556566299 ], [ 80.271544787194998, 13.130389346256299 ], [ 80.270581999822895, 13.1280975327797 ], [ 80.270155116806606, 13.1270897073613 ], [ 80.270151763395702, 13.127081788299201 ], [ 80.270212116708095, 13.127038653377101 ], [ 80.2703026947365, 13.126973917735601 ], [ 80.270644083290506, 13.126671177756901 ], [ 80.271372917921596, 13.1261789339381 ], [ 80.271866464016796, 13.1258446556739 ], [ 80.272300164347698, 13.1253929086281 ], [ 80.272784532355701, 13.124905011997299 ], [ 80.272706421146793, 13.1243309389691 ], [ 80.272531441007501, 13.1236574952765 ], [ 80.272402637867103, 13.1230608734345 ], [ 80.272278370320606, 13.1224190418734 ], [ 80.271928504365206, 13.121162385096 ], [ 80.271638471597598, 13.119969119976799 ], [ 80.271293203219898, 13.1186944370811 ], [ 80.271150562430904, 13.118057175830399 ], [ 80.2707821660278, 13.1169089955718 ], [ 80.270574072190598, 13.1159092912883 ] ] ] } },
{ "type": "Feature", "properties": { "ac_no": 13, "ac_name": "Kolathur", "district": "Chennai", "male": 101791.0, "female": 109945.0, "third_gender": 36.0, "electors_total": 211772.0, "source": "OpenCity CKAN — TN SIR voter rolls 2026 (AC electors 06.04.2026) + Chennai AC map 2021", "metric": "registered_electors_18plus_not_total_population", "note": "SIR electors at assembly constituency level. Not GCC ward households; not total population (excludes under-18). Includes ACs on the OpenCity Chennai AC map (Chennai district + some adjoining ACs). Boundaries are 2021." }, "geometry": { "type": "Polygon", "coordinates": [ [ [ 80.243465497775603, 13.099840165287601 ], [ 80.237949586809606, 13.100603285960799 ], [ 80.237850921248693, 13.100603005106599 ], [ 80.237183962574406, 13.1007425843791 ], [ 80.236496631906107, 13.1008471180741 ], [ 80.235295781102295, 13.1009821379272 ], [ 80.234940032080104, 13.101020678767201 ], [ 80.234885892414596, 13.1010205247788 ], [ 80.234441191314602, 13.1010466433034 ], [ 80.234149617038, 13.101082831436701 ], [ 80.233640475291196, 13.1011904062553 ], [ 80.233477006163994, 13.101221888102099 ], [ 80.233116664954096, 13.101292868793999 ], [ 80.2329040732522, 13.101361734753199 ], [ 80.232706235480507, 13.101361172171501 ], [ 80.232360066990907, 13.1014271228367 ], [ 80.231811459558699, 13.101534078053 ], [ 80.231292706736596, 13.1016390908745 ], [ 80.231454399894503, 13.102694272834199 ], [ 80.231484299420401, 13.102729346067299 ], [ 80.231514065097301, 13.1027294300604 ], [ 80.231671930533807, 13.1027298788983 ], [ 80.231706336907493, 13.1027299768903 ], [ 80.231746268818497, 13.1027645715329 ], [ 80.231779898149398, 13.1034309671671 ], [ 80.232091113191402, 13.103399398985101 ], [ 80.232135639086806, 13.1033995258493 ], [ 80.232179714027893, 13.1037860439715 ], [ 80.232208487964797, 13.104276470780601 ], [ 80.232232825122495, 13.104667496868201 ], [ 80.232282046511799, 13.1049794890918 ], [ 80.232295898533494, 13.1056828457378 ], [ 80.232339436282004, 13.1065297895985 ], [ 80.232353413169506, 13.107126660651399 ], [ 80.232367895808594, 13.107723532006499 ], [ 80.232367202309206, 13.1083173187381 ], [ 80.232400660061899, 13.1091297525283 ], [ 80.232455062933894, 13.1093378092342 ], [ 80.232469609353203, 13.1094468721558 ], [ 80.232414715102806, 13.109659688941701 ], [ 80.232467805536103, 13.110991933620999 ], [ 80.232141408965902, 13.1110254877229 ], [ 80.230441619480203, 13.1111966133968 ], [ 80.227368056193498, 13.111398316602701 ], [ 80.226720322364599, 13.1114659461297 ], [ 80.226680485675004, 13.1117827565322 ], [ 80.226705033038499, 13.111993263324701 ], [ 80.226803204525993, 13.1124169526681 ], [ 80.226995037958304, 13.113226794617001 ], [ 80.225997209103596, 13.1133304454941 ], [ 80.225897459276098, 13.113751036303301 ], [ 80.225383765765798, 13.1138560631586 ], [ 80.224944157215205, 13.1138548138182 ], [ 80.224765930564502, 13.113884224934401 ], [ 80.224538745730797, 13.113883579266901 ], [ 80.224326234877296, 13.1138829755941 ], [ 80.224088970946198, 13.113921853870099 ], [ 80.223911250945307, 13.1139512658531 ], [ 80.223742667709203, 13.114029891140801 ], [ 80.223377234848201, 13.114127733302899 ], [ 80.223204143865999, 13.1141667935168 ], [ 80.222927295671894, 13.114232941099001 ], [ 80.222541614784404, 13.114338331701299 ], [ 80.222082024108602, 13.1144759644354 ], [ 80.220658673185397, 13.1149323474338 ], [ 80.220099786331303, 13.115175678038099 ], [ 80.219872609582495, 13.1152419662052 ], [ 80.219501979069307, 13.1153844164132 ], [ 80.218888992075605, 13.1155931117418 ], [ 80.218523048073294, 13.1156960232214 ], [ 80.218043634274196, 13.115910168793899 ], [ 80.217633082629803, 13.116082423164199 ], [ 80.217163328414799, 13.1162570439635 ], [ 80.216738523201798, 13.1165032909778 ], [ 80.216298118743893, 13.1166754600695 ], [ 80.215818792081393, 13.116815066094601 ], [ 80.215418398586195, 13.116954896008901 ], [ 80.215062489663893, 13.117129840767801 ], [ 80.215003252059105, 13.117162125461499 ], [ 80.214538514935001, 13.1173732706831 ], [ 80.214068803839297, 13.1175108754723 ], [ 80.213604066715206, 13.1177225269468 ], [ 80.213520360798796, 13.117476863820499 ], [ 80.213333798680594, 13.1165605509148 ], [ 80.213093614326397, 13.1150518181196 ], [ 80.212762197970306, 13.115050875869599 ], [ 80.212564831814205, 13.115080232599899 ], [ 80.212174129344305, 13.1151531559102 ], [ 80.211759148107205, 13.1152189112793 ], [ 80.211734355503694, 13.115218840413799 ], [ 80.211314268242504, 13.1153241334816 ], [ 80.210864371287002, 13.1153923244787 ], [ 80.210577944356999, 13.115428527124999 ], [ 80.210419529151594, 13.1154650937171 ], [ 80.209979712191796, 13.115567795278499 ], [ 80.2095100424186, 13.1156704119336 ], [ 80.209094971349998, 13.1158132424668 ], [ 80.209094933620705, 13.115845187879399 ], [ 80.208714273417399, 13.115985074337599 ], [ 80.208684926355403, 13.115984991224 ], [ 80.208576056831106, 13.116056686808699 ], [ 80.208487050854501, 13.1160909147524 ], [ 80.2082494949709, 13.1162317144453 ], [ 80.207780330949106, 13.1163343325731 ], [ 80.207355308343793, 13.116333124364701 ], [ 80.207261196343097, 13.1163328575264 ], [ 80.207137737280306, 13.1163325066998 ], [ 80.206895333189095, 13.116366298915199 ], [ 80.206579136090497, 13.1164049528295 ], [ 80.206539751253601, 13.116261337873 ], [ 80.206525202139204, 13.1161548098758 ], [ 80.206382387975296, 13.115904414701999 ], [ 80.206337890826106, 13.1158054079048 ], [ 80.206303608419901, 13.1156988237177 ], [ 80.206259247814501, 13.115557223202501 ], [ 80.205939303842896, 13.1143976402512 ], [ 80.205875371642406, 13.1141175513647 ], [ 80.2049315611808, 13.114251273478301 ], [ 80.201501496982004, 13.114701953517001 ], [ 80.200466145497899, 13.1148335887126 ], [ 80.200701015418801, 13.115358616118099 ], [ 80.200710295015696, 13.1153813560732 ], [ 80.200718202885099, 13.1153971599557 ], [ 80.200721989284105, 13.1154047268165 ], [ 80.200727548957303, 13.1154150766789 ], [ 80.2007281822696, 13.115416250771499 ], [ 80.200734363577098, 13.1154277546036 ], [ 80.200747130433896, 13.1154489853798 ], [ 80.201633186409296, 13.1169371377507 ], [ 80.202509441765002, 13.1184088168987 ], [ 80.202478770586296, 13.118408824772599 ], [ 80.202312309170907, 13.118408871140799 ], [ 80.202249141436695, 13.1184088886382 ], [ 80.202237495677394, 13.118408892137699 ], [ 80.202166582668895, 13.118408911384901 ], [ 80.202155767851195, 13.1184089140095 ], [ 80.202153991881801, 13.1184089148844 ], [ 80.202135934846297, 13.1184089192587 ], [ 80.201988511426705, 13.1188744749725 ], [ 80.202231937800704, 13.119128840778901 ], [ 80.202248404818206, 13.1191501797193 ], [ 80.202350686996397, 13.119282718022999 ], [ 80.202351552972402, 13.1192845193781 ], [ 80.202352473745506, 13.1192864799593 ], [ 80.2024110412071, 13.1194113009748 ], [ 80.2024349184274, 13.119462186819099 ], [ 80.202441674656598, 13.119492932313401 ], [ 80.202476505035193, 13.1196513210219 ], [ 80.202476912870296, 13.119653176616101 ], [ 80.202477359333002, 13.1196553016695 ], [ 80.2024771033131, 13.119714142632599 ], [ 80.202476519408194, 13.1198482378954 ], [ 80.202471317264397, 13.1198939155675 ], [ 80.202466709805293, 13.1199343527803 ], [ 80.202000022438796, 13.124031004009 ], [ 80.201998554591597, 13.124044860789899 ], [ 80.201997304136697, 13.1240587403161 ], [ 80.201996271972504, 13.124072635588799 ], [ 80.201995512896104, 13.1240855798968 ], [ 80.201995455403903, 13.124086558856099 ], [ 80.201898336741905, 13.1260380069665 ], [ 80.201934142690803, 13.126031416759901 ], [ 80.201969911808803, 13.126024834426801 ], [ 80.201972113579501, 13.1260244276239 ], [ 80.202013447760706, 13.1260177368098 ], [ 80.202014849132496, 13.126017509350101 ], [ 80.202060020916605, 13.126012076562899 ], [ 80.202105410991294, 13.126008834387401 ], [ 80.202128698916695, 13.1260075492401 ], [ 80.202151951807807, 13.126006299961499 ], [ 80.2021619222092, 13.1260063008363 ], [ 80.202578470108094, 13.1260077819489 ], [ 80.202583162008807, 13.126007798571001 ], [ 80.2025841070365, 13.126007802070299 ], [ 80.202634017433695, 13.126007981413601 ], [ 80.202634994800704, 13.1260079831632 ], [ 80.202651851686994, 13.126008044402401 ], [ 80.202667523695496, 13.1260081003925 ], [ 80.202677689031205, 13.1260081353863 ], [ 80.2027060856757, 13.1260082359934 ], [ 80.202735271939204, 13.1260083401 ], [ 80.202736284340602, 13.1260083435994 ], [ 80.202748806855695, 13.1260083882165 ], [ 80.202750317821895, 13.126008394340399 ], [ 80.2027789650964, 13.126008495822401 ], [ 80.202779951446601, 13.1260084993218 ], [ 80.202806944024204, 13.126008594679901 ], [ 80.202813428063905, 13.1260086183007 ], [ 80.202815832854, 13.126008627049099 ], [ 80.202826156293199, 13.126008662917799 ], [ 80.203332455770493, 13.126010489594099 ], [ 80.203348834753001, 13.1260105928258 ], [ 80.203355675423893, 13.126010647941101 ], [ 80.203356954624894, 13.1260106575644 ], [ 80.203371000682694, 13.1260107520476 ], [ 80.203384799703798, 13.126010844781201 ], [ 80.203388354337307, 13.126010870151701 ], [ 80.203422855932502, 13.126013959229301 ], [ 80.203443467776594, 13.1260158051521 ], [ 80.203469924060101, 13.1260197542023 ], [ 80.203498180567394, 13.126023971829699 ], [ 80.2035522339946, 13.1260352853241 ], [ 80.204176382555701, 13.126186515339301 ], [ 80.204296318425904, 13.126322068059901 ], [ 80.204333537424802, 13.126771854625501 ], [ 80.204370326130601, 13.1272169617198 ], [ 80.205306489234303, 13.1274019510866 ], [ 80.205306526963497, 13.1274019537111 ], [ 80.206124025313102, 13.1278575848449 ], [ 80.206141325068899, 13.1278672255639 ], [ 80.213898771620606, 13.1311912424302 ], [ 80.214823327592498, 13.131080188426299 ], [ 80.215747880869401, 13.130969181612899 ], [ 80.217915146442394, 13.1306566108619 ], [ 80.217942483973104, 13.1306533643736 ], [ 80.217950689185002, 13.1306523968133 ], [ 80.217969690349904, 13.1306501572525 ], [ 80.220760274440593, 13.1303211882895 ], [ 80.222314708428499, 13.1299485761981 ], [ 80.222330649931493, 13.1299447549364 ], [ 80.222346461178802, 13.129940987914299 ], [ 80.223068058083598, 13.129218416703401 ], [ 80.223886095422401, 13.128399267563401 ], [ 80.224966731878297, 13.127651765027499 ], [ 80.226357138885106, 13.1266899720002 ], [ 80.226419478372605, 13.1266907322384 ], [ 80.226640025554602, 13.1266935466069 ], [ 80.226699458093805, 13.126694305970201 ], [ 80.231136118704498, 13.1267508837807 ], [ 80.231176027259295, 13.1267514174345 ], [ 80.231619545277994, 13.126744220106501 ], [ 80.232811294351293, 13.1267249403297 ], [ 80.232822773922393, 13.126724753988199 ], [ 80.232837219730399, 13.1267245204053 ], [ 80.234226391553804, 13.1267020395782 ], [ 80.234611463383501, 13.1266958238221 ], [ 80.234715261917898, 13.1246074398329 ], [ 80.235623456873498, 13.1245015689657 ], [ 80.235432493908803, 13.1218084682586 ], [ 80.234896208667294, 13.116219257031799 ], [ 80.234239603076702, 13.1137419120898 ], [ 80.233508583742804, 13.113848308149199 ], [ 80.233225582089005, 13.1122840589566 ], [ 80.235574555284401, 13.1116613323655 ], [ 80.236259750657297, 13.1134499773255 ], [ 80.237013267399107, 13.112934620395899 ], [ 80.238861734352398, 13.111709225045001 ], [ 80.239979030156704, 13.112238926679501 ], [ 80.243519246673998, 13.112606074791801 ], [ 80.244265971253995, 13.1125338182697 ], [ 80.244482578425107, 13.1120381331784 ], [ 80.244323019664407, 13.110424621708701 ], [ 80.243699538551596, 13.109354373796799 ], [ 80.243311658588297, 13.108523670936901 ], [ 80.243012077627498, 13.107190589600201 ], [ 80.242446864837305, 13.10583645492 ], [ 80.242436033849899, 13.105520154812201 ], [ 80.242412020984005, 13.104818894885501 ], [ 80.242629194093894, 13.1041370921193 ], [ 80.243035879389296, 13.1035427012275 ], [ 80.243555597900297, 13.103221617576001 ], [ 80.2438079508333, 13.101893148153 ], [ 80.243465497775603, 13.099840165287601 ] ] ] } },
{ "type": "Feature", "properties": { "ac_no": 14, "ac_name": "Villivakkam", "district": "Chennai", "male": 78671.0, "female": 84668.0, "third_gender": 33.0, "electors_total": 163372.0, "source": "OpenCity CKAN — TN SIR voter rolls 2026 (AC electors 06.04.2026) + Chennai AC map 2021", "metric": "registered_electors_18plus_not_total_population", "note": "SIR electors at assembly constituency level. Not GCC ward households; not total population (excludes under-18). Includes ACs on the OpenCity Chennai AC map (Chennai district + some adjoining ACs). Boundaries are 2021." }, "geometry": { "type": "Polygon", "coordinates": [ [ [ 80.243465497775603, 13.099840165287601 ], [ 80.242882194712195, 13.098136832594401 ], [ 80.242662997698005, 13.097496734894801 ], [ 80.242219302711206, 13.0976522863151 ], [ 80.241833521212399, 13.097731922997699 ], [ 80.241490062041606, 13.096568104415599 ], [ 80.241064071052506, 13.095649226160599 ], [ 80.240947387083594, 13.0953888207742 ], [ 80.240874859802503, 13.094284293142399 ], [ 80.240789073387802, 13.0933782542954 ], [ 80.240723802697602, 13.0928367805716 ], [ 80.240706426585007, 13.0926926338839 ], [ 80.240090929698397, 13.0927539495655 ], [ 80.240081501879502, 13.0927555586228 ], [ 80.2394848920718, 13.0928138469167 ], [ 80.239475431015194, 13.092815264356799 ], [ 80.239465955585601, 13.092816586425901 ], [ 80.237615099113498, 13.0931178596327 ], [ 80.2369716843845, 13.0931623558185 ], [ 80.236963753158904, 13.093163317401499 ], [ 80.2369558129501, 13.0931642133624 ], [ 80.236947865554797, 13.0931650402012 ], [ 80.235704081568599, 13.0933048800531 ], [ 80.235378640805806, 13.093337393612201 ], [ 80.235344433858103, 13.093338930044 ], [ 80.234602131684298, 13.093368585975901 ], [ 80.234104170369505, 13.0933417124205 ], [ 80.233458625734997, 13.0933057296405 ], [ 80.2328499641294, 13.093242751669401 ], [ 80.232455099764806, 13.0931387458484 ], [ 80.231943666415603, 13.0867439340145 ], [ 80.231809918947903, 13.0866490751679 ], [ 80.231767243582098, 13.0866734723711 ], [ 80.228882843036303, 13.0883224413924 ], [ 80.228832145714904, 13.0883721760674 ], [ 80.228822259755205, 13.0883624594276 ], [ 80.227499161715897, 13.087062002079101 ], [ 80.227383852169396, 13.086949054814401 ], [ 80.227344768268097, 13.086977270417099 ], [ 80.226738911202801, 13.087414634157501 ], [ 80.226719657611298, 13.087428926116401 ], [ 80.2267007858038, 13.087443711564299 ], [ 80.226682316441597, 13.087458979126399 ], [ 80.226664799293502, 13.087473593076 ], [ 80.225623932153596, 13.0884054961328 ], [ 80.225592073402098, 13.088435401152299 ], [ 80.225561674412802, 13.0884668023815 ], [ 80.225532842983796, 13.088499594822199 ], [ 80.225507935395896, 13.0885315980281 ], [ 80.224821820148193, 13.0894349090267 ], [ 80.224791800247999, 13.0894769095743 ], [ 80.224764216578905, 13.089520582191501 ], [ 80.224739208379702, 13.089565720383399 ], [ 80.224715313193201, 13.089612064281701 ], [ 80.224365196607806, 13.0903940784084 ], [ 80.224334679040993, 13.0903882178484 ], [ 80.224234185408505, 13.090368921223099 ], [ 80.224221683554703, 13.090366285808299 ], [ 80.224209219430094, 13.090363479774 ], [ 80.2241967984247, 13.090360505745 ], [ 80.224185367362693, 13.090357985826399 ], [ 80.224116727990094, 13.090375086273699 ], [ 80.223436747337502, 13.090544488609 ], [ 80.223415585724297, 13.090539223033 ], [ 80.223031772434297, 13.0905858108651 ], [ 80.222543060173706, 13.0906230679999 ], [ 80.222521570675497, 13.0906192890009 ], [ 80.222467796624201, 13.090612472978099 ], [ 80.2207372012126, 13.0906273396073 ], [ 80.220316819304003, 13.0906415176336 ], [ 80.219699677602094, 13.090661429341999 ], [ 80.218004305132695, 13.090769489071199 ], [ 80.217985441410093, 13.0921662141819 ], [ 80.218055874718203, 13.0937177406882 ], [ 80.218193473263597, 13.094624698740899 ], [ 80.218018153561104, 13.096057730857501 ], [ 80.216079719433694, 13.0969204044069 ], [ 80.215484189400897, 13.097203976783 ], [ 80.215202623254896, 13.096158913728599 ], [ 80.212907540891706, 13.0963535544085 ], [ 80.212749697913097, 13.095686141298 ], [ 80.212522069311703, 13.0956544260059 ], [ 80.211868279041198, 13.095790249287701 ], [ 80.210739921382498, 13.0959640567817 ], [ 80.2108639742317, 13.097879460648 ], [ 80.211044640706604, 13.100668926227099 ], [ 80.211085117894996, 13.1021518650457 ], [ 80.210528279199806, 13.1029038766026 ], [ 80.2103701101328, 13.1039022312321 ], [ 80.209240507409106, 13.104029052254401 ], [ 80.208114513218007, 13.1047584413802 ], [ 80.205165984638995, 13.1059273438803 ], [ 80.197262866382403, 13.105522860933201 ], [ 80.195289415925302, 13.107937049335501 ], [ 80.196937418433095, 13.1080968252171 ], [ 80.197346760945095, 13.108132702596199 ], [ 80.197403751863405, 13.1082536516796 ], [ 80.197457488185407, 13.1083676924321 ], [ 80.197458127785794, 13.1083690432897 ], [ 80.197458716182396, 13.1083702874085 ], [ 80.198975070585306, 13.111571801612699 ], [ 80.199533654707096, 13.1127511293308 ], [ 80.199535858274501, 13.112754228198799 ], [ 80.199537956738993, 13.1127587540158 ], [ 80.199538528067507, 13.1127600042367 ], [ 80.199540030050699, 13.1127632912064 ], [ 80.199542206668596, 13.1127678056497 ], [ 80.199542881303401, 13.1127692046022 ], [ 80.199554926812993, 13.112796167025399 ], [ 80.199566077600593, 13.112821125943301 ], [ 80.199717046670699, 13.113159051838499 ], [ 80.200466145497899, 13.1148335887126 ], [ 80.201501496982004, 13.114701953517001 ], [ 80.2049315611808, 13.114251273478301 ], [ 80.205875371642406, 13.1141175513647 ], [ 80.205939303842896, 13.1143976402512 ], [ 80.206259247814501, 13.115557223202501 ], [ 80.206303608419901, 13.1156988237177 ], [ 80.206337890826106, 13.1158054079048 ], [ 80.206382387975296, 13.115904414701999 ], [ 80.206525202139204, 13.1161548098758 ], [ 80.206539751253601, 13.116261337873 ], [ 80.206579136090497, 13.1164049528295 ], [ 80.206895333189095, 13.116366298915199 ], [ 80.207137737280306, 13.1163325066998 ], [ 80.207261196343097, 13.1163328575264 ], [ 80.207355308343793, 13.116333124364701 ], [ 80.207780330949106, 13.1163343325731 ], [ 80.2082494949709, 13.1162317144453 ], [ 80.208487050854501, 13.1160909147524 ], [ 80.208576056831106, 13.116056686808699 ], [ 80.208684926355403, 13.115984991224 ], [ 80.208714273417399, 13.115985074337599 ], [ 80.209094933620705, 13.115845187879399 ], [ 80.209094971349998, 13.1158132424668 ], [ 80.2095100424186, 13.1156704119336 ], [ 80.209979712191796, 13.115567795278499 ], [ 80.210419529151594, 13.1154650937171 ], [ 80.210577944356999, 13.115428527124999 ], [ 80.210864371287002, 13.1153923244787 ], [ 80.211314268242504, 13.1153241334816 ], [ 80.211734355503694, 13.115218840413799 ], [ 80.211759148107205, 13.1152189112793 ], [ 80.212174129344305, 13.1151531559102 ], [ 80.212564831814205, 13.115080232599899 ], [ 80.212762197970306, 13.115050875869599 ], [ 80.213093614326397, 13.1150518181196 ], [ 80.213333798680594, 13.1165605509148 ], [ 80.213520360798796, 13.117476863820499 ], [ 80.213604066715206, 13.1177225269468 ], [ 80.214068803839297, 13.1175108754723 ], [ 80.214538514935001, 13.1173732706831 ], [ 80.215003252059105, 13.117162125461499 ], [ 80.215062489663893, 13.117129840767801 ], [ 80.215418398586195, 13.116954896008901 ], [ 80.215818792081393, 13.116815066094601 ], [ 80.216298118743893, 13.1166754600695 ], [ 80.216738523201798, 13.1165032909778 ], [ 80.217163328414799, 13.1162570439635 ], [ 80.217633082629803, 13.116082423164199 ], [ 80.218043634274196, 13.115910168793899 ], [ 80.218523048073294, 13.1156960232214 ], [ 80.218888992075605, 13.1155931117418 ], [ 80.219501979069307, 13.1153844164132 ], [ 80.219872609582495, 13.1152419662052 ], [ 80.220099786331303, 13.115175678038099 ], [ 80.220658673185397, 13.1149323474338 ], [ 80.222082024108602, 13.1144759644354 ], [ 80.222541614784404, 13.114338331701299 ], [ 80.222927295671894, 13.114232941099001 ], [ 80.223204143865999, 13.1141667935168 ], [ 80.223377234848201, 13.114127733302899 ], [ 80.223742667709203, 13.114029891140801 ], [ 80.223911250945307, 13.1139512658531 ], [ 80.224088970946198, 13.113921853870099 ], [ 80.224326234877296, 13.1138829755941 ], [ 80.224538745730797, 13.113883579266901 ], [ 80.224765930564502, 13.113884224934401 ], [ 80.224944157215205, 13.1138548138182 ], [ 80.225383765765798, 13.1138560631586 ], [ 80.225897459276098, 13.113751036303301 ], [ 80.225997209103596, 13.1133304454941 ], [ 80.226995037958304, 13.113226794617001 ], [ 80.226803204525993, 13.1124169526681 ], [ 80.226705033038499, 13.111993263324701 ], [ 80.226680485675004, 13.1117827565322 ], [ 80.226720322364599, 13.1114659461297 ], [ 80.227368056193498, 13.111398316602701 ], [ 80.230441619480203, 13.1111966133968 ], [ 80.232141408965902, 13.1110254877229 ], [ 80.232467805536103, 13.110991933620999 ], [ 80.232414715102806, 13.109659688941701 ], [ 80.232469609353203, 13.1094468721558 ], [ 80.232455062933894, 13.1093378092342 ], [ 80.232400660061899, 13.1091297525283 ], [ 80.232367202309206, 13.1083173187381 ], [ 80.232367895808594, 13.107723532006499 ], [ 80.232353413169506, 13.107126660651399 ], [ 80.232339436282004, 13.1065297895985 ], [ 80.232295898533494, 13.1056828457378 ], [ 80.232282046511799, 13.1049794890918 ], [ 80.232232825122495, 13.104667496868201 ], [ 80.232208487964797, 13.104276470780601 ], [ 80.232179714027893, 13.1037860439715 ], [ 80.232135639086806, 13.1033995258493 ], [ 80.232091113191402, 13.103399398985101 ], [ 80.231779898149398, 13.1034309671671 ], [ 80.231746268818497, 13.1027645715329 ], [ 80.231706336907493, 13.1027299768903 ], [ 80.231671930533807, 13.1027298788983 ], [ 80.231514065097301, 13.1027294300604 ], [ 80.231484299420401, 13.102729346067299 ], [ 80.231454399894503, 13.102694272834199 ], [ 80.231292706736596, 13.1016390908745 ], [ 80.231811459558699, 13.101534078053 ], [ 80.232360066990907, 13.1014271228367 ], [ 80.232706235480507, 13.101361172171501 ], [ 80.2329040732522, 13.101361734753199 ], [ 80.233116664954096, 13.101292868793999 ], [ 80.233477006163994, 13.101221888102099 ], [ 80.233640475291196, 13.1011904062553 ], [ 80.234149617038, 13.101082831436701 ], [ 80.234441191314602, 13.1010466433034 ], [ 80.234885892414596, 13.1010205247788 ], [ 80.234940032080104, 13.101020678767201 ], [ 80.235295781102295, 13.1009821379272 ], [ 80.236496631906107, 13.1008471180741 ], [ 80.237183962574406, 13.1007425843791 ], [ 80.237850921248693, 13.100603005106599 ], [ 80.237949586809606, 13.100603285960799 ], [ 80.243465497775603, 13.099840165287601 ] ] ] } },
{ "type": "Feature", "properties": { "ac_no": 15, "ac_name": "Thiru-Vi-Ka-Nagar", "district": "Chennai", "male": 87082.0, "female": 94476.0, "third_gender": 63.0, "electors_total": 181621.0, "source": "OpenCity CKAN — TN SIR voter rolls 2026 (AC electors 06.04.2026) + Chennai AC map 2021", "metric": "registered_electors_18plus_not_total_population", "note": "SIR electors at assembly constituency level. Not GCC ward households; not total population (excludes under-18). Includes ACs on the OpenCity Chennai AC map (Chennai district + some adjoining ACs). Boundaries are 2021." }, "geometry": { "type": "Polygon", "coordinates": [ [ [ 80.244342589462804, 13.1123584852881 ], [ 80.246021167029696, 13.1118537149303 ], [ 80.246591599031703, 13.1126870530952 ], [ 80.252010696762994, 13.1133814997008 ], [ 80.260139343359796, 13.114770386154801 ], [ 80.270574072190598, 13.1159092912883 ], [ 80.270529075577997, 13.1156931212389 ], [ 80.270308071153494, 13.1150558312124 ], [ 80.270018083301593, 13.113871553054301 ], [ 80.269442827346495, 13.111403630726899 ], [ 80.269775577700798, 13.109663761615799 ], [ 80.271016922761007, 13.1074948514126 ], [ 80.271593821734797, 13.106338150922999 ], [ 80.271188954629494, 13.10497792736 ], [ 80.271179420809403, 13.1049458974188 ], [ 80.270805975874396, 13.1047965940392 ], [ 80.270414320292005, 13.104263085344 ], [ 80.270124060250694, 13.1037387175757 ], [ 80.269437047585996, 13.1037203389171 ], [ 80.2688099372794, 13.103760721043701 ], [ 80.268367338237198, 13.103688261566299 ], [ 80.268307594880895, 13.1032317605935 ], [ 80.268188172847104, 13.102255449718699 ], [ 80.268188366883194, 13.1017311791657 ], [ 80.2674782818887, 13.1017715266214 ], [ 80.266025777041193, 13.1018568026512 ], [ 80.264582578740004, 13.1019284603563 ], [ 80.264490583170101, 13.1015125993453 ], [ 80.264237966132399, 13.099429030672299 ], [ 80.263500181586195, 13.0995733037833 ], [ 80.262877603280302, 13.0997537756377 ], [ 80.262227442203496, 13.0998619241214 ], [ 80.261558798289698, 13.0999203752217 ], [ 80.260844067208595, 13.0999426738849 ], [ 80.260309286645295, 13.0998836707041 ], [ 80.260276392136205, 13.099877303780801 ], [ 80.259869378955699, 13.0997985287314 ], [ 80.259376515580101, 13.099609220027199 ], [ 80.258251196922004, 13.098769327135299 ], [ 80.256810843585399, 13.098974345179 ], [ 80.255516901267001, 13.099261316082099 ], [ 80.254569111268594, 13.0994943309002 ], [ 80.253660463562099, 13.0987330389185 ], [ 80.252179464153699, 13.0983742336924 ], [ 80.251475811096697, 13.0979640555689 ], [ 80.2495416349838, 13.0977470551806 ], [ 80.248036802372596, 13.0975038175858 ], [ 80.247295519786704, 13.096840927577601 ], [ 80.246201375363896, 13.096872282237999 ], [ 80.245297344099598, 13.096981057575199 ], [ 80.243851137340599, 13.097262033038101 ], [ 80.242662997698005, 13.097496734894801 ], [ 80.242882194712195, 13.098136832594401 ], [ 80.243465497775603, 13.099840165287601 ], [ 80.2438079508333, 13.101893148153 ], [ 80.243555597900297, 13.103221617576001 ], [ 80.243035879389296, 13.1035427012275 ], [ 80.242629194093894, 13.1041370921193 ], [ 80.242412020984005, 13.104818894885501 ], [ 80.242436033849899, 13.105520154812201 ], [ 80.242446864837305, 13.10583645492 ], [ 80.243012077627498, 13.107190589600201 ], [ 80.243311658588297, 13.108523670936901 ], [ 80.243699538551596, 13.109354373796799 ], [ 80.244323019664407, 13.110424621708701 ], [ 80.244482578425107, 13.1120381331784 ], [ 80.244342589462804, 13.1123584852881 ] ] ] } },
{ "type": "Feature", "properties": { "ac_no": 16, "ac_name": "Egmore", "district": "Chennai", "male": 67542.0, "female": 71176.0, "third_gender": 57.0, "electors_total": 138775.0, "source": "OpenCity CKAN — TN SIR voter rolls 2026 (AC electors 06.04.2026) + Chennai AC map 2021", "metric": "registered_electors_18plus_not_total_population", "note": "SIR electors at assembly constituency level. Not GCC ward households; not total population (excludes under-18). Includes ACs on the OpenCity Chennai AC map (Chennai district + some adjoining ACs). Boundaries are 2021." }, "geometry": { "type": "Polygon", "coordinates": [ [ [ 80.271903831237594, 13.104440724263601 ], [ 80.271970558995307, 13.1042109714639 ], [ 80.271990876192007, 13.104144095001301 ], [ 80.272248144706296, 13.103513514605799 ], [ 80.272501232461096, 13.102563463200701 ], [ 80.272610674212203, 13.1020019317712 ], [ 80.272695894688297, 13.1009499876 ], [ 80.272766530117394, 13.0998234618444 ], [ 80.272766654084904, 13.099716975727 ], [ 80.272818380875606, 13.097959084132899 ], [ 80.272878266165705, 13.0972959967372 ], [ 80.272908685816105, 13.096377257690101 ], [ 80.272899280455107, 13.0961987397516 ], [ 80.272840199157201, 13.096097156169201 ], [ 80.272736598252095, 13.095990375331599 ], [ 80.272538797311398, 13.0959578673723 ], [ 80.272202914531704, 13.0958823721396 ], [ 80.272089106968394, 13.095850103028001 ], [ 80.272227909256202, 13.0957095296608 ], [ 80.272554211503305, 13.095324063679101 ], [ 80.272633731270602, 13.095254820675899 ], [ 80.272757354725002, 13.0951142040962 ], [ 80.273138344610103, 13.094691877024101 ], [ 80.272931575787894, 13.093673584087201 ], [ 80.272882865539898, 13.0933565220126 ], [ 80.272809728302803, 13.0923685270817 ], [ 80.272845413877405, 13.091630830191001 ], [ 80.272886479462301, 13.0902613294283 ], [ 80.273205424507296, 13.087942355481699 ], [ 80.2738368628969, 13.0844975417398 ], [ 80.273991237480203, 13.0835872686797 ], [ 80.272805344524102, 13.083479440300399 ], [ 80.272172953920304, 13.083406145360501 ], [ 80.271550717872501, 13.083302961385099 ], [ 80.270982590049201, 13.0832268060273 ], [ 80.270720621549401, 13.083191580392899 ], [ 80.270236392780305, 13.0831207344853 ], [ 80.269994072232393, 13.083083029092601 ], [ 80.269929812146898, 13.083082846218099 ], [ 80.269752297860194, 13.0830103369084 ], [ 80.269609640003196, 13.082552040617299 ], [ 80.269437453624505, 13.0818162883489 ], [ 80.269437777916295, 13.081538917786499 ], [ 80.269457807652202, 13.0813604827239 ], [ 80.269466771042104, 13.0813278170841 ], [ 80.269431806814595, 13.081336420996299 ], [ 80.268217351025797, 13.0813205738025 ], [ 80.267395441049899, 13.081181754405801 ], [ 80.266246515564404, 13.0803967806537 ], [ 80.265717233588902, 13.0797004227638 ], [ 80.265458620296698, 13.0790715272024 ], [ 80.265143291869094, 13.0781417947763 ], [ 80.264224805813498, 13.0782738966469 ], [ 80.2635784994077, 13.078326898903001 ], [ 80.264022263564698, 13.0776310041777 ], [ 80.264021876390899, 13.077567897074299 ], [ 80.264017731564095, 13.0768929744268 ], [ 80.263998989114, 13.0759002723875 ], [ 80.263959420122404, 13.0746168070994 ], [ 80.264377752075504, 13.07473674273 ], [ 80.264558916217197, 13.0747886825883 ], [ 80.265436034853806, 13.075195327427201 ], [ 80.2658677346367, 13.074663005928 ], [ 80.266162858157003, 13.074364974024 ], [ 80.266560649232801, 13.0739487856147 ], [ 80.266900196240499, 13.073499593814701 ], [ 80.266969399754998, 13.0734047307484 ], [ 80.267462491302695, 13.0728885340082 ], [ 80.267923584859901, 13.072366167187299 ], [ 80.268226254228594, 13.0719861713123 ], [ 80.268545072611104, 13.0713823679573 ], [ 80.268580183264007, 13.0710320011846 ], [ 80.268679882785804, 13.070841856598699 ], [ 80.268741983321405, 13.070541874860799 ], [ 80.268815809566405, 13.0704018068379 ], [ 80.268894227999098, 13.0702481458164 ], [ 80.268986544267605, 13.0700674686 ], [ 80.269051205900098, 13.0699182718462 ], [ 80.269078894672106, 13.0697601757964 ], [ 80.269083623403702, 13.069529667878101 ], [ 80.269079173149805, 13.069186145717 ], [ 80.2690766623586, 13.069157083658601 ], [ 80.269009738768304, 13.068382680748201 ], [ 80.269478017949496, 13.0682911890328 ], [ 80.269392530673798, 13.067997151917 ], [ 80.269076135047499, 13.0674290287213 ], [ 80.268809861820898, 13.0670241255691 ], [ 80.268472033290294, 13.066370857117001 ], [ 80.267979222017004, 13.065937832229601 ], [ 80.267286461032896, 13.065531719049099 ], [ 80.266514605184497, 13.064983573090901 ], [ 80.265108946580796, 13.0636519127528 ], [ 80.264674933636101, 13.0631401733409 ], [ 80.264090658595507, 13.0627320849018 ], [ 80.264053731549097, 13.062820047772099 ], [ 80.264038936296402, 13.062923956995199 ], [ 80.263702515425905, 13.063309393990901 ], [ 80.263405681513305, 13.063590992366599 ], [ 80.263148403117597, 13.063872196641601 ], [ 80.262901108598001, 13.0641189475462 ], [ 80.262455783168903, 13.0646054909889 ], [ 80.261902733567595, 13.0641830442867 ], [ 80.261779399370695, 13.0640762076259 ], [ 80.261621651613495, 13.063974343915399 ], [ 80.260884550685205, 13.0647450355131 ], [ 80.260389559200803, 13.0653004003763 ], [ 80.260231099977901, 13.0653744899999 ], [ 80.260127334681101, 13.065408676856499 ], [ 80.259593910573798, 13.0655111113894 ], [ 80.2592329800691, 13.065653588600799 ], [ 80.2590947580929, 13.065296719871199 ], [ 80.258843228915097, 13.0649121470388 ], [ 80.258517954340604, 13.064492883467199 ], [ 80.257599490743004, 13.063643452609799 ], [ 80.257056563358304, 13.063218499816999 ], [ 80.256730912389699, 13.063046688901601 ], [ 80.256271101626695, 13.062938895298799 ], [ 80.255762636311303, 13.0629004333874 ], [ 80.255337526569306, 13.0629737659215 ], [ 80.254937222905696, 13.063111060691901 ], [ 80.254571026476796, 13.0633549386353 ], [ 80.254135858298596, 13.063809564680801 ], [ 80.253715155691495, 13.064442216409899 ], [ 80.253516705268794, 13.064966477883599 ], [ 80.253447020257298, 13.0653552089186 ], [ 80.253357382765003, 13.0657808992089 ], [ 80.253356565298105, 13.066481172009301 ], [ 80.253410306111604, 13.067256646700701 ], [ 80.2532863152462, 13.0677116505844 ], [ 80.253093086730303, 13.0680974948797 ], [ 80.252613277672395, 13.0687249080807 ], [ 80.252162796811902, 13.069219043101899 ], [ 80.251935326313998, 13.0694633149074 ], [ 80.251178407652304, 13.070305448007399 ], [ 80.2503419692232, 13.0712168253829 ], [ 80.249916536986106, 13.0715670212607 ], [ 80.248650684088403, 13.072338746195401 ], [ 80.247840036291095, 13.0728288146982 ], [ 80.247103428537898, 13.0731760979294 ], [ 80.246861024446702, 13.0732098908158 ], [ 80.246736542202896, 13.074086274662299 ], [ 80.247383518751903, 13.0742341519775 ], [ 80.247838270203303, 13.0743419310222 ], [ 80.248910237916604, 13.074517891333199 ], [ 80.249424228769399, 13.074591356919999 ], [ 80.249473227376598, 13.074660965364 ], [ 80.249542465925401, 13.0747301248993 ], [ 80.249626414386995, 13.074767887570699 ], [ 80.249690674472504, 13.0747680704514 ], [ 80.249700250513499, 13.0748000430637 ], [ 80.249700169665104, 13.0748695123195 ], [ 80.249749628209699, 13.074978675378301 ], [ 80.249808705914404, 13.075082793864301 ], [ 80.249857639842801, 13.075716780858601 ], [ 80.249921037545704, 13.076380218569099 ], [ 80.250014516234103, 13.076489506087499 ], [ 80.250518815163304, 13.076629878661601 ], [ 80.250869254243796, 13.0768063238517 ], [ 80.250958218898006, 13.076881117036701 ], [ 80.251170444087293, 13.077126638658701 ], [ 80.251100960298302, 13.077267915639201 ], [ 80.250990908591206, 13.0783517361869 ], [ 80.250990784623696, 13.078458221911999 ], [ 80.250856711965895, 13.0788812505608 ], [ 80.2507776144068, 13.0790219936539 ], [ 80.250752618784006, 13.079195343092399 ], [ 80.250750737711797, 13.079208807767101 ], [ 80.250305390723199, 13.0792424685753 ], [ 80.249503246378396, 13.0790973934251 ], [ 80.248996256096703, 13.0788756356056 ], [ 80.248581524591302, 13.078473208276 ], [ 80.247357475693505, 13.0780598767232 ], [ 80.247306760405806, 13.0780598985986 ], [ 80.2468411052036, 13.078060108602299 ], [ 80.246828143412401, 13.078083594014499 ], [ 80.246668396903701, 13.078373032285601 ], [ 80.246658188448805, 13.078391859092299 ], [ 80.246648433643102, 13.0784109230264 ], [ 80.246639138774896, 13.078430208337601 ], [ 80.246629205204499, 13.0784488863876 ], [ 80.246550913434206, 13.078634223912401 ], [ 80.246671541007203, 13.078693873565999 ], [ 80.246708509376106, 13.0787110448235 ], [ 80.246746255686006, 13.0787266069308 ], [ 80.246784669444196, 13.0787405100125 ], [ 80.246823636564599, 13.078752715568299 ], [ 80.247297928169999, 13.078891504831899 ], [ 80.247267852574296, 13.0791589067413 ], [ 80.247266732375095, 13.079168253613901 ], [ 80.247265510666296, 13.0791775908611 ], [ 80.2472641901429, 13.079186914982801 ], [ 80.247262800449107, 13.079196031726401 ], [ 80.247201437430405, 13.079592081678999 ], [ 80.247187603374996, 13.0795875683775 ], [ 80.247163116198706, 13.079576105746501 ], [ 80.247127073094504, 13.079559233802801 ], [ 80.247066980293596, 13.079537037421099 ], [ 80.247005458273094, 13.079518994710901 ], [ 80.246943075666493, 13.0795063018123 ], [ 80.246546675182699, 13.079434189580599 ], [ 80.246515025738603, 13.0794599647643 ], [ 80.246340328568706, 13.0796022361694 ], [ 80.246256065696699, 13.079680225791799 ], [ 80.246181900786894, 13.0797686997517 ], [ 80.246119743657403, 13.079865656892199 ], [ 80.246072043115802, 13.079967710919901 ], [ 80.245976979799195, 13.080117808979701 ], [ 80.245917661345999, 13.0802114707037 ], [ 80.245777064224299, 13.0800944663876 ], [ 80.245606414863005, 13.079976946635901 ], [ 80.245514201002507, 13.079943101301 ], [ 80.245421988040206, 13.079909255086401 ], [ 80.245447567567993, 13.0804289992883 ], [ 80.245473147994005, 13.0809487423946 ], [ 80.245504831574095, 13.0811349390451 ], [ 80.245413884338106, 13.081116701325801 ], [ 80.244974182362697, 13.0810459825727 ], [ 80.244485024537695, 13.0809381058318 ], [ 80.244257880128202, 13.080902978746099 ], [ 80.244105074901697, 13.080902544743401 ], [ 80.2440408588336, 13.0808648381366 ], [ 80.243956953491093, 13.080864600135101 ], [ 80.243877427435706, 13.0808643735087 ], [ 80.243166182716195, 13.0807239202191 ], [ 80.242884439602093, 13.080723119588701 ], [ 80.242133519889805, 13.0806865040869 ], [ 80.241664018101503, 13.0806451101709 ], [ 80.241150483592904, 13.0806142408242 ], [ 80.240957705132899, 13.080613693070299 ], [ 80.240854026074402, 13.080573846153399 ], [ 80.240661247614398, 13.080573298399401 ], [ 80.239267905811502, 13.080462851556501 ], [ 80.238660306014594, 13.080391655736999 ], [ 80.238097232113105, 13.0803205850229 ], [ 80.237573158569603, 13.080215144861301 ], [ 80.237208009576307, 13.080145144231199 ], [ 80.236980363008499, 13.0801069737542 ], [ 80.236788171148405, 13.0800374648481 ], [ 80.236328227434797, 13.079969223809799 ], [ 80.2356316647803, 13.079821205556399 ], [ 80.235143007316907, 13.079717894079399 ], [ 80.234298227132101, 13.079540043955999 ], [ 80.234155078794998, 13.079502620644099 ], [ 80.234100432479593, 13.0795024648923 ], [ 80.234050847272499, 13.0795023240156 ], [ 80.233912760942005, 13.079461873162 ], [ 80.233695224912793, 13.0794318436774 ], [ 80.233418500686199, 13.0793915056886 ], [ 80.232786188235806, 13.0792507689315 ], [ 80.232672849593001, 13.0792504469274 ], [ 80.231733876559105, 13.079141291884101 ], [ 80.231240121156503, 13.079070926069299 ], [ 80.230775754138307, 13.0789651484936 ], [ 80.2300952857005, 13.0788496704832 ], [ 80.230134263600704, 13.079315476874299 ], [ 80.230289894028701, 13.080414937050501 ], [ 80.230520102591598, 13.0816506644013 ], [ 80.230642851985294, 13.0836381383044 ], [ 80.230647142339095, 13.083707606820701 ], [ 80.230511691665598, 13.0845089122678 ], [ 80.230278949853599, 13.084961996975199 ], [ 80.231206571775502, 13.086559190575899 ], [ 80.231809918947903, 13.0866490751679 ], [ 80.231943666415603, 13.0867439340145 ], [ 80.232455099764806, 13.0931387458484 ], [ 80.2328499641294, 13.093242751669401 ], [ 80.233458625734997, 13.0933057296405 ], [ 80.234104170369505, 13.0933417124205 ], [ 80.234602131684298, 13.093368585975901 ], [ 80.235344433858103, 13.093338930044 ], [ 80.235378640805806, 13.093337393612201 ], [ 80.235704081568599, 13.0933048800531 ], [ 80.236947865554797, 13.0931650402012 ], [ 80.2369558129501, 13.0931642133624 ], [ 80.236963753158904, 13.093163317401499 ], [ 80.2369716843845, 13.0931623558185 ], [ 80.237615099113498, 13.0931178596327 ], [ 80.239465955585601, 13.092816586425901 ], [ 80.239475431015194, 13.092815264356799 ], [ 80.2394848920718, 13.0928138469167 ], [ 80.240081501879502, 13.0927555586228 ], [ 80.240090929698397, 13.0927539495655 ], [ 80.240706426585007, 13.0926926338839 ], [ 80.240723802697602, 13.0928367805716 ], [ 80.240789073387802, 13.0933782542954 ], [ 80.240874859802503, 13.094284293142399 ], [ 80.240947387083594, 13.0953888207742 ], [ 80.241064071052506, 13.095649226160599 ], [ 80.241490062041606, 13.096568104415599 ], [ 80.241833521212399, 13.097731922997699 ], [ 80.242219302711206, 13.0976522863151 ], [ 80.242662997698005, 13.097496734894801 ], [ 80.243851137340599, 13.097262033038101 ], [ 80.245297344099598, 13.096981057575199 ], [ 80.246201375363896, 13.096872282237999 ], [ 80.247295519786704, 13.096840927577601 ], [ 80.248036802372596, 13.0975038175858 ], [ 80.2495416349838, 13.0977470551806 ], [ 80.251475811096697, 13.0979640555689 ], [ 80.252179464153699, 13.0983742336924 ], [ 80.253660463562099, 13.0987330389185 ], [ 80.254569111268594, 13.0994943309002 ], [ 80.255516901267001, 13.099261316082099 ], [ 80.256810843585399, 13.098974345179 ], [ 80.258251196922004, 13.098769327135299 ], [ 80.259376515580101, 13.099609220027199 ], [ 80.259869378955699, 13.0997985287314 ], [ 80.260276392136205, 13.099877303780801 ], [ 80.260309286645295, 13.0998836707041 ], [ 80.260844067208595, 13.0999426738849 ], [ 80.261558798289698, 13.0999203752217 ], [ 80.262227442203496, 13.0998619241214 ], [ 80.262877603280302, 13.0997537756377 ], [ 80.263500181586195, 13.0995733037833 ], [ 80.264237966132399, 13.099429030672299 ], [ 80.264490583170101, 13.1015125993453 ], [ 80.264582578740004, 13.1019284603563 ], [ 80.266025777041193, 13.1018568026512 ], [ 80.2674782818887, 13.1017715266214 ], [ 80.268188366883194, 13.1017311791657 ], [ 80.268188172847104, 13.102255449718699 ], [ 80.268307594880895, 13.1032317605935 ], [ 80.268367338237198, 13.103688261566299 ], [ 80.2688099372794, 13.103760721043701 ], [ 80.269437047585996, 13.1037203389171 ], [ 80.270124060250694, 13.1037387175757 ], [ 80.270414320292005, 13.104263085344 ], [ 80.270805975874396, 13.1047965940392 ], [ 80.271179420809403, 13.1049458974188 ], [ 80.271188954629494, 13.10497792736 ], [ 80.271903831237594, 13.104440724263601 ] ] ] } },
{ "type": "Feature", "properties": { "ac_no": 17, "ac_name": "Royapuram", "district": "Chennai", "male": 77211.0, "female": 82385.0, "third_gender": 58.0, "electors_total": 159654.0, "source": "OpenCity CKAN — TN SIR voter rolls 2026 (AC electors 06.04.2026) + Chennai AC map 2021", "metric": "registered_electors_18plus_not_total_population", "note": "SIR electors at assembly constituency level. Not GCC ward households; not total population (excludes under-18). Includes ACs on the OpenCity Chennai AC map (Chennai district + some adjoining ACs). Boundaries are 2021." }, "geometry": { "type": "Polygon", "coordinates": [ [ [ 80.270020339869603, 13.113880768251301 ], [ 80.270664932289904, 13.1139132370981 ], [ 80.270911850415501, 13.1139139387582 ], [ 80.271238206561605, 13.113914866139501 ], [ 80.271544408105896, 13.1138437307338 ], [ 80.271732254815007, 13.113809783316499 ], [ 80.271865783093801, 13.113777709905699 ], [ 80.272103173687398, 13.1137043513679 ], [ 80.272384538610794, 13.113670162462 ], [ 80.271980781823203, 13.1127902492559 ], [ 80.272430172128907, 13.112722056662401 ], [ 80.274505984714395, 13.1124830368537 ], [ 80.276275173547404, 13.112243145418301 ], [ 80.277401769609796, 13.1120009212793 ], [ 80.278623066967796, 13.1116874681335 ], [ 80.279467835474406, 13.111442414906 ], [ 80.279635368580003, 13.111829284351201 ], [ 80.279783011188499, 13.1123519935778 ], [ 80.279921148723005, 13.112780866913599 ], [ 80.279955528147298, 13.1128798443071 ], [ 80.280029567292999, 13.113095562761 ], [ 80.280049136193099, 13.113236586391 ], [ 80.280107925538601, 13.113588158237301 ], [ 80.280132348036204, 13.113905151382699 ], [ 80.280166189369595, 13.1144650607306 ], [ 80.280220497918407, 13.114678188133601 ], [ 80.280343550044293, 13.1150274071056 ], [ 80.280397483995699, 13.1152035159559 ], [ 80.280643705028496, 13.115801046621501 ], [ 80.280727445979295, 13.116016792259 ], [ 80.280845986765897, 13.116328981810501 ], [ 80.280924751948305, 13.1164727087121 ], [ 80.280983748804601, 13.1166462968778 ], [ 80.281057879578498, 13.1168594801322 ], [ 80.281170970286198, 13.1170727743112 ], [ 80.281230683099807, 13.117141906190501 ], [ 80.281718512316502, 13.117879062063199 ], [ 80.282073637009603, 13.1183749794706 ], [ 80.282527775809896, 13.119007581215399 ], [ 80.282966733980203, 13.119640140213599 ], [ 80.283790630131307, 13.120803689567801 ], [ 80.284576744938093, 13.120523987669801 ], [ 80.285723279108197, 13.120106371616901 ], [ 80.285614823707405, 13.1198236208889 ], [ 80.285284933588997, 13.118948481996499 ], [ 80.285206250153195, 13.118735285680501 ], [ 80.285507936765001, 13.1186301637984 ], [ 80.285987221206696, 13.118527067199199 ], [ 80.286525747744804, 13.118387630121701 ], [ 80.286605229782793, 13.118350839122099 ], [ 80.286427659800594, 13.1178924432594 ], [ 80.286215972702195, 13.117185990340699 ], [ 80.286566731582994, 13.117088106526399 ], [ 80.287273833272394, 13.116877143034401 ], [ 80.287931265313105, 13.1167375370446 ], [ 80.287916204159004, 13.1166360782989 ], [ 80.287847764212401, 13.116316424665699 ], [ 80.287847888179996, 13.1162099386866 ], [ 80.287823502513305, 13.1158610004809 ], [ 80.287809121383901, 13.1156109698337 ], [ 80.287799325255705, 13.115333570844401 ], [ 80.287765174901907, 13.1151899710101 ], [ 80.287627020299396, 13.114699234373701 ], [ 80.287567983018903, 13.1145601275821 ], [ 80.288082225399904, 13.1144180854685 ], [ 80.288043045378799, 13.114173055958799 ], [ 80.287988480810199, 13.114103430683199 ], [ 80.287781399374197, 13.113785918984499 ], [ 80.288003647965397, 13.1136800644543 ], [ 80.288127655898805, 13.1136433996093 ], [ 80.288878734612894, 13.113469578353 ], [ 80.289150483071197, 13.1134384042845 ], [ 80.289639845712102, 13.1133703256065 ], [ 80.289674006845701, 13.1135808599116 ], [ 80.289689023982305, 13.1137193347126 ], [ 80.289673803826503, 13.1137542795153 ], [ 80.2896490561387, 13.113791226058 ], [ 80.289717882360804, 13.114138262571 ], [ 80.290118192312704, 13.1140699303693 ], [ 80.291615665924994, 13.1138338313727 ], [ 80.291757720114106, 13.1148843923903 ], [ 80.291934293864699, 13.1161201357521 ], [ 80.291963448687298, 13.1163605728301 ], [ 80.292003043730006, 13.1166081390574 ], [ 80.292012575753503, 13.1166776358916 ], [ 80.292012451785993, 13.116784122543001 ], [ 80.292109804908307, 13.117908589931099 ], [ 80.2922033392923, 13.118403763637801 ], [ 80.292271999326104, 13.118968335423199 ], [ 80.292551520008203, 13.1205141953112 ], [ 80.292551441854798, 13.1205811294386 ], [ 80.292561479629796, 13.1206506277743 ], [ 80.2926251989295, 13.121113770746501 ], [ 80.292659403182299, 13.121287288270899 ], [ 80.292684114937401, 13.121356320980601 ], [ 80.292698626322505, 13.121495301446499 ], [ 80.292747880051294, 13.1217799119538 ], [ 80.292782084303994, 13.121953429882799 ], [ 80.292851033595298, 13.122270548721 ], [ 80.292890332194006, 13.1224141636665 ], [ 80.292959160212803, 13.122835234105301 ], [ 80.293067459306798, 13.1232518525615 ], [ 80.293081962607104, 13.1233979313982 ], [ 80.293116163266603, 13.123573984385599 ], [ 80.294559591536498, 13.1232560921079 ], [ 80.295819806607497, 13.122979766444599 ], [ 80.295854551646102, 13.1231233678528 ], [ 80.295991986697999, 13.123720588817401 ], [ 80.296041486565102, 13.123794762354001 ], [ 80.2960412844442, 13.1239681826268 ], [ 80.295991577066303, 13.1240719925727 ], [ 80.295694743153703, 13.1243535906091 ], [ 80.295818077350603, 13.124460427374901 ], [ 80.296040546927301, 13.1245994918207 ], [ 80.296148699596003, 13.1247088209262 ], [ 80.296148664561699, 13.1247387381566 ], [ 80.296272582663505, 13.1247786426638 ], [ 80.296287256643694, 13.124778684656601 ], [ 80.296312014212901, 13.124808671866401 ], [ 80.296331704385693, 13.124845744475699 ], [ 80.296376230280998, 13.1248458713288 ], [ 80.296533971749994, 13.1249528058637 ], [ 80.296603295638803, 13.125024500582599 ], [ 80.296780724585503, 13.1250944744541 ], [ 80.297274656057894, 13.1254472829986 ], [ 80.297284775579598, 13.1254473118686 ], [ 80.297379343026194, 13.125394821918899 ], [ 80.297316697213205, 13.125018081819199 ], [ 80.297284512373196, 13.1248779214244 ], [ 80.297247591615104, 13.1248146777065 ], [ 80.2971323153062, 13.1247603810576 ], [ 80.297040129293407, 13.1247422716737 ], [ 80.296952483366098, 13.124728681761299 ], [ 80.296828021783497, 13.1247015797959 ], [ 80.296726599292995, 13.1246427260291 ], [ 80.296708180236394, 13.124543301073601 ], [ 80.2967081784398, 13.1244122239827 ], [ 80.2967082943224, 13.124249533199199 ], [ 80.296735957043296, 13.1241320782673 ], [ 80.296795995047006, 13.1240281449926 ], [ 80.296860582119294, 13.1239332611471 ], [ 80.297077358173794, 13.123779637897201 ], [ 80.297783167187404, 13.1230295973492 ], [ 80.298189009863194, 13.122776665969701 ], [ 80.298396519795503, 13.1226998763041 ], [ 80.298650162709194, 13.1226728126087 ], [ 80.298850946955, 13.1226759201002 ], [ 80.298949899976805, 13.122677450224799 ], [ 80.299318715893094, 13.122786025184199 ], [ 80.299609234649196, 13.122930813885199 ], [ 80.299830514856595, 13.123111617671601 ], [ 80.300019540155205, 13.123292486939 ], [ 80.300932238365405, 13.1243277063948 ], [ 80.302301177433606, 13.126267012379399 ], [ 80.303144555348197, 13.1276683379795 ], [ 80.304195513263707, 13.1291827357394 ], [ 80.304674883943704, 13.1298788854047 ], [ 80.304873083736396, 13.1301908123956 ], [ 80.304909913764803, 13.130294728191201 ], [ 80.304937548637795, 13.1304213107703 ], [ 80.304965154764801, 13.1305343045677 ], [ 80.304997449199305, 13.1305931193054 ], [ 80.305034324143406, 13.1306338058333 ], [ 80.3050942866886, 13.1306653853909 ], [ 80.305186478091301, 13.130683489089201 ], [ 80.305274099764105, 13.130683576572 ], [ 80.305357113079495, 13.1306474391604 ], [ 80.305421683982104, 13.130588694422 ], [ 80.305477055237901, 13.1305073195949 ], [ 80.305532430086998, 13.1303853640329 ], [ 80.305564801776498, 13.130227130964199 ], [ 80.305569439778395, 13.1300237539098 ], [ 80.3055372549384, 13.1298882128548 ], [ 80.305362011592706, 13.129635029585399 ], [ 80.304481684173894, 13.128301543935899 ], [ 80.303610551910296, 13.126981536730501 ], [ 80.302527360645698, 13.125467121902901 ], [ 80.301711470280495, 13.124373191642199 ], [ 80.301158451221895, 13.1234962090087 ], [ 80.300840447611293, 13.122908610040399 ], [ 80.300660701909493, 13.122574091116199 ], [ 80.3005870256831, 13.1223525824196 ], [ 80.300494922315394, 13.121986449699699 ], [ 80.300453457878504, 13.1217017370729 ], [ 80.300416697020495, 13.121412487085401 ], [ 80.3004121632232, 13.121109672891 ], [ 80.300426054770796, 13.120951483716 ], [ 80.300463048292499, 13.1207481366033 ], [ 80.300504616933907, 13.1205673345778 ], [ 80.300583023688603, 13.120368520698101 ], [ 80.300762984986093, 13.1199482010434 ], [ 80.301076785379394, 13.1193200749232 ], [ 80.301547405570304, 13.1184299293098 ], [ 80.301722792646302, 13.117905720345 ], [ 80.301819720865495, 13.1175124773689 ], [ 80.301857074611604, 13.1161114411928 ], [ 80.301903330662199, 13.1156640471686 ], [ 80.301949550780193, 13.1153702818063 ], [ 80.302009556444602, 13.115126218242001 ], [ 80.302083500368894, 13.1148324863578 ], [ 80.302734070179099, 13.113490420847301 ], [ 80.303052388200001, 13.1128260612085 ], [ 80.303107805269903, 13.112726667344599 ], [ 80.303421433186799, 13.1123290827385 ], [ 80.304819172243, 13.1106572768732 ], [ 80.304892929317703, 13.1105352003503 ], [ 80.304948358963998, 13.110399664297599 ], [ 80.304966825631297, 13.1102233542801 ], [ 80.304966858868895, 13.1100697285886 ], [ 80.304943878167407, 13.109956732383299 ], [ 80.304897756863994, 13.109784996039799 ], [ 80.304474040409104, 13.108347642170299 ], [ 80.304437167261696, 13.108221087595799 ], [ 80.304336011570797, 13.1072221984167 ], [ 80.304147320445296, 13.1062550147387 ], [ 80.304078172626305, 13.106160051417501 ], [ 80.303958332875894, 13.1060832189421 ], [ 80.303870720186197, 13.1060379306674 ], [ 80.303635564600995, 13.1060107960199 ], [ 80.303386540824505, 13.1060649401989 ], [ 80.303132854791599, 13.1062275179002 ], [ 80.302999122595295, 13.106349537941 ], [ 80.302906916819595, 13.1064443865753 ], [ 80.302823837028797, 13.1066567886241 ], [ 80.3027868560835, 13.1068195487913 ], [ 80.302782164182801, 13.1071268067618 ], [ 80.302809763123307, 13.107452294870001 ], [ 80.302832785147402, 13.107542646038199 ], [ 80.302878848060203, 13.1076466274016 ], [ 80.302961837121103, 13.1077325050837 ], [ 80.303095530689902, 13.1078048723798 ], [ 80.303192366382603, 13.1078410831421 ], [ 80.303284497598099, 13.107881741938799 ], [ 80.303362916030807, 13.1079902753109 ], [ 80.303408931332996, 13.1081574800062 ], [ 80.303413573826305, 13.108252398811199 ], [ 80.303358134298605, 13.108383495015399 ], [ 80.303279712272598, 13.1085280445979 ], [ 80.303178236781406, 13.1086952882986 ], [ 80.303113652404093, 13.108785640760299 ], [ 80.303076737035795, 13.1088940529967 ], [ 80.303081267239804, 13.1091924175941 ], [ 80.303104300043699, 13.1092872983789 ], [ 80.303141134563603, 13.109355065846101 ], [ 80.303219450588401, 13.109459070065901 ], [ 80.303320905418204, 13.109535942607801 ], [ 80.303426905723398, 13.109621863375599 ], [ 80.303463795040599, 13.109671605997301 ], [ 80.303514460022598, 13.1097665198436 ], [ 80.3035329150118, 13.10983876493 ], [ 80.303537542233897, 13.109884046380801 ], [ 80.303532864706199, 13.109942752322199 ], [ 80.302993147001999, 13.110742534950599 ], [ 80.302550285651805, 13.1113345042337 ], [ 80.302005921860896, 13.112084567335399 ], [ 80.301978276208104, 13.112120675105 ], [ 80.301945988960099, 13.112147826576599 ], [ 80.301899859572003, 13.1121839737072 ], [ 80.301858394236802, 13.1121975573139 ], [ 80.301826077344401, 13.1122110306832 ], [ 80.301789213180101, 13.1122155460115 ], [ 80.301710834273294, 13.112210998312101 ], [ 80.301646289421797, 13.112192925624299 ], [ 80.301595576829001, 13.112161237831099 ], [ 80.301530982570199, 13.112120610362901 ], [ 80.301484871148403, 13.1120798534035 ], [ 80.301461864395606, 13.1120392294215 ], [ 80.300927462022997, 13.110601814355901 ], [ 80.300568197893099, 13.109422105374501 ], [ 80.300181141685002, 13.108423165076999 ], [ 80.300135085060305, 13.1083643844058 ], [ 80.300112036086801, 13.108346314935099 ], [ 80.300029009296694, 13.108328188593999 ], [ 80.299936809809196, 13.1083416954217 ], [ 80.299863011411901, 13.1083597832659 ], [ 80.299775368179596, 13.108386866034801 ], [ 80.299678548656601, 13.1084003816083 ], [ 80.299614035246094, 13.1083958950819 ], [ 80.2995586487189, 13.1083822421476 ], [ 80.299484927576799, 13.108350600233599 ], [ 80.299411158824, 13.1082964040631 ], [ 80.299351201668699, 13.1082195337587 ], [ 80.299305189959895, 13.1081381060316 ], [ 80.299286717902703, 13.1080568033895 ], [ 80.299240919992897, 13.107170930328101 ], [ 80.2992593642023, 13.107066996009101 ], [ 80.299287093398505, 13.107026358950501 ], [ 80.299323998885299, 13.1069991990395 ], [ 80.2995776031714, 13.1069676969338 ], [ 80.299651406958603, 13.106908940412501 ], [ 80.299683650188996, 13.106818565388799 ], [ 80.299665313777496, 13.1067146169223 ], [ 80.299287464402695, 13.105778888015699 ], [ 80.298859157556706, 13.104409390690201 ], [ 80.298624438552693, 13.1030308031304 ], [ 80.298278985121996, 13.1018962856547 ], [ 80.298274448629797, 13.1018058982913 ], [ 80.298376232243101, 13.1007890329165 ], [ 80.298408523982602, 13.100635346214901 ], [ 80.298440804044006, 13.100477219993101 ], [ 80.298473157767305, 13.1003958142028 ], [ 80.298740632041401, 13.1002016071869 ], [ 80.299270942587896, 13.100020987796301 ], [ 80.300197802738495, 13.0998540391801 ], [ 80.300949397085603, 13.0996599131061 ], [ 80.3013874937716, 13.0994431548206 ], [ 80.301553538368694, 13.099266907824401 ], [ 80.301701173790704, 13.099081640062799 ], [ 80.301751908841297, 13.098955177842599 ], [ 80.301751985198095, 13.098819582916301 ], [ 80.301728929936303, 13.098670358065601 ], [ 80.297476918032302, 13.1000692843373 ], [ 80.296165319327102, 13.100474298582499 ], [ 80.294519959662793, 13.101173639908501 ], [ 80.293158006792495, 13.101821339074499 ], [ 80.290675640963897, 13.102707908585501 ], [ 80.286679031773303, 13.1045439221331 ], [ 80.285904806169299, 13.1047615797203 ], [ 80.284740025419097, 13.105027783785101 ], [ 80.284139784620905, 13.1050828407213 ], [ 80.282796360401704, 13.105206290947301 ], [ 80.280986588379207, 13.1053749630225 ], [ 80.280264798336603, 13.105583885572001 ], [ 80.279910320430602, 13.1056573453968 ], [ 80.279404554552599, 13.1055442587986 ], [ 80.277979589356704, 13.1050005186632 ], [ 80.2758560151442, 13.104312115987399 ], [ 80.275034133016007, 13.1041360938324 ], [ 80.273466214417496, 13.1038090693465 ], [ 80.273036149568398, 13.1037706321841 ], [ 80.272516793976806, 13.103980104672299 ], [ 80.271188954629494, 13.10497792736 ], [ 80.271593821734797, 13.106338150922999 ], [ 80.271016922761007, 13.1074948514126 ], [ 80.269775577700798, 13.109663761615799 ], [ 80.269442827346495, 13.111403630726899 ], [ 80.270018083301593, 13.113871553054301 ], [ 80.270020339869603, 13.113880768251301 ] ] ] } },
{ "type": "Feature", "properties": { "ac_no": 18, "ac_name": "Harbour", "district": "Chennai", "male": 59771.0, "female": 60298.0, "third_gender": 57.0, "electors_total": 120126.0, "source": "OpenCity CKAN — TN SIR voter rolls 2026 (AC electors 06.04.2026) + Chennai AC map 2021", "metric": "registered_electors_18plus_not_total_population", "note": "SIR electors at assembly constituency level. Not GCC ward households; not total population (excludes under-18). Includes ACs on the OpenCity Chennai AC map (Chennai district + some adjoining ACs). Boundaries are 2021." }, "geometry": { "type": "Polygon", "coordinates": [ [ [ 80.269466771042104, 13.0813278170841 ], [ 80.269457807652202, 13.0813604827239 ], [ 80.269437777916295, 13.081538917786499 ], [ 80.269437453624505, 13.0818162883489 ], [ 80.269609640003196, 13.082552040617299 ], [ 80.269752297860194, 13.0830103369084 ], [ 80.269929812146898, 13.083082846218099 ], [ 80.269994072232393, 13.083083029092601 ], [ 80.270236392780305, 13.0831207344853 ], [ 80.270720621549401, 13.083191580392899 ], [ 80.270982590049201, 13.0832268060273 ], [ 80.271550717872501, 13.083302961385099 ], [ 80.272172953920304, 13.083406145360501 ], [ 80.272805344524102, 13.083479440300399 ], [ 80.273991237480203, 13.0835872686797 ], [ 80.2738368628969, 13.0844975417398 ], [ 80.273205424507296, 13.087942355481699 ], [ 80.272886479462301, 13.0902613294283 ], [ 80.272845413877405, 13.091630830191001 ], [ 80.272809728302803, 13.0923685270817 ], [ 80.272882865539898, 13.0933565220126 ], [ 80.272931575787894, 13.093673584087201 ], [ 80.273138344610103, 13.094691877024101 ], [ 80.272757354725002, 13.0951142040962 ], [ 80.272633731270602, 13.095254820675899 ], [ 80.272554211503305, 13.095324063679101 ], [ 80.272227909256202, 13.0957095296608 ], [ 80.272089106968394, 13.095850103028001 ], [ 80.272202914531704, 13.0958823721396 ], [ 80.272538797311398, 13.0959578673723 ], [ 80.272736598252095, 13.095990375331599 ], [ 80.272840199157201, 13.096097156169201 ], [ 80.272899280455107, 13.0961987397516 ], [ 80.272908685816105, 13.096377257690101 ], [ 80.272878266165705, 13.0972959967372 ], [ 80.272818380875606, 13.097959084132899 ], [ 80.272766654084904, 13.099716975727 ], [ 80.272766530117394, 13.0998234618444 ], [ 80.272695894688297, 13.1009499876 ], [ 80.272610674212203, 13.1020019317712 ], [ 80.272501232461096, 13.102563463200701 ], [ 80.272248144706296, 13.103513514605799 ], [ 80.271990876192007, 13.104144095001301 ], [ 80.271970558995307, 13.1042109714639 ], [ 80.271903831237594, 13.104440724263601 ], [ 80.272516793976806, 13.103980104672299 ], [ 80.273036149568398, 13.1037706321841 ], [ 80.273466214417496, 13.1038090693465 ], [ 80.275034133016007, 13.1041360938324 ], [ 80.2758560151442, 13.104312115987399 ], [ 80.277979589356704, 13.1050005186632 ], [ 80.279404554552599, 13.1055442587986 ], [ 80.279910320430602, 13.1056573453968 ], [ 80.280264798336603, 13.105583885572001 ], [ 80.280986588379207, 13.1053749630225 ], [ 80.282796360401704, 13.105206290947301 ], [ 80.284139784620905, 13.1050828407213 ], [ 80.284740025419097, 13.105027783785101 ], [ 80.285904806169299, 13.1047615797203 ], [ 80.286679031773303, 13.1045439221331 ], [ 80.290675640963897, 13.102707908585501 ], [ 80.293158006792495, 13.101821339074499 ], [ 80.294519959662793, 13.101173639908501 ], [ 80.296165319327102, 13.100474298582499 ], [ 80.297476918032302, 13.1000692843373 ], [ 80.301728929936303, 13.098670358065601 ], [ 80.301641381027096, 13.098566467404201 ], [ 80.301530767872904, 13.098480556776201 ], [ 80.301410892189807, 13.098426277937699 ], [ 80.301254164918802, 13.098381043375801 ], [ 80.301083572151398, 13.098376414925999 ], [ 80.300954403396702, 13.098426138821701 ], [ 80.300848354582499, 13.098484871994501 ], [ 80.300709997859002, 13.098602275302101 ], [ 80.300622405830595, 13.098692672591101 ], [ 80.300585449139803, 13.0987378572241 ], [ 80.300543978414694, 13.0987469102486 ], [ 80.300507068436403, 13.098728780575801 ], [ 80.300479453326204, 13.098692606095501 ], [ 80.300083226217296, 13.0977976121514 ], [ 80.300000220088407, 13.097657479118601 ], [ 80.299903457159303, 13.097607770816699 ], [ 80.299737402680705, 13.0976076605735 ], [ 80.299626787729906, 13.0976482869377 ], [ 80.299529935867497, 13.0977296463893 ], [ 80.299451483298796, 13.0978154934083 ], [ 80.299400750943207, 13.097901375395301 ], [ 80.299373043306502, 13.0980369358295 ], [ 80.299396047364297, 13.098163516638699 ], [ 80.299492766276003, 13.098407605776501 ], [ 80.299552733312794, 13.0985341102752 ], [ 80.299709411176394, 13.098814396261799 ], [ 80.299737051439394, 13.0989048275956 ], [ 80.299732372115102, 13.0989635309062 ], [ 80.299690864559096, 13.0989996677242 ], [ 80.299640153762994, 13.0990087391129 ], [ 80.299580235235197, 13.098990656706199 ], [ 80.299534099558898, 13.0989364051033 ], [ 80.299469664301895, 13.0987510347249 ], [ 80.299391304259601, 13.0985792791883 ], [ 80.299326770187903, 13.098434668641801 ], [ 80.299234626395901, 13.0983848598782 ], [ 80.299128597344705, 13.098366780925501 ], [ 80.299050192386701, 13.0983893159641 ], [ 80.298953316269802, 13.098416417328901 ], [ 80.298870319124106, 13.0984525481026 ], [ 80.298778111551698, 13.0985022842322 ], [ 80.298672037584694, 13.098592627311399 ], [ 80.298588973065307, 13.0986830141046 ], [ 80.298561269021903, 13.0987779059401 ], [ 80.298575041991896, 13.0989089441948 ], [ 80.298635007231994, 13.099035540304699 ], [ 80.298685645264598, 13.099121393868 ], [ 80.298787044398907, 13.0993067797165 ], [ 80.298796210808106, 13.0994016870607 ], [ 80.298759309812795, 13.0994739535632 ], [ 80.2986348069077, 13.0995462191696 ], [ 80.298519570124697, 13.0995868548383 ], [ 80.298441136420706, 13.0995958920828 ], [ 80.298358168020997, 13.0995597413532 ], [ 80.298316708075703, 13.099487363758501 ], [ 80.298206105701297, 13.0991031776037 ], [ 80.298173857080897, 13.099017286411501 ], [ 80.298109372416604, 13.0989810962247 ], [ 80.298003297551205, 13.0989855724235 ], [ 80.297168701566804, 13.0992564811629 ], [ 80.297034972065404, 13.0992926240625 ], [ 80.296965759567698, 13.0992925846902 ], [ 80.296910422447894, 13.0992563752952 ], [ 80.296873539418996, 13.0992067241871 ], [ 80.296108816194007, 13.0972675662042 ], [ 80.295593137406797, 13.095323923686401 ], [ 80.295160181779195, 13.093909180071799 ], [ 80.294888419846203, 13.093077516008901 ], [ 80.294879268708399, 13.093032337337201 ], [ 80.294883812387098, 13.092996188269099 ], [ 80.294948414730797, 13.092914809754699 ], [ 80.2953219333276, 13.0927521900144 ], [ 80.296571603973803, 13.092368497332901 ], [ 80.298531376682504, 13.091551104039199 ], [ 80.300200660279501, 13.0910544746038 ], [ 80.300311347095501, 13.0910499877613 ], [ 80.300670946297004, 13.0911224290832 ], [ 80.300772336448205, 13.0911766544081 ], [ 80.301910815425202, 13.0922842977243 ], [ 80.302353273431805, 13.0928539158453 ], [ 80.302532983201104, 13.0931884034296 ], [ 80.302850942794194, 13.093911627332499 ], [ 80.303053621586898, 13.094481202317599 ], [ 80.303108902112896, 13.0946619683892 ], [ 80.303288371133604, 13.095520715661699 ], [ 80.3033987049117, 13.096582864816501 ], [ 80.303347809960997, 13.0972291507692 ], [ 80.303320145443493, 13.0973828282225 ], [ 80.303292426128806, 13.097468663113199 ], [ 80.303218615155103, 13.097563562416299 ], [ 80.303020289598294, 13.0976810020359 ], [ 80.302891180132406, 13.097757810010499 ], [ 80.302669872975699, 13.097802926569299 ], [ 80.302411631585997, 13.097861616143399 ], [ 80.302217917081506, 13.0979745172828 ], [ 80.302116421827407, 13.098087497990401 ], [ 80.302074958288799, 13.0982276194042 ], [ 80.302070242133595, 13.0983541651177 ], [ 80.302102532076503, 13.098458081242001 ], [ 80.302134721408095, 13.0985575587386 ], [ 80.302203881803507, 13.0986614896511 ], [ 80.302263826382401, 13.098733827241199 ], [ 80.302305312378806, 13.098774499791499 ], [ 80.302365250669595, 13.0988016396114 ], [ 80.302457452851996, 13.0987926609589 ], [ 80.302545049372, 13.0987474605871 ], [ 80.302660388562899, 13.0984989472002 ], [ 80.302715748140599, 13.0984175827531 ], [ 80.3027849875877, 13.0983453378141 ], [ 80.302872550870006, 13.0983272212359 ], [ 80.302918661393605, 13.0983273061054 ], [ 80.302960148288307, 13.0983679795978 ], [ 80.303098343315, 13.0987295487748 ], [ 80.303162843250803, 13.0989420012277 ], [ 80.303328694710103, 13.099357861331001 ], [ 80.3034807902675, 13.0996516501848 ], [ 80.303678958619102, 13.0999274088464 ], [ 80.303978548562995, 13.100438276597499 ], [ 80.304098300278596, 13.1007727136341 ], [ 80.304084371001807, 13.100953537207699 ], [ 80.304028983576302, 13.1011071852136 ], [ 80.303945919955297, 13.101324023402899 ], [ 80.303890537021402, 13.1016494973116 ], [ 80.303872015556806, 13.101757959062899 ], [ 80.303844340259602, 13.101907019304999 ], [ 80.303793430935798, 13.102377049137999 ], [ 80.303784242068801, 13.1024855823129 ], [ 80.303788828866601, 13.102512656104 ], [ 80.303798052767903, 13.102589538689999 ], [ 80.303834836982205, 13.1026347506055 ], [ 80.303904018937203, 13.102661870751399 ], [ 80.304065435413904, 13.1026935063973 ], [ 80.304208330426206, 13.102707155272601 ], [ 80.304300588304201, 13.1026800613795 ], [ 80.304346654810303, 13.1026167402092 ], [ 80.304383676179796, 13.1024315178399 ], [ 80.304443641419894, 13.1021738774048 ], [ 80.304517546716596, 13.10182589834 ], [ 80.304651457677707, 13.101238394590499 ], [ 80.304692942775901, 13.1011931999172 ], [ 80.304771315394504, 13.101197745195501 ], [ 80.304831222244204, 13.1012520566704 ], [ 80.305057088351006, 13.1015142608414 ], [ 80.305499563425698, 13.1020295375732 ], [ 80.306112715709403, 13.102585668882099 ], [ 80.306601274358101, 13.103168871778699 ], [ 80.307228114271794, 13.1038921801093 ], [ 80.307684347044997, 13.104647009719301 ], [ 80.3080577497592, 13.105135256264001 ], [ 80.308288156849798, 13.105564659255901 ], [ 80.308781296008107, 13.106287978044 ], [ 80.309090106260101, 13.1068575226485 ], [ 80.309292841646695, 13.107182998864101 ], [ 80.309656915356598, 13.1078338572633 ], [ 80.309827394037995, 13.1083220861114 ], [ 80.309891998178301, 13.108367236605201 ], [ 80.309979535409397, 13.108376289275499 ], [ 80.3101132460462, 13.1083718368701 ], [ 80.310251600074693, 13.1083764327604 ], [ 80.310394583121806, 13.1083854574334 ], [ 80.310500611274804, 13.1083990893697 ], [ 80.310638891641403, 13.108412652187599 ], [ 80.310754235323898, 13.1083765342497 ], [ 80.310791154285496, 13.108272559319101 ], [ 80.310786547724703, 13.108155086256501 ], [ 80.310754291019506, 13.108028522833999 ], [ 80.310708274819106, 13.107906519374099 ], [ 80.310629893217296, 13.107775436039301 ], [ 80.3101320666497, 13.107278128023699 ], [ 80.310062929610496, 13.1071063539392 ], [ 80.309933883924998, 13.1068396892937 ], [ 80.309588293950398, 13.106188703152 ], [ 80.309030541668605, 13.105334365055899 ], [ 80.308804704307803, 13.1050496104041 ], [ 80.308611129042205, 13.1047693148929 ], [ 80.3083484463818, 13.104412174691401 ], [ 80.307790793812899, 13.103512637930899 ], [ 80.306947325168494, 13.102486442367701 ], [ 80.306228239054903, 13.1017495623475 ], [ 80.305707298835102, 13.1013561903049 ], [ 80.305255569316401, 13.1009176544075 ], [ 80.304923665175096, 13.100592178656299 ], [ 80.304674851604403, 13.1002305693425 ], [ 80.304389163089496, 13.099570580972999 ], [ 80.304094239893502, 13.098996572182701 ], [ 80.303928376756105, 13.0985761853914 ], [ 80.303909958597799, 13.0984360090546 ], [ 80.303937710251901, 13.0982372227871 ], [ 80.304048564154598, 13.0975863713865 ], [ 80.304122496400794, 13.097166116929699 ], [ 80.304164081211894, 13.0967865101358 ], [ 80.304187394290196, 13.0960362096744 ], [ 80.304090698734697, 13.095552640084801 ], [ 80.303993937602101, 13.0952497721892 ], [ 80.303901927659197, 13.0947526068624 ], [ 80.303795949811899, 13.094418147650799 ], [ 80.303570257978194, 13.093550261947801 ], [ 80.303141784943904, 13.0925739293129 ], [ 80.302782328574494, 13.091932042725199 ], [ 80.301911252904702, 13.0909510190899 ], [ 80.301763744145205, 13.0908063148179 ], [ 80.301731505406295, 13.090724953954499 ], [ 80.301740743680696, 13.0906391595875 ], [ 80.301791496697604, 13.090607533767599 ], [ 80.302165019786003, 13.0904539553341 ], [ 80.302252644153697, 13.0903816748104 ], [ 80.302312548308393, 13.0903093601416 ], [ 80.302331060789797, 13.0901963749915 ], [ 80.302335728436006, 13.0901331433585 ], [ 80.302317279735107, 13.090020143253099 ], [ 80.302202016002695, 13.0899161308218 ], [ 80.301980768134698, 13.0898980232484 ], [ 80.301671780016306, 13.0899838082487 ], [ 80.301358211388305, 13.0900876246575 ], [ 80.301192282673796, 13.090141770587699 ], [ 80.3010677366496, 13.0901462871958 ], [ 80.300957155834695, 13.0901146341886 ], [ 80.300915673431504, 13.090073960208301 ], [ 80.300482397105398, 13.0895133820244 ], [ 80.300224393769298, 13.0890748976641 ], [ 80.299855710803598, 13.088428501071199 ], [ 80.299440954145396, 13.087795603737799 ], [ 80.299026171435997, 13.087235077244999 ], [ 80.298652858553297, 13.0867513626335 ], [ 80.2984547683551, 13.086498162098 ], [ 80.298298048270595, 13.086276667305899 ], [ 80.298145987747503, 13.085987323186499 ], [ 80.297864830335001, 13.085603141352999 ], [ 80.297473183735704, 13.085096819912099 ], [ 80.297016888080407, 13.084472883573399 ], [ 80.296639036010703, 13.0838898184118 ], [ 80.296145938174803, 13.0831619801112 ], [ 80.2956160165988, 13.0823211806518 ], [ 80.295242772886496, 13.0816837622497 ], [ 80.295139232168495, 13.081508402053 ], [ 80.294855729254706, 13.0810282567247 ], [ 80.294307390418794, 13.080164852910601 ], [ 80.293814298871098, 13.0794280478817 ], [ 80.293256836745101, 13.0784380423386 ], [ 80.292648703348902, 13.077249154373 ], [ 80.292012891960496, 13.0758976560686 ], [ 80.291722657072, 13.075219589259699 ], [ 80.291418658196704, 13.074496354269 ], [ 80.291243577446096, 13.074098556576001 ], [ 80.291091652568696, 13.0737278833218 ], [ 80.291022473308601, 13.0735606473852 ], [ 80.290856654188602, 13.073171887271901 ], [ 80.290515837861406, 13.072245308116401 ], [ 80.290262536307495, 13.0715491486002 ], [ 80.2899124233154, 13.070857528582501 ], [ 80.289631466227107, 13.070143313005 ], [ 80.289239960663394, 13.0691353291149 ], [ 80.289161666198197, 13.0689365025941 ], [ 80.289129410391297, 13.068796366281401 ], [ 80.2890914826216, 13.0686022288749 ], [ 80.287057501883993, 13.0685902118275 ], [ 80.286529190088999, 13.0688014643125 ], [ 80.285263683940897, 13.068961046807299 ], [ 80.284742495786105, 13.069207768124199 ], [ 80.284177648610196, 13.0695536327522 ], [ 80.283888260832995, 13.0696343705684 ], [ 80.283483366778199, 13.0696616098514 ], [ 80.282052246326003, 13.069593825341901 ], [ 80.281302437829794, 13.069529700254799 ], [ 80.280492771891105, 13.069541628001801 ], [ 80.279798621213203, 13.0696035077194 ], [ 80.2785241696415, 13.0703515321376 ], [ 80.277220351244907, 13.071251910971 ], [ 80.276474210569901, 13.0717886911461 ], [ 80.275362531931094, 13.072642623153101 ], [ 80.275021886283795, 13.072953896394999 ], [ 80.274681240636397, 13.0732651683692 ], [ 80.2746492839685, 13.073298366221399 ], [ 80.274023166300395, 13.0739488066154 ], [ 80.273899071230304, 13.074359699352099 ], [ 80.274216024710398, 13.074743469938999 ], [ 80.274359380558394, 13.0751622042074 ], [ 80.274248542825305, 13.075984374339599 ], [ 80.274081972713802, 13.076705793676 ], [ 80.273940744974695, 13.077412659358799 ], [ 80.273890482437906, 13.0778790433494 ], [ 80.273797702638703, 13.078739928128799 ], [ 80.273213655770306, 13.079457955740301 ], [ 80.272382794082503, 13.080118071482101 ], [ 80.272186532854207, 13.0802739996257 ], [ 80.271026995570296, 13.080943868615901 ], [ 80.269466771042104, 13.0813278170841 ] ] ] } },
{ "type": "Feature", "properties": { "ac_no": 19, "ac_name": "Chepauk-Thiruvallikeni", "district": "Chennai", "male": 80438.0, "female": 85526.0, "third_gender": 59.0, "electors_total": 166023.0, "source": "OpenCity CKAN — TN SIR voter rolls 2026 (AC electors 06.04.2026) + Chennai AC map 2021", "metric": "registered_electors_18plus_not_total_population", "note": "SIR electors at assembly constituency level. Not GCC ward households; not total population (excludes under-18). Includes ACs on the OpenCity Chennai AC map (Chennai district + some adjoining ACs). Boundaries are 2021." }, "geometry": { "type": "Polygon", "coordinates": [ [ [ 80.282551667403197, 13.047092395849599 ], [ 80.280778201691206, 13.0474027211538 ], [ 80.277753476213206, 13.047812463514701 ], [ 80.277140651814605, 13.047882726222101 ], [ 80.276206912365595, 13.048058056920301 ], [ 80.274610302475097, 13.0482639563474 ], [ 80.274654381009498, 13.0486479390112 ], [ 80.274653438676694, 13.0494552049219 ], [ 80.273190988580694, 13.0495970866883 ], [ 80.272859625225195, 13.0496260617863 ], [ 80.272811275201704, 13.048925142624601 ], [ 80.272791871591494, 13.0486426454125 ], [ 80.272425968013394, 13.048711075383901 ], [ 80.272312122720805, 13.048710751589701 ], [ 80.272020676903296, 13.0487864914125 ], [ 80.271269637714994, 13.0488512913509 ], [ 80.270790437714894, 13.0488823825736 ], [ 80.270355252468804, 13.048918161803099 ], [ 80.270266199779797, 13.048917908893801 ], [ 80.269579546441193, 13.048950438803001 ], [ 80.269120117462194, 13.048949132251 ], [ 80.268383793576604, 13.049053525997399 ], [ 80.267805425857304, 13.049155833418901 ], [ 80.2671779274785, 13.049226054614 ], [ 80.265670446634005, 13.049291239488801 ], [ 80.265760565623296, 13.048377741302399 ], [ 80.265795258559507, 13.048132414251301 ], [ 80.265884518759407, 13.0479546831459 ], [ 80.266018502484101, 13.047608222945501 ], [ 80.2660975991448, 13.047467480324 ], [ 80.266132769984793, 13.047321542009399 ], [ 80.266196800101596, 13.047009870660499 ], [ 80.266251812929596, 13.046695638298401 ], [ 80.266311428725103, 13.046338825322399 ], [ 80.266450393607997, 13.046059820419501 ], [ 80.266514308740497, 13.045921062585 ], [ 80.267113445509096, 13.0450069831106 ], [ 80.267569100665696, 13.044339441628001 ], [ 80.267657809299905, 13.0442012621677 ], [ 80.267677706983505, 13.0440598437525 ], [ 80.267747190772397, 13.0439190737324 ], [ 80.267796982592003, 13.043743258774001 ], [ 80.267891126033803, 13.043283099940799 ], [ 80.267935972627697, 13.043008391151201 ], [ 80.267951401192704, 13.042795461721401 ], [ 80.267936671517006, 13.042409534156199 ], [ 80.267922287692599, 13.042161531999101 ], [ 80.267853211738895, 13.041953433506601 ], [ 80.267799241854902, 13.041807241646801 ], [ 80.267538084533797, 13.0410017666981 ], [ 80.267083714866502, 13.0410004749815 ], [ 80.265768811259306, 13.041313661779901 ], [ 80.265679720841007, 13.0413458610092 ], [ 80.265205532541799, 13.0414185462056 ], [ 80.264523270168397, 13.041590028225301 ], [ 80.264078924801296, 13.041237359574801 ], [ 80.263950405528504, 13.041236994639 ], [ 80.263832050693196, 13.0411991340761 ], [ 80.263031510739594, 13.041266328651201 ], [ 80.262952577572193, 13.0412661046139 ], [ 80.262749805354701, 13.0412335815702 ], [ 80.262537337620302, 13.0411954540872 ], [ 80.261791598492195, 13.041054902098599 ], [ 80.261173962716995, 13.040912178790499 ], [ 80.2605664464634, 13.040768977569501 ], [ 80.259455093913004, 13.0405234346849 ], [ 80.259139062104495, 13.040346581136401 ], [ 80.258768222283805, 13.0403085095263 ], [ 80.258244534117594, 13.0403070217727 ], [ 80.257592283559504, 13.040342184387701 ], [ 80.257048827067095, 13.0403705567174 ], [ 80.256826196691904, 13.0403699239847 ], [ 80.2562679772861, 13.0404748236882 ], [ 80.256178924597094, 13.0404745707703 ], [ 80.256105051639693, 13.040474360734599 ], [ 80.246750589159006, 13.040301469826501 ], [ 80.246962204392105, 13.041121536619301 ], [ 80.246967975169497, 13.0411435097908 ], [ 80.246973129702596, 13.041165623858801 ], [ 80.246977659906605, 13.0411878508186 ], [ 80.246980685432504, 13.0412119208339 ], [ 80.2471052314567, 13.0420427444919 ], [ 80.247378363320493, 13.043864738259799 ], [ 80.247378197132207, 13.043870345259601 ], [ 80.247378771155695, 13.0438743822644 ], [ 80.247379325416205, 13.0438784218946 ], [ 80.247379862608696, 13.043882465025201 ], [ 80.247817876649705, 13.0472361499885 ], [ 80.247854658169004, 13.0473992696646 ], [ 80.247924703405005, 13.0475572592592 ], [ 80.248024047193894, 13.047699350394099 ], [ 80.248146645670602, 13.0478184309756 ], [ 80.248586149118395, 13.048029492945901 ], [ 80.249279697925004, 13.048581071986399 ], [ 80.249532895274399, 13.0492546131995 ], [ 80.249997717738395, 13.050646870435299 ], [ 80.250232245401193, 13.0517226430802 ], [ 80.250345224717805, 13.0524248765946 ], [ 80.250347146214196, 13.0524368182943 ], [ 80.250980964240995, 13.0523945734133 ], [ 80.251346376440694, 13.052642712323699 ], [ 80.252536334273401, 13.0535466263796 ], [ 80.253401813438899, 13.0541872564286 ], [ 80.254002105441003, 13.054677207815301 ], [ 80.254455229145094, 13.0550877283296 ], [ 80.255202199863405, 13.055650522585699 ], [ 80.255872865884797, 13.056177139219299 ], [ 80.256427838779203, 13.056717600421401 ], [ 80.256947012012802, 13.057144513223699 ], [ 80.257540352851194, 13.0576329185917 ], [ 80.257853558559802, 13.057872863178 ], [ 80.258476169205196, 13.0582433467175 ], [ 80.259089064570702, 13.0587556081998 ], [ 80.259730770703996, 13.059303403072899 ], [ 80.260192400555496, 13.059637970281999 ], [ 80.2607692671899, 13.0601146744141 ], [ 80.261143869155006, 13.0604051339722 ], [ 80.261410711913499, 13.060611516654999 ], [ 80.261724985718999, 13.060929200123899 ], [ 80.263063701867793, 13.0620148040649 ], [ 80.264674933636101, 13.0631401733409 ], [ 80.265108946580796, 13.0636519127528 ], [ 80.266514605184497, 13.064983573090901 ], [ 80.267286461032896, 13.065531719049099 ], [ 80.267979222017004, 13.065937832229601 ], [ 80.268472033290294, 13.066370857117001 ], [ 80.268809861820898, 13.0670241255691 ], [ 80.269076135047499, 13.0674290287213 ], [ 80.269392530673798, 13.067997151917 ], [ 80.269478017949496, 13.0682911890328 ], [ 80.269009738768304, 13.068382680748201 ], [ 80.2690766623586, 13.069157083658601 ], [ 80.269079173149805, 13.069186145717 ], [ 80.269083623403702, 13.069529667878101 ], [ 80.269078894672106, 13.0697601757964 ], [ 80.269051205900098, 13.0699182718462 ], [ 80.268986544267605, 13.0700674686 ], [ 80.268894227999098, 13.0702481458164 ], [ 80.268815809566405, 13.0704018068379 ], [ 80.268741983321405, 13.070541874860799 ], [ 80.268679882785804, 13.070841856598699 ], [ 80.268580183264007, 13.0710320011846 ], [ 80.268545072611104, 13.0713823679573 ], [ 80.268226254228594, 13.0719861713123 ], [ 80.267923584859901, 13.072366167187299 ], [ 80.267462491302695, 13.0728885340082 ], [ 80.266969399754998, 13.0734047307484 ], [ 80.266900196240499, 13.073499593814701 ], [ 80.266560649232801, 13.0739487856147 ], [ 80.266162858157003, 13.074364974024 ], [ 80.2658677346367, 13.074663005928 ], [ 80.265436034853806, 13.075195327427201 ], [ 80.264558916217197, 13.0747886825883 ], [ 80.264377752075504, 13.07473674273 ], [ 80.263959420122404, 13.0746168070994 ], [ 80.263998989114, 13.0759002723875 ], [ 80.264017731564095, 13.0768929744268 ], [ 80.264021876390899, 13.077567897074299 ], [ 80.264022263564698, 13.0776310041777 ], [ 80.2635784994077, 13.078326898903001 ], [ 80.264224805813498, 13.0782738966469 ], [ 80.265143291869094, 13.0781417947763 ], [ 80.265458620296698, 13.0790715272024 ], [ 80.265717233588902, 13.0797004227638 ], [ 80.266246515564404, 13.0803967806537 ], [ 80.267395441049899, 13.081181754405801 ], [ 80.268217351025797, 13.0813205738025 ], [ 80.269431806814595, 13.081336420996299 ], [ 80.271026995570296, 13.080943868615901 ], [ 80.272186532854207, 13.0802739996257 ], [ 80.273213655770306, 13.079457955740301 ], [ 80.273797702638703, 13.078739928128799 ], [ 80.273890482437906, 13.0778790433494 ], [ 80.273940744974695, 13.077412659358799 ], [ 80.274081972713802, 13.076705793676 ], [ 80.274248542825305, 13.075984374339599 ], [ 80.274359380558394, 13.0751622042074 ], [ 80.274216024710398, 13.074743469938999 ], [ 80.273899071230304, 13.074359699352099 ], [ 80.274023166300395, 13.0739488066154 ], [ 80.2746492839685, 13.073298366221399 ], [ 80.274681240636397, 13.0732651683692 ], [ 80.275021886283795, 13.072953896394999 ], [ 80.275362531931094, 13.072642623153101 ], [ 80.276474210569901, 13.0717886911461 ], [ 80.277220351244907, 13.071251910971 ], [ 80.2785241696415, 13.0703515321376 ], [ 80.279798621213203, 13.0696035077194 ], [ 80.280492771891105, 13.069541628001801 ], [ 80.281302437829794, 13.069529700254799 ], [ 80.282052246326003, 13.069593825341901 ], [ 80.283483366778199, 13.0696616098514 ], [ 80.283888260832995, 13.0696343705684 ], [ 80.284177648610196, 13.0695536327522 ], [ 80.284742495786105, 13.069207768124199 ], [ 80.285263683940897, 13.068961046807299 ], [ 80.286529190088999, 13.0688014643125 ], [ 80.287057501883993, 13.0685902118275 ], [ 80.2890914826216, 13.0686022288749 ], [ 80.288302539918305, 13.0673822492532 ], [ 80.288087212846406, 13.0670610747441 ], [ 80.287908448104801, 13.0667944350225 ], [ 80.287493693243206, 13.066237688304399 ], [ 80.2874062889627, 13.065785651654 ], [ 80.2872036344245, 13.065265826727799 ], [ 80.286991746103496, 13.064881602997101 ], [ 80.286862718384299, 13.0645832538842 ], [ 80.286793713397401, 13.064361770042 ], [ 80.286752276808301, 13.0641584357186 ], [ 80.286724660799806, 13.063936961121099 ], [ 80.286720178206593, 13.063733553817301 ], [ 80.286724877293807, 13.0635030490223 ], [ 80.2867249114298, 13.063295105010001 ], [ 80.286692731979699, 13.0631008101404 ], [ 80.286637494572901, 13.062879299591501 ], [ 80.286494758562398, 13.062517672594099 ], [ 80.286223037053603, 13.0618306214061 ], [ 80.286047952709794, 13.061550296880799 ], [ 80.286024857023804, 13.0615051491872 ], [ 80.285822233028398, 13.0609943871619 ], [ 80.285743975394098, 13.0607185823346 ], [ 80.285674946152696, 13.060438413186001 ], [ 80.285610590845707, 13.0597784880772 ], [ 80.285537173334205, 13.058888089731401 ], [ 80.285482140743298, 13.0583140973821 ], [ 80.285251910620801, 13.0576270590036 ], [ 80.284556495114899, 13.055778252269899 ], [ 80.284243337915299, 13.054829013692901 ], [ 80.284045396837399, 13.054205314991901 ], [ 80.283764628395403, 13.0530075067773 ], [ 80.283465454371495, 13.0517961530789 ], [ 80.283391871569904, 13.051452605376999 ], [ 80.283350464625201, 13.051077476192701 ], [ 80.283106743603796, 13.0496944030987 ], [ 80.283097003171093, 13.0496473096059 ], [ 80.2828122327345, 13.0482705897644 ], [ 80.282551667403197, 13.047092395849599 ] ] ] } },
{ "type": "Feature", "properties": { "ac_no": 20, "ac_name": "Thousand Lights", "district": "Chennai", "male": 75239.0, "female": 82221.0, "third_gender": 69.0, "electors_total": 157529.0, "source": "OpenCity CKAN — TN SIR voter rolls 2026 (AC electors 06.04.2026) + Chennai AC map 2021", "metric": "registered_electors_18plus_not_total_population", "note": "SIR electors at assembly constituency level. Not GCC ward households; not total population (excludes under-18). Includes ACs on the OpenCity Chennai AC map (Chennai district + some adjoining ACs). Boundaries are 2021." }, "geometry": { "type": "Polygon", "coordinates": [ [ [ 80.264090658595507, 13.0627320849018 ], [ 80.263063701867793, 13.0620148040649 ], [ 80.261724985718999, 13.060929200123899 ], [ 80.261410711913499, 13.060611516654999 ], [ 80.261143869155006, 13.0604051339722 ], [ 80.2607692671899, 13.0601146744141 ], [ 80.260192400555496, 13.059637970281999 ], [ 80.259730770703996, 13.059303403072899 ], [ 80.259089064570702, 13.0587556081998 ], [ 80.258476169205196, 13.0582433467175 ], [ 80.257853558559802, 13.057872863178 ], [ 80.257540352851194, 13.0576329185917 ], [ 80.256947012012802, 13.057144513223699 ], [ 80.256427838779203, 13.056717600421401 ], [ 80.255872865884797, 13.056177139219299 ], [ 80.255202199863405, 13.055650522585699 ], [ 80.254455229145094, 13.0550877283296 ], [ 80.254002105441003, 13.054677207815301 ], [ 80.253401813438899, 13.0541872564286 ], [ 80.252536334273401, 13.0535466263796 ], [ 80.251346376440694, 13.052642712323699 ], [ 80.250980964240995, 13.0523945734133 ], [ 80.250347146214196, 13.0524368182943 ], [ 80.250345224717805, 13.0524248765946 ], [ 80.250232245401193, 13.0517226430802 ], [ 80.249997717738395, 13.050646870435299 ], [ 80.249532895274399, 13.0492546131995 ], [ 80.249279697925004, 13.048581071986399 ], [ 80.248586149118395, 13.048029492945901 ], [ 80.248146645670602, 13.0478184309756 ], [ 80.248024047193894, 13.047699350394099 ], [ 80.247924703405005, 13.0475572592592 ], [ 80.247854658169004, 13.0473992696646 ], [ 80.247817876649705, 13.0472361499885 ], [ 80.247379862608696, 13.043882465025201 ], [ 80.247379325416205, 13.0438784218946 ], [ 80.247378771155695, 13.0438743822644 ], [ 80.247378197132207, 13.043870345259601 ], [ 80.247378363320493, 13.043864738259799 ], [ 80.246980685432504, 13.0412119208339 ], [ 80.246977659906605, 13.0411878508186 ], [ 80.246973129702596, 13.041165623858801 ], [ 80.246967975169497, 13.0411435097908 ], [ 80.246962204392105, 13.041121536619301 ], [ 80.245687636937802, 13.036182195927401 ], [ 80.245683339397402, 13.0361592106259 ], [ 80.245676582269894, 13.036136731167099 ], [ 80.245669233152498, 13.036114429364501 ], [ 80.245659937385994, 13.0360918168767 ], [ 80.245516859117402, 13.035703195597 ], [ 80.245461852577606, 13.035450879148801 ], [ 80.245485845680506, 13.0351809339495 ], [ 80.245538104273905, 13.035055511945 ], [ 80.2455113111222, 13.0350354671027 ], [ 80.243864179081896, 13.033803191028101 ], [ 80.243384805706896, 13.0333837941764 ], [ 80.238794589776603, 13.032730846397801 ], [ 80.237225107211103, 13.032488702600199 ], [ 80.237277959590799, 13.0317514648218 ], [ 80.235810868797998, 13.030383141673999 ], [ 80.234058212559603, 13.028603612661501 ], [ 80.233066337738606, 13.0277072986608 ], [ 80.232870107053003, 13.028395492266 ], [ 80.231988677401205, 13.0282865283038 ], [ 80.231013179766194, 13.028212732132801 ], [ 80.230959894398595, 13.0286966602756 ], [ 80.230949982387699, 13.0296620719527 ], [ 80.230881499321995, 13.030105809636 ], [ 80.230881847868304, 13.030661605888501 ], [ 80.230697022193596, 13.0313318885825 ], [ 80.229353071561604, 13.0309535642248 ], [ 80.228737705829104, 13.030947682124999 ], [ 80.228062435941794, 13.030091688522001 ], [ 80.227776578543697, 13.0324210470488 ], [ 80.227686789236003, 13.0329780712249 ], [ 80.227596832841797, 13.033752630577601 ], [ 80.227551861382096, 13.0342078589215 ], [ 80.227506879142496, 13.034524655640601 ], [ 80.2274219407375, 13.0353342177002 ], [ 80.227387207377006, 13.0356140267256 ], [ 80.227347501841507, 13.035893820556799 ], [ 80.2272825365784, 13.036423532711799 ], [ 80.227242862483905, 13.0366014042527 ], [ 80.2271431180463, 13.037091465748899 ], [ 80.2271186694976, 13.0372298285884 ], [ 80.227142956349596, 13.037229897726 ], [ 80.227172809163093, 13.0372299826166 ], [ 80.227192542454901, 13.037230038626801 ], [ 80.2272172982276, 13.0372625613217 ], [ 80.227955753815294, 13.037455041293001 ], [ 80.227958261911596, 13.0374990994304 ], [ 80.227964359675696, 13.037559247356199 ], [ 80.227974544774398, 13.0376188596703 ], [ 80.227987078967502, 13.0376763628382 ], [ 80.228438043121599, 13.039296602260601 ], [ 80.228910323399106, 13.0409933941696 ], [ 80.228929850976797, 13.041053479110399 ], [ 80.228954138727104, 13.0411141328818 ], [ 80.228982820137503, 13.041172913825701 ], [ 80.229016438688703, 13.0412283727019 ], [ 80.229448084572596, 13.0419144397426 ], [ 80.229485958443306, 13.0419804693078 ], [ 80.229518160351304, 13.042049624866101 ], [ 80.229544321987305, 13.0421211887978 ], [ 80.229565382989094, 13.042195355382599 ], [ 80.229721034078395, 13.0428876787426 ], [ 80.229722934913596, 13.0428958989327 ], [ 80.229724914800499, 13.0429041016196 ], [ 80.229726971044101, 13.042912285928301 ], [ 80.229729105441294, 13.042920451858899 ], [ 80.2304132066661, 13.0454875021559 ], [ 80.230423033337004, 13.0455282018614 ], [ 80.2304309358165, 13.045569347001599 ], [ 80.230436886256996, 13.0456108080571 ], [ 80.230442621101702, 13.0456525053907 ], [ 80.230449425840007, 13.0457714705658 ], [ 80.230450235222094, 13.0457818636072 ], [ 80.230451165876701, 13.0457922478969 ], [ 80.230452218702197, 13.0458026208094 ], [ 80.230451906088504, 13.0458152069244 ], [ 80.230916583025405, 13.0496959555544 ], [ 80.230315469064806, 13.049789607817001 ], [ 80.229648554408001, 13.049891662900601 ], [ 80.226875713840698, 13.0503071917641 ], [ 80.226826633486894, 13.050307052620999 ], [ 80.226806946907402, 13.050267444094199 ], [ 80.226777094093904, 13.0502673592081 ], [ 80.226594470189895, 13.050237429435899 ], [ 80.226334673816496, 13.0482656785855 ], [ 80.226033032120498, 13.0483317554616 ], [ 80.225741498268107, 13.0484074954005 ], [ 80.224585055680294, 13.0487185970351 ], [ 80.223987205299196, 13.048890318150701 ], [ 80.223774612699003, 13.0489591838626 ], [ 80.223304897111603, 13.0491013520772 ], [ 80.222459669565893, 13.0493068515818 ], [ 80.222355900675794, 13.0493435732511 ], [ 80.222227381403101, 13.049343208327199 ], [ 80.2215947024401, 13.049517366208599 ], [ 80.221263710987103, 13.049585894826 ], [ 80.220650762621005, 13.049762137062 ], [ 80.220625969119098, 13.0497620661776 ], [ 80.220131506742305, 13.049864612212399 ], [ 80.219064070131296, 13.0501414854185 ], [ 80.218964277184696, 13.0501642567678 ], [ 80.219284545448104, 13.052322934570499 ], [ 80.219236532292797, 13.052322951197601 ], [ 80.2192200059865, 13.0523229555731 ], [ 80.215605282301297, 13.050832698765801 ], [ 80.215559182557499, 13.0508327136427 ], [ 80.215527032751794, 13.0508568903578 ], [ 80.215308239081196, 13.0510214139486 ], [ 80.215309476959703, 13.052347301913199 ], [ 80.215329304574595, 13.0529358549856 ], [ 80.215304914416294, 13.053793706135799 ], [ 80.214008766733897, 13.053780402843699 ], [ 80.213317321781602, 13.0536516893875 ], [ 80.212681596631398, 13.053536310673699 ], [ 80.213002756921895, 13.0525517380909 ], [ 80.212653945588698, 13.052088657916499 ], [ 80.212312807664603, 13.051963540272499 ], [ 80.211452497405205, 13.052010551064001 ], [ 80.211046814629697, 13.0522946983788 ], [ 80.210854392800798, 13.0529655472778 ], [ 80.210756312941498, 13.0537732873937 ], [ 80.209662268231696, 13.0539330231161 ], [ 80.208902961847897, 13.0542113899357 ], [ 80.208716564121403, 13.054588875379 ], [ 80.208595729037597, 13.056784719021101 ], [ 80.208583239760202, 13.0577078917287 ], [ 80.208815128172702, 13.059391065261201 ], [ 80.208731179711094, 13.059912975617999 ], [ 80.207536372772495, 13.060331694791 ], [ 80.206815106447706, 13.0604374287234 ], [ 80.2077690804485, 13.0618770676483 ], [ 80.208278478215206, 13.0626177403866 ], [ 80.208627520415504, 13.063421386004901 ], [ 80.208933605178899, 13.0643081146137 ], [ 80.209655077217803, 13.065109876848901 ], [ 80.212256641399804, 13.0641424614121 ], [ 80.214050527614802, 13.062325087002 ], [ 80.215269446234004, 13.061894508723199 ], [ 80.215971514662797, 13.061871347297499 ], [ 80.216104791413301, 13.0637329508967 ], [ 80.215878529149407, 13.0653054521014 ], [ 80.216119919042697, 13.0659793178692 ], [ 80.216809351768703, 13.0672243895936 ], [ 80.217693963253197, 13.0683311271886 ], [ 80.218036067764501, 13.0685671542857 ], [ 80.218421893280706, 13.068692908429799 ], [ 80.219128404776995, 13.0686423726168 ], [ 80.219707257586506, 13.0684658507097 ], [ 80.220006804411199, 13.068560269399599 ], [ 80.220240173247305, 13.068633827765099 ], [ 80.221380614144906, 13.0691761273052 ], [ 80.222252085971704, 13.068409113373599 ], [ 80.224048603352202, 13.067090742586799 ], [ 80.225084933101598, 13.0668976399039 ], [ 80.226979900447404, 13.0664053816076 ], [ 80.227643201181806, 13.066300576916101 ], [ 80.228756503076397, 13.066273189377499 ], [ 80.228842923701706, 13.066870878970899 ], [ 80.228804323093897, 13.0671445767964 ], [ 80.228648124930601, 13.0682520707926 ], [ 80.228399794653498, 13.0690738054241 ], [ 80.228582409574301, 13.069876529605599 ], [ 80.229038956757904, 13.0706349478173 ], [ 80.229238304597501, 13.071321730366501 ], [ 80.229437652437198, 13.0720085118794 ], [ 80.229540502350702, 13.0722401200278 ], [ 80.229727739103694, 13.0726617584093 ], [ 80.229868875214606, 13.072602290179301 ], [ 80.230546245363001, 13.0722872914662 ], [ 80.230813063867004, 13.072144040176701 ], [ 80.231371743210204, 13.072078693326 ], [ 80.231782092733695, 13.072079859749801 ], [ 80.231920224878294, 13.0720802526413 ], [ 80.232231402191005, 13.0720811364283 ], [ 80.2323943269392, 13.072081599322599 ], [ 80.233026801086297, 13.0720833975228 ], [ 80.233091060273495, 13.0720835795304 ], [ 80.233758415104802, 13.0721128591282 ], [ 80.233955778565999, 13.0720860375082 ], [ 80.234109090442303, 13.0720864732764 ], [ 80.234548829248595, 13.0720507061534 ], [ 80.235695461335197, 13.0719824672809 ], [ 80.236589604843104, 13.071918074178001 ], [ 80.237706300572796, 13.0719212479378 ], [ 80.238487026386196, 13.0719234670321 ], [ 80.238862968637704, 13.0719245354524 ], [ 80.239001063951306, 13.0719568733237 ], [ 80.239080161510401, 13.0718161305749 ], [ 80.239214023064207, 13.0715736208005 ], [ 80.239526397831199, 13.0706237367823 ], [ 80.240183371731106, 13.0708015600823 ], [ 80.241027986625795, 13.0711208851398 ], [ 80.2420944809042, 13.071651276946501 ], [ 80.244208245513803, 13.0727094714134 ], [ 80.245003280591405, 13.073098124626201 ], [ 80.245438255631697, 13.073242863792199 ], [ 80.245779119569704, 13.0733107671787 ], [ 80.246401474195096, 13.0733125356189 ], [ 80.246861024446702, 13.0732098908158 ], [ 80.247103428537898, 13.0731760979294 ], [ 80.247840036291095, 13.0728288146982 ], [ 80.248650684088403, 13.072338746195401 ], [ 80.249916536986106, 13.0715670212607 ], [ 80.2503419692232, 13.0712168253829 ], [ 80.251178407652304, 13.070305448007399 ], [ 80.251935326313998, 13.0694633149074 ], [ 80.252162796811902, 13.069219043101899 ], [ 80.252613277672395, 13.0687249080807 ], [ 80.253093086730303, 13.0680974948797 ], [ 80.2532863152462, 13.0677116505844 ], [ 80.253410306111604, 13.067256646700701 ], [ 80.253356565298105, 13.066481172009301 ], [ 80.253357382765003, 13.0657808992089 ], [ 80.253447020257298, 13.0653552089186 ], [ 80.253516705268794, 13.064966477883599 ], [ 80.253715155691495, 13.064442216409899 ], [ 80.254135858298596, 13.063809564680801 ], [ 80.254571026476796, 13.0633549386353 ], [ 80.254937222905696, 13.063111060691901 ], [ 80.255337526569306, 13.0629737659215 ], [ 80.255762636311303, 13.0629004333874 ], [ 80.256271101626695, 13.062938895298799 ], [ 80.256730912389699, 13.063046688901601 ], [ 80.257056563358304, 13.063218499816999 ], [ 80.257599490743004, 13.063643452609799 ], [ 80.258517954340604, 13.064492883467199 ], [ 80.258843228915097, 13.0649121470388 ], [ 80.2590947580929, 13.065296719871199 ], [ 80.2592329800691, 13.065653588600799 ], [ 80.259593910573798, 13.0655111113894 ], [ 80.260127334681101, 13.065408676856499 ], [ 80.260231099977901, 13.0653744899999 ], [ 80.260389559200803, 13.0653004003763 ], [ 80.260884550685205, 13.0647450355131 ], [ 80.261621651613495, 13.063974343915399 ], [ 80.261779399370695, 13.0640762076259 ], [ 80.261902733567595, 13.0641830442867 ], [ 80.262455783168903, 13.0646054909889 ], [ 80.262901108598001, 13.0641189475462 ], [ 80.263148403117597, 13.063872196641601 ], [ 80.263405681513305, 13.063590992366599 ], [ 80.263702515425905, 13.063309393990901 ], [ 80.264038936296402, 13.062923956995199 ], [ 80.264053731549097, 13.062820047772099 ], [ 80.264090658595507, 13.0627320849018 ] ] ] } },
{ "type": "Feature", "properties": { "ac_no": 21, "ac_name": "Anna Nagar", "district": "Chennai", "male": 90834.0, "female": 97979.0, "third_gender": 48.0, "electors_total": 188861.0, "source": "OpenCity CKAN — TN SIR voter rolls 2026 (AC electors 06.04.2026) + Chennai AC map 2021", "metric": "registered_electors_18plus_not_total_population", "note": "SIR electors at assembly constituency level. Not GCC ward households; not total population (excludes under-18). Includes ACs on the OpenCity Chennai AC map (Chennai district + some adjoining ACs). Boundaries are 2021." }, "geometry": { "type": "Polygon", "coordinates": [ [ [ 80.195289415925302, 13.107937049335501 ], [ 80.197262866382403, 13.105522860933201 ], [ 80.205165984638995, 13.1059273438803 ], [ 80.208114513218007, 13.1047584413802 ], [ 80.209240507409106, 13.104029052254401 ], [ 80.2103701101328, 13.1039022312321 ], [ 80.210528279199806, 13.1029038766026 ], [ 80.211085117894996, 13.1021518650457 ], [ 80.211044640706604, 13.100668926227099 ], [ 80.2108639742317, 13.097879460648 ], [ 80.210739921382498, 13.0959640567817 ], [ 80.211868279041198, 13.095790249287701 ], [ 80.212522069311703, 13.0956544260059 ], [ 80.212749697913097, 13.095686141298 ], [ 80.212907540891706, 13.0963535544085 ], [ 80.215202623254896, 13.096158913728599 ], [ 80.215484189400897, 13.097203976783 ], [ 80.216079719433694, 13.0969204044069 ], [ 80.218018153561104, 13.096057730857501 ], [ 80.218193473263597, 13.094624698740899 ], [ 80.218055874718203, 13.0937177406882 ], [ 80.217985441410093, 13.0921662141819 ], [ 80.218004305132695, 13.090769489071199 ], [ 80.219699677602094, 13.090661429341999 ], [ 80.220316819304003, 13.0906415176336 ], [ 80.2207372012126, 13.0906273396073 ], [ 80.222467796624201, 13.090612472978099 ], [ 80.222521570675497, 13.0906192890009 ], [ 80.222543060173706, 13.0906230679999 ], [ 80.223031772434297, 13.0905858108651 ], [ 80.223415585724297, 13.090539223033 ], [ 80.223436747337502, 13.090544488609 ], [ 80.224116727990094, 13.090375086273699 ], [ 80.224185367362693, 13.090357985826399 ], [ 80.2241967984247, 13.090360505745 ], [ 80.224209219430094, 13.090363479774 ], [ 80.224221683554703, 13.090366285808299 ], [ 80.224234185408505, 13.090368921223099 ], [ 80.224334679040993, 13.0903882178484 ], [ 80.224365196607806, 13.0903940784084 ], [ 80.224715313193201, 13.089612064281701 ], [ 80.224739208379702, 13.089565720383399 ], [ 80.224764216578905, 13.089520582191501 ], [ 80.224791800247999, 13.0894769095743 ], [ 80.224821820148193, 13.0894349090267 ], [ 80.225507935395896, 13.0885315980281 ], [ 80.225532842983796, 13.088499594822199 ], [ 80.225561674412802, 13.0884668023815 ], [ 80.225592073402098, 13.088435401152299 ], [ 80.225623932153596, 13.0884054961328 ], [ 80.226664799293502, 13.087473593076 ], [ 80.226682316441597, 13.087458979126399 ], [ 80.2267007858038, 13.087443711564299 ], [ 80.226719657611298, 13.087428926116401 ], [ 80.226738911202801, 13.087414634157501 ], [ 80.227344768268097, 13.086977270417099 ], [ 80.227383852169396, 13.086949054814401 ], [ 80.227499161715897, 13.087062002079101 ], [ 80.228822259755205, 13.0883624594276 ], [ 80.228832145714904, 13.0883721760674 ], [ 80.228882843036303, 13.0883224413924 ], [ 80.231767243582098, 13.0866734723711 ], [ 80.231809918947903, 13.0866490751679 ], [ 80.231206571775502, 13.086559190575899 ], [ 80.230278949853599, 13.084961996975199 ], [ 80.230511691665598, 13.0845089122678 ], [ 80.230647142339095, 13.083707606820701 ], [ 80.230642851985294, 13.0836381383044 ], [ 80.230520102591598, 13.0816506644013 ], [ 80.230289894028701, 13.080414937050501 ], [ 80.230134263600704, 13.079315476874299 ], [ 80.2300952857005, 13.0788496704832 ], [ 80.230775754138307, 13.0789651484936 ], [ 80.231240121156503, 13.079070926069299 ], [ 80.231733876559105, 13.079141291884101 ], [ 80.232672849593001, 13.0792504469274 ], [ 80.232786188235806, 13.0792507689315 ], [ 80.233418500686199, 13.0793915056886 ], [ 80.233695224912793, 13.0794318436774 ], [ 80.233912760942005, 13.079461873162 ], [ 80.234050847272499, 13.0795023240156 ], [ 80.234100432479593, 13.0795024648923 ], [ 80.234155078794998, 13.079502620644099 ], [ 80.234298227132101, 13.079540043955999 ], [ 80.235143007316907, 13.079717894079399 ], [ 80.2356316647803, 13.079821205556399 ], [ 80.236328227434797, 13.079969223809799 ], [ 80.236788171148405, 13.0800374648481 ], [ 80.236980363008499, 13.0801069737542 ], [ 80.237208009576307, 13.080145144231199 ], [ 80.237573158569603, 13.080215144861301 ], [ 80.238097232113105, 13.0803205850229 ], [ 80.238660306014594, 13.080391655736999 ], [ 80.239267905811502, 13.080462851556501 ], [ 80.240661247614398, 13.080573298399401 ], [ 80.240854026074402, 13.080573846153399 ], [ 80.240957705132899, 13.080613693070299 ], [ 80.241150483592904, 13.0806142408242 ], [ 80.241664018101503, 13.0806451101709 ], [ 80.242133519889805, 13.0806865040869 ], [ 80.242884439602093, 13.080723119588701 ], [ 80.243166182716195, 13.0807239202191 ], [ 80.243877427435706, 13.0808643735087 ], [ 80.243956953491093, 13.080864600135101 ], [ 80.2440408588336, 13.0808648381366 ], [ 80.244105074901697, 13.080902544743401 ], [ 80.244257880128202, 13.080902978746099 ], [ 80.244485024537695, 13.0809381058318 ], [ 80.244974182362697, 13.0810459825727 ], [ 80.245413884338106, 13.081116701325801 ], [ 80.245504831574095, 13.0811349390451 ], [ 80.245473147994005, 13.0809487423946 ], [ 80.245447567567993, 13.0804289992883 ], [ 80.245421988040206, 13.079909255086401 ], [ 80.245514201002507, 13.079943101301 ], [ 80.245606414863005, 13.079976946635901 ], [ 80.245777064224299, 13.0800944663876 ], [ 80.245917661345999, 13.0802114707037 ], [ 80.245976979799195, 13.080117808979701 ], [ 80.246072043115802, 13.079967710919901 ], [ 80.246119743657403, 13.079865656892199 ], [ 80.246181900786894, 13.0797686997517 ], [ 80.246256065696699, 13.079680225791799 ], [ 80.246340328568706, 13.0796022361694 ], [ 80.246515025738603, 13.0794599647643 ], [ 80.246546675182699, 13.079434189580599 ], [ 80.246943075666493, 13.0795063018123 ], [ 80.247005458273094, 13.079518994710901 ], [ 80.247066980293596, 13.079537037421099 ], [ 80.247127073094504, 13.079559233802801 ], [ 80.247163116198706, 13.079576105746501 ], [ 80.247187603374996, 13.0795875683775 ], [ 80.247201437430405, 13.079592081678999 ], [ 80.247262800449107, 13.079196031726401 ], [ 80.2472641901429, 13.079186914982801 ], [ 80.247265510666296, 13.0791775908611 ], [ 80.247266732375095, 13.079168253613901 ], [ 80.247267852574296, 13.0791589067413 ], [ 80.247297928169999, 13.078891504831899 ], [ 80.246823636564599, 13.078752715568299 ], [ 80.246784669444196, 13.0787405100125 ], [ 80.246746255686006, 13.0787266069308 ], [ 80.246708509376106, 13.0787110448235 ], [ 80.246671541007203, 13.078693873565999 ], [ 80.246550913434206, 13.078634223912401 ], [ 80.246629205204499, 13.0784488863876 ], [ 80.246639138774896, 13.078430208337601 ], [ 80.246648433643102, 13.0784109230264 ], [ 80.246658188448805, 13.078391859092299 ], [ 80.246668396903701, 13.078373032285601 ], [ 80.246828143412401, 13.078083594014499 ], [ 80.2468411052036, 13.078060108602299 ], [ 80.247306760405806, 13.0780598985986 ], [ 80.247357475693505, 13.0780598767232 ], [ 80.248581524591302, 13.078473208276 ], [ 80.248996256096703, 13.0788756356056 ], [ 80.249503246378396, 13.0790973934251 ], [ 80.250305390723199, 13.0792424685753 ], [ 80.250750737711797, 13.079208807767101 ], [ 80.250752618784006, 13.079195343092399 ], [ 80.2507776144068, 13.0790219936539 ], [ 80.250856711965895, 13.0788812505608 ], [ 80.250990784623696, 13.078458221911999 ], [ 80.250990908591206, 13.0783517361869 ], [ 80.251100960298302, 13.077267915639201 ], [ 80.251170444087293, 13.077126638658701 ], [ 80.250958218898006, 13.076881117036701 ], [ 80.250869254243796, 13.0768063238517 ], [ 80.250518815163304, 13.076629878661601 ], [ 80.250014516234103, 13.076489506087499 ], [ 80.249921037545704, 13.076380218569099 ], [ 80.249857639842801, 13.075716780858601 ], [ 80.249808705914404, 13.075082793864301 ], [ 80.249749628209699, 13.074978675378301 ], [ 80.249700169665104, 13.0748695123195 ], [ 80.249700250513499, 13.0748000430637 ], [ 80.249690674472504, 13.0747680704514 ], [ 80.249626414386995, 13.074767887570699 ], [ 80.249542465925401, 13.0747301248993 ], [ 80.249473227376598, 13.074660965364 ], [ 80.249424228769399, 13.074591356919999 ], [ 80.248910237916604, 13.074517891333199 ], [ 80.247838270203303, 13.0743419310222 ], [ 80.247383518751903, 13.0742341519775 ], [ 80.246736542202896, 13.074086274662299 ], [ 80.246861024446702, 13.0732098908158 ], [ 80.246401474195096, 13.0733125356189 ], [ 80.245779119569704, 13.0733107671787 ], [ 80.245438255631697, 13.073242863792199 ], [ 80.245003280591405, 13.073098124626201 ], [ 80.244208245513803, 13.0727094714134 ], [ 80.2420944809042, 13.071651276946501 ], [ 80.241027986625795, 13.0711208851398 ], [ 80.240183371731106, 13.0708015600823 ], [ 80.239526397831199, 13.0706237367823 ], [ 80.239214023064207, 13.0715736208005 ], [ 80.239080161510401, 13.0718161305749 ], [ 80.239001063951306, 13.0719568733237 ], [ 80.238862968637704, 13.0719245354524 ], [ 80.238487026386196, 13.0719234670321 ], [ 80.237706300572796, 13.0719212479378 ], [ 80.236589604843104, 13.071918074178001 ], [ 80.235695461335197, 13.0719824672809 ], [ 80.234548829248595, 13.0720507061534 ], [ 80.234109090442303, 13.0720864732764 ], [ 80.233955778565999, 13.0720860375082 ], [ 80.233758415104802, 13.0721128591282 ], [ 80.233091060273495, 13.0720835795304 ], [ 80.233026801086297, 13.0720833975228 ], [ 80.2323943269392, 13.072081599322599 ], [ 80.232231402191005, 13.0720811364283 ], [ 80.231920224878294, 13.0720802526413 ], [ 80.231782092733695, 13.072079859749801 ], [ 80.231371743210204, 13.072078693326 ], [ 80.230813063867004, 13.072144040176701 ], [ 80.230546245363001, 13.0722872914662 ], [ 80.229868875214606, 13.072602290179301 ], [ 80.229727739103694, 13.0726617584093 ], [ 80.229540502350702, 13.0722401200278 ], [ 80.229437652437198, 13.0720085118794 ], [ 80.229238304597501, 13.071321730366501 ], [ 80.229038956757904, 13.0706349478173 ], [ 80.228582409574301, 13.069876529605599 ], [ 80.228399794653498, 13.0690738054241 ], [ 80.228648124930601, 13.0682520707926 ], [ 80.228804323093897, 13.0671445767964 ], [ 80.228842923701706, 13.066870878970899 ], [ 80.228756503076397, 13.066273189377499 ], [ 80.227643201181806, 13.066300576916101 ], [ 80.226979900447404, 13.0664053816076 ], [ 80.225084933101598, 13.0668976399039 ], [ 80.224048603352202, 13.067090742586799 ], [ 80.222252085971704, 13.068409113373599 ], [ 80.221380614144906, 13.0691761273052 ], [ 80.220240173247305, 13.068633827765099 ], [ 80.220006804411199, 13.068560269399599 ], [ 80.219707257586506, 13.0684658507097 ], [ 80.219128404776995, 13.0686423726168 ], [ 80.218421893280706, 13.068692908429799 ], [ 80.218036067764501, 13.0685671542857 ], [ 80.217693963253197, 13.0683311271886 ], [ 80.216809351768703, 13.0672243895936 ], [ 80.216119919042697, 13.0659793178692 ], [ 80.215878529149407, 13.0653054521014 ], [ 80.216104791413301, 13.0637329508967 ], [ 80.215971514662797, 13.061871347297499 ], [ 80.215269446234004, 13.061894508723199 ], [ 80.214050527614802, 13.062325087002 ], [ 80.212256641399804, 13.0641424614121 ], [ 80.209655077217803, 13.065109876848901 ], [ 80.208933605178899, 13.0643081146137 ], [ 80.208627520415504, 13.063421386004901 ], [ 80.208278478215206, 13.0626177403866 ], [ 80.2077690804485, 13.0618770676483 ], [ 80.206815106447706, 13.0604374287234 ], [ 80.205051694680293, 13.0606441211564 ], [ 80.203179012740094, 13.060801434599799 ], [ 80.201391650988995, 13.0608384625878 ], [ 80.201157767418294, 13.0608213180892 ], [ 80.201123488605305, 13.060818804869401 ], [ 80.199923842442303, 13.060730863163201 ], [ 80.199879152155304, 13.059536270131099 ], [ 80.200125922058703, 13.0594653701776 ], [ 80.1999370575585, 13.0572657936039 ], [ 80.198522951197802, 13.0574032201853 ], [ 80.197097374249196, 13.0576144192346 ], [ 80.196305835414705, 13.057192991429501 ], [ 80.192628700376801, 13.056231557744701 ], [ 80.192240209559102, 13.0561339883812 ], [ 80.188009495812196, 13.055071375394601 ], [ 80.186741247107506, 13.055132215623001 ], [ 80.186038465416402, 13.055469433019599 ], [ 80.185125432134598, 13.055853076328599 ], [ 80.184816541034294, 13.05576726896 ], [ 80.184815304054197, 13.055767022183399 ], [ 80.184769306718394, 13.0557566706913 ], [ 80.184756118551704, 13.0557537032459 ], [ 80.184741200229695, 13.055750364760501 ], [ 80.184727184714703, 13.0557481954013 ], [ 80.184689512964994, 13.0557423663968 ], [ 80.184666357091899, 13.0557387828848 ], [ 80.184664909007594, 13.055738676998301 ], [ 80.184646541155004, 13.0557373346034 ], [ 80.184605057853503, 13.0557343050261 ], [ 80.184590796199998, 13.055733263663599 ], [ 80.184589340929307, 13.055733309168501 ], [ 80.184572885589901, 13.0557338263494 ], [ 80.184525194929805, 13.055735427772399 ], [ 80.184517835931004, 13.055735673673899 ], [ 80.184516908869597, 13.0557357051773 ], [ 80.184025131557206, 13.055757909824999 ], [ 80.184014393994602, 13.055758394627301 ], [ 80.184641610302407, 13.056928839436001 ], [ 80.184671603253094, 13.0569810385672 ], [ 80.184689020688197, 13.0570069736118 ], [ 80.184705529028093, 13.0570315566397 ], [ 80.184724269681595, 13.057055767752001 ], [ 80.1847428252821, 13.057079738212201 ], [ 80.184784563705094, 13.057123151412 ], [ 80.186062199804496, 13.0584694118655 ], [ 80.186071069769596, 13.0584787568965 ], [ 80.186466412936298, 13.0588818757643 ], [ 80.186753518094307, 13.0591746277378 ], [ 80.186755005704399, 13.0591764409084 ], [ 80.186823814858599, 13.0592603096612 ], [ 80.186885864190202, 13.059352719183201 ], [ 80.186904930033805, 13.059390471955901 ], [ 80.186935933589197, 13.0594518667973 ], [ 80.1869363665772, 13.059452927396 ], [ 80.186936822023, 13.0594541997642 ], [ 80.186974888133193, 13.0595542250439 ], [ 80.187039480595402, 13.059784710772499 ], [ 80.187889611145906, 13.0600184218286 ], [ 80.1879011248529, 13.060021586990599 ], [ 80.187902493885403, 13.0600219632747 ], [ 80.187911486919802, 13.0600244362489 ], [ 80.187978926143103, 13.060045623669 ], [ 80.187980217022101, 13.0600461390907 ], [ 80.188020288171998, 13.0600621530407 ], [ 80.188044698991504, 13.060071908423501 ], [ 80.188065091646806, 13.0600819158287 ], [ 80.188108212577106, 13.060103078741699 ], [ 80.188169051878006, 13.060136999429 ], [ 80.188365587990802, 13.0602639033446 ], [ 80.188626137152497, 13.060429648405799 ], [ 80.188634767267402, 13.0604351386446 ], [ 80.188716883165796, 13.060484507908701 ], [ 80.188805138150897, 13.0605234103603 ], [ 80.188847499106402, 13.0605370615701 ], [ 80.188897065448899, 13.060553031734401 ], [ 80.188989740145203, 13.0605706890469 ], [ 80.189302347575804, 13.060624698818501 ], [ 80.189303274637197, 13.0606248537071 ], [ 80.189309602370102, 13.060649241232801 ], [ 80.189801588091598, 13.062545563714799 ], [ 80.189802262726403, 13.062547473993501 ], [ 80.189803290399098, 13.062550385352701 ], [ 80.189804046780495, 13.0625534235971 ], [ 80.189804672007995, 13.062555939424399 ], [ 80.189805282862395, 13.0625584640024 ], [ 80.189806018582601, 13.062561501371601 ], [ 80.189807343597593, 13.062567086945601 ], [ 80.190164735638504, 13.064106394740801 ], [ 80.190168458257006, 13.0641224294291 ], [ 80.190563082771405, 13.065822081229401 ], [ 80.190566888933304, 13.0658450077688 ], [ 80.190570172275699, 13.065864794595701 ], [ 80.190570359125203, 13.0658657116571 ], [ 80.190575296266104, 13.0658985158533 ], [ 80.190577260881597, 13.065911567350801 ], [ 80.190579120394204, 13.0659306506254 ], [ 80.190581755152905, 13.0659577100551 ], [ 80.190583796125296, 13.0660039770091 ], [ 80.190584053043395, 13.066016919993899 ], [ 80.190609549027897, 13.0673000266095 ], [ 80.190617938394297, 13.0674166545951 ], [ 80.190629773698106, 13.067470401228301 ], [ 80.190642777710195, 13.067529377165201 ], [ 80.190643034628394, 13.067530538360099 ], [ 80.1906432610038, 13.067531651427201 ], [ 80.190659606748696, 13.0675765433786 ], [ 80.190683604343207, 13.067642447954601 ], [ 80.190729798410104, 13.0677304370772 ], [ 80.190738698917897, 13.067747390334601 ], [ 80.190739213652606, 13.0677484001446 ], [ 80.190743311766894, 13.0677564287463 ], [ 80.191003814216103, 13.0687270335735 ], [ 80.191017091315999, 13.0687838705921 ], [ 80.191026625136203, 13.0688416202727 ], [ 80.191026746408696, 13.0688428488402 ], [ 80.191032329438201, 13.0688998538412 ], [ 80.191032765121093, 13.068913936861501 ], [ 80.191034115289, 13.0689575291157 ], [ 80.191034047915394, 13.068958570422399 ], [ 80.191034057796799, 13.0689992461353 ], [ 80.191024883302802, 13.069007343825 ], [ 80.190448805389195, 13.0695158491567 ], [ 80.190416290867503, 13.069545912224999 ], [ 80.190391515331996, 13.069571153788999 ], [ 80.190385265752496, 13.069577520619999 ], [ 80.190370009664093, 13.069594683761499 ], [ 80.190355841435405, 13.0696105702106 ], [ 80.190341567205493, 13.0696283248804 ], [ 80.190328117629093, 13.0696449367399 ], [ 80.190282750012301, 13.069704473936101 ], [ 80.1903054782873, 13.0698985212211 ], [ 80.190342834728398, 13.0702174458022 ], [ 80.190402939207402, 13.0707305811098 ], [ 80.190408573440905, 13.0708945086851 ], [ 80.190381259266402, 13.071059768837699 ], [ 80.190359684428202, 13.071118416651901 ], [ 80.190324147973897, 13.071215013175699 ], [ 80.190323324218696, 13.071217254152399 ], [ 80.190321135024405, 13.0712208829418 ], [ 80.190237691416002, 13.0713591986714 ], [ 80.190117211166694, 13.0715213853773 ], [ 80.190119520735294, 13.071535411370499 ], [ 80.190121792574601, 13.071549213353 ], [ 80.190200756284796, 13.072028750606201 ], [ 80.190343444684501, 13.0728952848935 ], [ 80.190407852093699, 13.0734353848644 ], [ 80.190408118893401, 13.0734376196956 ], [ 80.190482185886793, 13.073451565952 ], [ 80.190626979039294, 13.0734788275645 ], [ 80.190760163263306, 13.0735038919698 ], [ 80.190764243411394, 13.073504660247499 ], [ 80.190767743247704, 13.073505331396699 ], [ 80.190769008075605, 13.073505313896 ], [ 80.1907717021232, 13.073505313896 ], [ 80.190786735429398, 13.0735053191462 ], [ 80.190797207090696, 13.0735053243964 ], [ 80.190800015224298, 13.0735053226463 ], [ 80.191084865611003, 13.075860942722899 ], [ 80.191093182213905, 13.075929692411099 ], [ 80.191180949413805, 13.076655304130099 ], [ 80.191382090290702, 13.078318540764799 ], [ 80.191448153294999, 13.0784455167086 ], [ 80.192211779676995, 13.079913244251699 ], [ 80.192217791202907, 13.0799250096201 ], [ 80.192218446074705, 13.079926290632899 ], [ 80.192222333084999, 13.079934215587301 ], [ 80.192224896876795, 13.0799394446395 ], [ 80.192231131184897, 13.079952698396401 ], [ 80.192235429623494, 13.0799679874227 ], [ 80.193160891995504, 13.082066540564099 ], [ 80.193393320295499, 13.0825935838382 ], [ 80.1940709419722, 13.084124460382 ], [ 80.196059784163495, 13.088617520875699 ], [ 80.196074619840402, 13.0886501724249 ], [ 80.196087421731505, 13.088684570425301 ], [ 80.196098746792302, 13.0887193262867 ], [ 80.196108595022693, 13.0887546193793 ], [ 80.196576692744202, 13.090569847894701 ], [ 80.196515699831394, 13.0906296661546 ], [ 80.196512159570901, 13.090633138038701 ], [ 80.196505016167706, 13.090648711642899 ], [ 80.196184959008406, 13.0913473362709 ], [ 80.196184242152796, 13.0913486390986 ], [ 80.196134414400603, 13.0914392131684 ], [ 80.196129585057605, 13.0914479925962 ], [ 80.196128926592607, 13.0914489174372 ], [ 80.196128193567304, 13.0914499463995 ], [ 80.196085783204396, 13.091509550953599 ], [ 80.196082773848204, 13.091513781422201 ], [ 80.196066658071999, 13.0915364317085 ], [ 80.196063674767004, 13.0915406236781 ], [ 80.196012000976793, 13.0915967598397 ], [ 80.195986495111001, 13.0916244761789 ], [ 80.195900220911099, 13.091697977791901 ], [ 80.195899253425594, 13.091698804635699 ], [ 80.195402722228593, 13.0920696162409 ], [ 80.194170533696195, 13.092992937783899 ], [ 80.194151445394695, 13.0930094850721 ], [ 80.194129628011396, 13.093024427678399 ], [ 80.194107444115403, 13.0930387341862 ], [ 80.194082956939098, 13.093051678377 ], [ 80.194029277211001, 13.0930832653848 ], [ 80.193967693206702, 13.093119535184799 ], [ 80.194008391380606, 13.093212095641301 ], [ 80.1955731766555, 13.096770954418499 ], [ 80.195574728944294, 13.096775817384801 ], [ 80.195576872324594, 13.0967825352428 ], [ 80.195577315194001, 13.096783923786701 ], [ 80.195581647768606, 13.0967941851875 ], [ 80.195590333579105, 13.0968161630277 ], [ 80.195598471417298, 13.0968388828224 ], [ 80.195605501632699, 13.0968613287561 ], [ 80.195988489370905, 13.0980724865707 ], [ 80.195999298798696, 13.098114561765801 ], [ 80.196011440428094, 13.098161816622399 ], [ 80.196019522570694, 13.098216658983 ], [ 80.196025264602, 13.098255617604099 ], [ 80.196027019910105, 13.098300193356501 ], [ 80.196028994407101, 13.0983503206166 ], [ 80.196028870439605, 13.098352159747501 ], [ 80.196022654996099, 13.098444409382701 ], [ 80.196001054106802, 13.098620025259301 ], [ 80.195979456810704, 13.098795620012 ], [ 80.195959241123603, 13.098811256971 ], [ 80.195939852784804, 13.0988261747269 ], [ 80.195917034678303, 13.0988418711799 ], [ 80.195913253669204, 13.0988444723813 ], [ 80.195894044993494, 13.098857685749101 ], [ 80.195859580229296, 13.098878441986701 ], [ 80.195856613992206, 13.098880228617199 ], [ 80.195846101008499, 13.0988865605686 ], [ 80.195835211630595, 13.0988922529377 ], [ 80.195803090571005, 13.0989090430632 ], [ 80.195796448427799, 13.0989125157055 ], [ 80.195745344169595, 13.098935421669299 ], [ 80.195744282360906, 13.098935859139999 ], [ 80.194864928715802, 13.099298845760901 ], [ 80.194462663131603, 13.0994648935659 ], [ 80.194423566653796, 13.0994819653829 ], [ 80.194402781434803, 13.0994922861671 ], [ 80.1943849157404, 13.099501158051501 ], [ 80.194347227820998, 13.099522107596499 ], [ 80.194337538592293, 13.0995281009299 ], [ 80.194328927341999, 13.099533412685499 ], [ 80.194310625066393, 13.0995447448972 ], [ 80.194282865327494, 13.099559848970699 ], [ 80.194851135983001, 13.1010508648588 ], [ 80.194874217295904, 13.1011161664065 ], [ 80.194891217912598, 13.101183684142899 ], [ 80.194891413745296, 13.1011848434295 ], [ 80.194900451695403, 13.101237838133001 ], [ 80.194902871756796, 13.1012522832781 ], [ 80.194903108912001, 13.101254491609099 ], [ 80.1949044141641, 13.1012666286799 ], [ 80.194910332265295, 13.1013216733334 ], [ 80.195020696586099, 13.1035205393786 ], [ 80.195093765551306, 13.1049598392673 ], [ 80.195123627347996, 13.1055480393183 ], [ 80.195124258863601, 13.1055522914187 ], [ 80.195124608308305, 13.1055580789996 ], [ 80.195124831988807, 13.1055609881011 ], [ 80.195125051177698, 13.1055638665804 ], [ 80.195125402418995, 13.105569655036 ], [ 80.195126411227093, 13.105582640564201 ], [ 80.195127411051999, 13.1055954878547 ], [ 80.195226355988893, 13.1068675719004 ], [ 80.195250646434204, 13.1071794169745 ], [ 80.195253123987797, 13.1072112410207 ], [ 80.195252362216394, 13.107214269965599 ], [ 80.195252711661098, 13.107219370701699 ], [ 80.195252895815699, 13.1072223121552 ], [ 80.195253030562995, 13.1072244705627 ], [ 80.195253129377704, 13.107229319323899 ], [ 80.195282304861493, 13.107798348177701 ], [ 80.195289415925302, 13.107937049335501 ] ] ] } },
{ "type": "Feature", "properties": { "ac_no": 22, "ac_name": "Virugampakkam", "district": "Chennai", "male": 96972.0, "female": 103554.0, "third_gender": 52.0, "electors_total": 200578.0, "source": "OpenCity CKAN — TN SIR voter rolls 2026 (AC electors 06.04.2026) + Chennai AC map 2021", "metric": "registered_electors_18plus_not_total_population", "note": "SIR electors at assembly constituency level. Not GCC ward households; not total population (excludes under-18). Includes ACs on the OpenCity Chennai AC map (Chennai district + some adjoining ACs). Boundaries are 2021." }, "geometry": { "type": "Polygon", "coordinates": [ [ [ 80.1999370575585, 13.0572657936039 ], [ 80.199765859326504, 13.053390508957699 ], [ 80.198280361155298, 13.053101086026601 ], [ 80.198280361155298, 13.0468784145346 ], [ 80.199765859326504, 13.046588983978699 ], [ 80.199320209605702, 13.0419580516379 ], [ 80.203356054512994, 13.041770104040101 ], [ 80.202411958387003, 13.0284898711237 ], [ 80.201514023988594, 13.028462290355099 ], [ 80.200478388636895, 13.028279912730101 ], [ 80.200003287649395, 13.028656803235499 ], [ 80.198427133296306, 13.0286581947881 ], [ 80.198195475750893, 13.028725882874699 ], [ 80.197926957634294, 13.028628454068301 ], [ 80.197675847071395, 13.0286286746163 ], [ 80.197634434736798, 13.0286625646134 ], [ 80.197579129057999, 13.0286783889291 ], [ 80.197500722303403, 13.0286874979092 ], [ 80.197339360623801, 13.028673898327799 ], [ 80.197205734428707, 13.028642283827301 ], [ 80.197090432967002, 13.028583624184201 ], [ 80.196744681295598, 13.028579135331499 ], [ 80.196684771750995, 13.0286018780339 ], [ 80.1965903561197, 13.028597259653401 ], [ 80.196200756780996, 13.0285341374019 ], [ 80.196159339954804, 13.028511482212499 ], [ 80.196127041028802, 13.0284799595862 ], [ 80.195958585353395, 13.028443004644901 ], [ 80.195897896969498, 13.0295570608932 ], [ 80.195878428680601, 13.029555580951699 ], [ 80.194910371791096, 13.0290858841832 ], [ 80.194656712707697, 13.0288599208275 ], [ 80.193218351834304, 13.0281822491967 ], [ 80.193098488727699, 13.028073872394801 ], [ 80.192955484121001, 13.027965422904501 ], [ 80.192918699906699, 13.027969974782099 ], [ 80.192775759978701, 13.027829885261401 ], [ 80.192775823759106, 13.0277982452725 ], [ 80.192743470035794, 13.0277033524124 ], [ 80.191719980805004, 13.026777077162199 ], [ 80.191572456774097, 13.026664111960701 ], [ 80.191364962113198, 13.026609867220801 ], [ 80.191332764696796, 13.0265873851445 ], [ 80.191286525714204, 13.026429223749499 ], [ 80.191097521974996, 13.026117412309199 ], [ 80.190871593884395, 13.0258597823779 ], [ 80.190567318327993, 13.0256248172614 ], [ 80.1902721597734, 13.025272413804 ], [ 80.190138464407994, 13.025050956015001 ], [ 80.190037015866295, 13.0249108307102 ], [ 80.1898434217361, 13.024829632809499 ], [ 80.189552968556995, 13.0245855252025 ], [ 80.189491616317994, 13.024501948387901 ], [ 80.189673632062593, 13.0280385356238 ], [ 80.189678208978904, 13.0281063324037 ], [ 80.188621644677696, 13.0280809325718 ], [ 80.1886265521741, 13.028469760985701 ], [ 80.187479254435999, 13.0284949962418 ], [ 80.187576853696598, 13.0303982035943 ], [ 80.187632389344103, 13.031784176400199 ], [ 80.187632450429604, 13.031785715840501 ], [ 80.187457649055006, 13.033078409150701 ], [ 80.186932075325004, 13.033046843347201 ], [ 80.186941552551303, 13.033392589671299 ], [ 80.186701679912602, 13.0333858560855 ], [ 80.186709536577993, 13.033517292251 ], [ 80.1867941974037, 13.0349315417808 ], [ 80.186787387275501, 13.035054130055199 ], [ 80.186711564973905, 13.036409481971299 ], [ 80.187080864183898, 13.0384740212222 ], [ 80.187306789579495, 13.039039744803899 ], [ 80.187316021565707, 13.0390532974326 ], [ 80.187228888576399, 13.0403855033854 ], [ 80.187220579159998, 13.040512553964801 ], [ 80.187205580888005, 13.0407418576218 ], [ 80.187086327737404, 13.042565115049699 ], [ 80.186863717125206, 13.0431249457147 ], [ 80.186256689555094, 13.042809340571701 ], [ 80.185860574735599, 13.044852282386801 ], [ 80.185704130433905, 13.045855593279599 ], [ 80.185547582826004, 13.046849956314 ], [ 80.185225384981393, 13.049087202293499 ], [ 80.184976857973197, 13.0507866818776 ], [ 80.184908071276894, 13.0527346193853 ], [ 80.184908144040506, 13.052820501315701 ], [ 80.184903514123505, 13.053431357879701 ], [ 80.184902955371399, 13.053505028389001 ], [ 80.1848901561752, 13.055193287737 ], [ 80.185125432134598, 13.055853076328599 ], [ 80.186038465416402, 13.055469433019599 ], [ 80.186741247107506, 13.055132215623001 ], [ 80.188009495812196, 13.055071375394601 ], [ 80.192240209559102, 13.0561339883812 ], [ 80.192628700376801, 13.056231557744701 ], [ 80.196305835414705, 13.057192991429501 ], [ 80.197097374249196, 13.0576144192346 ], [ 80.198522951197802, 13.0574032201853 ], [ 80.1999370575585, 13.0572657936039 ] ] ] } },
{ "type": "Feature", "properties": { "ac_no": 23, "ac_name": "Saidapet", "district": "Chennai", "male": 98535.0, "female": 105549.0, "third_gender": 62.0, "electors_total": 204146.0, "source": "OpenCity CKAN — TN SIR voter rolls 2026 (AC electors 06.04.2026) + Chennai AC map 2021", "metric": "registered_electors_18plus_not_total_population", "note": "SIR electors at assembly constituency level. Not GCC ward households; not total population (excludes under-18). Includes ACs on the OpenCity Chennai AC map (Chennai district + some adjoining ACs). Boundaries are 2021." }, "geometry": { "type": "Polygon", "coordinates": [ [ [ 80.221573633353401, 13.0380908051528 ], [ 80.221741653345802, 13.03806136487 ], [ 80.221894458572294, 13.038061798948 ], [ 80.222013364074897, 13.0380621376338 ], [ 80.222591275449901, 13.0379922817101 ], [ 80.222739527116204, 13.037992703535901 ], [ 80.223228974198804, 13.0378526196875 ], [ 80.223663731846898, 13.0377499041423 ], [ 80.223334347479906, 13.036516260577599 ], [ 80.222409383672897, 13.0330000862527 ], [ 80.222646766181697, 13.0329338267455 ], [ 80.222691292077002, 13.0329339536459 ], [ 80.224040399936996, 13.032794285268 ], [ 80.224242873015598, 13.0327253914261 ], [ 80.224336944592096, 13.0327601394099 ], [ 80.225423955493298, 13.032619726158901 ], [ 80.225725555866703, 13.0325886381433 ], [ 80.225903704364001, 13.0325521275297 ], [ 80.226022060097606, 13.032589480938199 ], [ 80.226106052576696, 13.032589719861299 ], [ 80.226249244931296, 13.0325901268184 ], [ 80.226827292850302, 13.032836688403 ], [ 80.227103982042706, 13.032906944861899 ], [ 80.227686789236003, 13.0329780712249 ], [ 80.227776578543697, 13.0324210470488 ], [ 80.228062435941794, 13.030091688522001 ], [ 80.228737705829104, 13.030947682124999 ], [ 80.229353071561604, 13.0309535642248 ], [ 80.230697022193596, 13.0313318885825 ], [ 80.230881847868304, 13.030661605888501 ], [ 80.230881499321995, 13.030105809636 ], [ 80.230949982387699, 13.0296620719527 ], [ 80.230959894398595, 13.0286966602756 ], [ 80.231013179766194, 13.028212732132801 ], [ 80.231988677401205, 13.0282865283038 ], [ 80.232870107053003, 13.028395492266 ], [ 80.233066337738606, 13.0277072986608 ], [ 80.234058212559603, 13.028603612661501 ], [ 80.235810868797998, 13.030383141673999 ], [ 80.237277959590799, 13.0317514648218 ], [ 80.237225107211103, 13.032488702600199 ], [ 80.238794589776603, 13.032730846397801 ], [ 80.243384805706896, 13.0333837941764 ], [ 80.243762763777895, 13.032857678612899 ], [ 80.243876473424905, 13.032474121279201 ], [ 80.243895861763605, 13.031869473109101 ], [ 80.243797946295999, 13.0311317923949 ], [ 80.243689049822294, 13.030439912243599 ], [ 80.243654203274104, 13.0300143903965 ], [ 80.242887712164702, 13.030132688323 ], [ 80.241958443630807, 13.030520229620199 ], [ 80.241221963438406, 13.030878420192501 ], [ 80.240501258560599, 13.031277346428499 ], [ 80.239847790785305, 13.029636608391799 ], [ 80.239900475180093, 13.0284331771238 ], [ 80.238943428940999, 13.0265319326148 ], [ 80.239351579388696, 13.0260075598922 ], [ 80.240398264916706, 13.026436049420299 ], [ 80.241492355440599, 13.026726410253101 ], [ 80.242747581268503, 13.026465521717601 ], [ 80.243959618792601, 13.0253157818247 ], [ 80.243995560387106, 13.025281689197801 ], [ 80.243995539725901, 13.025236493748499 ], [ 80.245718720443193, 13.0235815670699 ], [ 80.245720718296397, 13.0235787173918 ], [ 80.245723415937206, 13.023576094392499 ], [ 80.245726101001594, 13.023573460890701 ], [ 80.245728740251906, 13.02357085277 ], [ 80.246792224275694, 13.022514467079301 ], [ 80.246834673266207, 13.022470085947599 ], [ 80.246873599962399, 13.022422732586801 ], [ 80.246909192112199, 13.0223729207448 ], [ 80.246939635118906, 13.022320058776501 ], [ 80.247119260446496, 13.0220126462393 ], [ 80.247151182978399, 13.021947434049 ], [ 80.247179092736005, 13.0218811479536 ], [ 80.247201556007994, 13.021812899609399 ], [ 80.247218386843201, 13.0217433419252 ], [ 80.247539068331605, 13.020137785856599 ], [ 80.249305711339005, 13.0176997580453 ], [ 80.250066264584405, 13.016344661702099 ], [ 80.251366116020804, 13.015197720241099 ], [ 80.253385471287302, 13.0134555425964 ], [ 80.254589877623005, 13.012635258148 ], [ 80.255878830698293, 13.011964358581899 ], [ 80.256659295101997, 13.0115540886316 ], [ 80.2576512588562, 13.011540973874 ], [ 80.258416443815193, 13.0118409580269 ], [ 80.259222462593797, 13.012346801096699 ], [ 80.259220771964394, 13.0119111714264 ], [ 80.2589330559519, 13.0103149072688 ], [ 80.258426905595002, 13.008082654421599 ], [ 80.258339052156799, 13.0078546246716 ], [ 80.2582511978203, 13.007626594712001 ], [ 80.257478705066504, 13.006763222564601 ], [ 80.257173072155695, 13.0067745038893 ], [ 80.256571606953798, 13.006800129973399 ], [ 80.254395390567396, 13.0066009934009 ], [ 80.251630096746794, 13.0069245107101 ], [ 80.250049960162002, 13.006926281375501 ], [ 80.248793492862305, 13.0067343256011 ], [ 80.247293910904006, 13.0067282109804 ], [ 80.244014771757804, 13.0066938645948 ], [ 80.242983383640706, 13.0066228225897 ], [ 80.242894575293406, 13.006218515767101 ], [ 80.242888782058202, 13.0062001718664 ], [ 80.242884586925797, 13.006182333870401 ], [ 80.242880024382501, 13.006164581649401 ], [ 80.2428750980215, 13.006146928332701 ], [ 80.242175840421098, 13.003744637102301 ], [ 80.242169835183503, 13.0037240076669 ], [ 80.242987142191893, 13.003662676027499 ], [ 80.243017875354397, 13.003660369668401 ], [ 80.243082360018704, 13.0035654308052 ], [ 80.243077104874303, 13.0034910495893 ], [ 80.243013485287605, 13.002590570334799 ], [ 80.242944588996906, 13.001615689403801 ], [ 80.243167418798095, 13.000884933201201 ], [ 80.243176103710198, 13.000573136896101 ], [ 80.244060739449196, 13.000003932855501 ], [ 80.244083256620101, 12.9995338325979 ], [ 80.244103394153797, 12.9989959372306 ], [ 80.244178386412102, 12.998051185706601 ], [ 80.243803771870603, 12.9969306428036 ], [ 80.243664437780097, 12.995990644206501 ], [ 80.243663757755499, 12.995384972215 ], [ 80.243709393070205, 12.994978127943 ], [ 80.243948378173499, 12.9943586375664 ], [ 80.244157825771794, 12.9941165937103 ], [ 80.244224887702799, 12.994039096176 ], [ 80.244280394604104, 12.993974950638799 ], [ 80.244252759731097, 12.9936709735858 ], [ 80.243957601176504, 12.993119682812299 ], [ 80.243703926821695, 12.992685941580801 ], [ 80.243012226747894, 12.991890757421601 ], [ 80.2426849534219, 12.991710128048 ], [ 80.242394549650101, 12.9916514920547 ], [ 80.241892157844305, 12.9916517073836 ], [ 80.241463566232397, 12.991665469179299 ], [ 80.240961229223799, 12.991697281840301 ], [ 80.240454300027494, 12.9917426829752 ], [ 80.240117898021595, 12.9918331587255 ], [ 80.239762997907306, 12.991905646616299 ], [ 80.239306749862706, 12.991892285730501 ], [ 80.238933403742394, 12.991711633599699 ], [ 80.238587584697399, 12.991323040778299 ], [ 80.238430723577494, 12.991011278855799 ], [ 80.238347611447395, 12.9905774280275 ], [ 80.238407262277207, 12.9898859170171 ], [ 80.238475702223695, 12.988191054606901 ], [ 80.238369388406497, 12.9875809554041 ], [ 80.238060473051604, 12.9871155216814 ], [ 80.237696225068504, 12.986740543683901 ], [ 80.237267503200897, 12.986456037577399 ], [ 80.236714208359501, 12.985891317060499 ], [ 80.236359001919794, 12.9850236694154 ], [ 80.236200840937599, 12.984377232052299 ], [ 80.236174340636694, 12.9842689218939 ], [ 80.236061894919303, 12.9842950509996 ], [ 80.2354922965539, 12.984427410415201 ], [ 80.233040575852897, 12.984482577366 ], [ 80.231482827979903, 12.984559983344599 ], [ 80.229510452806196, 12.9849312207841 ], [ 80.228920562396695, 12.9849902041248 ], [ 80.227694642308293, 12.985013254568599 ], [ 80.2268559203618, 12.985239498592 ], [ 80.226187945692899, 12.985822758573301 ], [ 80.224976006983596, 12.986496601671 ], [ 80.223257572964201, 12.988110636861901 ], [ 80.221350145985397, 12.989815136300599 ], [ 80.221332073678496, 12.9898408674244 ], [ 80.220788104248101, 12.9906153453418 ], [ 80.218954480158203, 12.9927265387944 ], [ 80.217922660849794, 12.9945527290434 ], [ 80.217517316739105, 12.9952624238416 ], [ 80.217001743953105, 12.9970432880628 ], [ 80.217167985281307, 12.998001399604201 ], [ 80.217477013823896, 12.9988600563878 ], [ 80.218413017925698, 13.0001749411243 ], [ 80.218717444399104, 13.0007443023247 ], [ 80.219104763813604, 13.001178074991 ], [ 80.219157594633799, 13.0012696230303 ], [ 80.220082806375899, 13.002872860997 ], [ 80.219961894935196, 13.002902387737601 ], [ 80.214797058158595, 13.004163658734999 ], [ 80.209872382379999, 13.004820184639 ], [ 80.210695949747702, 13.0083229533872 ], [ 80.210816022161794, 13.008898443715299 ], [ 80.209413912801693, 13.0084111754208 ], [ 80.206084380863004, 13.0108383679247 ], [ 80.204265720909007, 13.0121641000207 ], [ 80.2042189761749, 13.0121981743216 ], [ 80.204174975794004, 13.012229866191801 ], [ 80.199096763560206, 13.0158875424003 ], [ 80.198741938904504, 13.016136243930699 ], [ 80.198711091655895, 13.0174623739313 ], [ 80.198699004823794, 13.0177296147322 ], [ 80.198686917991594, 13.017996855244901 ], [ 80.1985720692809, 13.018703389922001 ], [ 80.198748499301004, 13.0199185106553 ], [ 80.198953532578102, 13.021337199927901 ], [ 80.199116927145099, 13.0224047916077 ], [ 80.199407922008405, 13.0242351402418 ], [ 80.199601802701196, 13.025426037141401 ], [ 80.199915611179406, 13.026991991315899 ], [ 80.200478388636895, 13.028279912730101 ], [ 80.201514023988594, 13.028462290355099 ], [ 80.202411958387003, 13.0284898711237 ], [ 80.203064742544399, 13.037672409747501 ], [ 80.205129681921704, 13.0377271395264 ], [ 80.205158693912196, 13.038014228029599 ], [ 80.205361637707895, 13.0379752528981 ], [ 80.205964337194899, 13.037910031784699 ], [ 80.206404116425404, 13.0378397837473 ], [ 80.207269039533799, 13.037666286263599 ], [ 80.207387439284901, 13.037666622324499 ], [ 80.207407678328195, 13.0376666800849 ], [ 80.207407635209094, 13.0377036966606 ], [ 80.207422308291001, 13.037703738668201 ], [ 80.207447101792795, 13.037703808680901 ], [ 80.207461774874602, 13.0377038506885 ], [ 80.207476447956495, 13.037703892696101 ], [ 80.207496181248302, 13.0377039487062 ], [ 80.207511360980007, 13.037703991589 ], [ 80.207511404099193, 13.0376669750134 ], [ 80.207521104107599, 13.0376670021433 ], [ 80.2075211472267, 13.0376299855621 ], [ 80.208054989948906, 13.0375275526008 ], [ 80.209231093963297, 13.0373524034719 ], [ 80.211791330252296, 13.036941341542899 ], [ 80.2125276110187, 13.036873964634699 ], [ 80.213006906240196, 13.0368357752186 ], [ 80.213244163883203, 13.036801968605699 ], [ 80.213387393966997, 13.0367699219382 ], [ 80.213846946913606, 13.0367392825267 ], [ 80.214098883926596, 13.036700446345099 ], [ 80.214494134566706, 13.0366321005668 ], [ 80.215112186262004, 13.036492889360501 ], [ 80.215097510485194, 13.0364208424611 ], [ 80.215097796149493, 13.036175924504001 ], [ 80.215112591402203, 13.036146049037001 ], [ 80.215157076873396, 13.036106623776901 ], [ 80.215236055854902, 13.036067295653799 ], [ 80.215616586700804, 13.0360384598688 ], [ 80.215864053696905, 13.0360021466762 ], [ 80.216481349010706, 13.036003901380701 ], [ 80.216530934217801, 13.036004042282199 ], [ 80.216595237422396, 13.0360412420159 ], [ 80.216668942394904, 13.036110920832099 ], [ 80.216708203264403, 13.036286988886101 ], [ 80.216718240141006, 13.0363585151024 ], [ 80.216752276408798, 13.0366755357354 ], [ 80.216781761811404, 13.036990008368999 ], [ 80.2167913378523, 13.037096521551099 ], [ 80.216830977810901, 13.037307071951 ], [ 80.216879607210501, 13.037693604334301 ], [ 80.217136687976804, 13.037657317639299 ], [ 80.217759586083005, 13.037626635454901 ], [ 80.217951901012299, 13.0375901658419 ], [ 80.218035933915502, 13.0375559235029 ], [ 80.218135143855505, 13.037523751785301 ], [ 80.218228750104799, 13.037524017833601 ], [ 80.218416514168794, 13.0374849997421 ], [ 80.218505603688797, 13.0374533067274 ], [ 80.218970136895294, 13.0374171040125 ], [ 80.219731209366898, 13.0373503039641 ], [ 80.220121866022694, 13.037316426533501 ], [ 80.220452817051495, 13.037282886034699 ], [ 80.221085415166101, 13.0371781976419 ], [ 80.221139514407497, 13.03721283298 ], [ 80.221159209970097, 13.0372453416746 ], [ 80.221213361313701, 13.0376689056129 ], [ 80.221277164156803, 13.038060044258 ], [ 80.221291803102702, 13.038090003509 ], [ 80.221365676060003, 13.038090213546701 ], [ 80.221573633353401, 13.0380908051528 ] ] ] } },
{ "type": "Feature", "properties": { "ac_no": 24, "ac_name": "Thiyagarayanagar", "district": "Chennai", "male": 76513.0, "female": 82210.0, "third_gender": 34.0, "electors_total": 158757.0, "source": "OpenCity CKAN — TN SIR voter rolls 2026 (AC electors 06.04.2026) + Chennai AC map 2021", "metric": "registered_electors_18plus_not_total_population", "note": "SIR electors at assembly constituency level. Not GCC ward households; not total population (excludes under-18). Includes ACs on the OpenCity Chennai AC map (Chennai district + some adjoining ACs). Boundaries are 2021." }, "geometry": { "type": "Polygon", "coordinates": [ [ [ 80.228438043121599, 13.039296602260601 ], [ 80.227987078967502, 13.0376763628382 ], [ 80.227974544774398, 13.0376188596703 ], [ 80.227964359675696, 13.037559247356199 ], [ 80.227958261911596, 13.0374990994304 ], [ 80.227955753815294, 13.037455041293001 ], [ 80.2272172982276, 13.0372625613217 ], [ 80.227192542454901, 13.037230038626801 ], [ 80.227172809163093, 13.0372299826166 ], [ 80.227142956349596, 13.037229897726 ], [ 80.2271186694976, 13.0372298285884 ], [ 80.2271431180463, 13.037091465748899 ], [ 80.227242862483905, 13.0366014042527 ], [ 80.2272825365784, 13.036423532711799 ], [ 80.227347501841507, 13.035893820556799 ], [ 80.227387207377006, 13.0356140267256 ], [ 80.2274219407375, 13.0353342177002 ], [ 80.227506879142496, 13.034524655640601 ], [ 80.227551861382096, 13.0342078589215 ], [ 80.227596832841797, 13.033752630577601 ], [ 80.227686789236003, 13.0329780712249 ], [ 80.227103982042706, 13.032906944861899 ], [ 80.226827292850302, 13.032836688403 ], [ 80.226249244931296, 13.0325901268184 ], [ 80.226106052576696, 13.032589719861299 ], [ 80.226022060097606, 13.032589480938199 ], [ 80.225903704364001, 13.0325521275297 ], [ 80.225725555866703, 13.0325886381433 ], [ 80.225423955493298, 13.032619726158901 ], [ 80.224336944592096, 13.0327601394099 ], [ 80.224242873015598, 13.0327253914261 ], [ 80.224040399936996, 13.032794285268 ], [ 80.222691292077002, 13.0329339536459 ], [ 80.222646766181697, 13.0329338267455 ], [ 80.222409383672897, 13.0330000862527 ], [ 80.223334347479906, 13.036516260577599 ], [ 80.223663731846898, 13.0377499041423 ], [ 80.223228974198804, 13.0378526196875 ], [ 80.222739527116204, 13.037992703535901 ], [ 80.222591275449901, 13.0379922817101 ], [ 80.222013364074897, 13.0380621376338 ], [ 80.221894458572294, 13.038061798948 ], [ 80.221741653345802, 13.03806136487 ], [ 80.221573633353401, 13.0380908051528 ], [ 80.221365676060003, 13.038090213546701 ], [ 80.221291803102702, 13.038090003509 ], [ 80.221277164156803, 13.038060044258 ], [ 80.221213361313701, 13.0376689056129 ], [ 80.221159209970097, 13.0372453416746 ], [ 80.221139514407497, 13.03721283298 ], [ 80.221085415166101, 13.0371781976419 ], [ 80.220452817051495, 13.037282886034699 ], [ 80.220121866022694, 13.037316426533501 ], [ 80.219731209366898, 13.0373503039641 ], [ 80.218970136895294, 13.0374171040125 ], [ 80.218505603688797, 13.0374533067274 ], [ 80.218416514168794, 13.0374849997421 ], [ 80.218228750104799, 13.037524017833601 ], [ 80.218135143855505, 13.037523751785301 ], [ 80.218035933915502, 13.0375559235029 ], [ 80.217951901012299, 13.0375901658419 ], [ 80.217759586083005, 13.037626635454901 ], [ 80.217136687976804, 13.037657317639299 ], [ 80.216879607210501, 13.037693604334301 ], [ 80.216830977810901, 13.037307071951 ], [ 80.2167913378523, 13.037096521551099 ], [ 80.216781761811404, 13.036990008368999 ], [ 80.216752276408798, 13.0366755357354 ], [ 80.216718240141006, 13.0363585151024 ], [ 80.216708203264403, 13.036286988886101 ], [ 80.216668942394904, 13.036110920832099 ], [ 80.216595237422396, 13.0360412420159 ], [ 80.216530934217801, 13.036004042282199 ], [ 80.216481349010706, 13.036003901380701 ], [ 80.215864053696905, 13.0360021466762 ], [ 80.215616586700804, 13.0360384598688 ], [ 80.215236055854902, 13.036067295653799 ], [ 80.215157076873396, 13.036106623776901 ], [ 80.215112591402203, 13.036146049037001 ], [ 80.215097796149493, 13.036175924504001 ], [ 80.215097510485194, 13.0364208424611 ], [ 80.215112186262004, 13.036492889360501 ], [ 80.214494134566706, 13.0366321005668 ], [ 80.214098883926596, 13.036700446345099 ], [ 80.213846946913606, 13.0367392825267 ], [ 80.213387393966997, 13.0367699219382 ], [ 80.213244163883203, 13.036801968605699 ], [ 80.213006906240196, 13.0368357752186 ], [ 80.2125276110187, 13.036873964634699 ], [ 80.211791330252296, 13.036941341542899 ], [ 80.209231093963297, 13.0373524034719 ], [ 80.208054989948906, 13.0375275526008 ], [ 80.2075211472267, 13.0376299855621 ], [ 80.207521104107599, 13.0376670021433 ], [ 80.207511404099193, 13.0376669750134 ], [ 80.207511360980007, 13.037703991589 ], [ 80.207496181248302, 13.0377039487062 ], [ 80.207476447956495, 13.037703892696101 ], [ 80.207461774874602, 13.0377038506885 ], [ 80.207447101792795, 13.037703808680901 ], [ 80.207422308291001, 13.037703738668201 ], [ 80.207407635209094, 13.0377036966606 ], [ 80.207407678328195, 13.0376666800849 ], [ 80.207387439284901, 13.037666622324499 ], [ 80.207269039533799, 13.037666286263599 ], [ 80.206404116425404, 13.0378397837473 ], [ 80.205964337194899, 13.037910031784699 ], [ 80.205361637707895, 13.0379752528981 ], [ 80.205158693912196, 13.038014228029599 ], [ 80.205129681921704, 13.0377271395264 ], [ 80.203064742544399, 13.037672409747501 ], [ 80.203356054512994, 13.041770104040101 ], [ 80.199320209605702, 13.0419580516379 ], [ 80.199765859326504, 13.046588983978699 ], [ 80.198280361155298, 13.0468784145346 ], [ 80.198280361155298, 13.053101086026601 ], [ 80.199765859326504, 13.053390508957699 ], [ 80.1999370575585, 13.0572657936039 ], [ 80.200125922058703, 13.0594653701776 ], [ 80.199879152155304, 13.059536270131099 ], [ 80.199923842442303, 13.060730863163201 ], [ 80.201123488605305, 13.060818804869401 ], [ 80.201157767418294, 13.0608213180892 ], [ 80.201391650988995, 13.0608384625878 ], [ 80.203179012740094, 13.060801434599799 ], [ 80.205051694680293, 13.0606441211564 ], [ 80.206815106447706, 13.0604374287234 ], [ 80.207536372772495, 13.060331694791 ], [ 80.208731179711094, 13.059912975617999 ], [ 80.208815128172702, 13.059391065261201 ], [ 80.208583239760202, 13.0577078917287 ], [ 80.208595729037597, 13.056784719021101 ], [ 80.208716564121403, 13.054588875379 ], [ 80.208902961847897, 13.0542113899357 ], [ 80.209662268231696, 13.0539330231161 ], [ 80.210756312941498, 13.0537732873937 ], [ 80.210854392800798, 13.0529655472778 ], [ 80.211046814629697, 13.0522946983788 ], [ 80.211452497405205, 13.052010551064001 ], [ 80.212312807664603, 13.051963540272499 ], [ 80.212653945588698, 13.052088657916499 ], [ 80.213002756921895, 13.0525517380909 ], [ 80.212681596631398, 13.053536310673699 ], [ 80.213317321781602, 13.0536516893875 ], [ 80.214008766733897, 13.053780402843699 ], [ 80.215304914416294, 13.053793706135799 ], [ 80.215329304574595, 13.0529358549856 ], [ 80.215309476959703, 13.052347301913199 ], [ 80.215308239081196, 13.0510214139486 ], [ 80.215527032751794, 13.0508568903578 ], [ 80.215559182557499, 13.0508327136427 ], [ 80.215605282301297, 13.050832698765801 ], [ 80.2192200059865, 13.0523229555731 ], [ 80.219236532292797, 13.052322951197601 ], [ 80.219284545448104, 13.052322934570499 ], [ 80.218964277184696, 13.0501642567678 ], [ 80.219064070131296, 13.0501414854185 ], [ 80.220131506742305, 13.049864612212399 ], [ 80.220625969119098, 13.0497620661776 ], [ 80.220650762621005, 13.049762137062 ], [ 80.221263710987103, 13.049585894826 ], [ 80.2215947024401, 13.049517366208599 ], [ 80.222227381403101, 13.049343208327199 ], [ 80.222355900675794, 13.0493435732511 ], [ 80.222459669565893, 13.0493068515818 ], [ 80.223304897111603, 13.0491013520772 ], [ 80.223774612699003, 13.0489591838626 ], [ 80.223987205299196, 13.048890318150701 ], [ 80.224585055680294, 13.0487185970351 ], [ 80.225741498268107, 13.0484074954005 ], [ 80.226033032120498, 13.0483317554616 ], [ 80.226334673816496, 13.0482656785855 ], [ 80.226594470189895, 13.050237429435899 ], [ 80.226777094093904, 13.0502673592081 ], [ 80.226806946907402, 13.050267444094199 ], [ 80.226826633486894, 13.050307052620999 ], [ 80.226875713840698, 13.0503071917641 ], [ 80.229648554408001, 13.049891662900601 ], [ 80.230315469064806, 13.049789607817001 ], [ 80.230916583025405, 13.0496959555544 ], [ 80.230451906088504, 13.0458152069244 ], [ 80.230452218702197, 13.0458026208094 ], [ 80.230451165876701, 13.0457922478969 ], [ 80.230450235222094, 13.0457818636072 ], [ 80.230449425840007, 13.0457714705658 ], [ 80.230442621101702, 13.0456525053907 ], [ 80.230436886256996, 13.0456108080571 ], [ 80.2304309358165, 13.045569347001599 ], [ 80.230423033337004, 13.0455282018614 ], [ 80.2304132066661, 13.0454875021559 ], [ 80.229729105441294, 13.042920451858899 ], [ 80.229726971044101, 13.042912285928301 ], [ 80.229724914800499, 13.0429041016196 ], [ 80.229722934913596, 13.0428958989327 ], [ 80.229721034078395, 13.0428876787426 ], [ 80.229565382989094, 13.042195355382599 ], [ 80.229544321987305, 13.0421211887978 ], [ 80.229518160351304, 13.042049624866101 ], [ 80.229485958443306, 13.0419804693078 ], [ 80.229448084572596, 13.0419144397426 ], [ 80.229016438688703, 13.0412283727019 ], [ 80.228982820137503, 13.041172913825701 ], [ 80.228954138727104, 13.0411141328818 ], [ 80.228929850976797, 13.041053479110399 ], [ 80.228910323399106, 13.0409933941696 ], [ 80.228438043121599, 13.039296602260601 ] ] ] } },
{ "type": "Feature", "properties": { "ac_no": 25, "ac_name": "Mylapore", "district": "Chennai", "male": 95275.0, "female": 104166.0, "third_gender": 24.0, "electors_total": 199465.0, "source": "OpenCity CKAN — TN SIR voter rolls 2026 (AC electors 06.04.2026) + Chennai AC map 2021", "metric": "registered_electors_18plus_not_total_population", "note": "SIR electors at assembly constituency level. Not GCC ward households; not total population (excludes under-18). Includes ACs on the OpenCity Chennai AC map (Chennai district + some adjoining ACs). Boundaries are 2021." }, "geometry": { "type": "Polygon", "coordinates": [ [ [ 80.282551667403197, 13.047092395849599 ], [ 80.282545324398995, 13.047063717122199 ], [ 80.282338231284896, 13.0462908018044 ], [ 80.282278397198795, 13.0460286465797 ], [ 80.282149774619796, 13.0449574488549 ], [ 80.282057804202694, 13.044378932961299 ], [ 80.281947321304202, 13.043917914176699 ], [ 80.281873771740393, 13.0433122849368 ], [ 80.281800256312394, 13.042860250977901 ], [ 80.281625351631703, 13.0421957745758 ], [ 80.281524089041298, 13.041816155861801 ], [ 80.281468887567002, 13.041513334040699 ], [ 80.2813722252492, 13.0411245593745 ], [ 80.281201937909003, 13.0403651693006 ], [ 80.281059389646501, 13.039619401255701 ], [ 80.280949018139097, 13.038751587176501 ], [ 80.280838810125104, 13.0377347131459 ], [ 80.280691712793896, 13.036699619317099 ], [ 80.280613509058597, 13.0363470390882 ], [ 80.280539997223897, 13.0357550088856 ], [ 80.280282661336102, 13.0338205150601 ], [ 80.2799560842044, 13.0320351374342 ], [ 80.279730765171607, 13.0306294647814 ], [ 80.279625524841094, 13.0288577118489 ], [ 80.279510700384904, 13.0277865430616 ], [ 80.279336286184204, 13.0258294785682 ], [ 80.279221369201494, 13.0250791620585 ], [ 80.279106590559394, 13.0241210212341 ], [ 80.278895077734106, 13.022819223603699 ], [ 80.278720287139393, 13.0219604528577 ], [ 80.278384527428898, 13.020084689727501 ], [ 80.278233002301704, 13.0187558990709 ], [ 80.278131895119898, 13.0179784955864 ], [ 80.278063357256997, 13.016396546434001 ], [ 80.278049606744901, 13.0162158246217 ], [ 80.2780358211986, 13.0161569913655 ], [ 80.278022035652199, 13.016098248244401 ], [ 80.277464899614699, 13.014715012070999 ], [ 80.276857158782306, 13.0131419835947 ], [ 80.276746501610603, 13.0130379685643 ], [ 80.276617504434199, 13.012952098211899 ], [ 80.276428533034306, 13.012893236173101 ], [ 80.276313356438493, 13.012884128362799 ], [ 80.276216552186895, 13.012920262893701 ], [ 80.276147324417806, 13.0129835099071 ], [ 80.276101237250501, 13.013028692712099 ], [ 80.275930887926506, 13.012626417278501 ], [ 80.275981626570399, 13.012599244359601 ], [ 80.276041545996506, 13.0125450700614 ], [ 80.276359717592001, 13.0120932372581 ], [ 80.276382810583002, 13.0120028214097 ], [ 80.2764151571197, 13.0119215343802 ], [ 80.276438223161307, 13.011817533717 ], [ 80.2765398720273, 13.011198410102001 ], [ 80.276535278941196, 13.0111171018028 ], [ 80.275694516920794, 13.011200334781201 ], [ 80.275032824170594, 13.0112360441851 ], [ 80.273780889769895, 13.011414295292401 ], [ 80.272850453426202, 13.011733608622899 ], [ 80.271947040202804, 13.012160300566499 ], [ 80.271043952169606, 13.0124743185642 ], [ 80.270233860429499, 13.012772498580199 ], [ 80.269603194590999, 13.0129140556495 ], [ 80.269019106399995, 13.012854159935999 ], [ 80.268018431682506, 13.012616414956 ], [ 80.2672809911911, 13.0123782592567 ], [ 80.266193544607006, 13.012165939793199 ], [ 80.265215481383606, 13.012063606581799 ], [ 80.263774014136004, 13.0120762591804 ], [ 80.262849951339206, 13.0120843666109 ], [ 80.261839009776295, 13.011888341417601 ], [ 80.260828070010106, 13.0116923125684 ], [ 80.260171922560204, 13.011701173601899 ], [ 80.259723114362799, 13.0118554880474 ], [ 80.259267662225596, 13.0123751661308 ], [ 80.259222462593797, 13.012346801096699 ], [ 80.258416443815193, 13.0118409580269 ], [ 80.2576512588562, 13.011540973874 ], [ 80.256659295101997, 13.0115540886316 ], [ 80.255878830698293, 13.011964358581899 ], [ 80.254589877623005, 13.012635258148 ], [ 80.253385471287302, 13.0134555425964 ], [ 80.251366116020804, 13.015197720241099 ], [ 80.250066264584405, 13.016344661702099 ], [ 80.249305711339005, 13.0176997580453 ], [ 80.247539068331605, 13.020137785856599 ], [ 80.247218386843201, 13.0217433419252 ], [ 80.247201556007994, 13.021812899609399 ], [ 80.247179092736005, 13.0218811479536 ], [ 80.247151182978399, 13.021947434049 ], [ 80.247119260446496, 13.0220126462393 ], [ 80.246939635118906, 13.022320058776501 ], [ 80.246909192112199, 13.0223729207448 ], [ 80.246873599962399, 13.022422732586801 ], [ 80.246834673266207, 13.022470085947599 ], [ 80.246792224275694, 13.022514467079301 ], [ 80.245728740251906, 13.02357085277 ], [ 80.245726101001594, 13.023573460890701 ], [ 80.245723415937206, 13.023576094392499 ], [ 80.245720718296397, 13.0235787173918 ], [ 80.245718720443193, 13.0235815670699 ], [ 80.243995539725901, 13.025236493748499 ], [ 80.243995560387106, 13.025281689197801 ], [ 80.243959618792601, 13.0253157818247 ], [ 80.242747581268503, 13.026465521717601 ], [ 80.241492355440599, 13.026726410253101 ], [ 80.240398264916706, 13.026436049420299 ], [ 80.239351579388696, 13.0260075598922 ], [ 80.238943428940999, 13.0265319326148 ], [ 80.239900475180093, 13.0284331771238 ], [ 80.239847790785305, 13.029636608391799 ], [ 80.240501258560599, 13.031277346428499 ], [ 80.241221963438406, 13.030878420192501 ], [ 80.241958443630807, 13.030520229620199 ], [ 80.242887712164702, 13.030132688323 ], [ 80.243654203274104, 13.0300143903965 ], [ 80.243689049822294, 13.030439912243599 ], [ 80.243797946295999, 13.0311317923949 ], [ 80.243895861763605, 13.031869473109101 ], [ 80.243876473424905, 13.032474121279201 ], [ 80.243762763777895, 13.032857678612899 ], [ 80.243384805706896, 13.0333837941764 ], [ 80.243864179081896, 13.033803191028101 ], [ 80.2455113111222, 13.0350354671027 ], [ 80.245538104273905, 13.035055511945 ], [ 80.245485845680506, 13.0351809339495 ], [ 80.245461852577606, 13.035450879148801 ], [ 80.245516859117402, 13.035703195597 ], [ 80.245659937385994, 13.0360918168767 ], [ 80.245669233152498, 13.036114429364501 ], [ 80.245676582269894, 13.036136731167099 ], [ 80.245683339397402, 13.0361592106259 ], [ 80.245687636937802, 13.036182195927401 ], [ 80.246750589159006, 13.040301469826501 ], [ 80.256105051639693, 13.040474360734599 ], [ 80.256178924597094, 13.0404745707703 ], [ 80.2562679772861, 13.0404748236882 ], [ 80.256826196691904, 13.0403699239847 ], [ 80.257048827067095, 13.0403705567174 ], [ 80.257592283559504, 13.040342184387701 ], [ 80.258244534117594, 13.0403070217727 ], [ 80.258768222283805, 13.0403085095263 ], [ 80.259139062104495, 13.040346581136401 ], [ 80.259455093913004, 13.0405234346849 ], [ 80.2605664464634, 13.040768977569501 ], [ 80.261173962716995, 13.040912178790499 ], [ 80.261791598492195, 13.041054902098599 ], [ 80.262537337620302, 13.0411954540872 ], [ 80.262749805354701, 13.0412335815702 ], [ 80.262952577572193, 13.0412661046139 ], [ 80.263031510739594, 13.041266328651201 ], [ 80.263832050693196, 13.0411991340761 ], [ 80.263950405528504, 13.041236994639 ], [ 80.264078924801296, 13.041237359574801 ], [ 80.264523270168397, 13.041590028225301 ], [ 80.265205532541799, 13.0414185462056 ], [ 80.265679720841007, 13.0413458610092 ], [ 80.265768811259306, 13.041313661779901 ], [ 80.267083714866502, 13.0410004749815 ], [ 80.267538084533797, 13.0410017666981 ], [ 80.267799241854902, 13.041807241646801 ], [ 80.267853211738895, 13.041953433506601 ], [ 80.267922287692599, 13.042161531999101 ], [ 80.267936671517006, 13.042409534156199 ], [ 80.267951401192704, 13.042795461721401 ], [ 80.267935972627697, 13.043008391151201 ], [ 80.267891126033803, 13.043283099940799 ], [ 80.267796982592003, 13.043743258774001 ], [ 80.267747190772397, 13.0439190737324 ], [ 80.267677706983505, 13.0440598437525 ], [ 80.267657809299905, 13.0442012621677 ], [ 80.267569100665696, 13.044339441628001 ], [ 80.267113445509096, 13.0450069831106 ], [ 80.266514308740497, 13.045921062585 ], [ 80.266450393607997, 13.046059820419501 ], [ 80.266311428725103, 13.046338825322399 ], [ 80.266251812929596, 13.046695638298401 ], [ 80.266196800101596, 13.047009870660499 ], [ 80.266132769984793, 13.047321542009399 ], [ 80.2660975991448, 13.047467480324 ], [ 80.266018502484101, 13.047608222945501 ], [ 80.265884518759407, 13.0479546831459 ], [ 80.265795258559507, 13.048132414251301 ], [ 80.265760565623296, 13.048377741302399 ], [ 80.265670446634005, 13.049291239488801 ], [ 80.2671779274785, 13.049226054614 ], [ 80.267805425857304, 13.049155833418901 ], [ 80.268383793576604, 13.049053525997399 ], [ 80.269120117462194, 13.048949132251 ], [ 80.269579546441193, 13.048950438803001 ], [ 80.270266199779797, 13.048917908893801 ], [ 80.270355252468804, 13.048918161803099 ], [ 80.270790437714894, 13.0488823825736 ], [ 80.271269637714994, 13.0488512913509 ], [ 80.272020676903296, 13.0487864914125 ], [ 80.272312122720805, 13.048710751589701 ], [ 80.272425968013394, 13.048711075383901 ], [ 80.272791871591494, 13.0486426454125 ], [ 80.272811275201704, 13.048925142624601 ], [ 80.272859625225195, 13.0496260617863 ], [ 80.273190988580694, 13.0495970866883 ], [ 80.274653438676694, 13.0494552049219 ], [ 80.274654381009498, 13.0486479390112 ], [ 80.274610302475097, 13.0482639563474 ], [ 80.276206912365595, 13.048058056920301 ], [ 80.277140651814605, 13.047882726222101 ], [ 80.277753476213206, 13.047812463514701 ], [ 80.280778201691206, 13.0474027211538 ], [ 80.282551667403197, 13.047092395849599 ] ] ] } },
{ "type": "Feature", "properties": { "ac_no": 26, "ac_name": "Velachery", "district": "Chennai", "male": 104904.0, "female": 112220.0, "third_gender": 47.0, "electors_total": 217171.0, "source": "OpenCity CKAN — TN SIR voter rolls 2026 (AC electors 06.04.2026) + Chennai AC map 2021", "metric": "registered_electors_18plus_not_total_population", "note": "SIR electors at assembly constituency level. Not GCC ward households; not total population (excludes under-18). Includes ACs on the OpenCity Chennai AC map (Chennai district + some adjoining ACs). Boundaries are 2021." }, "geometry": { "type": "Polygon", "coordinates": [ [ [ 80.271947040202804, 13.012160300566499 ], [ 80.272850453426202, 13.011733608622899 ], [ 80.273780889769895, 13.011414295292401 ], [ 80.275032824170594, 13.0112360441851 ], [ 80.275694516920794, 13.011200334781201 ], [ 80.276535278941196, 13.0111171018028 ], [ 80.276461717699206, 13.010764539424301 ], [ 80.276420299974802, 13.0106018026048 ], [ 80.275858504375805, 13.0093180203085 ], [ 80.275568635101706, 13.008246703162101 ], [ 80.275172692758701, 13.0070489071393 ], [ 80.274763062785794, 13.0057425708439 ], [ 80.274500707112097, 13.004942501597 ], [ 80.2738102889342, 13.0027502104116 ], [ 80.2737888766911, 13.0026882500791 ], [ 80.273320890360694, 13.0013340196403 ], [ 80.273310304613304, 13.0013033889763 ], [ 80.273223613595206, 13.0010296725995 ], [ 80.272726585629897, 12.9991543542075 ], [ 80.272419129139095, 12.998011090034501 ], [ 80.272091354553197, 12.9969988988711 ], [ 80.271899907396502, 12.995281607095899 ], [ 80.271828550620199, 12.9947020648868 ], [ 80.271815200756706, 12.9945936384376 ], [ 80.271794743422802, 12.9944274869267 ], [ 80.271498081088396, 12.993252579345899 ], [ 80.270755477978994, 12.9902881916785 ], [ 80.270408822602505, 12.9886342476411 ], [ 80.269997579255303, 12.9866097383515 ], [ 80.269466352427202, 12.984309601890301 ], [ 80.268866889570106, 12.9813406186748 ], [ 80.268794260779401, 12.9806672570493 ], [ 80.268787731823906, 12.980613026762001 ], [ 80.268685885328495, 12.9799713153859 ], [ 80.268442576633802, 12.9790223492703 ], [ 80.268213405625104, 12.977323147955 ], [ 80.267855804276806, 12.9752398558864 ], [ 80.2678284981871, 12.975088805732801 ], [ 80.267826904575799, 12.975088838121801 ], [ 80.2678253100662, 12.975088869635499 ], [ 80.267772077698993, 12.9750899358475 ], [ 80.264882310617693, 12.975145427885501 ], [ 80.2635742234269, 12.975144990196 ], [ 80.261593184900505, 12.9757755608531 ], [ 80.260037992734595, 12.976019172867399 ], [ 80.2570956697176, 12.9763796156867 ], [ 80.253017168309, 12.9766667200574 ], [ 80.252979955598306, 12.980327884255599 ], [ 80.249870112052207, 12.981361888980601 ], [ 80.247704467938306, 12.982172575228599 ], [ 80.247643272006201, 12.982195483250999 ], [ 80.246867584843201, 12.9824858468477 ], [ 80.243351299445095, 12.9839182436444 ], [ 80.243503444409797, 12.981906718589199 ], [ 80.2435063459682, 12.981883826296601 ], [ 80.243594570410593, 12.980485533193599 ], [ 80.243655586679594, 12.979895192134601 ], [ 80.242839271411299, 12.9794169619509 ], [ 80.241926106077202, 12.9788800743324 ], [ 80.240759366101301, 12.9782620958413 ], [ 80.239071437072397, 12.9772875912403 ], [ 80.237263131100406, 12.9767442273873 ], [ 80.237204951711007, 12.9767267453031 ], [ 80.236088520984296, 12.9763912704259 ], [ 80.233875343415505, 12.975530274877899 ], [ 80.232342011751996, 12.974695676955999 ], [ 80.231791145056803, 12.974395835256299 ], [ 80.231341075624798, 12.974150857805601 ], [ 80.230808691766498, 12.973861070980799 ], [ 80.228807096193194, 12.972556859767099 ], [ 80.228326781383799, 12.9716036503441 ], [ 80.225836121410197, 12.96914888884 ], [ 80.224006359177693, 12.9674112693934 ], [ 80.222444721599601, 12.965846677900901 ], [ 80.222437553941901, 12.9658505927425 ], [ 80.221213438568896, 12.9650840275827 ], [ 80.219503124421294, 12.966057496237299 ], [ 80.219019758034904, 12.966332615027 ], [ 80.217920160838304, 12.9669584606866 ], [ 80.2162522525621, 12.967384933668299 ], [ 80.212617817144604, 12.9715760588759 ], [ 80.208886358286506, 12.975663265730701 ], [ 80.209099605758496, 12.976951239120901 ], [ 80.207491428262202, 12.977282676029001 ], [ 80.207650996904405, 12.9802792255672 ], [ 80.206462165559103, 12.980569591402499 ], [ 80.205699319813107, 12.982929682062601 ], [ 80.204155418571901, 12.9830486011871 ], [ 80.204465502635003, 12.9859024373956 ], [ 80.204532371428101, 12.986894711712299 ], [ 80.204639104758499, 12.9876630005684 ], [ 80.2049397879521, 12.9888198301236 ], [ 80.205753030982194, 12.990970577198301 ], [ 80.206700939558203, 12.9941517471238 ], [ 80.207376223818599, 12.996596418006201 ], [ 80.207824216345699, 12.9975271151198 ], [ 80.208046294257002, 12.9983947418393 ], [ 80.208120528337105, 12.9989009073027 ], [ 80.208351337872898, 12.999257771106899 ], [ 80.208522611563296, 13.000016965070399 ], [ 80.208824779672099, 13.000612318352101 ], [ 80.2089342339995, 13.0009539286751 ], [ 80.209043687428704, 13.001295540278299 ], [ 80.209344079568197, 13.0025667714057 ], [ 80.209869816791496, 13.0048092725914 ], [ 80.209872382379999, 13.004820184639 ], [ 80.214797058158595, 13.004163658734999 ], [ 80.219961894935196, 13.002902387737601 ], [ 80.220082806375899, 13.002872860997 ], [ 80.219157594633799, 13.0012696230303 ], [ 80.219104763813604, 13.001178074991 ], [ 80.218717444399104, 13.0007443023247 ], [ 80.218413017925698, 13.0001749411243 ], [ 80.217477013823896, 12.9988600563878 ], [ 80.217167985281307, 12.998001399604201 ], [ 80.217001743953105, 12.9970432880628 ], [ 80.217517316739105, 12.9952624238416 ], [ 80.217922660849794, 12.9945527290434 ], [ 80.218954480158203, 12.9927265387944 ], [ 80.220788104248101, 12.9906153453418 ], [ 80.221332073678496, 12.9898408674244 ], [ 80.221350145985397, 12.989815136300599 ], [ 80.223257572964201, 12.988110636861901 ], [ 80.224976006983596, 12.986496601671 ], [ 80.226187945692899, 12.985822758573301 ], [ 80.2268559203618, 12.985239498592 ], [ 80.227694642308293, 12.985013254568599 ], [ 80.228920562396695, 12.9849902041248 ], [ 80.229510452806196, 12.9849312207841 ], [ 80.231482827979903, 12.984559983344599 ], [ 80.233040575852897, 12.984482577366 ], [ 80.2354922965539, 12.984427410415201 ], [ 80.236061894919303, 12.9842950509996 ], [ 80.236174340636694, 12.9842689218939 ], [ 80.236200840937599, 12.984377232052299 ], [ 80.236359001919794, 12.9850236694154 ], [ 80.236714208359501, 12.985891317060499 ], [ 80.237267503200897, 12.986456037577399 ], [ 80.237696225068504, 12.986740543683901 ], [ 80.238060473051604, 12.9871155216814 ], [ 80.238369388406497, 12.9875809554041 ], [ 80.238475702223695, 12.988191054606901 ], [ 80.238407262277207, 12.9898859170171 ], [ 80.238347611447395, 12.9905774280275 ], [ 80.238430723577494, 12.991011278855799 ], [ 80.238587584697399, 12.991323040778299 ], [ 80.238933403742394, 12.991711633599699 ], [ 80.239306749862706, 12.991892285730501 ], [ 80.239762997907306, 12.991905646616299 ], [ 80.240117898021595, 12.9918331587255 ], [ 80.240454300027494, 12.9917426829752 ], [ 80.240961229223799, 12.991697281840301 ], [ 80.241463566232397, 12.991665469179299 ], [ 80.241892157844305, 12.9916517073836 ], [ 80.242394549650101, 12.9916514920547 ], [ 80.2426849534219, 12.991710128048 ], [ 80.243012226747894, 12.991890757421601 ], [ 80.243703926821695, 12.992685941580801 ], [ 80.243957601176504, 12.993119682812299 ], [ 80.244252759731097, 12.9936709735858 ], [ 80.244280394604104, 12.993974950638799 ], [ 80.244224887702799, 12.994039096176 ], [ 80.244157825771794, 12.9941165937103 ], [ 80.243948378173499, 12.9943586375664 ], [ 80.243709393070205, 12.994978127943 ], [ 80.243663757755499, 12.995384972215 ], [ 80.243664437780097, 12.995990644206501 ], [ 80.243803771870603, 12.9969306428036 ], [ 80.244178386412102, 12.998051185706601 ], [ 80.244103394153797, 12.9989959372306 ], [ 80.244083256620101, 12.9995338325979 ], [ 80.244060739449196, 13.000003932855501 ], [ 80.243176103710198, 13.000573136896101 ], [ 80.243167418798095, 13.000884933201201 ], [ 80.242944588996906, 13.001615689403801 ], [ 80.243013485287605, 13.002590570334799 ], [ 80.243077104874303, 13.0034910495893 ], [ 80.243082360018704, 13.0035654308052 ], [ 80.243017875354397, 13.003660369668401 ], [ 80.242987142191893, 13.003662676027499 ], [ 80.242169835183503, 13.0037240076669 ], [ 80.242175840421098, 13.003744637102301 ], [ 80.2428750980215, 13.006146928332701 ], [ 80.242880024382501, 13.006164581649401 ], [ 80.242884586925797, 13.006182333870401 ], [ 80.242888782058202, 13.0062001718664 ], [ 80.242894575293406, 13.006218515767101 ], [ 80.242983383640706, 13.0066228225897 ], [ 80.244014771757804, 13.0066938645948 ], [ 80.247293910904006, 13.0067282109804 ], [ 80.248793492862305, 13.0067343256011 ], [ 80.250049960162002, 13.006926281375501 ], [ 80.251630096746794, 13.0069245107101 ], [ 80.254395390567396, 13.0066009934009 ], [ 80.256571606953798, 13.006800129973399 ], [ 80.257173072155695, 13.0067745038893 ], [ 80.257478705066504, 13.006763222564601 ], [ 80.2582511978203, 13.007626594712001 ], [ 80.258339052156799, 13.0078546246716 ], [ 80.258426905595002, 13.008082654421599 ], [ 80.2589330559519, 13.0103149072688 ], [ 80.259220771964394, 13.0119111714264 ], [ 80.259222462593797, 13.012346801096699 ], [ 80.259267662225596, 13.0123751661308 ], [ 80.259723114362799, 13.0118554880474 ], [ 80.260171922560204, 13.011701173601899 ], [ 80.260828070010106, 13.0116923125684 ], [ 80.261839009776295, 13.011888341417601 ], [ 80.262849951339206, 13.0120843666109 ], [ 80.263774014136004, 13.0120762591804 ], [ 80.265215481383606, 13.012063606581799 ], [ 80.266193544607006, 13.012165939793199 ], [ 80.2672809911911, 13.0123782592567 ], [ 80.268018431682506, 13.012616414956 ], [ 80.269019106399995, 13.012854159935999 ], [ 80.269603194590999, 13.0129140556495 ], [ 80.270233860429499, 13.012772498580199 ], [ 80.271043952169606, 13.0124743185642 ], [ 80.271947040202804, 13.012160300566499 ] ] ] } },
{ "type": "Feature", "properties": { "ac_no": 27, "ac_name": "Shozhinganallur", "district": "Chengalpattu", "male": 270668.0, "female": 283121.0, "third_gender": 116.0, "electors_total": 553905.0, "source": "OpenCity CKAN — TN SIR voter rolls 2026 (AC electors 06.04.2026) + Chennai AC map 2021", "metric": "registered_electors_18plus_not_total_population", "note": "SIR electors at assembly constituency level. Not GCC ward households; not total population (excludes under-18). Includes ACs on the OpenCity Chennai AC map (Chennai district + some adjoining ACs). Boundaries are 2021." }, "geometry": { "type": "Polygon", "coordinates": [ [ [ 80.261593184900505, 12.9757755608531 ], [ 80.2635742234269, 12.975144990196 ], [ 80.264882310617693, 12.975145427885501 ], [ 80.267772077698993, 12.9750899358475 ], [ 80.2678253100662, 12.975088869635499 ], [ 80.267826904575799, 12.975088838121801 ], [ 80.267108082566907, 12.9727679674229 ], [ 80.266728669225202, 12.971000054872 ], [ 80.266407863769203, 12.969630010952899 ], [ 80.266156108215895, 12.968210233073 ], [ 80.266098451646002, 12.967788331995299 ], [ 80.266084589742903, 12.967686897047599 ], [ 80.266076904655606, 12.9676306618771 ], [ 80.265964532600094, 12.9668084349845 ], [ 80.265691987336197, 12.9651037042737 ], [ 80.265417978716599, 12.9632270642702 ], [ 80.265046308852604, 12.961264526274499 ], [ 80.264711787020602, 12.959912508194 ], [ 80.264388668402802, 12.9588226761485 ], [ 80.264176683063795, 12.9580444276201 ], [ 80.264174368105301, 12.958035932357401 ], [ 80.264163435608296, 12.9579743171816 ], [ 80.264158976371206, 12.957949183312101 ], [ 80.263888703844898, 12.956426009181 ], [ 80.263575613120693, 12.9548658327029 ], [ 80.263202618241607, 12.9538936229632 ], [ 80.262631054362302, 12.9517954121306 ], [ 80.262474062088302, 12.950673760805101 ], [ 80.262064247960794, 12.9485753801534 ], [ 80.261892904201801, 12.9468069105952 ], [ 80.261719423350698, 12.9459295410163 ], [ 80.261496384242093, 12.945206038277201 ], [ 80.261155029823996, 12.944147816180299 ], [ 80.261049349319094, 12.943084924095301 ], [ 80.260949593203406, 12.9421757653265 ], [ 80.260940061179895, 12.942139514577301 ], [ 80.260808288209205, 12.9416383640188 ], [ 80.260794661664605, 12.941586544227199 ], [ 80.260477488097393, 12.9403802858024 ], [ 80.2602740187872, 12.9386433359115 ], [ 80.259620233008306, 12.9355271071286 ], [ 80.259395148435701, 12.9345501668118 ], [ 80.259229723676199, 12.933527834562501 ], [ 80.259211598368694, 12.932424011754801 ], [ 80.259173579869199, 12.931718318424201 ], [ 80.258879979891702, 12.9297053254151 ], [ 80.258722430662203, 12.9285110867787 ], [ 80.258695685121296, 12.9274794743854 ], [ 80.258615792553101, 12.9267421448658 ], [ 80.258410857192402, 12.925977665808899 ], [ 80.257970854281396, 12.924150323725399 ], [ 80.257814928307695, 12.923159568915599 ], [ 80.257692167235902, 12.922259290192301 ], [ 80.257667371937401, 12.921481025606701 ], [ 80.257549261443899, 12.918874811413801 ], [ 80.2575405900064, 12.9177933001545 ], [ 80.257365367321995, 12.916698512105 ], [ 80.256814868936203, 12.913205729888301 ], [ 80.256725714737499, 12.912468160344799 ], [ 80.256456999889906, 12.9106764511448 ], [ 80.256310196307794, 12.9090926798052 ], [ 80.256083273782295, 12.9071814719013 ], [ 80.256045008246105, 12.906859178695701 ], [ 80.256038363407896, 12.906803215261 ], [ 80.255903501130902, 12.905667278203399 ], [ 80.255733282961003, 12.9040427102402 ], [ 80.255231234311694, 12.900829985042099 ], [ 80.254933636831097, 12.8988977369994 ], [ 80.254329408411394, 12.8956261908214 ], [ 80.253998404382003, 12.8935535290851 ], [ 80.253506804037798, 12.890494395077001 ], [ 80.252895422333495, 12.8868965548593 ], [ 80.252419935968803, 12.8835213571965 ], [ 80.252277579047401, 12.8825108484222 ], [ 80.252250116650799, 12.8823288691723 ], [ 80.252242477377607, 12.882278194763799 ], [ 80.252155407270394, 12.8817006991389 ], [ 80.251676098574194, 12.8778668066688 ], [ 80.251681487567595, 12.8768208897151 ], [ 80.251676551325104, 12.8767300263341 ], [ 80.251643781681807, 12.876126944962801 ], [ 80.251605473924798, 12.8754219063081 ], [ 80.251524837551699, 12.874593428687399 ], [ 80.251272739740202, 12.8731405260003 ], [ 80.251044976391498, 12.871841428397101 ], [ 80.250847545556695, 12.8697136052504 ], [ 80.250473378376199, 12.866888796014701 ], [ 80.250315513838103, 12.865661946252599 ], [ 80.249991769094507, 12.8627733473846 ], [ 80.249602812949604, 12.8598306041229 ], [ 80.249499601015003, 12.8590745138924 ], [ 80.249350152792701, 12.8571725860835 ], [ 80.249122156780402, 12.8566973289293 ], [ 80.247674310595897, 12.856909109014101 ], [ 80.247279964559198, 12.8569691280086 ], [ 80.243741734217096, 12.857387964395899 ], [ 80.242326151026106, 12.857385914167301 ], [ 80.240653473593994, 12.8575903781884 ], [ 80.239587865952799, 12.8578671280181 ], [ 80.237655494555298, 12.8582301033488 ], [ 80.236382127250096, 12.858344575056099 ], [ 80.236203602358799, 12.858118636422301 ], [ 80.2361855839508, 12.8580962153409 ], [ 80.233757362279306, 12.853477849401401 ], [ 80.233540593411405, 12.853115826208199 ], [ 80.233398017301099, 12.8529625065662 ], [ 80.233070968553903, 12.852388198823901 ], [ 80.232936368585001, 12.852239033579 ], [ 80.232871957582503, 12.852210076679601 ], [ 80.232669222195895, 12.8521515322875 ], [ 80.230656388698307, 12.852230431375499 ], [ 80.228293394597998, 12.8522283162949 ], [ 80.227359438655, 12.852200568887699 ], [ 80.225644737135596, 12.852149628276401 ], [ 80.222521895865597, 12.8523199557594 ], [ 80.220016301400406, 12.8525077169777 ], [ 80.219584874705404, 12.8540493179243 ], [ 80.217756694406106, 12.854552765142399 ], [ 80.217407641426007, 12.8555745302302 ], [ 80.217200941774095, 12.856157757674101 ], [ 80.216579353411603, 12.856420491982 ], [ 80.215851830320901, 12.8566968849016 ], [ 80.215594389330093, 12.857212366329099 ], [ 80.215424399332306, 12.857659969414 ], [ 80.214781190317495, 12.858399578067999 ], [ 80.213878421186195, 12.8594376451183 ], [ 80.212880226717203, 12.8608532261346 ], [ 80.212021256744194, 12.863339822992501 ], [ 80.211116722423398, 12.866359777692701 ], [ 80.210142952248702, 12.8692668092165 ], [ 80.209591474699096, 12.870895141684599 ], [ 80.208930259852806, 12.8728474867819 ], [ 80.208052519581898, 12.875071963948599 ], [ 80.207712211701093, 12.875686949000601 ], [ 80.206726258574506, 12.8755658244181 ], [ 80.205353271697604, 12.8753682136165 ], [ 80.204707773775496, 12.874776727151399 ], [ 80.204191008925207, 12.8739094226052 ], [ 80.203734954018302, 12.872763244292299 ], [ 80.203729334157899, 12.872749118636101 ], [ 80.203720016831795, 12.8727257031479 ], [ 80.202203604038402, 12.8718412173435 ], [ 80.2020883924082, 12.8716403511 ], [ 80.201866774434393, 12.871253966409499 ], [ 80.201340642850496, 12.870201361809 ], [ 80.2008186677716, 12.8686561127401 ], [ 80.200333598179398, 12.867160546397599 ], [ 80.200204143760402, 12.8666499441195 ], [ 80.199599813831099, 12.865696839271999 ], [ 80.198999484998097, 12.864079344845599 ], [ 80.198270261396502, 12.8625433176197 ], [ 80.197628559754804, 12.8609981737632 ], [ 80.197410229614903, 12.858987048263 ], [ 80.197666997767499, 12.8576807484267 ], [ 80.197896971870094, 12.8573054201304 ], [ 80.198107814552202, 12.856157255843 ], [ 80.197780492717101, 12.855854730295601 ], [ 80.197539203435198, 12.8553600384221 ], [ 80.1975359030248, 12.855353270248299 ], [ 80.197231371448595, 12.854784066886999 ], [ 80.196480136427596, 12.8543282427718 ], [ 80.195364603117895, 12.8534207749067 ], [ 80.194654570225694, 12.852671136718399 ], [ 80.193239321207997, 12.8513933099734 ], [ 80.192059570033607, 12.850757055764401 ], [ 80.191221492179196, 12.8510379828761 ], [ 80.191051575843204, 12.8516211534196 ], [ 80.191098711344495, 12.8528414016653 ], [ 80.190769218281403, 12.8552958195864 ], [ 80.190534991554202, 12.8560869469236 ], [ 80.189453560987602, 12.8572900718738 ], [ 80.188882809185301, 12.857787706103 ], [ 80.188473207060198, 12.8582038515767 ], [ 80.187851502814993, 12.858380634767199 ], [ 80.187036315830596, 12.8585394992161 ], [ 80.186470134656503, 12.8590054870652 ], [ 80.186520863418906, 12.859073238748101 ], [ 80.186263166408295, 12.859376265744499 ], [ 80.186093180003695, 12.8599006807869 ], [ 80.185536615294694, 12.8608457373423 ], [ 80.185109178916207, 12.861971471707999 ], [ 80.184483258877407, 12.862622808967499 ], [ 80.183774017401007, 12.862799652101 ], [ 80.182982009645897, 12.863157346400801 ], [ 80.181950412221397, 12.863451954937201 ], [ 80.181093808410907, 12.8636876649879 ], [ 80.180043861100003, 12.8640817120476 ], [ 80.179560387814107, 12.8643306762491 ], [ 80.179035577652101, 12.864728820884601 ], [ 80.178625782389204, 12.864950605941999 ], [ 80.177866178662995, 12.865520678648799 ], [ 80.177640801239704, 12.865936662418999 ], [ 80.177083829593897, 12.866447817878001 ], [ 80.176310463677595, 12.867099248606999 ], [ 80.176075962065894, 12.867632748364599 ], [ 80.176115816721804, 12.870501257708501 ], [ 80.175413359322505, 12.870775350298199 ], [ 80.174609609688304, 12.8710889649164 ], [ 80.173522494582599, 12.871527535358201 ], [ 80.172610461125799, 12.871884697897 ], [ 80.172412402368593, 12.871966033222 ], [ 80.171385133027101, 12.8724678751668 ], [ 80.169865036242697, 12.873123344919501 ], [ 80.168837863020897, 12.873643181779199 ], [ 80.169040622661996, 12.8740815673518 ], [ 80.169409258016998, 12.874895113705399 ], [ 80.170247836233003, 12.876219235995899 ], [ 80.170754551630196, 12.876327616703101 ], [ 80.171141569210803, 12.8763276123245 ], [ 80.172449862115897, 12.876327415286299 ], [ 80.175011066788798, 12.876232196741 ], [ 80.176807735984596, 12.8761370552235 ], [ 80.176232669574006, 12.877554334589 ], [ 80.174306607942995, 12.878654822328601 ], [ 80.173500631385195, 12.8796763333628 ], [ 80.172883392665298, 12.8805396719989 ], [ 80.172593245811697, 12.881063914931699 ], [ 80.172298569652398, 12.8820267062108 ], [ 80.171552587080896, 12.8844312180193 ], [ 80.171345393355594, 12.884973559563701 ], [ 80.171976514639894, 12.8851588198721 ], [ 80.173450761412198, 12.885583478071499 ], [ 80.174561037780904, 12.885863556161199 ], [ 80.1768321872283, 12.885863240912 ], [ 80.178605890095596, 12.88596243932 ], [ 80.1806835639903, 12.8861022391284 ], [ 80.181466738611206, 12.8862059849058 ], [ 80.182402115689001, 12.887331279639501 ], [ 80.183051892286798, 12.8882757213918 ], [ 80.183369896795696, 12.888876798855099 ], [ 80.183471471999795, 12.8901196465658 ], [ 80.183356588254796, 12.8919862581779 ], [ 80.183053011587603, 12.894616730028799 ], [ 80.182869077939998, 12.896745506275201 ], [ 80.182841634408106, 12.897830140965899 ], [ 80.182321089447001, 12.8981466192356 ], [ 80.181537960640199, 12.898621293420501 ], [ 80.180519906216901, 12.8992406338972 ], [ 80.179773595760295, 12.899584271995799 ], [ 80.179225415027901, 12.8997334948805 ], [ 80.176783735695096, 12.900334925731499 ], [ 80.176369108394297, 12.9005880736209 ], [ 80.176101961106895, 12.900863852167101 ], [ 80.175645984353494, 12.9014740585688 ], [ 80.175116260406895, 12.9022875745984 ], [ 80.174075339368002, 12.904136269400899 ], [ 80.173605514186207, 12.905049286341301 ], [ 80.172831718875202, 12.9066222089746 ], [ 80.172525105902395, 12.907232438977699 ], [ 80.171523607429805, 12.909225642182101 ], [ 80.170878709582297, 12.910301361608701 ], [ 80.170579354997002, 12.9108979888682 ], [ 80.170045099948098, 12.912357850579999 ], [ 80.170409211387295, 12.913306922570699 ], [ 80.170570462574005, 12.913858294570201 ], [ 80.170842380813895, 12.9145000597465 ], [ 80.171160363763207, 12.914929401584599 ], [ 80.170404955169502, 12.916063838697999 ], [ 80.170068644791698, 12.916488793794301 ], [ 80.169502011765005, 12.917080855876099 ], [ 80.169303920668398, 12.9174921606767 ], [ 80.168585345696201, 12.9187351848992 ], [ 80.168442610584094, 12.919440181198199 ], [ 80.168355173065905, 12.920312495569 ], [ 80.168424360410796, 12.9214243439787 ], [ 80.1685119497443, 12.921659338392899 ], [ 80.1686456756524, 12.922264892932001 ], [ 80.168525968852606, 12.9233902749506 ], [ 80.168482891041506, 12.9238518422307 ], [ 80.168383158281998, 12.923810666423901 ], [ 80.166318960913102, 12.9230605971476 ], [ 80.166222249187896, 12.923372480925099 ], [ 80.166176595906904, 12.923681889980701 ], [ 80.166074867090799, 12.9243713408015 ], [ 80.166107168711804, 12.9247555001122 ], [ 80.166038122402497, 12.925587070435901 ], [ 80.166038187979495, 12.9258717782954 ], [ 80.166139737132497, 12.9272005128272 ], [ 80.166250527254803, 12.9296095169385 ], [ 80.166241481219899, 12.930911146036999 ], [ 80.167011031092798, 12.9313765753948 ], [ 80.169310394826695, 12.9329265659121 ], [ 80.169338202176306, 12.9339253446536 ], [ 80.1695134203691, 12.9350868173133 ], [ 80.1695042575532, 12.935593072174999 ], [ 80.169393718060903, 12.9359184757846 ], [ 80.168182040761195, 12.9373512648442 ], [ 80.167205310637598, 12.9379298917749 ], [ 80.165211151318204, 12.939228525259299 ], [ 80.165469692745205, 12.9405780711029 ], [ 80.165801300442396, 12.941209802663201 ], [ 80.166136335212499, 12.941665568332599 ], [ 80.167469735131405, 12.942662549711001 ], [ 80.169644844793496, 12.9439615962918 ], [ 80.170543422385705, 12.9447647062133 ], [ 80.171569975769899, 12.9459424771355 ], [ 80.172604854740101, 12.9467907352493 ], [ 80.173269642186298, 12.9472148851104 ], [ 80.173782147225594, 12.947318499580501 ], [ 80.174135854377198, 12.947304782607199 ], [ 80.174615942811101, 12.9471692455982 ], [ 80.175290123940201, 12.947123765414499 ], [ 80.176082729075006, 12.947606528705601 ], [ 80.176781261734803, 12.947818488345 ], [ 80.178016588082599, 12.9480753377526 ], [ 80.179400762578098, 12.9485127645986 ], [ 80.180018347149399, 12.948363532342899 ], [ 80.180341470258796, 12.948218931254299 ], [ 80.180664591571499, 12.948074330081701 ], [ 80.181510173951807, 12.9480424129131 ], [ 80.182343708127505, 12.9481188645799 ], [ 80.183426703559306, 12.947892653339901 ], [ 80.183890837015497, 12.947874405815099 ], [ 80.184610768443704, 12.947738722036 ], [ 80.184807701611902, 12.9477205130208 ], [ 80.185085783193003, 12.947769889836501 ], [ 80.1850870237664, 12.9477701095808 ], [ 80.185260860350297, 12.9482215795625 ], [ 80.185605984099297, 12.9491606162245 ], [ 80.186217664942504, 12.950009259095699 ], [ 80.186716368265806, 12.9506592578488 ], [ 80.187461438148901, 12.951110536997501 ], [ 80.188250287427493, 12.9514444377274 ], [ 80.188841079745401, 12.9514622997873 ], [ 80.189640954945801, 12.9513536627595 ], [ 80.1909552396138, 12.951294554132099 ], [ 80.191844543897304, 12.951294231086299 ], [ 80.1925219499783, 12.9512939474362 ], [ 80.192953126941603, 12.951338990002901 ], [ 80.193513261555594, 12.951383931007699 ], [ 80.194055008554002, 12.951505705209099 ], [ 80.194518983008294, 12.9517177946018 ], [ 80.195045570936301, 12.951975029569899 ], [ 80.195618367304206, 12.9521554803176 ], [ 80.195865365379802, 12.9521237177528 ], [ 80.196297392149305, 12.951866219424399 ], [ 80.196937863997505, 12.9512336481648 ], [ 80.197118534964105, 12.9508542781552 ], [ 80.197405060708803, 12.9505515545926 ], [ 80.197699485339797, 12.950384259189301 ], [ 80.198223434017393, 12.9502802108872 ], [ 80.198592199628095, 12.950280090948199 ], [ 80.198945100092502, 12.950325052279799 ], [ 80.199056658274401, 12.950391491415401 ], [ 80.1990740550482, 12.950401851681701 ], [ 80.199726357708599, 12.9509164921589 ], [ 80.200368163554899, 12.9516434293892 ], [ 80.200799256076607, 12.952158156598699 ], [ 80.201223265382296, 12.952550927893901 ], [ 80.201717143854097, 12.952641110615801 ], [ 80.202045767347997, 12.952821670313201 ], [ 80.202293227157597, 12.9531106622072 ], [ 80.202331316623997, 12.9536841819221 ], [ 80.201675504245799, 12.954610337615399 ], [ 80.2011361476643, 12.9553195852532 ], [ 80.200960873775998, 12.955712607194 ], [ 80.200798476338903, 12.956245570281499 ], [ 80.200691024356203, 12.9567739247682 ], [ 80.200589951310306, 12.957410742731501 ], [ 80.200732107907399, 12.9577133634104 ], [ 80.200919259320401, 12.9579978236067 ], [ 80.200967639886699, 12.958273251579699 ], [ 80.200953226417994, 12.958499097090201 ], [ 80.200757963217896, 12.9588649693588 ], [ 80.200344999596993, 12.9592127668563 ], [ 80.199810309763507, 12.959528964202899 ], [ 80.198871634071907, 12.959714331163999 ], [ 80.198224430249098, 12.9597596155782 ], [ 80.197390270845901, 12.959759731135399 ], [ 80.196616099140797, 12.959683138595 ], [ 80.196062977674302, 12.9597599491183 ], [ 80.195768576399502, 12.959927057884901 ], [ 80.195633132014194, 12.960211554071201 ], [ 80.195685986190597, 12.9627717477433 ], [ 80.195835628448904, 12.9641488546517 ], [ 80.195901435433399, 12.9655891797573 ], [ 80.195954600426802, 12.966419931917899 ], [ 80.195976753780002, 12.9671920089026 ], [ 80.195904869692697, 12.9681938691547 ], [ 80.1958802432775, 12.9685370236135 ], [ 80.195880262142097, 12.9685370673837 ], [ 80.195880238785904, 12.968537395659499 ], [ 80.195907824251705, 12.968601560017699 ], [ 80.195918413592196, 12.968626192081601 ], [ 80.1959656685694, 12.968736109288701 ], [ 80.196354148607298, 12.9688399669195 ], [ 80.196652344365901, 12.969052104574599 ], [ 80.196808779684403, 12.9695217328876 ], [ 80.196863126860805, 12.9699777242508 ], [ 80.196720330663197, 12.970293729339801 ], [ 80.196342799291997, 12.9705374430172 ], [ 80.195738587042001, 12.9707632108687 ], [ 80.194626860792496, 12.970821729234901 ], [ 80.193902637213796, 12.9708082000154 ], [ 80.1928973918682, 12.9711105076462 ], [ 80.192514332264693, 12.971336186563001 ], [ 80.191991610685704, 12.971850772384901 ], [ 80.191846708837105, 12.9722886310454 ], [ 80.191722150236501, 12.9727580282734 ], [ 80.191843762363007, 12.9734983931549 ], [ 80.192368425201295, 12.9749067687903 ], [ 80.192807075249505, 12.9757103163795 ], [ 80.193032729353902, 12.9764957953969 ], [ 80.193230564430607, 12.9773579859849 ], [ 80.193236960435499, 12.977782288601 ], [ 80.193131994091104, 12.978508996800199 ], [ 80.192970073659495, 12.9792360276354 ], [ 80.192865632829594, 12.979704974942299 ], [ 80.192700765025506, 12.9804316092427 ], [ 80.192588845720906, 12.980959702283499 ], [ 80.192529478758701, 12.981519305293199 ], [ 80.192676188915996, 12.981821753088701 ], [ 80.192798063350594, 12.981936905214599 ], [ 80.192919939581799, 12.982052056411799 ], [ 80.193511818861296, 12.9822462818051 ], [ 80.1943595095875, 12.982323294571099 ], [ 80.195098219398503, 12.982279598655101 ], [ 80.195117163969499, 12.982278478202 ], [ 80.195778262933203, 12.982080089647001 ], [ 80.196283922809997, 12.9819009412442 ], [ 80.1964147777025, 12.9818545806719 ], [ 80.197261226956996, 12.981751068114701 ], [ 80.197759641022699, 12.9817647674332 ], [ 80.198200736285202, 12.981692829808599 ], [ 80.198311974666794, 12.9816746880539 ], [ 80.198864033426304, 12.9812640914277 ], [ 80.199316745701907, 12.980808342226601 ], [ 80.199701972041893, 12.980460806889999 ], [ 80.200041728356993, 12.980218249661601 ], [ 80.2001001224438, 12.980176562329801 ], [ 80.200466460806496, 12.9799779882711 ], [ 80.201128804835193, 12.9797975953381 ], [ 80.201905217836895, 12.9799919074032 ], [ 80.202351259223306, 12.980131974042999 ], [ 80.202646292013696, 12.9801320720834 ], [ 80.203141644620999, 12.980010336399401 ], [ 80.203648075252303, 12.9798434485839 ], [ 80.204424784698105, 12.9796450143172 ], [ 80.205266095589195, 12.9790537503777 ], [ 80.206229924108698, 12.978507653986799 ], [ 80.206489531835899, 12.9782954613706 ], [ 80.206496132656596, 12.978290086610899 ], [ 80.2065060716169, 12.9782819938334 ], [ 80.206766717796597, 12.978069768635899 ], [ 80.207491428262202, 12.977282676029001 ], [ 80.209099605758496, 12.976951239120901 ], [ 80.208886358286506, 12.975663265730701 ], [ 80.212617817144604, 12.9715760588759 ], [ 80.2162522525621, 12.967384933668299 ], [ 80.217920160838304, 12.9669584606866 ], [ 80.219019758034904, 12.966332615027 ], [ 80.219503124421294, 12.966057496237299 ], [ 80.221213438568896, 12.9650840275827 ], [ 80.222437553941901, 12.9658505927425 ], [ 80.222444721599601, 12.965846677900901 ], [ 80.224006359177693, 12.9674112693934 ], [ 80.225836121410197, 12.96914888884 ], [ 80.228326781383799, 12.9716036503441 ], [ 80.228807096193194, 12.972556859767099 ], [ 80.230808691766498, 12.973861070980799 ], [ 80.231341075624798, 12.974150857805601 ], [ 80.231791145056803, 12.974395835256299 ], [ 80.232342011751996, 12.974695676955999 ], [ 80.233875343415505, 12.975530274877899 ], [ 80.236088520984296, 12.9763912704259 ], [ 80.237204951711007, 12.9767267453031 ], [ 80.237263131100406, 12.9767442273873 ], [ 80.239071437072397, 12.9772875912403 ], [ 80.240759366101301, 12.9782620958413 ], [ 80.241926106077202, 12.9788800743324 ], [ 80.242839271411299, 12.9794169619509 ], [ 80.243655586679594, 12.979895192134601 ], [ 80.243594570410593, 12.980485533193599 ], [ 80.2435063459682, 12.981883826296601 ], [ 80.243503444409797, 12.981906718589199 ], [ 80.243351299445095, 12.9839182436444 ], [ 80.246867584843201, 12.9824858468477 ], [ 80.247643272006201, 12.982195483250999 ], [ 80.247704467938306, 12.982172575228599 ], [ 80.249870112052207, 12.981361888980601 ], [ 80.252979955598306, 12.980327884255599 ], [ 80.253017168309, 12.9766667200574 ], [ 80.2570956697176, 12.9763796156867 ], [ 80.260037992734595, 12.976019172867399 ], [ 80.261593184900505, 12.9757755608531 ] ] ] } },
{ "type": "Feature", "properties": { "ac_no": 29, "ac_name": "Sriperumbudur", "district": "Kancheepuram", "male": 184564.0, "female": 197123.0, "third_gender": 63.0, "electors_total": 381750.0, "source": "OpenCity CKAN — TN SIR voter rolls 2026 (AC electors 06.04.2026) + Chennai AC map 2021", "metric": "registered_electors_18plus_not_total_population", "note": "SIR electors at assembly constituency level. Not GCC ward households; not total population (excludes under-18). Includes ACs on the OpenCity Chennai AC map (Chennai district + some adjoining ACs). Boundaries are 2021." }, "geometry": { "type": "Polygon", "coordinates": [ [ [ 79.990837933639298, 13.0538060389396 ], [ 79.9915984608336, 13.0534034946084 ], [ 79.991653739562906, 13.053258869827999 ], [ 79.991454972034902, 13.0528221928934 ], [ 79.991452817874901, 13.052817458576101 ], [ 79.991452700195595, 13.0528172012953 ], [ 79.991293777442095, 13.0524680595842 ], [ 79.9910318296035, 13.051933385803 ], [ 79.990855468753693, 13.051573427368201 ], [ 79.990623233591506, 13.0517082694187 ], [ 79.990623211133595, 13.0517082834204 ], [ 79.990505136572594, 13.0517768516854 ], [ 79.989385215891105, 13.0524055507473 ], [ 79.987739941566701, 13.0533191705641 ], [ 79.987739907430793, 13.0533191880661 ], [ 79.986804223129198, 13.053803200110799 ], [ 79.986089300706894, 13.0527865822491 ], [ 79.985406654752794, 13.052022990719999 ], [ 79.984590452672194, 13.051309315748201 ], [ 79.984590416739593, 13.051309284244301 ], [ 79.984507466306198, 13.0512333194159 ], [ 79.983598908431304, 13.050401283102101 ], [ 79.9831423037555, 13.05006703768 ], [ 79.982275592999699, 13.0497781044223 ], [ 79.981703944678799, 13.049687885235199 ], [ 79.981703915034302, 13.049687881734799 ], [ 79.981701480599895, 13.049687731214799 ], [ 79.980615985156703, 13.049620489921599 ], [ 79.980103721764195, 13.0494761167114 ], [ 79.980101902675798, 13.049475603893001 ], [ 79.979463265187505, 13.0492956106999 ], [ 79.978873240030794, 13.0491601853799 ], [ 79.978785161115496, 13.047858597347799 ], [ 79.978734045179195, 13.0466971330146 ], [ 79.978643063807198, 13.0457734553602 ], [ 79.978608960165801, 13.045427130374099 ], [ 79.978522929409294, 13.0449534433726 ], [ 79.978522750644601, 13.0449524588483 ], [ 79.978373400338697, 13.044130036640199 ], [ 79.978380979424799, 13.0439783510871 ], [ 79.978380989306203, 13.043978142804701 ], [ 79.978391686444596, 13.043764022273299 ], [ 79.9783917250722, 13.0437640257739 ], [ 79.978601071160895, 13.0437859190731 ], [ 79.978601914679004, 13.043786006586799 ], [ 79.978778932197301, 13.0438045297324 ], [ 79.9787781479681, 13.043795093132401 ], [ 79.978777592809195, 13.0437884035866 ], [ 79.978723393854807, 13.0431355987836 ], [ 79.978322316741696, 13.043117737193199 ], [ 79.9782928106779, 13.042384248685501 ], [ 79.978257046949807, 13.041495187911 ], [ 79.978256979576202, 13.041061381683299 ], [ 79.978256981372795, 13.0410613388011 ], [ 79.978288961396899, 13.0403924529425 ], [ 79.978228844341501, 13.040076030423601 ], [ 79.977712511580805, 13.0397644129546 ], [ 79.977385158304799, 13.0396469413992 ], [ 79.977280322216103, 13.0396289141531 ], [ 79.9771499874482, 13.0396065023962 ], [ 79.976463186785907, 13.039642839564101 ], [ 79.975246318122302, 13.0397698511432 ], [ 79.975126124435604, 13.039788292325399 ], [ 79.974803770284097, 13.039837725223601 ], [ 79.974524051972594, 13.039402334688999 ], [ 79.974228622126802, 13.038942484586199 ], [ 79.974208728934798, 13.0389115207616 ], [ 79.974208749596102, 13.0389114953821 ], [ 79.974282582129305, 13.0388360675905 ], [ 79.974434503413505, 13.0386808650441 ], [ 79.974577384052694, 13.0384051359627 ], [ 79.975024239312702, 13.0378942491916 ], [ 79.975480526883103, 13.0375371137124 ], [ 79.975909063697898, 13.037130135588599 ], [ 79.976572561163394, 13.0364339489002 ], [ 79.977687648908699, 13.035262881099101 ], [ 79.978328103688796, 13.0345847736584 ], [ 79.978328136028196, 13.0345847369013 ], [ 79.978560861670502, 13.034305850892199 ], [ 79.978931756288404, 13.0338613987208 ], [ 79.9795260430528, 13.0331289478596 ], [ 79.979526063714005, 13.0331289259803 ], [ 79.980208125763198, 13.032504971261201 ], [ 79.980770362434896, 13.0322335919334 ], [ 79.981097595336706, 13.032106942310801 ], [ 79.981913327598406, 13.031699850235899 ], [ 79.982311931649605, 13.031545740689999 ], [ 79.982315806083406, 13.031544242381599 ], [ 79.982802755849406, 13.0313559726841 ], [ 79.983964212833101, 13.03092166033 ], [ 79.984411270214096, 13.030672959640601 ], [ 79.985125685088093, 13.030482819012599 ], [ 79.986517748588398, 13.030414488145899 ], [ 79.986517785419295, 13.0304144863955 ], [ 79.987376305336397, 13.0303414566451 ], [ 79.9874257944237, 13.0303372470082 ], [ 79.9876379333746, 13.0304908470742 ], [ 79.988458825559405, 13.031421515840799 ], [ 79.989072212303398, 13.0322211784126 ], [ 79.989365028950004, 13.032618234858401 ], [ 79.989708688445106, 13.033084215934901 ], [ 79.989938473901503, 13.0334017676167 ], [ 79.990303731590998, 13.0339065085793 ], [ 79.9906027555962, 13.0342695908307 ], [ 79.990958687874794, 13.0347017067627 ], [ 79.991401433342304, 13.035642937824299 ], [ 79.991743017729107, 13.036369031062099 ], [ 79.992463572588207, 13.0395866959639 ], [ 79.9924635815713, 13.0395867318451 ], [ 79.992756458405097, 13.040409209416801 ], [ 79.993303585413699, 13.0419456421055 ], [ 79.994254838417504, 13.0455608179794 ], [ 79.994254847400697, 13.045560852109499 ], [ 79.994555079639994, 13.0467448807888 ], [ 79.994555110182702, 13.0467448764132 ], [ 79.995430662157503, 13.046102630841 ], [ 79.996873145399704, 13.045284004403101 ], [ 79.998140696113396, 13.0450800557897 ], [ 79.998140735639296, 13.045080052289199 ], [ 79.998614783801202, 13.0450617734011 ], [ 80.006170558571696, 13.042491249624399 ], [ 80.011287391176197, 13.0424981746184 ], [ 80.0113547684157, 13.042492047753401 ], [ 80.0114494068292, 13.042483443362901 ], [ 80.013214396936505, 13.0423228137238 ], [ 80.013338904333196, 13.0422928917414 ], [ 80.013477184699894, 13.0422596590923 ], [ 80.0143854757752, 13.0418985077554 ], [ 80.016473918673597, 13.041447476754399 ], [ 80.018516216912502, 13.0410732530449 ], [ 80.018516257336699, 13.0410732512946 ], [ 80.019871430621393, 13.0411958619052 ], [ 80.022162634059299, 13.0408714170651 ], [ 80.0225576268829, 13.0407447246053 ], [ 80.023780875381803, 13.0403523483683 ], [ 80.024625274680801, 13.0393789996258 ], [ 80.024929266369597, 13.0390285822191 ], [ 80.025063730692906, 13.038811373359 ], [ 80.025192200558294, 13.038603848775599 ], [ 80.025197232022194, 13.037632148079 ], [ 80.025127461670706, 13.037431733176099 ], [ 80.024018600148594, 13.0342464723257 ], [ 80.024069511269005, 13.0337719780114 ], [ 80.024069507675804, 13.033771945630001 ], [ 80.0243876792713, 13.033212685419899 ], [ 80.024406263617905, 13.033180017789 ], [ 80.024480253356302, 13.0326376970291 ], [ 80.0242409771989, 13.0316432882481 ], [ 80.023092070578102, 13.0270398767976 ], [ 80.023076774065402, 13.0269785868102 ], [ 80.023040036563501, 13.026868367192501 ], [ 80.022785567199804, 13.0261051008801 ], [ 80.022404667146205, 13.0249625666141 ], [ 80.022373094957302, 13.0246475063185 ], [ 80.022335861585404, 13.0242755677526 ], [ 80.0224558244051, 13.023900525143601 ], [ 80.022643375568407, 13.0237283823397 ], [ 80.022820123592098, 13.023566185284 ], [ 80.0234702891605, 13.023024105156001 ], [ 80.024512175888205, 13.0226494142377 ], [ 80.025088569110494, 13.0221524896145 ], [ 80.026444363131205, 13.020661574105601 ], [ 80.026799827387407, 13.0204039472523 ], [ 80.027348074595196, 13.020006596404 ], [ 80.027878219851701, 13.0198441002115 ], [ 80.027878245902798, 13.0198440958353 ], [ 80.028652602660898, 13.019821810945 ], [ 80.029980024291604, 13.0200121558071 ], [ 80.030819375957094, 13.0201417952414 ], [ 80.032150904685295, 13.0203474430747 ], [ 80.032797536281393, 13.020350571109899 ], [ 80.033164959809, 13.0203523574333 ], [ 80.034852035438405, 13.0202580673729 ], [ 80.036110216723699, 13.020063091907 ], [ 80.037557896719804, 13.019838735978899 ], [ 80.040212305196704, 13.0193948766253 ], [ 80.0419001821233, 13.0191126100235 ], [ 80.042720672761106, 13.019040577322 ], [ 80.0430368132658, 13.0190628272737 ], [ 80.043107850241796, 13.0190678221784 ], [ 80.043518032678605, 13.019208073319399 ], [ 80.043757627738003, 13.0194702989616 ], [ 80.043960309225596, 13.019854517972499 ], [ 80.043983199197399, 13.0202929343856 ], [ 80.043840143386703, 13.0207719627766 ], [ 80.043429668099094, 13.0214452435946 ], [ 80.042571477863802, 13.023817741035799 ], [ 80.042326835170897, 13.024775812141799 ], [ 80.041998844989294, 13.0267869196273 ], [ 80.041793120907698, 13.027530981200499 ], [ 80.041772682438406, 13.027604894850599 ], [ 80.041505050959103, 13.0283821657282 ], [ 80.041497981217802, 13.028526740289401 ], [ 80.041486480087201, 13.0287618059249 ], [ 80.041808896222506, 13.0294579266734 ], [ 80.042011633405707, 13.0296975423955 ], [ 80.042011672033297, 13.029697553773 ], [ 80.0420723262812, 13.029724440381001 ], [ 80.042154505959999, 13.0297608673937 ], [ 80.042237486037806, 13.029738297209599 ], [ 80.042518693755994, 13.029661552966999 ], [ 80.042518721603798, 13.029661540714301 ], [ 80.043007417694795, 13.029381514915199 ], [ 80.043436174596707, 13.029083376767099 ], [ 80.043436196156307, 13.0290833601386 ], [ 80.0442938509957, 13.0282882042958 ], [ 80.045027005624902, 13.027628581976799 ], [ 80.045331293757798, 13.027371107651801 ], [ 80.045331311724098, 13.027371072644 ], [ 80.045515805920502, 13.0270140943956 ], [ 80.045769572801703, 13.0263226700944 ], [ 80.045898745149699, 13.0260244223643 ], [ 80.045958765187095, 13.0257442209129 ], [ 80.045871289041301, 13.0254232933839 ], [ 80.045828550793402, 13.0253109139503 ], [ 80.045627207795505, 13.024781440579099 ], [ 80.045558144418095, 13.024555438287701 ], [ 80.045558137231595, 13.024555405029901 ], [ 80.045525955086504, 13.0243158788544 ], [ 80.045549080416905, 13.0240808737642 ], [ 80.045604466944098, 13.0240024998837 ], [ 80.045715107047798, 13.0238459130866 ], [ 80.046051682428498, 13.02356581157 ], [ 80.046591117163302, 13.0231818171171 ], [ 80.047324084044703, 13.0228973431722 ], [ 80.047324123570604, 13.022897329168799 ], [ 80.047486439260894, 13.0228585153219 ], [ 80.047720563580199, 13.0228025385812 ], [ 80.0485134229381, 13.0226898026228 ], [ 80.049412269126606, 13.022649408111199 ], [ 80.050375640403601, 13.022654233152601 ], [ 80.051065042586899, 13.0226596279565 ], [ 80.051578655248903, 13.0226636679329 ], [ 80.052007361845199, 13.022686383171701 ], [ 80.0521561237546, 13.0227159023014 ], [ 80.052440623798404, 13.022772377056899 ], [ 80.052793012223106, 13.0229273944048 ], [ 80.052975242664999, 13.0230075584305 ], [ 80.053809394881597, 13.0235049635784 ], [ 80.055344059644995, 13.0244183741707 ], [ 80.056182727692601, 13.025259263889 ], [ 80.0563573808451, 13.025369240916699 ], [ 80.056491503808601, 13.025453696141099 ], [ 80.057217395558695, 13.0258287591535 ], [ 80.057357927103496, 13.025901375389999 ], [ 80.057357951358, 13.0259013867676 ], [ 80.058399583862496, 13.026281323958999 ], [ 80.059445821131206, 13.0266883803078 ], [ 80.060381382363602, 13.027285227388299 ], [ 80.060708500281095, 13.0277417541592 ], [ 80.060708525433895, 13.027741791792501 ], [ 80.06095251056, 13.028876276370699 ], [ 80.061062979983802, 13.0294412561011 ], [ 80.061007482065506, 13.030087503386 ], [ 80.061007476675599, 13.030087542769399 ], [ 80.060813639101895, 13.0309507330103 ], [ 80.060758040572395, 13.0319495493478 ], [ 80.060847764302906, 13.032385395834501 ], [ 80.060932973100904, 13.0327992702689 ], [ 80.061052760749106, 13.033011802220001 ], [ 80.061269301444995, 13.033395958214401 ], [ 80.061711684891506, 13.033893226096801 ], [ 80.062343043330998, 13.034517109928199 ], [ 80.062808545819706, 13.0347658111312 ], [ 80.063324781562301, 13.0349015296374 ], [ 80.063523045135398, 13.034918804583199 ], [ 80.063688935222302, 13.034933260611099 ], [ 80.064077157443705, 13.0348653046699 ], [ 80.064385023566302, 13.034811400417199 ], [ 80.064975120588201, 13.034590102564801 ], [ 80.065274777905799, 13.0344636309322 ], [ 80.065657396436393, 13.034404961291299 ], [ 80.066149700161603, 13.034368560341999 ], [ 80.066814434607195, 13.0343193906526 ], [ 80.067187842711206, 13.034337431413 ], [ 80.067284617318506, 13.0343420995711 ], [ 80.068395486575199, 13.034532199602401 ], [ 80.068727327834495, 13.034744700309799 ], [ 80.068820030378504, 13.034849474623501 ], [ 80.068939311376894, 13.034984289910501 ], [ 80.069538311601605, 13.036005861748899 ], [ 80.0699945066456, 13.036674869737199 ], [ 80.070165830641599, 13.036870938327001 ], [ 80.070326310175602, 13.037054594358301 ], [ 80.070439070303294, 13.037173397388001 ], [ 80.070450716960906, 13.0371856697596 ], [ 80.070450741215495, 13.0371856898883 ], [ 80.070616667235001, 13.0372942106028 ], [ 80.070824078352601, 13.0373801224003 ], [ 80.070824120573405, 13.0373801337774 ], [ 80.071014968553797, 13.0374101106139 ], [ 80.071054542037004, 13.037416326871 ], [ 80.071096746685697, 13.037378920806299 ], [ 80.071151404679199, 13.037330499101399 ], [ 80.071198604859205, 13.0372785636202 ], [ 80.071230238133595, 13.0372437733879 ], [ 80.071340424588001, 13.0371226232118 ], [ 80.071594059416896, 13.036706881410501 ], [ 80.071594071993303, 13.0367068577811 ], [ 80.071958361298897, 13.0361239353955 ], [ 80.071958388248405, 13.0361238951379 ], [ 80.072087478849696, 13.035929611292 ], [ 80.072313456347601, 13.035482233730599 ], [ 80.072765405055193, 13.034632655046 ], [ 80.072917638054903, 13.034266563615899 ], [ 80.072964571435193, 13.0341419743107 ], [ 80.073028296124804, 13.0339728422157 ], [ 80.073069857579696, 13.033656528760799 ], [ 80.073069861172996, 13.033656487627701 ], [ 80.073074430902807, 13.0335044018252 ], [ 80.073088480553906, 13.0330373328223 ], [ 80.073037852402805, 13.0325672575818 ], [ 80.073051762814998, 13.032246370402699 ], [ 80.073051767306595, 13.032246331019699 ], [ 80.073107196952805, 13.0318983373856 ], [ 80.073181014214697, 13.031487110615799 ], [ 80.073370106887097, 13.031026151827801 ], [ 80.073370120361801, 13.031026124697201 ], [ 80.073669859426005, 13.030470315260001 ], [ 80.073802971784801, 13.0302383896591 ], [ 80.074126380558397, 13.029674957327501 ], [ 80.075883480762599, 13.025779459988801 ], [ 80.077954311291506, 13.020288564412599 ], [ 80.079213340586406, 13.0170708622856 ], [ 80.079642142404197, 13.016420125227601 ], [ 80.079835750907407, 13.0162213193426 ], [ 80.0798357742636, 13.016221303588299 ], [ 80.079970682354698, 13.016145269349501 ], [ 80.080020163357105, 13.0161173817496 ], [ 80.080046135448697, 13.016123047143401 ], [ 80.080310527603103, 13.0161807145955 ], [ 80.080311301052504, 13.016182378416101 ], [ 80.080545702052902, 13.0166866293312 ], [ 80.080955562892896, 13.017568361623001 ], [ 80.081052326720297, 13.017726567185001 ], [ 80.081291930762802, 13.018051991977501 ], [ 80.081291951424006, 13.018052019109501 ], [ 80.081357758408501, 13.0181232573917 ], [ 80.081425579415793, 13.018196680220701 ], [ 80.081614557103805, 13.018359462817401 ], [ 80.081713811061206, 13.018450410235401 ], [ 80.081895658820798, 13.0186170891708 ], [ 80.082089182882498, 13.0189063572602 ], [ 80.082089194560595, 13.0189063808913 ], [ 80.082199766392307, 13.0191685385853 ], [ 80.082333332400296, 13.019710915097299 ], [ 80.082356331966494, 13.019950458853399 ], [ 80.082348484284196, 13.020195171428799 ], [ 80.082342401791394, 13.020384295948 ], [ 80.082291476297897, 13.0216181791795 ], [ 80.0822914753996, 13.021618209812001 ], [ 80.082259037234707, 13.0224904451331 ], [ 80.082286547242006, 13.0230328493814 ], [ 80.082357603082698, 13.023884320682701 ], [ 80.082378567964795, 13.024135619675899 ], [ 80.082452196580405, 13.024718655183801 ], [ 80.082565880176205, 13.0251111367223 ], [ 80.082700903251606, 13.025577461877999 ], [ 80.082878595404694, 13.0261555517421 ], [ 80.082977336424094, 13.0264768774126 ], [ 80.083295994906507, 13.0269991110371 ], [ 80.083355201070304, 13.0270961422705 ], [ 80.083548717945405, 13.0275029320961 ], [ 80.083679080561097, 13.027822656165 ], [ 80.083732987562996, 13.0279549065877 ], [ 80.0837647870258, 13.0283365743829 ], [ 80.0837744052875, 13.028452081251601 ], [ 80.083723589388498, 13.029007955607501 ], [ 80.083723582201998, 13.0290079871143 ], [ 80.083594438600102, 13.0294463733228 ], [ 80.083442251414596, 13.029844062602599 ], [ 80.083077969295502, 13.030490303585101 ], [ 80.082686014574094, 13.031199777367 ], [ 80.082649864570399, 13.031276901836501 ], [ 80.082583135016193, 13.0314192377458 ], [ 80.082508621559995, 13.0315781757387 ], [ 80.082450858090596, 13.0317013879265 ], [ 80.082450841920902, 13.0317014351861 ], [ 80.082415206651902, 13.0318483130307 ], [ 80.082340085934604, 13.0321578724226 ], [ 80.082289325731196, 13.032618895616601 ], [ 80.082349068189103, 13.033513773179701 ], [ 80.082376263786003, 13.0337833640022 ], [ 80.082399639746399, 13.034015416682401 ], [ 80.082657627811102, 13.035000781575199 ], [ 80.082814180808896, 13.0358821283554 ], [ 80.082827950185603, 13.036180421970499 ], [ 80.082431423937706, 13.0366910689851 ], [ 80.082237778603499, 13.036849215947401 ], [ 80.081638442408902, 13.0374501710319 ], [ 80.081638410967898, 13.037450210414001 ], [ 80.081269371370993, 13.0379963223115 ], [ 80.081177322800499, 13.0381325370101 ], [ 80.081177301240899, 13.0381325781425 ], [ 80.080999097946503, 13.0386229472861 ], [ 80.080863632899906, 13.0389957131954 ], [ 80.0808912093825, 13.039569762653199 ], [ 80.081066271268398, 13.0401302127022 ], [ 80.081066288336402, 13.040130255584501 ], [ 80.081245961274703, 13.0405008663574 ], [ 80.081356535801405, 13.040672606306799 ], [ 80.081356565445802, 13.0406726264352 ], [ 80.081504019408101, 13.040817250701499 ], [ 80.081504050849105, 13.0408172795814 ], [ 80.081649236565397, 13.0409280382041 ], [ 80.081794425874804, 13.0410388002777 ], [ 80.081964967438296, 13.0411246976476 ], [ 80.082126298575105, 13.0411879943426 ], [ 80.082126331812702, 13.041188003094 ], [ 80.082174557868797, 13.041195715755901 ], [ 80.082324489384604, 13.0412197122581 ], [ 80.082462567630301, 13.041201246678501 ], [ 80.082628762246102, 13.0411790591015 ], [ 80.082909978947498, 13.0410706407328 ], [ 80.083223485591702, 13.0409079859612 ], [ 80.083610732242704, 13.0407092023618 ], [ 80.084140900855402, 13.0404607224192 ], [ 80.0844351835526, 13.0403742209659 ], [ 80.084601932428896, 13.040325236251199 ], [ 80.084919974667002, 13.040320754612701 ], [ 80.0849200150912, 13.040320754612701 ], [ 80.085132009413499, 13.040329826408099 ], [ 80.085454665398899, 13.0403570024105 ], [ 80.085454698636596, 13.040357005036 ], [ 80.0858972249152, 13.040406799256999 ], [ 80.086091880854099, 13.0404530079841 ], [ 80.086183048177304, 13.0404746722875 ], [ 80.086533295018398, 13.0406012318631 ], [ 80.0865333381375, 13.040601247615699 ], [ 80.086865186583296, 13.0407550180912 ], [ 80.087043026958398, 13.0408421818977 ], [ 80.087206302947806, 13.040922258733501 ], [ 80.087370661407107, 13.040996895631499 ], [ 80.087455204553507, 13.0410353005666 ], [ 80.087547934945306, 13.0410520526216 ], [ 80.087630385016993, 13.0410669476148 ], [ 80.087925389061397, 13.041098636666 ], [ 80.088225013141297, 13.041125812583999 ], [ 80.088244618872295, 13.0411264146846 ], [ 80.088372536273795, 13.0411303545929 ], [ 80.0885891991406, 13.041107791571701 ], [ 80.088749322941695, 13.0410485144043 ], [ 80.088796651580694, 13.0410309930951 ], [ 80.088815503625298, 13.041022175993101 ], [ 80.088999515426394, 13.040936135938599 ], [ 80.089215482997105, 13.040860338577099 ], [ 80.089372909157404, 13.0408051071568 ], [ 80.089852355295903, 13.040628924172999 ], [ 80.089852383143693, 13.0406289119209 ], [ 80.090368712311104, 13.040380456401801 ], [ 80.091364483125403, 13.0397297876002 ], [ 80.091569810151597, 13.039591410406 ], [ 80.092028368663094, 13.0392824177849 ], [ 80.092493987932798, 13.0389751540819 ], [ 80.093001109368501, 13.038704054897501 ], [ 80.093369982777006, 13.038505793745299 ], [ 80.093572754994497, 13.0383968167309 ], [ 80.094121358833505, 13.0380172788278 ], [ 80.094656178922705, 13.0376512431639 ], [ 80.095121793700798, 13.0373214035667 ], [ 80.095462964862506, 13.037027655161699 ], [ 80.0955741448537, 13.036881185590399 ], [ 80.095610480808602, 13.0368333177653 ], [ 80.095659650095698, 13.0367910518403 ], [ 80.096209808918402, 13.036318163078301 ], [ 80.096209840359407, 13.0363181403241 ], [ 80.096615491693996, 13.036069640218599 ], [ 80.096956629618106, 13.035861786024 ], [ 80.097882157567099, 13.035484918740501 ], [ 80.098333537641096, 13.034007435119101 ], [ 80.0973241142311, 13.0333790979947 ], [ 80.096084042982, 13.034237660233 ], [ 80.096485251249106, 13.032737222929599 ], [ 80.093281520281096, 13.033509649363699 ], [ 80.091843488191103, 13.0324066827677 ], [ 80.091792924718703, 13.031362662566099 ], [ 80.092272526265802, 13.0297899305833 ], [ 80.093826158058107, 13.027964249270999 ], [ 80.095674728317704, 13.0264820795897 ], [ 80.096486189988596, 13.024746676596999 ], [ 80.099372045805097, 13.0212082140307 ], [ 80.096827858816994, 13.0198068586594 ], [ 80.096989294158405, 13.0188622940641 ], [ 80.097095404058095, 13.0180261920107 ], [ 80.097952995117097, 13.0156218960443 ], [ 80.098154164740194, 13.0151351389736 ], [ 80.100293233993, 13.013716694274899 ], [ 80.1028924778266, 13.0138148238882 ], [ 80.105715057212805, 13.014054409228001 ], [ 80.104776215333004, 13.0112648697287 ], [ 80.103907768133695, 13.0085170173123 ], [ 80.102122871359697, 13.006869205202101 ], [ 80.101357088122796, 13.005020787849499 ], [ 80.104516928304307, 13.005368352709199 ], [ 80.107167367125896, 13.005966081763599 ], [ 80.109053644169606, 13.0068641706647 ], [ 80.111142464360398, 13.006113011624199 ], [ 80.110783688015701, 13.0035647393349 ], [ 80.110345941672705, 13.00138635741 ], [ 80.109937114793695, 13.0004258720198 ], [ 80.109729858186299, 12.9999015709937 ], [ 80.109536291005497, 12.999291420912501 ], [ 80.1094764883604, 12.998866614102001 ], [ 80.109577944088599, 12.998138984247101 ], [ 80.109619448051305, 12.9976146810159 ], [ 80.109817706234494, 12.9970452566169 ], [ 80.110200281646001, 12.996380891925901 ], [ 80.110205003191197, 12.995933492867501 ], [ 80.110089793357702, 12.995734557648101 ], [ 80.109914685657699, 12.9955718862466 ], [ 80.1137541597422, 12.992367921967301 ], [ 80.117584380280903, 12.9884815442476 ], [ 80.119538649011801, 12.9865383036986 ], [ 80.120469668362205, 12.985435606982501 ], [ 80.120119461046997, 12.9845858681982 ], [ 80.120276247606796, 12.9838582183847 ], [ 80.120824696037204, 12.9831396595862 ], [ 80.120820107442697, 12.9828549033827 ], [ 80.120737187552095, 12.982317053298299 ], [ 80.120276414693393, 12.981720484055201 ], [ 80.119760229256499, 12.981313647164701 ], [ 80.119437647831205, 12.980576982942299 ], [ 80.119363991367806, 12.979853786615401 ], [ 80.119268976560207, 12.9791104188972 ], [ 80.119264878445904, 12.9790783603977 ], [ 80.119188959126205, 12.9784843849732 ], [ 80.119327405681204, 12.9769432443416 ], [ 80.119447254414794, 12.975998613785301 ], [ 80.119562524435494, 12.9752032028993 ], [ 80.119534918308503, 12.974669937261099 ], [ 80.119415088439496, 12.9741410937879 ], [ 80.119244716657604, 12.973137767580599 ], [ 80.118608804657896, 12.972491376343299 ], [ 80.118090799234096, 12.9716535126427 ], [ 80.118067225644396, 12.9716153823416 ], [ 80.117913035215807, 12.971365982296 ], [ 80.117673462614405, 12.970389700754801 ], [ 80.117406242563405, 12.9695761441751 ], [ 80.117310580968805, 12.968993268897099 ], [ 80.117295718342504, 12.9689027086729 ], [ 80.1166598557501, 12.967298229900701 ], [ 80.115931842179194, 12.966751323331399 ], [ 80.1155492200553, 12.967451767437099 ], [ 80.115166701237598, 12.967506032109201 ], [ 80.114567690233102, 12.967551141775401 ], [ 80.113687550562204, 12.967013216570001 ], [ 80.113070075585298, 12.9666063626218 ], [ 80.112489399195795, 12.966262857087001 ], [ 80.112324001385701, 12.9661355461261 ], [ 80.111890351360302, 12.9658017526375 ], [ 80.111097782158197, 12.965647992603699 ], [ 80.110530964976903, 12.965539507083401 ], [ 80.110097846754201, 12.9651145760454 ], [ 80.109733844909499, 12.964766550431399 ], [ 80.109443534562502, 12.964215119392801 ], [ 80.109217792423195, 12.9637089104243 ], [ 80.108918359684495, 12.963171066206501 ], [ 80.108872349772199, 12.9627733681506 ], [ 80.1087663252125, 12.9624795621353 ], [ 80.108563646419796, 12.962181210568 ], [ 80.108038285590496, 12.9621811492883 ], [ 80.107522175612004, 12.9622037142347 ], [ 80.107267702654994, 12.9619361948275 ], [ 80.107135156234804, 12.9617968524242 ], [ 80.106821773557996, 12.961588936895801 ], [ 80.106467047716905, 12.9605584296103 ], [ 80.106301298665599, 12.959659065047999 ], [ 80.106121678727902, 12.958845452379499 ], [ 80.105955917100104, 12.957923457642901 ], [ 80.105707181682703, 12.9571370594368 ], [ 80.105656543650198, 12.956346081919699 ], [ 80.105315697678506, 12.955573243798799 ], [ 80.104887173440204, 12.9549359107494 ], [ 80.104856525617706, 12.954844781620899 ], [ 80.104583159293597, 12.954031953387799 ], [ 80.1041869402695, 12.953503058181299 ], [ 80.104166677869998, 12.9534760101152 ], [ 80.104166677869998, 12.9533591823264 ], [ 80.103762036241804, 12.952631259959301 ], [ 80.103656162599094, 12.9518809718169 ], [ 80.103481143832298, 12.950990585319101 ], [ 80.103439800667999, 12.950497920062499 ], [ 80.103536588749904, 12.9500595695815 ], [ 80.103532040579594, 12.949648271191201 ], [ 80.103536594139797, 12.9493782782273 ], [ 80.103161222318604, 12.949648453288701 ], [ 80.101982320052102, 12.9501263405899 ], [ 80.100913066149204, 12.9503858814282 ], [ 80.100967715159499, 12.950060002062299 ], [ 80.100944482929606, 12.9496487071746 ], [ 80.100907102234004, 12.948541365416601 ], [ 80.100883722680393, 12.947813683737101 ], [ 80.100408829203801, 12.947285074743601 ], [ 80.099966190635698, 12.946747413052099 ], [ 80.099836669741407, 12.945680791114301 ], [ 80.098661537704203, 12.945590911417 ], [ 80.098521382553599, 12.945632530125399 ], [ 80.096832325240598, 12.946134083255 ], [ 80.094869379682294, 12.946482942974599 ], [ 80.093499304245299, 12.946713661584999 ], [ 80.093414321822806, 12.946727972165601 ], [ 80.093362601320294, 12.9467366823063 ], [ 80.093105323822996, 12.946764511155701 ], [ 80.093067368205595, 12.946768617151699 ], [ 80.0930615767669, 12.9467692431191 ], [ 80.092561896974999, 12.9468232916776 ], [ 80.0917267584082, 12.946913626179301 ], [ 80.091173717789999, 12.9467918155901 ], [ 80.090380521563802, 12.9453955087826 ], [ 80.090089450343797, 12.9447756690478 ], [ 80.090083228612102, 12.944762421195 ], [ 80.089928520753901, 12.9444329677415 ], [ 80.089895452869996, 12.944382938026701 ], [ 80.089402860785597, 12.943637688008399 ], [ 80.089139920308696, 12.9429643399508 ], [ 80.088692647332095, 12.942272983776199 ], [ 80.088663515865704, 12.9422117219043 ], [ 80.088570120720604, 12.9420153106767 ], [ 80.088125363026805, 12.9410799767215 ], [ 80.087502641888705, 12.939525403698701 ], [ 80.086930380018401, 12.937374198003299 ], [ 80.0869159836177, 12.9357154371848 ], [ 80.086952545947995, 12.935191127608199 ], [ 80.086509805870406, 12.9342511785693 ], [ 80.086057958672299, 12.9335779023515 ], [ 80.085578441566895, 12.932841359562801 ], [ 80.085283263249394, 12.932149942933 ], [ 80.085043330423602, 12.9313274326026 ], [ 80.084734325237207, 12.930622461989801 ], [ 80.084614310315203, 12.930084653181201 ], [ 80.084554136665901, 12.9293886288268 ], [ 80.084507594052695, 12.9281954235681 ], [ 80.0843644511055, 12.9274225962456 ], [ 80.084165904563093, 12.926365042922599 ], [ 80.083999926441294, 12.9261074768451 ], [ 80.083718730401102, 12.925795717310301 ], [ 80.082893855086397, 12.925579073132599 ], [ 80.082414574238001, 12.925389417718 ], [ 80.081962877956897, 12.9250325197946 ], [ 80.080944156085394, 12.923943623594701 ], [ 80.080165107426595, 12.923189961413 ], [ 80.079883999421298, 12.9229180135716 ], [ 80.079432280682397, 12.922475236799199 ], [ 80.079077375178301, 12.9221680169126 ], [ 80.078575013016902, 12.921829210591801 ], [ 80.078263920145801, 12.9216259293806 ], [ 80.077952828172997, 12.9214226480038 ], [ 80.077640803748906, 12.921168733203 ], [ 80.077464271320906, 12.9210250768501 ], [ 80.076487213312205, 12.9203700442652 ], [ 80.075588620448698, 12.919818937926401 ], [ 80.074593055348601, 12.9191819828169 ], [ 80.073482310059305, 12.918282915565801 ], [ 80.072141354410505, 12.9178630121175 ], [ 80.071390317917206, 12.917876810387201 ], [ 80.071196811821906, 12.9179175493824 ], [ 80.070588564339602, 12.917786666756101 ], [ 80.070293578261598, 12.9174839345874 ], [ 80.0702519206869, 12.916896380965699 ], [ 80.070113571150003, 12.916521284129599 ], [ 80.069339170374406, 12.9154955411844 ], [ 80.068749313202702, 12.915210977351199 ], [ 80.068283860121397, 12.9149263764191 ], [ 80.067629414080699, 12.9143661238899 ], [ 80.067601565408594, 12.913715288958301 ], [ 80.067767213848697, 12.913001120383401 ], [ 80.0675549078111, 12.911844129635501 ], [ 80.066738914139606, 12.9103167022395 ], [ 80.065499024350203, 12.908708041091 ], [ 80.065065629446394, 12.9077093059737 ], [ 80.064180658635806, 12.9065253916863 ], [ 80.0636228443703, 12.905427256679101 ], [ 80.063290986941396, 12.9049844173911 ], [ 80.0629913799295, 12.904537048576 ], [ 80.062622650251399, 12.9040399826567 ], [ 80.062051167220503, 12.9034254586497 ], [ 80.061774577741105, 12.902892207627 ], [ 80.061733020777794, 12.902753584415899 ], [ 80.061294967210998, 12.9012923592979 ], [ 80.061235063056202, 12.901256218197799 ], [ 80.060935515333199, 12.900985116874301 ], [ 80.060820321669397, 12.9009399513884 ], [ 80.060594536410903, 12.9008315384275 ], [ 80.060152034386704, 12.900090425432101 ], [ 80.060082608089999, 12.8989424378858 ], [ 80.060202286143706, 12.8985446716077 ], [ 80.0600823367988, 12.897961661881199 ], [ 80.059949994296204, 12.8972084432435 ], [ 80.0598885306662, 12.8968589061044 ], [ 80.059363333330296, 12.8969313603223 ], [ 80.059119121828701, 12.896809392251299 ], [ 80.058856444558103, 12.8965608771314 ], [ 80.058455495005802, 12.896086413573601 ], [ 80.058487616963703, 12.8956118361564 ], [ 80.058501370170703, 12.8953587313935 ], [ 80.058667009627598, 12.8945541806288 ], [ 80.058713082421903, 12.8945541692452 ], [ 80.058330545638, 12.894016424672101 ], [ 80.057998677429296, 12.893424430571899 ], [ 80.057533193805298, 12.892796312890001 ], [ 80.057081324149394, 12.891368206252199 ], [ 80.057058227565093, 12.891137707098901 ], [ 80.056979756131796, 12.890559207362401 ], [ 80.056961160107093, 12.889917418409601 ], [ 80.056684513135593, 12.889049707420201 ], [ 80.056232932737203, 12.888688246979701 ], [ 80.055822806894199, 12.8882815770899 ], [ 80.055675343948707, 12.888127945311799 ], [ 80.0554679346277, 12.8877528631253 ], [ 80.055131338585696, 12.8866275466424 ], [ 80.054942322270193, 12.8861033100991 ], [ 80.054813296347604, 12.885981309606001 ], [ 80.054679655779395, 12.8858231543408 ], [ 80.0543801385991, 12.8855565653875 ], [ 80.054057535614206, 12.8850820783468 ], [ 80.053790175426101, 12.884435828565699 ], [ 80.053315523596297, 12.8838664626532 ], [ 80.052684289124201, 12.883491479168599 ], [ 80.0524584769163, 12.883179674382401 ], [ 80.052274174959294, 12.883066726349499 ], [ 80.052103587581897, 12.882510846670799 ], [ 80.051946837852995, 12.882027278922401 ], [ 80.0521816673497, 12.881530062339801 ], [ 80.052729813047904, 12.8812497149408 ], [ 80.053144367585205, 12.8810010372581 ], [ 80.053153610351202, 12.8809978452976 ], [ 80.053335571298504, 12.8809350078901 ], [ 80.053812300033201, 12.8807703761896 ], [ 80.053853539891307, 12.879875473265701 ], [ 80.053881126255305, 12.879658523091599 ], [ 80.054143597811702, 12.879188416593999 ], [ 80.054525766286403, 12.8784109436346 ], [ 80.054654686207797, 12.878135213916799 ], [ 80.054746727591805, 12.877769099910401 ], [ 80.054898679418699, 12.877479805434399 ], [ 80.055230189199605, 12.8767882173285 ], [ 80.055884201354004, 12.876227619321099 ], [ 80.056552085293006, 12.8758749212971 ], [ 80.057219936892693, 12.875409229257301 ], [ 80.057671269356007, 12.874939071002499 ], [ 80.058191664298405, 12.874333304704599 ], [ 80.058550834105205, 12.873768256853801 ], [ 80.059080345151102, 12.8728280331412 ], [ 80.059287413112301, 12.8719782865884 ], [ 80.059577439591706, 12.871282187238499 ], [ 80.059747694592502, 12.8705906372066 ], [ 80.059973257068805, 12.870007544897099 ], [ 80.060106573345195, 12.8690131900422 ], [ 80.060212347274899, 12.868375894566199 ], [ 80.060276709768402, 12.8679058360953 ], [ 80.060202847590801, 12.867340901621199 ], [ 80.060202678707597, 12.8667307530595 ], [ 80.060253277214201, 12.8664686014175 ], [ 80.060294671582497, 12.8662380898691 ], [ 80.060916226707405, 12.865080899656601 ], [ 80.0612984077585, 12.8645203639279 ], [ 80.061344235312703, 12.863679701612901 ], [ 80.060929512790395, 12.863178138094799 ], [ 80.060759041295597, 12.863060672576299 ], [ 80.060436487718107, 12.8626946714294 ], [ 80.059717689065394, 12.8619898025705 ], [ 80.059482645769606, 12.8615650220808 ], [ 80.059256843443194, 12.8612396697592 ], [ 80.058989616205693, 12.861040876752901 ], [ 80.058625612564398, 12.860679403071501 ], [ 80.058478136144203, 12.860412784752899 ], [ 80.058017360590597, 12.859902188009499 ], [ 80.057662525154996, 12.859355406300001 ], [ 80.056860721271804, 12.858225708640299 ], [ 80.056054249742303, 12.856829354869999 ], [ 80.055657796258004, 12.8556182001479 ], [ 80.055570234772304, 12.855455516244501 ], [ 80.0550770947156, 12.8543980529764 ], [ 80.054948045436802, 12.8541043113676 ], [ 80.054528671438007, 12.8532908867678 ], [ 80.054233265846705, 12.8526539481052 ], [ 80.054227303728197, 12.8526410921148 ], [ 80.053671454078199, 12.851442580563599 ], [ 80.053464007027898, 12.850764691994501 ], [ 80.053367226132494, 12.850556814616599 ], [ 80.053256554587804, 12.8500551679503 ], [ 80.053173569120105, 12.8497478557103 ], [ 80.052754037916102, 12.848224856256399 ], [ 80.052675421854005, 12.8469413157597 ], [ 80.052605926387002, 12.845273610674701 ], [ 80.052329230008198, 12.843895207027799 ], [ 80.052199983099996, 12.8427382291401 ], [ 80.051923475367403, 12.8421236319287 ], [ 80.051697546378506, 12.841138419969001 ], [ 80.051444041805297, 12.840397270665701 ], [ 80.051222836158104, 12.8398911307359 ], [ 80.051052344002102, 12.8395883596292 ], [ 80.050792264659293, 12.839244432608499 ], [ 80.050642288227706, 12.8390461056653 ], [ 80.049748701675199, 12.838892639928 ], [ 80.049080820431101, 12.838802395185001 ], [ 80.048486655837607, 12.838807043355899 ], [ 80.048155032869005, 12.8388251919792 ], [ 80.047828006579707, 12.838807182617099 ], [ 80.047404271260206, 12.838852468776899 ], [ 80.046916082717402, 12.839037871745401 ], [ 80.046524664290203, 12.839440194017699 ], [ 80.046179290809505, 12.8397792317582 ], [ 80.045852285181496, 12.839865168706 ], [ 80.045552921613094, 12.839973699116801 ], [ 80.045267346285897, 12.839946639652201 ], [ 80.044746866003607, 12.839910586929101 ], [ 80.044698341706905, 12.839908011922001 ], [ 80.042639020393395, 12.8397987457663 ], [ 80.042314795051098, 12.839781541382999 ], [ 80.042166563147802, 12.8397736735938 ], [ 80.040163894087698, 12.839667394040401 ], [ 80.040104692415497, 12.839167701563801 ], [ 80.040294475892296, 12.8345365678127 ], [ 80.040264540433796, 12.8345320159087 ], [ 80.040273437348404, 12.8342755553589 ], [ 80.039674660804096, 12.834180750917501 ], [ 80.038034949746404, 12.833986691614699 ], [ 80.037362482602802, 12.8338918940713 ], [ 80.036510387436707, 12.83378356599 ], [ 80.036109657971593, 12.833657082735799 ], [ 80.035731965802, 12.8335712724197 ], [ 80.033878160160796, 12.8316344176011 ], [ 80.033608338588806, 12.831352506206899 ], [ 80.032825264579202, 12.830747004379299 ], [ 80.031908668579106, 12.8304081716811 ], [ 80.031797962898395, 12.8292602269736 ], [ 80.030793720970905, 12.827899990058601 ], [ 80.030489623280999, 12.8270322827476 ], [ 80.030282276842001, 12.826386018411 ], [ 80.029996649412595, 12.825830156879199 ], [ 80.029959737637597, 12.8253556121294 ], [ 80.030037914423502, 12.824487854877701 ], [ 80.030263468814894, 12.8236155582991 ], [ 80.030338099052102, 12.822949494839101 ], [ 80.030373864576802, 12.8226302913612 ], [ 80.029586327736894, 12.822765980742799 ], [ 80.027992773915102, 12.8226260790961 ], [ 80.027030201240294, 12.8225855216974 ], [ 80.026141322758306, 12.822585625055201 ], [ 80.024851762421804, 12.8226219272689 ], [ 80.0239812823351, 12.822414124725499 ], [ 80.023585199855006, 12.8223960879111 ], [ 80.023000278027396, 12.8222741212772 ], [ 80.022889504074797, 12.8222572406595 ], [ 80.022788554996396, 12.822241856102201 ], [ 80.022318640881394, 12.822170242219199 ], [ 80.022033082622301, 12.822048243067099 ], [ 80.021711105763202, 12.821832123230999 ], [ 80.021240873644501, 12.8215421354148 ], [ 80.020236767362704, 12.8205524536077 ], [ 80.019688663885304, 12.8200643965737 ], [ 80.019117517722606, 12.819386522392 ], [ 80.018666117885601, 12.8186995954362 ], [ 80.0183437044453, 12.8183696976244 ], [ 80.018122627257299, 12.8182115339349 ], [ 80.017321213242894, 12.817483957960301 ], [ 80.015981007687301, 12.817343951770599 ], [ 80.014788182432198, 12.8172581621701 ], [ 80.013389253108301, 12.8173830515882 ], [ 80.013268384786798, 12.817393843059699 ], [ 80.012646637422407, 12.817253773752901 ], [ 80.012126202954207, 12.816996191044099 ], [ 80.011901634014606, 12.8168192149531 ], [ 80.011541284719797, 12.8165352337753 ], [ 80.011025457710701, 12.8162324529579 ], [ 80.010131976261107, 12.815730832428001 ], [ 80.008865446931907, 12.8149444938913 ], [ 80.008644582644607, 12.814679922319 ], [ 80.008633065344299, 12.8146661236271 ], [ 80.008510812718995, 12.8145196750762 ], [ 80.008520481286396, 12.8144682433129 ], [ 80.008819308560604, 12.8128745708445 ], [ 80.009224473008203, 12.8103029714218 ], [ 80.009270503581703, 12.8097877486041 ], [ 80.009371805697995, 12.8094261863511 ], [ 80.008814561862593, 12.809399091191599 ], [ 80.006811247812095, 12.8092364597321 ], [ 80.006645495167504, 12.8105199963773 ], [ 80.006392243919194, 12.811912002425199 ], [ 80.006102134794801, 12.812956011987501 ], [ 80.004025105890406, 12.8129379797513 ], [ 80.003081001679703, 12.8129199168557 ], [ 80.002482300593897, 12.8128476127035 ], [ 80.001791493445495, 12.812730113156199 ], [ 80.000976339698795, 12.8125357797866 ], [ 80.000373034747298, 12.812219417826901 ], [ 80.000001752057202, 12.812165439209499 ], [ 80.000000000342396, 12.812165184308199 ], [ 79.9999999886643, 12.8121653060652 ], [ 79.999716492936997, 12.8121412305977 ], [ 79.999006253432398, 12.8123816663235 ], [ 79.998535583834197, 12.8123939558812 ], [ 79.9983657375668, 12.812311970592299 ], [ 79.998154996394405, 12.812260266834199 ], [ 79.998131969878699, 12.812237217988001 ], [ 79.997563213234699, 12.811669473604301 ], [ 79.996616078108104, 12.811472141909899 ], [ 79.996504595384806, 12.8114390248017 ], [ 79.996409165555505, 12.8114106772473 ], [ 79.995632289023007, 12.811179895345999 ], [ 79.995324469612797, 12.8110524398134 ], [ 79.994303377087206, 12.810918096593101 ], [ 79.993977694677596, 12.810650536415199 ], [ 79.993803528412002, 12.810415156803799 ], [ 79.993764016014296, 12.8103489004063 ], [ 79.993487893658894, 12.8098857367013 ], [ 79.992978000920402, 12.809631184281301 ], [ 79.992071583730805, 12.809614612905399 ], [ 79.990405189115805, 12.809798671794599 ], [ 79.988950545379595, 12.809956424687 ], [ 79.987858320656599, 12.8104359773863 ], [ 79.986737800798707, 12.8111367029897 ], [ 79.985713802223202, 12.811828663636 ], [ 79.984902398942793, 12.8122866153776 ], [ 79.984306531143503, 12.8126222813891 ], [ 79.983994089002806, 12.812798247833999 ], [ 79.983265858039701, 12.813166171622401 ], [ 79.982856253219595, 12.813182862769301 ], [ 79.981658543824295, 12.813562676065899 ], [ 79.980672402051496, 12.8139477435726 ], [ 79.979548465900606, 12.814291668378999 ], [ 79.978540462726997, 12.814564731730799 ], [ 79.978393029426002, 12.8146046711311 ], [ 79.978346328709307, 12.8146172312461 ], [ 79.977966467108303, 12.8146859811997 ], [ 79.977586603710606, 12.814754730258599 ], [ 79.976883095282304, 12.8146123864177 ], [ 79.976391061950096, 12.814524927219001 ], [ 79.975480305897605, 12.814418079902399 ], [ 79.974813930229999, 12.8141810053589 ], [ 79.974115700302306, 12.8138265077634 ], [ 79.973472260420493, 12.81360750865 ], [ 79.972694971561396, 12.813510066837701 ], [ 79.971794783289894, 12.8135901413022 ], [ 79.971255007195197, 12.813638156186499 ], [ 79.971226662653095, 12.813640677153799 ], [ 79.971198300144593, 12.8136429616162 ], [ 79.971193705261896, 12.813643332140501 ], [ 79.969988533561605, 12.8137403963695 ], [ 79.968929830371707, 12.8138406761494 ], [ 79.967783330337497, 12.814044615852699 ], [ 79.966963055295395, 12.814389604795799 ], [ 79.966883898447406, 12.814391265581101 ], [ 79.9668172955557, 12.814450908434299 ], [ 79.9665034736027, 12.814731933911499 ], [ 79.966255481990501, 12.814975454851499 ], [ 79.965633281875199, 12.815586437693399 ], [ 79.965301906841603, 12.8159662061968 ], [ 79.964763250047795, 12.816549408140499 ], [ 79.964473225365097, 12.8169471686014 ], [ 79.964289130918999, 12.8173133984097 ], [ 79.964072794140705, 12.817697611405899 ], [ 79.963888616151195, 12.8180049987243 ], [ 79.963405262341297, 12.818868416210901 ], [ 79.962535307769002, 12.8203149652728 ], [ 79.961812655343707, 12.8216032647566 ], [ 79.9613200219368, 12.822249741958 ], [ 79.961126617351098, 12.8225933716301 ], [ 79.960997803430899, 12.822832883800499 ], [ 79.960887319634097, 12.823058930357501 ], [ 79.960781428025101, 12.823366330400299 ], [ 79.960707930563501, 12.823827306695501 ], [ 79.960514121735898, 12.8241034280114 ], [ 79.960132822830403, 12.8241021728355 ], [ 79.959521715112302, 12.8239859818911 ], [ 79.959479953333002, 12.823978041783301 ], [ 79.959413119574194, 12.8239769083581 ], [ 79.958817297588993, 12.8239668030049 ], [ 79.958333193685704, 12.8242496353693 ], [ 79.957852919300606, 12.8247267161994 ], [ 79.957594795590197, 12.8248477023829 ], [ 79.957021231162699, 12.825169720831999 ], [ 79.956943629298607, 12.8252132891719 ], [ 79.956843347668496, 12.825269591392599 ], [ 79.956866988631802, 12.824945385061 ], [ 79.956869276640802, 12.8249140013888 ], [ 79.956915761761806, 12.8242764863049 ], [ 79.956922594347901, 12.8223394250469 ], [ 79.956991362179494, 12.8197476831904 ], [ 79.956976842709594, 12.8186459168985 ], [ 79.956793780427702, 12.818378779242799 ], [ 79.956216487991895, 12.817663411590599 ], [ 79.956010895064395, 12.817229229272399 ], [ 79.956195314700594, 12.8171440273832 ], [ 79.956973586316707, 12.816947941174 ], [ 79.957282267211298, 12.8168361879084 ], [ 79.957331057409306, 12.816041489387599 ], [ 79.956914775411704, 12.8153176587877 ], [ 79.956774926586604, 12.8145360323999 ], [ 79.957676952811099, 12.814489380651199 ], [ 79.958137809213099, 12.814292235989299 ], [ 79.958154546623504, 12.8134704145737 ], [ 79.958178726575994, 12.8117861914223 ], [ 79.958347839818103, 12.810802331410899 ], [ 79.9584909100018, 12.810653756424101 ], [ 79.958721133836093, 12.810624046672 ], [ 79.959582031593698, 12.810512946691301 ], [ 79.9611885912243, 12.8103197056802 ], [ 79.962234240994704, 12.810002525422201 ], [ 79.963532927316194, 12.809487867859501 ], [ 79.963533580391399, 12.809487608575701 ], [ 79.963731809828502, 12.809388936199801 ], [ 79.963594803272898, 12.8091084347185 ], [ 79.963329619702805, 12.8086199271652 ], [ 79.962698325941901, 12.8075520532343 ], [ 79.9621964740236, 12.806313093587301 ], [ 79.961818686632498, 12.8051151917533 ], [ 79.9617932867679, 12.804473874752601 ], [ 79.961772585092106, 12.8038235212806 ], [ 79.961586384995002, 12.803113934947399 ], [ 79.961207627423406, 12.802236553727999 ], [ 79.960724128086397, 12.8009840383208 ], [ 79.960663246564593, 12.7999677840233 ], [ 79.960514182821299, 12.7991951143773 ], [ 79.960215033950305, 12.798177285710899 ], [ 79.960009320648496, 12.797477364169501 ], [ 79.959623744863904, 12.797200615365099 ], [ 79.959574350997997, 12.7968526998241 ], [ 79.959276374428399, 12.7965220042834 ], [ 79.958643869738594, 12.795815500219399 ], [ 79.958407221153394, 12.7950740878614 ], [ 79.958125110628302, 12.7941609303845 ], [ 79.957727484842493, 12.7933783606315 ], [ 79.9574266660033, 12.7925464572855 ], [ 79.957125454600302, 12.791854476134899 ], [ 79.956557057282396, 12.791211251604899 ], [ 79.955997188569796, 12.7907713129293 ], [ 79.955500613355397, 12.7906792910119 ], [ 79.9534710217862, 12.7907809299163 ], [ 79.951941850220805, 12.7908403882578 ], [ 79.951547347877295, 12.7908557283027 ], [ 79.949454160077494, 12.790762981944599 ], [ 79.948689906671504, 12.790855186044199 ], [ 79.947580651687304, 12.7909463126019 ], [ 79.947079276774403, 12.790913024601499 ], [ 79.946693236560805, 12.790762707749201 ], [ 79.946076641034594, 12.790751534067301 ], [ 79.945101226044599, 12.7907618737747 ], [ 79.943536359023099, 12.7908604632087 ], [ 79.941539686217496, 12.7907860161092 ], [ 79.940261139226394, 12.790592068797899 ], [ 79.940210981792504, 12.7904609927614 ], [ 79.940244419782402, 12.790104237585901 ], [ 79.940344030370895, 12.7892421389961 ], [ 79.940606413892397, 12.7879061782143 ], [ 79.940895127933103, 12.7869272578727 ], [ 79.940760272842695, 12.786009962290301 ], [ 79.940477154407802, 12.7853904566058 ], [ 79.940305259981599, 12.7845408535968 ], [ 79.939211456918599, 12.7841532479608 ], [ 79.939342899309295, 12.7834130041603 ], [ 79.937640922425899, 12.784577010609301 ], [ 79.937291138217205, 12.784593906014701 ], [ 79.936720296583403, 12.784704925427601 ], [ 79.935970577020299, 12.784598507003301 ], [ 79.935152078845803, 12.7844377430515 ], [ 79.934989789206597, 12.7848029556828 ], [ 79.934724778112994, 12.7855878095833 ], [ 79.934438354776205, 12.785907520763899 ], [ 79.934110587376793, 12.7861999210104 ], [ 79.933617326047496, 12.7864782631287 ], [ 79.933114962987801, 12.7867023676976 ], [ 79.932621395333001, 12.7870710049837 ], [ 79.932376118429602, 12.787445048620601 ], [ 79.932328337039607, 12.787977784311201 ], [ 79.932140988895497, 12.7889344879636 ], [ 79.932028145224507, 12.7896025151366 ], [ 79.931803860152499, 12.790568066608699 ], [ 79.931825269700695, 12.791019834574101 ], [ 79.931659172102997, 12.7911592544326 ], [ 79.931290136099406, 12.791442510817699 ], [ 79.929733589273994, 12.7931172021585 ], [ 79.929496582260995, 12.793793777784 ], [ 79.929587475598098, 12.794105738128 ], [ 79.929594954971193, 12.7946114646272 ], [ 79.929524049149194, 12.7951486230486 ], [ 79.929172925552393, 12.795544866748999 ], [ 79.928623761164701, 12.796017155867499 ], [ 79.927954247681697, 12.7966741608153 ], [ 79.927325171861298, 12.7975842642192 ], [ 79.926999413094904, 12.7979850794343 ], [ 79.926974547727795, 12.798015673682499 ], [ 79.9266736534302, 12.7983858931365 ], [ 79.926346864296093, 12.798425467181801 ], [ 79.926278995678103, 12.796767894007701 ], [ 79.925832251809197, 12.7955787743514 ], [ 79.925181761050695, 12.794736587772899 ], [ 79.924816807890096, 12.795155328017 ], [ 79.923976882201103, 12.795866044014399 ], [ 79.923082809660102, 12.796278456755401 ], [ 79.922184035336898, 12.7966908635662 ], [ 79.920889176736907, 12.797232925794701 ], [ 79.919750696861598, 12.797784438014601 ], [ 79.918672753554901, 12.7982304141019 ], [ 79.918583367590898, 12.7982673943427 ], [ 79.917087167789603, 12.798886400634199 ], [ 79.915507875621202, 12.799183644982801 ], [ 79.913394328403896, 12.799632528644199 ], [ 79.912279987158598, 12.7998546356564 ], [ 79.911704274859304, 12.8000377214374 ], [ 79.911673507560806, 12.7995951640426 ], [ 79.911103242645396, 12.799521001590399 ], [ 79.910946339304601, 12.799651371249601 ], [ 79.910683195808403, 12.7998944127014 ], [ 79.910273810177301, 12.799874907864201 ], [ 79.909455264392093, 12.7997367367316 ], [ 79.909341626610299, 12.7995190472495 ], [ 79.908936346280001, 12.799616934219101 ], [ 79.908116668617495, 12.8002949710839 ], [ 79.907545692236397, 12.801140207688 ], [ 79.907195723873102, 12.8015198945952 ], [ 79.906417493579497, 12.8023109142298 ], [ 79.905814246120201, 12.802903048625099 ], [ 79.904893286104297, 12.8041686415974 ], [ 79.9047276071216, 12.805429646879199 ], [ 79.904667825137693, 12.8063923434236 ], [ 79.904092174822196, 12.806749446971599 ], [ 79.904082219692199, 12.8069451898554 ], [ 79.904077441553198, 12.807039146105399 ], [ 79.904073786308302, 12.8071110235765 ], [ 79.904041643689098, 12.808191229433101 ], [ 79.903733185576797, 12.8094341645839 ], [ 79.903608959352795, 12.810812676427799 ], [ 79.903558545899003, 12.813628437585701 ], [ 79.903623106920094, 12.8145685236791 ], [ 79.903807444809701, 12.815834016021199 ], [ 79.903706205575503, 12.8167967157343 ], [ 79.903743128130301, 12.8176644889847 ], [ 79.903728310419694, 12.817696628612399 ], [ 79.903457630956595, 12.8182837086618 ], [ 79.903038593825997, 12.819196717434201 ], [ 79.902403031270893, 12.819481507592 ], [ 79.901666172887801, 12.820141438265701 ], [ 79.902094579446796, 12.8210453386338 ], [ 79.902417867846196, 12.821545282583401 ], [ 79.902478151988305, 12.8216385072531 ], [ 79.902790134191505, 12.8221209641409 ], [ 79.902748717365299, 12.822536777131599 ], [ 79.902320379976601, 12.8224961347549 ], [ 79.901928946278005, 12.8231741161841 ], [ 79.901782961959597, 12.823739138583401 ], [ 79.9017677948043, 12.823797843751899 ], [ 79.901771902800107, 12.8237976291542 ], [ 79.903591673969999, 12.8237027813485 ], [ 79.905977510431498, 12.824163573962799 ], [ 79.905995986081905, 12.8247104523837 ], [ 79.905996103761197, 12.825917204856699 ], [ 79.906304813401803, 12.8271239261422 ], [ 79.906899102861203, 12.8284797693962 ], [ 79.907134094952994, 12.829392719287901 ], [ 79.907995573022305, 12.8310875086827 ], [ 79.909402976154297, 12.8309503645656 ], [ 79.909713557884004, 12.8309201001462 ], [ 79.909716448662607, 12.8309503260267 ], [ 79.909755059151905, 12.8313539838207 ], [ 79.909419194338497, 12.834639816393301 ], [ 79.909419357831794, 12.836113226941601 ], [ 79.909746634751102, 12.8383368673442 ], [ 79.909746723684293, 12.839127808978599 ], [ 79.908986753445504, 12.8393945497392 ], [ 79.9090098437416, 12.8399414265775 ], [ 79.909069799998605, 12.8406374490477 ], [ 79.908761210732195, 12.8408092277355 ], [ 79.907789325222893, 12.840795769430301 ], [ 79.905371149411295, 12.840985828730499 ], [ 79.903934079416999, 12.8413068525757 ], [ 79.904201318332497, 12.8422469193459 ], [ 79.904675882127506, 12.8436976904026 ], [ 79.904860202050699, 12.844493133609699 ], [ 79.904837239315498, 12.845225320684699 ], [ 79.904961691016595, 12.846133762305 ], [ 79.905044650433098, 12.8466399562253 ], [ 79.905044728586503, 12.8474715740112 ], [ 79.904920489786093, 12.848845562289 ], [ 79.905074260701497, 12.8492949879805 ], [ 79.905097739069802, 12.849363607593601 ], [ 79.905146257976597, 12.8495054124094 ], [ 79.9053305608318, 12.850070352871301 ], [ 79.905164790220894, 12.8506534039233 ], [ 79.904529194428093, 12.8513901658058 ], [ 79.904814821857499, 12.8518059487876 ], [ 79.905367658558106, 12.852673673059 ], [ 79.905431304196, 12.8529293992992 ], [ 79.905459946080498, 12.8530444847366 ], [ 79.905653361445999, 12.853821639580801 ], [ 79.906229331561804, 12.8556520479853 ], [ 79.906925104597093, 12.857744582180199 ], [ 79.907478023942701, 12.859213416125799 ], [ 79.908381087721395, 12.861116100030999 ], [ 79.908422643786494, 12.862024544591399 ], [ 79.908381286249096, 12.8629646389042 ], [ 79.908690024635803, 12.863909215383799 ], [ 79.909546987772501, 12.865283098812199 ], [ 79.909712903910503, 12.8660017061266 ], [ 79.909586137250898, 12.8659748596495 ], [ 79.908731687600394, 12.8657939070495 ], [ 79.907847241405904, 12.865870832260001 ], [ 79.907704453293206, 12.8660199946581 ], [ 79.907653843108406, 12.8666120754016 ], [ 79.906175231422097, 12.8675342292946 ], [ 79.903227148407495, 12.8689491445963 ], [ 79.901845225988495, 12.869654324057899 ], [ 79.901675420145295, 12.8697170049071 ], [ 79.901578223329906, 12.869752884331 ], [ 79.900338906665596, 12.870210355731199 ], [ 79.900541660916801, 12.871041955851799 ], [ 79.899261029834307, 12.8712183140179 ], [ 79.897704018579901, 12.871729137315 ], [ 79.896842576443206, 12.871729189859501 ], [ 79.895856770640293, 12.872032064077199 ], [ 79.895101310842605, 12.872597062421001 ], [ 79.8941983476752, 12.871485273776299 ], [ 79.893705444773701, 12.871652523913999 ], [ 79.892765702782, 12.871973462132001 ], [ 79.891176426737502, 12.872434532272299 ], [ 79.889209400132899, 12.872999555981201 ], [ 79.887735282717998, 12.8737001439585 ], [ 79.8865882338131, 12.8743781176907 ], [ 79.885335217840804, 12.8747351929742 ], [ 79.884948258650695, 12.8750018582453 ], [ 79.884621189242296, 12.875489984582201 ], [ 79.883469513115401, 12.8757747345773 ], [ 79.882170418958793, 12.876308061748301 ], [ 79.880083566078497, 12.876967930727201 ], [ 79.880044082426807, 12.876973550244401 ], [ 79.879939251728103, 12.876988469943701 ], [ 79.877416255997503, 12.8773475574207 ], [ 79.874219159986197, 12.877776857919301 ], [ 79.873472865699298, 12.8777316400821 ], [ 79.872712740950305, 12.8780208747184 ], [ 79.872588342249699, 12.878490914224599 ], [ 79.872620535174605, 12.8800818323847 ], [ 79.871708342715905, 12.881315665412099 ], [ 79.871123280751206, 12.8812116908008 ], [ 79.869478667586904, 12.8807280207138 ], [ 79.867530016919702, 12.8801629697659 ], [ 79.865774857974898, 12.8796205135972 ], [ 79.864706094552204, 12.879426104103301 ], [ 79.864093439036793, 12.878734558148601 ], [ 79.863374827233699, 12.8780972392201 ], [ 79.863041745401105, 12.878059621811399 ], [ 79.862919501758896, 12.8780458160913 ], [ 79.861813147434802, 12.8779208622491 ], [ 79.860421923859306, 12.877703812302 ], [ 79.859436111768204, 12.877315041857001 ], [ 79.857312390231996, 12.877414288311501 ], [ 79.855875077692502, 12.877463870803 ], [ 79.852337074624103, 12.8776171728443 ], [ 79.852294339969504, 12.8776482863393 ], [ 79.851443286849104, 12.8782679020015 ], [ 79.850881168754995, 12.8790406982046 ], [ 79.849964234988306, 12.8805230352419 ], [ 79.848886006017395, 12.882362401653999 ], [ 79.847448568612094, 12.8831305606468 ], [ 79.845813012262496, 12.8840071568443 ], [ 79.8429058079832, 12.885764891010901 ], [ 79.840846339346001, 12.8869035332227 ], [ 79.840834610043402, 12.8869460838085 ], [ 79.840431472194993, 12.888408511814299 ], [ 79.839979820829697, 12.889452479287501 ], [ 79.839224216403196, 12.8898229703728 ], [ 79.837597738427803, 12.891061088249 ], [ 79.835966660180006, 12.8921726437883 ], [ 79.834625694649702, 12.893206910692101 ], [ 79.834541265589394, 12.8932720278828 ], [ 79.834261816772496, 12.8934875599449 ], [ 79.833423222386799, 12.8940794820913 ], [ 79.833022329428303, 12.894495216174001 ], [ 79.832501647923294, 12.894919966244 ], [ 79.832234372176899, 12.895258889596199 ], [ 79.831833442387406, 12.895841848702201 ], [ 79.831298939403496, 12.8962485150664 ], [ 79.829820081578802, 12.896148796216 ], [ 79.828682113743199, 12.896225403876301 ], [ 79.826972916201598, 12.8960623487785 ], [ 79.826539486263499, 12.8977345269211 ], [ 79.8264921504379, 12.897728357961199 ], [ 79.825294161666605, 12.897572244255599 ], [ 79.825254136330798, 12.897567028000299 ], [ 79.825213511818703, 12.8975620192743 ], [ 79.824042497658695, 12.8974176181852 ], [ 79.822452989848898, 12.897643248188601 ], [ 79.820439576039703, 12.898063114671199 ], [ 79.819734667137894, 12.89813526469 ], [ 79.818707316049796, 12.8979768342685 ], [ 79.817550931852495, 12.897958477142099 ], [ 79.816449824587906, 12.8979717651308 ], [ 79.815685139092196, 12.897596446382799 ], [ 79.815289006306401, 12.897293530396899 ], [ 79.814602693429407, 12.896737439748 ], [ 79.813455636439699, 12.8963213381121 ], [ 79.812036768109706, 12.8958916009255 ], [ 79.811991281017001, 12.8958913828869 ], [ 79.811037031233397, 12.8958868145829 ], [ 79.811161272728697, 12.8964246856097 ], [ 79.811797049981195, 12.896433894877401 ], [ 79.811773902192897, 12.8968406557257 ], [ 79.811207217063995, 12.8968811818623 ], [ 79.811317573300002, 12.8976540703607 ], [ 79.811750558572001, 12.8979570016718 ], [ 79.811584496008606, 12.8987026979961 ], [ 79.810626290044397, 12.898422223592201 ], [ 79.810579459970398, 12.898399642370199 ], [ 79.807817554595005, 12.8970678457876 ], [ 79.806454026978102, 12.8964528274212 ], [ 79.805412949632398, 12.8960231894096 ], [ 79.804362661860097, 12.8955935462821 ], [ 79.803404497218494, 12.895236238036 ], [ 79.802814893371604, 12.894897106245899 ], [ 79.801958110796406, 12.894462987426699 ], [ 79.798959335850299, 12.893137889761601 ], [ 79.797324089419504, 12.892360038031301 ], [ 79.795850006140498, 12.891871479585699 ], [ 79.794214609690997, 12.891622404386601 ], [ 79.792256741410796, 12.8913325383336 ], [ 79.792166974561098, 12.8913995422115 ], [ 79.791851228416803, 12.8916352233515 ], [ 79.791178486388702, 12.892005616634201 ], [ 79.790579505926999, 12.892222366092501 ], [ 79.789552035362902, 12.8925564839238 ], [ 79.788741119867694, 12.8928047963623 ], [ 79.788045408816103, 12.892962752819299 ], [ 79.787520209683606, 12.892967097881399 ], [ 79.787179265795601, 12.893043816849699 ], [ 79.786363706908702, 12.893382513318 ], [ 79.785456025789401, 12.8936669391172 ], [ 79.783723630153901, 12.894109263408501 ], [ 79.781631891336701, 12.8945198100197 ], [ 79.779623040969099, 12.895011724080501 ], [ 79.778544873982, 12.895327702410601 ], [ 79.777812260138504, 12.895571489324199 ], [ 79.777583705374099, 12.8955908361197 ], [ 79.777577606711603, 12.8956710394027 ], [ 79.7775680001279, 12.895797378435599 ], [ 79.777600004406594, 12.896430134813199 ], [ 79.777590565807898, 12.897013158616 ], [ 79.777604250742897, 12.8973656937724 ], [ 79.777626977221303, 12.8981656716137 ], [ 79.777649695614798, 12.898988247332399 ], [ 79.777658589834402, 12.899815337791599 ], [ 79.777667484952403, 12.9006424281432 ], [ 79.777690215023995, 12.901433366805099 ], [ 79.777680714441601, 12.902179097424501 ], [ 79.777703571175707, 12.902640104073599 ], [ 79.777707682764699, 12.902713883201701 ], [ 79.777731024589102, 12.9031327508341 ], [ 79.7777214970572, 12.9039417546058 ], [ 79.7776935208243, 12.904804989417499 ], [ 79.777688596259907, 12.905627552934201 ], [ 79.7776974931745, 12.906450124252499 ], [ 79.777687944082999, 12.9073178825999 ], [ 79.777761354408, 12.908108840427399 ], [ 79.778581489312998, 12.908005192167799 ], [ 79.779198889729599, 12.9079376253388 ], [ 79.780221752834606, 12.9078069292454 ], [ 79.781691536776705, 12.9076311922682 ], [ 79.782949364125699, 12.907514127613901 ], [ 79.784354631962302, 12.907369990577401 ], [ 79.785547956680603, 12.9072438526523 ], [ 79.785557000020603, 12.907727453112299 ], [ 79.785570685853997, 12.9081116231302 ], [ 79.785547383555496, 12.9088573495953 ], [ 79.785533271920698, 12.9096753921449 ], [ 79.785528379695705, 12.910479879385299 ], [ 79.785514288722098, 12.911234646396901 ], [ 79.786489404573103, 12.9112765667884 ], [ 79.7865739593976, 12.9112802022937 ], [ 79.786574033059395, 12.9110723006921 ], [ 79.786525266217595, 12.9098571107172 ], [ 79.786523791183896, 12.9098203553021 ], [ 79.787159716658394, 12.909486118680499 ], [ 79.788311726958497, 12.9089486706426 ], [ 79.788956841300006, 12.908673188212999 ], [ 79.789721716340296, 12.908479094614901 ], [ 79.790491144940702, 12.908443188342201 ], [ 79.791458702366896, 12.9083576260211 ], [ 79.792592078014806, 12.9084031815665 ], [ 79.793918993893996, 12.9083448403108 ], [ 79.794637708105, 12.9084128553438 ], [ 79.796291734715197, 12.9083726821968 ], [ 79.797683207123995, 12.9081335581476 ], [ 79.797941214053395, 12.908133632574801 ], [ 79.798618454844402, 12.9082287444197 ], [ 79.7994477597517, 12.908247062265399 ], [ 79.800184881341295, 12.908391901038099 ], [ 79.800760722998007, 12.908622564670599 ], [ 79.801589967718201, 12.908848778230601 ], [ 79.802566661909196, 12.909029834566001 ], [ 79.803451153917706, 12.9094097226013 ], [ 79.804367913411198, 12.909744423397701 ], [ 79.805197141961798, 12.910051978158201 ], [ 79.805735300190605, 12.9101634867715 ], [ 79.805776062145, 12.910171932879299 ], [ 79.806895655839796, 12.9101451357933 ], [ 79.807203735761405, 12.9122287757823 ], [ 79.807890142961597, 12.91254986337 ], [ 79.808820709561004, 12.9129930473757 ], [ 79.809359746342196, 12.9130926281701 ], [ 79.809621960980394, 12.9145254238971 ], [ 79.809529607881004, 12.915244021225201 ], [ 79.809372661421094, 12.916274454840901 ], [ 79.809119238594604, 12.916310542110301 ], [ 79.807428160072206, 12.916789151709301 ], [ 79.806253167273795, 12.9170825939085 ], [ 79.804857041591902, 12.9172810526075 ], [ 79.803350282094499, 12.917646699032201 ], [ 79.801852726735405, 12.9180304177635 ], [ 79.800170811927302, 12.918585816628401 ], [ 79.798074200648003, 12.919181749913699 ], [ 79.796926794213704, 12.919583629200501 ], [ 79.796733135404807, 12.920008412825901 ], [ 79.796322837085299, 12.920686224324699 ], [ 79.796078519582494, 12.9210296368146 ], [ 79.796036228695499, 12.921040752165499 ], [ 79.795511740130394, 12.921178599986799 ], [ 79.794318298631097, 12.921426785937401 ], [ 79.792051217653594, 12.921887024235099 ], [ 79.790770169752705, 12.922288830874701 ], [ 79.790479910609704, 12.9222390147351 ], [ 79.790129770668202, 12.9221394612268 ], [ 79.789963841055396, 12.9222975900247 ], [ 79.789811815566594, 12.9222297433774 ], [ 79.789291212215105, 12.9220894506819 ], [ 79.788378874229394, 12.9221930799657 ], [ 79.787742952348196, 12.922400756924301 ], [ 79.787374329569602, 12.922445819593401 ], [ 79.787208498771605, 12.9223327702146 ], [ 79.786982882396401, 12.921921403339701 ], [ 79.786656175009, 12.920777817729 ], [ 79.786651660974698, 12.920529236250999 ], [ 79.7863251152841, 12.9189653258967 ], [ 79.785122529833501, 12.919032679605801 ], [ 79.784611537557097, 12.9178799852412 ], [ 79.785611537639795, 12.917423871430801 ], [ 79.785446592580598, 12.914992247967101 ], [ 79.785354448788695, 12.914983174223901 ], [ 79.784709980335904, 12.9150556363241 ], [ 79.784617390081195, 12.9150660462152 ], [ 79.784432921037606, 12.915086786317399 ], [ 79.783174953551395, 12.9154343296529 ], [ 79.781815624660098, 12.9157682693755 ], [ 79.780368696553893, 12.9162332383834 ], [ 79.778977084007906, 12.9166259051342 ], [ 79.777802004072896, 12.917054807278999 ], [ 79.775742224618597, 12.9176189378573 ], [ 79.7746915379943, 12.9180433579559 ], [ 79.774694842896295, 12.918054645928899 ], [ 79.774788155396394, 12.918373329571599 ], [ 79.775395732735404, 12.9198288975743 ], [ 79.775589150795895, 12.920063996807301 ], [ 79.775888589822799, 12.9201861470348 ], [ 79.776980607933297, 12.920105231895301 ], [ 79.777298506440999, 12.9201595944318 ], [ 79.777404357625898, 12.920453412669501 ], [ 79.7774455768227, 12.9210545397528 ], [ 79.777371633796704, 12.9215923470014 ], [ 79.776717141043704, 12.922120881730001 ], [ 79.776675595758405, 12.922306171434901 ], [ 79.777076091661499, 12.923183138161001 ], [ 79.777310835818298, 12.923770783811699 ], [ 79.777840642409998, 12.9239382213957 ], [ 79.778817463263394, 12.923911487075401 ], [ 79.778959877676897, 12.9249465376349 ], [ 79.779093068189198, 12.9260087032449 ], [ 79.779405774434494, 12.9275229006172 ], [ 79.779714088816405, 12.9285128186027 ], [ 79.7799257157277, 12.929321914428799 ], [ 79.780008315818094, 12.930162597891 ], [ 79.779869797397893, 12.930872126085401 ], [ 79.779625345147807, 12.9314731414043 ], [ 79.779325635728, 12.931983741853699 ], [ 79.779072148222795, 12.9321327912957 ], [ 79.7785789803184, 12.9324715687479 ], [ 79.778320777556303, 12.932878234163701 ], [ 79.778163888588495, 12.9334295673263 ], [ 79.7776704278333, 12.934468885107 ], [ 79.777333696145604, 12.935345558700501 ], [ 79.777333458990398, 12.935919551794999 ], [ 79.7775913967495, 12.9361637132243 ], [ 79.778250178958103, 12.9364984271912 ], [ 79.778503578428399, 12.936575360428799 ], [ 79.779079574595301, 12.936530389613299 ], [ 79.779959684621801, 12.936499095208999 ], [ 79.781056352412307, 12.9364904792663 ], [ 79.782106862068503, 12.936685222613001 ], [ 79.782112460369305, 12.9366954976485 ], [ 79.782318668642802, 12.9370739918051 ], [ 79.782875422896296, 12.939103513568 ], [ 79.783285090598497, 12.940215495387299 ], [ 79.784229722120401, 12.940188730417299 ], [ 79.784321708707097, 12.940631689382 ], [ 79.784487397571397, 12.9411379469965 ], [ 79.784671541424899, 12.9415899779268 ], [ 79.784592967583606, 12.942209136567801 ], [ 79.784523490981201, 12.943140153615399 ], [ 79.784526285639998, 12.943160125329699 ], [ 79.784730279566304, 12.9446181472 ], [ 79.784863571588204, 12.9455040415989 ], [ 79.785153252216205, 12.9471312139781 ], [ 79.785479890433294, 12.9485278980203 ], [ 79.785728156031695, 12.9500239827077 ], [ 79.7860597457626, 12.9505303017889 ], [ 79.786105828438394, 12.950556573636799 ], [ 79.787257592600099, 12.9512131990946 ], [ 79.788607496367504, 12.9519503801002 ], [ 79.788791730052495, 12.952194504817699 ], [ 79.788731621081894, 12.952750396671901 ], [ 79.788404310924903, 12.9531073310949 ], [ 79.787902005357395, 12.9531568670516 ], [ 79.787694481950396, 12.953577117304899 ], [ 79.787837293419301, 12.953690160401401 ], [ 79.787993857196895, 12.9539930298527 ], [ 79.788003003843102, 12.954182856989499 ], [ 79.787643492676494, 12.9543815917073 ], [ 79.787224041422604, 12.9546706956002 ], [ 79.787173266846096, 12.954896659061699 ], [ 79.786956432401198, 12.9555654847035 ], [ 79.786739790195696, 12.955714553313699 ], [ 79.786218937112494, 12.956053336364199 ], [ 79.785693466688699, 12.956410193391999 ], [ 79.784964958146105, 12.9574855955939 ], [ 79.784540787143698, 12.9580458712195 ], [ 79.784222761075199, 12.9581948998256 ], [ 79.784159776597406, 12.9581794316982 ], [ 79.783522376987506, 12.9580228935643 ], [ 79.782541016946993, 12.957534404063701 ], [ 79.781762479429602, 12.956901363078901 ], [ 79.781269704088899, 12.9561373581803 ], [ 79.780698646859406, 12.9552422542189 ], [ 79.779077399773996, 12.9531987567632 ], [ 79.778644505231796, 12.9525387222502 ], [ 79.777207520577505, 12.9507257853172 ], [ 79.775862587188598, 12.9492247312971 ], [ 79.774857619422406, 12.950191522608099 ], [ 79.774803424061304, 12.9501990936454 ], [ 79.774631809011098, 12.950223067428 ], [ 79.774263229351703, 12.9500647295859 ], [ 79.773341791432202, 12.9496485452129 ], [ 79.772424925937401, 12.949322752429699 ], [ 79.771074978152697, 12.948829546335901 ], [ 79.770153465673005, 12.948603174654099 ], [ 79.769218077815395, 12.94849882357 ], [ 79.768715722840497, 12.9486703531473 ], [ 79.768388398310506, 12.949009183422699 ], [ 79.768079434446705, 12.949506207958001 ], [ 79.767880853768304, 12.9504642802875 ], [ 79.767622455173395, 12.951227983042401 ], [ 79.766976762316901, 12.952452517576599 ], [ 79.766275974885602, 12.953220545994 ], [ 79.765847177559493, 12.9537446320541 ], [ 79.765312282910102, 12.9544991710296 ], [ 79.764675980143195, 12.955307898010901 ], [ 79.7642472663603, 12.9556376382397 ], [ 79.764394592761903, 12.9559269604118 ], [ 79.764555669675502, 12.956378993405499 ], [ 79.764689101834506, 12.9568219761188 ], [ 79.764556212258, 12.9574140510249 ], [ 79.764536343320501, 12.9575025782776 ], [ 79.764513625825202, 12.957603790636499 ], [ 79.764457819784894, 12.958692993325201 ], [ 79.764296291018695, 12.9592081568148 ], [ 79.763936762784098, 12.959388780035001 ], [ 79.763167148232398, 12.9594652658631 ], [ 79.762632550027107, 12.9595508955755 ], [ 79.762706149896601, 12.9598311445909 ], [ 79.763023898385597, 12.9603013295698 ], [ 79.763580996693904, 12.961372730895 ], [ 79.763981471935793, 12.9623265502875 ], [ 79.763971863555497, 12.9631626744185 ], [ 79.763607091854595, 12.9646856191195 ], [ 79.7635236680091, 12.965693455397901 ], [ 79.7632740827855, 12.967252609826399 ], [ 79.763276283658001, 12.967287237418301 ], [ 79.763333551257304, 12.9681881956641 ], [ 79.763323708416806, 12.969516957586601 ], [ 79.763184969909304, 12.970547365622901 ], [ 79.763157061050094, 12.9710942262057 ], [ 79.762438117768696, 12.971143615018701 ], [ 79.761977239807095, 12.9712066792111 ], [ 79.761884972047596, 12.9714145394324 ], [ 79.762059957576696, 12.9716993542594 ], [ 79.762695729439301, 12.972119968009 ], [ 79.762838413347495, 12.972499680278 ], [ 79.762759638283597, 12.9734080866818 ], [ 79.762781794331701, 12.9752837351186 ], [ 79.762730757447201, 12.9760113688901 ], [ 79.762596694670805, 12.976883592057 ], [ 79.762503807972095, 12.978393099899099 ], [ 79.7641972921828, 12.9784740136207 ], [ 79.764222778285699, 12.9784752312567 ], [ 79.764130282354202, 12.9791666891127 ], [ 79.764046965408198, 12.979939504724801 ], [ 79.763880391703395, 12.9813540676638 ], [ 79.763982100756493, 12.982115699948199 ], [ 79.763986020106103, 12.982145046208 ], [ 79.765976960761805, 12.9821594948081 ], [ 79.767299512625399, 12.9824628907076 ], [ 79.768456113316603, 12.9828565998148 ], [ 79.769764646071906, 12.983607417806301 ], [ 79.769771581964207, 12.983640744102599 ], [ 79.769847425825304, 12.9840051797116 ], [ 79.769473221813897, 12.9860162439824 ], [ 79.769288496750505, 12.986856812212199 ], [ 79.768767139712395, 12.9881175572479 ], [ 79.768319599936206, 12.9891975491407 ], [ 79.768176703127295, 12.989251722408801 ], [ 79.767388558127905, 12.989337251706401 ], [ 79.766752531143894, 12.9893640892956 ], [ 79.766088762387199, 12.989580738385101 ], [ 79.765623204202996, 12.989729678069001 ], [ 79.765176179161401, 12.989666205421299 ], [ 79.764609396116001, 12.989449010201101 ], [ 79.764554032046703, 12.989575533683301 ], [ 79.764410943896706, 12.9900364688697 ], [ 79.764175535884903, 12.990800177066699 ], [ 79.763682129926906, 12.9913558662307 ], [ 79.763179629424997, 12.9916448930099 ], [ 79.762777955830501, 12.9917098129325 ], [ 79.762690774332199, 12.9917239029703 ], [ 79.762064202116505, 12.991825168801499 ], [ 79.761594040964795, 12.991946981852101 ], [ 79.761474051195606, 12.992281376592899 ], [ 79.760736510991194, 12.9925341343779 ], [ 79.759616330696502, 12.9929991334182 ], [ 79.758399426998494, 12.9933284919301 ], [ 79.757449814318406, 12.993698648381899 ], [ 79.756846041344602, 12.993716439132999 ], [ 79.756016502875298, 12.993594011604699 ], [ 79.755205296325897, 12.993679492139901 ], [ 79.754550835013902, 12.993679174401001 ], [ 79.754090031612506, 12.9935117241869 ], [ 79.753693641908498, 12.993561245094099 ], [ 79.752965327402094, 12.993777828374901 ], [ 79.752227845588095, 12.9938904531818 ], [ 79.751716309830996, 12.993795287376599 ], [ 79.751264747398906, 12.993587161396301 ], [ 79.750804202712303, 12.9929270677492 ], [ 79.750126776868399, 12.9927775811591 ], [ 79.748644919569003, 12.992548752185501 ], [ 79.7478910794337, 12.9924245550633 ], [ 79.746208736129105, 12.992167755818301 ], [ 79.744093129074898, 12.991929082434501 ], [ 79.742585989590097, 12.991852926083499 ], [ 79.7408989480966, 12.9913564675769 ], [ 79.739456163918803, 12.9908012213282 ], [ 79.738308471820204, 12.9906434668939 ], [ 79.740060606137504, 12.9924867858052 ], [ 79.742886804836004, 12.994609749403701 ], [ 79.743988361258204, 12.9951741682479 ], [ 79.745283989714395, 12.9958380083586 ], [ 79.746017013189601, 12.996733224408199 ], [ 79.746275481853104, 12.997048887369299 ], [ 79.747096615684598, 12.9987117427657 ], [ 79.747701154023005, 13.0002210111815 ], [ 79.747686517772095, 13.0010940167545 ], [ 79.747685143349699, 13.0012969573679 ], [ 79.747588868205796, 13.002901828432901 ], [ 79.748547644600094, 13.0036055833483 ], [ 79.748738278781502, 13.003745508004201 ], [ 79.748738306629306, 13.003745526385 ], [ 79.748835083931496, 13.0037998549038 ], [ 79.750323277946904, 13.004763218265801 ], [ 79.750970665924399, 13.005202087623999 ], [ 79.751350721561494, 13.0054597293996 ], [ 79.752769924064793, 13.006283037131301 ], [ 79.752769951912597, 13.0062830537614 ], [ 79.753802022749298, 13.006934379346401 ], [ 79.753802063173495, 13.006934404729099 ], [ 79.755006624917698, 13.007682834833499 ], [ 79.755032231394907, 13.007698745389501 ], [ 79.755032266429197, 13.007698766395899 ], [ 79.756497578557699, 13.0085446887022 ], [ 79.757465294985707, 13.008951927354801 ], [ 79.758391438280697, 13.0094505370579 ], [ 79.759128818584998, 13.009847515338601 ], [ 79.760842888588797, 13.0108742778137 ], [ 79.760842925419695, 13.010874297069201 ], [ 79.761686129061104, 13.011362799004599 ], [ 79.762343915038102, 13.011760467421899 ], [ 79.763017787146794, 13.0121678653401 ], [ 79.764312629577105, 13.012959375005501 ], [ 79.765363248827697, 13.013574524993301 ], [ 79.766358597433893, 13.014167029206799 ], [ 79.767436877608802, 13.0147641016293 ], [ 79.767436923422807, 13.014764126136001 ], [ 79.767824026343405, 13.0149721932152 ], [ 79.767865010181595, 13.0150179078028 ], [ 79.7679253275614, 13.0150851891296 ], [ 79.767936444213007, 13.015241623045 ], [ 79.767943637023507, 13.0153428451436 ], [ 79.767925325764693, 13.0155627571895 ], [ 79.767897346836904, 13.0158987734214 ], [ 79.767864367886204, 13.016204347674099 ], [ 79.767860291331402, 13.016242140289901 ], [ 79.767860284144902, 13.016242185802099 ], [ 79.767884808152203, 13.016386744691999 ], [ 79.767887889373597, 13.0164049162933 ], [ 79.767887898356705, 13.0164049574293 ], [ 79.768054421755906, 13.016556041962399 ], [ 79.768132061349206, 13.0166264903393 ], [ 79.768354229990393, 13.016795234299 ], [ 79.768661953280898, 13.017028958834199 ], [ 79.768661981128602, 13.017028976338899 ], [ 79.768827850554302, 13.0171149012937 ], [ 79.768934043997305, 13.0171329170504 ], [ 79.769095135283905, 13.0171602487643 ], [ 79.769422420287995, 13.0171693756726 ], [ 79.769786522743999, 13.0172464047346 ], [ 79.7705330946103, 13.0175812082415 ], [ 79.770966199358298, 13.017870602697799 ], [ 79.771309221947803, 13.018036004190501 ], [ 79.771491540424606, 13.0181239155628 ], [ 79.771774086632604, 13.018242052874999 ], [ 79.772238152715104, 13.0184360819035 ], [ 79.773106996969702, 13.0188035051974 ], [ 79.773136830020306, 13.018816121567699 ], [ 79.773136856071503, 13.0188161329456 ], [ 79.773938671632806, 13.019146389293899 ], [ 79.774642303130193, 13.0194700363948 ], [ 79.775040043900404, 13.0196529832743 ], [ 79.775040077138101, 13.019652999903601 ], [ 79.775892676259105, 13.0201098426919 ], [ 79.775892716683202, 13.020109863697201 ], [ 79.776040499428902, 13.0201762833 ], [ 79.776385764213401, 13.020331479942 ], [ 79.777146190796401, 13.020738546068101 ], [ 79.777823196228795, 13.021148144403 ], [ 79.778215251561505, 13.021385341190699 ], [ 79.7784233543819, 13.021508351898801 ], [ 79.778603792684805, 13.0216150021483 ], [ 79.778620769047095, 13.021625035615401 ], [ 79.778620803183003, 13.021625052244501 ], [ 79.779390392581902, 13.0220094735892 ], [ 79.780012544188097, 13.0223215938996 ], [ 79.7805932097979, 13.022534209236699 ], [ 79.781009021976601, 13.0225712166972 ], [ 79.781307664197897, 13.0225977960043 ], [ 79.782109673795304, 13.0226613328686 ], [ 79.782920897412595, 13.022738462623 ], [ 79.783231036272895, 13.0228046933508 ], [ 79.783450933973, 13.022851652793699 ], [ 79.784000658909406, 13.0228786854299 ], [ 79.784100855199597, 13.0228836128664 ], [ 79.784100884843994, 13.022883613741699 ], [ 79.784875279331303, 13.0228296491166 ], [ 79.786626996830293, 13.0225952088784 ], [ 79.786627028271297, 13.022595205377501 ], [ 79.787361466593097, 13.0224641467575 ], [ 79.787410532573901, 13.0224553911342 ], [ 79.787410575693002, 13.0224553937599 ], [ 79.787793122358494, 13.0225097549376 ], [ 79.788161804425798, 13.0228082362049 ], [ 79.789069508002996, 13.023685369375499 ], [ 79.789889652789398, 13.024571495670299 ], [ 79.790839051670403, 13.025014725230299 ], [ 79.792406016258198, 13.0257248185893 ], [ 79.792406054885703, 13.025724836968401 ], [ 79.793553642779699, 13.026281160296801 ], [ 79.795189769559499, 13.0270184099878 ], [ 79.795189797407303, 13.027018423990899 ], [ 79.795798073635694, 13.0273078004216 ], [ 79.796669133135694, 13.0276652149683 ], [ 79.796742924346404, 13.027543158654 ], [ 79.797019837219295, 13.0266619782295 ], [ 79.797510166447395, 13.0251390416891 ], [ 79.797882695100796, 13.023982069055601 ], [ 79.798210227141595, 13.0230602399588 ], [ 79.798533292758805, 13.021862642422001 ], [ 79.798562072983898, 13.0216111660799 ], [ 79.798611924990595, 13.0211757172339 ], [ 79.798586503566398, 13.0208793870355 ], [ 79.798552247211305, 13.020479609966801 ], [ 79.798598440379806, 13.020090923924 ], [ 79.798681477051403, 13.0197746373737 ], [ 79.799059660599497, 13.019340864853399 ], [ 79.7994656155646, 13.0182924563256 ], [ 79.800508076315893, 13.016046542873299 ], [ 79.800754072769905, 13.015550191417301 ], [ 79.801052324224003, 13.0149484296085 ], [ 79.8019141382632, 13.0152107936691 ], [ 79.803895890950301, 13.015912002604299 ], [ 79.803895920594698, 13.015912013982399 ], [ 79.805545824836003, 13.016486390902999 ], [ 79.8055458508871, 13.0164864014058 ], [ 79.806956092695501, 13.016965903653601 ], [ 79.806956123238194, 13.0169659132811 ], [ 79.808624586673304, 13.01747255373 ], [ 79.810288383360401, 13.018083146584599 ], [ 79.810452247746298, 13.0181360173339 ], [ 79.810836942283601, 13.0178347717177 ], [ 79.810836959351604, 13.017834750712201 ], [ 79.811505605061996, 13.016736722390601 ], [ 79.8125338652452, 13.015457886317799 ], [ 79.813488327929505, 13.0141655806821 ], [ 79.814064752592799, 13.0130854917655 ], [ 79.814835030999504, 13.0113546836733 ], [ 79.815577449055993, 13.0098905867208 ], [ 79.816545831135599, 13.007951851582501 ], [ 79.817191523992193, 13.0065012338085 ], [ 79.817823312724698, 13.0050460552525 ], [ 79.818095105200499, 13.0045092659288 ], [ 79.818113877295005, 13.0044721918768 ], [ 79.8182431367795, 13.003830418738501 ], [ 79.818109759417695, 13.002479090844201 ], [ 79.818045597248599, 13.001341750173401 ], [ 79.818175043582698, 12.9995552650254 ], [ 79.818193909102007, 12.9978287950427 ], [ 79.818411066042103, 12.995636829651099 ], [ 79.818444258791899, 12.995360747195299 ], [ 79.8186142487897, 12.9939465213538 ], [ 79.818823578708802, 12.9929478232522 ], [ 79.818998186945507, 12.992114619564401 ], [ 79.819011116397405, 12.992052924424801 ], [ 79.818925577019399, 12.992027354589 ], [ 79.817997245428401, 12.9917498649809 ], [ 79.816264494958304, 12.9910669774162 ], [ 79.815863866104493, 12.9910566459784 ], [ 79.815379584334806, 12.991044196258301 ], [ 79.814298075614801, 12.9908139301563 ], [ 79.813679040264304, 12.9906821518576 ], [ 79.813649880950194, 12.990674842898899 ], [ 79.813569394595703, 12.990654669296701 ], [ 79.813462440279693, 12.990627872111901 ], [ 79.812964731391403, 12.990306825612601 ], [ 79.812997233336802, 12.989461643820199 ], [ 79.813430718970395, 12.9886482179329 ], [ 79.814404806250394, 12.986808747406 ], [ 79.814440525961004, 12.9867412929735 ], [ 79.814832341443505, 12.986560560941699 ], [ 79.814832372884595, 12.986560543435001 ], [ 79.815449817318694, 12.9867685877696 ], [ 79.816440978877395, 12.9870615037575 ], [ 79.817638832003098, 12.9874154907169 ], [ 79.819247136161906, 12.9880034058669 ], [ 79.819247171196196, 12.988003413744901 ], [ 79.819354860334101, 12.988013681410299 ], [ 79.8198647369029, 12.988062272058899 ], [ 79.819989194892202, 12.987926760751099 ], [ 79.8199894266575, 12.987036414843301 ], [ 79.819989423962596, 12.987036387707899 ], [ 79.819823742284896, 12.986258949611599 ], [ 79.819247860204001, 12.9852916638101 ], [ 79.819247845830901, 12.985291640175801 ], [ 79.819073548411296, 12.9850410379967 ], [ 79.818515309242599, 12.9842384011692 ], [ 79.818401490001193, 12.9840210252588 ], [ 79.8179993492828, 12.9832530332645 ], [ 79.818100952334703, 12.982588631680599 ], [ 79.818640291848098, 12.982096167285899 ], [ 79.818845443702799, 12.9817711864172 ], [ 79.819216558407902, 12.9811832941616 ], [ 79.819732837269697, 12.980731507564499 ], [ 79.819732878592205, 12.980731466422601 ], [ 79.819825535322195, 12.9806247066882 ], [ 79.821125108280796, 12.9791273510845 ], [ 79.821125137925193, 12.979127295061099 ], [ 79.821178382868695, 12.9790245770754 ], [ 79.821558478031704, 12.9782913051232 ], [ 79.821411210918995, 12.9774370696425 ], [ 79.821263744380303, 12.9772021365788 ], [ 79.821019669422597, 12.976813281214 ], [ 79.820853849404301, 12.9763567736568 ], [ 79.820835652231594, 12.975484414708999 ], [ 79.820926521314206, 12.9742953851816 ], [ 79.820969668295604, 12.9737308803932 ], [ 79.821550631247703, 12.972519756435 ], [ 79.822186921438202, 12.971399028357 ], [ 79.822285682220496, 12.970884467862399 ], [ 79.822376023093696, 12.9704137811423 ], [ 79.822261352249399, 12.968275979369301 ], [ 79.822395111395195, 12.967864754839299 ], [ 79.822400568660498, 12.9676271943957 ], [ 79.822409023603996, 12.967259070329 ], [ 79.822358529301795, 12.9665495179222 ], [ 79.822358521216998, 12.9665494864074 ], [ 79.821856492330596, 12.965469254312699 ], [ 79.821856477957596, 12.9654692149191 ], [ 79.821649346215906, 12.9644703700126 ], [ 79.821649335436206, 12.9644703323697 ], [ 79.821641747366996, 12.964452103567901 ], [ 79.821382175572396, 12.9638285136876 ], [ 79.821215372797198, 12.963512122206501 ], [ 79.821041370923297, 12.9631820763792 ], [ 79.821019501437604, 12.962890862971401 ], [ 79.821006085997197, 12.962712233879 ], [ 79.820990802061004, 12.962508662967 ], [ 79.8211014179101, 12.9622976429032 ], [ 79.821249006619695, 12.9620160914053 ], [ 79.821362188057293, 12.9619534958626 ], [ 79.821608457599197, 12.961817279615101 ], [ 79.821843499098307, 12.9618444755976 ], [ 79.822649854745094, 12.962283063586399 ], [ 79.822649882592899, 12.962283082845801 ], [ 79.823437779657198, 12.962852701563101 ], [ 79.823956376172404, 12.963127368676499 ], [ 79.824598906959196, 12.963467670999499 ], [ 79.825271658868701, 12.9637073136594 ], [ 79.825883804141, 12.963663849085 ], [ 79.826096570116107, 12.963648741094801 ], [ 79.826096613235194, 12.9636487419702 ], [ 79.826488300258603, 12.963689471737 ], [ 79.827317760574502, 12.9638704129845 ], [ 79.828658714426695, 12.964001757280901 ], [ 79.829566715346203, 12.964023184894 ], [ 79.830400635797503, 12.9640428581672 ], [ 79.831349996949299, 12.963975245235901 ], [ 79.831856904586004, 12.963880419020899 ], [ 79.831856941417001, 12.9638803971354 ], [ 79.832981530643096, 12.963234325887599 ], [ 79.834465469338994, 12.962552130369399 ], [ 79.834465508864895, 12.962552111110099 ], [ 79.8347835079839, 12.962393980703 ], [ 79.834682137595607, 12.9621091893663 ], [ 79.833885078613704, 12.961422106755199 ], [ 79.833203187244493, 12.9605135130222 ], [ 79.832521485419804, 12.9591485169113 ], [ 79.832521462961907, 12.959148474015 ], [ 79.832376986914696, 12.9588782996281 ], [ 79.832129901702601, 12.9584162333999 ], [ 79.832177649854899, 12.9583760963174 ], [ 79.832355706724002, 12.9582263989846 ], [ 79.832586678854895, 12.958264236314299 ], [ 79.832770491229994, 12.9582943478948 ], [ 79.833194487060894, 12.9583800891906 ], [ 79.833530837862895, 12.9584481063429 ], [ 79.834292410696094, 12.958556751656999 ], [ 79.835466231193095, 12.958724200900701 ], [ 79.836779509747998, 12.9589549204302 ], [ 79.8375306504458, 12.9590182976156 ], [ 79.837530693564901, 12.9590182993664 ], [ 79.838696525344105, 12.9589416855874 ], [ 79.839633623593897, 12.9588892889801 ], [ 79.840309415402402, 12.9588514990189 ], [ 79.841456905379999, 12.9587567872852 ], [ 79.843065277810794, 12.958404468389 ], [ 79.844503079932096, 12.957961777385799 ], [ 79.846019262756798, 12.957392502907499 ], [ 79.8481852608069, 12.956434591167699 ], [ 79.848489421379, 12.956122839783999 ], [ 79.848516987980105, 12.955869142402999 ], [ 79.848604827943504, 12.955060753416699 ], [ 79.848678413439998, 12.9545855054371 ], [ 79.848729711734293, 12.9542544059885 ], [ 79.848738529597199, 12.954197491934099 ], [ 79.848581916412201, 12.9536686811227 ], [ 79.848535910991501, 12.953166981199599 ], [ 79.848644716735393, 12.9531124892852 ], [ 79.8489599068225, 12.95295466192 ], [ 79.849331590161199, 12.952821687822301 ], [ 79.849692607802595, 12.9526925744238 ], [ 79.850715871556105, 12.952575058157301 ], [ 79.850950647153994, 12.952548099287201 ], [ 79.850950678594998, 12.952548094034499 ], [ 79.851969072581497, 12.9523041482572 ], [ 79.851969112107298, 12.952304138627101 ], [ 79.852151840215896, 12.9521804930828 ], [ 79.852429918203697, 12.951992348806201 ], [ 79.852487922421602, 12.9517855701953 ], [ 79.852531366745396, 12.951630792098401 ], [ 79.852397834873301, 12.950776543020901 ], [ 79.852462589032299, 12.9486523481853 ], [ 79.8525061941545, 12.9485472450909 ], [ 79.852573214762899, 12.948385697574601 ], [ 79.852573226440995, 12.948385670434901 ], [ 79.8526411489579, 12.948378303327701 ], [ 79.852739048255899, 12.948367685588201 ], [ 79.8529813822785, 12.948526119935201 ], [ 79.8530570410867, 12.948575584138499 ], [ 79.853281414193503, 12.948711790994301 ], [ 79.8536974805955, 12.9489643663065 ], [ 79.854223094749699, 12.949089148056901 ], [ 79.854992316737594, 12.9492717589285 ], [ 79.856236477117903, 12.9493939491348 ], [ 79.857153510597598, 12.949488918314801 ], [ 79.857666857358296, 12.949468195079399 ], [ 79.8582686387671, 12.9494438981759 ], [ 79.859522082337506, 12.949227064425299 ], [ 79.860554269056905, 12.9490372842897 ], [ 79.861328421897397, 12.949132253605701 ], [ 79.863600230708201, 12.9489652338984 ], [ 79.865531000409604, 12.9486489767416 ], [ 79.867576988927595, 12.948170013275901 ], [ 79.868844232417501, 12.947916939013499 ], [ 79.870383340248296, 12.9475735267623 ], [ 79.871378065423698, 12.9475161681908 ], [ 79.871480022411703, 12.9475102893676 ], [ 79.872088333674398, 12.9468639953052 ], [ 79.872088364217106, 12.9468639567841 ], [ 79.873129750583303, 12.9468369106238 ], [ 79.873756400952402, 12.9468549840043 ], [ 79.875217222402895, 12.9471126345915 ], [ 79.878175498600996, 12.947456203312599 ], [ 79.878249250285805, 12.948052793413 ], [ 79.879502666906802, 12.948188366711401 ], [ 79.881636122587395, 12.948120588388401 ], [ 79.883350369559295, 12.947939790656999 ], [ 79.883525486242405, 12.947307113127 ], [ 79.884138327709096, 12.9471760060352 ], [ 79.884662242250698, 12.9470332462631 ], [ 79.885165978834493, 12.9468959712817 ], [ 79.885216582731104, 12.946882180745 ], [ 79.885280599373203, 12.9468575333979 ], [ 79.886695748677994, 12.946312667330799 ], [ 79.887452373590605, 12.946168121958401 ], [ 79.8881150508942, 12.9460415203705 ], [ 79.889014215984602, 12.945757282026699 ], [ 79.889773849355194, 12.9455171467085 ], [ 79.8904235657659, 12.945051577396599 ], [ 79.890723119777107, 12.9451013198182 ], [ 79.892257650691604, 12.9458695608732 ], [ 79.893110127641705, 12.946601734186 ], [ 79.893699992, 12.947523720048901 ], [ 79.894142390717803, 12.947808406372401 ], [ 79.894389828069606, 12.9478763773848 ], [ 79.894718377901597, 12.9479666292101 ], [ 79.895118872008098, 12.948625536845601 ], [ 79.895133139051396, 12.9486490100095 ], [ 79.895050255991706, 12.949236601798001 ], [ 79.895059530198694, 12.9500817346622 ], [ 79.895150992169405, 12.9503279325642 ], [ 79.895257675194202, 12.9506151028811 ], [ 79.895465068345501, 12.9514557303174 ], [ 79.895502017849793, 12.952296358419 ], [ 79.8957370925866, 12.9533403644048 ], [ 79.895824759175198, 12.954867967926599 ], [ 79.895958482388394, 12.9565266967107 ], [ 79.895953956675996, 12.958036251017299 ], [ 79.895953961167606, 12.958036291287501 ], [ 79.896069191662306, 12.9586147563854 ], [ 79.896141460228606, 12.958976916635599 ], [ 79.896152164553499, 12.9590305572187 ], [ 79.896152201384496, 12.959030568599401 ], [ 79.896294257370201, 12.9590559947553 ], [ 79.896422473012393, 12.9590789434258 ], [ 79.897262765213995, 12.9592293537256 ], [ 79.897871141155306, 12.9605219294117 ], [ 79.898181436322503, 12.9604531879692 ], [ 79.898442536151407, 12.9603953762639 ], [ 79.898487997193001, 12.960615861340999 ], [ 79.898534755401798, 12.960842778003 ], [ 79.898534783249602, 12.960842768373301 ], [ 79.899198341800499, 12.9606935864009 ], [ 79.900133909321099, 12.962275416754499 ], [ 79.9006791786138, 12.963258882321201 ], [ 79.900880600663399, 12.963622180864199 ], [ 79.901461283341106, 12.964128328729799 ], [ 79.901700952960695, 12.964611911715499 ], [ 79.9023093306986, 12.965511267137 ], [ 79.9028255107457, 12.965863756309499 ], [ 79.903526022394104, 12.9664331689892 ], [ 79.904655114874799, 12.966717807434 ], [ 79.905214905433894, 12.9666739083072 ], [ 79.905982263417599, 12.9666137283143 ], [ 79.905982307435096, 12.9666137309405 ], [ 79.907023768361398, 12.9662701387503 ], [ 79.907765413866699, 12.966130305917 ], [ 79.908079059749795, 12.966071178912101 ], [ 79.909094148834399, 12.966002551930201 ], [ 79.910086895919505, 12.9659354280109 ], [ 79.910221947740993, 12.965926296593301 ], [ 79.910243440832502, 12.965967936415201 ], [ 79.910604524949093, 12.966667474927 ], [ 79.909926994900601, 12.9668123865781 ], [ 79.909526202553394, 12.9668981048055 ], [ 79.909709616076597, 12.968462293129299 ], [ 79.909775280228899, 12.9690223033121 ], [ 79.910314481401798, 12.969469671159199 ], [ 79.910674004246403, 12.9700029829628 ], [ 79.910680845815705, 12.970155949822299 ], [ 79.910687950591296, 12.970314782616899 ], [ 79.910323932576901, 12.971092224181101 ], [ 79.910323920898804, 12.9710922548198 ], [ 79.910364377425907, 12.9713447654094 ], [ 79.910485383189595, 12.972100036259 ], [ 79.910596193973205, 12.973794918231899 ], [ 79.911868069176606, 12.973550714904601 ], [ 79.911868107804196, 12.9735507061508 ], [ 79.912748536732707, 12.975543736436499 ], [ 79.912748548410804, 12.975543761822401 ], [ 79.912849436403704, 12.9757747038592 ], [ 79.912855952782806, 12.9757896229069 ], [ 79.913656727196695, 12.9776226788698 ], [ 79.914043995407297, 12.9789242628016 ], [ 79.913972795836202, 12.9789480762516 ], [ 79.911610743170201, 12.9797380951763 ], [ 79.911610717119103, 12.979738103054499 ], [ 79.911263785061394, 12.9798164130098 ], [ 79.909707451136697, 12.9801677229304 ], [ 79.909032010569504, 12.9803707016526 ], [ 79.908624418873998, 12.980493185593099 ], [ 79.908410402444105, 12.980825157000099 ], [ 79.908283484867496, 12.9810220234331 ], [ 79.908283455223099, 12.9810220391896 ], [ 79.907822655414904, 12.981243587926899 ], [ 79.907315710947302, 12.981686528120299 ], [ 79.907315680404594, 12.981686554381 ], [ 79.906228162853594, 12.982590545201999 ], [ 79.904721158116104, 12.982970345646599 ], [ 79.903287853859496, 12.983196485612501 ], [ 79.903005464856705, 12.984103049714999 ], [ 79.902730333343001, 12.9849862773297 ], [ 79.901684201177204, 12.985153566976001 ], [ 79.901670426410604, 12.9857501341047 ], [ 79.901393942932501, 12.9862292493249 ], [ 79.901085227902001, 12.986785230573499 ], [ 79.900647398913904, 12.987124210275701 ], [ 79.900647372862807, 12.9871242304084 ], [ 79.899919282036805, 12.9875490756903 ], [ 79.899919238019393, 12.987549095823001 ], [ 79.898813161274703, 12.987915264988301 ], [ 79.896854485408895, 12.9886204891788 ], [ 79.896826717585199, 12.988994563623701 ], [ 79.896785389692198, 12.9895514997937 ], [ 79.896785377115805, 12.9895515304302 ], [ 79.896144727401307, 12.9897409934304 ], [ 79.894997195202805, 12.9900803481154 ], [ 79.8927757728963, 12.990591214391801 ], [ 79.892789626714602, 12.991436353826099 ], [ 79.8911074190557, 12.9915584778064 ], [ 79.891079771606201, 12.991969726163701 ], [ 79.889208603327305, 12.9922319718479 ], [ 79.889208571886201, 12.9922319753491 ], [ 79.889153303936695, 12.9931539400436 ], [ 79.889227568559505, 12.9936554814057 ], [ 79.889227574847695, 12.9936555181689 ], [ 79.889236292997595, 12.993714398776801 ], [ 79.889513169039503, 12.993767841048101 ], [ 79.890992340376201, 12.994053347139101 ], [ 79.891918662435998, 12.994238574572 ], [ 79.891918698368599, 12.9942385833251 ], [ 79.893591748601494, 12.9947040150779 ], [ 79.894495092654495, 12.9950609978305 ], [ 79.895877827150599, 12.9957208240877 ], [ 79.897546268127797, 12.9959693051289 ], [ 79.897689128105696, 12.995454053247199 ], [ 79.897689139783793, 12.995454029613899 ], [ 79.898011749056906, 12.9954721178438 ], [ 79.899514256828098, 12.9955397966096 ], [ 79.899514294557306, 12.995539793108399 ], [ 79.899874516291305, 12.995677160288899 ], [ 79.900177933956599, 12.9957928644373 ], [ 79.900122687566594, 12.996258344044101 ], [ 79.900459158742805, 12.996393940086501 ], [ 79.901072210415194, 12.9967690304271 ], [ 79.902478024427495, 12.9979530446053 ], [ 79.902855640240304, 12.9984158723876 ], [ 79.903731741085807, 12.9994896504208 ], [ 79.904764218859299, 13.000630990899401 ], [ 79.905068525856706, 13.000967392357101 ], [ 79.905240839796207, 13.001138329939 ], [ 79.905460337746007, 13.001356088245799 ], [ 79.905652105601206, 13.001647113913499 ], [ 79.905930570762905, 13.002069704996501 ], [ 79.906032000440007, 13.002490005620199 ], [ 79.906271580227894, 13.0025215788172 ], [ 79.906257819834394, 13.003095544736199 ], [ 79.906461123854598, 13.003076180902699 ], [ 79.906589697924602, 13.0030639348505 ], [ 79.906545974224699, 13.0032877098922 ], [ 79.906460767223393, 13.003723769591099 ], [ 79.906923589139197, 13.0038372126463 ], [ 79.908415012598098, 13.004202769601999 ], [ 79.909046447394502, 13.003963119602099 ], [ 79.909958958754999, 13.0030364344042 ], [ 79.910046157321304, 13.0028762168259 ], [ 79.910613306879299, 13.0018341580232 ], [ 79.910688774346397, 13.0016463856757 ], [ 79.910807748120902, 13.0013503638705 ], [ 79.910868570353898, 13.001225833290899 ], [ 79.910926643742002, 13.001106929873 ], [ 79.911313724204703, 13.000573582418401 ], [ 79.911562548555196, 13.0002978179322 ], [ 79.911562578199593, 13.000297782920599 ], [ 79.9121293378888, 12.999556514943899 ], [ 79.912445015761094, 12.9993206478535 ], [ 79.912613305248101, 12.999194899596199 ], [ 79.913004323924994, 12.999058683624501 ], [ 79.913742413898404, 12.998801560379899 ], [ 79.913742445339395, 12.9988015446246 ], [ 79.915074338783697, 12.9979381540227 ], [ 79.915848615591699, 12.9977301829424 ], [ 79.917927176123598, 12.9972824475743 ], [ 79.918716622781801, 12.997067248577199 ], [ 79.9193374682376, 12.996898007153501 ], [ 79.920300579901493, 12.996323913987 ], [ 79.921451296627595, 12.9953582578196 ], [ 79.921480305923097, 12.995333913755401 ], [ 79.922092058631605, 12.9949061958954 ], [ 79.9223790083811, 12.994705567002899 ], [ 79.922823261221694, 12.9942231331953 ], [ 79.923240675994904, 12.9937698411394 ], [ 79.923793569289302, 12.9928974794251 ], [ 79.924321380722702, 12.991653493913701 ], [ 79.924549144071406, 12.9911166607457 ], [ 79.924950003792205, 12.990714368169 ], [ 79.924950042419795, 12.9907143401586 ], [ 79.925632081112695, 12.990343613798199 ], [ 79.925632106265596, 12.990343604169601 ], [ 79.926018404295604, 12.990241698746299 ], [ 79.926060673622999, 12.9902305479691 ], [ 79.926106677247006, 12.990225400177 ], [ 79.927517037632995, 12.990067585854799 ], [ 79.927517069972296, 12.9900675841041 ], [ 79.928590860367393, 12.9900538353498 ], [ 79.928941218599604, 12.990288816661099 ], [ 79.929401682437799, 12.990489749358501 ], [ 79.929572669565601, 12.9905643673066 ], [ 79.929572698311702, 12.990564374309301 ], [ 79.930609697305997, 12.9906816608006 ], [ 79.9313529939148, 12.9909363179151 ], [ 79.932126066980302, 12.991201171401 ], [ 79.932247760853599, 12.9917375623494 ], [ 79.932439809881501, 12.9925840616275 ], [ 79.934696205398694, 12.9925080621592 ], [ 79.935813438320906, 12.9924704129812 ], [ 79.935813469761996, 12.992470417357801 ], [ 79.935970329983604, 12.9933516869024 ], [ 79.936060611567996, 12.9933501253405 ], [ 79.936233021627203, 12.9933471527708 ], [ 79.936251631126595, 12.9942600398432 ], [ 79.936251674245796, 12.9942600380926 ], [ 79.936415820702706, 12.9942523799899 ], [ 79.936542024118594, 12.994246491767401 ], [ 79.936561845445397, 12.9943095553493 ], [ 79.936578935893607, 12.994363958584399 ], [ 79.936578952961696, 12.994364000599401 ], [ 79.937293654398303, 12.9960405602574 ], [ 79.937293679551104, 12.996040573387001 ], [ 79.937427992957495, 12.996075673134399 ], [ 79.937846797424399, 12.996185131796199 ], [ 79.938058998359097, 12.9969533367665 ], [ 79.938519940999399, 12.9972606088107 ], [ 79.938519984118599, 12.9972606368204 ], [ 79.938718229725296, 12.997689920036199 ], [ 79.9390647440664, 12.997853940636301 ], [ 79.939529501851695, 12.9980739417132 ], [ 79.939529536885999, 12.9980739565933 ], [ 79.939806225180007, 12.9987699044318 ], [ 79.940958671163102, 12.999895014182201 ], [ 79.941515704792593, 13.0005246327237 ], [ 79.941650250862693, 13.0006767177586 ], [ 79.941650282303698, 13.0006767413914 ], [ 79.9422125755693, 13.000947744764201 ], [ 79.942212612400198, 13.0009477648958 ], [ 79.9422139095674, 13.0009593642145 ], [ 79.942256460965794, 13.001339741390201 ], [ 79.942256463660797, 13.001339772025201 ], [ 79.942272696217998, 13.0015891236024 ], [ 79.942272999848498, 13.0030082311043 ], [ 79.942116657954799, 13.004490748597201 ], [ 79.942116887923504, 13.0053292017634 ], [ 79.942117023569097, 13.0057833698599 ], [ 79.942102095365698, 13.005896268430201 ], [ 79.942084769558804, 13.006027389201201 ], [ 79.941966016769797, 13.0062647833882 ], [ 79.941965086115204, 13.006266643335699 ], [ 79.941836050311196, 13.006524592100201 ], [ 79.941879042782404, 13.0067200692393 ], [ 79.941886736852794, 13.006755068571 ], [ 79.941886745835902, 13.0067550992053 ], [ 79.941951368840805, 13.006953910929999 ], [ 79.941951385908794, 13.006953945940699 ], [ 79.941877779751096, 13.0078081814189 ], [ 79.9418365336048, 13.0085719285852 ], [ 79.9418365336048, 13.0085719688472 ], [ 79.941835186131897, 13.0085724589936 ], [ 79.941782163072205, 13.0085917593792 ], [ 79.941693217282705, 13.008624134413999 ], [ 79.941550767834798, 13.0086759822501 ], [ 79.9406059323954, 13.008965525392901 ], [ 79.938817758567296, 13.0095037028597 ], [ 79.937315268762404, 13.010100677105401 ], [ 79.937315224744907, 13.0101006946105 ], [ 79.936808367413903, 13.0103176853285 ], [ 79.935683739560204, 13.010534856159 ], [ 79.935126007041305, 13.010629939397299 ], [ 79.934879135628194, 13.0106756810431 ], [ 79.934466952643206, 13.010752053932199 ], [ 79.933476060579196, 13.0111002917067 ], [ 79.932996824646494, 13.0115703980536 ], [ 79.932721605996306, 13.0119017239832 ], [ 79.932591258651897, 13.0120586439202 ], [ 79.931678912581305, 13.013093726073601 ], [ 79.931678878445396, 13.013093764584401 ], [ 79.930950724737301, 13.013925493060601 ], [ 79.929056408670107, 13.013998160924 ], [ 79.929056380822402, 13.013998164424899 ], [ 79.928420329583702, 13.014115820570201 ], [ 79.928242931179796, 13.014084731982701 ], [ 79.928111451059806, 13.0140617008684 ], [ 79.927818014575607, 13.014076011073101 ], [ 79.927461563969203, 13.0140934073795 ], [ 79.926729756812904, 13.014145793220701 ], [ 79.926258564395198, 13.014179522404101 ], [ 79.925608697067602, 13.0141796274331 ], [ 79.923147346426802, 13.0142523582393 ], [ 79.921460358832206, 13.0142841933865 ], [ 79.921440535708797, 13.014284132994799 ], [ 79.920461277726005, 13.014281170303599 ], [ 79.920059142397506, 13.0142799502175 ], [ 79.919944048446695, 13.0149262641857 ], [ 79.919967224980994, 13.0161600721909 ], [ 79.919953969440698, 13.0165441142855 ], [ 79.919944291890104, 13.0168244574269 ], [ 79.919962528588698, 13.0170435148076 ], [ 79.919995090721102, 13.017434642270601 ], [ 79.920011414906497, 13.0181285691477 ], [ 79.920020340567106, 13.018508020256199 ], [ 79.920032194735597, 13.019011947857701 ], [ 79.920041516553297, 13.019500010148301 ], [ 79.920041507570204, 13.0195000460324 ], [ 79.918806160561104, 13.0193872219242 ], [ 79.918806155171296, 13.0193871834144 ], [ 79.918769259565906, 13.019025741394101 ], [ 79.918769253277702, 13.0190257037595 ], [ 79.917529337437102, 13.018845040754099 ], [ 79.917529315877502, 13.018845080139201 ], [ 79.917473861078406, 13.018997449764701 ], [ 79.917437201729996, 13.019098179328701 ], [ 79.917008445726296, 13.0190123399582 ], [ 79.916874792581694, 13.018763778724299 ], [ 79.915054068299298, 13.018434152029201 ], [ 79.913486802775907, 13.018203810697401 ], [ 79.913135290208601, 13.0181256458877 ], [ 79.912186940559806, 13.0179147605949 ], [ 79.911384973183104, 13.017657281425199 ], [ 79.911384937250503, 13.0176572604197 ], [ 79.911398635660305, 13.017060615952801 ], [ 79.911324762702904, 13.0160527701695 ], [ 79.911144845422797, 13.014832532213999 ], [ 79.911011189583306, 13.014629176433999 ], [ 79.911011167125395, 13.0146291571787 ], [ 79.910864041946496, 13.014659546381299 ], [ 79.910748472786906, 13.0146834054168 ], [ 79.910704859579894, 13.0147059778478 ], [ 79.909665391116803, 13.0152439669316 ], [ 79.909322243661407, 13.0153241036849 ], [ 79.909084597047993, 13.0153796016098 ], [ 79.908848182923094, 13.0154089159292 ], [ 79.908683575630405, 13.0154293255833 ], [ 79.908655993757904, 13.0157908901302 ], [ 79.908706782707398, 13.016473341173601 ], [ 79.908407121796699, 13.0165864213012 ], [ 79.908107583056704, 13.0167762137511 ], [ 79.907522168952397, 13.016902875589 ], [ 79.907476129395803, 13.017241880667299 ], [ 79.907031278277202, 13.0174170877821 ], [ 79.906890868004993, 13.017472392687701 ], [ 79.906890824885906, 13.0174724058161 ], [ 79.906761674995806, 13.017133464069801 ], [ 79.906553502106803, 13.0167723977381 ], [ 79.906282180348299, 13.016301886395 ], [ 79.906127874935294, 13.016307935137 ], [ 79.905936528389901, 13.016315475277599 ], [ 79.905339232269299, 13.016279714966499 ], [ 79.904880950438894, 13.0162523043844 ], [ 79.904405234105397, 13.016268359679501 ], [ 79.903807012720094, 13.0162885775866 ], [ 79.903180185382794, 13.0165959385845 ], [ 79.902880673592307, 13.0167857844163 ], [ 79.901626919204801, 13.016835632390601 ], [ 79.900410041558004, 13.016984813907801 ], [ 79.900407335832398, 13.0170090516947 ], [ 79.900304061015703, 13.017933952600201 ], [ 79.900253522696204, 13.0192536593431 ], [ 79.900161371717701, 13.019615275200101 ], [ 79.899050488986205, 13.0195520753905 ], [ 79.899115030244403, 13.020433408889399 ], [ 79.899316246579801, 13.020618712897001 ], [ 79.899419322868795, 13.020713626850799 ], [ 79.8997235508145, 13.020803952874999 ], [ 79.899493143723902, 13.0214140876597 ], [ 79.899681667762707, 13.021859026036299 ], [ 79.899765095201502, 13.0220559019282 ], [ 79.899845768405498, 13.0220516212581 ], [ 79.900106184616504, 13.022037773626799 ], [ 79.899981815560395, 13.0229868903383 ], [ 79.899507055034405, 13.023172289584201 ], [ 79.899622256783104, 13.0235122715697 ], [ 79.899926629357495, 13.024410569964701 ], [ 79.899775891154505, 13.024442727632801 ], [ 79.899502562559704, 13.024501060054799 ], [ 79.899617878394395, 13.0251608946262 ], [ 79.899974387391296, 13.0251608491157 ], [ 79.9003691879755, 13.0251607668466 ], [ 79.900369196060396, 13.0251607983539 ], [ 79.900429715561003, 13.025664147918601 ], [ 79.900576788637693, 13.026887250434999 ], [ 79.899737907689399, 13.0271268984015 ], [ 79.899927243805195, 13.027788801935801 ], [ 79.900088283887897, 13.028351657432401 ], [ 79.900231430428406, 13.0287791985746 ], [ 79.900383399323303, 13.029232979750899 ], [ 79.900450189064699, 13.0297208626183 ], [ 79.900475588929396, 13.029906363595799 ], [ 79.900093233605105, 13.0300702176008 ], [ 79.899927084803394, 13.0301414147937 ], [ 79.899973180055596, 13.0306655739693 ], [ 79.900019284290906, 13.0311899368276 ], [ 79.900070055274099, 13.0314701583721 ], [ 79.898046433009995, 13.03139348118 ], [ 79.897975062759002, 13.031634190754 ], [ 79.897931200718602, 13.031782123229499 ], [ 79.897092255091593, 13.031782259757501 ], [ 79.897254951667705, 13.032420231383799 ], [ 79.897258214348795, 13.032433027346899 ], [ 79.897258225128596, 13.032433063229201 ], [ 79.897442729206404, 13.0329617929682 ], [ 79.8976347180473, 13.033569682736299 ], [ 79.897723969264007, 13.0338522137911 ], [ 79.897806042941596, 13.0344229906683 ], [ 79.897871499583104, 13.034878070750899 ], [ 79.897922282244494, 13.0361119902825 ], [ 79.897998127902198, 13.0366720342123 ], [ 79.898002897956403, 13.036707255979699 ], [ 79.898120596123206, 13.0375763059523 ], [ 79.898120600614803, 13.037576335707699 ], [ 79.898272812054799, 13.038552478912001 ], [ 79.898291698235397, 13.0388422024224 ], [ 79.898314398662606, 13.039189744340099 ], [ 79.898381471373298, 13.039775994703501 ], [ 79.898420430408805, 13.040116275066501 ], [ 79.899153369442402, 13.039876655429 ], [ 79.899169609186103, 13.039955102172099 ], [ 79.899213278088695, 13.0401659590671 ], [ 79.899554481589803, 13.041530884195399 ], [ 79.899775847137093, 13.041937605664 ], [ 79.900080093049098, 13.042787231901499 ], [ 79.900159145692399, 13.0432451714303 ], [ 79.900186183185795, 13.043401879851301 ], [ 79.900363548352203, 13.044345713719601 ], [ 79.900421441178906, 13.044653793377 ], [ 79.900434194561001, 13.044961243430301 ], [ 79.900437244341404, 13.045034775567499 ], [ 79.900458368225301, 13.045544142366101 ], [ 79.900656627306901, 13.046773495668999 ], [ 79.9006429576432, 13.0483869265679 ], [ 79.900642959439807, 13.0483869615727 ], [ 79.900667595736493, 13.049102884408899 ], [ 79.900679976317704, 13.049462611910201 ], [ 79.9007580722553, 13.0494531974041 ], [ 79.900979569854897, 13.0494264643353 ], [ 79.902267878838103, 13.049279267008 ], [ 79.903275311581496, 13.049164154039101 ], [ 79.9040744339936, 13.0490498312484 ], [ 79.904856474940601, 13.048937948235499 ], [ 79.9055570961835, 13.0487843211171 ], [ 79.906640429381895, 13.0485672450921 ], [ 79.907557782661797, 13.048305040649 ], [ 79.907557762898904, 13.048304996893 ], [ 79.907290329048905, 13.0474238002656 ], [ 79.908064795401401, 13.0473965996611 ], [ 79.908936044446094, 13.047269904418201 ], [ 79.908936073192095, 13.047269897417101 ], [ 79.909503070934804, 13.047070942155999 ], [ 79.909779605617004, 13.0468449855983 ], [ 79.909922290423495, 13.046782779883401 ], [ 79.910152979585007, 13.046682204230599 ], [ 79.910311778371096, 13.046674541622099 ], [ 79.910434170235305, 13.0466686283914 ], [ 79.910785336951193, 13.046630547253001 ], [ 79.911268531759404, 13.04657813503 ], [ 79.911706416442897, 13.046591627737101 ], [ 79.911821684666904, 13.046401802136399 ], [ 79.911936951094305, 13.046234562574 ], [ 79.911936975348794, 13.0462345223181 ], [ 79.912322696660496, 13.046365288310501 ], [ 79.912430231288198, 13.0464017373769 ], [ 79.912803595374797, 13.0463881142655 ], [ 79.912918957921804, 13.046894354952199 ], [ 79.913232396294205, 13.046943991209501 ], [ 79.914099057642602, 13.0468986920758 ], [ 79.914882757777903, 13.0469120928772 ], [ 79.915860047552002, 13.046984270615001 ], [ 79.915860078094695, 13.0469842758658 ], [ 79.916311827376305, 13.0471107480982 ], [ 79.916984863153502, 13.047336700912499 ], [ 79.916957243551806, 13.047517411383 ], [ 79.916929620356797, 13.047802248208599 ], [ 79.9172522970035, 13.047752454601399 ], [ 79.917252333834398, 13.0477524476004 ], [ 79.917350488253902, 13.047731867336701 ], [ 79.917707108641906, 13.047657074073999 ], [ 79.917791658974807, 13.047639342328401 ], [ 79.917999097940196, 13.0472010006053 ], [ 79.918063499959501, 13.046581762431201 ], [ 79.918100120680407, 13.0449909191776 ], [ 79.918100117985503, 13.0449908771712 ], [ 79.918024021697804, 13.0445030620415 ], [ 79.917989435660999, 13.044281344917099 ], [ 79.917998514035304, 13.0433366960493 ], [ 79.918505498927104, 13.0432371954156 ], [ 79.918390210041807, 13.042500496368501 ], [ 79.918390183092399, 13.042500494618199 ], [ 79.918390177702506, 13.0425004587374 ], [ 79.918062906173105, 13.042477936972899 ], [ 79.917947554405799, 13.041628304422099 ], [ 79.917753930631207, 13.0415334676229 ], [ 79.917809055748606, 13.0403944981653 ], [ 79.917610816429999, 13.040367359798401 ], [ 79.917509307701195, 13.0397753575935 ], [ 79.917566215076107, 13.0397668773799 ], [ 79.9176614445811, 13.0397526771785 ], [ 79.917596782050296, 13.0391697260873 ], [ 79.917695027199699, 13.0391300623922 ], [ 79.917753567711799, 13.039106427125599 ], [ 79.917753495846597, 13.038622824764399 ], [ 79.917647348217699, 13.037967518256901 ], [ 79.917647314980002, 13.037967513006 ], [ 79.917075672947206, 13.0378907188055 ], [ 79.917183993600901, 13.037313289961 ], [ 79.917255416852399, 13.0369325584264 ], [ 79.917061681686704, 13.0364219119101 ], [ 79.917361304868194, 13.036354090277699 ], [ 79.917361313851401, 13.0363540648979 ], [ 79.917403743977204, 13.0360945806448 ], [ 79.917481019752898, 13.035621865585 ], [ 79.917905056008095, 13.0353370348619 ], [ 79.918033613908406, 13.0351789709493 ], [ 79.918101409762897, 13.035095613877001 ], [ 79.918195450796702, 13.034979962204799 ], [ 79.918195484034399, 13.034979952578 ], [ 79.918407462186906, 13.0349347370198 ], [ 79.9192002218319, 13.034858036396299 ], [ 79.919670544680301, 13.0348125503887 ], [ 79.9199708451916, 13.0347606607631 ], [ 79.920523740282704, 13.0346651553279 ], [ 79.920901267162293, 13.0345999420938 ], [ 79.921429016611896, 13.0344913843158 ], [ 79.921429053442907, 13.034491337931801 ], [ 79.921956804689103, 13.034382789733 ], [ 79.922301034614406, 13.0342909817471 ], [ 79.922482341588207, 13.0342426189496 ], [ 79.923339673034107, 13.034088769162301 ], [ 79.924141687123196, 13.033858214845299 ], [ 79.924141729344001, 13.033858204343201 ], [ 79.924736263145107, 13.033722524647599 ], [ 79.924736305365897, 13.0337225150208 ], [ 79.924812919083294, 13.0337051726032 ], [ 79.925035971666603, 13.033654680396101 ], [ 79.925699668558096, 13.033518925324101 ], [ 79.927649511289601, 13.0334236863377 ], [ 79.929940448826102, 13.033138517893001 ], [ 79.930648355405907, 13.033076823334101 ], [ 79.931447778753693, 13.0330071874225 ], [ 79.932397359094395, 13.032907577613701 ], [ 79.933019571786105, 13.0328532721042 ], [ 79.933392247763194, 13.0328387468159 ], [ 79.933955343224298, 13.03281683767 ], [ 79.934992586560398, 13.032794057722301 ], [ 79.935803776041695, 13.0326672928632 ], [ 79.936050200992099, 13.0326231078402 ], [ 79.936232488027898, 13.032590452383999 ], [ 79.936771734116604, 13.0325948378931 ], [ 79.936771769150894, 13.032594839643499 ], [ 79.937827420763696, 13.0327030875658 ], [ 79.938698636570706, 13.0328068011556 ], [ 79.939031631266701, 13.032830690824801 ], [ 79.939703559421105, 13.0328789016176 ], [ 79.940403924644201, 13.0329663071214 ], [ 79.941077317052503, 13.0330503650507 ], [ 79.941193312013596, 13.033071455012401 ], [ 79.941275472827797, 13.0330864029964 ], [ 79.941275510557006, 13.0330864056219 ], [ 79.941411628678793, 13.033100247384301 ], [ 79.941985395227206, 13.0331585646392 ], [ 79.942396110364896, 13.033153056291299 ], [ 79.942667669278705, 13.033149385809599 ], [ 79.9429521827972, 13.0331249728169 ], [ 79.943248466940801, 13.033099548995001 ], [ 79.943766049258002, 13.033126647025799 ], [ 79.944193406584802, 13.033149028738499 ], [ 79.944403567445505, 13.033144563598301 ], [ 79.944838774251195, 13.0331353007515 ], [ 79.945202889283607, 13.0331641920107 ], [ 79.945521019556693, 13.033189433789699 ], [ 79.945716236044305, 13.033161962941501 ], [ 79.945811390989107, 13.033148580649099 ], [ 79.945811422430097, 13.033148580649099 ], [ 79.946429116595993, 13.033238876757901 ], [ 79.946765586873795, 13.0332342715915 ], [ 79.946996004744193, 13.0330759674133 ], [ 79.947309444014806, 13.032944868831001 ], [ 79.9475873971368, 13.0329319416181 ], [ 79.947798080816995, 13.032922116900799 ], [ 79.948100611845106, 13.0329097996838 ], [ 79.948466469609201, 13.032894903324401 ], [ 79.948655688045704, 13.032812359396299 ], [ 79.948964224311496, 13.0326778046039 ], [ 79.949022540244798, 13.032794845380501 ], [ 79.949056506443995, 13.0328630311861 ], [ 79.949159974398398, 13.033302073949899 ], [ 79.949250353000807, 13.0336855696137 ], [ 79.951103685229796, 13.034539269222099 ], [ 79.951672549671699, 13.0348228283683 ], [ 79.952163987420903, 13.035067742413601 ], [ 79.952177896036403, 13.0354202859578 ], [ 79.952233956300105, 13.0354554553934 ], [ 79.952408477400198, 13.0355649106687 ], [ 79.953058174047996, 13.035746040192 ], [ 79.953072323412002, 13.0357499854371 ], [ 79.953028517067196, 13.0358917490418 ], [ 79.952980131111005, 13.0360483369723 ], [ 79.953000627970894, 13.0360594900647 ], [ 79.953083016957194, 13.0361043212204 ], [ 79.9531876482299, 13.0361612138759 ], [ 79.954371290007799, 13.0369447739245 ], [ 79.954382853122098, 13.036952428957999 ], [ 79.954395538232305, 13.0369608243775 ], [ 79.954395578656403, 13.036960852382601 ], [ 79.955626635311702, 13.037769475304099 ], [ 79.956493210421897, 13.037742137113201 ], [ 79.957802469914199, 13.0378140418523 ], [ 79.959604800292894, 13.0378632327263 ], [ 79.960477508201507, 13.0378452736126 ], [ 79.961162927254904, 13.0378311669428 ], [ 79.965353020981297, 13.037703273959201 ], [ 79.965353047930705, 13.0377032722088 ], [ 79.968779844058602, 13.037479284077801 ], [ 79.968828758224106, 13.0374760871214 ], [ 79.968876397680305, 13.037733458169001 ], [ 79.9688769267879, 13.037736319061301 ], [ 79.968953412046204, 13.0381495334305 ], [ 79.969045677110699, 13.0385608296443 ], [ 79.969044673692494, 13.0385904352719 ], [ 79.969041331959701, 13.0386890626199 ], [ 79.969036601431398, 13.0388274105636 ], [ 79.968889266046702, 13.0392477599824 ], [ 79.968285599074093, 13.039835533846 ], [ 79.968262718983794, 13.040350794978799 ], [ 79.968299680166197, 13.040712324888901 ], [ 79.968299684657794, 13.0407123563942 ], [ 79.968438424961803, 13.041792511225299 ], [ 79.968609351004204, 13.042291403124599 ], [ 79.968669102445304, 13.0424658031361 ], [ 79.968669109631804, 13.0424658337661 ], [ 79.968780142299195, 13.043527850711699 ], [ 79.968828083589301, 13.043778027088999 ], [ 79.968849414984106, 13.0438893908554 ], [ 79.968930257071406, 13.044201406565101 ], [ 79.969089452014501, 13.044815899602201 ], [ 79.9691641783714, 13.0451215108013 ], [ 79.969218707905796, 13.0453446212566 ], [ 79.969278773757296, 13.045737790317601 ], [ 79.969463499718998, 13.0467817262314 ], [ 79.969643755663895, 13.0479477854335 ], [ 79.969736092593706, 13.0484538356509 ], [ 79.9697361015768, 13.048453873281099 ], [ 79.969869999961503, 13.049009782335601 ], [ 79.9703126690723, 13.0493621712404 ], [ 79.970685029740693, 13.0495895895671 ], [ 79.971391270843995, 13.0500209410139 ], [ 79.971414698008303, 13.050035249139899 ], [ 79.971659476346801, 13.050041224423101 ], [ 79.971660968448504, 13.050041260302899 ], [ 79.971958700676396, 13.050048561384701 ], [ 79.972738287425997, 13.0500180190056 ], [ 79.973821074448693, 13.0499756328177 ], [ 79.9753837998866, 13.0498755887836 ], [ 79.976688321664099, 13.049748557891601 ], [ 79.9770295233686, 13.0497981962012 ], [ 79.977725805748705, 13.050444155779999 ], [ 79.978357476802003, 13.050498180016801 ], [ 79.979127587223701, 13.051112598771301 ], [ 79.980229643109197, 13.0518984856185 ], [ 79.980229671855298, 13.0518985048709 ], [ 79.980434621588998, 13.0519932825626 ], [ 79.980473939950699, 13.052011466426601 ], [ 79.980473983968196, 13.0520114821786 ], [ 79.981248471880207, 13.0522235548176 ], [ 79.981741881431503, 13.052286622893799 ], [ 79.982101563277993, 13.0522547313766 ], [ 79.982714523322201, 13.052200380233799 ], [ 79.983751618436301, 13.0519604362648 ], [ 79.984189933412907, 13.0528234434182 ], [ 79.984189945091003, 13.0528234731718 ], [ 79.984223989443606, 13.052949342094999 ], [ 79.984273058119399, 13.0531307249175 ], [ 79.984864158559503, 13.053130583150701 ], [ 79.985098255929302, 13.053130519268199 ], [ 79.985637622392105, 13.0531664510259 ], [ 79.985739409598693, 13.054029586983001 ], [ 79.985948744009306, 13.054567938644199 ], [ 79.985956028448001, 13.054586671005699 ], [ 79.986233163204702, 13.055299398409799 ], [ 79.986380583929403, 13.0557235588649 ], [ 79.986537872647403, 13.0561761066096 ], [ 79.986537892410297, 13.056176159990301 ], [ 79.986800561595999, 13.056081079370299 ], [ 79.986871677623796, 13.056040447909499 ], [ 79.986871824947499, 13.0560403639005 ], [ 79.9871093987975, 13.0559046246173 ], [ 79.987954500579093, 13.0553729003437 ], [ 79.988985226637794, 13.0547243747331 ], [ 79.989871175713702, 13.054285238732801 ], [ 79.9898758173088, 13.0542829380957 ], [ 79.990837933639298, 13.0538060389396 ] ] ] } },
{ "type": "Feature", "properties": { "ac_no": 30, "ac_name": "Pallavaram", "district": "Chengalpattu", "male": 164338.0, "female": 172601.0, "third_gender": 24.0, "electors_total": 336963.0, "source": "OpenCity CKAN — TN SIR voter rolls 2026 (AC electors 06.04.2026) + Chennai AC map 2021", "metric": "registered_electors_18plus_not_total_population", "note": "SIR electors at assembly constituency level. Not GCC ward households; not total population (excludes under-18). Includes ACs on the OpenCity Chennai AC map (Chennai district + some adjoining ACs). Boundaries are 2021." }, "geometry": { "type": "Polygon", "coordinates": [ [ [ 80.149112779979802, 12.9909591262179 ], [ 80.149140342089296, 12.9898066307438 ], [ 80.148946750654005, 12.987953638758 ], [ 80.148992739904998, 12.986421481806801 ], [ 80.149444291557202, 12.983831812622901 ], [ 80.149998679648306, 12.9821336158293 ], [ 80.149974241879306, 12.9821188135844 ], [ 80.149785207597503, 12.9819968670376 ], [ 80.149628545903497, 12.9817572691354 ], [ 80.149536332941196, 12.981436387995499 ], [ 80.149421159938697, 12.981142695061701 ], [ 80.149319724871702, 12.981002549333899 ], [ 80.149250567171293, 12.980912166804099 ], [ 80.149015541841806, 12.980776593823199 ], [ 80.149314994343499, 12.978421904745799 ], [ 80.149821886708807, 12.9775134247443 ], [ 80.149927845691494, 12.9766365966943 ], [ 80.149554496876306, 12.975452516811499 ], [ 80.148904655599793, 12.974272979776 ], [ 80.1483838761784, 12.972908066144599 ], [ 80.147982850269301, 12.971633574727599 ], [ 80.147664873608207, 12.9705759367725 ], [ 80.147563461897406, 12.9691523002745 ], [ 80.147637086919801, 12.968334290850001 ], [ 80.147955042919605, 12.967484617051699 ], [ 80.148392803635701, 12.9667885570843 ], [ 80.148885925726105, 12.966241649394799 ], [ 80.149392820786403, 12.965970506623099 ], [ 80.149922711819698, 12.9658800538497 ], [ 80.150752212559794, 12.965997527069399 ], [ 80.151415910349598, 12.9663636080447 ], [ 80.151876740700402, 12.9669375953382 ], [ 80.152240846749706, 12.967696837275099 ], [ 80.152793888266203, 12.968998482783901 ], [ 80.153227196033399, 12.970214246856001 ], [ 80.153605045408199, 12.9706977829981 ], [ 80.154088945393795, 12.970910219329101 ], [ 80.154614368206893, 12.970937274254799 ], [ 80.155185755118097, 12.970543990098699 ], [ 80.155637343601299, 12.9701824323206 ], [ 80.156683404800205, 12.969603840037699 ], [ 80.157351568115303, 12.9692423150337 ], [ 80.158301000234005, 12.9704715362458 ], [ 80.158803411802694, 12.9709596309389 ], [ 80.159499275567896, 12.971321118431399 ], [ 80.160503910957502, 12.9715650998474 ], [ 80.160544403417205, 12.9715762750976 ], [ 80.161600754817698, 12.9718678241197 ], [ 80.162614609616995, 12.972016896097101 ], [ 80.163490173269906, 12.9717772439325 ], [ 80.164411841158199, 12.9712619313825 ], [ 80.165172201265804, 12.9711172866919 ], [ 80.166080060251502, 12.970873148140999 ], [ 80.166817278859099, 12.9702990911413 ], [ 80.167849446713802, 12.9694176689471 ], [ 80.169849312131902, 12.9676593209022 ], [ 80.170913724115493, 12.966904419999601 ], [ 80.172545012569103, 12.9665698431756 ], [ 80.175042694673294, 12.9660226137295 ], [ 80.177936603886295, 12.965565756337901 ], [ 80.180107229158494, 12.9660535183693 ], [ 80.182213242205606, 12.9665368026011 ], [ 80.185282720852697, 12.9681407890539 ], [ 80.185849303573704, 12.9683616393158 ], [ 80.186024274729803, 12.968207039600999 ], [ 80.186027462850802, 12.9682093174009 ], [ 80.186890696228105, 12.9688260200257 ], [ 80.189172067605099, 12.9697521473986 ], [ 80.189941677665203, 12.9699101173091 ], [ 80.190628431615096, 12.970099792244801 ], [ 80.191089210762001, 12.9700409603166 ], [ 80.1914763029027, 12.9698375415913 ], [ 80.191863368094104, 12.969616015081099 ], [ 80.192420894000406, 12.969290497913599 ], [ 80.192789505100905, 12.969077956902099 ], [ 80.194411610975706, 12.968725102863401 ], [ 80.195011917350797, 12.968605064252399 ], [ 80.195181150068905, 12.9685712238305 ], [ 80.195734180805601, 12.9685349769228 ], [ 80.195880238785904, 12.968537395659499 ], [ 80.195880262142097, 12.9685370673837 ], [ 80.1958802432775, 12.9685370236135 ], [ 80.195904869692697, 12.9681938691547 ], [ 80.195976753780002, 12.9671920089026 ], [ 80.195954600426802, 12.966419931917899 ], [ 80.195901435433399, 12.9655891797573 ], [ 80.195835628448904, 12.9641488546517 ], [ 80.195685986190597, 12.9627717477433 ], [ 80.195633132014194, 12.960211554071201 ], [ 80.195768576399502, 12.959927057884901 ], [ 80.196062977674302, 12.9597599491183 ], [ 80.196616099140797, 12.959683138595 ], [ 80.197390270845901, 12.959759731135399 ], [ 80.198224430249098, 12.9597596155782 ], [ 80.198871634071907, 12.959714331163999 ], [ 80.199810309763507, 12.959528964202899 ], [ 80.200344999596993, 12.9592127668563 ], [ 80.200757963217896, 12.9588649693588 ], [ 80.200953226417994, 12.958499097090201 ], [ 80.200967639886699, 12.958273251579699 ], [ 80.200919259320401, 12.9579978236067 ], [ 80.200732107907399, 12.9577133634104 ], [ 80.200589951310306, 12.957410742731501 ], [ 80.200691024356203, 12.9567739247682 ], [ 80.200798476338903, 12.956245570281499 ], [ 80.200960873775998, 12.955712607194 ], [ 80.2011361476643, 12.9553195852532 ], [ 80.201675504245799, 12.954610337615399 ], [ 80.202331316623997, 12.9536841819221 ], [ 80.202293227157597, 12.9531106622072 ], [ 80.202045767347997, 12.952821670313201 ], [ 80.201717143854097, 12.952641110615801 ], [ 80.201223265382296, 12.952550927893901 ], [ 80.200799256076607, 12.952158156598699 ], [ 80.200368163554899, 12.9516434293892 ], [ 80.199726357708599, 12.9509164921589 ], [ 80.1990740550482, 12.950401851681701 ], [ 80.199056658274401, 12.950391491415401 ], [ 80.198945100092502, 12.950325052279799 ], [ 80.198592199628095, 12.950280090948199 ], [ 80.198223434017393, 12.9502802108872 ], [ 80.197699485339797, 12.950384259189301 ], [ 80.197405060708803, 12.9505515545926 ], [ 80.197118534964105, 12.9508542781552 ], [ 80.196937863997505, 12.9512336481648 ], [ 80.196297392149305, 12.951866219424399 ], [ 80.195865365379802, 12.9521237177528 ], [ 80.195618367304206, 12.9521554803176 ], [ 80.195045570936301, 12.951975029569899 ], [ 80.194518983008294, 12.9517177946018 ], [ 80.194055008554002, 12.951505705209099 ], [ 80.193513261555594, 12.951383931007699 ], [ 80.192953126941603, 12.951338990002901 ], [ 80.1925219499783, 12.9512939474362 ], [ 80.191844543897304, 12.951294231086299 ], [ 80.1909552396138, 12.951294554132099 ], [ 80.189640954945801, 12.9513536627595 ], [ 80.188841079745401, 12.9514622997873 ], [ 80.188250287427493, 12.9514444377274 ], [ 80.187461438148901, 12.951110536997501 ], [ 80.186716368265806, 12.9506592578488 ], [ 80.186217664942504, 12.950009259095699 ], [ 80.185605984099297, 12.9491606162245 ], [ 80.185260860350297, 12.9482215795625 ], [ 80.1850870237664, 12.9477701095808 ], [ 80.185085783193003, 12.947769889836501 ], [ 80.184807701611902, 12.9477205130208 ], [ 80.184610768443704, 12.947738722036 ], [ 80.183890837015497, 12.947874405815099 ], [ 80.183426703559306, 12.947892653339901 ], [ 80.182343708127505, 12.9481188645799 ], [ 80.181510173951807, 12.9480424129131 ], [ 80.180664591571499, 12.948074330081701 ], [ 80.180341470258796, 12.948218931254299 ], [ 80.180018347149399, 12.948363532342899 ], [ 80.179400762578098, 12.9485127645986 ], [ 80.178016588082599, 12.9480753377526 ], [ 80.176781261734803, 12.947818488345 ], [ 80.176082729075006, 12.947606528705601 ], [ 80.175290123940201, 12.947123765414499 ], [ 80.174615942811101, 12.9471692455982 ], [ 80.174135854377198, 12.947304782607199 ], [ 80.173782147225594, 12.947318499580501 ], [ 80.173269642186298, 12.9472148851104 ], [ 80.172604854740101, 12.9467907352493 ], [ 80.171569975769899, 12.9459424771355 ], [ 80.170543422385705, 12.9447647062133 ], [ 80.169644844793496, 12.9439615962918 ], [ 80.167469735131405, 12.942662549711001 ], [ 80.166136335212499, 12.941665568332599 ], [ 80.165801300442396, 12.941209802663201 ], [ 80.165469692745205, 12.9405780711029 ], [ 80.165211151318204, 12.939228525259299 ], [ 80.164522608822594, 12.938269592020401 ], [ 80.164096437272093, 12.9381966989038 ], [ 80.163355486164406, 12.938214962896099 ], [ 80.162631471893206, 12.9385576456081 ], [ 80.161956113072705, 12.938610167310699 ], [ 80.161481546582905, 12.938269856424 ], [ 80.161136739939195, 12.937850622218299 ], [ 80.160694405900003, 12.9375540989938 ], [ 80.160290384109402, 12.9375486034097 ], [ 80.159954095291198, 12.937624899826901 ], [ 80.159571210859198, 12.937795735602201 ], [ 80.159154137445896, 12.938108847690099 ], [ 80.158886553577204, 12.938281232784201 ], [ 80.158453235928604, 12.938337024569201 ], [ 80.157797716401106, 12.938218419405301 ], [ 80.156871782413603, 12.9375021654125 ], [ 80.156869254554394, 12.937500207769 ], [ 80.155702244185605, 12.9365974531652 ], [ 80.154621214267607, 12.936217691414001 ], [ 80.154385683186703, 12.9362761916308 ], [ 80.154146154602699, 12.9363538481128 ], [ 80.153696134577999, 12.9365706379026 ], [ 80.153380655233306, 12.9367277025628 ], [ 80.152740761001994, 12.936970404596 ], [ 80.152119415184501, 12.937123288431099 ], [ 80.150507595019704, 12.937068117988799 ], [ 80.1481431537334, 12.937225435358799 ], [ 80.147541313934099, 12.9374397440666 ], [ 80.147475684816101, 12.937500060683 ], [ 80.147471514836496, 12.937503892796499 ], [ 80.147048683222195, 12.937892495241201 ], [ 80.146507326092603, 12.938411013781099 ], [ 80.1458075986734, 12.9389888327874 ], [ 80.144809962956501, 12.939515035976299 ], [ 80.143925982987696, 12.939691752091001 ], [ 80.141842167311296, 12.9407515506162 ], [ 80.141164270750195, 12.9413769159924 ], [ 80.140448335926607, 12.9421774243896 ], [ 80.140015552775495, 12.9426003082575 ], [ 80.139582766031197, 12.9430231922837 ], [ 80.138976487656095, 12.9435739926093 ], [ 80.138390389933804, 12.9438828819618 ], [ 80.137859333785599, 12.944064263084901 ], [ 80.135544268398903, 12.944635665683 ], [ 80.135542603820696, 12.9446360762861 ], [ 80.135436782280195, 12.944662193794301 ], [ 80.134954418413699, 12.9447812458929 ], [ 80.132808673780005, 12.945096825079499 ], [ 80.132756404406805, 12.945091245615099 ], [ 80.132751241788895, 12.945090897172101 ], [ 80.132192160898796, 12.945053237315999 ], [ 80.131701419343898, 12.945076329105 ], [ 80.130482049770507, 12.945133708374099 ], [ 80.129673913662799, 12.9451058968524 ], [ 80.129643755422094, 12.9450674210467 ], [ 80.129589222294399, 12.9449958702851 ], [ 80.129575535562793, 12.9451184942018 ], [ 80.129483573230502, 12.9459424088479 ], [ 80.129233946684394, 12.947020677025799 ], [ 80.128598322145606, 12.9481261984266 ], [ 80.127992721998496, 12.948880941769 ], [ 80.127327473716505, 12.9493778501226 ], [ 80.126984221158196, 12.9494999553564 ], [ 80.125711734202099, 12.949509774619701 ], [ 80.119735247108395, 12.949456010296 ], [ 80.119723441448897, 12.9494559043642 ], [ 80.117399905847407, 12.950157488831501 ], [ 80.117201756360402, 12.949548394192099 ], [ 80.116883215557294, 12.948569217702101 ], [ 80.116321172023305, 12.9469926118259 ], [ 80.115937586007107, 12.9469859144184 ], [ 80.114161708318605, 12.947299459706899 ], [ 80.113110427009602, 12.9471484853999 ], [ 80.112514564600104, 12.946935192712701 ], [ 80.112485946970097, 12.9469249487409 ], [ 80.111224087982094, 12.9465981420937 ], [ 80.111215006014604, 12.9465957896803 ], [ 80.110775444176397, 12.9465455756735 ], [ 80.110612749397006, 12.9465769966368 ], [ 80.108582379886798, 12.9469691087398 ], [ 80.106657794187797, 12.9475524479243 ], [ 80.104522120566699, 12.9486689383842 ], [ 80.103536594139797, 12.9493782782273 ], [ 80.103532040579594, 12.949648271191201 ], [ 80.103536588749904, 12.9500595695815 ], [ 80.103439800667999, 12.950497920062499 ], [ 80.103481143832298, 12.950990585319101 ], [ 80.103656162599094, 12.9518809718169 ], [ 80.103762036241804, 12.952631259959301 ], [ 80.104166677869998, 12.9533591823264 ], [ 80.104166677869998, 12.9534760101152 ], [ 80.1041869402695, 12.953503058181299 ], [ 80.104583159293597, 12.954031953387799 ], [ 80.104856525617706, 12.954844781620899 ], [ 80.104887173440204, 12.9549359107494 ], [ 80.105315697678506, 12.955573243798799 ], [ 80.105656543650198, 12.956346081919699 ], [ 80.105707181682703, 12.9571370594368 ], [ 80.105955917100104, 12.957923457642901 ], [ 80.106121678727902, 12.958845452379499 ], [ 80.106301298665599, 12.959659065047999 ], [ 80.106467047716905, 12.9605584296103 ], [ 80.106821773557996, 12.961588936895801 ], [ 80.107135156234804, 12.9617968524242 ], [ 80.107267702654994, 12.9619361948275 ], [ 80.107522175612004, 12.9622037142347 ], [ 80.108038285590496, 12.9621811492883 ], [ 80.108563646419796, 12.962181210568 ], [ 80.1087663252125, 12.9624795621353 ], [ 80.108872349772199, 12.9627733681506 ], [ 80.108918359684495, 12.963171066206501 ], [ 80.109217792423195, 12.9637089104243 ], [ 80.109443534562502, 12.964215119392801 ], [ 80.109733844909499, 12.964766550431399 ], [ 80.110097846754201, 12.9651145760454 ], [ 80.110530964976903, 12.965539507083401 ], [ 80.111097782158197, 12.965647992603699 ], [ 80.111890351360302, 12.9658017526375 ], [ 80.112324001385701, 12.9661355461261 ], [ 80.112489399195795, 12.966262857087001 ], [ 80.113070075585298, 12.9666063626218 ], [ 80.113687550562204, 12.967013216570001 ], [ 80.114567690233102, 12.967551141775401 ], [ 80.115166701237598, 12.967506032109201 ], [ 80.1155492200553, 12.967451767437099 ], [ 80.115931842179194, 12.966751323331399 ], [ 80.1166598557501, 12.967298229900701 ], [ 80.117295718342504, 12.9689027086729 ], [ 80.117310580968805, 12.968993268897099 ], [ 80.117406242563405, 12.9695761441751 ], [ 80.117673462614405, 12.970389700754801 ], [ 80.117913035215807, 12.971365982296 ], [ 80.118067225644396, 12.9716153823416 ], [ 80.118090799234096, 12.9716535126427 ], [ 80.118608804657896, 12.972491376343299 ], [ 80.119244716657604, 12.973137767580599 ], [ 80.119415088439496, 12.9741410937879 ], [ 80.119534918308503, 12.974669937261099 ], [ 80.119562524435494, 12.9752032028993 ], [ 80.119447254414794, 12.975998613785301 ], [ 80.119327405681204, 12.9769432443416 ], [ 80.119188959126205, 12.9784843849732 ], [ 80.119264878445904, 12.9790783603977 ], [ 80.119268976560207, 12.9791104188972 ], [ 80.119363991367806, 12.979853786615401 ], [ 80.119437647831205, 12.980576982942299 ], [ 80.119760229256499, 12.981313647164701 ], [ 80.120276414693393, 12.981720484055201 ], [ 80.120737187552095, 12.982317053298299 ], [ 80.120820107442697, 12.9828549033827 ], [ 80.120824696037204, 12.9831396595862 ], [ 80.120276247606796, 12.9838582183847 ], [ 80.120119461046997, 12.9845858681982 ], [ 80.120469668362205, 12.985435606982501 ], [ 80.120995096565096, 12.9850966249764 ], [ 80.121589607010094, 12.984784837732599 ], [ 80.122575835021095, 12.984644841116801 ], [ 80.123907750923195, 12.9850290667884 ], [ 80.124410120271094, 12.9854448689851 ], [ 80.124760244941299, 12.986579271309999 ], [ 80.125027581773296, 12.987031313378001 ], [ 80.126036756350004, 12.9884459296067 ], [ 80.126399092718103, 12.989153316105799 ], [ 80.126405060226503, 12.989164965869399 ], [ 80.126525234150293, 12.989399580383401 ], [ 80.126912330782702, 12.9901453375978 ], [ 80.127271850932402, 12.990719354891301 ], [ 80.127764960446399, 12.9910719597548 ], [ 80.128165925270096, 12.9911307324353 ], [ 80.128562300601004, 12.9912165805786 ], [ 80.129290499224794, 12.990981601020399 ], [ 80.129986421380494, 12.990791829101999 ], [ 80.130318245571701, 12.990574854572699 ], [ 80.132111007096, 12.9903082961597 ], [ 80.1329198573643, 12.990134941347501 ], [ 80.132954478435394, 12.990127520331001 ], [ 80.134489119842598, 12.9904846663459 ], [ 80.135028401863906, 12.990543382269299 ], [ 80.135516936258099, 12.9910134032652 ], [ 80.1355814658382, 12.9916597507078 ], [ 80.135512292866395, 12.992396409204 ], [ 80.135470824836204, 12.9927625265817 ], [ 80.135489244791103, 12.9929025851466 ], [ 80.1355306858718, 12.9933545544342 ], [ 80.135655134877993, 12.993711645039999 ], [ 80.135917849877799, 12.9940144587527 ], [ 80.136102219208396, 12.9941771793168 ], [ 80.136212774870401, 12.9943941174367 ], [ 80.136493960130807, 12.994511563176401 ], [ 80.136890286952607, 12.9947195378285 ], [ 80.137802873771705, 12.9949364387115 ], [ 80.138696980448699, 12.995320591567699 ], [ 80.139591098803805, 12.9954381699159 ], [ 80.140116481192706, 12.995790706807201 ], [ 80.140646515058094, 12.996084472579099 ], [ 80.141148869134597, 12.9962154593611 ], [ 80.141780283269796, 12.9964098820021 ], [ 80.142471669831593, 12.996378237128001 ], [ 80.142987836403904, 12.9962923426275 ], [ 80.143407230165707, 12.996292290109301 ], [ 80.143536112357793, 12.996247033356299 ], [ 80.143715984722107, 12.9961838696064 ], [ 80.144167698969397, 12.996097945278301 ], [ 80.144614762638597, 12.995804217160501 ], [ 80.144882045571507, 12.995686692379399 ], [ 80.145467350081404, 12.9953205653085 ], [ 80.146048092946302, 12.9949228416552 ], [ 80.146439843750102, 12.9947194397937 ], [ 80.146849983067895, 12.994443761586799 ], [ 80.147278630375297, 12.994294648792501 ], [ 80.147393806971195, 12.9942403847168 ], [ 80.1477993891354, 12.994109312862699 ], [ 80.148052845199601, 12.994018868577699 ], [ 80.148209548216101, 12.9939421062757 ], [ 80.1483155584028, 12.9938652144036 ], [ 80.148799452998503, 12.993575964377699 ], [ 80.149412452568598, 12.993309307649501 ], [ 80.149588313056896, 12.993266174742899 ], [ 80.149384813203994, 12.992852799762399 ], [ 80.149237297257898, 12.9922020140563 ], [ 80.149112779979802, 12.9909591262179 ] ] ] } }
]
}
