{"type":"FeatureCollection","features":[{"type":"Feature","properties":{"facility_layer":"schools","facility_name":"schools 4","walk_network_m":500.7,"walk_min_to_pt":6.26,"walk_band":"band_5_10min"},"geometry":{"type":"LineString","coordinates":[[80.25407,13.08984],[80.25105,13.090170000000002]]}},{"type":"Feature","properties":{"facility_layer":"schools","facility_name":"schools 5","walk_network_m":421.1,"walk_min_to_pt":5.26,"walk_band":"band_5_10min"},"geometry":{"type":"LineString","coordinates":[[80.2442,13.07501],[80.24213299996269,13.0740740004334]]}},{"type":"Feature","properties":{"facility_layer":"schools","facility_name":"schools 14","walk_network_m":421.1,"walk_min_to_pt":5.26,"walk_band":"band_5_10min"},"geometry":{"type":"LineString","coordinates":[[80.2442,13.07501],[80.24213299996269,13.0740740004334]]}},{"type":"Feature","properties":{"facility_layer":"schools","facility_name":"schools 17","walk_network_m":449.6,"walk_min_to_pt":5.62,"walk_band":"band_5_10min"},"geometry":{"type":"LineString","coordinates":[[80.20613,13.07362],[80.20433,13.07659]]}},{"type":"Feature","properties":{"facility_layer":"schools","facility_name":"schools 20","walk_network_m":554.1,"walk_min_to_pt":6.93,"walk_band":"band_5_10min"},"geometry":{"type":"LineString","coordinates":[[80.20687,13.07368],[80.20433,13.07659]]}},{"type":"Feature","properties":{"facility_layer":"schools","facility_name":"schools 25","walk_network_m":560.1,"walk_min_to_pt":7.0,"walk_band":"band_5_10min"},"geometry":{"type":"LineString","coordinates":[[80.21178,13.06959],[80.21503,13.06883]]}},{"type":"Feature","properties":{"facility_layer":"schools","facility_name":"schools 26","walk_network_m":521.4,"walk_min_to_pt":6.52,"walk_band":"band_5_10min"},"geometry":{"type":"LineString","coordinates":[[80.22298,13.06866],[80.2216,13.072119999999998]]}},{"type":"Feature","properties":{"facility_layer":"schools","facility_name":"schools 27","walk_network_m":521.4,"walk_min_to_pt":6.52,"walk_band":"band_5_10min"},"geometry":{"type":"LineString","coordinates":[[80.22318,13.06919],[80.2216,13.072119999999998]]}},{"type":"Feature","properties":{"facility_layer":"schools","facility_name":"schools 32","walk_network_m":408.2,"walk_min_to_pt":5.1,"walk_band":"band_5_10min"},"geometry":{"type":"LineString","coordinates":[[80.22794,13.07088],[80.22681,13.06794]]}},{"type":"Feature","properties":{"facility_layer":"schools","facility_name":"schools 34","walk_network_m":609.4,"walk_min_to_pt":7.62,"walk_band":"band_5_10min"},"geometry":{"type":"LineString","coordinates":[[80.22253,13.06813],[80.2216,13.072119999999998]]}},{"type":"Feature","properties":{"facility_layer":"schools","facility_name":"schools 35","walk_network_m":446.8,"walk_min_to_pt":5.59,"walk_band":"band_5_10min"},"geometry":{"type":"LineString","coordinates":[[80.21874,13.06874],[80.21540999999999,13.06974]]}},{"type":"Feature","properties":{"facility_layer":"schools","facility_name":"schools 37","walk_network_m":431.5,"walk_min_to_pt":5.39,"walk_band":"band_5_10min"},"geometry":{"type":"LineString","coordinates":[[80.23604,13.07328],[80.23468,13.07583]]}},{"type":"Feature","properties":{"facility_layer":"schools","facility_name":"schools 38","walk_network_m":615.3,"walk_min_to_pt":7.69,"walk_band":"band_5_10min"},"geometry":{"type":"LineString","coordinates":[[80.23712,13.07369],[80.23764999999999,13.076439999999998]]}},{"type":"Feature","properties":{"facility_layer":"schools","facility_name":"schools 39","walk_network_m":768.7,"walk_min_to_pt":9.61,"walk_band":"band_5_10min"},"geometry":{"type":"LineString","coordinates":[[80.23704,13.07092],[80.24207,13.070339999999998]]}},{"type":"Feature","properties":{"facility_layer":"schools","facility_name":"schools 46","walk_network_m":406.1,"walk_min_to_pt":5.08,"walk_band":"band_5_10min"},"geometry":{"type":"LineString","coordinates":[[80.32841,13.22994],[80.32673999999999,13.22713]]}},{"type":"Feature","properties":{"facility_layer":"schools","facility_name":"schools 51","walk_network_m":600.5,"walk_min_to_pt":7.51,"walk_band":"band_5_10min"},"geometry":{"type":"LineString","coordinates":[[80.32615,13.22029],[80.32713,13.220229999999999]]}},{"type":"Feature","properties":{"facility_layer":"schools","facility_name":"schools 58","walk_network_m":510.4,"walk_min_to_pt":6.38,"walk_band":"band_5_10min"},"geometry":{"type":"LineString","coordinates":[[80.29924,13.1627],[80.30287,13.161949999999997]]}},{"type":"Feature","properties":{"facility_layer":"schools","facility_name":"schools 66","walk_network_m":481.6,"walk_min_to_pt":6.02,"walk_band":"band_5_10min"},"geometry":{"type":"LineString","coordinates":[[80.30073,13.16625],[80.30349999999999,13.164379999999998]]}},{"type":"Feature","properties":{"facility_layer":"schools","facility_name":"schools 67","walk_network_m":526.1,"walk_min_to_pt":6.58,"walk_band":"band_5_10min"},"geometry":{"type":"LineString","coordinates":[[80.21418,13.08944],[80.21803000000001,13.090009999999998]]}},{"type":"Feature","properties":{"facility_layer":"schools","facility_name":"schools 70","walk_network_m":511.1,"walk_min_to_pt":6.39,"walk_band":"band_5_10min"},"geometry":{"type":"LineString","coordinates":[[80.2094,13.08772],[80.20954,13.085159999999998]]}},{"type":"Feature","properties":{"facility_layer":"schools","facility_name":"schools 75","walk_network_m":428.3,"walk_min_to_pt":5.35,"walk_band":"band_5_10min"},"geometry":{"type":"LineString","coordinates":[[80.22223,13.07948],[80.22488,13.07688]]}},{"type":"Feature","properties":{"facility_layer":"schools","facility_name":"schools 76","walk_network_m":537.8,"walk_min_to_pt":6.72,"walk_band":"band_5_10min"},"geometry":{"type":"LineString","coordinates":[[80.22338,13.08035],[80.22488,13.07688]]}},{"type":"Feature","properties":{"facility_layer":"schools","facility_name":"schools 81","walk_network_m":491.8,"walk_min_to_pt":6.15,"walk_band":"band_5_10min"},"geometry":{"type":"LineString","coordinates":[[80.22922,13.07923],[80.23144999999998,13.082469999999997]]}},{"type":"Feature","properties":{"facility_layer":"schools","facility_name":"schools 85","walk_network_m":455.8,"walk_min_to_pt":5.7,"walk_band":"band_5_10min"},"geometry":{"type":"LineString","coordinates":[[80.23104,13.0849],[80.23144999999998,13.082469999999997]]}},{"type":"Feature","properties":{"facility_layer":"schools","facility_name":"schools 88","walk_network_m":671.9,"walk_min_to_pt":8.4,"walk_band":"band_5_10min"},"geometry":{"type":"LineString","coordinates":[[80.23897,13.08118],[80.24177,13.08309]]}},{"type":"Feature","properties":{"facility_layer":"schools","facility_name":"schools 89","walk_network_m":414.0,"walk_min_to_pt":5.17,"walk_band":"band_5_10min"},"geometry":{"type":"LineString","coordinates":[[80.23864,13.08314],[80.24177,13.08309]]}},{"type":"Feature","properties":{"facility_layer":"schools","facility_name":"schools 94","walk_network_m":680.1,"walk_min_to_pt":8.5,"walk_band":"band_5_10min"},"geometry":{"type":"LineString","coordinates":[[80.24613,13.0797],[80.24684999999998,13.078299999999999]]}},{"type":"Feature","properties":{"facility_layer":"schools","facility_name":"schools 95","walk_network_m":432.4,"walk_min_to_pt":5.4,"walk_band":"band_5_10min"},"geometry":{"type":"LineString","coordinates":[[80.24591,13.08213],[80.24487999999998,13.08472]]}},{"type":"Feature","properties":{"facility_layer":"schools","facility_name":"schools 102","walk_network_m":680.1,"walk_min_to_pt":8.5,"walk_band":"band_5_10min"},"geometry":{"type":"LineString","coordinates":[[80.24615,13.07917],[80.24684999999998,13.078299999999999]]}},{"type":"Feature","properties":{"facility_layer":"schools","facility_name":"schools 103","walk_network_m":561.6,"walk_min_to_pt":7.02,"walk_band":"band_5_10min"},"geometry":{"type":"LineString","coordinates":[[80.24056,13.08445],[80.24177,13.08309]]}},{"type":"Feature","properties":{"facility_layer":"schools","facility_name":"schools 107","walk_network_m":432.4,"walk_min_to_pt":5.4,"walk_band":"band_5_10min"},"geometry":{"type":"LineString","coordinates":[[80.24598,13.08199],[80.24487999999998,13.08472]]}},{"type":"Feature","properties":{"facility_layer":"schools","facility_name":"schools 108","walk_network_m":416.6,"walk_min_to_pt":5.21,"walk_band":"band_5_10min"},"geometry":{"type":"LineString","coordinates":[[80.25596,13.08421],[80.25460000000001,13.08365]]}},{"type":"Feature","properties":{"facility_layer":"schools","facility_name":"schools 139","walk_network_m":829.9,"walk_min_to_pt":10.37,"walk_band":"band_10_15min"},"geometry":{"type":"LineString","coordinates":[[80.23915,13.03256],[80.23978,13.031029999999998]]}},{"type":"Feature","properties":{"facility_layer":"schools","facility_name":"schools 141","walk_network_m":427.5,"walk_min_to_pt":5.34,"walk_band":"band_5_10min"},"geometry":{"type":"LineString","coordinates":[[80.24535,13.0434],[80.24742,13.041489999999996]]}},{"type":"Feature","properties":{"facility_layer":"schools","facility_name":"schools 144","walk_network_m":403.0,"walk_min_to_pt":5.04,"walk_band":"band_5_10min"},"geometry":{"type":"LineString","coordinates":[[80.2427,13.04939],[80.24058,13.05096]]}},{"type":"Feature","properties":{"facility_layer":"schools","facility_name":"schools 154","walk_network_m":573.3,"walk_min_to_pt":7.17,"walk_band":"band_5_10min"},"geometry":{"type":"LineString","coordinates":[[80.25805,13.05129],[80.26108,13.054069999999998]]}},{"type":"Feature","properties":{"facility_layer":"schools","facility_name":"schools 155","walk_network_m":922.9,"walk_min_to_pt":11.54,"walk_band":"band_10_15min"},"geometry":{"type":"LineString","coordinates":[[80.23596,13.07097],[80.23468,13.07583]]}},{"type":"Feature","properties":{"facility_layer":"schools","facility_name":"schools 157","walk_network_m":558.9,"walk_min_to_pt":6.99,"walk_band":"band_5_10min"},"geometry":{"type":"LineString","coordinates":[[80.23449,13.07459],[80.23468,13.07583]]}},{"type":"Feature","properties":{"facility_layer":"schools","facility_name":"schools 158","walk_network_m":558.9,"walk_min_to_pt":6.99,"walk_band":"band_5_10min"},"geometry":{"type":"LineString","coordinates":[[80.23463,13.07439],[80.23468,13.07583]]}},{"type":"Feature","properties":{"facility_layer":"schools","facility_name":"schools 160","walk_network_m":768.7,"walk_min_to_pt":9.61,"walk_band":"band_5_10min"},"geometry":{"type":"LineString","coordinates":[[80.23707,13.07128],[80.24207,13.070339999999998]]}},{"type":"Feature","properties":{"facility_layer":"schools","facility_name":"schools 162","walk_network_m":523.3,"walk_min_to_pt":6.54,"walk_band":"band_5_10min"},"geometry":{"type":"LineString","coordinates":[[80.23821,13.071],[80.24207,13.070339999999998]]}},{"type":"Feature","properties":{"facility_layer":"schools","facility_name":"schools 163","walk_network_m":922.9,"walk_min_to_pt":11.54,"walk_band":"band_10_15min"},"geometry":{"type":"LineString","coordinates":[[80.23625,13.07062],[80.23468,13.07583]]}},{"type":"Feature","properties":{"facility_layer":"schools","facility_name":"schools 164","walk_network_m":593.1,"walk_min_to_pt":7.41,"walk_band":"band_5_10min"},"geometry":{"type":"LineString","coordinates":[[80.22007,13.06186],[80.21512999999999,13.06255]]}},{"type":"Feature","properties":{"facility_layer":"schools","facility_name":"schools 165","walk_network_m":483.9,"walk_min_to_pt":6.05,"walk_band":"band_5_10min"},"geometry":{"type":"LineString","coordinates":[[80.21559,13.0591],[80.21512999999999,13.06255]]}},{"type":"Feature","properties":{"facility_layer":"schools","facility_name":"schools 173","walk_network_m":588.4,"walk_min_to_pt":7.35,"walk_band":"band_5_10min"},"geometry":{"type":"LineString","coordinates":[[80.2194,13.06663],[80.21503,13.06883]]}},{"type":"Feature","properties":{"facility_layer":"schools","facility_name":"schools 175","walk_network_m":786.3,"walk_min_to_pt":9.83,"walk_band":"band_5_10min"},"geometry":{"type":"LineString","coordinates":[[80.22168,13.06206],[80.21512999999999,13.06255]]}},{"type":"Feature","properties":{"facility_layer":"schools","facility_name":"schools 176","walk_network_m":527.2,"walk_min_to_pt":6.59,"walk_band":"band_5_10min"},"geometry":{"type":"LineString","coordinates":[[80.21664,13.06025],[80.21512999999999,13.06255]]}},{"type":"Feature","properties":{"facility_layer":"schools","facility_name":"schools 177","walk_network_m":479.5,"walk_min_to_pt":5.99,"walk_band":"band_5_10min"},"geometry":{"type":"LineString","coordinates":[[80.21416,13.06068],[80.21512999999999,13.06255]]}},{"type":"Feature","properties":{"facility_layer":"schools","facility_name":"schools 178","walk_network_m":639.1,"walk_min_to_pt":7.99,"walk_band":"band_5_10min"},"geometry":{"type":"LineString","coordinates":[[80.2203,13.06239],[80.21512999999999,13.06255]]}},{"type":"Feature","properties":{"facility_layer":"schools","facility_name":"schools 179","walk_network_m":696.8,"walk_min_to_pt":8.71,"walk_band":"band_5_10min"},"geometry":{"type":"LineString","coordinates":[[80.22245,13.06554],[80.22676,13.06787]]}},{"type":"Feature","properties":{"facility_layer":"schools","facility_name":"schools 182","walk_network_m":560.2,"walk_min_to_pt":7.0,"walk_band":"band_5_10min"},"geometry":{"type":"LineString","coordinates":[[80.22859,13.06519],[80.23017999999999,13.066709999999999]]}},{"type":"Feature","properties":{"facility_layer":"schools","facility_name":"schools 183","walk_network_m":639.7,"walk_min_to_pt":8.0,"walk_band":"band_5_10min"},"geometry":{"type":"LineString","coordinates":[[80.22818,13.06382],[80.23017999999999,13.066709999999999]]}},{"type":"Feature","properties":{"facility_layer":"schools","facility_name":"schools 184","walk_network_m":433.9,"walk_min_to_pt":5.42,"walk_band":"band_5_10min"},"geometry":{"type":"LineString","coordinates":[[80.22963,13.06282],[80.2326900003923,13.064950000280097]]}},{"type":"Feature","properties":{"facility_layer":"schools","facility_name":"schools 185","walk_network_m":945.7,"walk_min_to_pt":11.82,"walk_band":"band_10_15min"},"geometry":{"type":"LineString","coordinates":[[80.22302,13.06131],[80.22676,13.06787]]}},{"type":"Feature","properties":{"facility_layer":"schools","facility_name":"schools 186","walk_network_m":639.7,"walk_min_to_pt":8.0,"walk_band":"band_5_10min"},"geometry":{"type":"LineString","coordinates":[[80.22818,13.06382],[80.23017999999999,13.066709999999999]]}},{"type":"Feature","properties":{"facility_layer":"schools","facility_name":"schools 187","walk_network_m":469.1,"walk_min_to_pt":5.86,"walk_band":"band_5_10min"},"geometry":{"type":"LineString","coordinates":[[80.22493,13.06544],[80.22676,13.06787]]}},{"type":"Feature","properties":{"facility_layer":"schools","facility_name":"schools 188","walk_network_m":445.3,"walk_min_to_pt":5.57,"walk_band":"band_5_10min"},"geometry":{"type":"LineString","coordinates":[[80.23005,13.06257],[80.2326900003923,13.064950000280097]]}},{"type":"Feature","properties":{"facility_layer":"schools","facility_name":"schools 189","walk_network_m":639.7,"walk_min_to_pt":8.0,"walk_band":"band_5_10min"},"geometry":{"type":"LineString","coordinates":[[80.22784,13.0637],[80.23017999999999,13.066709999999999]]}},{"type":"Feature","properties":{"facility_layer":"schools","facility_name":"schools 190","walk_network_m":760.1,"walk_min_to_pt":9.5,"walk_band":"band_5_10min"},"geometry":{"type":"LineString","coordinates":[[80.22802,13.06322],[80.23017999999999,13.066709999999999]]}},{"type":"Feature","properties":{"facility_layer":"schools","facility_name":"schools 191","walk_network_m":817.9,"walk_min_to_pt":10.22,"walk_band":"band_10_15min"},"geometry":{"type":"LineString","coordinates":[[80.2292,13.06008],[80.2326900003923,13.064950000280097]]}},{"type":"Feature","properties":{"facility_layer":"schools","facility_name":"schools 199","walk_network_m":962.6,"walk_min_to_pt":12.03,"walk_band":"band_10_15min"},"geometry":{"type":"LineString","coordinates":[[80.23323,13.06932],[80.23146,13.06657]]}},{"type":"Feature","properties":{"facility_layer":"schools","facility_name":"schools 202","walk_network_m":454.9,"walk_min_to_pt":5.69,"walk_band":"band_5_10min"},"geometry":{"type":"LineString","coordinates":[[80.23897,13.06898],[80.24209,13.069849999999999]]}},{"type":"Feature","properties":{"facility_layer":"schools","facility_name":"schools 204","walk_network_m":454.9,"walk_min_to_pt":5.69,"walk_band":"band_5_10min"},"geometry":{"type":"LineString","coordinates":[[80.23861,13.06901],[80.24209,13.069849999999999]]}},{"type":"Feature","properties":{"facility_layer":"schools","facility_name":"schools 207","walk_network_m":421.9,"walk_min_to_pt":5.27,"walk_band":"band_5_10min"},"geometry":{"type":"LineString","coordinates":[[80.23778,13.05743],[80.24010999999999,13.05888]]}},{"type":"Feature","properties":{"facility_layer":"schools","facility_name":"schools 209","walk_network_m":421.9,"walk_min_to_pt":5.27,"walk_band":"band_5_10min"},"geometry":{"type":"LineString","coordinates":[[80.23818,13.05745],[80.24010999999999,13.05888]]}},{"type":"Feature","properties":{"facility_layer":"schools","facility_name":"schools 210","walk_network_m":454.9,"walk_min_to_pt":5.69,"walk_band":"band_5_10min"},"geometry":{"type":"LineString","coordinates":[[80.23895,13.06898],[80.24209,13.069849999999999]]}},{"type":"Feature","properties":{"facility_layer":"schools","facility_name":"schools 212","walk_network_m":478.7,"walk_min_to_pt":5.98,"walk_band":"band_5_10min"},"geometry":{"type":"LineString","coordinates":[[80.25201,13.0576],[80.25499,13.056979999999998]]}},{"type":"Feature","properties":{"facility_layer":"schools","facility_name":"schools 216","walk_network_m":629.4,"walk_min_to_pt":7.87,"walk_band":"band_5_10min"},"geometry":{"type":"LineString","coordinates":[[80.25478,13.06217],[80.25904999999999,13.064289999999998]]}},{"type":"Feature","properties":{"facility_layer":"schools","facility_name":"schools 217","walk_network_m":472.4,"walk_min_to_pt":5.91,"walk_band":"band_5_10min"},"geometry":{"type":"LineString","coordinates":[[80.25459,13.06091],[80.25499,13.056979999999998]]}},{"type":"Feature","properties":{"facility_layer":"schools","facility_name":"schools 219","walk_network_m":423.6,"walk_min_to_pt":5.3,"walk_band":"band_5_10min"},"geometry":{"type":"LineString","coordinates":[[80.25243,13.0587],[80.25499,13.056979999999998]]}},{"type":"Feature","properties":{"facility_layer":"schools","facility_name":"schools 223","walk_network_m":629.4,"walk_min_to_pt":7.87,"walk_band":"band_5_10min"},"geometry":{"type":"LineString","coordinates":[[80.25456,13.06238],[80.25904999999999,13.064289999999998]]}},{"type":"Feature","properties":{"facility_layer":"schools","facility_name":"schools 224","walk_network_m":573.3,"walk_min_to_pt":7.17,"walk_band":"band_5_10min"},"geometry":{"type":"LineString","coordinates":[[80.2574,13.05112],[80.25521,13.054519999999997]]}},{"type":"Feature","properties":{"facility_layer":"schools","facility_name":"schools 231","walk_network_m":415.3,"walk_min_to_pt":5.19,"walk_band":"band_5_10min"},"geometry":{"type":"LineString","coordinates":[[80.22984,13.05701],[80.22792,13.054100000000002]]}},{"type":"Feature","properties":{"facility_layer":"schools","facility_name":"schools 233","walk_network_m":470.5,"walk_min_to_pt":5.88,"walk_band":"band_5_10min"},"geometry":{"type":"LineString","coordinates":[[80.2211,13.05633],[80.22151,13.052840000000002]]}},{"type":"Feature","properties":{"facility_layer":"schools","facility_name":"schools 237","walk_network_m":795.5,"walk_min_to_pt":9.94,"walk_band":"band_5_10min"},"geometry":{"type":"LineString","coordinates":[[80.23097,13.05929],[80.23483,13.057829999999997]]}},{"type":"Feature","properties":{"facility_layer":"schools","facility_name":"schools 238","walk_network_m":483.6,"walk_min_to_pt":6.04,"walk_band":"band_5_10min"},"geometry":{"type":"LineString","coordinates":[[80.23079,13.06202],[80.2326900003923,13.064950000280097]]}},{"type":"Feature","properties":{"facility_layer":"schools","facility_name":"schools 239","walk_network_m":659.4,"walk_min_to_pt":8.24,"walk_band":"band_5_10min"},"geometry":{"type":"LineString","coordinates":[[80.22208,13.05751],[80.22417,13.05342]]}},{"type":"Feature","properties":{"facility_layer":"schools","facility_name":"schools 240","walk_network_m":595.9,"walk_min_to_pt":7.45,"walk_band":"band_5_10min"},"geometry":{"type":"LineString","coordinates":[[80.23045,13.0612],[80.2326900003923,13.064950000280097]]}},{"type":"Feature","properties":{"facility_layer":"schools","facility_name":"schools 241","walk_network_m":417.5,"walk_min_to_pt":5.22,"walk_band":"band_5_10min"},"geometry":{"type":"LineString","coordinates":[[80.21932,13.05331],[80.22025,13.05246]]}},{"type":"Feature","properties":{"facility_layer":"schools","facility_name":"schools 269","walk_network_m":458.7,"walk_min_to_pt":5.73,"walk_band":"band_5_10min"},"geometry":{"type":"LineString","coordinates":[[80.27069,13.06115],[80.26929,13.058619999999998]]}},{"type":"Feature","properties":{"facility_layer":"schools","facility_name":"schools 273","walk_network_m":488.8,"walk_min_to_pt":6.11,"walk_band":"band_5_10min"},"geometry":{"type":"LineString","coordinates":[[80.27041,13.06201],[80.26929,13.058619999999998]]}},{"type":"Feature","properties":{"facility_layer":"schools","facility_name":"schools 276","walk_network_m":490.7,"walk_min_to_pt":6.13,"walk_band":"band_5_10min"},"geometry":{"type":"LineString","coordinates":[[80.27077,13.06343],[80.26872,13.066319999999997]]}},{"type":"Feature","properties":{"facility_layer":"schools","facility_name":"schools 286","walk_network_m":450.3,"walk_min_to_pt":5.63,"walk_band":"band_5_10min"},"geometry":{"type":"LineString","coordinates":[[80.25958,13.03331],[80.25711,13.03503]]}},{"type":"Feature","properties":{"facility_layer":"schools","facility_name":"schools 294","walk_network_m":450.3,"walk_min_to_pt":5.63,"walk_band":"band_5_10min"},"geometry":{"type":"LineString","coordinates":[[80.25958,13.03331],[80.25711,13.03503]]}},{"type":"Feature","properties":{"facility_layer":"schools","facility_name":"schools 295","walk_network_m":566.8,"walk_min_to_pt":7.08,"walk_band":"band_5_10min"},"geometry":{"type":"LineString","coordinates":[[80.26143,13.03589],[80.25913,13.038429999999998]]}},{"type":"Feature","properties":{"facility_layer":"schools","facility_name":"schools 296","walk_network_m":445.6,"walk_min_to_pt":5.57,"walk_band":"band_5_10min"},"geometry":{"type":"LineString","coordinates":[[80.26949,13.03686],[80.26773,13.036609999999996]]}},{"type":"Feature","properties":{"facility_layer":"schools","facility_name":"schools 311","walk_network_m":428.5,"walk_min_to_pt":5.36,"walk_band":"band_5_10min"},"geometry":{"type":"LineString","coordinates":[[80.27149,13.02597],[80.27357000000002,13.02389]]}},{"type":"Feature","properties":{"facility_layer":"schools","facility_name":"schools 318","walk_network_m":479.5,"walk_min_to_pt":5.99,"walk_band":"band_5_10min"},"geometry":{"type":"LineString","coordinates":[[80.19549,13.06451],[80.19713,13.06301]]}},{"type":"Feature","properties":{"facility_layer":"schools","facility_name":"schools 323","walk_network_m":597.2,"walk_min_to_pt":7.47,"walk_band":"band_5_10min"},"geometry":{"type":"LineString","coordinates":[[80.1965,13.07094],[80.19491999999998,13.073309999999998]]}},{"type":"Feature","properties":{"facility_layer":"schools","facility_name":"schools 324","walk_network_m":472.0,"walk_min_to_pt":5.9,"walk_band":"band_5_10min"},"geometry":{"type":"LineString","coordinates":[[80.19366,13.06008],[80.19531999999998,13.059719999999999]]}},{"type":"Feature","properties":{"facility_layer":"schools","facility_name":"schools 325","walk_network_m":411.1,"walk_min_to_pt":5.14,"walk_band":"band_5_10min"},"geometry":{"type":"LineString","coordinates":[[80.19304,13.06086],[80.19531999999998,13.059719999999999]]}},{"type":"Feature","properties":{"facility_layer":"schools","facility_name":"schools 331","walk_network_m":415.6,"walk_min_to_pt":5.2,"walk_band":"band_5_10min"},"geometry":{"type":"LineString","coordinates":[[80.18579,13.05076],[80.18904,13.04996]]}},{"type":"Feature","properties":{"facility_layer":"schools","facility_name":"schools 332","walk_network_m":549.6,"walk_min_to_pt":6.87,"walk_band":"band_5_10min"},"geometry":{"type":"LineString","coordinates":[[80.18633,13.049],[80.18904,13.04996]]}},{"type":"Feature","properties":{"facility_layer":"schools","facility_name":"schools 337","walk_network_m":422.5,"walk_min_to_pt":5.28,"walk_band":"band_5_10min"},"geometry":{"type":"LineString","coordinates":[[80.18733,13.04781],[80.18936,13.04637]]}},{"type":"Feature","properties":{"facility_layer":"schools","facility_name":"schools 345","walk_network_m":414.0,"walk_min_to_pt":5.17,"walk_band":"band_5_10min"},"geometry":{"type":"LineString","coordinates":[[80.19441,13.05431],[80.19228,13.05326]]}},{"type":"Feature","properties":{"facility_layer":"schools","facility_name":"schools 346","walk_network_m":451.5,"walk_min_to_pt":5.64,"walk_band":"band_5_10min"},"geometry":{"type":"LineString","coordinates":[[80.20698,13.05265],[80.20686,13.0507]]}},{"type":"Feature","properties":{"facility_layer":"schools","facility_name":"schools 352","walk_network_m":533.5,"walk_min_to_pt":6.67,"walk_band":"band_5_10min"},"geometry":{"type":"LineString","coordinates":[[80.2762,13.03548],[80.27747,13.032850000000002]]}},{"type":"Feature","properties":{"facility_layer":"schools","facility_name":"schools 361","walk_network_m":503.3,"walk_min_to_pt":6.29,"walk_band":"band_5_10min"},"geometry":{"type":"LineString","coordinates":[[80.27182,13.03282],[80.27323999999999,13.034340000000004]]}},{"type":"Feature","properties":{"facility_layer":"schools","facility_name":"schools 365","walk_network_m":503.1,"walk_min_to_pt":6.29,"walk_band":"band_5_10min"},"geometry":{"type":"LineString","coordinates":[[80.27143,13.032],[80.27323999999999,13.034340000000004]]}},{"type":"Feature","properties":{"facility_layer":"schools","facility_name":"schools 367","walk_network_m":446.6,"walk_min_to_pt":5.58,"walk_band":"band_5_10min"},"geometry":{"type":"LineString","coordinates":[[80.27196,13.03255],[80.27323999999999,13.034340000000004]]}},{"type":"Feature","properties":{"facility_layer":"schools","facility_name":"schools 371","walk_network_m":573.3,"walk_min_to_pt":7.17,"walk_band":"band_5_10min"},"geometry":{"type":"LineString","coordinates":[[80.25774,13.05116],[80.25521,13.054519999999997]]}},{"type":"Feature","properties":{"facility_layer":"schools","facility_name":"schools 373","walk_network_m":513.0,"walk_min_to_pt":6.41,"walk_band":"band_5_10min"},"geometry":{"type":"LineString","coordinates":[[80.25789,13.05294],[80.25521,13.054519999999997]]}},{"type":"Feature","properties":{"facility_layer":"schools","facility_name":"schools 374","walk_network_m":543.0,"walk_min_to_pt":6.79,"walk_band":"band_5_10min"},"geometry":{"type":"LineString","coordinates":[[80.26879,13.04995],[80.2686,13.053409999999998]]}},{"type":"Feature","properties":{"facility_layer":"schools","facility_name":"schools 377","walk_network_m":484.6,"walk_min_to_pt":6.06,"walk_band":"band_5_10min"},"geometry":{"type":"LineString","coordinates":[[80.26779,13.04957],[80.26622999999998,13.047149999999998]]}},{"type":"Feature","properties":{"facility_layer":"schools","facility_name":"schools 378","walk_network_m":564.8,"walk_min_to_pt":7.06,"walk_band":"band_5_10min"},"geometry":{"type":"LineString","coordinates":[[80.26995,13.05026],[80.26899,13.053489999999998]]}},{"type":"Feature","properties":{"facility_layer":"schools","facility_name":"schools 418","walk_network_m":452.5,"walk_min_to_pt":5.66,"walk_band":"band_5_10min"},"geometry":{"type":"LineString","coordinates":[[80.26603,13.0433],[80.26682,13.04444]]}},{"type":"Feature","properties":{"facility_layer":"schools","facility_name":"schools 426","walk_network_m":667.5,"walk_min_to_pt":8.34,"walk_band":"band_5_10min"},"geometry":{"type":"LineString","coordinates":[[80.25039,13.0222],[80.2519699998247,13.0205589997133]]}},{"type":"Feature","properties":{"facility_layer":"schools","facility_name":"schools 448","walk_network_m":414.1,"walk_min_to_pt":5.18,"walk_band":"band_5_10min"},"geometry":{"type":"LineString","coordinates":[[80.22472,13.02876],[80.22408999999999,13.02871]]}},{"type":"Feature","properties":{"facility_layer":"schools","facility_name":"schools 453","walk_network_m":544.0,"walk_min_to_pt":6.8,"walk_band":"band_5_10min"},"geometry":{"type":"LineString","coordinates":[[80.22604,13.03456],[80.22762899976269,13.037658000261196]]}},{"type":"Feature","properties":{"facility_layer":"schools","facility_name":"schools 454","walk_network_m":643.6,"walk_min_to_pt":8.04,"walk_band":"band_5_10min"},"geometry":{"type":"LineString","coordinates":[[80.22601,13.03527],[80.22762899976269,13.037658000261196]]}},{"type":"Feature","properties":{"facility_layer":"schools","facility_name":"schools 455","walk_network_m":571.6,"walk_min_to_pt":7.15,"walk_band":"band_5_10min"},"geometry":{"type":"LineString","coordinates":[[80.22594,13.03505],[80.22762899976269,13.037658000261196]]}},{"type":"Feature","properties":{"facility_layer":"schools","facility_name":"schools 456","walk_network_m":571.6,"walk_min_to_pt":7.15,"walk_band":"band_5_10min"},"geometry":{"type":"LineString","coordinates":[[80.22594,13.03505],[80.22762899976269,13.037658000261196]]}},{"type":"Feature","properties":{"facility_layer":"schools","facility_name":"schools 457","walk_network_m":505.7,"walk_min_to_pt":6.32,"walk_band":"band_5_10min"},"geometry":{"type":"LineString","coordinates":[[80.22731,13.03362],[80.23004,13.03388]]}},{"type":"Feature","properties":{"facility_layer":"schools","facility_name":"schools 460","walk_network_m":427.9,"walk_min_to_pt":5.35,"walk_band":"band_5_10min"},"geometry":{"type":"LineString","coordinates":[[80.23875,13.03233],[80.23978,13.031029999999998]]}},{"type":"Feature","properties":{"facility_layer":"schools","facility_name":"schools 484","walk_network_m":503.1,"walk_min_to_pt":6.29,"walk_band":"band_5_10min"},"geometry":{"type":"LineString","coordinates":[[80.20718,13.05311],[80.20686,13.0507]]}},{"type":"Feature","properties":{"facility_layer":"schools","facility_name":"schools 485","walk_network_m":407.3,"walk_min_to_pt":5.09,"walk_band":"band_5_10min"},"geometry":{"type":"LineString","coordinates":[[80.20476,13.04645],[80.20610999999998,13.048520000000002]]}},{"type":"Feature","properties":{"facility_layer":"schools","facility_name":"schools 492","walk_network_m":404.0,"walk_min_to_pt":5.05,"walk_band":"band_5_10min"},"geometry":{"type":"LineString","coordinates":[[80.20052,13.05638],[80.20403,13.05734]]}},{"type":"Feature","properties":{"facility_layer":"schools","facility_name":"schools 494","walk_network_m":857.6,"walk_min_to_pt":10.72,"walk_band":"band_10_15min"},"geometry":{"type":"LineString","coordinates":[[80.29257,13.14818],[80.29818999999999,13.147960000000001]]}},{"type":"Feature","properties":{"facility_layer":"schools","facility_name":"schools 495","walk_network_m":410.3,"walk_min_to_pt":5.13,"walk_band":"band_5_10min"},"geometry":{"type":"LineString","coordinates":[[80.29616,13.15036],[80.29818999999999,13.147960000000001]]}},{"type":"Feature","properties":{"facility_layer":"schools","facility_name":"schools 496","walk_network_m":502.9,"walk_min_to_pt":6.29,"walk_band":"band_5_10min"},"geometry":{"type":"LineString","coordinates":[[80.29329,13.14555],[80.29694,13.14434]]}},{"type":"Feature","properties":{"facility_layer":"schools","facility_name":"schools 497","walk_network_m":775.3,"walk_min_to_pt":9.69,"walk_band":"band_5_10min"},"geometry":{"type":"LineString","coordinates":[[80.29031,13.1449],[80.28563,13.147799999999998]]}},{"type":"Feature","properties":{"facility_layer":"schools","facility_name":"schools 498","walk_network_m":651.4,"walk_min_to_pt":8.14,"walk_band":"band_5_10min"},"geometry":{"type":"LineString","coordinates":[[80.29604,13.14856],[80.29818999999999,13.147960000000001]]}},{"type":"Feature","properties":{"facility_layer":"schools","facility_name":"schools 500","walk_network_m":531.9,"walk_min_to_pt":6.65,"walk_band":"band_5_10min"},"geometry":{"type":"LineString","coordinates":[[80.29356,13.14634],[80.29698,13.14446]]}},{"type":"Feature","properties":{"facility_layer":"schools","facility_name":"schools 501","walk_network_m":410.3,"walk_min_to_pt":5.13,"walk_band":"band_5_10min"},"geometry":{"type":"LineString","coordinates":[[80.29624,13.15016],[80.29818999999999,13.147960000000001]]}},{"type":"Feature","properties":{"facility_layer":"schools","facility_name":"schools 502","walk_network_m":517.6,"walk_min_to_pt":6.47,"walk_band":"band_5_10min"},"geometry":{"type":"LineString","coordinates":[[80.29458,13.1469],[80.29698,13.14446]]}},{"type":"Feature","properties":{"facility_layer":"schools","facility_name":"schools 503","walk_network_m":410.3,"walk_min_to_pt":5.13,"walk_band":"band_5_10min"},"geometry":{"type":"LineString","coordinates":[[80.29624,13.1505],[80.29818999999999,13.147960000000001]]}},{"type":"Feature","properties":{"facility_layer":"schools","facility_name":"schools 504","walk_network_m":453.8,"walk_min_to_pt":5.67,"walk_band":"band_5_10min"},"geometry":{"type":"LineString","coordinates":[[80.29501,13.14966],[80.29818999999999,13.147960000000001]]}},{"type":"Feature","properties":{"facility_layer":"schools","facility_name":"schools 505","walk_network_m":857.6,"walk_min_to_pt":10.72,"walk_band":"band_10_15min"},"geometry":{"type":"LineString","coordinates":[[80.29248,13.1485],[80.29818999999999,13.147960000000001]]}},{"type":"Feature","properties":{"facility_layer":"schools","facility_name":"schools 511","walk_network_m":551.3,"walk_min_to_pt":6.89,"walk_band":"band_5_10min"},"geometry":{"type":"LineString","coordinates":[[80.20829,13.05329],[80.20686,13.0507]]}},{"type":"Feature","properties":{"facility_layer":"schools","facility_name":"schools 515","walk_network_m":626.9,"walk_min_to_pt":7.84,"walk_band":"band_5_10min"},"geometry":{"type":"LineString","coordinates":[[80.21571,13.05694],[80.21166,13.05791]]}},{"type":"Feature","properties":{"facility_layer":"schools","facility_name":"schools 517","walk_network_m":508.4,"walk_min_to_pt":6.36,"walk_band":"band_5_10min"},"geometry":{"type":"LineString","coordinates":[[80.19904,13.04378],[80.19924999999999,13.041069999999998]]}},{"type":"Feature","properties":{"facility_layer":"schools","facility_name":"schools 548","walk_network_m":717.5,"walk_min_to_pt":8.97,"walk_band":"band_5_10min"},"geometry":{"type":"LineString","coordinates":[[80.2269,13.0494],[80.22784999999999,13.05369]]}},{"type":"Feature","properties":{"facility_layer":"schools","facility_name":"schools 552","walk_network_m":562.5,"walk_min_to_pt":7.03,"walk_band":"band_5_10min"},"geometry":{"type":"LineString","coordinates":[[80.22308,13.04767],[80.21888,13.046849999999997]]}},{"type":"Feature","properties":{"facility_layer":"schools","facility_name":"schools 555","walk_network_m":562.5,"walk_min_to_pt":7.03,"walk_band":"band_5_10min"},"geometry":{"type":"LineString","coordinates":[[80.22298,13.04768],[80.21888,13.046849999999997]]}},{"type":"Feature","properties":{"facility_layer":"schools","facility_name":"schools 557","walk_network_m":496.6,"walk_min_to_pt":6.21,"walk_band":"band_5_10min"},"geometry":{"type":"LineString","coordinates":[[80.22318,13.05278],[80.22417,13.05342]]}},{"type":"Feature","properties":{"facility_layer":"schools","facility_name":"schools 561","walk_network_m":575.8,"walk_min_to_pt":7.2,"walk_band":"band_5_10min"},"geometry":{"type":"LineString","coordinates":[[80.2246,13.03594],[80.22762899976269,13.037658000261196]]}},{"type":"Feature","properties":{"facility_layer":"schools","facility_name":"schools 562","walk_network_m":643.6,"walk_min_to_pt":8.04,"walk_band":"band_5_10min"},"geometry":{"type":"LineString","coordinates":[[80.2262,13.03548],[80.22762899976269,13.037658000261196]]}},{"type":"Feature","properties":{"facility_layer":"schools","facility_name":"schools 563","walk_network_m":447.2,"walk_min_to_pt":5.59,"walk_band":"band_5_10min"},"geometry":{"type":"LineString","coordinates":[[80.22805,13.04159],[80.22506,13.04209]]}},{"type":"Feature","properties":{"facility_layer":"schools","facility_name":"schools 564","walk_network_m":472.6,"walk_min_to_pt":5.91,"walk_band":"band_5_10min"},"geometry":{"type":"LineString","coordinates":[[80.22699,13.04413],[80.22506,13.04209]]}},{"type":"Feature","properties":{"facility_layer":"schools","facility_name":"schools 566","walk_network_m":412.5,"walk_min_to_pt":5.16,"walk_band":"band_5_10min"},"geometry":{"type":"LineString","coordinates":[[80.22334,13.03781],[80.22074999999998,13.036609999999996]]}},{"type":"Feature","properties":{"facility_layer":"schools","facility_name":"schools 568","walk_network_m":633.4,"walk_min_to_pt":7.92,"walk_band":"band_5_10min"},"geometry":{"type":"LineString","coordinates":[[80.22651,13.03553],[80.22762899976269,13.037658000261196]]}},{"type":"Feature","properties":{"facility_layer":"schools","facility_name":"schools 580","walk_network_m":438.3,"walk_min_to_pt":5.48,"walk_band":"band_5_10min"},"geometry":{"type":"LineString","coordinates":[[80.23406,13.0409],[80.23453999999998,13.041230000000002]]}},{"type":"Feature","properties":{"facility_layer":"schools","facility_name":"schools 581","walk_network_m":487.0,"walk_min_to_pt":6.09,"walk_band":"band_5_10min"},"geometry":{"type":"LineString","coordinates":[[80.23437,13.03824],[80.23453999999998,13.041230000000002]]}},{"type":"Feature","properties":{"facility_layer":"schools","facility_name":"schools 583","walk_network_m":438.3,"walk_min_to_pt":5.48,"walk_band":"band_5_10min"},"geometry":{"type":"LineString","coordinates":[[80.23399,13.04089],[80.23453999999998,13.041230000000002]]}},{"type":"Feature","properties":{"facility_layer":"schools","facility_name":"schools 592","walk_network_m":693.9,"walk_min_to_pt":8.67,"walk_band":"band_5_10min"},"geometry":{"type":"LineString","coordinates":[[80.18876,13.02557],[80.18307,13.025460000000002]]}},{"type":"Feature","properties":{"facility_layer":"schools","facility_name":"schools 593","walk_network_m":427.1,"walk_min_to_pt":5.34,"walk_band":"band_5_10min"},"geometry":{"type":"LineString","coordinates":[[80.19841,13.04375],[80.19924999999999,13.041069999999998]]}},{"type":"Feature","properties":{"facility_layer":"schools","facility_name":"schools 599","walk_network_m":762.7,"walk_min_to_pt":9.53,"walk_band":"band_5_10min"},"geometry":{"type":"LineString","coordinates":[[80.18993,13.02472],[80.18447999999998,13.020829999999998]]}},{"type":"Feature","properties":{"facility_layer":"schools","facility_name":"schools 604","walk_network_m":680.9,"walk_min_to_pt":8.51,"walk_band":"band_5_10min"},"geometry":{"type":"LineString","coordinates":[[80.18873,13.02502],[80.18307,13.025460000000002]]}},{"type":"Feature","properties":{"facility_layer":"schools","facility_name":"schools 606","walk_network_m":525.5,"walk_min_to_pt":6.57,"walk_band":"band_5_10min"},"geometry":{"type":"LineString","coordinates":[[80.20439,13.0286],[80.20248,13.03142]]}},{"type":"Feature","properties":{"facility_layer":"schools","facility_name":"schools 607","walk_network_m":527.3,"walk_min_to_pt":6.59,"walk_band":"band_5_10min"},"geometry":{"type":"LineString","coordinates":[[80.20675,13.02939],[80.20876,13.029299999999997]]}},{"type":"Feature","properties":{"facility_layer":"schools","facility_name":"schools 615","walk_network_m":688.2,"walk_min_to_pt":8.6,"walk_band":"band_5_10min"},"geometry":{"type":"LineString","coordinates":[[80.16581,13.04546],[80.16485,13.04484]]}},{"type":"Feature","properties":{"facility_layer":"schools","facility_name":"schools 620","walk_network_m":658.3,"walk_min_to_pt":8.23,"walk_band":"band_5_10min"},"geometry":{"type":"LineString","coordinates":[[80.17352,13.0504],[80.17679000000001,13.052779999999998]]}},{"type":"Feature","properties":{"facility_layer":"schools","facility_name":"schools 621","walk_network_m":404.5,"walk_min_to_pt":5.06,"walk_band":"band_5_10min"},"geometry":{"type":"LineString","coordinates":[[80.16845,13.05829],[80.16637,13.05745]]}},{"type":"Feature","properties":{"facility_layer":"schools","facility_name":"schools 622","walk_network_m":565.5,"walk_min_to_pt":7.07,"walk_band":"band_5_10min"},"geometry":{"type":"LineString","coordinates":[[80.16871,13.04914],[80.16618999999999,13.0494]]}},{"type":"Feature","properties":{"facility_layer":"schools","facility_name":"schools 632","walk_network_m":478.6,"walk_min_to_pt":5.98,"walk_band":"band_5_10min"},"geometry":{"type":"LineString","coordinates":[[80.17984,13.05049],[80.17755999999999,13.05244]]}},{"type":"Feature","properties":{"facility_layer":"schools","facility_name":"schools 635","walk_network_m":450.7,"walk_min_to_pt":5.63,"walk_band":"band_5_10min"},"geometry":{"type":"LineString","coordinates":[[80.17091,13.03655],[80.16873,13.03879]]}},{"type":"Feature","properties":{"facility_layer":"schools","facility_name":"schools 644","walk_network_m":474.9,"walk_min_to_pt":5.94,"walk_band":"band_5_10min"},"geometry":{"type":"LineString","coordinates":[[80.18182,13.04149],[80.184,13.038770000000001]]}},{"type":"Feature","properties":{"facility_layer":"schools","facility_name":"schools 648","walk_network_m":410.1,"walk_min_to_pt":5.13,"walk_band":"band_5_10min"},"geometry":{"type":"LineString","coordinates":[[80.15844,13.03248],[80.16038999999999,13.033919999999998]]}},{"type":"Feature","properties":{"facility_layer":"schools","facility_name":"schools 650","walk_network_m":775.3,"walk_min_to_pt":9.69,"walk_band":"band_5_10min"},"geometry":{"type":"LineString","coordinates":[[80.15539,13.02672],[80.15126,13.02815]]}},{"type":"Feature","properties":{"facility_layer":"schools","facility_name":"schools 655","walk_network_m":514.6,"walk_min_to_pt":6.43,"walk_band":"band_5_10min"},"geometry":{"type":"LineString","coordinates":[[80.17517,13.0323],[80.17584,13.032939999999998]]}},{"type":"Feature","properties":{"facility_layer":"schools","facility_name":"schools 656","walk_network_m":472.3,"walk_min_to_pt":5.9,"walk_band":"band_5_10min"},"geometry":{"type":"LineString","coordinates":[[80.17232,13.028],[80.16926,13.0292]]}},{"type":"Feature","properties":{"facility_layer":"schools","facility_name":"schools 660","walk_network_m":422.1,"walk_min_to_pt":5.28,"walk_band":"band_5_10min"},"geometry":{"type":"LineString","coordinates":[[80.18777,13.02794],[80.18755,13.031629999999998]]}},{"type":"Feature","properties":{"facility_layer":"schools","facility_name":"schools 665","walk_network_m":522.7,"walk_min_to_pt":6.53,"walk_band":"band_5_10min"},"geometry":{"type":"LineString","coordinates":[[80.18817,13.03671],[80.19056,13.039830000000002]]}},{"type":"Feature","properties":{"facility_layer":"schools","facility_name":"schools 667","walk_network_m":723.8,"walk_min_to_pt":9.05,"walk_band":"band_5_10min"},"geometry":{"type":"LineString","coordinates":[[80.15368,13.02385],[80.15021,13.022479999999998]]}},{"type":"Feature","properties":{"facility_layer":"schools","facility_name":"schools 668","walk_network_m":558.1,"walk_min_to_pt":6.98,"walk_band":"band_5_10min"},"geometry":{"type":"LineString","coordinates":[[80.16267,13.02316],[80.16148,13.02103]]}},{"type":"Feature","properties":{"facility_layer":"schools","facility_name":"schools 676","walk_network_m":400.7,"walk_min_to_pt":5.01,"walk_band":"band_5_10min"},"geometry":{"type":"LineString","coordinates":[[80.18308,13.04667],[80.18474999999998,13.04439]]}},{"type":"Feature","properties":{"facility_layer":"schools","facility_name":"schools 685","walk_network_m":632.1,"walk_min_to_pt":7.9,"walk_band":"band_5_10min"},"geometry":{"type":"LineString","coordinates":[[80.15465,13.04041],[80.15754,13.041489999999996]]}},{"type":"Feature","properties":{"facility_layer":"schools","facility_name":"schools 687","walk_network_m":488.7,"walk_min_to_pt":6.11,"walk_band":"band_5_10min"},"geometry":{"type":"LineString","coordinates":[[80.15553,13.04038],[80.15754,13.041489999999996]]}},{"type":"Feature","properties":{"facility_layer":"schools","facility_name":"schools 688","walk_network_m":875.6,"walk_min_to_pt":10.95,"walk_band":"band_10_15min"},"geometry":{"type":"LineString","coordinates":[[80.15285,13.03964],[80.15321,13.03624]]}},{"type":"Feature","properties":{"facility_layer":"schools","facility_name":"schools 695","walk_network_m":478.5,"walk_min_to_pt":5.98,"walk_band":"band_5_10min"},"geometry":{"type":"LineString","coordinates":[[80.16033,13.03648],[80.15972000000001,13.037449999999998]]}},{"type":"Feature","properties":{"facility_layer":"schools","facility_name":"schools 701","walk_network_m":1105.6,"walk_min_to_pt":13.82,"walk_band":"band_10_15min"},"geometry":{"type":"LineString","coordinates":[[80.16272,13.06901],[80.16723,13.072280000000001]]}},{"type":"Feature","properties":{"facility_layer":"schools","facility_name":"schools 707","walk_network_m":798.1,"walk_min_to_pt":9.98,"walk_band":"band_5_10min"},"geometry":{"type":"LineString","coordinates":[[80.1629,13.07553],[80.16084,13.077389999999998]]}},{"type":"Feature","properties":{"facility_layer":"schools","facility_name":"schools 710","walk_network_m":602.2,"walk_min_to_pt":7.53,"walk_band":"band_5_10min"},"geometry":{"type":"LineString","coordinates":[[80.17245,13.07844],[80.17475999999999,13.078679999999997]]}},{"type":"Feature","properties":{"facility_layer":"schools","facility_name":"schools 712","walk_network_m":1105.6,"walk_min_to_pt":13.82,"walk_band":"band_10_15min"},"geometry":{"type":"LineString","coordinates":[[80.16279,13.06912],[80.16723,13.072280000000001]]}},{"type":"Feature","properties":{"facility_layer":"schools","facility_name":"schools 713","walk_network_m":762.5,"walk_min_to_pt":9.53,"walk_band":"band_5_10min"},"geometry":{"type":"LineString","coordinates":[[80.17294,13.07624],[80.17475999999999,13.078679999999997]]}},{"type":"Feature","properties":{"facility_layer":"schools","facility_name":"schools 714","walk_network_m":652.4,"walk_min_to_pt":8.16,"walk_band":"band_5_10min"},"geometry":{"type":"LineString","coordinates":[[80.16342,13.07699],[80.16084,13.077389999999998]]}},{"type":"Feature","properties":{"facility_layer":"schools","facility_name":"schools 715","walk_network_m":508.4,"walk_min_to_pt":6.36,"walk_band":"band_5_10min"},"geometry":{"type":"LineString","coordinates":[[80.17588,13.06358],[80.17526,13.06681]]}},{"type":"Feature","properties":{"facility_layer":"schools","facility_name":"schools 717","walk_network_m":439.6,"walk_min_to_pt":5.49,"walk_band":"band_5_10min"},"geometry":{"type":"LineString","coordinates":[[80.1776,13.0605],[80.17945,13.062889999999998]]}},{"type":"Feature","properties":{"facility_layer":"schools","facility_name":"schools 718","walk_network_m":448.3,"walk_min_to_pt":5.6,"walk_band":"band_5_10min"},"geometry":{"type":"LineString","coordinates":[[80.17861,13.06683],[80.18114,13.06742]]}},{"type":"Feature","properties":{"facility_layer":"schools","facility_name":"schools 721","walk_network_m":816.3,"walk_min_to_pt":10.2,"walk_band":"band_10_15min"},"geometry":{"type":"LineString","coordinates":[[80.19031,13.06267],[80.19136999999999,13.066959999999996]]}},{"type":"Feature","properties":{"facility_layer":"schools","facility_name":"schools 725","walk_network_m":555.3,"walk_min_to_pt":6.94,"walk_band":"band_5_10min"},"geometry":{"type":"LineString","coordinates":[[80.18952,13.05933],[80.18813,13.05688]]}},{"type":"Feature","properties":{"facility_layer":"schools","facility_name":"schools 727","walk_network_m":623.1,"walk_min_to_pt":7.79,"walk_band":"band_5_10min"},"geometry":{"type":"LineString","coordinates":[[80.18526,13.0648],[80.18203,13.06261]]}},{"type":"Feature","properties":{"facility_layer":"schools","facility_name":"schools 729","walk_network_m":523.4,"walk_min_to_pt":6.54,"walk_band":"band_5_10min"},"geometry":{"type":"LineString","coordinates":[[80.1855,13.0598],[80.18813,13.05688]]}},{"type":"Feature","properties":{"facility_layer":"schools","facility_name":"schools 742","walk_network_m":571.6,"walk_min_to_pt":7.15,"walk_band":"band_5_10min"},"geometry":{"type":"LineString","coordinates":[[80.1645,13.05151],[80.16641,13.0516]]}},{"type":"Feature","properties":{"facility_layer":"schools","facility_name":"schools 745","walk_network_m":457.1,"walk_min_to_pt":5.71,"walk_band":"band_5_10min"},"geometry":{"type":"LineString","coordinates":[[80.1644,13.05613],[80.1663,13.057269999999999]]}},{"type":"Feature","properties":{"facility_layer":"schools","facility_name":"schools 747","walk_network_m":410.9,"walk_min_to_pt":5.14,"walk_band":"band_5_10min"},"geometry":{"type":"LineString","coordinates":[[80.17207,13.06061],[80.17346,13.057379999999998]]}},{"type":"Feature","properties":{"facility_layer":"schools","facility_name":"schools 752","walk_network_m":621.6,"walk_min_to_pt":7.77,"walk_band":"band_5_10min"},"geometry":{"type":"LineString","coordinates":[[80.16995,13.04607],[80.16524999999999,13.047669999999997]]}},{"type":"Feature","properties":{"facility_layer":"schools","facility_name":"schools 754","walk_network_m":852.0,"walk_min_to_pt":10.65,"walk_band":"band_10_15min"},"geometry":{"type":"LineString","coordinates":[[80.17295,13.0503],[80.17679000000001,13.052779999999998]]}},{"type":"Feature","properties":{"facility_layer":"schools","facility_name":"schools 759","walk_network_m":469.0,"walk_min_to_pt":5.86,"walk_band":"band_5_10min"},"geometry":{"type":"LineString","coordinates":[[80.246,13.0108],[80.24882,13.010879999999998]]}},{"type":"Feature","properties":{"facility_layer":"schools","facility_name":"schools 761","walk_network_m":422.8,"walk_min_to_pt":5.28,"walk_band":"band_5_10min"},"geometry":{"type":"LineString","coordinates":[[80.26953,13.01726],[80.26846,13.019730000000001]]}},{"type":"Feature","properties":{"facility_layer":"schools","facility_name":"schools 778","walk_network_m":429.5,"walk_min_to_pt":5.37,"walk_band":"band_5_10min"},"geometry":{"type":"LineString","coordinates":[[80.21492,12.99477],[80.21639,12.99716]]}},{"type":"Feature","properties":{"facility_layer":"schools","facility_name":"schools 781","walk_network_m":449.2,"walk_min_to_pt":5.62,"walk_band":"band_5_10min"},"geometry":{"type":"LineString","coordinates":[[80.2141,12.99546],[80.21639,12.99716]]}},{"type":"Feature","properties":{"facility_layer":"schools","facility_name":"schools 783","walk_network_m":535.4,"walk_min_to_pt":6.69,"walk_band":"band_5_10min"},"geometry":{"type":"LineString","coordinates":[[80.21653,12.99316],[80.21952,12.991289999999998]]}},{"type":"Feature","properties":{"facility_layer":"schools","facility_name":"schools 784","walk_network_m":1897.2,"walk_min_to_pt":23.72,"walk_band":"over_15min"},"geometry":{"type":"LineString","coordinates":[[80.23246,12.99292],[80.24231999999999,12.99267]]}},{"type":"Feature","properties":{"facility_layer":"schools","facility_name":"schools 789","walk_network_m":421.4,"walk_min_to_pt":5.27,"walk_band":"band_5_10min"},"geometry":{"type":"LineString","coordinates":[[80.25164,13.01211],[80.24885,13.010890000000002]]}},{"type":"Feature","properties":{"facility_layer":"schools","facility_name":"schools 792","walk_network_m":421.4,"walk_min_to_pt":5.27,"walk_band":"band_5_10min"},"geometry":{"type":"LineString","coordinates":[[80.25202,13.01146],[80.24885,13.010890000000002]]}},{"type":"Feature","properties":{"facility_layer":"schools","facility_name":"schools 801","walk_network_m":723.8,"walk_min_to_pt":9.05,"walk_band":"band_5_10min"},"geometry":{"type":"LineString","coordinates":[[80.15373,13.02388],[80.15021,13.022479999999998]]}},{"type":"Feature","properties":{"facility_layer":"schools","facility_name":"schools 802","walk_network_m":640.7,"walk_min_to_pt":8.01,"walk_band":"band_5_10min"},"geometry":{"type":"LineString","coordinates":[[80.15685,13.02298],[80.16148,13.02103]]}},{"type":"Feature","properties":{"facility_layer":"schools","facility_name":"schools 805","walk_network_m":572.9,"walk_min_to_pt":7.16,"walk_band":"band_5_10min"},"geometry":{"type":"LineString","coordinates":[[80.16554,13.01531],[80.16687,13.012619999999998]]}},{"type":"Feature","properties":{"facility_layer":"schools","facility_name":"schools 809","walk_network_m":425.0,"walk_min_to_pt":5.31,"walk_band":"band_5_10min"},"geometry":{"type":"LineString","coordinates":[[80.17282,12.98728],[80.17562,12.986870000000001]]}},{"type":"Feature","properties":{"facility_layer":"schools","facility_name":"schools 810","walk_network_m":425.0,"walk_min_to_pt":5.31,"walk_band":"band_5_10min"},"geometry":{"type":"LineString","coordinates":[[80.17282,12.98728],[80.17562,12.986870000000001]]}},{"type":"Feature","properties":{"facility_layer":"schools","facility_name":"schools 812","walk_network_m":850.3,"walk_min_to_pt":10.63,"walk_band":"band_10_15min"},"geometry":{"type":"LineString","coordinates":[[80.29216,13.18406],[80.29767,13.180119999999999]]}},{"type":"Feature","properties":{"facility_layer":"schools","facility_name":"schools 813","walk_network_m":436.3,"walk_min_to_pt":5.45,"walk_band":"band_5_10min"},"geometry":{"type":"LineString","coordinates":[[80.26739,13.20294],[80.26982999999998,13.20356]]}},{"type":"Feature","properties":{"facility_layer":"schools","facility_name":"schools 818","walk_network_m":795.8,"walk_min_to_pt":9.95,"walk_band":"band_5_10min"},"geometry":{"type":"LineString","coordinates":[[80.27295,13.1955],[80.26963999999998,13.19699]]}},{"type":"Feature","properties":{"facility_layer":"schools","facility_name":"schools 819","walk_network_m":517.8,"walk_min_to_pt":6.47,"walk_band":"band_5_10min"},"geometry":{"type":"LineString","coordinates":[[80.204,13.00142],[80.2003,13.001879999999996]]}},{"type":"Feature","properties":{"facility_layer":"schools","facility_name":"schools 820","walk_network_m":557.1,"walk_min_to_pt":6.96,"walk_band":"band_5_10min"},"geometry":{"type":"LineString","coordinates":[[80.20476,13.00277],[80.20286,13.005900000000002]]}},{"type":"Feature","properties":{"facility_layer":"schools","facility_name":"schools 821","walk_network_m":505.7,"walk_min_to_pt":6.32,"walk_band":"band_5_10min"},"geometry":{"type":"LineString","coordinates":[[80.20512,13.00417],[80.20286,13.005900000000002]]}},{"type":"Feature","properties":{"facility_layer":"schools","facility_name":"schools 823","walk_network_m":479.6,"walk_min_to_pt":5.99,"walk_band":"band_5_10min"},"geometry":{"type":"LineString","coordinates":[[80.2044,13.00214],[80.20128999999999,13.00421]]}},{"type":"Feature","properties":{"facility_layer":"schools","facility_name":"schools 825","walk_network_m":557.1,"walk_min_to_pt":6.96,"walk_band":"band_5_10min"},"geometry":{"type":"LineString","coordinates":[[80.20468,13.00277],[80.20286,13.005900000000002]]}},{"type":"Feature","properties":{"facility_layer":"schools","facility_name":"schools 828","walk_network_m":565.0,"walk_min_to_pt":7.06,"walk_band":"band_5_10min"},"geometry":{"type":"LineString","coordinates":[[80.20504,13.00108],[80.20738,12.998289999999999]]}},{"type":"Feature","properties":{"facility_layer":"schools","facility_name":"schools 829","walk_network_m":565.0,"walk_min_to_pt":7.06,"walk_band":"band_5_10min"},"geometry":{"type":"LineString","coordinates":[[80.20384,13.00052],[80.20051,12.998709999999999]]}},{"type":"Feature","properties":{"facility_layer":"schools","facility_name":"schools 833","walk_network_m":496.8,"walk_min_to_pt":6.21,"walk_band":"band_5_10min"},"geometry":{"type":"LineString","coordinates":[[80.20291,12.99665],[80.20275999999998,12.995109999999999]]}},{"type":"Feature","properties":{"facility_layer":"schools","facility_name":"schools 845","walk_network_m":445.2,"walk_min_to_pt":5.57,"walk_band":"band_5_10min"},"geometry":{"type":"LineString","coordinates":[[80.18355,12.98301],[80.18290999999999,12.9798]]}},{"type":"Feature","properties":{"facility_layer":"schools","facility_name":"schools 850","walk_network_m":501.0,"walk_min_to_pt":6.26,"walk_band":"band_5_10min"},"geometry":{"type":"LineString","coordinates":[[80.20276,12.98141],[80.20461,12.98183]]}},{"type":"Feature","properties":{"facility_layer":"schools","facility_name":"schools 853","walk_network_m":569.8,"walk_min_to_pt":7.12,"walk_band":"band_5_10min"},"geometry":{"type":"LineString","coordinates":[[80.18217,12.98532],[80.18586,12.9854]]}},{"type":"Feature","properties":{"facility_layer":"schools","facility_name":"schools 854","walk_network_m":480.4,"walk_min_to_pt":6.0,"walk_band":"band_5_10min"},"geometry":{"type":"LineString","coordinates":[[80.18307,12.98607],[80.18515999999998,12.98794]]}},{"type":"Feature","properties":{"facility_layer":"schools","facility_name":"schools 855","walk_network_m":492.4,"walk_min_to_pt":6.16,"walk_band":"band_5_10min"},"geometry":{"type":"LineString","coordinates":[[80.17851,12.97664],[80.18170999999998,12.977629999999996]]}},{"type":"Feature","properties":{"facility_layer":"schools","facility_name":"schools 856","walk_network_m":629.4,"walk_min_to_pt":7.87,"walk_band":"band_5_10min"},"geometry":{"type":"LineString","coordinates":[[80.17756,12.98064],[80.17478800013428,12.9845320001438]]}},{"type":"Feature","properties":{"facility_layer":"schools","facility_name":"schools 858","walk_network_m":681.6,"walk_min_to_pt":8.52,"walk_band":"band_5_10min"},"geometry":{"type":"LineString","coordinates":[[80.17937,12.98342],[80.17478800013428,12.9845320001438]]}},{"type":"Feature","properties":{"facility_layer":"schools","facility_name":"schools 859","walk_network_m":617.0,"walk_min_to_pt":7.71,"walk_band":"band_5_10min"},"geometry":{"type":"LineString","coordinates":[[80.18097,12.98475],[80.18586,12.9854]]}},{"type":"Feature","properties":{"facility_layer":"schools","facility_name":"schools 867","walk_network_m":411.0,"walk_min_to_pt":5.14,"walk_band":"band_5_10min"},"geometry":{"type":"LineString","coordinates":[[80.18,12.98088],[80.18282999999998,12.979749999999996]]}},{"type":"Feature","properties":{"facility_layer":"schools","facility_name":"schools 876","walk_network_m":607.6,"walk_min_to_pt":7.6,"walk_band":"band_5_10min"},"geometry":{"type":"LineString","coordinates":[[80.19438,12.96946],[80.19134,12.972249999999999]]}},{"type":"Feature","properties":{"facility_layer":"schools","facility_name":"schools 877","walk_network_m":589.2,"walk_min_to_pt":7.37,"walk_band":"band_5_10min"},"geometry":{"type":"LineString","coordinates":[[80.19798,12.96937],[80.19686,12.973100000000002]]}},{"type":"Feature","properties":{"facility_layer":"schools","facility_name":"schools 878","walk_network_m":721.0,"walk_min_to_pt":9.01,"walk_band":"band_5_10min"},"geometry":{"type":"LineString","coordinates":[[80.19706,12.97072],[80.19686,12.973100000000002]]}},{"type":"Feature","properties":{"facility_layer":"schools","facility_name":"schools 879","walk_network_m":530.3,"walk_min_to_pt":6.63,"walk_band":"band_5_10min"},"geometry":{"type":"LineString","coordinates":[[80.1951,12.96947],[80.19686,12.973100000000002]]}},{"type":"Feature","properties":{"facility_layer":"schools","facility_name":"schools 880","walk_network_m":607.6,"walk_min_to_pt":7.6,"walk_band":"band_5_10min"},"geometry":{"type":"LineString","coordinates":[[80.19419,12.96909],[80.19134,12.972249999999999]]}},{"type":"Feature","properties":{"facility_layer":"schools","facility_name":"schools 881","walk_network_m":809.6,"walk_min_to_pt":10.12,"walk_band":"band_10_15min"},"geometry":{"type":"LineString","coordinates":[[80.20928,12.97357],[80.21309,12.973859999999998]]}},{"type":"Feature","properties":{"facility_layer":"schools","facility_name":"schools 882","walk_network_m":607.6,"walk_min_to_pt":7.6,"walk_band":"band_5_10min"},"geometry":{"type":"LineString","coordinates":[[80.19424,12.96912],[80.19134,12.972249999999999]]}},{"type":"Feature","properties":{"facility_layer":"schools","facility_name":"schools 885","walk_network_m":867.8,"walk_min_to_pt":10.85,"walk_band":"band_10_15min"},"geometry":{"type":"LineString","coordinates":[[80.23346,13.19473],[80.23833,13.19259]]}},{"type":"Feature","properties":{"facility_layer":"schools","facility_name":"schools 891","walk_network_m":567.5,"walk_min_to_pt":7.09,"walk_band":"band_5_10min"},"geometry":{"type":"LineString","coordinates":[[80.21128,13.01529],[80.21484,13.01511]]}},{"type":"Feature","properties":{"facility_layer":"schools","facility_name":"schools 893","walk_network_m":428.2,"walk_min_to_pt":5.35,"walk_band":"band_5_10min"},"geometry":{"type":"LineString","coordinates":[[80.20508,13.02088],[80.20623,13.018739999999998]]}},{"type":"Feature","properties":{"facility_layer":"schools","facility_name":"schools 897","walk_network_m":589.2,"walk_min_to_pt":7.37,"walk_band":"band_5_10min"},"geometry":{"type":"LineString","coordinates":[[80.21075,13.0163],[80.21484,13.01511]]}},{"type":"Feature","properties":{"facility_layer":"schools","facility_name":"schools 898","walk_network_m":589.2,"walk_min_to_pt":7.37,"walk_band":"band_5_10min"},"geometry":{"type":"LineString","coordinates":[[80.21079,13.01638],[80.21484,13.01511]]}},{"type":"Feature","properties":{"facility_layer":"schools","facility_name":"schools 902","walk_network_m":495.4,"walk_min_to_pt":6.19,"walk_band":"band_5_10min"},"geometry":{"type":"LineString","coordinates":[[80.22831,13.0174],[80.22532999999999,13.01547]]}},{"type":"Feature","properties":{"facility_layer":"schools","facility_name":"schools 904","walk_network_m":495.4,"walk_min_to_pt":6.19,"walk_band":"band_5_10min"},"geometry":{"type":"LineString","coordinates":[[80.22845,13.01724],[80.22532999999999,13.01547]]}},{"type":"Feature","properties":{"facility_layer":"schools","facility_name":"schools 906","walk_network_m":495.4,"walk_min_to_pt":6.19,"walk_band":"band_5_10min"},"geometry":{"type":"LineString","coordinates":[[80.22831,13.0174],[80.22532999999999,13.01547]]}},{"type":"Feature","properties":{"facility_layer":"schools","facility_name":"schools 908","walk_network_m":562.6,"walk_min_to_pt":7.03,"walk_band":"band_5_10min"},"geometry":{"type":"LineString","coordinates":[[80.23844,13.02729],[80.23664,13.02885]]}},{"type":"Feature","properties":{"facility_layer":"schools","facility_name":"schools 910","walk_network_m":487.8,"walk_min_to_pt":6.1,"walk_band":"band_5_10min"},"geometry":{"type":"LineString","coordinates":[[80.24008,13.02464],[80.24262999999999,13.023109999999999]]}},{"type":"Feature","properties":{"facility_layer":"schools","facility_name":"schools 924","walk_network_m":406.0,"walk_min_to_pt":5.08,"walk_band":"band_5_10min"},"geometry":{"type":"LineString","coordinates":[[80.25396,12.98423],[80.25572,12.986310000000001]]}},{"type":"Feature","properties":{"facility_layer":"schools","facility_name":"schools 933","walk_network_m":528.9,"walk_min_to_pt":6.61,"walk_band":"band_5_10min"},"geometry":{"type":"LineString","coordinates":[[80.25851,12.99289],[80.25604,12.990389999999998]]}},{"type":"Feature","properties":{"facility_layer":"schools","facility_name":"schools 934","walk_network_m":412.0,"walk_min_to_pt":5.15,"walk_band":"band_5_10min"},"geometry":{"type":"LineString","coordinates":[[80.26292,12.99372],[80.26275999999999,12.996210000000001]]}},{"type":"Feature","properties":{"facility_layer":"schools","facility_name":"schools 935","walk_network_m":910.9,"walk_min_to_pt":11.39,"walk_band":"band_10_15min"},"geometry":{"type":"LineString","coordinates":[[80.26666,12.98401],[80.25964,12.98514]]}},{"type":"Feature","properties":{"facility_layer":"schools","facility_name":"schools 936","walk_network_m":586.3,"walk_min_to_pt":7.33,"walk_band":"band_5_10min"},"geometry":{"type":"LineString","coordinates":[[80.27025,12.99303],[80.26742000000002,12.99572]]}},{"type":"Feature","properties":{"facility_layer":"schools","facility_name":"schools 947","walk_network_m":453.2,"walk_min_to_pt":5.66,"walk_band":"band_5_10min"},"geometry":{"type":"LineString","coordinates":[[80.27221,13.00501],[80.26869,13.003450000000003]]}},{"type":"Feature","properties":{"facility_layer":"schools","facility_name":"schools 949","walk_network_m":557.1,"walk_min_to_pt":6.96,"walk_band":"band_5_10min"},"geometry":{"type":"LineString","coordinates":[[80.26095,13.00012],[80.25927,12.996599999999999]]}},{"type":"Feature","properties":{"facility_layer":"schools","facility_name":"schools 950","walk_network_m":534.4,"walk_min_to_pt":6.68,"walk_band":"band_5_10min"},"geometry":{"type":"LineString","coordinates":[[80.26254,13.00163],[80.26606999999998,13.000329999999998]]}},{"type":"Feature","properties":{"facility_layer":"schools","facility_name":"schools 959","walk_network_m":473.4,"walk_min_to_pt":5.92,"walk_band":"band_5_10min"},"geometry":{"type":"LineString","coordinates":[[80.2595,13.00502],[80.25884,13.00716]]}},{"type":"Feature","properties":{"facility_layer":"schools","facility_name":"schools 962","walk_network_m":580.0,"walk_min_to_pt":7.25,"walk_band":"band_5_10min"},"geometry":{"type":"LineString","coordinates":[[80.26174,13.00323],[80.26141999999999,13.00738]]}},{"type":"Feature","properties":{"facility_layer":"schools","facility_name":"schools 966","walk_network_m":493.9,"walk_min_to_pt":6.17,"walk_band":"band_5_10min"},"geometry":{"type":"LineString","coordinates":[[80.21324,12.99464],[80.2101,12.993510000000002]]}},{"type":"Feature","properties":{"facility_layer":"schools","facility_name":"schools 968","walk_network_m":421.9,"walk_min_to_pt":5.27,"walk_band":"band_5_10min"},"geometry":{"type":"LineString","coordinates":[[80.21488,12.99264],[80.21473,12.989229999999997]]}},{"type":"Feature","properties":{"facility_layer":"schools","facility_name":"schools 969","walk_network_m":436.2,"walk_min_to_pt":5.45,"walk_band":"band_5_10min"},"geometry":{"type":"LineString","coordinates":[[80.21594,12.98183],[80.21778999999998,12.983779999999998]]}},{"type":"Feature","properties":{"facility_layer":"schools","facility_name":"schools 974","walk_network_m":413.0,"walk_min_to_pt":5.16,"walk_band":"band_5_10min"},"geometry":{"type":"LineString","coordinates":[[80.21208,12.99183],[80.2101,12.993510000000002]]}},{"type":"Feature","properties":{"facility_layer":"schools","facility_name":"schools 978","walk_network_m":560.6,"walk_min_to_pt":7.01,"walk_band":"band_5_10min"},"geometry":{"type":"LineString","coordinates":[[80.21517,12.97699],[80.21233999999998,12.976]]}},{"type":"Feature","properties":{"facility_layer":"schools","facility_name":"schools 986","walk_network_m":638.7,"walk_min_to_pt":7.98,"walk_band":"band_5_10min"},"geometry":{"type":"LineString","coordinates":[[80.23058,12.9856],[80.23043,12.981729999999999]]}},{"type":"Feature","properties":{"facility_layer":"schools","facility_name":"schools 987","walk_network_m":611.4,"walk_min_to_pt":7.64,"walk_band":"band_5_10min"},"geometry":{"type":"LineString","coordinates":[[80.23193,12.97993],[80.23043,12.981729999999999]]}},{"type":"Feature","properties":{"facility_layer":"schools","facility_name":"schools 989","walk_network_m":403.6,"walk_min_to_pt":5.05,"walk_band":"band_5_10min"},"geometry":{"type":"LineString","coordinates":[[80.22621,12.98455],[80.22330999999998,12.98541]]}},{"type":"Feature","properties":{"facility_layer":"schools","facility_name":"schools 990","walk_network_m":582.9,"walk_min_to_pt":7.29,"walk_band":"band_5_10min"},"geometry":{"type":"LineString","coordinates":[[80.22775,12.98562],[80.22330999999998,12.98541]]}},{"type":"Feature","properties":{"facility_layer":"schools","facility_name":"schools 991","walk_network_m":454.5,"walk_min_to_pt":5.68,"walk_band":"band_5_10min"},"geometry":{"type":"LineString","coordinates":[[80.22259,12.97873],[80.22520999999999,12.978529999999997]]}},{"type":"Feature","properties":{"facility_layer":"schools","facility_name":"schools 992","walk_network_m":714.0,"walk_min_to_pt":8.93,"walk_band":"band_5_10min"},"geometry":{"type":"LineString","coordinates":[[80.22244,12.97253],[80.21913999999998,12.97115]]}},{"type":"Feature","properties":{"facility_layer":"schools","facility_name":"schools 993","walk_network_m":559.4,"walk_min_to_pt":6.99,"walk_band":"band_5_10min"},"geometry":{"type":"LineString","coordinates":[[80.22834,12.98484],[80.23043,12.981729999999999]]}},{"type":"Feature","properties":{"facility_layer":"schools","facility_name":"schools 995","walk_network_m":403.6,"walk_min_to_pt":5.05,"walk_band":"band_5_10min"},"geometry":{"type":"LineString","coordinates":[[80.22621,12.98455],[80.22330999999998,12.98541]]}},{"type":"Feature","properties":{"facility_layer":"schools","facility_name":"schools 1001","walk_network_m":532.1,"walk_min_to_pt":6.65,"walk_band":"band_5_10min"},"geometry":{"type":"LineString","coordinates":[[80.26267,12.98917],[80.25919,12.987499999999999]]}},{"type":"Feature","properties":{"facility_layer":"schools","facility_name":"schools 1002","walk_network_m":492.6,"walk_min_to_pt":6.16,"walk_band":"band_5_10min"},"geometry":{"type":"LineString","coordinates":[[80.26572,12.99255],[80.26516,12.995909999999997]]}},{"type":"Feature","properties":{"facility_layer":"schools","facility_name":"schools 1004","walk_network_m":624.2,"walk_min_to_pt":7.8,"walk_band":"band_5_10min"},"geometry":{"type":"LineString","coordinates":[[80.24692,12.97727],[80.24328999999999,12.97989]]}},{"type":"Feature","properties":{"facility_layer":"schools","facility_name":"schools 1007","walk_network_m":516.7,"walk_min_to_pt":6.46,"walk_band":"band_5_10min"},"geometry":{"type":"LineString","coordinates":[[80.24178,12.9663],[80.24578999999999,12.967219999999998]]}},{"type":"Feature","properties":{"facility_layer":"schools","facility_name":"schools 1008","walk_network_m":576.9,"walk_min_to_pt":7.21,"walk_band":"band_5_10min"},"geometry":{"type":"LineString","coordinates":[[80.23239,12.97444],[80.2314130001552,12.975246999875097]]}},{"type":"Feature","properties":{"facility_layer":"schools","facility_name":"schools 1009","walk_network_m":544.3,"walk_min_to_pt":6.8,"walk_band":"band_5_10min"},"geometry":{"type":"LineString","coordinates":[[80.25467,12.96503],[80.25604,12.961249999999996]]}},{"type":"Feature","properties":{"facility_layer":"schools","facility_name":"schools 1011","walk_network_m":436.5,"walk_min_to_pt":5.46,"walk_band":"band_5_10min"},"geometry":{"type":"LineString","coordinates":[[80.25502,12.96403],[80.25604,12.961249999999996]]}},{"type":"Feature","properties":{"facility_layer":"schools","facility_name":"schools 1012","walk_network_m":507.0,"walk_min_to_pt":6.34,"walk_band":"band_5_10min"},"geometry":{"type":"LineString","coordinates":[[80.25843,12.96607],[80.25774,12.9694]]}},{"type":"Feature","properties":{"facility_layer":"schools","facility_name":"schools 1013","walk_network_m":512.5,"walk_min_to_pt":6.41,"walk_band":"band_5_10min"},"geometry":{"type":"LineString","coordinates":[[80.25236,12.96627],[80.24782999999998,12.966930000000001]]}},{"type":"Feature","properties":{"facility_layer":"schools","facility_name":"schools 1017","walk_network_m":1444.5,"walk_min_to_pt":18.06,"walk_band":"over_15min"},"geometry":{"type":"LineString","coordinates":[[80.23507,12.96279],[80.24438999999998,12.958829999999999]]}},{"type":"Feature","properties":{"facility_layer":"schools","facility_name":"schools 1018","walk_network_m":579.5,"walk_min_to_pt":7.24,"walk_band":"band_5_10min"},"geometry":{"type":"LineString","coordinates":[[80.23982,12.95961],[80.24438999999998,12.958829999999999]]}},{"type":"Feature","properties":{"facility_layer":"schools","facility_name":"schools 1019","walk_network_m":722.5,"walk_min_to_pt":9.03,"walk_band":"band_5_10min"},"geometry":{"type":"LineString","coordinates":[[80.23887,12.96003],[80.24438999999998,12.958829999999999]]}},{"type":"Feature","properties":{"facility_layer":"schools","facility_name":"schools 1020","walk_network_m":738.1,"walk_min_to_pt":9.23,"walk_band":"band_5_10min"},"geometry":{"type":"LineString","coordinates":[[80.23896,12.96044],[80.24438999999998,12.958829999999999]]}},{"type":"Feature","properties":{"facility_layer":"schools","facility_name":"schools 1021","walk_network_m":655.4,"walk_min_to_pt":8.19,"walk_band":"band_5_10min"},"geometry":{"type":"LineString","coordinates":[[80.24015,12.96048],[80.24438999999998,12.958829999999999]]}},{"type":"Feature","properties":{"facility_layer":"schools","facility_name":"schools 1023","walk_network_m":752.6,"walk_min_to_pt":9.41,"walk_band":"band_5_10min"},"geometry":{"type":"LineString","coordinates":[[80.23673,12.95565],[80.23393999999999,12.949969999999997]]}},{"type":"Feature","properties":{"facility_layer":"schools","facility_name":"schools 1024","walk_network_m":408.9,"walk_min_to_pt":5.11,"walk_band":"band_5_10min"},"geometry":{"type":"LineString","coordinates":[[80.24315,12.95111],[80.24178,12.951649999999999]]}},{"type":"Feature","properties":{"facility_layer":"schools","facility_name":"schools 1025","walk_network_m":414.3,"walk_min_to_pt":5.18,"walk_band":"band_5_10min"},"geometry":{"type":"LineString","coordinates":[[80.24111,12.9536],[80.24178,12.951649999999999]]}},{"type":"Feature","properties":{"facility_layer":"schools","facility_name":"schools 1027","walk_network_m":967.1,"walk_min_to_pt":12.09,"walk_band":"band_10_15min"},"geometry":{"type":"LineString","coordinates":[[80.19281,12.95787],[80.18699999999998,12.95596]]}},{"type":"Feature","properties":{"facility_layer":"schools","facility_name":"schools 1034","walk_network_m":539.3,"walk_min_to_pt":6.74,"walk_band":"band_5_10min"},"geometry":{"type":"LineString","coordinates":[[80.21574,12.96641],[80.21757,12.967139999999999]]}},{"type":"Feature","properties":{"facility_layer":"schools","facility_name":"schools 1037","walk_network_m":1133.3,"walk_min_to_pt":14.17,"walk_band":"band_10_15min"},"geometry":{"type":"LineString","coordinates":[[80.20464,12.95387],[80.20327,12.948759999999998]]}},{"type":"Feature","properties":{"facility_layer":"schools","facility_name":"schools 1039","walk_network_m":1137.6,"walk_min_to_pt":14.22,"walk_band":"band_10_15min"},"geometry":{"type":"LineString","coordinates":[[80.21235,12.93157],[80.204,12.933999999999997]]}},{"type":"Feature","properties":{"facility_layer":"schools","facility_name":"schools 1040","walk_network_m":523.5,"walk_min_to_pt":6.54,"walk_band":"band_5_10min"},"geometry":{"type":"LineString","coordinates":[[80.20704,12.9352],[80.204,12.933999999999997]]}},{"type":"Feature","properties":{"facility_layer":"schools","facility_name":"schools 1041","walk_network_m":509.5,"walk_min_to_pt":6.37,"walk_band":"band_5_10min"},"geometry":{"type":"LineString","coordinates":[[80.26935,12.99294],[80.26742000000002,12.99572]]}},{"type":"Feature","properties":{"facility_layer":"schools","facility_name":"schools 1045","walk_network_m":650.5,"walk_min_to_pt":8.13,"walk_band":"band_5_10min"},"geometry":{"type":"LineString","coordinates":[[80.26126,12.98109],[80.25964,12.98514]]}},{"type":"Feature","properties":{"facility_layer":"schools","facility_name":"schools 1048","walk_network_m":749.2,"walk_min_to_pt":9.36,"walk_band":"band_5_10min"},"geometry":{"type":"LineString","coordinates":[[80.26093,12.9814],[80.25964,12.98514]]}},{"type":"Feature","properties":{"facility_layer":"schools","facility_name":"schools 1049","walk_network_m":860.3,"walk_min_to_pt":10.75,"walk_band":"band_10_15min"},"geometry":{"type":"LineString","coordinates":[[80.26536,12.98353],[80.25964,12.98514]]}},{"type":"Feature","properties":{"facility_layer":"schools","facility_name":"schools 1050","walk_network_m":454.9,"walk_min_to_pt":5.69,"walk_band":"band_5_10min"},"geometry":{"type":"LineString","coordinates":[[80.26058,12.98372],[80.25964,12.98514]]}},{"type":"Feature","properties":{"facility_layer":"schools","facility_name":"schools 1052","walk_network_m":721.7,"walk_min_to_pt":9.02,"walk_band":"band_5_10min"},"geometry":{"type":"LineString","coordinates":[[80.25543,12.97211],[80.25755,12.96961]]}},{"type":"Feature","properties":{"facility_layer":"schools","facility_name":"schools 1053","walk_network_m":737.0,"walk_min_to_pt":9.21,"walk_band":"band_5_10min"},"geometry":{"type":"LineString","coordinates":[[80.26212,12.97223],[80.25774,12.9694]]}},{"type":"Feature","properties":{"facility_layer":"schools","facility_name":"schools 1054","walk_network_m":791.1,"walk_min_to_pt":9.89,"walk_band":"band_5_10min"},"geometry":{"type":"LineString","coordinates":[[80.26437,12.96868],[80.25774,12.9694]]}},{"type":"Feature","properties":{"facility_layer":"schools","facility_name":"schools 1056","walk_network_m":664.2,"walk_min_to_pt":8.3,"walk_band":"band_5_10min"},"geometry":{"type":"LineString","coordinates":[[80.25513,12.97214],[80.25755,12.96961]]}},{"type":"Feature","properties":{"facility_layer":"schools","facility_name":"schools 1057","walk_network_m":795.4,"walk_min_to_pt":9.94,"walk_band":"band_5_10min"},"geometry":{"type":"LineString","coordinates":[[80.26252,12.97176],[80.25774,12.9694]]}},{"type":"Feature","properties":{"facility_layer":"schools","facility_name":"schools 1058","walk_network_m":791.1,"walk_min_to_pt":9.89,"walk_band":"band_5_10min"},"geometry":{"type":"LineString","coordinates":[[80.26393,12.96877],[80.25774,12.9694]]}},{"type":"Feature","properties":{"facility_layer":"schools","facility_name":"schools 1059","walk_network_m":607.8,"walk_min_to_pt":7.6,"walk_band":"band_5_10min"},"geometry":{"type":"LineString","coordinates":[[80.25873,12.97147],[80.25755,12.96961]]}},{"type":"Feature","properties":{"facility_layer":"schools","facility_name":"schools 1060","walk_network_m":737.0,"walk_min_to_pt":9.21,"walk_band":"band_5_10min"},"geometry":{"type":"LineString","coordinates":[[80.26255,12.97234],[80.2592,12.976670000000002]]}},{"type":"Feature","properties":{"facility_layer":"schools","facility_name":"schools 1065","walk_network_m":560.0,"walk_min_to_pt":7.0,"walk_band":"band_5_10min"},"geometry":{"type":"LineString","coordinates":[[80.19522,13.17144],[80.19923,13.170459999999999]]}},{"type":"Feature","properties":{"facility_layer":"schools","facility_name":"schools 1067","walk_network_m":872.3,"walk_min_to_pt":10.9,"walk_band":"band_10_15min"},"geometry":{"type":"LineString","coordinates":[[80.1931,13.16836],[80.19923,13.170459999999999]]}},{"type":"Feature","properties":{"facility_layer":"schools","facility_name":"schools 1068","walk_network_m":565.1,"walk_min_to_pt":7.06,"walk_band":"band_5_10min"},"geometry":{"type":"LineString","coordinates":[[80.20321,13.16774],[80.20229999999998,13.16431]]}},{"type":"Feature","properties":{"facility_layer":"schools","facility_name":"schools 1069","walk_network_m":832.6,"walk_min_to_pt":10.41,"walk_band":"band_10_15min"},"geometry":{"type":"LineString","coordinates":[[80.19264,13.17115],[80.19615999999999,13.175999999999998]]}},{"type":"Feature","properties":{"facility_layer":"schools","facility_name":"schools 1071","walk_network_m":804.2,"walk_min_to_pt":10.05,"walk_band":"band_10_15min"},"geometry":{"type":"LineString","coordinates":[[80.19254,13.1712],[80.19615999999999,13.175999999999998]]}},{"type":"Feature","properties":{"facility_layer":"schools","facility_name":"schools 1072","walk_network_m":712.3,"walk_min_to_pt":8.9,"walk_band":"band_5_10min"},"geometry":{"type":"LineString","coordinates":[[80.20097,13.15519],[80.19993999999998,13.158639999999997]]}},{"type":"Feature","properties":{"facility_layer":"schools","facility_name":"schools 1073","walk_network_m":562.7,"walk_min_to_pt":7.03,"walk_band":"band_5_10min"},"geometry":{"type":"LineString","coordinates":[[80.20228,13.15385],[80.20431999999998,13.150049999999998]]}},{"type":"Feature","properties":{"facility_layer":"schools","facility_name":"schools 1074","walk_network_m":723.3,"walk_min_to_pt":9.04,"walk_band":"band_5_10min"},"geometry":{"type":"LineString","coordinates":[[80.20911,13.16386],[80.20266999999998,13.163859999999998]]}},{"type":"Feature","properties":{"facility_layer":"schools","facility_name":"schools 1076","walk_network_m":622.8,"walk_min_to_pt":7.78,"walk_band":"band_5_10min"},"geometry":{"type":"LineString","coordinates":[[80.20716,13.16114],[80.20397,13.15804]]}},{"type":"Feature","properties":{"facility_layer":"schools","facility_name":"schools 1077","walk_network_m":437.2,"walk_min_to_pt":5.46,"walk_band":"band_5_10min"},"geometry":{"type":"LineString","coordinates":[[80.20461,13.16121],[80.20369,13.158260000000002]]}},{"type":"Feature","properties":{"facility_layer":"schools","facility_name":"schools 1079","walk_network_m":712.3,"walk_min_to_pt":8.9,"walk_band":"band_5_10min"},"geometry":{"type":"LineString","coordinates":[[80.20097,13.15519],[80.19993999999998,13.158639999999997]]}},{"type":"Feature","properties":{"facility_layer":"schools","facility_name":"schools 1081","walk_network_m":458.8,"walk_min_to_pt":5.73,"walk_band":"band_5_10min"},"geometry":{"type":"LineString","coordinates":[[80.20595,13.16161],[80.20266999999998,13.163859999999998]]}},{"type":"Feature","properties":{"facility_layer":"schools","facility_name":"schools 1086","walk_network_m":657.1,"walk_min_to_pt":8.21,"walk_band":"band_5_10min"},"geometry":{"type":"LineString","coordinates":[[80.19502,13.14657],[80.19412,13.1424]]}},{"type":"Feature","properties":{"facility_layer":"schools","facility_name":"schools 1087","walk_network_m":439.6,"walk_min_to_pt":5.5,"walk_band":"band_5_10min"},"geometry":{"type":"LineString","coordinates":[[80.19358,13.15073],[80.19150999999998,13.15078]]}},{"type":"Feature","properties":{"facility_layer":"schools","facility_name":"schools 1101","walk_network_m":608.1,"walk_min_to_pt":7.6,"walk_band":"band_5_10min"},"geometry":{"type":"LineString","coordinates":[[80.2205,13.13334],[80.21659999999999,13.135899999999998]]}},{"type":"Feature","properties":{"facility_layer":"schools","facility_name":"schools 1102","walk_network_m":520.1,"walk_min_to_pt":6.5,"walk_band":"band_5_10min"},"geometry":{"type":"LineString","coordinates":[[80.21891,13.13236],[80.21659999999999,13.135899999999998]]}},{"type":"Feature","properties":{"facility_layer":"schools","facility_name":"schools 1104","walk_network_m":1216.1,"walk_min_to_pt":15.2,"walk_band":"over_15min"},"geometry":{"type":"LineString","coordinates":[[80.21266,12.93172],[80.204,12.933999999999997]]}},{"type":"Feature","properties":{"facility_layer":"schools","facility_name":"schools 1107","walk_network_m":586.2,"walk_min_to_pt":7.33,"walk_band":"band_5_10min"},"geometry":{"type":"LineString","coordinates":[[80.21205,12.94178],[80.20834999999998,12.944049999999997]]}},{"type":"Feature","properties":{"facility_layer":"schools","facility_name":"schools 1108","walk_network_m":508.1,"walk_min_to_pt":6.35,"walk_band":"band_5_10min"},"geometry":{"type":"LineString","coordinates":[[80.23116,13.16879],[80.23469999999999,13.16629]]}},{"type":"Feature","properties":{"facility_layer":"schools","facility_name":"schools 1111","walk_network_m":499.8,"walk_min_to_pt":6.25,"walk_band":"band_5_10min"},"geometry":{"type":"LineString","coordinates":[[80.24353,13.17187],[80.24743,13.171460000000002]]}},{"type":"Feature","properties":{"facility_layer":"schools","facility_name":"schools 1115","walk_network_m":433.4,"walk_min_to_pt":5.42,"walk_band":"band_5_10min"},"geometry":{"type":"LineString","coordinates":[[80.25011,13.17167],[80.24755999999998,13.171460000000002]]}},{"type":"Feature","properties":{"facility_layer":"schools","facility_name":"schools 1118","walk_network_m":656.3,"walk_min_to_pt":8.2,"walk_band":"band_5_10min"},"geometry":{"type":"LineString","coordinates":[[80.20463,12.9299],[80.20279,12.92945]]}},{"type":"Feature","properties":{"facility_layer":"schools","facility_name":"schools 1120","walk_network_m":1685.7,"walk_min_to_pt":21.07,"walk_band":"over_15min"},"geometry":{"type":"LineString","coordinates":[[80.21014,12.92139],[80.20211999999998,12.92841]]}},{"type":"Feature","properties":{"facility_layer":"schools","facility_name":"schools 1123","walk_network_m":446.0,"walk_min_to_pt":5.57,"walk_band":"band_5_10min"},"geometry":{"type":"LineString","coordinates":[[80.20342,12.93889],[80.20557999999998,12.93968]]}},{"type":"Feature","properties":{"facility_layer":"schools","facility_name":"schools 1124","walk_network_m":784.7,"walk_min_to_pt":9.81,"walk_band":"band_5_10min"},"geometry":{"type":"LineString","coordinates":[[80.20244,12.91898],[80.19743999999999,12.92231]]}},{"type":"Feature","properties":{"facility_layer":"schools","facility_name":"schools 1125","walk_network_m":1294.5,"walk_min_to_pt":16.18,"walk_band":"over_15min"},"geometry":{"type":"LineString","coordinates":[[80.20849,12.92307],[80.20211999999998,12.92841]]}},{"type":"Feature","properties":{"facility_layer":"schools","facility_name":"schools 1127","walk_network_m":1413.2,"walk_min_to_pt":17.66,"walk_band":"over_15min"},"geometry":{"type":"LineString","coordinates":[[80.20934,12.92274],[80.20211999999998,12.92841]]}},{"type":"Feature","properties":{"facility_layer":"schools","facility_name":"schools 1128","walk_network_m":1575.0,"walk_min_to_pt":19.69,"walk_band":"over_15min"},"geometry":{"type":"LineString","coordinates":[[80.20177,12.91437],[80.19642,12.91091]]}},{"type":"Feature","properties":{"facility_layer":"schools","facility_name":"schools 1129","walk_network_m":915.6,"walk_min_to_pt":11.44,"walk_band":"band_10_15min"},"geometry":{"type":"LineString","coordinates":[[80.20252,12.92012],[80.19743999999999,12.92231]]}},{"type":"Feature","properties":{"facility_layer":"schools","facility_name":"schools 1131","walk_network_m":681.5,"walk_min_to_pt":8.52,"walk_band":"band_5_10min"},"geometry":{"type":"LineString","coordinates":[[80.24901,12.94971],[80.25469,12.94967]]}},{"type":"Feature","properties":{"facility_layer":"schools","facility_name":"schools 1133","walk_network_m":834.1,"walk_min_to_pt":10.43,"walk_band":"band_10_15min"},"geometry":{"type":"LineString","coordinates":[[80.26221,12.95557],[80.25529,12.954089999999999]]}},{"type":"Feature","properties":{"facility_layer":"schools","facility_name":"schools 1135","walk_network_m":719.1,"walk_min_to_pt":8.99,"walk_band":"band_5_10min"},"geometry":{"type":"LineString","coordinates":[[80.24932,12.95079],[80.25469,12.94967]]}},{"type":"Feature","properties":{"facility_layer":"schools","facility_name":"schools 1139","walk_network_m":539.3,"walk_min_to_pt":6.74,"walk_band":"band_5_10min"},"geometry":{"type":"LineString","coordinates":[[80.25368,12.94314],[80.25316,12.942250000000001]]}},{"type":"Feature","properties":{"facility_layer":"schools","facility_name":"schools 1141","walk_network_m":618.6,"walk_min_to_pt":7.73,"walk_band":"band_5_10min"},"geometry":{"type":"LineString","coordinates":[[80.2492,12.9444],[80.25316,12.942250000000001]]}},{"type":"Feature","properties":{"facility_layer":"schools","facility_name":"schools 1143","walk_network_m":410.8,"walk_min_to_pt":5.13,"walk_band":"band_5_10min"},"geometry":{"type":"LineString","coordinates":[[80.24063,12.94361],[80.23753,12.943729999999999]]}},{"type":"Feature","properties":{"facility_layer":"schools","facility_name":"schools 1151","walk_network_m":483.3,"walk_min_to_pt":6.04,"walk_band":"band_5_10min"},"geometry":{"type":"LineString","coordinates":[[80.24163,12.93319],[80.23858,12.93137]]}},{"type":"Feature","properties":{"facility_layer":"schools","facility_name":"schools 1153","walk_network_m":554.4,"walk_min_to_pt":6.93,"walk_band":"band_5_10min"},"geometry":{"type":"LineString","coordinates":[[80.24154,12.93449],[80.24202,12.93788]]}},{"type":"Feature","properties":{"facility_layer":"schools","facility_name":"schools 1155","walk_network_m":673.5,"walk_min_to_pt":8.42,"walk_band":"band_5_10min"},"geometry":{"type":"LineString","coordinates":[[80.23343,12.92837],[80.23107999999999,12.925850000000002]]}},{"type":"Feature","properties":{"facility_layer":"schools","facility_name":"schools 1156","walk_network_m":413.0,"walk_min_to_pt":5.16,"walk_band":"band_5_10min"},"geometry":{"type":"LineString","coordinates":[[80.23257,12.92794],[80.23107999999999,12.925850000000002]]}},{"type":"Feature","properties":{"facility_layer":"schools","facility_name":"schools 1158","walk_network_m":652.4,"walk_min_to_pt":8.15,"walk_band":"band_5_10min"},"geometry":{"type":"LineString","coordinates":[[80.23041,12.92953],[80.23107999999999,12.925850000000002]]}},{"type":"Feature","properties":{"facility_layer":"schools","facility_name":"schools 1162","walk_network_m":449.9,"walk_min_to_pt":5.62,"walk_band":"band_5_10min"},"geometry":{"type":"LineString","coordinates":[[80.24244,12.92792],[80.23891,12.92858]]}},{"type":"Feature","properties":{"facility_layer":"schools","facility_name":"schools 1167","walk_network_m":543.8,"walk_min_to_pt":6.8,"walk_band":"band_5_10min"},"geometry":{"type":"LineString","coordinates":[[80.25453,12.93875],[80.25279999999998,12.938509999999999]]}},{"type":"Feature","properties":{"facility_layer":"schools","facility_name":"schools 1171","walk_network_m":681.0,"walk_min_to_pt":8.51,"walk_band":"band_5_10min"},"geometry":{"type":"LineString","coordinates":[[80.24762,12.91782],[80.25066,12.918849999999999]]}},{"type":"Feature","properties":{"facility_layer":"schools","facility_name":"schools 1174","walk_network_m":507.7,"walk_min_to_pt":6.35,"walk_band":"band_5_10min"},"geometry":{"type":"LineString","coordinates":[[80.25651,12.93714],[80.25279999999998,12.938509999999999]]}},{"type":"Feature","properties":{"facility_layer":"schools","facility_name":"schools 1175","walk_network_m":689.5,"walk_min_to_pt":8.62,"walk_band":"band_5_10min"},"geometry":{"type":"LineString","coordinates":[[80.24732,12.92635],[80.25112,12.924759999999996]]}},{"type":"Feature","properties":{"facility_layer":"schools","facility_name":"schools 1176","walk_network_m":647.3,"walk_min_to_pt":8.09,"walk_band":"band_5_10min"},"geometry":{"type":"LineString","coordinates":[[80.2326,12.902],[80.23104,12.90096]]}},{"type":"Feature","properties":{"facility_layer":"schools","facility_name":"schools 1178","walk_network_m":449.9,"walk_min_to_pt":5.62,"walk_band":"band_5_10min"},"geometry":{"type":"LineString","coordinates":[[80.23058,12.90255],[80.23104,12.90096]]}},{"type":"Feature","properties":{"facility_layer":"schools","facility_name":"schools 1180","walk_network_m":537.9,"walk_min_to_pt":6.72,"walk_band":"band_5_10min"},"geometry":{"type":"LineString","coordinates":[[80.23094,12.90277],[80.23104,12.90096]]}},{"type":"Feature","properties":{"facility_layer":"schools","facility_name":"schools 1181","walk_network_m":514.0,"walk_min_to_pt":6.43,"walk_band":"band_5_10min"},"geometry":{"type":"LineString","coordinates":[[80.23264,12.90106],[80.23104,12.90096]]}},{"type":"Feature","properties":{"facility_layer":"schools","facility_name":"schools 1183","walk_network_m":565.1,"walk_min_to_pt":7.06,"walk_band":"band_5_10min"},"geometry":{"type":"LineString","coordinates":[[80.23124,12.89801],[80.23105,12.900660000000002]]}},{"type":"Feature","properties":{"facility_layer":"schools","facility_name":"schools 1185","walk_network_m":771.6,"walk_min_to_pt":9.64,"walk_band":"band_5_10min"},"geometry":{"type":"LineString","coordinates":[[80.23554,12.91403],[80.22938,12.913270000000002]]}},{"type":"Feature","properties":{"facility_layer":"schools","facility_name":"schools 1186","walk_network_m":514.0,"walk_min_to_pt":6.43,"walk_band":"band_5_10min"},"geometry":{"type":"LineString","coordinates":[[80.23259,12.90094],[80.23104,12.90096]]}},{"type":"Feature","properties":{"facility_layer":"schools","facility_name":"schools 1188","walk_network_m":1105.5,"walk_min_to_pt":13.82,"walk_band":"band_10_15min"},"geometry":{"type":"LineString","coordinates":[[80.23962,12.91854],[80.23831999999999,12.9253]]}},{"type":"Feature","properties":{"facility_layer":"schools","facility_name":"schools 1189","walk_network_m":1403.8,"walk_min_to_pt":17.55,"walk_band":"over_15min"},"geometry":{"type":"LineString","coordinates":[[80.21803,12.89598],[80.21824999999998,12.90161]]}},{"type":"Feature","properties":{"facility_layer":"schools","facility_name":"schools 1191","walk_network_m":576.8,"walk_min_to_pt":7.21,"walk_band":"band_5_10min"},"geometry":{"type":"LineString","coordinates":[[80.23101,12.90878],[80.22814999999999,12.907479999999998]]}},{"type":"Feature","properties":{"facility_layer":"schools","facility_name":"schools 1192","walk_network_m":872.3,"walk_min_to_pt":10.9,"walk_band":"band_10_15min"},"geometry":{"type":"LineString","coordinates":[[80.23513,12.90179],[80.23104,12.90096]]}},{"type":"Feature","properties":{"facility_layer":"schools","facility_name":"schools 1200","walk_network_m":901.2,"walk_min_to_pt":11.27,"walk_band":"band_10_15min"},"geometry":{"type":"LineString","coordinates":[[80.24511,12.9028],[80.24745,12.898329999999998]]}},{"type":"Feature","properties":{"facility_layer":"schools","facility_name":"schools 1201","walk_network_m":439.8,"walk_min_to_pt":5.5,"walk_band":"band_5_10min"},"geometry":{"type":"LineString","coordinates":[[80.24618,12.86909],[80.24363999999998,12.86894]]}},{"type":"Feature","properties":{"facility_layer":"schools","facility_name":"schools 1205","walk_network_m":440.6,"walk_min_to_pt":5.51,"walk_band":"band_5_10min"},"geometry":{"type":"LineString","coordinates":[[80.31504,13.21138],[80.31653999999999,13.20995]]}},{"type":"Feature","properties":{"facility_layer":"schools","facility_name":"schools 1209","walk_network_m":481.0,"walk_min_to_pt":6.01,"walk_band":"band_5_10min"},"geometry":{"type":"LineString","coordinates":[[80.32257,13.22039],[80.31978,13.220499999999998]]}},{"type":"Feature","properties":{"facility_layer":"schools","facility_name":"schools 1213","walk_network_m":404.6,"walk_min_to_pt":5.06,"walk_band":"band_5_10min"},"geometry":{"type":"LineString","coordinates":[[80.22872,12.86155],[80.22667,12.860539999999999]]}},{"type":"Feature","properties":{"facility_layer":"schools","facility_name":"schools 1216","walk_network_m":403.6,"walk_min_to_pt":5.04,"walk_band":"band_5_10min"},"geometry":{"type":"LineString","coordinates":[[80.24667,13.13338],[80.2488,13.136350000000002]]}},{"type":"Feature","properties":{"facility_layer":"schools","facility_name":"schools 1219","walk_network_m":461.9,"walk_min_to_pt":5.77,"walk_band":"band_5_10min"},"geometry":{"type":"LineString","coordinates":[[80.25155,13.13508],[80.25368999999999,13.13442]]}},{"type":"Feature","properties":{"facility_layer":"schools","facility_name":"schools 1233","walk_network_m":402.3,"walk_min_to_pt":5.03,"walk_band":"band_5_10min"},"geometry":{"type":"LineString","coordinates":[[80.24756,13.13059],[80.24986,13.1301]]}},{"type":"Feature","properties":{"facility_layer":"schools","facility_name":"schools 1235","walk_network_m":462.0,"walk_min_to_pt":5.78,"walk_band":"band_5_10min"},"geometry":{"type":"LineString","coordinates":[[80.25789,13.12785],[80.25913,13.12479]]}},{"type":"Feature","properties":{"facility_layer":"schools","facility_name":"schools 1236","walk_network_m":496.7,"walk_min_to_pt":6.21,"walk_band":"band_5_10min"},"geometry":{"type":"LineString","coordinates":[[80.25331,13.11751],[80.25247,13.114669999999998]]}},{"type":"Feature","properties":{"facility_layer":"schools","facility_name":"schools 1237","walk_network_m":414.3,"walk_min_to_pt":5.18,"walk_band":"band_5_10min"},"geometry":{"type":"LineString","coordinates":[[80.25765,13.12892],[80.25885,13.131189999999997]]}},{"type":"Feature","properties":{"facility_layer":"schools","facility_name":"schools 1239","walk_network_m":469.9,"walk_min_to_pt":5.87,"walk_band":"band_5_10min"},"geometry":{"type":"LineString","coordinates":[[80.26233,13.12624],[80.25913,13.12479]]}},{"type":"Feature","properties":{"facility_layer":"schools","facility_name":"schools 1241","walk_network_m":442.5,"walk_min_to_pt":5.53,"walk_band":"band_5_10min"},"geometry":{"type":"LineString","coordinates":[[80.26348,13.12518],[80.26546,13.12362]]}},{"type":"Feature","properties":{"facility_layer":"schools","facility_name":"schools 1247","walk_network_m":469.9,"walk_min_to_pt":5.87,"walk_band":"band_5_10min"},"geometry":{"type":"LineString","coordinates":[[80.26233,13.12624],[80.25913,13.12479]]}},{"type":"Feature","properties":{"facility_layer":"schools","facility_name":"schools 1250","walk_network_m":551.7,"walk_min_to_pt":6.9,"walk_band":"band_5_10min"},"geometry":{"type":"LineString","coordinates":[[80.28281,13.13223],[80.28549999999998,13.131699999999999]]}},{"type":"Feature","properties":{"facility_layer":"schools","facility_name":"schools 1253","walk_network_m":466.7,"walk_min_to_pt":5.83,"walk_band":"band_5_10min"},"geometry":{"type":"LineString","coordinates":[[80.27611,13.13227],[80.2801,13.133309999999998]]}},{"type":"Feature","properties":{"facility_layer":"schools","facility_name":"schools 1255","walk_network_m":430.3,"walk_min_to_pt":5.38,"walk_band":"band_5_10min"},"geometry":{"type":"LineString","coordinates":[[80.27705,13.1364],[80.28049999999999,13.134879999999999]]}},{"type":"Feature","properties":{"facility_layer":"schools","facility_name":"schools 1256","walk_network_m":566.5,"walk_min_to_pt":7.08,"walk_band":"band_5_10min"},"geometry":{"type":"LineString","coordinates":[[80.27636,13.13313],[80.2801,13.133309999999998]]}},{"type":"Feature","properties":{"facility_layer":"schools","facility_name":"schools 1259","walk_network_m":464.4,"walk_min_to_pt":5.81,"walk_band":"band_5_10min"},"geometry":{"type":"LineString","coordinates":[[80.2768,13.13418],[80.2801,13.133309999999998]]}},{"type":"Feature","properties":{"facility_layer":"schools","facility_name":"schools 1278","walk_network_m":418.2,"walk_min_to_pt":5.23,"walk_band":"band_5_10min"},"geometry":{"type":"LineString","coordinates":[[80.30058,13.17783],[80.29767,13.17989]]}},{"type":"Feature","properties":{"facility_layer":"schools","facility_name":"schools 1282","walk_network_m":415.0,"walk_min_to_pt":5.19,"walk_band":"band_5_10min"},"geometry":{"type":"LineString","coordinates":[[80.2518,13.12492],[80.25109,13.122289999999994]]}},{"type":"Feature","properties":{"facility_layer":"schools","facility_name":"schools 1286","walk_network_m":462.7,"walk_min_to_pt":5.78,"walk_band":"band_5_10min"},"geometry":{"type":"LineString","coordinates":[[80.25213,13.12647],[80.24921,13.12629]]}},{"type":"Feature","properties":{"facility_layer":"schools","facility_name":"schools 1288","walk_network_m":679.9,"walk_min_to_pt":8.5,"walk_band":"band_5_10min"},"geometry":{"type":"LineString","coordinates":[[80.25578,13.12584],[80.25913,13.12479]]}},{"type":"Feature","properties":{"facility_layer":"schools","facility_name":"schools 1290","walk_network_m":622.4,"walk_min_to_pt":7.78,"walk_band":"band_5_10min"},"geometry":{"type":"LineString","coordinates":[[80.2562,13.12682],[80.25913,13.12479]]}},{"type":"Feature","properties":{"facility_layer":"schools","facility_name":"schools 1300","walk_network_m":426.2,"walk_min_to_pt":5.33,"walk_band":"band_5_10min"},"geometry":{"type":"LineString","coordinates":[[80.26673,13.12599],[80.26546,13.12362]]}},{"type":"Feature","properties":{"facility_layer":"schools","facility_name":"schools 1301","walk_network_m":444.5,"walk_min_to_pt":5.56,"walk_band":"band_5_10min"},"geometry":{"type":"LineString","coordinates":[[80.26129,13.13237],[80.26339,13.133009999999999]]}},{"type":"Feature","properties":{"facility_layer":"schools","facility_name":"schools 1308","walk_network_m":626.5,"walk_min_to_pt":7.83,"walk_band":"band_5_10min"},"geometry":{"type":"LineString","coordinates":[[80.23151,13.15458],[80.22823999999999,13.152360000000002]]}},{"type":"Feature","properties":{"facility_layer":"schools","facility_name":"schools 1310","walk_network_m":410.9,"walk_min_to_pt":5.14,"walk_band":"band_5_10min"},"geometry":{"type":"LineString","coordinates":[[80.2536,13.1621],[80.25348,13.165250000000004]]}},{"type":"Feature","properties":{"facility_layer":"schools","facility_name":"schools 1311","walk_network_m":422.7,"walk_min_to_pt":5.28,"walk_band":"band_5_10min"},"geometry":{"type":"LineString","coordinates":[[80.24465,13.15002],[80.24181,13.150189999999998]]}},{"type":"Feature","properties":{"facility_layer":"schools","facility_name":"schools 1312","walk_network_m":732.8,"walk_min_to_pt":9.16,"walk_band":"band_5_10min"},"geometry":{"type":"LineString","coordinates":[[80.25216,13.1595],[80.25739,13.157239999999996]]}},{"type":"Feature","properties":{"facility_layer":"schools","facility_name":"schools 1313","walk_network_m":600.4,"walk_min_to_pt":7.5,"walk_band":"band_5_10min"},"geometry":{"type":"LineString","coordinates":[[80.25232,13.16139],[80.25348,13.165250000000004]]}},{"type":"Feature","properties":{"facility_layer":"schools","facility_name":"schools 1314","walk_network_m":508.2,"walk_min_to_pt":6.35,"walk_band":"band_5_10min"},"geometry":{"type":"LineString","coordinates":[[80.25517,13.16114],[80.25829999999999,13.16049]]}},{"type":"Feature","properties":{"facility_layer":"schools","facility_name":"schools 1315","walk_network_m":454.4,"walk_min_to_pt":5.68,"walk_band":"band_5_10min"},"geometry":{"type":"LineString","coordinates":[[80.25564,13.1614],[80.25829999999999,13.16049]]}},{"type":"Feature","properties":{"facility_layer":"schools","facility_name":"schools 1317","walk_network_m":443.7,"walk_min_to_pt":5.55,"walk_band":"band_5_10min"},"geometry":{"type":"LineString","coordinates":[[80.26019,13.15836],[80.25838,13.16054]]}},{"type":"Feature","properties":{"facility_layer":"schools","facility_name":"schools 1321","walk_network_m":443.7,"walk_min_to_pt":5.55,"walk_band":"band_5_10min"},"geometry":{"type":"LineString","coordinates":[[80.26006,13.15843],[80.25838,13.16054]]}},{"type":"Feature","properties":{"facility_layer":"schools","facility_name":"schools 1324","walk_network_m":573.6,"walk_min_to_pt":7.17,"walk_band":"band_5_10min"},"geometry":{"type":"LineString","coordinates":[[80.31697,13.19065],[80.31492,13.188610000000002]]}},{"type":"Feature","properties":{"facility_layer":"schools","facility_name":"schools 1345","walk_network_m":819.5,"walk_min_to_pt":10.24,"walk_band":"band_10_15min"},"geometry":{"type":"LineString","coordinates":[[80.22648,13.13412],[80.22788,13.138810000000001]]}},{"type":"Feature","properties":{"facility_layer":"schools","facility_name":"schools 1346","walk_network_m":917.1,"walk_min_to_pt":11.46,"walk_band":"band_10_15min"},"geometry":{"type":"LineString","coordinates":[[80.22185,13.13028],[80.21947,13.126059999999999]]}},{"type":"Feature","properties":{"facility_layer":"schools","facility_name":"schools 1347","walk_network_m":861.7,"walk_min_to_pt":10.77,"walk_band":"band_10_15min"},"geometry":{"type":"LineString","coordinates":[[80.23275,13.12806],[80.22783,13.126259999999998]]}},{"type":"Feature","properties":{"facility_layer":"schools","facility_name":"schools 1348","walk_network_m":443.2,"walk_min_to_pt":5.54,"walk_band":"band_5_10min"},"geometry":{"type":"LineString","coordinates":[[80.23004,13.1331],[80.23242,13.13566]]}},{"type":"Feature","properties":{"facility_layer":"schools","facility_name":"schools 1350","walk_network_m":564.7,"walk_min_to_pt":7.06,"walk_band":"band_5_10min"},"geometry":{"type":"LineString","coordinates":[[80.22614,13.12866],[80.22765000000001,13.126370000000001]]}},{"type":"Feature","properties":{"facility_layer":"schools","facility_name":"schools 1360","walk_network_m":438.7,"walk_min_to_pt":5.48,"walk_band":"band_5_10min"},"geometry":{"type":"LineString","coordinates":[[80.24964,13.14598],[80.25016,13.14566]]}},{"type":"Feature","properties":{"facility_layer":"schools","facility_name":"schools 1362","walk_network_m":508.9,"walk_min_to_pt":6.36,"walk_band":"band_5_10min"},"geometry":{"type":"LineString","coordinates":[[80.24646,13.13238],[80.24284999999999,13.132469999999996]]}},{"type":"Feature","properties":{"facility_layer":"schools","facility_name":"schools 1365","walk_network_m":402.3,"walk_min_to_pt":5.03,"walk_band":"band_5_10min"},"geometry":{"type":"LineString","coordinates":[[80.24807,13.1305],[80.24986,13.1301]]}},{"type":"Feature","properties":{"facility_layer":"schools","facility_name":"schools 1370","walk_network_m":710.2,"walk_min_to_pt":8.88,"walk_band":"band_5_10min"},"geometry":{"type":"LineString","coordinates":[[80.31226,13.18133],[80.31168,13.184919999999996]]}},{"type":"Feature","properties":{"facility_layer":"schools","facility_name":"schools 1372","walk_network_m":450.4,"walk_min_to_pt":5.63,"walk_band":"band_5_10min"},"geometry":{"type":"LineString","coordinates":[[80.2938,13.1109],[80.29178,13.10906]]}},{"type":"Feature","properties":{"facility_layer":"schools","facility_name":"schools 1377","walk_network_m":421.0,"walk_min_to_pt":5.26,"walk_band":"band_5_10min"},"geometry":{"type":"LineString","coordinates":[[80.29405,13.11053],[80.29178,13.10906]]}},{"type":"Feature","properties":{"facility_layer":"schools","facility_name":"schools 1378","walk_network_m":450.4,"walk_min_to_pt":5.63,"walk_band":"band_5_10min"},"geometry":{"type":"LineString","coordinates":[[80.29435,13.11167],[80.29258,13.11441]]}},{"type":"Feature","properties":{"facility_layer":"schools","facility_name":"schools 1380","walk_network_m":406.4,"walk_min_to_pt":5.08,"walk_band":"band_5_10min"},"geometry":{"type":"LineString","coordinates":[[80.29704,13.12047],[80.29369999999999,13.1208]]}},{"type":"Feature","properties":{"facility_layer":"schools","facility_name":"schools 1383","walk_network_m":473.9,"walk_min_to_pt":5.92,"walk_band":"band_5_10min"},"geometry":{"type":"LineString","coordinates":[[80.29687,13.11355],[80.29258,13.11441]]}},{"type":"Feature","properties":{"facility_layer":"schools","facility_name":"schools 1385","walk_network_m":569.1,"walk_min_to_pt":7.11,"walk_band":"band_5_10min"},"geometry":{"type":"LineString","coordinates":[[80.29586,13.11445],[80.29258,13.11441]]}},{"type":"Feature","properties":{"facility_layer":"schools","facility_name":"schools 1387","walk_network_m":450.4,"walk_min_to_pt":5.63,"walk_band":"band_5_10min"},"geometry":{"type":"LineString","coordinates":[[80.29342,13.11114],[80.29178,13.10906]]}},{"type":"Feature","properties":{"facility_layer":"schools","facility_name":"schools 1388","walk_network_m":416.9,"walk_min_to_pt":5.21,"walk_band":"band_5_10min"},"geometry":{"type":"LineString","coordinates":[[80.2962,13.1095],[80.29477999999999,13.105519999999997]]}},{"type":"Feature","properties":{"facility_layer":"schools","facility_name":"schools 1391","walk_network_m":421.0,"walk_min_to_pt":5.26,"walk_band":"band_5_10min"},"geometry":{"type":"LineString","coordinates":[[80.29462,13.11004],[80.29178,13.10906]]}},{"type":"Feature","properties":{"facility_layer":"schools","facility_name":"schools 1394","walk_network_m":421.2,"walk_min_to_pt":5.26,"walk_band":"band_5_10min"},"geometry":{"type":"LineString","coordinates":[[80.28824,13.11235],[80.288,13.108749999999999]]}},{"type":"Feature","properties":{"facility_layer":"schools","facility_name":"schools 1401","walk_network_m":422.7,"walk_min_to_pt":5.28,"walk_band":"band_5_10min"},"geometry":{"type":"LineString","coordinates":[[80.28369,13.11063],[80.28253499984699,13.108721999913902]]}},{"type":"Feature","properties":{"facility_layer":"schools","facility_name":"schools 1408","walk_network_m":455.1,"walk_min_to_pt":5.69,"walk_band":"band_5_10min"},"geometry":{"type":"LineString","coordinates":[[80.2881,13.10601],[80.28766999999999,13.104119999999998]]}},{"type":"Feature","properties":{"facility_layer":"schools","facility_name":"schools 1409","walk_network_m":411.9,"walk_min_to_pt":5.15,"walk_band":"band_5_10min"},"geometry":{"type":"LineString","coordinates":[[80.28995,13.1105],[80.29178,13.10906]]}},{"type":"Feature","properties":{"facility_layer":"schools","facility_name":"schools 1410","walk_network_m":404.8,"walk_min_to_pt":5.06,"walk_band":"band_5_10min"},"geometry":{"type":"LineString","coordinates":[[80.28894,13.11147],[80.288,13.108749999999999]]}},{"type":"Feature","properties":{"facility_layer":"schools","facility_name":"schools 1413","walk_network_m":455.1,"walk_min_to_pt":5.69,"walk_band":"band_5_10min"},"geometry":{"type":"LineString","coordinates":[[80.2881,13.10601],[80.28766999999999,13.104119999999998]]}},{"type":"Feature","properties":{"facility_layer":"schools","facility_name":"schools 1416","walk_network_m":416.7,"walk_min_to_pt":5.21,"walk_band":"band_5_10min"},"geometry":{"type":"LineString","coordinates":[[80.30225,13.18011],[80.30088999999998,13.183319999999998]]}},{"type":"Feature","properties":{"facility_layer":"schools","facility_name":"schools 1419","walk_network_m":670.2,"walk_min_to_pt":8.38,"walk_band":"band_5_10min"},"geometry":{"type":"LineString","coordinates":[[80.30131,13.1768],[80.29767,13.17989]]}},{"type":"Feature","properties":{"facility_layer":"schools","facility_name":"schools 1449","walk_network_m":464.7,"walk_min_to_pt":5.81,"walk_band":"band_5_10min"},"geometry":{"type":"LineString","coordinates":[[80.28177,13.11863],[80.28411,13.117149999999999]]}},{"type":"Feature","properties":{"facility_layer":"schools","facility_name":"schools 1463","walk_network_m":461.4,"walk_min_to_pt":5.77,"walk_band":"band_5_10min"},"geometry":{"type":"LineString","coordinates":[[80.24766,13.11916],[80.24825,13.115380000000002]]}},{"type":"Feature","properties":{"facility_layer":"schools","facility_name":"schools 1464","walk_network_m":468.6,"walk_min_to_pt":5.86,"walk_band":"band_5_10min"},"geometry":{"type":"LineString","coordinates":[[80.24635,13.11891],[80.24440999999999,13.115900000000002]]}},{"type":"Feature","properties":{"facility_layer":"schools","facility_name":"schools 1470","walk_network_m":422.4,"walk_min_to_pt":5.28,"walk_band":"band_5_10min"},"geometry":{"type":"LineString","coordinates":[[80.26097,13.11061],[80.25969,13.110459999999998]]}},{"type":"Feature","properties":{"facility_layer":"schools","facility_name":"schools 1484","walk_network_m":403.9,"walk_min_to_pt":5.05,"walk_band":"band_5_10min"},"geometry":{"type":"LineString","coordinates":[[80.26719,13.11562],[80.26574999999998,13.115419999999997]]}},{"type":"Feature","properties":{"facility_layer":"schools","facility_name":"schools 1485","walk_network_m":403.9,"walk_min_to_pt":5.05,"walk_band":"band_5_10min"},"geometry":{"type":"LineString","coordinates":[[80.26719,13.11562],[80.26574999999998,13.115419999999997]]}},{"type":"Feature","properties":{"facility_layer":"schools","facility_name":"schools 1487","walk_network_m":499.1,"walk_min_to_pt":6.24,"walk_band":"band_5_10min"},"geometry":{"type":"LineString","coordinates":[[80.2794,13.11705],[80.2772,13.11661]]}},{"type":"Feature","properties":{"facility_layer":"schools","facility_name":"schools 1490","walk_network_m":434.5,"walk_min_to_pt":5.43,"walk_band":"band_5_10min"},"geometry":{"type":"LineString","coordinates":[[80.27968,13.11787],[80.2782479999647,13.119866000017296]]}},{"type":"Feature","properties":{"facility_layer":"schools","facility_name":"schools 1493","walk_network_m":549.1,"walk_min_to_pt":6.86,"walk_band":"band_5_10min"},"geometry":{"type":"LineString","coordinates":[[80.2727,13.11718],[80.2754,13.114960000000002]]}},{"type":"Feature","properties":{"facility_layer":"schools","facility_name":"schools 1494","walk_network_m":474.2,"walk_min_to_pt":5.93,"walk_band":"band_5_10min"},"geometry":{"type":"LineString","coordinates":[[80.27306,13.11645],[80.2754,13.114960000000002]]}},{"type":"Feature","properties":{"facility_layer":"schools","facility_name":"schools 1495","walk_network_m":499.1,"walk_min_to_pt":6.24,"walk_band":"band_5_10min"},"geometry":{"type":"LineString","coordinates":[[80.27966,13.117],[80.2772,13.11661]]}},{"type":"Feature","properties":{"facility_layer":"schools","facility_name":"schools 1496","walk_network_m":439.6,"walk_min_to_pt":5.49,"walk_band":"band_5_10min"},"geometry":{"type":"LineString","coordinates":[[80.2728,13.1189],[80.27643000000002,13.11922]]}},{"type":"Feature","properties":{"facility_layer":"schools","facility_name":"schools 1502","walk_network_m":526.2,"walk_min_to_pt":6.58,"walk_band":"band_5_10min"},"geometry":{"type":"LineString","coordinates":[[80.28497,13.11322],[80.28175999999999,13.11265]]}},{"type":"Feature","properties":{"facility_layer":"schools","facility_name":"schools 1510","walk_network_m":685.9,"walk_min_to_pt":8.57,"walk_band":"band_5_10min"},"geometry":{"type":"LineString","coordinates":[[80.28165,13.11719],[80.28411,13.117149999999999]]}},{"type":"Feature","properties":{"facility_layer":"schools","facility_name":"schools 1546","walk_network_m":442.1,"walk_min_to_pt":5.53,"walk_band":"band_5_10min"},"geometry":{"type":"LineString","coordinates":[[80.27878,13.09318],[80.27523,13.092329999999999]]}},{"type":"Feature","properties":{"facility_layer":"schools","facility_name":"schools 1550","walk_network_m":545.2,"walk_min_to_pt":6.81,"walk_band":"band_5_10min"},"geometry":{"type":"LineString","coordinates":[[80.27883,13.09004],[80.28134,13.088299999999998]]}},{"type":"Feature","properties":{"facility_layer":"schools","facility_name":"schools 1552","walk_network_m":439.5,"walk_min_to_pt":5.49,"walk_band":"band_5_10min"},"geometry":{"type":"LineString","coordinates":[[80.27975,13.09089],[80.28134,13.088299999999998]]}},{"type":"Feature","properties":{"facility_layer":"schools","facility_name":"schools 1554","walk_network_m":589.6,"walk_min_to_pt":7.37,"walk_band":"band_5_10min"},"geometry":{"type":"LineString","coordinates":[[80.28123,13.09371],[80.28601,13.09319]]}},{"type":"Feature","properties":{"facility_layer":"schools","facility_name":"schools 1559","walk_network_m":685.7,"walk_min_to_pt":8.57,"walk_band":"band_5_10min"},"geometry":{"type":"LineString","coordinates":[[80.2803,13.09342],[80.27523,13.092329999999999]]}},{"type":"Feature","properties":{"facility_layer":"schools","facility_name":"schools 1575","walk_network_m":502.8,"walk_min_to_pt":6.29,"walk_band":"band_5_10min"},"geometry":{"type":"LineString","coordinates":[[80.25791,13.083],[80.25460000000001,13.08365]]}},{"type":"Feature","properties":{"facility_layer":"schools","facility_name":"schools 1582","walk_network_m":437.9,"walk_min_to_pt":5.47,"walk_band":"band_5_10min"},"geometry":{"type":"LineString","coordinates":[[80.25972,13.08278],[80.25976999999999,13.079540000000001]]}},{"type":"Feature","properties":{"facility_layer":"schools","facility_name":"schools 1593","walk_network_m":410.7,"walk_min_to_pt":5.13,"walk_band":"band_5_10min"},"geometry":{"type":"LineString","coordinates":[[80.2578,13.08182],[80.25877,13.079380000000002]]}},{"type":"Feature","properties":{"facility_layer":"schools","facility_name":"schools 1608","walk_network_m":619.4,"walk_min_to_pt":7.74,"walk_band":"band_5_10min"},"geometry":{"type":"LineString","coordinates":[[80.2789,13.07887],[80.2766959997161,13.079468000277702]]}},{"type":"Feature","properties":{"facility_layer":"schools","facility_name":"schools 1611","walk_network_m":514.2,"walk_min_to_pt":6.43,"walk_band":"band_5_10min"},"geometry":{"type":"LineString","coordinates":[[80.27849,13.09083],[80.27536999999998,13.091649999999996]]}},{"type":"Feature","properties":{"facility_layer":"schools","facility_name":"schools 1615","walk_network_m":497.8,"walk_min_to_pt":6.22,"walk_band":"band_5_10min"},"geometry":{"type":"LineString","coordinates":[[80.27937,13.09343],[80.27523,13.092329999999999]]}},{"type":"Feature","properties":{"facility_layer":"schools","facility_name":"schools 1641","walk_network_m":517.8,"walk_min_to_pt":6.47,"walk_band":"band_5_10min"},"geometry":{"type":"LineString","coordinates":[[80.27361,13.10766],[80.27282999999998,13.108529999999998]]}},{"type":"Feature","properties":{"facility_layer":"schools","facility_name":"schools 1648","walk_network_m":517.8,"walk_min_to_pt":6.47,"walk_band":"band_5_10min"},"geometry":{"type":"LineString","coordinates":[[80.27356,13.10766],[80.27282999999998,13.108529999999998]]}},{"type":"Feature","properties":{"facility_layer":"schools","facility_name":"schools 1652","walk_network_m":467.8,"walk_min_to_pt":5.85,"walk_band":"band_5_10min"},"geometry":{"type":"LineString","coordinates":[[80.27933,13.09712],[80.27529999999999,13.098179999999996]]}},{"type":"Feature","properties":{"facility_layer":"schools","facility_name":"schools 1653","walk_network_m":477.9,"walk_min_to_pt":5.97,"walk_band":"band_5_10min"},"geometry":{"type":"LineString","coordinates":[[80.27904,13.10164],[80.28033,13.105510000000002]]}},{"type":"Feature","properties":{"facility_layer":"schools","facility_name":"schools 1655","walk_network_m":408.0,"walk_min_to_pt":5.1,"walk_band":"band_5_10min"},"geometry":{"type":"LineString","coordinates":[[80.27767,13.09591],[80.27515999999999,13.097520000000001]]}},{"type":"Feature","properties":{"facility_layer":"schools","facility_name":"schools 1656","walk_network_m":470.7,"walk_min_to_pt":5.88,"walk_band":"band_5_10min"},"geometry":{"type":"LineString","coordinates":[[80.27821,13.09907],[80.27529999999999,13.098179999999996]]}},{"type":"Feature","properties":{"facility_layer":"schools","facility_name":"schools 1660","walk_network_m":606.0,"walk_min_to_pt":7.57,"walk_band":"band_5_10min"},"geometry":{"type":"LineString","coordinates":[[80.2799,13.10041],[80.27488,13.101179999999996]]}},{"type":"Feature","properties":{"facility_layer":"schools","facility_name":"schools 1661","walk_network_m":442.7,"walk_min_to_pt":5.53,"walk_band":"band_5_10min"},"geometry":{"type":"LineString","coordinates":[[80.27844,13.09779],[80.27529999999999,13.098179999999996]]}},{"type":"Feature","properties":{"facility_layer":"schools","facility_name":"schools 1662","walk_network_m":605.3,"walk_min_to_pt":7.57,"walk_band":"band_5_10min"},"geometry":{"type":"LineString","coordinates":[[80.28215,13.10126],[80.28315999999998,13.105189999999999]]}},{"type":"Feature","properties":{"facility_layer":"schools","facility_name":"schools 1663","walk_network_m":463.1,"walk_min_to_pt":5.79,"walk_band":"band_5_10min"},"geometry":{"type":"LineString","coordinates":[[80.28306,13.09911],[80.28652,13.09774]]}},{"type":"Feature","properties":{"facility_layer":"schools","facility_name":"schools 1667","walk_network_m":484.1,"walk_min_to_pt":6.05,"walk_band":"band_5_10min"},"geometry":{"type":"LineString","coordinates":[[80.28187,13.10237],[80.28315999999998,13.105189999999999]]}},{"type":"Feature","properties":{"facility_layer":"schools","facility_name":"schools 1669","walk_network_m":401.1,"walk_min_to_pt":5.01,"walk_band":"band_5_10min"},"geometry":{"type":"LineString","coordinates":[[80.2833,13.09907],[80.28652,13.09774]]}},{"type":"Feature","properties":{"facility_layer":"schools","facility_name":"schools 1670","walk_network_m":718.4,"walk_min_to_pt":8.98,"walk_band":"band_5_10min"},"geometry":{"type":"LineString","coordinates":[[80.28051,13.09615],[80.27515999999999,13.097520000000001]]}},{"type":"Feature","properties":{"facility_layer":"schools","facility_name":"schools 1671","walk_network_m":663.1,"walk_min_to_pt":8.29,"walk_band":"band_5_10min"},"geometry":{"type":"LineString","coordinates":[[80.28009,13.09743],[80.27529999999999,13.098179999999996]]}},{"type":"Feature","properties":{"facility_layer":"schools","facility_name":"schools 1672","walk_network_m":663.1,"walk_min_to_pt":8.29,"walk_band":"band_5_10min"},"geometry":{"type":"LineString","coordinates":[[80.28021,13.09729],[80.27529999999999,13.098179999999996]]}},{"type":"Feature","properties":{"facility_layer":"schools","facility_name":"schools 1673","walk_network_m":530.0,"walk_min_to_pt":6.62,"walk_band":"band_5_10min"},"geometry":{"type":"LineString","coordinates":[[80.28029,13.10112],[80.28033,13.105510000000002]]}},{"type":"Feature","properties":{"facility_layer":"schools","facility_name":"schools 1705","walk_network_m":491.8,"walk_min_to_pt":6.15,"walk_band":"band_5_10min"},"geometry":{"type":"LineString","coordinates":[[80.23939,13.10959],[80.24099,13.110280000000003]]}},{"type":"Feature","properties":{"facility_layer":"schools","facility_name":"schools 1714","walk_network_m":437.2,"walk_min_to_pt":5.47,"walk_band":"band_5_10min"},"geometry":{"type":"LineString","coordinates":[[80.23879,13.11326],[80.23824,13.111999999999998]]}},{"type":"Feature","properties":{"facility_layer":"schools","facility_name":"schools 1718","walk_network_m":933.2,"walk_min_to_pt":11.66,"walk_band":"band_10_15min"},"geometry":{"type":"LineString","coordinates":[[80.29649,13.16816],[80.29222,13.173509999999998]]}},{"type":"Feature","properties":{"facility_layer":"schools","facility_name":"schools 1719","walk_network_m":821.5,"walk_min_to_pt":10.27,"walk_band":"band_10_15min"},"geometry":{"type":"LineString","coordinates":[[80.29609,13.16736],[80.28942,13.165939999999996]]}},{"type":"Feature","properties":{"facility_layer":"schools","facility_name":"schools 1721","walk_network_m":959.6,"walk_min_to_pt":12.0,"walk_band":"band_10_15min"},"geometry":{"type":"LineString","coordinates":[[80.29765,13.16892],[80.30416,13.168010000000002]]}},{"type":"Feature","properties":{"facility_layer":"schools","facility_name":"schools 1722","walk_network_m":714.8,"walk_min_to_pt":8.93,"walk_band":"band_5_10min"},"geometry":{"type":"LineString","coordinates":[[80.29474,13.163],[80.29627000007939,13.159543999777398]]}},{"type":"Feature","properties":{"facility_layer":"schools","facility_name":"schools 1724","walk_network_m":602.1,"walk_min_to_pt":7.53,"walk_band":"band_5_10min"},"geometry":{"type":"LineString","coordinates":[[80.29411,13.16876],[80.29014,13.17137]]}},{"type":"Feature","properties":{"facility_layer":"schools","facility_name":"schools 1725","walk_network_m":969.5,"walk_min_to_pt":12.12,"walk_band":"band_10_15min"},"geometry":{"type":"LineString","coordinates":[[80.29631,13.16428],[80.29627000007939,13.159543999777398]]}},{"type":"Feature","properties":{"facility_layer":"schools","facility_name":"schools 1739","walk_network_m":452.6,"walk_min_to_pt":5.66,"walk_band":"band_5_10min"},"geometry":{"type":"LineString","coordinates":[[80.24757,13.11181],[80.24823999999998,13.108599999999996]]}},{"type":"Feature","properties":{"facility_layer":"schools","facility_name":"schools 1740","walk_network_m":413.4,"walk_min_to_pt":5.17,"walk_band":"band_5_10min"},"geometry":{"type":"LineString","coordinates":[[80.24648,13.1113],[80.24823999999998,13.108599999999996]]}},{"type":"Feature","properties":{"facility_layer":"schools","facility_name":"schools 1747","walk_network_m":483.0,"walk_min_to_pt":6.04,"walk_band":"band_5_10min"},"geometry":{"type":"LineString","coordinates":[[80.27761,13.08859],[80.27576,13.088580000000002]]}},{"type":"Feature","properties":{"facility_layer":"schools","facility_name":"schools 1748","walk_network_m":422.7,"walk_min_to_pt":5.28,"walk_band":"band_5_10min"},"geometry":{"type":"LineString","coordinates":[[80.27897,13.08832],[80.28134,13.088299999999998]]}},{"type":"Feature","properties":{"facility_layer":"schools","facility_name":"schools 1749","walk_network_m":508.0,"walk_min_to_pt":6.35,"walk_band":"band_5_10min"},"geometry":{"type":"LineString","coordinates":[[80.27829,13.07766],[80.27878,13.07592]]}},{"type":"Feature","properties":{"facility_layer":"schools","facility_name":"schools 1751","walk_network_m":814.2,"walk_min_to_pt":10.18,"walk_band":"band_10_15min"},"geometry":{"type":"LineString","coordinates":[[80.29972,13.17248],[80.30476,13.172469999999999]]}},{"type":"Feature","properties":{"facility_layer":"schools","facility_name":"schools 1752","walk_network_m":436.5,"walk_min_to_pt":5.46,"walk_band":"band_5_10min"},"geometry":{"type":"LineString","coordinates":[[80.29582,13.17367],[80.29484,13.176569999999998]]}},{"type":"Feature","properties":{"facility_layer":"schools","facility_name":"schools 1753","walk_network_m":410.3,"walk_min_to_pt":5.13,"walk_band":"band_5_10min"},"geometry":{"type":"LineString","coordinates":[[80.30027,13.17774],[80.29767,13.17989]]}},{"type":"Feature","properties":{"facility_layer":"schools","facility_name":"schools 1754","walk_network_m":700.2,"walk_min_to_pt":8.75,"walk_band":"band_5_10min"},"geometry":{"type":"LineString","coordinates":[[80.29747,13.17289],[80.29484,13.176569999999998]]}},{"type":"Feature","properties":{"facility_layer":"schools","facility_name":"schools 1755","walk_network_m":571.5,"walk_min_to_pt":7.14,"walk_band":"band_5_10min"},"geometry":{"type":"LineString","coordinates":[[80.29922,13.1747],[80.29484,13.176569999999998]]}},{"type":"Feature","properties":{"facility_layer":"schools","facility_name":"schools 1775","walk_network_m":434.0,"walk_min_to_pt":5.42,"walk_band":"band_5_10min"},"geometry":{"type":"LineString","coordinates":[[80.26129,13.06684],[80.2591,13.06434]]}},{"type":"Feature","properties":{"facility_layer":"schools","facility_name":"schools 1810","walk_network_m":482.4,"walk_min_to_pt":6.03,"walk_band":"band_5_10min"},"geometry":{"type":"LineString","coordinates":[[80.22039,13.11923],[80.22403,13.120709999999999]]}},{"type":"Feature","properties":{"facility_layer":"schools","facility_name":"schools 1819","walk_network_m":561.7,"walk_min_to_pt":7.02,"walk_band":"band_5_10min"},"geometry":{"type":"LineString","coordinates":[[80.21839,13.11585],[80.22268,13.11513]]}},{"type":"Feature","properties":{"facility_layer":"schools","facility_name":"schools 1824","walk_network_m":405.8,"walk_min_to_pt":5.07,"walk_band":"band_5_10min"},"geometry":{"type":"LineString","coordinates":[[80.21509,13.11174],[80.21832,13.1112]]}},{"type":"Feature","properties":{"facility_layer":"schools","facility_name":"schools 1826","walk_network_m":578.7,"walk_min_to_pt":7.23,"walk_band":"band_5_10min"},"geometry":{"type":"LineString","coordinates":[[80.21886,13.11746],[80.22268,13.11513]]}},{"type":"Feature","properties":{"facility_layer":"schools","facility_name":"schools 1833","walk_network_m":477.9,"walk_min_to_pt":5.97,"walk_band":"band_5_10min"},"geometry":{"type":"LineString","coordinates":[[80.21954,13.1153],[80.22268,13.11513]]}},{"type":"Feature","properties":{"facility_layer":"schools","facility_name":"schools 1843","walk_network_m":411.4,"walk_min_to_pt":5.14,"walk_band":"band_5_10min"},"geometry":{"type":"LineString","coordinates":[[80.2277,13.11042],[80.22731,13.11332]]}},{"type":"Feature","properties":{"facility_layer":"schools","facility_name":"schools 1846","walk_network_m":415.1,"walk_min_to_pt":5.19,"walk_band":"band_5_10min"},"geometry":{"type":"LineString","coordinates":[[80.23516,13.11135],[80.23567999999999,13.113579999999999]]}},{"type":"Feature","properties":{"facility_layer":"schools","facility_name":"schools 1849","walk_network_m":592.2,"walk_min_to_pt":7.4,"walk_band":"band_5_10min"},"geometry":{"type":"LineString","coordinates":[[80.2345,13.10893],[80.23839999976958,13.1074780002209]]}},{"type":"Feature","properties":{"facility_layer":"schools","facility_name":"schools 1851","walk_network_m":401.1,"walk_min_to_pt":5.01,"walk_band":"band_5_10min"},"geometry":{"type":"LineString","coordinates":[[80.226,13.11],[80.2251899996458,13.1084069997735]]}},{"type":"Feature","properties":{"facility_layer":"schools","facility_name":"schools 1855","walk_network_m":724.2,"walk_min_to_pt":9.05,"walk_band":"band_5_10min"},"geometry":{"type":"LineString","coordinates":[[80.23852,13.11969],[80.24256,13.11922]]}},{"type":"Feature","properties":{"facility_layer":"schools","facility_name":"schools 1856","walk_network_m":655.5,"walk_min_to_pt":8.19,"walk_band":"band_5_10min"},"geometry":{"type":"LineString","coordinates":[[80.23706,13.1192],[80.23255,13.11987]]}},{"type":"Feature","properties":{"facility_layer":"schools","facility_name":"schools 1859","walk_network_m":443.5,"walk_min_to_pt":5.54,"walk_band":"band_5_10min"},"geometry":{"type":"LineString","coordinates":[[80.23816,13.11537],[80.23567999999999,13.113579999999999]]}},{"type":"Feature","properties":{"facility_layer":"schools","facility_name":"schools 1860","walk_network_m":420.2,"walk_min_to_pt":5.25,"walk_band":"band_5_10min"},"geometry":{"type":"LineString","coordinates":[[80.23467,13.1181],[80.23255,13.11987]]}},{"type":"Feature","properties":{"facility_layer":"schools","facility_name":"schools 1863","walk_network_m":568.5,"walk_min_to_pt":7.11,"walk_band":"band_5_10min"},"geometry":{"type":"LineString","coordinates":[[80.23891,13.11756],[80.24243,13.11648]]}},{"type":"Feature","properties":{"facility_layer":"schools","facility_name":"schools 1864","walk_network_m":568.5,"walk_min_to_pt":7.11,"walk_band":"band_5_10min"},"geometry":{"type":"LineString","coordinates":[[80.23891,13.11756],[80.24243,13.11648]]}},{"type":"Feature","properties":{"facility_layer":"schools","facility_name":"schools 1868","walk_network_m":680.6,"walk_min_to_pt":8.51,"walk_band":"band_5_10min"},"geometry":{"type":"LineString","coordinates":[[80.23728,13.12026],[80.23255,13.11987]]}},{"type":"Feature","properties":{"facility_layer":"schools","facility_name":"schools 1872","walk_network_m":448.1,"walk_min_to_pt":5.6,"walk_band":"band_5_10min"},"geometry":{"type":"LineString","coordinates":[[80.2398,13.10881],[80.24117000000001,13.11004]]}},{"type":"Feature","properties":{"facility_layer":"schools","facility_name":"schools 1877","walk_network_m":434.3,"walk_min_to_pt":5.43,"walk_band":"band_5_10min"},"geometry":{"type":"LineString","coordinates":[[80.25458,13.09404],[80.25453,13.09767]]}},{"type":"Feature","properties":{"facility_layer":"schools","facility_name":"schools 1880","walk_network_m":464.1,"walk_min_to_pt":5.8,"walk_band":"band_5_10min"},"geometry":{"type":"LineString","coordinates":[[80.25548,13.09212],[80.25861999999998,13.09059]]}},{"type":"Feature","properties":{"facility_layer":"schools","facility_name":"schools 1881","walk_network_m":409.6,"walk_min_to_pt":5.12,"walk_band":"band_5_10min"},"geometry":{"type":"LineString","coordinates":[[80.25507,13.08825],[80.25686999999999,13.08644]]}},{"type":"Feature","properties":{"facility_layer":"schools","facility_name":"schools 1882","walk_network_m":412.5,"walk_min_to_pt":5.16,"walk_band":"band_5_10min"},"geometry":{"type":"LineString","coordinates":[[80.2618,13.09266],[80.25891999999999,13.093149999999998]]}},{"type":"Feature","properties":{"facility_layer":"schools","facility_name":"schools 1883","walk_network_m":505.0,"walk_min_to_pt":6.31,"walk_band":"band_5_10min"},"geometry":{"type":"LineString","coordinates":[[80.25473,13.09191],[80.25112,13.09083]]}},{"type":"Feature","properties":{"facility_layer":"schools","facility_name":"schools 1884","walk_network_m":504.8,"walk_min_to_pt":6.31,"walk_band":"band_5_10min"},"geometry":{"type":"LineString","coordinates":[[80.25466,13.09006],[80.25105,13.090170000000002]]}},{"type":"Feature","properties":{"facility_layer":"schools","facility_name":"schools 1891","walk_network_m":406.6,"walk_min_to_pt":5.08,"walk_band":"band_5_10min"},"geometry":{"type":"LineString","coordinates":[[80.25491,13.09019],[80.25861999999998,13.09059]]}},{"type":"Feature","properties":{"facility_layer":"schools","facility_name":"schools 1892","walk_network_m":505.0,"walk_min_to_pt":6.31,"walk_band":"band_5_10min"},"geometry":{"type":"LineString","coordinates":[[80.25487,13.09181],[80.25112,13.09083]]}},{"type":"Feature","properties":{"facility_layer":"schools","facility_name":"schools 1895","walk_network_m":555.3,"walk_min_to_pt":6.94,"walk_band":"band_5_10min"},"geometry":{"type":"LineString","coordinates":[[80.15725,13.13115],[80.15855999999998,13.130289999999999]]}},{"type":"Feature","properties":{"facility_layer":"schools","facility_name":"schools 1896","walk_network_m":662.6,"walk_min_to_pt":8.28,"walk_band":"band_5_10min"},"geometry":{"type":"LineString","coordinates":[[80.14836,13.13415],[80.15395999999998,13.13489]]}},{"type":"Feature","properties":{"facility_layer":"schools","facility_name":"schools 1905","walk_network_m":428.7,"walk_min_to_pt":5.36,"walk_band":"band_5_10min"},"geometry":{"type":"LineString","coordinates":[[80.14682,13.11903],[80.14948,13.118019999999996]]}},{"type":"Feature","properties":{"facility_layer":"schools","facility_name":"schools 1907","walk_network_m":501.6,"walk_min_to_pt":6.27,"walk_band":"band_5_10min"},"geometry":{"type":"LineString","coordinates":[[80.14851,13.11798],[80.14948,13.118019999999996]]}},{"type":"Feature","properties":{"facility_layer":"schools","facility_name":"schools 1910","walk_network_m":408.6,"walk_min_to_pt":5.11,"walk_band":"band_5_10min"},"geometry":{"type":"LineString","coordinates":[[80.1526,13.12186],[80.15291,13.11941]]}},{"type":"Feature","properties":{"facility_layer":"schools","facility_name":"schools 1912","walk_network_m":515.6,"walk_min_to_pt":6.45,"walk_band":"band_5_10min"},"geometry":{"type":"LineString","coordinates":[[80.1541,13.13218],[80.15376,13.129839999999998]]}},{"type":"Feature","properties":{"facility_layer":"schools","facility_name":"schools 1915","walk_network_m":515.6,"walk_min_to_pt":6.45,"walk_band":"band_5_10min"},"geometry":{"type":"LineString","coordinates":[[80.15405,13.13202],[80.15376,13.129839999999998]]}},{"type":"Feature","properties":{"facility_layer":"schools","facility_name":"schools 1916","walk_network_m":576.2,"walk_min_to_pt":7.2,"walk_band":"band_5_10min"},"geometry":{"type":"LineString","coordinates":[[80.14956,13.12855],[80.15351,13.12708]]}},{"type":"Feature","properties":{"facility_layer":"schools","facility_name":"schools 1918","walk_network_m":454.0,"walk_min_to_pt":5.67,"walk_band":"band_5_10min"},"geometry":{"type":"LineString","coordinates":[[80.1507,13.1333],[80.15395999999998,13.13489]]}},{"type":"Feature","properties":{"facility_layer":"schools","facility_name":"schools 1928","walk_network_m":577.7,"walk_min_to_pt":7.22,"walk_band":"band_5_10min"},"geometry":{"type":"LineString","coordinates":[[80.16278,13.135],[80.16488999999999,13.132109999999999]]}},{"type":"Feature","properties":{"facility_layer":"schools","facility_name":"schools 1933","walk_network_m":527.0,"walk_min_to_pt":6.59,"walk_band":"band_5_10min"},"geometry":{"type":"LineString","coordinates":[[80.24619,13.10191],[80.24941,13.102319999999999]]}},{"type":"Feature","properties":{"facility_layer":"schools","facility_name":"schools 1936","walk_network_m":424.2,"walk_min_to_pt":5.3,"walk_band":"band_5_10min"},"geometry":{"type":"LineString","coordinates":[[80.24572,13.10449],[80.24649,13.107219999999996]]}},{"type":"Feature","properties":{"facility_layer":"schools","facility_name":"schools 1937","walk_network_m":494.2,"walk_min_to_pt":6.18,"walk_band":"band_5_10min"},"geometry":{"type":"LineString","coordinates":[[80.24313,13.10477],[80.2442829997004,13.1074949999693]]}},{"type":"Feature","properties":{"facility_layer":"schools","facility_name":"schools 1943","walk_network_m":527.7,"walk_min_to_pt":6.6,"walk_band":"band_5_10min"},"geometry":{"type":"LineString","coordinates":[[80.26486,13.1016],[80.26388999999999,13.099]]}},{"type":"Feature","properties":{"facility_layer":"schools","facility_name":"schools 1945","walk_network_m":469.4,"walk_min_to_pt":5.87,"walk_band":"band_5_10min"},"geometry":{"type":"LineString","coordinates":[[80.2637,13.10596],[80.26110999999999,13.10439]]}},{"type":"Feature","properties":{"facility_layer":"schools","facility_name":"schools 1946","walk_network_m":713.8,"walk_min_to_pt":8.92,"walk_band":"band_5_10min"},"geometry":{"type":"LineString","coordinates":[[80.26803,13.1074],[80.26754999999999,13.10908]]}},{"type":"Feature","properties":{"facility_layer":"schools","facility_name":"schools 1967","walk_network_m":408.4,"walk_min_to_pt":5.11,"walk_band":"band_5_10min"},"geometry":{"type":"LineString","coordinates":[[80.24513,13.09394],[80.24507,13.096820000000001]]}},{"type":"Feature","properties":{"facility_layer":"schools","facility_name":"schools 1969","walk_network_m":408.4,"walk_min_to_pt":5.11,"walk_band":"band_5_10min"},"geometry":{"type":"LineString","coordinates":[[80.24513,13.09394],[80.24507,13.096820000000001]]}},{"type":"Feature","properties":{"facility_layer":"schools","facility_name":"schools 1975","walk_network_m":629.9,"walk_min_to_pt":7.87,"walk_band":"band_5_10min"},"geometry":{"type":"LineString","coordinates":[[80.2471,13.09344],[80.25084999999999,13.09384]]}},{"type":"Feature","properties":{"facility_layer":"schools","facility_name":"schools 1976","walk_network_m":425.7,"walk_min_to_pt":5.32,"walk_band":"band_5_10min"},"geometry":{"type":"LineString","coordinates":[[80.2436,13.09275],[80.24138999999998,13.094769999999999]]}},{"type":"Feature","properties":{"facility_layer":"schools","facility_name":"schools 1977","walk_network_m":408.4,"walk_min_to_pt":5.11,"walk_band":"band_5_10min"},"geometry":{"type":"LineString","coordinates":[[80.24513,13.09394],[80.24507,13.096820000000001]]}},{"type":"Feature","properties":{"facility_layer":"schools","facility_name":"schools 1988","walk_network_m":446.7,"walk_min_to_pt":5.58,"walk_band":"band_5_10min"},"geometry":{"type":"LineString","coordinates":[[80.25618,13.09578],[80.25795,13.097410000000002]]}},{"type":"Feature","properties":{"facility_layer":"schools","facility_name":"schools 2001","walk_network_m":603.8,"walk_min_to_pt":7.55,"walk_band":"band_5_10min"},"geometry":{"type":"LineString","coordinates":[[80.14405,13.11698],[80.14772999999998,13.115399999999998]]}},{"type":"Feature","properties":{"facility_layer":"schools","facility_name":"schools 2008","walk_network_m":603.8,"walk_min_to_pt":7.55,"walk_band":"band_5_10min"},"geometry":{"type":"LineString","coordinates":[[80.14419,13.11711],[80.14772999999998,13.115399999999998]]}},{"type":"Feature","properties":{"facility_layer":"schools","facility_name":"schools 2009","walk_network_m":428.7,"walk_min_to_pt":5.36,"walk_band":"band_5_10min"},"geometry":{"type":"LineString","coordinates":[[80.14623,13.11873],[80.14948,13.118019999999996]]}},{"type":"Feature","properties":{"facility_layer":"schools","facility_name":"schools 2011","walk_network_m":489.7,"walk_min_to_pt":6.12,"walk_band":"band_5_10min"},"geometry":{"type":"LineString","coordinates":[[80.15308,13.12183],[80.15291,13.11941]]}},{"type":"Feature","properties":{"facility_layer":"schools","facility_name":"schools 2013","walk_network_m":444.5,"walk_min_to_pt":5.56,"walk_band":"band_5_10min"},"geometry":{"type":"LineString","coordinates":[[80.17607,13.13535],[80.17367999999999,13.13325]]}},{"type":"Feature","properties":{"facility_layer":"schools","facility_name":"schools 2014","walk_network_m":460.7,"walk_min_to_pt":5.76,"walk_band":"band_5_10min"},"geometry":{"type":"LineString","coordinates":[[80.16545,13.11942],[80.16464,13.121869999999998]]}},{"type":"Feature","properties":{"facility_layer":"schools","facility_name":"schools 2015","walk_network_m":531.0,"walk_min_to_pt":6.64,"walk_band":"band_5_10min"},"geometry":{"type":"LineString","coordinates":[[80.16851,13.13605],[80.16983999999998,13.132229999999996]]}},{"type":"Feature","properties":{"facility_layer":"schools","facility_name":"schools 2021","walk_network_m":1059.3,"walk_min_to_pt":13.24,"walk_band":"band_10_15min"},"geometry":{"type":"LineString","coordinates":[[80.17198,13.13993],[80.17367999999999,13.13325]]}},{"type":"Feature","properties":{"facility_layer":"schools","facility_name":"schools 2029","walk_network_m":710.2,"walk_min_to_pt":8.88,"walk_band":"band_5_10min"},"geometry":{"type":"LineString","coordinates":[[80.18689,13.13249],[80.19024,13.1355]]}},{"type":"Feature","properties":{"facility_layer":"schools","facility_name":"schools 2030","walk_network_m":669.0,"walk_min_to_pt":8.36,"walk_band":"band_5_10min"},"geometry":{"type":"LineString","coordinates":[[80.18701,13.13108],[80.19024,13.1355]]}},{"type":"Feature","properties":{"facility_layer":"schools","facility_name":"schools 2035","walk_network_m":785.3,"walk_min_to_pt":9.82,"walk_band":"band_5_10min"},"geometry":{"type":"LineString","coordinates":[[80.18323,13.13328],[80.19024,13.1355]]}},{"type":"Feature","properties":{"facility_layer":"schools","facility_name":"schools 2037","walk_network_m":1605.2,"walk_min_to_pt":20.06,"walk_band":"over_15min"},"geometry":{"type":"LineString","coordinates":[[80.18333,13.12772],[80.18829999999998,13.11872]]}},{"type":"Feature","properties":{"facility_layer":"schools","facility_name":"schools 2038","walk_network_m":494.9,"walk_min_to_pt":6.19,"walk_band":"band_5_10min"},"geometry":{"type":"LineString","coordinates":[[80.19777,13.12771],[80.19434999999999,13.127039999999997]]}},{"type":"Feature","properties":{"facility_layer":"schools","facility_name":"schools 2039","walk_network_m":400.7,"walk_min_to_pt":5.01,"walk_band":"band_5_10min"},"geometry":{"type":"LineString","coordinates":[[80.18448,13.10377],[80.18628999999999,13.10315]]}},{"type":"Feature","properties":{"facility_layer":"schools","facility_name":"schools 2041","walk_network_m":514.9,"walk_min_to_pt":6.44,"walk_band":"band_5_10min"},"geometry":{"type":"LineString","coordinates":[[80.18019,13.10276],[80.17976,13.10668]]}},{"type":"Feature","properties":{"facility_layer":"schools","facility_name":"schools 2044","walk_network_m":583.4,"walk_min_to_pt":7.29,"walk_band":"band_5_10min"},"geometry":{"type":"LineString","coordinates":[[80.1818,13.10279],[80.17976,13.10668]]}},{"type":"Feature","properties":{"facility_layer":"schools","facility_name":"schools 2045","walk_network_m":596.0,"walk_min_to_pt":7.45,"walk_band":"band_5_10min"},"geometry":{"type":"LineString","coordinates":[[80.17535,13.10045],[80.17516,13.098300000000004]]}},{"type":"Feature","properties":{"facility_layer":"schools","facility_name":"schools 2048","walk_network_m":651.3,"walk_min_to_pt":8.14,"walk_band":"band_5_10min"},"geometry":{"type":"LineString","coordinates":[[80.18178,13.10261],[80.18487999999999,13.09943]]}},{"type":"Feature","properties":{"facility_layer":"schools","facility_name":"schools 2059","walk_network_m":434.9,"walk_min_to_pt":5.44,"walk_band":"band_5_10min"},"geometry":{"type":"LineString","coordinates":[[80.1556,13.10681],[80.15646,13.103849999999998]]}},{"type":"Feature","properties":{"facility_layer":"schools","facility_name":"schools 2060","walk_network_m":477.3,"walk_min_to_pt":5.97,"walk_band":"band_5_10min"},"geometry":{"type":"LineString","coordinates":[[80.21075,13.10704],[80.20801,13.105429999999998]]}},{"type":"Feature","properties":{"facility_layer":"schools","facility_name":"schools 2062","walk_network_m":849.3,"walk_min_to_pt":10.62,"walk_band":"band_10_15min"},"geometry":{"type":"LineString","coordinates":[[80.21502,13.10774],[80.2184,13.11111]]}},{"type":"Feature","properties":{"facility_layer":"schools","facility_name":"schools 2063","walk_network_m":451.1,"walk_min_to_pt":5.64,"walk_band":"band_5_10min"},"geometry":{"type":"LineString","coordinates":[[80.14819,13.10746],[80.15158,13.107119999999998]]}},{"type":"Feature","properties":{"facility_layer":"schools","facility_name":"schools 2067","walk_network_m":540.2,"walk_min_to_pt":6.75,"walk_band":"band_5_10min"},"geometry":{"type":"LineString","coordinates":[[80.19548,13.09824],[80.19695999999999,13.098499999999998]]}},{"type":"Feature","properties":{"facility_layer":"schools","facility_name":"schools 2068","walk_network_m":613.7,"walk_min_to_pt":7.67,"walk_band":"band_5_10min"},"geometry":{"type":"LineString","coordinates":[[80.21236,13.10672],[80.20801,13.105429999999998]]}},{"type":"Feature","properties":{"facility_layer":"schools","facility_name":"schools 2070","walk_network_m":502.5,"walk_min_to_pt":6.28,"walk_band":"band_5_10min"},"geometry":{"type":"LineString","coordinates":[[80.2139,13.1037],[80.21253,13.101580000000002]]}},{"type":"Feature","properties":{"facility_layer":"schools","facility_name":"schools 2071","walk_network_m":402.8,"walk_min_to_pt":5.03,"walk_band":"band_5_10min"},"geometry":{"type":"LineString","coordinates":[[80.20165,13.09289],[80.19878,13.094029999999998]]}},{"type":"Feature","properties":{"facility_layer":"schools","facility_name":"schools 2073","walk_network_m":428.7,"walk_min_to_pt":5.36,"walk_band":"band_5_10min"},"geometry":{"type":"LineString","coordinates":[[80.16937,13.10329],[80.17115,13.105589999999996]]}},{"type":"Feature","properties":{"facility_layer":"schools","facility_name":"schools 2076","walk_network_m":402.2,"walk_min_to_pt":5.03,"walk_band":"band_5_10min"},"geometry":{"type":"LineString","coordinates":[[80.17242,13.10072],[80.17032999999999,13.09983]]}},{"type":"Feature","properties":{"facility_layer":"schools","facility_name":"schools 2078","walk_network_m":718.4,"walk_min_to_pt":8.98,"walk_band":"band_5_10min"},"geometry":{"type":"LineString","coordinates":[[80.14635,13.08845],[80.14325,13.084289999999998]]}},{"type":"Feature","properties":{"facility_layer":"schools","facility_name":"schools 2081","walk_network_m":477.1,"walk_min_to_pt":5.96,"walk_band":"band_5_10min"},"geometry":{"type":"LineString","coordinates":[[80.15033,13.09429],[80.15207,13.095539999999998]]}},{"type":"Feature","properties":{"facility_layer":"schools","facility_name":"schools 2082","walk_network_m":637.1,"walk_min_to_pt":7.96,"walk_band":"band_5_10min"},"geometry":{"type":"LineString","coordinates":[[80.15236,13.09321],[80.15207,13.095539999999998]]}},{"type":"Feature","properties":{"facility_layer":"schools","facility_name":"schools 2084","walk_network_m":407.6,"walk_min_to_pt":5.1,"walk_band":"band_5_10min"},"geometry":{"type":"LineString","coordinates":[[80.14986,13.0921],[80.14678999999998,13.09475]]}},{"type":"Feature","properties":{"facility_layer":"schools","facility_name":"schools 2085","walk_network_m":737.8,"walk_min_to_pt":9.22,"walk_band":"band_5_10min"},"geometry":{"type":"LineString","coordinates":[[80.14843,13.08943],[80.14678999999998,13.09475]]}},{"type":"Feature","properties":{"facility_layer":"schools","facility_name":"schools 2089","walk_network_m":469.0,"walk_min_to_pt":5.86,"walk_band":"band_5_10min"},"geometry":{"type":"LineString","coordinates":[[80.18493,13.09418],[80.18634,13.096059999999998]]}},{"type":"Feature","properties":{"facility_layer":"schools","facility_name":"schools 2092","walk_network_m":643.2,"walk_min_to_pt":8.04,"walk_band":"band_5_10min"},"geometry":{"type":"LineString","coordinates":[[80.17792,13.09411],[80.17518,13.09809]]}},{"type":"Feature","properties":{"facility_layer":"schools","facility_name":"schools 2100","walk_network_m":520.1,"walk_min_to_pt":6.5,"walk_band":"band_5_10min"},"geometry":{"type":"LineString","coordinates":[[80.18195,13.0942],[80.18455,13.09653]]}},{"type":"Feature","properties":{"facility_layer":"schools","facility_name":"schools 2101","walk_network_m":745.5,"walk_min_to_pt":9.32,"walk_band":"band_5_10min"},"geometry":{"type":"LineString","coordinates":[[80.17914,13.09311],[80.17837999999999,13.08835]]}},{"type":"Feature","properties":{"facility_layer":"schools","facility_name":"schools 2107","walk_network_m":465.5,"walk_min_to_pt":5.82,"walk_band":"band_5_10min"},"geometry":{"type":"LineString","coordinates":[[80.1788,13.09023],[80.17837999999999,13.08835]]}},{"type":"Feature","properties":{"facility_layer":"schools","facility_name":"schools 2109","walk_network_m":580.1,"walk_min_to_pt":7.25,"walk_band":"band_5_10min"},"geometry":{"type":"LineString","coordinates":[[80.30135,13.16435],[80.30333999999999,13.164059999999997]]}},{"type":"Feature","properties":{"facility_layer":"schools","facility_name":"schools 2115","walk_network_m":415.1,"walk_min_to_pt":5.19,"walk_band":"band_5_10min"},"geometry":{"type":"LineString","coordinates":[[80.19536,13.0865],[80.19795,13.08711]]}},{"type":"Feature","properties":{"facility_layer":"schools","facility_name":"schools 2119","walk_network_m":630.2,"walk_min_to_pt":7.88,"walk_band":"band_5_10min"},"geometry":{"type":"LineString","coordinates":[[80.19003,13.08187],[80.18708,13.08145]]}},{"type":"Feature","properties":{"facility_layer":"schools","facility_name":"schools 2120","walk_network_m":441.4,"walk_min_to_pt":5.52,"walk_band":"band_5_10min"},"geometry":{"type":"LineString","coordinates":[[80.19555,13.08876],[80.19795,13.08711]]}},{"type":"Feature","properties":{"facility_layer":"schools","facility_name":"schools 2122","walk_network_m":488.5,"walk_min_to_pt":6.11,"walk_band":"band_5_10min"},"geometry":{"type":"LineString","coordinates":[[80.19329,13.09505],[80.18886,13.094989999999997]]}},{"type":"Feature","properties":{"facility_layer":"schools","facility_name":"schools 2137","walk_network_m":490.2,"walk_min_to_pt":6.13,"walk_band":"band_5_10min"},"geometry":{"type":"LineString","coordinates":[[80.18192,13.08404],[80.1826,13.080739999999999]]}},{"type":"Feature","properties":{"facility_layer":"schools","facility_name":"schools 2139","walk_network_m":535.7,"walk_min_to_pt":6.7,"walk_band":"band_5_10min"},"geometry":{"type":"LineString","coordinates":[[80.18266,13.08641],[80.18343999999999,13.087979999999998]]}},{"type":"Feature","properties":{"facility_layer":"schools","facility_name":"schools 2141","walk_network_m":583.2,"walk_min_to_pt":7.29,"walk_band":"band_5_10min"},"geometry":{"type":"LineString","coordinates":[[80.18084,13.08473],[80.18343999999999,13.087979999999998]]}},{"type":"Feature","properties":{"facility_layer":"schools","facility_name":"schools 2143","walk_network_m":605.9,"walk_min_to_pt":7.57,"walk_band":"band_5_10min"},"geometry":{"type":"LineString","coordinates":[[80.1801,13.0852],[80.17837999999999,13.08835]]}},{"type":"Feature","properties":{"facility_layer":"schools","facility_name":"schools 2159","walk_network_m":606.8,"walk_min_to_pt":7.58,"walk_band":"band_5_10min"},"geometry":{"type":"LineString","coordinates":[[80.19841,13.10735],[80.19901999999999,13.10331]]}},{"type":"Feature","properties":{"facility_layer":"schools","facility_name":"schools 2161","walk_network_m":711.3,"walk_min_to_pt":8.89,"walk_band":"band_5_10min"},"geometry":{"type":"LineString","coordinates":[[80.20297,13.10567],[80.20252,13.103689999999999]]}},{"type":"Feature","properties":{"facility_layer":"schools","facility_name":"schools 2162","walk_network_m":519.3,"walk_min_to_pt":6.49,"walk_band":"band_5_10min"},"geometry":{"type":"LineString","coordinates":[[80.20376,13.11558],[80.20493999999998,13.118579999999998]]}},{"type":"Feature","properties":{"facility_layer":"schools","facility_name":"schools 2164","walk_network_m":811.4,"walk_min_to_pt":10.14,"walk_band":"band_10_15min"},"geometry":{"type":"LineString","coordinates":[[80.20318,13.1048],[80.20252,13.103689999999999]]}},{"type":"Feature","properties":{"facility_layer":"schools","facility_name":"schools 2167","walk_network_m":488.0,"walk_min_to_pt":6.1,"walk_band":"band_5_10min"},"geometry":{"type":"LineString","coordinates":[[80.20061,13.10619],[80.20252,13.103689999999999]]}},{"type":"Feature","properties":{"facility_layer":"schools","facility_name":"schools 2170","walk_network_m":732.7,"walk_min_to_pt":9.16,"walk_band":"band_5_10min"},"geometry":{"type":"LineString","coordinates":[[80.20108,13.11404],[80.19837,13.1182]]}},{"type":"Feature","properties":{"facility_layer":"schools","facility_name":"schools 2174","walk_network_m":630.6,"walk_min_to_pt":7.88,"walk_band":"band_5_10min"},"geometry":{"type":"LineString","coordinates":[[80.20118,13.11027],[80.20605,13.108310000000001]]}},{"type":"Feature","properties":{"facility_layer":"schools","facility_name":"schools 2177","walk_network_m":567.5,"walk_min_to_pt":7.09,"walk_band":"band_5_10min"},"geometry":{"type":"LineString","coordinates":[[80.20167,13.10726],[80.20252,13.103689999999999]]}},{"type":"Feature","properties":{"facility_layer":"schools","facility_name":"schools 2178","walk_network_m":717.5,"walk_min_to_pt":8.97,"walk_band":"band_5_10min"},"geometry":{"type":"LineString","coordinates":[[80.20007,13.10851],[80.19901999999999,13.10331]]}},{"type":"Feature","properties":{"facility_layer":"schools","facility_name":"schools 2181","walk_network_m":417.6,"walk_min_to_pt":5.22,"walk_band":"band_5_10min"},"geometry":{"type":"LineString","coordinates":[[80.23458,13.09749],[80.23502,13.098410000000001]]}},{"type":"Feature","properties":{"facility_layer":"schools","facility_name":"schools 2186","walk_network_m":542.7,"walk_min_to_pt":6.78,"walk_band":"band_5_10min"},"geometry":{"type":"LineString","coordinates":[[80.2212,13.1034],[80.21975999999998,13.09933]]}},{"type":"Feature","properties":{"facility_layer":"schools","facility_name":"schools 2190","walk_network_m":863.2,"walk_min_to_pt":10.79,"walk_band":"band_10_15min"},"geometry":{"type":"LineString","coordinates":[[80.22366,13.10316],[80.22530999999998,13.100100000000001]]}},{"type":"Feature","properties":{"facility_layer":"schools","facility_name":"schools 2195","walk_network_m":642.4,"walk_min_to_pt":8.03,"walk_band":"band_5_10min"},"geometry":{"type":"LineString","coordinates":[[80.22786,13.10259],[80.22991,13.09983]]}},{"type":"Feature","properties":{"facility_layer":"schools","facility_name":"schools 2196","walk_network_m":457.3,"walk_min_to_pt":5.72,"walk_band":"band_5_10min"},"geometry":{"type":"LineString","coordinates":[[80.22248,13.0965],[80.21943,13.096460000000002]]}},{"type":"Feature","properties":{"facility_layer":"schools","facility_name":"schools 2202","walk_network_m":542.7,"walk_min_to_pt":6.78,"walk_band":"band_5_10min"},"geometry":{"type":"LineString","coordinates":[[80.22092,13.10313],[80.21975999999998,13.09933]]}},{"type":"Feature","properties":{"facility_layer":"schools","facility_name":"schools 2209","walk_network_m":502.8,"walk_min_to_pt":6.28,"walk_band":"band_5_10min"},"geometry":{"type":"LineString","coordinates":[[80.23171,13.09292],[80.22786,13.091699999999996]]}},{"type":"Feature","properties":{"facility_layer":"schools","facility_name":"schools 2213","walk_network_m":502.8,"walk_min_to_pt":6.28,"walk_band":"band_5_10min"},"geometry":{"type":"LineString","coordinates":[[80.23169,13.09271],[80.23059,13.08901]]}},{"type":"Feature","properties":{"facility_layer":"schools","facility_name":"schools 2215","walk_network_m":612.7,"walk_min_to_pt":7.66,"walk_band":"band_5_10min"},"geometry":{"type":"LineString","coordinates":[[80.23847,13.09385],[80.24120999999998,13.094809999999999]]}},{"type":"Feature","properties":{"facility_layer":"schools","facility_name":"schools 2216","walk_network_m":601.9,"walk_min_to_pt":7.52,"walk_band":"band_5_10min"},"geometry":{"type":"LineString","coordinates":[[80.23409,13.09497],[80.23502,13.098410000000001]]}},{"type":"Feature","properties":{"facility_layer":"schools","facility_name":"schools 2223","walk_network_m":481.6,"walk_min_to_pt":6.02,"walk_band":"band_5_10min"},"geometry":{"type":"LineString","coordinates":[[80.20075,13.08102],[80.19872999999998,13.082249999999998]]}},{"type":"Feature","properties":{"facility_layer":"healthcare","facility_name":"healthcare 1","walk_network_m":229.9,"walk_min_to_pt":2.87,"walk_band":"within_5min"},"geometry":{"type":"LineString","coordinates":[[80.2762573,13.0461172],[80.2767070004018,13.04495600029]]}},{"type":"Feature","properties":{"facility_layer":"healthcare","facility_name":"healthcare 2","walk_network_m":132.7,"walk_min_to_pt":1.66,"walk_band":"within_5min"},"geometry":{"type":"LineString","coordinates":[[80.2731132,13.0506075],[80.27435,13.05064]]}},{"type":"Feature","properties":{"facility_layer":"healthcare","facility_name":"healthcare 3","walk_network_m":282.3,"walk_min_to_pt":3.53,"walk_band":"within_5min"},"geometry":{"type":"LineString","coordinates":[[80.2355184,13.0492127],[80.23373999999998,13.0501]]}},{"type":"Feature","properties":{"facility_layer":"healthcare","facility_name":"healthcare 4","walk_network_m":40.3,"walk_min_to_pt":0.5,"walk_band":"within_5min"},"geometry":{"type":"LineString","coordinates":[[80.2778035,13.051218],[80.27713,13.051579999999998]]}},{"type":"Feature","properties":{"facility_layer":"healthcare","facility_name":"healthcare 5","walk_network_m":237.9,"walk_min_to_pt":2.97,"walk_band":"within_5min"},"geometry":{"type":"LineString","coordinates":[[80.2392416,13.0578174],[80.24010999999999,13.05888]]}},{"type":"Feature","properties":{"facility_layer":"healthcare","facility_name":"healthcare 6","walk_network_m":0.0,"walk_min_to_pt":0.0,"walk_band":"within_5min"},"geometry":{"type":"LineString","coordinates":[[80.2248058,13.0765627],[80.22488,13.07688]]}},{"type":"Feature","properties":{"facility_layer":"healthcare","facility_name":"healthcare 7","walk_network_m":129.7,"walk_min_to_pt":1.62,"walk_band":"within_5min"},"geometry":{"type":"LineString","coordinates":[[80.2429439,13.0731916],[80.24213299996269,13.0740740004334]]}},{"type":"Feature","properties":{"facility_layer":"healthcare","facility_name":"healthcare 8","walk_network_m":543.0,"walk_min_to_pt":6.79,"walk_band":"band_5_10min"},"geometry":{"type":"LineString","coordinates":[[80.2199318,13.0684099],[80.2216,13.072119999999998]]}},{"type":"Feature","properties":{"facility_layer":"healthcare","facility_name":"healthcare 9","walk_network_m":128.3,"walk_min_to_pt":1.6,"walk_band":"within_5min"},"geometry":{"type":"LineString","coordinates":[[80.2136758,13.066556],[80.21434999999998,13.066009999999999]]}},{"type":"Feature","properties":{"facility_layer":"healthcare","facility_name":"healthcare 10","walk_network_m":90.4,"walk_min_to_pt":1.13,"walk_band":"within_5min"},"geometry":{"type":"LineString","coordinates":[[80.2345248,13.0805976],[80.23347,13.08]]}},{"type":"Feature","properties":{"facility_layer":"healthcare","facility_name":"healthcare 11","walk_network_m":539.5,"walk_min_to_pt":6.74,"walk_band":"band_5_10min"},"geometry":{"type":"LineString","coordinates":[[80.2205546,13.0790817],[80.21805,13.077779999999999]]}},{"type":"Feature","properties":{"facility_layer":"healthcare","facility_name":"healthcare 12","walk_network_m":96.1,"walk_min_to_pt":1.2,"walk_band":"within_5min"},"geometry":{"type":"LineString","coordinates":[[80.212152,13.0782373],[80.21212999999999,13.079239999999999]]}},{"type":"Feature","properties":{"facility_layer":"healthcare","facility_name":"healthcare 13","walk_network_m":426.2,"walk_min_to_pt":5.33,"walk_band":"band_5_10min"},"geometry":{"type":"LineString","coordinates":[[80.239758,13.0854127],[80.24177,13.08309]]}},{"type":"Feature","properties":{"facility_layer":"healthcare","facility_name":"healthcare 14","walk_network_m":603.7,"walk_min_to_pt":7.55,"walk_band":"band_5_10min"},"geometry":{"type":"LineString","coordinates":[[80.2011961,13.0999668],[80.20257999999998,13.10352]]}},{"type":"Feature","properties":{"facility_layer":"healthcare","facility_name":"healthcare 15","walk_network_m":511.3,"walk_min_to_pt":6.39,"walk_band":"band_5_10min"},"geometry":{"type":"LineString","coordinates":[[80.2115135,13.1082623],[80.20948000021708,13.110253999975498]]}},{"type":"Feature","properties":{"facility_layer":"healthcare","facility_name":"healthcare 16","walk_network_m":220.3,"walk_min_to_pt":2.75,"walk_band":"within_5min"},"geometry":{"type":"LineString","coordinates":[[80.2307182,13.1007275],[80.22991,13.09983]]}},{"type":"Feature","properties":{"facility_layer":"healthcare","facility_name":"healthcare 17","walk_network_m":371.2,"walk_min_to_pt":4.64,"walk_band":"within_5min"},"geometry":{"type":"LineString","coordinates":[[80.2572279,13.0943681],[80.25879999999998,13.09339]]}},{"type":"Feature","properties":{"facility_layer":"healthcare","facility_name":"healthcare 18","walk_network_m":130.8,"walk_min_to_pt":1.64,"walk_band":"within_5min"},"geometry":{"type":"LineString","coordinates":[[80.2606274,13.1008566],[80.25994,13.100279999999998]]}},{"type":"Feature","properties":{"facility_layer":"healthcare","facility_name":"healthcare 19","walk_network_m":0.0,"walk_min_to_pt":0.0,"walk_band":"within_5min"},"geometry":{"type":"LineString","coordinates":[[80.2528798,13.1048036],[80.25311999999998,13.10492]]}},{"type":"Feature","properties":{"facility_layer":"healthcare","facility_name":"healthcare 20","walk_network_m":588.6,"walk_min_to_pt":7.36,"walk_band":"band_5_10min"},"geometry":{"type":"LineString","coordinates":[[80.2383762,13.101001],[80.24058,13.09883]]}},{"type":"Feature","properties":{"facility_layer":"healthcare","facility_name":"healthcare 21","walk_network_m":139.7,"walk_min_to_pt":1.75,"walk_band":"within_5min"},"geometry":{"type":"LineString","coordinates":[[80.2435299,13.1205427],[80.24275,13.12089]]}},{"type":"Feature","properties":{"facility_layer":"healthcare","facility_name":"healthcare 22","walk_network_m":221.9,"walk_min_to_pt":2.77,"walk_band":"within_5min"},"geometry":{"type":"LineString","coordinates":[[80.2053771,13.1201057],[80.20493999999998,13.118579999999998]]}},{"type":"Feature","properties":{"facility_layer":"healthcare","facility_name":"healthcare 23","walk_network_m":130.0,"walk_min_to_pt":1.63,"walk_band":"within_5min"},"geometry":{"type":"LineString","coordinates":[[80.2675588,13.0951548],[80.26633,13.095140000000002]]}},{"type":"Feature","properties":{"facility_layer":"healthcare","facility_name":"healthcare 24","walk_network_m":459.7,"walk_min_to_pt":5.75,"walk_band":"band_5_10min"},"geometry":{"type":"LineString","coordinates":[[80.2533543,13.0927765],[80.25094999999999,13.093279999999998]]}},{"type":"Feature","properties":{"facility_layer":"healthcare","facility_name":"healthcare 25","walk_network_m":81.9,"walk_min_to_pt":1.02,"walk_band":"within_5min"},"geometry":{"type":"LineString","coordinates":[[80.2451315,13.0959648],[80.24507,13.096820000000001]]}},{"type":"Feature","properties":{"facility_layer":"healthcare","facility_name":"healthcare 26","walk_network_m":283.6,"walk_min_to_pt":3.54,"walk_band":"within_5min"},"geometry":{"type":"LineString","coordinates":[[80.2337236,13.121095],[80.23255,13.11987]]}},{"type":"Feature","properties":{"facility_layer":"healthcare","facility_name":"healthcare 27","walk_network_m":25.9,"walk_min_to_pt":0.32,"walk_band":"within_5min"},"geometry":{"type":"LineString","coordinates":[[80.2354221,13.1140066],[80.23546999999999,13.113639999999997]]}},{"type":"Feature","properties":{"facility_layer":"healthcare","facility_name":"healthcare 28","walk_network_m":335.5,"walk_min_to_pt":4.19,"walk_band":"within_5min"},"geometry":{"type":"LineString","coordinates":[[80.2092522,13.0537556],[80.21136000000001,13.054500000000003]]}},{"type":"Feature","properties":{"facility_layer":"healthcare","facility_name":"healthcare 29","walk_network_m":142.7,"walk_min_to_pt":1.78,"walk_band":"within_5min"},"geometry":{"type":"LineString","coordinates":[[80.2038018,13.0565868],[80.20403,13.05734]]}},{"type":"Feature","properties":{"facility_layer":"healthcare","facility_name":"healthcare 30","walk_network_m":365.9,"walk_min_to_pt":4.57,"walk_band":"within_5min"},"geometry":{"type":"LineString","coordinates":[[80.192936,13.0590105],[80.19441999999998,13.057639999999997]]}},{"type":"Feature","properties":{"facility_layer":"healthcare","facility_name":"healthcare 31","walk_network_m":37.0,"walk_min_to_pt":0.46,"walk_band":"within_5min"},"geometry":{"type":"LineString","coordinates":[[80.2104883,12.8752287],[80.20986999999998,12.87477]]}},{"type":"Feature","properties":{"facility_layer":"healthcare","facility_name":"healthcare 32","walk_network_m":51.2,"walk_min_to_pt":0.64,"walk_band":"within_5min"},"geometry":{"type":"LineString","coordinates":[[80.2386359,12.9309998],[80.23843999999998,12.93131]]}},{"type":"Feature","properties":{"facility_layer":"healthcare","facility_name":"healthcare 33","walk_network_m":193.4,"walk_min_to_pt":2.42,"walk_band":"within_5min"},"geometry":{"type":"LineString","coordinates":[[80.2559055,12.9498626],[80.2551,12.950639999999998]]}},{"type":"Feature","properties":{"facility_layer":"healthcare","facility_name":"healthcare 34","walk_network_m":613.4,"walk_min_to_pt":7.67,"walk_band":"band_5_10min"},"geometry":{"type":"LineString","coordinates":[[80.253524,12.9645731],[80.25604,12.961249999999996]]}},{"type":"Feature","properties":{"facility_layer":"healthcare","facility_name":"healthcare 35","walk_network_m":400.1,"walk_min_to_pt":5.0,"walk_band":"within_5min"},"geometry":{"type":"LineString","coordinates":[[80.2005982,12.9713337],[80.20257999999998,12.973919999999998]]}},{"type":"Feature","properties":{"facility_layer":"healthcare","facility_name":"healthcare 36","walk_network_m":152.2,"walk_min_to_pt":1.9,"walk_band":"within_5min"},"geometry":{"type":"LineString","coordinates":[[80.203596,12.9941574],[80.20282,12.995029999999998]]}},{"type":"Feature","properties":{"facility_layer":"healthcare","facility_name":"healthcare 37","walk_network_m":351.1,"walk_min_to_pt":4.39,"walk_band":"within_5min"},"geometry":{"type":"LineString","coordinates":[[80.2030566,13.001745],[80.2003,13.001879999999996]]}},{"type":"Feature","properties":{"facility_layer":"healthcare","facility_name":"healthcare 38","walk_network_m":107.1,"walk_min_to_pt":1.34,"walk_band":"within_5min"},"geometry":{"type":"LineString","coordinates":[[80.1669806,13.021229],[80.1663,13.020800000000001]]}},{"type":"Feature","properties":{"facility_layer":"healthcare","facility_name":"healthcare 39","walk_network_m":301.6,"walk_min_to_pt":3.77,"walk_band":"within_5min"},"geometry":{"type":"LineString","coordinates":[[80.186415,13.0691929],[80.1865,13.071509999999996]]}},{"type":"Feature","properties":{"facility_layer":"healthcare","facility_name":"healthcare 40","walk_network_m":0.0,"walk_min_to_pt":0.0,"walk_band":"within_5min"},"geometry":{"type":"LineString","coordinates":[[80.1664767,13.0631111],[80.16692999999998,13.06294]]}},{"type":"Feature","properties":{"facility_layer":"healthcare","facility_name":"healthcare 41","walk_network_m":202.7,"walk_min_to_pt":2.53,"walk_band":"within_5min"},"geometry":{"type":"LineString","coordinates":[[80.1695182,13.0844001],[80.16979,13.085350000000002]]}},{"type":"Feature","properties":{"facility_layer":"healthcare","facility_name":"healthcare 42","walk_network_m":164.4,"walk_min_to_pt":2.06,"walk_band":"within_5min"},"geometry":{"type":"LineString","coordinates":[[80.1898682,13.0895622],[80.19004,13.08779]]}},{"type":"Feature","properties":{"facility_layer":"healthcare","facility_name":"healthcare 43","walk_network_m":170.7,"walk_min_to_pt":2.13,"walk_band":"within_5min"},"geometry":{"type":"LineString","coordinates":[[80.1825823,13.1097226],[80.18346000000001,13.11003]]}},{"type":"Feature","properties":{"facility_layer":"healthcare","facility_name":"healthcare 44","walk_network_m":156.3,"walk_min_to_pt":1.95,"walk_band":"within_5min"},"geometry":{"type":"LineString","coordinates":[[80.1536298,13.1176699],[80.15472,13.117719999999998]]}},{"type":"Feature","properties":{"facility_layer":"healthcare","facility_name":"healthcare 45","walk_network_m":121.8,"walk_min_to_pt":1.52,"walk_band":"within_5min"},"geometry":{"type":"LineString","coordinates":[[80.1601416,13.1233582],[80.15985,13.12257]]}},{"type":"Feature","properties":{"facility_layer":"healthcare","facility_name":"healthcare 46","walk_network_m":37.7,"walk_min_to_pt":0.47,"walk_band":"within_5min"},"geometry":{"type":"LineString","coordinates":[[80.1536689,13.1297302],[80.15376,13.129839999999998]]}},{"type":"Feature","properties":{"facility_layer":"healthcare","facility_name":"healthcare 47","walk_network_m":93.7,"walk_min_to_pt":1.17,"walk_band":"within_5min"},"geometry":{"type":"LineString","coordinates":[[80.2118459,13.1322539],[80.21235,13.13201]]}},{"type":"Feature","properties":{"facility_layer":"healthcare","facility_name":"healthcare 48","walk_network_m":200.6,"walk_min_to_pt":2.51,"walk_band":"within_5min"},"geometry":{"type":"LineString","coordinates":[[80.2301193,13.1480498],[80.23082999999998,13.147859999999998]]}},{"type":"Feature","properties":{"facility_layer":"healthcare","facility_name":"healthcare 49","walk_network_m":2.7,"walk_min_to_pt":0.03,"walk_band":"within_5min"},"geometry":{"type":"LineString","coordinates":[[80.2579003,13.1685842],[80.25807,13.16828]]}},{"type":"Feature","properties":{"facility_layer":"healthcare","facility_name":"healthcare 50","walk_network_m":342.0,"walk_min_to_pt":4.27,"walk_band":"within_5min"},"geometry":{"type":"LineString","coordinates":[[80.302222,13.1516575],[80.30256,13.149250000000002]]}},{"type":"Feature","properties":{"facility_layer":"healthcare","facility_name":"healthcare 51","walk_network_m":212.2,"walk_min_to_pt":2.65,"walk_band":"within_5min"},"geometry":{"type":"LineString","coordinates":[[80.2950155,13.1526388],[80.29605999999998,13.15386]]}},{"type":"Feature","properties":{"facility_layer":"healthcare","facility_name":"healthcare 52","walk_network_m":0.0,"walk_min_to_pt":0.0,"walk_band":"within_5min"},"geometry":{"type":"LineString","coordinates":[[80.3012841,13.1574973],[80.30152,13.15749]]}},{"type":"Feature","properties":{"facility_layer":"healthcare","facility_name":"healthcare 53","walk_network_m":253.2,"walk_min_to_pt":3.17,"walk_band":"within_5min"},"geometry":{"type":"LineString","coordinates":[[80.2568023,13.0885878],[80.25783999999999,13.086999999999996]]}},{"type":"Feature","properties":{"facility_layer":"healthcare","facility_name":"healthcare 54","walk_network_m":373.8,"walk_min_to_pt":4.67,"walk_band":"within_5min"},"geometry":{"type":"LineString","coordinates":[[80.2313097,13.1091763],[80.23148,13.112379999999998]]}},{"type":"Feature","properties":{"facility_layer":"healthcare","facility_name":"healthcare 55","walk_network_m":94.8,"walk_min_to_pt":1.19,"walk_band":"within_5min"},"geometry":{"type":"LineString","coordinates":[[80.2744477,13.1042769],[80.27392,13.103929999999997]]}},{"type":"Feature","properties":{"facility_layer":"healthcare","facility_name":"healthcare 56","walk_network_m":171.3,"walk_min_to_pt":2.14,"walk_band":"within_5min"},"geometry":{"type":"LineString","coordinates":[[80.2937181,13.101549],[80.29424,13.10212]]}},{"type":"Feature","properties":{"facility_layer":"healthcare","facility_name":"healthcare 57","walk_network_m":8.9,"walk_min_to_pt":0.11,"walk_band":"within_5min"},"geometry":{"type":"LineString","coordinates":[[80.2629859,13.0860323],[80.26301999999998,13.08552]]}},{"type":"Feature","properties":{"facility_layer":"healthcare","facility_name":"healthcare 58","walk_network_m":159.9,"walk_min_to_pt":2.0,"walk_band":"within_5min"},"geometry":{"type":"LineString","coordinates":[[80.2865151,13.1020016],[80.28676,13.103289999999998]]}},{"type":"Feature","properties":{"facility_layer":"healthcare","facility_name":"healthcare 59","walk_network_m":650.0,"walk_min_to_pt":8.13,"walk_band":"band_5_10min"},"geometry":{"type":"LineString","coordinates":[[80.28139,13.0985485],[80.28652,13.09774]]}},{"type":"Feature","properties":{"facility_layer":"healthcare","facility_name":"healthcare 60","walk_network_m":82.4,"walk_min_to_pt":1.03,"walk_band":"within_5min"},"geometry":{"type":"LineString","coordinates":[[80.2858957,13.0970009],[80.28658999999999,13.09767]]}},{"type":"Feature","properties":{"facility_layer":"healthcare","facility_name":"healthcare 61","walk_network_m":79.3,"walk_min_to_pt":0.99,"walk_band":"within_5min"},"geometry":{"type":"LineString","coordinates":[[80.2930049,13.1181342],[80.29327,13.118569999999998]]}},{"type":"Feature","properties":{"facility_layer":"healthcare","facility_name":"healthcare 62","walk_network_m":288.4,"walk_min_to_pt":3.61,"walk_band":"within_5min"},"geometry":{"type":"LineString","coordinates":[[80.2830805,13.110283],[80.28253499984699,13.108721999913902]]}},{"type":"Feature","properties":{"facility_layer":"healthcare","facility_name":"healthcare 63","walk_network_m":254.4,"walk_min_to_pt":3.18,"walk_band":"within_5min"},"geometry":{"type":"LineString","coordinates":[[80.2571296,12.9848346],[80.25801999999999,12.986410000000001]]}},{"type":"Feature","properties":{"facility_layer":"healthcare","facility_name":"healthcare 64","walk_network_m":297.7,"walk_min_to_pt":3.72,"walk_band":"within_5min"},"geometry":{"type":"LineString","coordinates":[[80.2367491,12.9829641],[80.23819999999999,12.98123]]}},{"type":"Feature","properties":{"facility_layer":"healthcare","facility_name":"healthcare 65","walk_network_m":681.1,"walk_min_to_pt":8.51,"walk_band":"band_5_10min"},"geometry":{"type":"LineString","coordinates":[[80.229941,12.9863037],[80.23043,12.981729999999999]]}},{"type":"Feature","properties":{"facility_layer":"healthcare","facility_name":"healthcare 66","walk_network_m":413.0,"walk_min_to_pt":5.16,"walk_band":"band_5_10min"},"geometry":{"type":"LineString","coordinates":[[80.2120692,12.9915513],[80.20980000000002,12.9905]]}},{"type":"Feature","properties":{"facility_layer":"healthcare","facility_name":"healthcare 67","walk_network_m":0.0,"walk_min_to_pt":0.0,"walk_band":"within_5min"},"geometry":{"type":"LineString","coordinates":[[80.2052449,12.9890897],[80.20496,12.989200000000002]]}},{"type":"Feature","properties":{"facility_layer":"healthcare","facility_name":"healthcare 68","walk_network_m":238.6,"walk_min_to_pt":2.98,"walk_band":"within_5min"},"geometry":{"type":"LineString","coordinates":[[80.264842,13.0239501],[80.26368999999998,13.02275]]}},{"type":"Feature","properties":{"facility_layer":"healthcare","facility_name":"healthcare 69","walk_network_m":262.8,"walk_min_to_pt":3.28,"walk_band":"within_5min"},"geometry":{"type":"LineString","coordinates":[[80.2402407,13.0229947],[80.24262999999999,13.023109999999999]]}},{"type":"Feature","properties":{"facility_layer":"healthcare","facility_name":"healthcare 70","walk_network_m":210.9,"walk_min_to_pt":2.64,"walk_band":"within_5min"},"geometry":{"type":"LineString","coordinates":[[80.2261539,13.0299502],[80.22708,13.028680000000001]]}},{"type":"Feature","properties":{"facility_layer":"healthcare","facility_name":"healthcare 71","walk_network_m":404.6,"walk_min_to_pt":5.06,"walk_band":"band_5_10min"},"geometry":{"type":"LineString","coordinates":[[80.2023024,13.0440447],[80.20244,13.040609999999997]]}},{"type":"Feature","properties":{"facility_layer":"healthcare","facility_name":"healthcare 72","walk_network_m":126.4,"walk_min_to_pt":1.58,"walk_band":"within_5min"},"geometry":{"type":"LineString","coordinates":[[80.1969001,13.0528551],[80.19690999999999,13.053950000000004]]}},{"type":"Feature","properties":{"facility_layer":"healthcare","facility_name":"healthcare 73","walk_network_m":0.0,"walk_min_to_pt":0.0,"walk_band":"within_5min"},"geometry":{"type":"LineString","coordinates":[[80.1912859,13.0316584],[80.19122999999999,13.03152]]}},{"type":"Feature","properties":{"facility_layer":"healthcare","facility_name":"healthcare 74","walk_network_m":223.4,"walk_min_to_pt":2.79,"walk_band":"within_5min"},"geometry":{"type":"LineString","coordinates":[[80.2145633,13.0411162],[80.21459999999999,13.03955]]}},{"type":"Feature","properties":{"facility_layer":"healthcare","facility_name":"healthcare 75","walk_network_m":251.4,"walk_min_to_pt":3.14,"walk_band":"within_5min"},"geometry":{"type":"LineString","coordinates":[[80.2172168,13.032255],[80.21571,13.03133]]}},{"type":"Feature","properties":{"facility_layer":"healthcare","facility_name":"healthcare 76","walk_network_m":143.6,"walk_min_to_pt":1.79,"walk_band":"within_5min"},"geometry":{"type":"LineString","coordinates":[[80.219004,13.051185],[80.22025,13.05186]]}},{"type":"Feature","properties":{"facility_layer":"healthcare","facility_name":"healthcare 77","walk_network_m":69.8,"walk_min_to_pt":0.87,"walk_band":"within_5min"},"geometry":{"type":"LineString","coordinates":[[80.2022651,13.0318886],[80.2025,13.031499999999998]]}},{"type":"Feature","properties":{"facility_layer":"healthcare","facility_name":"healthcare 78","walk_network_m":34.9,"walk_min_to_pt":0.44,"walk_band":"within_5min"},"geometry":{"type":"LineString","coordinates":[[80.2241681,13.0310426],[80.22367999999999,13.031189999999999]]}},{"type":"Feature","properties":{"facility_layer":"healthcare","facility_name":"healthcare 79","walk_network_m":343.2,"walk_min_to_pt":4.29,"walk_band":"within_5min"},"geometry":{"type":"LineString","coordinates":[[80.2339271,13.0293924],[80.23629999999999,13.028869999999996]]}},{"type":"Feature","properties":{"facility_layer":"healthcare","facility_name":"healthcare 80","walk_network_m":0.0,"walk_min_to_pt":0.0,"walk_band":"within_5min"},"geometry":{"type":"LineString","coordinates":[[80.2195017,13.025052],[80.21975999999998,13.02506]]}},{"type":"Feature","properties":{"facility_layer":"healthcare","facility_name":"healthcare 81","walk_network_m":0.0,"walk_min_to_pt":0.0,"walk_band":"within_5min"},"geometry":{"type":"LineString","coordinates":[[80.319929,13.218101],[80.32003999999999,13.218229999999997]]}},{"type":"Feature","properties":{"facility_layer":"healthcare","facility_name":"healthcare 82","walk_network_m":207.9,"walk_min_to_pt":2.6,"walk_band":"within_5min"},"geometry":{"type":"LineString","coordinates":[[80.30581,13.185883],[80.30755,13.18631]]}},{"type":"Feature","properties":{"facility_layer":"healthcare","facility_name":"healthcare 83","walk_network_m":426.4,"walk_min_to_pt":5.33,"walk_band":"band_5_10min"},"geometry":{"type":"LineString","coordinates":[[80.302348,13.180226],[80.30088999999998,13.183319999999998]]}},{"type":"Feature","properties":{"facility_layer":"healthcare","facility_name":"healthcare 84","walk_network_m":334.4,"walk_min_to_pt":4.18,"walk_band":"within_5min"},"geometry":{"type":"LineString","coordinates":[[80.243622,13.134929],[80.24276999999998,13.13255]]}},{"type":"Feature","properties":{"facility_layer":"healthcare","facility_name":"healthcare 85","walk_network_m":105.6,"walk_min_to_pt":1.32,"walk_band":"within_5min"},"geometry":{"type":"LineString","coordinates":[[80.258365,13.130689],[80.25842,13.13138]]}},{"type":"Feature","properties":{"facility_layer":"healthcare","facility_name":"healthcare 86","walk_network_m":559.2,"walk_min_to_pt":6.99,"walk_band":"band_5_10min"},"geometry":{"type":"LineString","coordinates":[[80.25959,13.110744],[80.25969,13.110459999999998]]}},{"type":"Feature","properties":{"facility_layer":"healthcare","facility_name":"healthcare 87","walk_network_m":220.7,"walk_min_to_pt":2.76,"walk_band":"within_5min"},"geometry":{"type":"LineString","coordinates":[[80.287048,13.119515],[80.28581,13.119760000000001]]}},{"type":"Feature","properties":{"facility_layer":"healthcare","facility_name":"healthcare 88","walk_network_m":144.7,"walk_min_to_pt":1.81,"walk_band":"within_5min"},"geometry":{"type":"LineString","coordinates":[[80.275076,13.096197],[80.27515999999999,13.097520000000001]]}},{"type":"Feature","properties":{"facility_layer":"healthcare","facility_name":"healthcare 89","walk_network_m":323.3,"walk_min_to_pt":4.04,"walk_band":"within_5min"},"geometry":{"type":"LineString","coordinates":[[80.267924,13.07125],[80.26894,13.071320000000002]]}},{"type":"Feature","properties":{"facility_layer":"healthcare","facility_name":"healthcare 90","walk_network_m":0.0,"walk_min_to_pt":0.0,"walk_band":"within_5min"},"geometry":{"type":"LineString","coordinates":[[80.206471,13.11908],[80.20653999999999,13.118779999999996]]}},{"type":"Feature","properties":{"facility_layer":"healthcare","facility_name":"healthcare 91","walk_network_m":178.8,"walk_min_to_pt":2.23,"walk_band":"within_5min"},"geometry":{"type":"LineString","coordinates":[[80.265763,13.091055],[80.26532999999999,13.090250000000001]]}},{"type":"Feature","properties":{"facility_layer":"healthcare","facility_name":"healthcare 92","walk_network_m":245.7,"walk_min_to_pt":3.07,"walk_band":"within_5min"},"geometry":{"type":"LineString","coordinates":[[80.1535,13.112624],[80.15276100040799,13.114304000146598]]}},{"type":"Feature","properties":{"facility_layer":"healthcare","facility_name":"healthcare 93","walk_network_m":288.5,"walk_min_to_pt":3.61,"walk_band":"within_5min"},"geometry":{"type":"LineString","coordinates":[[80.159243,13.091369],[80.15946000000001,13.093460000000002]]}},{"type":"Feature","properties":{"facility_layer":"healthcare","facility_name":"healthcare 94","walk_network_m":45.6,"walk_min_to_pt":0.57,"walk_band":"within_5min"},"geometry":{"type":"LineString","coordinates":[[80.186072,13.082449],[80.18694999999998,13.082760000000002]]}},{"type":"Feature","properties":{"facility_layer":"healthcare","facility_name":"healthcare 95","walk_network_m":258.8,"walk_min_to_pt":3.24,"walk_band":"within_5min"},"geometry":{"type":"LineString","coordinates":[[80.205321,13.113404],[80.20678,13.11248]]}},{"type":"Feature","properties":{"facility_layer":"healthcare","facility_name":"healthcare 96","walk_network_m":142.1,"walk_min_to_pt":1.78,"walk_band":"within_5min"},"geometry":{"type":"LineString","coordinates":[[80.230491,13.098274],[80.2302,13.09896]]}},{"type":"Feature","properties":{"facility_layer":"healthcare","facility_name":"healthcare 97","walk_network_m":373.1,"walk_min_to_pt":4.66,"walk_band":"within_5min"},"geometry":{"type":"LineString","coordinates":[[80.252406,13.087774],[80.25068,13.087359999999997]]}},{"type":"Feature","properties":{"facility_layer":"healthcare","facility_name":"healthcare 98","walk_network_m":569.8,"walk_min_to_pt":7.12,"walk_band":"band_5_10min"},"geometry":{"type":"LineString","coordinates":[[80.229,13.063667],[80.23017999999999,13.066709999999999]]}},{"type":"Feature","properties":{"facility_layer":"healthcare","facility_name":"healthcare 99","walk_network_m":201.1,"walk_min_to_pt":2.51,"walk_band":"within_5min"},"geometry":{"type":"LineString","coordinates":[[80.2762,13.063605],[80.27820999999999,13.064000000000002]]}},{"type":"Feature","properties":{"facility_layer":"healthcare","facility_name":"healthcare 100","walk_network_m":147.4,"walk_min_to_pt":1.84,"walk_band":"within_5min"},"geometry":{"type":"LineString","coordinates":[[80.260261,13.05507],[80.26108,13.054069999999998]]}},{"type":"Feature","properties":{"facility_layer":"healthcare","facility_name":"healthcare 101","walk_network_m":72.7,"walk_min_to_pt":0.91,"walk_band":"within_5min"},"geometry":{"type":"LineString","coordinates":[[80.262252,13.051291],[80.26249,13.05087]]}},{"type":"Feature","properties":{"facility_layer":"healthcare","facility_name":"healthcare 102","walk_network_m":73.2,"walk_min_to_pt":0.91,"walk_band":"within_5min"},"geometry":{"type":"LineString","coordinates":[[80.276183,13.029423],[80.27662999999998,13.029689999999999]]}},{"type":"Feature","properties":{"facility_layer":"healthcare","facility_name":"healthcare 103","walk_network_m":379.6,"walk_min_to_pt":4.75,"walk_band":"within_5min"},"geometry":{"type":"LineString","coordinates":[[80.235775,13.039316],[80.23453999999998,13.041230000000002]]}},{"type":"Feature","properties":{"facility_layer":"healthcare","facility_name":"healthcare 104","walk_network_m":369.7,"walk_min_to_pt":4.62,"walk_band":"within_5min"},"geometry":{"type":"LineString","coordinates":[[80.215894,13.027736],[80.21684999999998,13.03047]]}},{"type":"Feature","properties":{"facility_layer":"healthcare","facility_name":"healthcare 105","walk_network_m":163.6,"walk_min_to_pt":2.05,"walk_band":"within_5min"},"geometry":{"type":"LineString","coordinates":[[80.184072,13.055512],[80.18485,13.055079999999998]]}},{"type":"Feature","properties":{"facility_layer":"healthcare","facility_name":"healthcare 106","walk_network_m":161.1,"walk_min_to_pt":2.01,"walk_band":"within_5min"},"geometry":{"type":"LineString","coordinates":[[80.164171,13.030794],[80.16484,13.031439999999996]]}},{"type":"Feature","properties":{"facility_layer":"healthcare","facility_name":"healthcare 107","walk_network_m":211.0,"walk_min_to_pt":2.64,"walk_band":"within_5min"},"geometry":{"type":"LineString","coordinates":[[80.173908,13.035022],[80.17505,13.03611]]}},{"type":"Feature","properties":{"facility_layer":"healthcare","facility_name":"healthcare 108","walk_network_m":260.1,"walk_min_to_pt":3.25,"walk_band":"within_5min"},"geometry":{"type":"LineString","coordinates":[[80.18953,12.987892],[80.18848,12.98605]]}},{"type":"Feature","properties":{"facility_layer":"healthcare","facility_name":"healthcare 109","walk_network_m":360.0,"walk_min_to_pt":4.5,"walk_band":"within_5min"},"geometry":{"type":"LineString","coordinates":[[80.181604,12.974467],[80.18318,12.976059999999999]]}},{"type":"Feature","properties":{"facility_layer":"healthcare","facility_name":"healthcare 110","walk_network_m":81.6,"walk_min_to_pt":1.02,"walk_band":"within_5min"},"geometry":{"type":"LineString","coordinates":[[80.20578,13.017859],[80.20545,13.017309999999998]]}},{"type":"Feature","properties":{"facility_layer":"healthcare","facility_name":"healthcare 111","walk_network_m":634.0,"walk_min_to_pt":7.93,"walk_band":"band_5_10min"},"geometry":{"type":"LineString","coordinates":[[80.26359,13.001099],[80.26606999999998,13.000329999999998]]}},{"type":"Feature","properties":{"facility_layer":"healthcare","facility_name":"healthcare 112","walk_network_m":39.6,"walk_min_to_pt":0.5,"walk_band":"within_5min"},"geometry":{"type":"LineString","coordinates":[[80.198423,12.963201],[80.19830999999999,12.962870000000002]]}},{"type":"Feature","properties":{"facility_layer":"healthcare","facility_name":"healthcare 113","walk_network_m":150.5,"walk_min_to_pt":1.88,"walk_band":"within_5min"},"geometry":{"type":"LineString","coordinates":[[80.204132,12.933155],[80.204,12.933999999999997]]}},{"type":"Feature","properties":{"facility_layer":"healthcare","facility_name":"healthcare 114","walk_network_m":147.2,"walk_min_to_pt":1.84,"walk_band":"within_5min"},"geometry":{"type":"LineString","coordinates":[[80.196558,12.912397],[80.19642,12.91091]]}},{"type":"Feature","properties":{"facility_layer":"healthcare","facility_name":"healthcare 115","walk_network_m":262.5,"walk_min_to_pt":3.28,"walk_band":"within_5min"},"geometry":{"type":"LineString","coordinates":[[80.240929,12.948711],[80.23984,12.949069999999999]]}},{"type":"Feature","properties":{"facility_layer":"healthcare","facility_name":"healthcare 116","walk_network_m":57.3,"walk_min_to_pt":0.72,"walk_band":"within_5min"},"geometry":{"type":"LineString","coordinates":[[80.2871664,13.1227846],[80.28688,13.122339999999998]]}},{"type":"Feature","properties":{"facility_layer":"healthcare","facility_name":"healthcare 117","walk_network_m":30.9,"walk_min_to_pt":0.39,"walk_band":"within_5min"},"geometry":{"type":"LineString","coordinates":[[80.2818596,13.112995],[80.28175999999999,13.11265]]}},{"type":"Feature","properties":{"facility_layer":"healthcare","facility_name":"healthcare 118","walk_network_m":327.3,"walk_min_to_pt":4.09,"walk_band":"within_5min"},"geometry":{"type":"LineString","coordinates":[[80.2507737,13.1163161],[80.25231,13.11465]]}},{"type":"Feature","properties":{"facility_layer":"healthcare","facility_name":"healthcare 119","walk_network_m":43.1,"walk_min_to_pt":0.54,"walk_band":"within_5min"},"geometry":{"type":"LineString","coordinates":[[80.2660772,13.1189283],[80.26583,13.119570000000001]]}},{"type":"Feature","properties":{"facility_layer":"healthcare","facility_name":"healthcare 120","walk_network_m":101.2,"walk_min_to_pt":1.26,"walk_band":"within_5min"},"geometry":{"type":"LineString","coordinates":[[80.2728488,13.1111699],[80.27396999999999,13.11106]]}},{"type":"Feature","properties":{"facility_layer":"healthcare","facility_name":"healthcare 121","walk_network_m":278.5,"walk_min_to_pt":3.48,"walk_band":"within_5min"},"geometry":{"type":"LineString","coordinates":[[80.2931207,13.1289166],[80.29082000000001,13.128719999999998]]}},{"type":"Feature","properties":{"facility_layer":"healthcare","facility_name":"healthcare 122","walk_network_m":208.2,"walk_min_to_pt":2.6,"walk_band":"within_5min"},"geometry":{"type":"LineString","coordinates":[[80.2799508,13.1277307],[80.27902,13.12854]]}},{"type":"Feature","properties":{"facility_layer":"healthcare","facility_name":"healthcare 123","walk_network_m":112.5,"walk_min_to_pt":1.41,"walk_band":"within_5min"},"geometry":{"type":"LineString","coordinates":[[80.2862728,13.1326238],[80.28555,13.131729999999996]]}},{"type":"Feature","properties":{"facility_layer":"healthcare","facility_name":"healthcare 124","walk_network_m":320.0,"walk_min_to_pt":4.0,"walk_band":"within_5min"},"geometry":{"type":"LineString","coordinates":[[80.2970873,13.138354],[80.29860999999998,13.139819999999999]]}},{"type":"Feature","properties":{"facility_layer":"healthcare","facility_name":"healthcare 125","walk_network_m":350.0,"walk_min_to_pt":4.37,"walk_band":"within_5min"},"geometry":{"type":"LineString","coordinates":[[80.2622168,13.1247298],[80.26062999999999,13.123020000000002]]}},{"type":"Feature","properties":{"facility_layer":"healthcare","facility_name":"healthcare 126","walk_network_m":47.2,"walk_min_to_pt":0.59,"walk_band":"within_5min"},"geometry":{"type":"LineString","coordinates":[[80.2516612,13.1229447],[80.25109,13.122289999999994]]}},{"type":"Feature","properties":{"facility_layer":"healthcare","facility_name":"healthcare 127","walk_network_m":359.1,"walk_min_to_pt":4.49,"walk_band":"within_5min"},"geometry":{"type":"LineString","coordinates":[[80.2781303,13.137974],[80.28125999999999,13.136929999999998]]}},{"type":"Feature","properties":{"facility_layer":"healthcare","facility_name":"healthcare 128","walk_network_m":169.8,"walk_min_to_pt":2.12,"walk_band":"within_5min"},"geometry":{"type":"LineString","coordinates":[[80.2710003,13.0364315],[80.27087999999999,13.035039999999999]]}},{"type":"Feature","properties":{"facility_layer":"healthcare","facility_name":"healthcare 129","walk_network_m":529.9,"walk_min_to_pt":6.62,"walk_band":"band_5_10min"},"geometry":{"type":"LineString","coordinates":[[80.2235198,13.0580068],[80.22417,13.05342]]}},{"type":"Feature","properties":{"facility_layer":"healthcare","facility_name":"healthcare 130","walk_network_m":270.1,"walk_min_to_pt":3.38,"walk_band":"within_5min"},"geometry":{"type":"LineString","coordinates":[[80.2524189,13.0554818],[80.25382,13.054329999999998]]}},{"type":"Feature","properties":{"facility_layer":"healthcare","facility_name":"healthcare 131","walk_network_m":234.8,"walk_min_to_pt":2.94,"walk_band":"within_5min"},"geometry":{"type":"LineString","coordinates":[[80.2611888,13.0257856],[80.26056,13.026949999999998]]}},{"type":"Feature","properties":{"facility_layer":"healthcare","facility_name":"healthcare 132","walk_network_m":0.0,"walk_min_to_pt":0.0,"walk_band":"within_5min"},"geometry":{"type":"LineString","coordinates":[[80.2570742,13.0345762],[80.25711,13.03503]]}},{"type":"Feature","properties":{"facility_layer":"healthcare","facility_name":"healthcare 133","walk_network_m":0.0,"walk_min_to_pt":0.0,"walk_band":"within_5min"},"geometry":{"type":"LineString","coordinates":[[80.2503392,13.0355026],[80.25054999999999,13.035349999999998]]}},{"type":"Feature","properties":{"facility_layer":"healthcare","facility_name":"healthcare 134","walk_network_m":199.5,"walk_min_to_pt":2.49,"walk_band":"within_5min"},"geometry":{"type":"LineString","coordinates":[[80.2679696,13.0749732],[80.26888999999998,13.075539999999997]]}},{"type":"Feature","properties":{"facility_layer":"healthcare","facility_name":"healthcare 135","walk_network_m":438.0,"walk_min_to_pt":5.48,"walk_band":"band_5_10min"},"geometry":{"type":"LineString","coordinates":[[80.2452672,13.0730864],[80.24213299996269,13.0740740004334]]}},{"type":"Feature","properties":{"facility_layer":"healthcare","facility_name":"healthcare 136","walk_network_m":0.0,"walk_min_to_pt":0.0,"walk_band":"within_5min"},"geometry":{"type":"LineString","coordinates":[[80.2143719,12.9994108],[80.21441999999999,12.999569999999999]]}},{"type":"Feature","properties":{"facility_layer":"healthcare","facility_name":"healthcare 137","walk_network_m":178.1,"walk_min_to_pt":2.23,"walk_band":"within_5min"},"geometry":{"type":"LineString","coordinates":[[80.203854,13.1651165],[80.20266999999998,13.163859999999998]]}},{"type":"Feature","properties":{"facility_layer":"healthcare","facility_name":"healthcare 138","walk_network_m":174.6,"walk_min_to_pt":2.18,"walk_band":"within_5min"},"geometry":{"type":"LineString","coordinates":[[80.2760271,13.2062051],[80.27648,13.20473]]}},{"type":"Feature","properties":{"facility_layer":"healthcare","facility_name":"healthcare 139","walk_network_m":0.0,"walk_min_to_pt":0.0,"walk_band":"within_5min"},"geometry":{"type":"LineString","coordinates":[[80.2284391,12.8921433],[80.22768999999998,12.89349]]}},{"type":"Feature","properties":{"facility_layer":"healthcare","facility_name":"healthcare 140","walk_network_m":235.5,"walk_min_to_pt":2.94,"walk_band":"within_5min"},"geometry":{"type":"LineString","coordinates":[[80.2323171,13.1424764],[80.23386,13.14362]]}}]}