{"type": "FeatureCollection", "features": [{"type": "Feature", "properties": {"osm_id": 22964929, "highway": "footway", "name": null, "source": "osm_overpass"}, "geometry": {"type": "LineString", "coordinates": [[79.9722488, 12.9881845], [79.9722348, 12.9880274], [79.9724658, 12.9877369], [79.9727172, 12.9874469], [79.9729293, 12.9872046], [79.972958, 12.9872326], [79.9730036, 12.9872246], [79.9730936, 12.9872298], [79.9732341, 12.9873228]]}}, {"type": "Feature", "properties": {"osm_id": 22964934, "highway": "footway", "name": null, "source": "osm_overpass"}, "geometry": {"type": "LineString", "coordinates": [[79.9720086, 12.9875172], [79.9720361, 12.9874849], [79.9721232, 12.9873583], [79.9721284, 12.9872068]]}}, {"type": "Feature", "properties": {"osm_id": 22964956, "highway": "footway", "name": null, "source": "osm_overpass"}, "geometry": {"type": "LineString", "coordinates": [[79.9722155, 12.9865374], [79.9721789, 12.9865784], [79.9720288, 12.9867311], [79.9720031, 12.9867645], [79.9719442, 12.9867637], [79.9719443, 12.986964], [79.9719469, 12.987112], [79.9719472, 12.9871493], [79.972122, 12.987144], [79.9721284, 12.9872068]]}}, {"type": "Feature", "properties": {"osm_id": 22964968, "highway": "footway", "name": null, "source": "osm_overpass"}, "geometry": {"type": "LineString", "coordinates": [[79.9720288, 12.9867311], [79.9721187, 12.9868099], [79.9721973, 12.9868788], [79.9722579, 12.9869329], [79.9724192, 12.9869391], [79.9726058, 12.9869479], [79.9726757, 12.9869481]]}}, {"type": "Feature", "properties": {"osm_id": 22964969, "highway": "footway", "name": null, "source": "osm_overpass"}, "geometry": {"type": "LineString", "coordinates": [[79.9724322, 12.9871992], [79.9724192, 12.9869391], [79.9724182, 12.9868011], [79.9724175, 12.9867452], [79.9724168, 12.9866199], [79.9722575, 12.9866219], [79.9722353, 12.9866238], [79.9721789, 12.9865784]]}}, {"type": "Feature", "properties": {"osm_id": 22967063, "highway": "pedestrian", "name": "Mariappan Street", "source": "osm_overpass"}, "geometry": {"type": "LineString", "coordinates": [[80.250407, 13.0397507], [80.2500214, 13.0397456], [80.2500073, 13.039736], [80.2500006, 13.0397227], [80.249996, 13.0396842], [80.2499309, 13.0390153]]}}, {"type": "Feature", "properties": {"osm_id": 22967196, "highway": "pedestrian", "name": "Piliyar Koil Lane", "source": "osm_overpass"}, "geometry": {"type": "LineString", "coordinates": [[80.2494689, 13.0397212], [80.249996, 13.0396842]]}}, {"type": "Feature", "properties": {"osm_id": 23046732, "highway": "footway", "name": null, "source": "osm_overpass"}, "geometry": {"type": "LineString", "coordinates": [[80.2330605, 13.0657674], [80.2328019, 13.0657989], [80.2326401, 13.0658187], [80.2326577, 13.0658807]]}}, {"type": "Feature", "properties": {"osm_id": 23046733, "highway": "footway", "name": null, "source": "osm_overpass"}, "geometry": {"type": "LineString", "coordinates": [[80.2417253, 13.0736504], [80.2416022, 13.0740564]]}}, {"type": "Feature", "properties": {"osm_id": 23163921, "highway": "footway", "name": null, "source": "osm_overpass"}, "geometry": {"type": "LineString", "coordinates": [[80.227799, 13.037351], [80.2277388, 13.0373701], [80.2275858, 13.0374098], [80.2274165, 13.0374594]]}}, {"type": "Feature", "properties": {"osm_id": 23649277, "highway": "footway", "name": null, "source": "osm_overpass"}, "geometry": {"type": "LineString", "coordinates": [[79.9699281, 12.9889722], [79.9699255, 12.9889515], [79.9699201, 12.9887117], [79.969918, 12.9886638], [79.9699903, 12.9885876], [79.970016, 12.9885611], [79.9701095, 12.9885604], [79.9703494, 12.9885592], [79.9704089, 12.9885591], [79.9704627, 12.9886142], [79.9705118, 12.9886645], [79.9705129, 12.988699], [79.9705181, 12.9889388], [79.9705227, 12.9891118], [79.9705263, 12.9892613], [79.970533, 12.9895039], [79.9705316, 12.9895585]]}}, {"type": "Feature", "properties": {"osm_id": 23649610, "highway": "footway", "name": null, "source": "osm_overpass"}, "geometry": {"type": "LineString", "coordinates": [[79.9724182, 12.9868011], [79.9724841, 12.9867978], [79.9726015, 12.986798], [79.9726043, 12.9868266], [79.9726058, 12.9869479]]}}, {"type": "Feature", "properties": {"osm_id": 23649611, "highway": "footway", "name": null, "source": "osm_overpass"}, "geometry": {"type": "LineString", "coordinates": [[79.9726757, 12.9869481], [79.9726794, 12.9869957], [79.9726826, 12.9872095], [79.9726868, 12.9873668], [79.9726567, 12.9873944], [79.9725752, 12.9874691], [79.9724795, 12.9874719], [79.9722168, 12.9874789], [79.9720361, 12.9874849]]}}, {"type": "Feature", "properties": {"osm_id": 23649612, "highway": "footway", "name": null, "source": "osm_overpass"}, "geometry": {"type": "LineString", "coordinates": [[79.9724846, 12.9875745], [79.9724795, 12.9874719], [79.9724716, 12.9873123], [79.972512, 12.9872686], [79.9725646, 12.9872118], [79.9726826, 12.9872095], [79.9728164, 12.9872071], [79.9729293, 12.9872046]]}}, {"type": "Feature", "properties": {"osm_id": 23649613, "highway": "footway", "name": null, "source": "osm_overpass"}, "geometry": {"type": "LineString", "coordinates": [[79.9722579, 12.9869329], [79.972122, 12.987144]]}}, {"type": "Feature", "properties": {"osm_id": 23649726, "highway": "footway", "name": null, "source": "osm_overpass"}, "geometry": {"type": "LineString", "coordinates": [[79.9714597, 12.9882316], [79.971447, 12.9880691], [79.9714383, 12.9879371]]}}, {"type": "Feature", "properties": {"osm_id": 23649727, "highway": "footway", "name": null, "source": "osm_overpass"}, "geometry": {"type": "LineString", "coordinates": [[79.971447, 12.9880691], [79.9716527, 12.9880561], [79.9716159, 12.9875431]]}}, {"type": "Feature", "properties": {"osm_id": 23761600, "highway": "footway", "name": null, "source": "osm_overpass"}, "geometry": {"type": "LineString", "coordinates": [[80.2513754, 12.9888488], [80.2509746, 12.9887412]]}}, {"type": "Feature", "properties": {"osm_id": 23813357, "highway": "footway", "name": null, "source": "osm_overpass"}, "geometry": {"type": "LineString", "coordinates": [[80.2522114, 13.0418795], [80.2522188, 13.0421137]]}}, {"type": "Feature", "properties": {"osm_id": 23813360, "highway": "footway", "name": null, "source": "osm_overpass"}, "geometry": {"type": "LineString", "coordinates": [[80.2509121, 13.04191], [80.2506436, 13.0418811], [80.2506275, 13.041885], [80.2506161, 13.0418909], [80.2506083, 13.0419045], [80.2506088, 13.0419216], [80.2506249, 13.0421763], [80.2506212, 13.0424389]]}}, {"type": "Feature", "properties": {"osm_id": 23876488, "highway": "footway", "name": null, "source": "osm_overpass"}, "geometry": {"type": "LineString", "coordinates": [[79.9705227, 12.9891118], [79.9703699, 12.9891146], [79.97013, 12.9891172], [79.9701034, 12.9891184]]}}, {"type": "Feature", "properties": {"osm_id": 23876492, "highway": "footway", "name": null, "source": "osm_overpass"}, "geometry": {"type": "LineString", "coordinates": [[79.9699903, 12.9885876], [79.96991, 12.9885121]]}}, {"type": "Feature", "properties": {"osm_id": 23876494, "highway": "footway", "name": null, "source": "osm_overpass"}, "geometry": {"type": "LineString", "coordinates": [[79.9730036, 12.9872246], [79.9730112, 12.9872945], [79.9730202, 12.9874236], [79.9730225, 12.9875285], [79.9729025, 12.9876621], [79.9728571, 12.9877126], [79.9727461, 12.9877161], [79.9726333, 12.9877196]]}}, {"type": "Feature", "properties": {"osm_id": 23876495, "highway": "footway", "name": null, "source": "osm_overpass"}, "geometry": {"type": "LineString", "coordinates": [[79.9730202, 12.9874236], [79.9728617, 12.9874306], [79.9727814, 12.9875215], [79.9727382, 12.9875705], [79.9727461, 12.9877161], [79.9727574, 12.9879093], [79.9727607, 12.9879446]]}}, {"type": "Feature", "properties": {"osm_id": 23876496, "highway": "footway", "name": null, "source": "osm_overpass"}, "geometry": {"type": "LineString", "coordinates": [[79.9724658, 12.9877369], [79.9724958, 12.9881671]]}}, {"type": "Feature", "properties": {"osm_id": 23885069, "highway": "footway", "name": null, "source": "osm_overpass"}, "geometry": {"type": "LineString", "coordinates": [[80.2768108, 13.0844876], [80.2770569, 13.0844609]]}}, {"type": "Feature", "properties": {"osm_id": 23893948, "highway": "footway", "name": null, "source": "osm_overpass"}, "geometry": {"type": "LineString", "coordinates": [[80.2817372, 13.0826069], [80.2824206, 13.0821897]]}}, {"type": "Feature", "properties": {"osm_id": 23912131, "highway": "footway", "name": null, "source": "osm_overpass"}, "geometry": {"type": "LineString", "coordinates": [[80.275848, 13.0794473], [80.2758571, 13.0796484], [80.2759013, 13.0798827]]}}, {"type": "Feature", "properties": {"osm_id": 23912132, "highway": "footway", "name": null, "source": "osm_overpass"}, "geometry": {"type": "LineString", "coordinates": [[80.2728564, 13.0805671], [80.2729062, 13.0807207], [80.272968, 13.0808946]]}}, {"type": "Feature", "properties": {"osm_id": 23912134, "highway": "footway", "name": null, "source": "osm_overpass"}, "geometry": {"type": "LineString", "coordinates": [[80.2749819, 13.0801024], [80.2748918, 13.080127], [80.2746737, 13.0801986], [80.2743587, 13.0803335], [80.2743253, 13.0803468], [80.274288, 13.0803617], [80.2740309, 13.0804641]]}}, {"type": "Feature", "properties": {"osm_id": 23912135, "highway": "footway", "name": null, "source": "osm_overpass"}, "geometry": {"type": "LineString", "coordinates": [[80.27347, 13.0807462], [80.2734734, 13.0807886], [80.2734535, 13.0809026], [80.2734504, 13.0809621], [80.2734259, 13.0811367], [80.2733909, 13.0814038]]}}, {"type": "Feature", "properties": {"osm_id": 23912136, "highway": "footway", "name": null, "source": "osm_overpass"}, "geometry": {"type": "LineString", "coordinates": [[80.2731874, 13.0808323], [80.27347, 13.0807462]]}}, {"type": "Feature", "properties": {"osm_id": 23912137, "highway": "footway", "name": null, "source": "osm_overpass"}, "geometry": {"type": "LineString", "coordinates": [[80.2754695, 13.07961], [80.2755161, 13.0796054], [80.2755301, 13.0796892], [80.2755902, 13.0796803]]}}, {"type": "Feature", "properties": {"osm_id": 23912138, "highway": "footway", "name": null, "source": "osm_overpass"}, "geometry": {"type": "LineString", "coordinates": [[80.2730948, 13.0815486], [80.2732462, 13.0815755], [80.2733281, 13.0815883], [80.2734296, 13.0816042]]}}, {"type": "Feature", "properties": {"osm_id": 23912139, "highway": "footway", "name": null, "source": "osm_overpass"}, "geometry": {"type": "LineString", "coordinates": [[80.2732462, 13.0815755], [80.2732853, 13.081291], [80.2732938, 13.0812294]]}}, {"type": "Feature", "properties": {"osm_id": 23912141, "highway": "footway", "name": "Chennai Central Square Subway", "source": "osm_overpass"}, "geometry": {"type": "LineString", "coordinates": [[80.2755942, 13.0818119], [80.2756625, 13.0814733], [80.2754948, 13.0814412], [80.2754587, 13.0814346], [80.2751045, 13.081387], [80.2750893, 13.0815109]]}}, {"type": "Feature", "properties": {"osm_id": 24256740, "highway": "footway", "name": null, "source": "osm_overpass"}, "geometry": {"type": "LineString", "coordinates": [[80.2914412, 13.0910753], [80.2915433, 13.0910463], [80.2917336, 13.0909924], [80.2919555, 13.0909296], [80.2920589, 13.0909003], [80.2921907, 13.090863], [80.2925373, 13.0907648]]}}, {"type": "Feature", "properties": {"osm_id": 24256806, "highway": "footway", "name": null, "source": "osm_overpass"}, "geometry": {"type": "LineString", "coordinates": [[80.2928035, 13.0932554], [80.292411, 13.0933633]]}}, {"type": "Feature", "properties": {"osm_id": 24339597, "highway": "path", "name": "Karpagam Avenue Main Road", "source": "osm_overpass"}, "geometry": {"type": "LineString", "coordinates": [[80.2666727, 13.0239128], [80.2666925, 13.023885], [80.266797, 13.023759], [80.2673562, 13.0231445]]}}, {"type": "Feature", "properties": {"osm_id": 24483894, "highway": "footway", "name": null, "source": "osm_overpass"}, "geometry": {"type": "LineString", "coordinates": [[80.2625144, 13.0780471], [80.2625104, 13.0780723], [80.2624737, 13.0783063], [80.2624557, 13.0784206], [80.2624265, 13.0786063], [80.2624022, 13.0787611], [80.262374, 13.0789399]]}}, {"type": "Feature", "properties": {"osm_id": 24888614, "highway": "pedestrian", "name": null, "source": "osm_overpass"}, "geometry": {"type": "LineString", "coordinates": [[80.2833893, 13.0735935], [80.2835776, 13.0736151]]}}, {"type": "Feature", "properties": {"osm_id": 24888615, "highway": "pedestrian", "name": null, "source": "osm_overpass"}, "geometry": {"type": "LineString", "coordinates": [[80.2842388, 13.0720121], [80.2841472, 13.0720036]]}}, {"type": "Feature", "properties": {"osm_id": 24889275, "highway": "pedestrian", "name": "Parade Ground", "source": "osm_overpass"}, "geometry": {"type": "LineString", "coordinates": [[80.2856869, 13.0801179], [80.2856371, 13.0797385], [80.2862665, 13.0796601], [80.2863163, 13.0800393], [80.2856869, 13.0801179]]}}, {"type": "Feature", "properties": {"osm_id": 25016892, "highway": "footway", "name": null, "source": "osm_overpass"}, "geometry": {"type": "LineString", "coordinates": [[80.0778091, 12.9356429], [80.0779888, 12.9357176], [80.0781533, 12.9355395], [80.0780516, 12.9354725], [80.0778752, 12.9354572], [80.0778091, 12.9356429]]}}, {"type": "Feature", "properties": {"osm_id": 25016893, "highway": "footway", "name": null, "source": "osm_overpass"}, "geometry": {"type": "LineString", "coordinates": [[80.0778752, 12.9354572], [80.0778633, 12.9353224], [80.077982, 12.9352393], [80.0780753, 12.9352478], [80.0780838, 12.9354428], [80.0780516, 12.9354725]]}}, {"type": "Feature", "properties": {"osm_id": 25016894, "highway": "footway", "name": null, "source": "osm_overpass"}, "geometry": {"type": "LineString", "coordinates": [[80.0781533, 12.9355395], [80.0783181, 12.9355483], [80.0783792, 12.9354791], [80.0785298, 12.9354771], [80.0786173, 12.9353692]]}}, {"type": "Feature", "properties": {"osm_id": 25016895, "highway": "footway", "name": null, "source": "osm_overpass"}, "geometry": {"type": "LineString", "coordinates": [[80.0777141, 12.9362009], [80.0775591, 12.9364172]]}}, {"type": "Feature", "properties": {"osm_id": 25449842, "highway": "pedestrian", "name": null, "source": "osm_overpass"}, "geometry": {"type": "LineString", "coordinates": [[80.2837562, 13.0751186], [80.2836802, 13.0750953]]}}, {"type": "Feature", "properties": {"osm_id": 25449846, "highway": "pedestrian", "name": null, "source": "osm_overpass"}, "geometry": {"type": "LineString", "coordinates": [[80.2814798, 13.0783404], [80.2816954, 13.0780808], [80.2825117, 13.0762014], [80.2830658, 13.0749178], [80.2833893, 13.0735935], [80.283473, 13.0726147]]}}, {"type": "Feature", "properties": {"osm_id": 27618350, "highway": "footway", "name": null, "source": "osm_overpass"}, "geometry": {"type": "LineString", "coordinates": [[80.2830682, 13.0846571], [80.2837009, 13.0841837]]}}, {"type": "Feature", "properties": {"osm_id": 27768971, "highway": "footway", "name": null, "source": "osm_overpass"}, "geometry": {"type": "LineString", "coordinates": [[80.2711337, 13.0808237], [80.2711742, 13.0806062]]}}, {"type": "Feature", "properties": {"osm_id": 27771522, "highway": "pedestrian", "name": null, "source": "osm_overpass"}, "geometry": {"type": "LineString", "coordinates": [[80.2142079, 13.0525949], [80.2142077, 13.0524463], [80.2141934, 13.0520013]]}}, {"type": "Feature", "properties": {"osm_id": 27916911, "highway": "footway", "name": null, "source": "osm_overpass"}, "geometry": {"type": "LineString", "coordinates": [[80.165885, 12.9801631], [80.1658035, 12.9803157]]}}, {"type": "Feature", "properties": {"osm_id": 27916968, "highway": "footway", "name": null, "source": "osm_overpass"}, "geometry": {"type": "LineString", "coordinates": [[80.1760061, 12.984866], [80.175874, 12.9851588]]}}, {"type": "Feature", "properties": {"osm_id": 28066853, "highway": "footway", "name": null, "source": "osm_overpass"}, "geometry": {"type": "LineString", "coordinates": [[80.2123461, 13.0085369], [80.2125153, 13.0083325], [80.2126352, 13.0081876], [80.2127078, 13.0080998], [80.2127661, 13.0080294]]}}, {"type": "Feature", "properties": {"osm_id": 28105960, "highway": "pedestrian", "name": "Sannati Street", "source": "osm_overpass"}, "geometry": {"type": "LineString", "coordinates": [[80.2080265, 13.1067474], [80.2085674, 13.1067127]]}}, {"type": "Feature", "properties": {"osm_id": 28138975, "highway": "footway", "name": null, "source": "osm_overpass"}, "geometry": {"type": "LineString", "coordinates": [[80.2737783, 13.0707307], [80.2740343, 13.0704652]]}}, {"type": "Feature", "properties": {"osm_id": 28230860, "highway": "footway", "name": null, "source": "osm_overpass"}, "geometry": {"type": "LineString", "coordinates": [[80.2494793, 13.0406232], [80.2490818, 13.0406388]]}}, {"type": "Feature", "properties": {"osm_id": 28404777, "highway": "footway", "name": null, "source": "osm_overpass"}, "geometry": {"type": "LineString", "coordinates": [[80.2357549, 13.0070546], [80.2357071, 13.0067719], [80.2354909, 13.0068102], [80.2353945, 13.0068273], [80.2354447, 13.007112], [80.2356084, 13.0070815], [80.2357549, 13.0070546], [80.2358148, 13.0070456], [80.2362308, 13.0068799], [80.236693, 13.0067089], [80.2370595, 13.0066297]]}}, {"type": "Feature", "properties": {"osm_id": 28404778, "highway": "footway", "name": null, "source": "osm_overpass"}, "geometry": {"type": "LineString", "coordinates": [[80.2375618, 13.0071587], [80.2374537, 13.0071229], [80.2374114, 13.0070758], [80.2373815, 13.0070126], [80.2373689, 13.0069103], [80.2373863, 13.0068311], [80.2374028, 13.0067881]]}}, {"type": "Feature", "properties": {"osm_id": 28404779, "highway": "footway", "name": null, "source": "osm_overpass"}, "geometry": {"type": "LineString", "coordinates": [[80.2375415, 13.0067584], [80.2376108, 13.006798], [80.2376537, 13.0068707], [80.2376769, 13.0069598], [80.237677, 13.0070258], [80.2376465, 13.0070857], [80.2375618, 13.0071587], [80.2375687, 13.0071985], [80.2376039, 13.0073184]]}}, {"type": "Feature", "properties": {"osm_id": 28404780, "highway": "footway", "name": null, "source": "osm_overpass"}, "geometry": {"type": "LineString", "coordinates": [[80.237142, 13.0068476], [80.2374028, 13.0067881], [80.2375415, 13.0067584], [80.237832, 13.0066957]]}}, {"type": "Feature", "properties": {"osm_id": 28404782, "highway": "footway", "name": null, "source": "osm_overpass"}, "geometry": {"type": "LineString", "coordinates": [[80.237908, 13.0070853], [80.2375618, 13.0071587], [80.237218, 13.0072305], [80.2363499, 13.0074026], [80.2356834, 13.0075307]]}}, {"type": "Feature", "properties": {"osm_id": 28404783, "highway": "footway", "name": null, "source": "osm_overpass"}, "geometry": {"type": "LineString", "coordinates": [[80.2356084, 13.0070815], [80.2356834, 13.0075307], [80.2356993, 13.007579], [80.2357205, 13.0076804]]}}, {"type": "Feature", "properties": {"osm_id": 28404785, "highway": "footway", "name": null, "source": "osm_overpass"}, "geometry": {"type": "LineString", "coordinates": [[80.2363852, 13.0075611], [80.2363394, 13.0074627], [80.2363499, 13.0074026], [80.2362308, 13.0068799]]}}, {"type": "Feature", "properties": {"osm_id": 28404786, "highway": "footway", "name": null, "source": "osm_overpass"}, "geometry": {"type": "LineString", "coordinates": [[80.2378188, 13.0065702], [80.2379529, 13.0064321], [80.23821, 13.0062207], [80.2385131, 13.0061011]]}}, {"type": "Feature", "properties": {"osm_id": 28404787, "highway": "footway", "name": null, "source": "osm_overpass"}, "geometry": {"type": "LineString", "coordinates": [[80.2392598, 13.0069681], [80.2392379, 13.0068752], [80.2392293, 13.0068215], [80.239199, 13.0066192]]}}, {"type": "Feature", "properties": {"osm_id": 28404788, "highway": "footway", "name": null, "source": "osm_overpass"}, "geometry": {"type": "LineString", "coordinates": [[80.237218, 13.0072305], [80.237142, 13.0068476], [80.2370958, 13.0067881], [80.2370595, 13.0066297], [80.2370826, 13.0064778], [80.237142, 13.0063457], [80.2372708, 13.0062665], [80.2373797, 13.0062302], [80.237525, 13.0062269], [80.2376571, 13.0062929], [80.2377429, 13.0064085], [80.2377858, 13.0064811], [80.2378188, 13.0065702], [80.237832, 13.0066957], [80.237908, 13.0070853], [80.2389858, 13.0068701], [80.2392293, 13.0068215]]}}, {"type": "Feature", "properties": {"osm_id": 28534268, "highway": "footway", "name": null, "source": "osm_overpass"}, "geometry": {"type": "LineString", "coordinates": [[80.188355, 12.9905478], [80.1883237, 12.9906279], [80.1882692, 12.9907678]]}}, {"type": "Feature", "properties": {"osm_id": 28534275, "highway": "footway", "name": null, "source": "osm_overpass"}, "geometry": {"type": "LineString", "coordinates": [[80.1996724, 12.9946046], [80.1994235, 12.9952486]]}}, {"type": "Feature", "properties": {"osm_id": 28534571, "highway": "pedestrian", "name": null, "source": "osm_overpass"}, "geometry": {"type": "LineString", "coordinates": [[80.1930529, 13.0044673], [80.1931731, 13.0047265], [80.1931302, 13.0049774], [80.193216, 13.0052116], [80.1933459, 13.0053506], [80.1933786, 13.0053729], [80.1936574, 13.0054072]]}}, {"type": "Feature", "properties": {"osm_id": 28534611, "highway": "path", "name": null, "source": "osm_overpass"}, "geometry": {"type": "LineString", "coordinates": [[80.1907762, 13.0009865], [80.1909777, 13.0014123], [80.1912622, 13.0017904], [80.1913198, 13.0020137]]}}, {"type": "Feature", "properties": {"osm_id": 28746666, "highway": "path", "name": null, "source": "osm_overpass"}, "geometry": {"type": "LineString", "coordinates": [[80.2858488, 13.0820968], [80.2865292, 13.0820168], [80.2872221, 13.0819353], [80.2872585, 13.081931], [80.2881153, 13.0818303]]}}, {"type": "Feature", "properties": {"osm_id": 28894873, "highway": "pedestrian", "name": null, "source": "osm_overpass"}, "geometry": {"type": "LineString", "coordinates": [[80.2848501, 13.074086], [80.284069, 13.0753651], [80.2837429, 13.0751979], [80.2837562, 13.0751186], [80.2840973, 13.0736958], [80.2842388, 13.0720121], [80.284318, 13.0711012], [80.2844038, 13.0709842], [80.2845754, 13.0709173], [80.2847729, 13.070934], [80.2848587, 13.0710761], [80.2851677, 13.0723553], [80.2850818, 13.0733252], [80.2849188, 13.0734757]]}}, {"type": "Feature", "properties": {"osm_id": 28894875, "highway": "pedestrian", "name": null, "source": "osm_overpass"}, "geometry": {"type": "LineString", "coordinates": [[80.2843094, 13.0737181], [80.2843695, 13.0735843], [80.2844764, 13.0735195], [80.2847385, 13.0735258], [80.2849188, 13.0734757]]}}, {"type": "Feature", "properties": {"osm_id": 28926927, "highway": "footway", "name": null, "source": "osm_overpass"}, "geometry": {"type": "LineString", "coordinates": [[80.2717267, 13.0685065], [80.2719273, 13.0683173]]}}, {"type": "Feature", "properties": {"osm_id": 28926928, "highway": "footway", "name": null, "source": "osm_overpass"}, "geometry": {"type": "LineString", "coordinates": [[80.2719273, 13.0683173], [80.2721838, 13.06841]]}}, {"type": "Feature", "properties": {"osm_id": 29044907, "highway": "footway", "name": null, "source": "osm_overpass"}, "geometry": {"type": "LineString", "coordinates": [[80.2549744, 13.0705992], [80.254738, 13.0704648]]}}, {"type": "Feature", "properties": {"osm_id": 29349597, "highway": "footway", "name": null, "source": "osm_overpass"}, "geometry": {"type": "LineString", "coordinates": [[80.2820163, 13.1278074], [80.2816636, 13.1279614]]}}, {"type": "Feature", "properties": {"osm_id": 29381609, "highway": "footway", "name": null, "source": "osm_overpass"}, "geometry": {"type": "LineString", "coordinates": [[80.237844, 13.043775], [80.2378165, 13.0438476], [80.2375178, 13.044323], [80.2374752, 13.0444006]]}}, {"type": "Feature", "properties": {"osm_id": 29381625, "highway": "footway", "name": null, "source": "osm_overpass"}, "geometry": {"type": "LineString", "coordinates": [[80.2373715, 13.0436201], [80.2378165, 13.0438476], [80.2382607, 13.0441105], [80.2381403, 13.0442345], [80.2379466, 13.044359], [80.2377474, 13.0443784], [80.2375178, 13.044323], [80.2373767, 13.0441819], [80.2372771, 13.0439606], [80.2373048, 13.0437725], [80.2373715, 13.0436201]]}}, {"type": "Feature", "properties": {"osm_id": 29882353, "highway": "footway", "name": null, "source": "osm_overpass"}, "geometry": {"type": "LineString", "coordinates": [[80.2237165, 13.0215196], [80.2237428, 13.0214393], [80.2237742, 13.0213433], [80.2237905, 13.0212936], [80.2237935, 13.0212841], [80.2238186, 13.0212055], [80.2238048, 13.0209882], [80.2238151, 13.0207703]]}}, {"type": "Feature", "properties": {"osm_id": 30029344, "highway": "footway", "name": null, "source": "osm_overpass"}, "geometry": {"type": "LineString", "coordinates": [[80.2312899, 12.9897384], [80.2309423, 12.9897291], [80.2309068, 12.9897545], [80.230882, 12.9897829], [80.2303275, 12.9897629], [80.2303211, 12.9896494], [80.2302259, 12.989664], [80.2301825, 12.9894433], [80.2302347, 12.9893879], [80.2302425, 12.9891412]]}}, {"type": "Feature", "properties": {"osm_id": 30029360, "highway": "footway", "name": null, "source": "osm_overpass"}, "geometry": {"type": "LineString", "coordinates": [[80.2329208, 12.9885445], [80.2321238, 12.9884954]]}}, {"type": "Feature", "properties": {"osm_id": 30029365, "highway": "footway", "name": null, "source": "osm_overpass"}, "geometry": {"type": "LineString", "coordinates": [[80.2333121, 12.9868969], [80.2327852, 12.9869264]]}}, {"type": "Feature", "properties": {"osm_id": 30036681, "highway": "footway", "name": null, "source": "osm_overpass"}, "geometry": {"type": "LineString", "coordinates": [[80.234347, 12.9905452], [80.2345328, 12.9904663]]}}, {"type": "Feature", "properties": {"osm_id": 30037016, "highway": "footway", "name": null, "source": "osm_overpass"}, "geometry": {"type": "LineString", "coordinates": [[80.2357982, 12.9931502], [80.2360404, 12.9930176], [80.2361145, 12.992936]]}}, {"type": "Feature", "properties": {"osm_id": 30119426, "highway": "footway", "name": null, "source": "osm_overpass"}, "geometry": {"type": "LineString", "coordinates": [[80.1189062, 12.9249808], [80.1188325, 12.924918], [80.1186511, 12.9251307], [80.1184961, 12.9253125], [80.1183461, 12.9254885], [80.1182221, 12.9256339], [80.1180962, 12.9257816], [80.11808, 12.9258007], [80.1183008, 12.9259848], [80.1181107, 12.9262222], [80.1177683, 12.92665], [80.118147, 12.9270273]]}}, {"type": "Feature", "properties": {"osm_id": 30119578, "highway": "footway", "name": null, "source": "osm_overpass"}, "geometry": {"type": "LineString", "coordinates": [[80.077822, 12.9408007], [80.0778061, 12.9404303], [80.0777933, 12.9400027], [80.0782984, 12.9378793], [80.0784388, 12.93729], [80.0784107, 12.9366352], [80.0782704, 12.9363078], [80.0779837, 12.9360075], [80.0779888, 12.9359244], [80.0779464, 12.9358057], [80.0778091, 12.9356429], [80.0776547, 12.9356429], [80.077536, 12.9357616], [80.0774801, 12.9359312], [80.0775445, 12.9360788], [80.0777141, 12.9362009], [80.0778718, 12.9361161], [80.0779837, 12.9360075]]}}, {"type": "Feature", "properties": {"osm_id": 30739017, "highway": "pedestrian", "name": "Saidayankuppam Foot Bridge", "source": "osm_overpass"}, "geometry": {"type": "LineString", "coordinates": [[80.2937146, 13.1842519], [80.2943791, 13.1839325], [80.2956322, 13.1829965], [80.2955807, 13.1828461], [80.2959536, 13.1827024]]}}, {"type": "Feature", "properties": {"osm_id": 30740746, "highway": "pedestrian", "name": "IOC Foot Bridge", "source": "osm_overpass"}, "geometry": {"type": "LineString", "coordinates": [[80.2787692, 13.141428], [80.2782258, 13.1416933]]}}, {"type": "Feature", "properties": {"osm_id": 30741450, "highway": "pedestrian", "name": "Muthumariamman Nagar Foor Bridge", "source": "osm_overpass"}, "geometry": {"type": "LineString", "coordinates": [[80.2071987, 13.0781518], [80.2071863, 13.0782501]]}}, {"type": "Feature", "properties": {"osm_id": 30747652, "highway": "footway", "name": null, "source": "osm_overpass"}, "geometry": {"type": "LineString", "coordinates": [[80.1522505, 12.9671358], [80.1517357, 12.9675107]]}}, {"type": "Feature", "properties": {"osm_id": 30971639, "highway": "footway", "name": null, "source": "osm_overpass"}, "geometry": {"type": "LineString", "coordinates": [[80.247862, 13.0635164], [80.2479067, 13.0635135], [80.2492742, 13.0632018], [80.2493215, 13.0631342], [80.2493215, 13.06305], [80.2492566, 13.0629826], [80.2491878, 13.0629786], [80.2478668, 13.0634], [80.2478407, 13.0634557], [80.247862, 13.0635164]]}}, {"type": "Feature", "properties": {"osm_id": 30971643, "highway": "footway", "name": null, "source": "osm_overpass"}, "geometry": {"type": "LineString", "coordinates": [[80.247735, 13.0664013], [80.2479711, 13.0663821]]}}, {"type": "Feature", "properties": {"osm_id": 31726202, "highway": "footway", "name": null, "source": "osm_overpass"}, "geometry": {"type": "LineString", "coordinates": [[80.2726296, 13.063769], [80.2734978, 13.0637326], [80.2735459, 13.0637307]]}}, {"type": "Feature", "properties": {"osm_id": 31726920, "highway": "footway", "name": null, "source": "osm_overpass"}, "geometry": {"type": "LineString", "coordinates": [[80.2837213, 13.06465], [80.2841327, 13.0645646]]}}, {"type": "Feature", "properties": {"osm_id": 31726923, "highway": "footway", "name": null, "source": "osm_overpass"}, "geometry": {"type": "LineString", "coordinates": [[80.2852194, 13.0643062], [80.2853223, 13.0642862]]}}, {"type": "Feature", "properties": {"osm_id": 31726924, "highway": "footway", "name": null, "source": "osm_overpass"}, "geometry": {"type": "LineString", "coordinates": [[80.2852257, 13.0638892], [80.2852328, 13.0639241], [80.2852467, 13.063988], [80.2853223, 13.0642862], [80.2854421, 13.0646019], [80.285503, 13.0646512], [80.2855271, 13.0647439], [80.2855528, 13.0648771]]}}, {"type": "Feature", "properties": {"osm_id": 31726926, "highway": "footway", "name": null, "source": "osm_overpass"}, "geometry": {"type": "LineString", "coordinates": [[80.2852328, 13.0639241], [80.2843764, 13.0641247], [80.2843513, 13.0641368], [80.2843439, 13.0641538], [80.2843436, 13.0641721], [80.2843496, 13.06419], [80.284411, 13.0644304], [80.2844441, 13.0645558], [80.2845089, 13.0648031], [80.2845179, 13.0648158], [80.2845327, 13.0648253], [80.2845531, 13.0648292], [80.2845719, 13.0648266], [80.2854421, 13.0646019], [80.2855094, 13.0644896], [80.2855389, 13.0643746], [80.2855308, 13.0642152], [80.2855057, 13.0641339], [80.2854557, 13.0640663], [80.2853672, 13.0639879], [80.2852467, 13.063988]]}}, {"type": "Feature", "properties": {"osm_id": 31726928, "highway": "footway", "name": null, "source": "osm_overpass"}, "geometry": {"type": "LineString", "coordinates": [[80.2855528, 13.0648771], [80.2854601, 13.0649477], [80.2854118, 13.0649856], [80.2853952, 13.0650383], [80.2854374, 13.065144], [80.2855672, 13.0654649], [80.285642, 13.0657626]]}}, {"type": "Feature", "properties": {"osm_id": 31726937, "highway": "footway", "name": null, "source": "osm_overpass"}, "geometry": {"type": "LineString", "coordinates": [[80.2840247, 13.065751], [80.2840589, 13.0657463], [80.2843917, 13.0656868]]}}, {"type": "Feature", "properties": {"osm_id": 31896474, "highway": "footway", "name": null, "source": "osm_overpass"}, "geometry": {"type": "LineString", "coordinates": [[80.186076, 12.9899324], [80.1862036, 12.9896611]]}}, {"type": "Feature", "properties": {"osm_id": 31896476, "highway": "footway", "name": null, "source": "osm_overpass"}, "geometry": {"type": "LineString", "coordinates": [[80.18533, 12.9894533], [80.1862337, 12.9898965]]}}, {"type": "Feature", "properties": {"osm_id": 31898955, "highway": "footway", "name": null, "source": "osm_overpass"}, "geometry": {"type": "LineString", "coordinates": [[80.2874422, 13.0626838], [80.2871792, 13.0627606], [80.2849472, 13.0634526], [80.2839806, 13.0637163], [80.2838062, 13.0638979], [80.2837252, 13.0639277], [80.2836924, 13.0640328]]}}, {"type": "Feature", "properties": {"osm_id": 32146739, "highway": "pedestrian", "name": "Broken Bridge", "source": "osm_overpass"}, "geometry": {"type": "LineString", "coordinates": [[80.2761841, 13.014106], [80.2761284, 13.0137759]]}}, {"type": "Feature", "properties": {"osm_id": 32146757, "highway": "pedestrian", "name": "Broken Bridge", "source": "osm_overpass"}, "geometry": {"type": "LineString", "coordinates": [[80.2759225, 13.0127247], [80.2756379, 13.0112426]]}}, {"type": "Feature", "properties": {"osm_id": 32146900, "highway": "path", "name": null, "source": "osm_overpass"}, "geometry": {"type": "LineString", "coordinates": [[80.270651, 13.0064052], [80.2714022, 13.0059933], [80.2715981, 13.0058738], [80.2717869, 13.005832], [80.2720959, 13.0059324], [80.2723362, 13.0058822], [80.272525, 13.0056815], [80.2725851, 13.0054139]]}}, {"type": "Feature", "properties": {"osm_id": 32146996, "highway": "path", "name": null, "source": "osm_overpass"}, "geometry": {"type": "LineString", "coordinates": [[80.268157, 13.009746], [80.2683022, 13.0096538], [80.2687227, 13.0094531]]}}, {"type": "Feature", "properties": {"osm_id": 32147080, "highway": "path", "name": null, "source": "osm_overpass"}, "geometry": {"type": "LineString", "coordinates": [[80.2714022, 13.0059933], [80.2717196, 13.0073499]]}}, {"type": "Feature", "properties": {"osm_id": 32255373, "highway": "footway", "name": null, "source": "osm_overpass"}, "geometry": {"type": "LineString", "coordinates": [[80.2788789, 13.0331592], [80.279637, 13.0330032]]}}, {"type": "Feature", "properties": {"osm_id": 32306861, "highway": "footway", "name": null, "source": "osm_overpass"}, "geometry": {"type": "LineString", "coordinates": [[80.2489109, 13.0382345], [80.2493815, 13.0381838]]}}, {"type": "Feature", "properties": {"osm_id": 32391061, "highway": "footway", "name": null, "source": "osm_overpass"}, "geometry": {"type": "LineString", "coordinates": [[80.2699789, 13.0460186], [80.2699875, 13.0459015]]}}, {"type": "Feature", "properties": {"osm_id": 32551533, "highway": "pedestrian", "name": null, "source": "osm_overpass"}, "geometry": {"type": "LineString", "coordinates": [[80.2123151, 13.0091122], [80.2125125, 13.008742], [80.2123594, 13.0086308], [80.2123404, 13.0086059]]}}, {"type": "Feature", "properties": {"osm_id": 32589599, "highway": "footway", "name": null, "source": "osm_overpass"}, "geometry": {"type": "LineString", "coordinates": [[80.2703652, 13.0673769], [80.2705826, 13.067178]]}}, {"type": "Feature", "properties": {"osm_id": 32616469, "highway": "footway", "name": "Walker's Path", "source": "osm_overpass"}, "geometry": {"type": "LineString", "coordinates": [[80.2022513, 13.0270329], [80.2016591, 13.02715], [80.2016505, 13.0273005], [80.2016591, 13.0274009], [80.2018312, 13.0273936], [80.2022513, 13.0273758], [80.2022513, 13.0270329]]}}, {"type": "Feature", "properties": {"osm_id": 32616500, "highway": "footway", "name": "Walker's Path", "source": "osm_overpass"}, "geometry": {"type": "LineString", "coordinates": [[80.2016505, 13.0273005], [80.2014276, 13.0271894]]}}, {"type": "Feature", "properties": {"osm_id": 32867731, "highway": "cycleway", "name": null, "source": "osm_overpass"}, "geometry": {"type": "LineString", "coordinates": [[80.1995897, 13.024516], [80.2002287, 13.0244177]]}}, {"type": "Feature", "properties": {"osm_id": 32995918, "highway": "path", "name": null, "source": "osm_overpass"}, "geometry": {"type": "LineString", "coordinates": [[80.3313641, 13.2317931], [80.3312989, 13.2315331], [80.3312326, 13.2309923], [80.3303206, 13.2282553], [80.3299096, 13.2275769], [80.3297545, 13.2272766], [80.3295452, 13.2272348]]}}, {"type": "Feature", "properties": {"osm_id": 33300004, "highway": "footway", "name": null, "source": "osm_overpass"}, "geometry": {"type": "LineString", "coordinates": [[80.247862, 13.0635164], [80.2477793, 13.0635667], [80.2477211, 13.0636417]]}}, {"type": "Feature", "properties": {"osm_id": 33876053, "highway": "footway", "name": null, "source": "osm_overpass"}, "geometry": {"type": "LineString", "coordinates": [[80.21763, 13.0663071], [80.2176172, 13.0664082]]}}, {"type": "Feature", "properties": {"osm_id": 34618013, "highway": "path", "name": null, "source": "osm_overpass"}, "geometry": {"type": "LineString", "coordinates": [[80.1085246, 13.0851549], [80.1086185, 13.0853367]]}}, {"type": "Feature", "properties": {"osm_id": 34618018, "highway": "path", "name": null, "source": "osm_overpass"}, "geometry": {"type": "LineString", "coordinates": [[80.1082915, 13.0843336], [80.1085246, 13.0851549]]}}, {"type": "Feature", "properties": {"osm_id": 34627046, "highway": "footway", "name": null, "source": "osm_overpass"}, "geometry": {"type": "LineString", "coordinates": [[80.166664, 13.1144801], [80.1666596, 13.1146656], [80.166656, 13.1148136]]}}, {"type": "Feature", "properties": {"osm_id": 34690271, "highway": "footway", "name": null, "source": "osm_overpass"}, "geometry": {"type": "LineString", "coordinates": [[80.2154932, 13.0861716], [80.2153661, 13.0861749], [80.2147084, 13.0861923], [80.2140744, 13.086209]]}}, {"type": "Feature", "properties": {"osm_id": 35310604, "highway": "footway", "name": null, "source": "osm_overpass"}, "geometry": {"type": "LineString", "coordinates": [[80.2684382, 13.0365136], [80.2681666, 13.0362341], [80.2678335, 13.0360262]]}}, {"type": "Feature", "properties": {"osm_id": 35312740, "highway": "footway", "name": null, "source": "osm_overpass"}, "geometry": {"type": "LineString", "coordinates": [[80.2635644, 13.0375161], [80.2635702, 13.0374643], [80.2635987, 13.0372124]]}}, {"type": "Feature", "properties": {"osm_id": 35312750, "highway": "footway", "name": null, "source": "osm_overpass"}, "geometry": {"type": "LineString", "coordinates": [[80.2638648, 13.0372459], [80.2635987, 13.0372124], [80.2634442, 13.0371874], [80.2634013, 13.0362257], [80.2629893, 13.036209], [80.2629635, 13.0357491], [80.2631735, 13.0357352], [80.2638476, 13.0356906], [80.2638534, 13.0362175], [80.2638648, 13.0372459]]}}, {"type": "Feature", "properties": {"osm_id": 35312751, "highway": "footway", "name": null, "source": "osm_overpass"}, "geometry": {"type": "LineString", "coordinates": [[80.2634013, 13.0362257], [80.2638534, 13.0362175]]}}, {"type": "Feature", "properties": {"osm_id": 35460492, "highway": "footway", "name": null, "source": "osm_overpass"}, "geometry": {"type": "LineString", "coordinates": [[80.036725, 12.8211318], [80.0370147, 12.8209359]]}}, {"type": "Feature", "properties": {"osm_id": 35543039, "highway": "footway", "name": null, "source": "osm_overpass"}, "geometry": {"type": "LineString", "coordinates": [[80.2627067, 13.0296653], [80.2627634, 13.0301422], [80.2629151, 13.0312348], [80.262946, 13.0314574]]}}, {"type": "Feature", "properties": {"osm_id": 35543043, "highway": "footway", "name": null, "source": "osm_overpass"}, "geometry": {"type": "LineString", "coordinates": [[80.2623396, 13.0301726], [80.2627634, 13.0301422], [80.263174, 13.0301127], [80.2636197, 13.0300937]]}}, {"type": "Feature", "properties": {"osm_id": 35543046, "highway": "footway", "name": null, "source": "osm_overpass"}, "geometry": {"type": "LineString", "coordinates": [[80.263174, 13.0301127], [80.2632988, 13.0312202]]}}, {"type": "Feature", "properties": {"osm_id": 35680076, "highway": "path", "name": null, "source": "osm_overpass"}, "geometry": {"type": "LineString", "coordinates": [[80.2679602, 13.0040382], [80.2679516, 13.0045985], [80.2675654, 13.0048912], [80.2668272, 13.0052257], [80.2662522, 13.0059951], [80.2662779, 13.0063463], [80.2664582, 13.0066976], [80.2666642, 13.007283]]}}, {"type": "Feature", "properties": {"osm_id": 35680086, "highway": "path", "name": null, "source": "osm_overpass"}, "geometry": {"type": "LineString", "coordinates": [[80.2662522, 13.0059951], [80.2652909, 13.0061038], [80.264949, 13.0061623], [80.2648329, 13.0061821], [80.2643124, 13.0062711]]}}, {"type": "Feature", "properties": {"osm_id": 35680090, "highway": "path", "name": null, "source": "osm_overpass"}, "geometry": {"type": "LineString", "coordinates": [[80.2684666, 13.0034026], [80.2687498, 13.0038458], [80.2691189, 13.0044647], [80.2692992, 13.0047072], [80.2692734, 13.0049748], [80.2691275, 13.0053846], [80.2693163, 13.0058613], [80.2691447, 13.0063965], [80.2688013, 13.0066892], [80.2683379, 13.0069568], [80.2679259, 13.0069317], [80.2675225, 13.0068481], [80.2671791, 13.0069317], [80.2668358, 13.0071826], [80.2666642, 13.007283], [80.2662007, 13.0075339], [80.264836, 13.0078182]]}}, {"type": "Feature", "properties": {"osm_id": 35680092, "highway": "path", "name": null, "source": "osm_overpass"}, "geometry": {"type": "LineString", "coordinates": [[80.2664582, 13.0066976], [80.267737, 13.0059282], [80.2687241, 13.0056271], [80.2691275, 13.0053846]]}}, {"type": "Feature", "properties": {"osm_id": 35680094, "highway": "path", "name": null, "source": "osm_overpass"}, "geometry": {"type": "LineString", "coordinates": [[80.2691447, 13.0063965], [80.2699515, 13.0063547], [80.2700888, 13.0065136]]}}, {"type": "Feature", "properties": {"osm_id": 35680099, "highway": "path", "name": null, "source": "osm_overpass"}, "geometry": {"type": "LineString", "coordinates": [[80.2664582, 13.0066976], [80.2661063, 13.0068481], [80.2658144, 13.0069317], [80.2656599, 13.0071241], [80.2647501, 13.0073332]]}}, {"type": "Feature", "properties": {"osm_id": 35680103, "highway": "path", "name": null, "source": "osm_overpass"}, "geometry": {"type": "LineString", "coordinates": [[80.264836, 13.0078182], [80.2647501, 13.0073332], [80.2646557, 13.0067812], [80.2650076, 13.0066223], [80.2650076, 13.0064132], [80.264949, 13.0061623]]}}, {"type": "Feature", "properties": {"osm_id": 35680110, "highway": "path", "name": null, "source": "osm_overpass"}, "geometry": {"type": "LineString", "coordinates": [[80.2656599, 13.0071241], [80.2660033, 13.0074586], [80.2662007, 13.0075339]]}}, {"type": "Feature", "properties": {"osm_id": 35680116, "highway": "path", "name": null, "source": "osm_overpass"}, "geometry": {"type": "LineString", "coordinates": [[80.2703093, 13.007734], [80.2708527, 13.0077011], [80.2713577, 13.0075129], [80.2717196, 13.0073499], [80.2722346, 13.0070572], [80.2724491, 13.0067561], [80.2724148, 13.0065554]]}}, {"type": "Feature", "properties": {"osm_id": 35680139, "highway": "path", "name": null, "source": "osm_overpass"}, "geometry": {"type": "LineString", "coordinates": [[80.2724993, 13.0090433], [80.2726799, 13.009088], [80.2734963, 13.0092901], [80.2746378, 13.0096747], [80.2749211, 13.0100093], [80.2751099, 13.0105612], [80.2744233, 13.0106866], [80.273359, 13.0105946], [80.271711, 13.0104943], [80.2711445, 13.0104023], [80.2708012, 13.010235], [80.2685009, 13.010511]]}}, {"type": "Feature", "properties": {"osm_id": 35680140, "highway": "path", "name": null, "source": "osm_overpass"}, "geometry": {"type": "LineString", "coordinates": [[80.2708012, 13.010235], [80.2707532, 13.0098919]]}}, {"type": "Feature", "properties": {"osm_id": 35680147, "highway": "path", "name": null, "source": "osm_overpass"}, "geometry": {"type": "LineString", "coordinates": [[80.2654637, 13.0080378], [80.2662351, 13.0078558]]}}, {"type": "Feature", "properties": {"osm_id": 47107729, "highway": "footway", "name": null, "source": "osm_overpass"}, "geometry": {"type": "LineString", "coordinates": [[80.2786415, 13.0852801], [80.2785143, 13.084731], [80.2786452, 13.0847032], [80.2786861, 13.0847191], [80.2787049, 13.0847283], [80.2790533, 13.0847085]]}}, {"type": "Feature", "properties": {"osm_id": 47107731, "highway": "footway", "name": null, "source": "osm_overpass"}, "geometry": {"type": "LineString", "coordinates": [[80.2786452, 13.0847032], [80.2786474, 13.0843829]]}}, {"type": "Feature", "properties": {"osm_id": 47107732, "highway": "footway", "name": null, "source": "osm_overpass"}, "geometry": {"type": "LineString", "coordinates": [[80.279003, 13.0840349], [80.2784915, 13.0840262]]}}, {"type": "Feature", "properties": {"osm_id": 47107742, "highway": "footway", "name": null, "source": "osm_overpass"}, "geometry": {"type": "LineString", "coordinates": [[80.2808644, 13.0878234], [80.2813327, 13.08771]]}}, {"type": "Feature", "properties": {"osm_id": 48042274, "highway": "pedestrian", "name": null, "source": "osm_overpass"}, "geometry": {"type": "LineString", "coordinates": [[80.2658981, 13.0992169], [80.2660641, 13.099662], [80.2661724, 13.0996373], [80.2663959, 13.099599]]}}, {"type": "Feature", "properties": {"osm_id": 48042276, "highway": "pedestrian", "name": null, "source": "osm_overpass"}, "geometry": {"type": "LineString", "coordinates": [[80.2661724, 13.0996373], [80.2660832, 13.099159]]}}, {"type": "Feature", "properties": {"osm_id": 48048693, "highway": "path", "name": null, "source": "osm_overpass"}, "geometry": {"type": "LineString", "coordinates": [[80.2643397, 13.1093716], [80.2643705, 13.1095225], [80.2643749, 13.1095879], [80.2643779, 13.109633], [80.2643819, 13.1096926], [80.2643658, 13.1097672]]}}, {"type": "Feature", "properties": {"osm_id": 48048778, "highway": "path", "name": null, "source": "osm_overpass"}, "geometry": {"type": "LineString", "coordinates": [[80.2646765, 13.1098719], [80.2646755, 13.1099777], [80.2646952, 13.1100387], [80.2646907, 13.1101449], [80.2646885, 13.1101957], [80.2646918, 13.1102562], [80.2646942, 13.1103661]]}}, {"type": "Feature", "properties": {"osm_id": 48048786, "highway": "footway", "name": null, "source": "osm_overpass"}, "geometry": {"type": "LineString", "coordinates": [[80.27185, 13.1019948], [80.2716611, 13.1019861], [80.2715034, 13.1019788], [80.2713365, 13.1019711], [80.2710963, 13.1019601]]}}, {"type": "Feature", "properties": {"osm_id": 48048791, "highway": "path", "name": null, "source": "osm_overpass"}, "geometry": {"type": "LineString", "coordinates": [[80.2672126, 13.1089813], [80.2669529, 13.108863], [80.2669239, 13.1088211], [80.2668866, 13.1087826], [80.26686, 13.1087488], [80.2666083, 13.108597], [80.2665476, 13.108577], [80.2661748, 13.1084657]]}}, {"type": "Feature", "properties": {"osm_id": 51132364, "highway": "footway", "name": null, "source": "osm_overpass"}, "geometry": {"type": "LineString", "coordinates": [[80.2373572, 13.1072253], [80.2373623, 13.1073295], [80.2373666, 13.1075178], [80.2373707, 13.1076981]]}}, {"type": "Feature", "properties": {"osm_id": 51132594, "highway": "footway", "name": null, "source": "osm_overpass"}, "geometry": {"type": "LineString", "coordinates": [[80.209407, 13.1104491], [80.209386, 13.110272], [80.2093824, 13.1102418], [80.2093684, 13.1100578]]}}, {"type": "Feature", "properties": {"osm_id": 52919318, "highway": "cycleway", "name": null, "source": "osm_overpass"}, "geometry": {"type": "LineString", "coordinates": [[80.2307166, 12.9891974], [80.2307184, 12.9891626]]}}, {"type": "Feature", "properties": {"osm_id": 53150115, "highway": "path", "name": null, "source": "osm_overpass"}, "geometry": {"type": "LineString", "coordinates": [[80.2301374, 12.9908177], [80.2301415, 12.9907822], [80.2301521, 12.9906903], [80.2302011, 12.9903591], [80.2301218, 12.9899798], [80.2300788, 12.9897745], [80.2300199, 12.9894256], [80.2300878, 12.9891763], [80.2300905, 12.9891371], [80.2300951, 12.9883049]]}}, {"type": "Feature", "properties": {"osm_id": 53150116, "highway": "cycleway", "name": null, "source": "osm_overpass"}, "geometry": {"type": "LineString", "coordinates": [[80.2301218, 12.9899798], [80.2295781, 12.9900324]]}}, {"type": "Feature", "properties": {"osm_id": 53470475, "highway": "footway", "name": null, "source": "osm_overpass"}, "geometry": {"type": "LineString", "coordinates": [[80.2418084, 13.1090945], [80.2416903, 13.1090765], [80.2413201, 13.1090636]]}}, {"type": "Feature", "properties": {"osm_id": 53470481, "highway": "footway", "name": null, "source": "osm_overpass"}, "geometry": {"type": "LineString", "coordinates": [[80.2416941, 13.1089674], [80.2416903, 13.1090765], [80.241686, 13.1091989]]}}, {"type": "Feature", "properties": {"osm_id": 53470484, "highway": "footway", "name": null, "source": "osm_overpass"}, "geometry": {"type": "LineString", "coordinates": [[80.2412641, 13.1091494], [80.2412721, 13.1089778]]}}, {"type": "Feature", "properties": {"osm_id": 53482197, "highway": "footway", "name": null, "source": "osm_overpass"}, "geometry": {"type": "LineString", "coordinates": [[80.184008, 13.1134254], [80.1839836, 13.1131637]]}}, {"type": "Feature", "properties": {"osm_id": 53499680, "highway": "footway", "name": null, "source": "osm_overpass"}, "geometry": {"type": "LineString", "coordinates": [[80.1407502, 12.9523903], [80.1410459, 12.9521903], [80.1411392, 12.9521237], [80.1414513, 12.9519098]]}}, {"type": "Feature", "properties": {"osm_id": 55556407, "highway": "pedestrian", "name": null, "source": "osm_overpass"}, "geometry": {"type": "LineString", "coordinates": [[80.2527229, 12.9867743], [80.2528357, 12.9860872], [80.2528516, 12.98599], [80.2536777, 12.9827387], [80.2537929, 12.982038]]}}, {"type": "Feature", "properties": {"osm_id": 83075564, "highway": "pedestrian", "name": null, "source": "osm_overpass"}, "geometry": {"type": "LineString", "coordinates": [[80.2832211, 13.0749541], [80.2830658, 13.0749178]]}}, {"type": "Feature", "properties": {"osm_id": 83075565, "highway": "pedestrian", "name": null, "source": "osm_overpass"}, "geometry": {"type": "LineString", "coordinates": [[80.2849188, 13.0734757], [80.2848501, 13.074086]]}}, {"type": "Feature", "properties": {"osm_id": 83075566, "highway": "pedestrian", "name": null, "source": "osm_overpass"}, "geometry": {"type": "LineString", "coordinates": [[80.283758, 13.0719842], [80.2835546, 13.0719816]]}}, {"type": "Feature", "properties": {"osm_id": 83075567, "highway": "pedestrian", "name": null, "source": "osm_overpass"}, "geometry": {"type": "LineString", "coordinates": [[80.2840042, 13.0736813], [80.2840973, 13.0736958], [80.2843094, 13.0737181], [80.284318, 13.0738602], [80.2844124, 13.073994], [80.2846098, 13.0740442], [80.2848501, 13.074086], [80.2853483, 13.0741686]]}}, {"type": "Feature", "properties": {"osm_id": 83075570, "highway": "pedestrian", "name": null, "source": "osm_overpass"}, "geometry": {"type": "LineString", "coordinates": [[80.2835776, 13.0736151], [80.2840042, 13.0736813]]}}, {"type": "Feature", "properties": {"osm_id": 83912881, "highway": "footway", "name": null, "source": "osm_overpass"}, "geometry": {"type": "LineString", "coordinates": [[80.2318414, 12.9896628], [80.2318507, 12.9893052], [80.2316391, 12.9892926], [80.2316665, 12.9884888], [80.2319585, 12.9884865], [80.2321238, 12.9884954]]}}, {"type": "Feature", "properties": {"osm_id": 83912907, "highway": "footway", "name": null, "source": "osm_overpass"}, "geometry": {"type": "LineString", "coordinates": [[80.2318414, 12.9896628], [80.2320892, 12.9896348]]}}, {"type": "Feature", "properties": {"osm_id": 85588697, "highway": "pedestrian", "name": null, "source": "osm_overpass"}, "geometry": {"type": "LineString", "coordinates": [[80.0287032, 13.0584307], [80.0286568, 13.0582358], [80.0286282, 13.0581157], [80.0291508, 13.0579703], [80.0292483, 13.0583003]]}}, {"type": "Feature", "properties": {"osm_id": 95639908, "highway": "footway", "name": null, "source": "osm_overpass"}, "geometry": {"type": "LineString", "coordinates": [[80.0647497, 13.1193861], [80.0647406, 13.1191869], [80.0647182, 13.1186949]]}}, {"type": "Feature", "properties": {"osm_id": 96052590, "highway": "footway", "name": null, "source": "osm_overpass"}, "geometry": {"type": "LineString", "coordinates": [[80.1304832, 12.9368663], [80.1305954, 12.9367918], [80.1306739, 12.9367407], [80.1306993, 12.9367257], [80.1307325, 12.9367062], [80.1308306, 12.9366468]]}}, {"type": "Feature", "properties": {"osm_id": 96052591, "highway": "footway", "name": null, "source": "osm_overpass"}, "geometry": {"type": "LineString", "coordinates": [[80.1270398, 12.936465], [80.1269965, 12.9364957], [80.1268784, 12.9365993], [80.1267091, 12.9367259], [80.1265634, 12.9368257], [80.1264847, 12.9368986]]}}, {"type": "Feature", "properties": {"osm_id": 97193430, "highway": "footway", "name": null, "source": "osm_overpass"}, "geometry": {"type": "LineString", "coordinates": [[80.1212082, 12.9449114], [80.1215694, 12.9450414], [80.1216488, 12.9450592], [80.1217292, 12.9450812], [80.1217644, 12.9450815], [80.1218343, 12.9450822], [80.1219233, 12.9450697], [80.1220059, 12.9450331], [80.1220756, 12.9449641], [80.122112, 12.9448544], [80.1221238, 12.9447739], [80.1221131, 12.944683], [80.1220874, 12.9446098], [80.1220466, 12.9445575], [80.1219973, 12.9445053], [80.121948, 12.9444687], [80.1218847, 12.944429], [80.1218639, 12.9444178], [80.1218343, 12.9444018], [80.1217991, 12.9443904]]}}, {"type": "Feature", "properties": {"osm_id": 97525551, "highway": "footway", "name": null, "source": "osm_overpass"}, "geometry": {"type": "LineString", "coordinates": [[80.1218639, 12.9444178], [80.121839, 12.9444755], [80.1218304, 12.9444963], [80.1218149, 12.944532], [80.1217893, 12.944591], [80.1217636, 12.9446479], [80.1217393, 12.944706], [80.121715, 12.9447594], [80.1216333, 12.9447271], [80.1215118, 12.9446793], [80.1214212, 12.9446444], [80.1212745, 12.9445859], [80.1211888, 12.944548], [80.121054, 12.9444942], [80.1210231, 12.9444804]]}}, {"type": "Feature", "properties": {"osm_id": 97525554, "highway": "footway", "name": null, "source": "osm_overpass"}, "geometry": {"type": "LineString", "coordinates": [[80.1219885, 12.9440863], [80.1218004, 12.9440171], [80.1216095, 12.9439435], [80.1214056, 12.9438594], [80.1213228, 12.9438277]]}}, {"type": "Feature", "properties": {"osm_id": 97655222, "highway": "footway", "name": null, "source": "osm_overpass"}, "geometry": {"type": "LineString", "coordinates": [[80.1217644, 12.9450815], [80.1217489, 12.9451129], [80.1216108, 12.9450666], [80.1214891, 12.9450237], [80.1214176, 12.9449968], [80.1212798, 12.9449458], [80.1212636, 12.9449408], [80.1212423, 12.9449882], [80.121213, 12.9450568], [80.1211871, 12.9451256], [80.121164, 12.9451792], [80.1211531, 12.9452065], [80.1212033, 12.9452254], [80.1212851, 12.9452566], [80.1213044, 12.9452631], [80.1212674, 12.945368]]}}, {"type": "Feature", "properties": {"osm_id": 99029634, "highway": "footway", "name": null, "source": "osm_overpass"}, "geometry": {"type": "LineString", "coordinates": [[80.0717342, 12.8672847], [80.0722132, 12.8669915]]}}, {"type": "Feature", "properties": {"osm_id": 99029644, "highway": "footway", "name": null, "source": "osm_overpass"}, "geometry": {"type": "LineString", "coordinates": [[80.0570629, 12.8446221], [80.0566853, 12.8449377]]}}, {"type": "Feature", "properties": {"osm_id": 99047734, "highway": "footway", "name": null, "source": "osm_overpass"}, "geometry": {"type": "LineString", "coordinates": [[80.0269314, 12.8056092], [80.02685, 12.8056573], [80.0268253, 12.8056843], [80.0268069, 12.8057204], [80.0268176, 12.8057865], [80.0268854, 12.8058841], [80.0268848, 12.8059156]]}}, {"type": "Feature", "properties": {"osm_id": 99052519, "highway": "path", "name": null, "source": "osm_overpass"}, "geometry": {"type": "LineString", "coordinates": [[80.028946, 12.8100087], [80.02908, 12.8099543], [80.0291349, 12.8099256], [80.0291918, 12.8099084], [80.0294757, 12.8097891]]}}, {"type": "Feature", "properties": {"osm_id": 99052558, "highway": "path", "name": null, "source": "osm_overpass"}, "geometry": {"type": "LineString", "coordinates": [[80.030263, 12.8123377], [80.0304796, 12.812239], [80.0306055, 12.8121382], [80.030648, 12.8121203], [80.0307019, 12.8121001], [80.0308245, 12.8121008], [80.0309352, 12.8120341], [80.0309514, 12.8120212]]}}, {"type": "Feature", "properties": {"osm_id": 100282070, "highway": "pedestrian", "name": null, "source": "osm_overpass"}, "geometry": {"type": "LineString", "coordinates": [[80.0957798, 12.870509], [80.0955044, 12.8699151], [80.09518, 12.8692156], [80.0945474, 12.867948]]}}, {"type": "Feature", "properties": {"osm_id": 102472714, "highway": "footway", "name": null, "source": "osm_overpass"}, "geometry": {"type": "LineString", "coordinates": [[80.2497139, 12.9950521], [80.2496861, 12.9951941], [80.2493395, 12.9951122], [80.2493808, 12.9949649]]}}, {"type": "Feature", "properties": {"osm_id": 102472721, "highway": "footway", "name": null, "source": "osm_overpass"}, "geometry": {"type": "LineString", "coordinates": [[80.2476382, 13.0037554], [80.2475966, 13.0039127], [80.247329, 13.0038978], [80.2473163, 13.0040272]]}}, {"type": "Feature", "properties": {"osm_id": 102543668, "highway": "footway", "name": null, "source": "osm_overpass"}, "geometry": {"type": "LineString", "coordinates": [[80.2782143, 13.1198449], [80.2783759, 13.1197709], [80.2784012, 13.1198171], [80.2785691, 13.1197369]]}}, {"type": "Feature", "properties": {"osm_id": 102550196, "highway": "footway", "name": null, "source": "osm_overpass"}, "geometry": {"type": "LineString", "coordinates": [[80.2492036, 13.1247196], [80.2495919, 13.1247486]]}}, {"type": "Feature", "properties": {"osm_id": 108244792, "highway": "pedestrian", "name": "Birds Watching Walk Path", "source": "osm_overpass"}, "geometry": {"type": "LineString", "coordinates": [[80.0832951, 12.8821939], [80.0832491, 12.8843027]]}}, {"type": "Feature", "properties": {"osm_id": 108248916, "highway": "path", "name": "Path to Birds watch", "source": "osm_overpass"}, "geometry": {"type": "LineString", "coordinates": [[80.0852063, 12.8808069], [80.0851001, 12.8808635], [80.0850033, 12.8809151], [80.0847638, 12.8809295], [80.0843158, 12.8808236], [80.0837522, 12.8806077], [80.0837291, 12.880616], [80.0836334, 12.8806503], [80.0835435, 12.880813], [80.0834938, 12.8809234], [80.083401, 12.881121], [80.0832047, 12.8814069], [80.0832297, 12.8816246]]}}, {"type": "Feature", "properties": {"osm_id": 132509254, "highway": "footway", "name": null, "source": "osm_overpass"}, "geometry": {"type": "LineString", "coordinates": [[80.2316611, 12.9760923], [80.2320288, 12.975739]]}}, {"type": "Feature", "properties": {"osm_id": 132937955, "highway": "footway", "name": null, "source": "osm_overpass"}, "geometry": {"type": "LineString", "coordinates": [[80.2299818, 12.992367], [80.2300063, 12.9925596], [80.2300546, 12.9928156], [80.2300669, 12.9928904], [80.2302688, 12.9928615], [80.2307765, 12.9928122]]}}, {"type": "Feature", "properties": {"osm_id": 132942954, "highway": "footway", "name": null, "source": "osm_overpass"}, "geometry": {"type": "LineString", "coordinates": [[80.2312899, 12.9897384], [80.2318414, 12.9896628]]}}, {"type": "Feature", "properties": {"osm_id": 138222954, "highway": "footway", "name": null, "source": "osm_overpass"}, "geometry": {"type": "LineString", "coordinates": [[80.238809, 12.9842909], [80.2387885, 12.9843449]]}}, {"type": "Feature", "properties": {"osm_id": 151677120, "highway": "footway", "name": null, "source": "osm_overpass"}, "geometry": {"type": "LineString", "coordinates": [[80.2367143, 13.0107173], [80.2366983, 13.0106277], [80.2366822, 13.0105676], [80.2366754, 13.0105439]]}}, {"type": "Feature", "properties": {"osm_id": 151678263, "highway": "footway", "name": null, "source": "osm_overpass"}, "geometry": {"type": "LineString", "coordinates": [[80.2366351, 13.0095319], [80.2367094, 13.0094945], [80.2368302, 13.0094579], [80.2368594, 13.0094302], [80.236845, 13.0092664], [80.2368359, 13.0091627], [80.2368171, 13.0089479]]}}, {"type": "Feature", "properties": {"osm_id": 151678264, "highway": "footway", "name": null, "source": "osm_overpass"}, "geometry": {"type": "LineString", "coordinates": [[80.2350748, 13.0088786], [80.2345857, 13.0089847], [80.2342772, 13.0090516]]}}, {"type": "Feature", "properties": {"osm_id": 151678269, "highway": "footway", "name": null, "source": "osm_overpass"}, "geometry": {"type": "LineString", "coordinates": [[80.2349932, 13.0083539], [80.2349388, 13.0084246], [80.234802, 13.0085788], [80.2345857, 13.0089847], [80.2345445, 13.0092164], [80.234508, 13.0093987], [80.2345226, 13.0094883], [80.2350481, 13.0100205], [80.2350842, 13.0100834]]}}, {"type": "Feature", "properties": {"osm_id": 151678272, "highway": "footway", "name": null, "source": "osm_overpass"}, "geometry": {"type": "LineString", "coordinates": [[80.2350702, 13.0083357], [80.2352097, 13.0084011], [80.2354162, 13.0085239], [80.2355476, 13.0085161], [80.2358734, 13.0087513], [80.2360731, 13.0087274]]}}, {"type": "Feature", "properties": {"osm_id": 151678273, "highway": "footway", "name": null, "source": "osm_overpass"}, "geometry": {"type": "LineString", "coordinates": [[80.2358734, 13.0087513], [80.2356998, 13.0087804], [80.2355262, 13.0088088], [80.2351519, 13.0088687]]}}, {"type": "Feature", "properties": {"osm_id": 156244250, "highway": "footway", "name": null, "source": "osm_overpass"}, "geometry": {"type": "LineString", "coordinates": [[80.2528745, 13.0417159], [80.2524569, 13.0417529]]}}, {"type": "Feature", "properties": {"osm_id": 172951034, "highway": "footway", "name": null, "source": "osm_overpass"}, "geometry": {"type": "LineString", "coordinates": [[80.1272581, 12.9361057], [80.1272085, 12.9361444], [80.1271299, 12.9362059], [80.127081, 12.9362442]]}}, {"type": "Feature", "properties": {"osm_id": 177370759, "highway": "pedestrian", "name": null, "source": "osm_overpass"}, "geometry": {"type": "LineString", "coordinates": [[80.0047791, 12.7599355], [80.0048871, 12.7603483]]}}, {"type": "Feature", "properties": {"osm_id": 180145726, "highway": "footway", "name": null, "source": "osm_overpass"}, "geometry": {"type": "LineString", "coordinates": [[79.9743638, 12.9887593], [79.9742712, 12.9886954], [79.9729234, 12.987684]]}}, {"type": "Feature", "properties": {"osm_id": 184430897, "highway": "path", "name": null, "source": "osm_overpass"}, "geometry": {"type": "LineString", "coordinates": [[80.2267438, 12.8429037], [80.2269766, 12.8429415]]}}, {"type": "Feature", "properties": {"osm_id": 188578598, "highway": "footway", "name": null, "source": "osm_overpass"}, "geometry": {"type": "LineString", "coordinates": [[80.0384274, 12.8202768], [80.0385176, 12.820446], [80.0391127, 12.8207031], [80.0391681, 12.8207235]]}}, {"type": "Feature", "properties": {"osm_id": 188578600, "highway": "footway", "name": null, "source": "osm_overpass"}, "geometry": {"type": "LineString", "coordinates": [[80.0382665, 12.8215546], [80.0384207, 12.8214929], [80.0382917, 12.8211122]]}}, {"type": "Feature", "properties": {"osm_id": 188578602, "highway": "footway", "name": null, "source": "osm_overpass"}, "geometry": {"type": "LineString", "coordinates": [[80.0387071, 12.8213359], [80.0392948, 12.8211069]]}}, {"type": "Feature", "properties": {"osm_id": 188578605, "highway": "footway", "name": null, "source": "osm_overpass"}, "geometry": {"type": "LineString", "coordinates": [[80.0379897, 12.8211349], [80.0381307, 12.8214835], [80.0382665, 12.8215546], [80.038356, 12.82163], [80.0384153, 12.821744], [80.0385009, 12.8219543]]}}, {"type": "Feature", "properties": {"osm_id": 188578613, "highway": "footway", "name": null, "source": "osm_overpass"}, "geometry": {"type": "LineString", "coordinates": [[80.0382917, 12.8211122], [80.0385831, 12.8210249]]}}, {"type": "Feature", "properties": {"osm_id": 188578622, "highway": "footway", "name": null, "source": "osm_overpass"}, "geometry": {"type": "LineString", "coordinates": [[80.038559, 12.8209046], [80.0385176, 12.820446]]}}, {"type": "Feature", "properties": {"osm_id": 188582619, "highway": "footway", "name": null, "source": "osm_overpass"}, "geometry": {"type": "LineString", "coordinates": [[80.038559, 12.8209046], [80.0391127, 12.8207031]]}}, {"type": "Feature", "properties": {"osm_id": 188582625, "highway": "footway", "name": null, "source": "osm_overpass"}, "geometry": {"type": "LineString", "coordinates": [[80.0410498, 12.8226488], [80.0412209, 12.8226332], [80.0412638, 12.8226855], [80.042326, 12.8226437], [80.0424172, 12.8226437], [80.0424064, 12.8227797], [80.0426103, 12.822832], [80.0426589, 12.8229091]]}}, {"type": "Feature", "properties": {"osm_id": 192303715, "highway": "path", "name": null, "source": "osm_overpass"}, "geometry": {"type": "LineString", "coordinates": [[80.242137, 12.822958], [80.2421585, 12.8229292], [80.2421898, 12.8228854], [80.2422811, 12.8228045], [80.2423492, 12.8227594], [80.2424355, 12.822731], [80.242534, 12.8227286], [80.2426167, 12.8227416], [80.2426787, 12.8227618], [80.2427221, 12.8227845]]}}, {"type": "Feature", "properties": {"osm_id": 192303717, "highway": "path", "name": null, "source": "osm_overpass"}, "geometry": {"type": "LineString", "coordinates": [[80.2414092, 12.8226417], [80.2414215, 12.8226003], [80.2415195, 12.8224478], [80.2415791, 12.8224371], [80.2416812, 12.822494], [80.2417815, 12.8225598], [80.2419016, 12.822595], [80.2420151, 12.8226285], [80.2421114, 12.8226654], [80.2422169, 12.8227484], [80.2422811, 12.8228045]]}}, {"type": "Feature", "properties": {"osm_id": 192303718, "highway": "path", "name": null, "source": "osm_overpass"}, "geometry": {"type": "LineString", "coordinates": [[80.2434622, 12.8230031], [80.2434608, 12.8229107], [80.2434685, 12.8228319], [80.243496, 12.8227355], [80.2435347, 12.8226327], [80.2435359, 12.8225604], [80.2435321, 12.8224983], [80.243527, 12.8223943], [80.2435238, 12.8223063], [80.2435135, 12.8222494], [80.2434867, 12.8222002], [80.2434472, 12.8221682], [80.2434029, 12.8221463], [80.2433646, 12.8221451], [80.2432503, 12.8221812], [80.243138, 12.822289], [80.2430985, 12.8223435]]}}, {"type": "Feature", "properties": {"osm_id": 192303721, "highway": "path", "name": null, "source": "osm_overpass"}, "geometry": {"type": "LineString", "coordinates": [[80.2421585, 12.8229292], [80.242224, 12.8229752], [80.2422969, 12.8230273], [80.2423687, 12.8230665], [80.2424404, 12.8231008], [80.2425218, 12.8230878], [80.2425778, 12.8230374], [80.2426161, 12.8229764], [80.2426429, 12.8229301], [80.2426699, 12.8228836], [80.2428209, 12.8229301], [80.242915, 12.8229541], [80.2430556, 12.8229799], [80.2432024, 12.8229715], [80.2432712, 12.8230174], [80.2433668, 12.8230143], [80.2434622, 12.8230031], [80.2435078, 12.822994]]}}, {"type": "Feature", "properties": {"osm_id": 192303722, "highway": "path", "name": null, "source": "osm_overpass"}, "geometry": {"type": "LineString", "coordinates": [[80.2435735, 12.8225548], [80.2435359, 12.8225604], [80.2433901, 12.8225809], [80.243306, 12.8225768], [80.2432255, 12.8225664], [80.2431079, 12.8225337], [80.2430147, 12.8224991], [80.2429138, 12.8224464], [80.2428518, 12.822412], [80.2428153, 12.8224209], [80.2427478, 12.8224968], [80.2426696, 12.8224607], [80.2425819, 12.8224691], [80.2424822, 12.8224958], [80.242381, 12.8225334], [80.2423016, 12.8225982], [80.2422604, 12.8226686], [80.2422169, 12.8227484], [80.2421898, 12.8228854]]}}, {"type": "Feature", "properties": {"osm_id": 192303724, "highway": "path", "name": null, "source": "osm_overpass"}, "geometry": {"type": "LineString", "coordinates": [[80.2433668, 12.8230143], [80.2433612, 12.8229822]]}}, {"type": "Feature", "properties": {"osm_id": 192303729, "highway": "path", "name": null, "source": "osm_overpass"}, "geometry": {"type": "LineString", "coordinates": [[80.2426699, 12.8228836], [80.2426966, 12.8228354], [80.2427221, 12.8227845], [80.2427836, 12.8227557], [80.2428549, 12.822759], [80.2428968, 12.8227874], [80.2429518, 12.822826]]}}, {"type": "Feature", "properties": {"osm_id": 199149645, "highway": "footway", "name": null, "source": "osm_overpass"}, "geometry": {"type": "LineString", "coordinates": [[80.1331455, 12.9423585], [80.1330902, 12.9424114], [80.1330181, 12.9424842], [80.1329792, 12.9425258]]}}, {"type": "Feature", "properties": {"osm_id": 204780211, "highway": "footway", "name": null, "source": "osm_overpass"}, "geometry": {"type": "LineString", "coordinates": [[80.242886, 12.9915152], [80.2428566, 12.9912565], [80.242844, 12.9910598]]}}, {"type": "Feature", "properties": {"osm_id": 206410927, "highway": "footway", "name": null, "source": "osm_overpass"}, "geometry": {"type": "LineString", "coordinates": [[80.233301, 12.9873055], [80.2334115, 12.9872796], [80.2336166, 12.9872357], [80.2337929, 12.9872117], [80.2340124, 12.9871617], [80.2344008, 12.9869949]]}}, {"type": "Feature", "properties": {"osm_id": 206412004, "highway": "footway", "name": null, "source": "osm_overpass"}, "geometry": {"type": "LineString", "coordinates": [[80.2323304, 12.9895666], [80.2322739, 12.9895647]]}}, {"type": "Feature", "properties": {"osm_id": 206819110, "highway": "pedestrian", "name": null, "source": "osm_overpass"}, "geometry": {"type": "LineString", "coordinates": [[80.2238937, 13.0296979], [80.2240797, 13.0296877]]}}, {"type": "Feature", "properties": {"osm_id": 207875607, "highway": "pedestrian", "name": null, "source": "osm_overpass"}, "geometry": {"type": "LineString", "coordinates": [[80.2835546, 13.0719816], [80.283473, 13.0726147]]}}, {"type": "Feature", "properties": {"osm_id": 208572074, "highway": "footway", "name": null, "source": "osm_overpass"}, "geometry": {"type": "LineString", "coordinates": [[80.2671056, 13.031127], [80.2669456, 13.0311484], [80.2668587, 13.0311657]]}}, {"type": "Feature", "properties": {"osm_id": 208572075, "highway": "footway", "name": null, "source": "osm_overpass"}, "geometry": {"type": "LineString", "coordinates": [[80.2670965, 13.0310632], [80.2671056, 13.031127], [80.2671157, 13.0311977], [80.2673622, 13.0311643], [80.2673429, 13.0310297], [80.2670965, 13.0310632]]}}, {"type": "Feature", "properties": {"osm_id": 208593378, "highway": "footway", "name": null, "source": "osm_overpass"}, "geometry": {"type": "LineString", "coordinates": [[80.2637498, 13.0311956], [80.2632988, 13.0312202], [80.2629151, 13.0312348]]}}, {"type": "Feature", "properties": {"osm_id": 209513224, "highway": "footway", "name": null, "source": "osm_overpass"}, "geometry": {"type": "LineString", "coordinates": [[80.228498, 13.0412667], [80.228839, 13.0411874]]}}, {"type": "Feature", "properties": {"osm_id": 209513225, "highway": "footway", "name": null, "source": "osm_overpass"}, "geometry": {"type": "LineString", "coordinates": [[80.228875, 13.0412513], [80.2285266, 13.0413294]]}}, {"type": "Feature", "properties": {"osm_id": 209558535, "highway": "footway", "name": null, "source": "osm_overpass"}, "geometry": {"type": "LineString", "coordinates": [[80.2624022, 13.0787611], [80.2623264, 13.0787577]]}}, {"type": "Feature", "properties": {"osm_id": 209558537, "highway": "footway", "name": null, "source": "osm_overpass"}, "geometry": {"type": "LineString", "coordinates": [[80.2624265, 13.0786063], [80.2623533, 13.078602]]}}, {"type": "Feature", "properties": {"osm_id": 209558539, "highway": "footway", "name": null, "source": "osm_overpass"}, "geometry": {"type": "LineString", "coordinates": [[80.2533794, 13.0765879], [80.2533373, 13.077044]]}}, {"type": "Feature", "properties": {"osm_id": 209558541, "highway": "footway", "name": null, "source": "osm_overpass"}, "geometry": {"type": "LineString", "coordinates": [[80.2601081, 13.0785973], [80.2608153, 13.0787125]]}}, {"type": "Feature", "properties": {"osm_id": 209558543, "highway": "footway", "name": null, "source": "osm_overpass"}, "geometry": {"type": "LineString", "coordinates": [[80.2624557, 13.0784206], [80.2623867, 13.0784097]]}}, {"type": "Feature", "properties": {"osm_id": 209558544, "highway": "footway", "name": null, "source": "osm_overpass"}, "geometry": {"type": "LineString", "coordinates": [[80.2602899, 13.0774653], [80.260238, 13.0777882], [80.2602101, 13.0779619], [80.2601942, 13.078061], [80.2601606, 13.0782704], [80.2601323, 13.0784463], [80.2601081, 13.0785973]]}}, {"type": "Feature", "properties": {"osm_id": 209558546, "highway": "footway", "name": null, "source": "osm_overpass"}, "geometry": {"type": "LineString", "coordinates": [[80.2624689, 13.0780658], [80.2624319, 13.0783003]]}}, {"type": "Feature", "properties": {"osm_id": 209558548, "highway": "footway", "name": null, "source": "osm_overpass"}, "geometry": {"type": "LineString", "coordinates": [[80.2625104, 13.0780723], [80.2624689, 13.0780658]]}}, {"type": "Feature", "properties": {"osm_id": 209558552, "highway": "footway", "name": null, "source": "osm_overpass"}, "geometry": {"type": "LineString", "coordinates": [[80.262374, 13.0789399], [80.2626095, 13.0789831], [80.2631639, 13.0791141]]}}, {"type": "Feature", "properties": {"osm_id": 209582670, "highway": "footway", "name": null, "source": "osm_overpass"}, "geometry": {"type": "LineString", "coordinates": [[80.2259875, 13.0146792], [80.2261108, 13.0147244], [80.2262209, 13.0147728]]}}, {"type": "Feature", "properties": {"osm_id": 211277568, "highway": "footway", "name": null, "source": "osm_overpass"}, "geometry": {"type": "LineString", "coordinates": [[80.2701127, 13.0335682], [80.2702825, 13.0335274], [80.2703023, 13.0334715]]}}, {"type": "Feature", "properties": {"osm_id": 211277569, "highway": "footway", "name": null, "source": "osm_overpass"}, "geometry": {"type": "LineString", "coordinates": [[80.2696146, 13.0337363], [80.2694953, 13.0337645], [80.2694746, 13.0337663]]}}, {"type": "Feature", "properties": {"osm_id": 211277570, "highway": "footway", "name": null, "source": "osm_overpass"}, "geometry": {"type": "LineString", "coordinates": [[80.2695876, 13.0336578], [80.2697547, 13.0334856], [80.2699648, 13.0334273], [80.2700776, 13.0334666], [80.2701127, 13.0335682], [80.2702126, 13.0338572], [80.2699899, 13.0339656], [80.2697227, 13.0340511], [80.2696146, 13.0337363], [80.2695876, 13.0336578]]}}, {"type": "Feature", "properties": {"osm_id": 211331118, "highway": "footway", "name": null, "source": "osm_overpass"}, "geometry": {"type": "LineString", "coordinates": [[80.2407043, 13.0732585], [80.240537, 13.0738083], [80.2405156, 13.0738788], [80.2404774, 13.0740868], [80.2404622, 13.074317], [80.2404526, 13.0761982], [80.2404679, 13.0763244], [80.240484, 13.0764063]]}}, {"type": "Feature", "properties": {"osm_id": 211331120, "highway": "footway", "name": null, "source": "osm_overpass"}, "geometry": {"type": "LineString", "coordinates": [[80.240573, 13.076335], [80.2405727, 13.0762167], [80.2405918, 13.074278], [80.2406185, 13.0740125], [80.2406414, 13.0738862], [80.2406551, 13.0738407], [80.2408191, 13.0732962], [80.2409636, 13.0728166], [80.2410131, 13.0727163], [80.241153, 13.0724924]]}}, {"type": "Feature", "properties": {"osm_id": 211423273, "highway": "footway", "name": null, "source": "osm_overpass"}, "geometry": {"type": "LineString", "coordinates": [[80.2802592, 13.0618851], [80.2804617, 13.0618483], [80.2805003, 13.0618425]]}}, {"type": "Feature", "properties": {"osm_id": 211531345, "highway": "pedestrian", "name": null, "source": "osm_overpass"}, "geometry": {"type": "LineString", "coordinates": [[80.2745797, 13.0313916], [80.2745751, 13.0311451], [80.2744691, 13.0311297], [80.2744265, 13.0311087], [80.2741307, 13.0310737]]}}, {"type": "Feature", "properties": {"osm_id": 211638783, "highway": "pedestrian", "name": null, "source": "osm_overpass"}, "geometry": {"type": "LineString", "coordinates": [[80.2650465, 13.0220142], [80.2650148, 13.0216625], [80.2650091, 13.021599], [80.2649322, 13.0213559], [80.2648199, 13.0212142], [80.2646723, 13.0211554], [80.2644238, 13.0211788], [80.2640258, 13.0212162], [80.2638262, 13.0212162], [80.2637056, 13.021123], [80.2635705, 13.0210926], [80.2632352, 13.021166]]}}, {"type": "Feature", "properties": {"osm_id": 211638786, "highway": "footway", "name": null, "source": "osm_overpass"}, "geometry": {"type": "LineString", "coordinates": [[80.2670464, 13.0230448], [80.2668112, 13.0226954], [80.2666642, 13.0224949], [80.2665672, 13.0221769], [80.2664673, 13.0216212], [80.2664202, 13.0212145], [80.2664437, 13.0211056], [80.2665349, 13.0209768], [80.2666789, 13.0205586], [80.2667466, 13.0204468], [80.2668994, 13.020232], [80.2669288, 13.0200458], [80.2669171, 13.0199456], [80.2668377, 13.0198253], [80.2666466, 13.0198024], [80.2664379, 13.0197737], [80.2662938, 13.0196505], [80.2661644, 13.0193612], [80.2660321, 13.0191951], [80.2659156, 13.0190881]]}}, {"type": "Feature", "properties": {"osm_id": 211638787, "highway": "footway", "name": null, "source": "osm_overpass"}, "geometry": {"type": "LineString", "coordinates": [[80.2650148, 13.0216625], [80.2651317, 13.0216496], [80.2651799, 13.0216345]]}}, {"type": "Feature", "properties": {"osm_id": 211638789, "highway": "footway", "name": null, "source": "osm_overpass"}, "geometry": {"type": "LineString", "coordinates": [[80.2651317, 13.0216496], [80.2651401, 13.0219798], [80.2652793, 13.0223221], [80.2653563, 13.0223443], [80.2656203, 13.0226887], [80.2658594, 13.0229034], [80.2659616, 13.0229388], [80.2661878, 13.0231565], [80.2663479, 13.0232234], [80.2665017, 13.0234502], [80.2666867, 13.0235272], [80.2667637, 13.0236406], [80.2667803, 13.0237236], [80.2668676, 13.0237804], [80.2670131, 13.0238472], [80.2672127, 13.0239687], [80.2673977, 13.0242462], [80.2674975, 13.0243961], [80.2676534, 13.0245622], [80.2677781, 13.0247566], [80.2678842, 13.0248498], [80.2680255, 13.0248862], [80.268433, 13.0249632], [80.2692895, 13.0250503], [80.2695202, 13.0250422], [80.2698591, 13.0250543], [80.2701855, 13.0250503], [80.2704869, 13.0249632], [80.2709006, 13.0248538], [80.2711667, 13.0247991], [80.2714744, 13.0247465], [80.2717654, 13.0246229], [80.2718922, 13.0244811]]}}, {"type": "Feature", "properties": {"osm_id": 211638790, "highway": "footway", "name": null, "source": "osm_overpass"}, "geometry": {"type": "LineString", "coordinates": [[80.2660813, 13.0188644], [80.2659557, 13.0190691], [80.2659156, 13.0190881], [80.2656117, 13.0192323], [80.2651266, 13.0193154], [80.2650384, 13.0194157], [80.2649561, 13.019662], [80.2647827, 13.0197709], [80.2645034, 13.0198826], [80.2642329, 13.0199227], [80.2641506, 13.0199971], [80.2639889, 13.020295], [80.2639742, 13.0204812], [80.2640683, 13.0206502], [80.2642505, 13.0207276], [80.2643064, 13.020865], [80.2643769, 13.0209051], [80.2645886, 13.020865], [80.2647944, 13.0209252], [80.2649826, 13.0210684], [80.265206, 13.0213606], [80.2653121, 13.0215576], [80.2653618, 13.0216499], [80.2654765, 13.0218876], [80.2655853, 13.0221368], [80.2657499, 13.0222972], [80.2658675, 13.0224691], [80.2658969, 13.022598], [80.2659939, 13.0226725], [80.2661292, 13.0226782], [80.266432, 13.0225292], [80.266529, 13.0225006], [80.2666642, 13.0224949]]}}, {"type": "Feature", "properties": {"osm_id": 211864572, "highway": "footway", "name": null, "source": "osm_overpass"}, "geometry": {"type": "LineString", "coordinates": [[80.2754737, 13.0647053], [80.2751883, 13.0647208]]}}, {"type": "Feature", "properties": {"osm_id": 211864578, "highway": "footway", "name": null, "source": "osm_overpass"}, "geometry": {"type": "LineString", "coordinates": [[80.2754827, 13.0647997], [80.2751886, 13.0648093]]}}, {"type": "Feature", "properties": {"osm_id": 211889968, "highway": "footway", "name": null, "source": "osm_overpass"}, "geometry": {"type": "LineString", "coordinates": [[80.2499483, 13.0401073], [80.2499392, 13.0403982]]}}, {"type": "Feature", "properties": {"osm_id": 211889969, "highway": "footway", "name": null, "source": "osm_overpass"}, "geometry": {"type": "LineString", "coordinates": [[80.2494791, 13.0406059], [80.2497297, 13.0406307], [80.2497424, 13.040632], [80.2497525, 13.0406386], [80.2497578, 13.0406457], [80.2497578, 13.0406593], [80.2496884, 13.0412012]]}}, {"type": "Feature", "properties": {"osm_id": 211889971, "highway": "pedestrian", "name": null, "source": "osm_overpass"}, "geometry": {"type": "LineString", "coordinates": [[80.2514326, 13.0364371], [80.2514763, 13.0367718]]}}, {"type": "Feature", "properties": {"osm_id": 214188209, "highway": "pedestrian", "name": "Service Road", "source": "osm_overpass"}, "geometry": {"type": "LineString", "coordinates": [[80.2232415, 13.0212706], [80.2233765, 13.0213411], [80.223512, 13.0214122], [80.2237165, 13.0215196], [80.2241874, 13.021773], [80.2242731, 13.0218158]]}}, {"type": "Feature", "properties": {"osm_id": 214188210, "highway": "footway", "name": null, "source": "osm_overpass"}, "geometry": {"type": "LineString", "coordinates": [[80.2238048, 13.0209882], [80.2233628, 13.0208649], [80.2233466, 13.0208918], [80.2231349, 13.0208102]]}}, {"type": "Feature", "properties": {"osm_id": 214202929, "highway": "path", "name": null, "source": "osm_overpass"}, "geometry": {"type": "LineString", "coordinates": [[80.2256658, 13.0307024], [80.2259382, 13.030577], [80.2259997, 13.0305539]]}}, {"type": "Feature", "properties": {"osm_id": 214202933, "highway": "footway", "name": null, "source": "osm_overpass"}, "geometry": {"type": "LineString", "coordinates": [[80.2279979, 13.0375841], [80.2278851, 13.0376048], [80.2278747, 13.0376066], [80.2278656, 13.0376025], [80.2278606, 13.0375932], [80.2278583, 13.0375813], [80.2278489, 13.0375385]]}}, {"type": "Feature", "properties": {"osm_id": 214599113, "highway": "footway", "name": null, "source": "osm_overpass"}, "geometry": {"type": "LineString", "coordinates": [[80.2313105, 13.0503449], [80.2313124, 13.0504116], [80.230812, 13.0505005]]}}, {"type": "Feature", "properties": {"osm_id": 214599118, "highway": "footway", "name": null, "source": "osm_overpass"}, "geometry": {"type": "LineString", "coordinates": [[80.251152, 13.06245], [80.2501929, 13.0627305], [80.2501225, 13.0627774]]}}, {"type": "Feature", "properties": {"osm_id": 214698569, "highway": "path", "name": null, "source": "osm_overpass"}, "geometry": {"type": "LineString", "coordinates": [[80.275909, 13.0775922], [80.2758702, 13.0779108], [80.2758511, 13.0779428], [80.2758106, 13.0779599], [80.2749981, 13.0779745], [80.2748058, 13.0779975], [80.2747299, 13.0780681], [80.2746872, 13.0781529], [80.2746495, 13.0783195]]}}, {"type": "Feature", "properties": {"osm_id": 214698584, "highway": "footway", "name": null, "source": "osm_overpass"}, "geometry": {"type": "LineString", "coordinates": [[80.272968, 13.0808946], [80.2720199, 13.0809467], [80.2714846, 13.0808867]]}}, {"type": "Feature", "properties": {"osm_id": 214698597, "highway": "path", "name": null, "source": "osm_overpass"}, "geometry": {"type": "LineString", "coordinates": [[80.2755811, 13.0775804], [80.2755684, 13.0776416], [80.2755456, 13.0776906], [80.2755227, 13.0777336], [80.2754861, 13.0777752], [80.2754404, 13.0778064], [80.275381, 13.0778271], [80.2753109, 13.0778242], [80.274569, 13.0777589], [80.2745814, 13.0775281], [80.2749815, 13.0775479], [80.2755811, 13.0775804], [80.275909, 13.0775922]]}}, {"type": "Feature", "properties": {"osm_id": 214698607, "highway": "path", "name": null, "source": "osm_overpass"}, "geometry": {"type": "LineString", "coordinates": [[80.2750973, 13.0763998], [80.2749971, 13.0767995], [80.2749971, 13.0769181], [80.2750544, 13.0771017], [80.2751665, 13.0771807], [80.2753407, 13.0773062], [80.2758036, 13.0774828], [80.2758967, 13.0775572], [80.275909, 13.0775922]]}}, {"type": "Feature", "properties": {"osm_id": 214711588, "highway": "pedestrian", "name": null, "source": "osm_overpass"}, "geometry": {"type": "LineString", "coordinates": [[80.2667417, 13.0689827], [80.2669964, 13.0689897]]}}, {"type": "Feature", "properties": {"osm_id": 214711602, "highway": "footway", "name": null, "source": "osm_overpass"}, "geometry": {"type": "LineString", "coordinates": [[80.2686059, 13.070234], [80.2686682, 13.0703242], [80.2685665, 13.0705973], [80.2685061, 13.0707955], [80.2684647, 13.0708692], [80.2682672, 13.0711112], [80.2681525, 13.0712759], [80.2679183, 13.0714707], [80.2677479, 13.0716423], [80.2675894, 13.0718612], [80.2674534, 13.0719742], [80.2673434, 13.0720571], [80.2672701, 13.0721597], [80.2671814, 13.0722806], [80.2671364, 13.0722783], [80.2670441, 13.0723751], [80.2670229, 13.0724396], [80.2669424, 13.072533], [80.2667496, 13.0726781], [80.2666727, 13.0727968], [80.2665817, 13.0729132], [80.2663995, 13.0730538], [80.2663368, 13.0731413], [80.2662587, 13.0732704], [80.2661535, 13.0733741], [80.2660281, 13.0734881], [80.2659678, 13.0735814], [80.2658956, 13.0737151], [80.2657821, 13.0738453], [80.2656614, 13.0741011], [80.26562, 13.0742071], [80.2656094, 13.0742969], [80.2656058, 13.0744214], [80.2655632, 13.0745205], [80.2655136, 13.074623], [80.2655029, 13.0746979], [80.2655041, 13.0748454], [80.2654426, 13.0750666], [80.2654379, 13.0751634], [80.2654651, 13.0753443], [80.2654509, 13.0754203], [80.2654284, 13.0755275], [80.2654668, 13.0757745]]}}, {"type": "Feature", "properties": {"osm_id": 215526715, "highway": "footway", "name": null, "source": "osm_overpass"}, "geometry": {"type": "LineString", "coordinates": [[80.2231876, 13.0488103], [80.2231475, 13.0485051], [80.2231061, 13.0481419], [80.2230662, 13.0479675], [80.2230054, 13.0478779], [80.2229029, 13.0476832], [80.222846, 13.0475219]]}}, {"type": "Feature", "properties": {"osm_id": 217609823, "highway": "footway", "name": null, "source": "osm_overpass"}, "geometry": {"type": "LineString", "coordinates": [[80.2811216, 13.09014], [80.281141, 13.0903811], [80.28116, 13.090722]]}}, {"type": "Feature", "properties": {"osm_id": 217672438, "highway": "footway", "name": null, "source": "osm_overpass"}, "geometry": {"type": "LineString", "coordinates": [[80.2866897, 13.0995305], [80.285858, 13.0995939]]}}, {"type": "Feature", "properties": {"osm_id": 217677428, "highway": "footway", "name": null, "source": "osm_overpass"}, "geometry": {"type": "LineString", "coordinates": [[80.2945675, 13.107428], [80.2948926, 13.108303]]}}, {"type": "Feature", "properties": {"osm_id": 217685949, "highway": "footway", "name": "Madum Lane", "source": "osm_overpass"}, "geometry": {"type": "LineString", "coordinates": [[80.2512961, 13.0828503], [80.2498862, 13.0830782]]}}, {"type": "Feature", "properties": {"osm_id": 217687998, "highway": "pedestrian", "name": null, "source": "osm_overpass"}, "geometry": {"type": "LineString", "coordinates": [[80.2413188, 13.0599219], [80.2412728, 13.059515]]}}, {"type": "Feature", "properties": {"osm_id": 217731043, "highway": "footway", "name": null, "source": "osm_overpass"}, "geometry": {"type": "LineString", "coordinates": [[80.2331768, 13.0420056], [80.2331568, 13.0419436], [80.2330942, 13.0417261], [80.2330495, 13.0416082], [80.2330439, 13.0415211], [80.2330607, 13.0414141], [80.2330905, 13.0413197], [80.2330905, 13.0412635], [80.2330532, 13.0412199], [80.2329806, 13.0412199], [80.2328949, 13.0412653], [80.2328614, 13.041356], [80.2327906, 13.0414032], [80.232636, 13.0414449]]}}, {"type": "Feature", "properties": {"osm_id": 217731044, "highway": "footway", "name": null, "source": "osm_overpass"}, "geometry": {"type": "LineString", "coordinates": [[80.2335149, 13.0412691], [80.2335151, 13.0413524], [80.233502, 13.0414612], [80.2334052, 13.0415792], [80.2332357, 13.0416826], [80.2330942, 13.0417261], [80.2329433, 13.0417316], [80.2327403, 13.0416935], [80.2327049, 13.0416809], [80.232623, 13.0416517], [80.2325653, 13.041581], [80.2325429, 13.0414558], [80.2325485, 13.0413179], [80.2325805, 13.04124], [80.2326044, 13.0411818], [80.2327627, 13.0411147], [80.232934, 13.0410585], [80.2330085, 13.0410694], [80.2330737, 13.0410929], [80.2331519, 13.0411837], [80.2332022, 13.0413052], [80.2332024, 13.0413064], [80.2331892, 13.0414231], [80.2331072, 13.0415048], [80.2330439, 13.0415211]]}}, {"type": "Feature", "properties": {"osm_id": 217731045, "highway": "footway", "name": null, "source": "osm_overpass"}, "geometry": {"type": "LineString", "coordinates": [[80.232934, 13.0410585], [80.2328941, 13.0408352], [80.2328854, 13.0407239]]}}, {"type": "Feature", "properties": {"osm_id": 217731046, "highway": "footway", "name": null, "source": "osm_overpass"}, "geometry": {"type": "LineString", "coordinates": [[80.2325805, 13.04124], [80.232636, 13.0414449], [80.2327049, 13.0416809]]}}, {"type": "Feature", "properties": {"osm_id": 217731047, "highway": "footway", "name": null, "source": "osm_overpass"}, "geometry": {"type": "LineString", "coordinates": [[80.2338022, 13.0412348], [80.2337197, 13.0412446], [80.2335149, 13.0412691], [80.2332024, 13.0413064], [80.2330905, 13.0413197]]}}, {"type": "Feature", "properties": {"osm_id": 217753824, "highway": "pedestrian", "name": null, "source": "osm_overpass"}, "geometry": {"type": "LineString", "coordinates": [[80.2148804, 13.0560127], [80.2148532, 13.0555085]]}}, {"type": "Feature", "properties": {"osm_id": 217767215, "highway": "path", "name": null, "source": "osm_overpass"}, "geometry": {"type": "LineString", "coordinates": [[80.2566313, 13.0602119], [80.2573599, 13.060179]]}}, {"type": "Feature", "properties": {"osm_id": 217848803, "highway": "footway", "name": null, "source": "osm_overpass"}, "geometry": {"type": "LineString", "coordinates": [[80.2878771, 13.0851994], [80.2879165, 13.0852051], [80.2882591, 13.0852551], [80.2885034, 13.0853075], [80.2887752, 13.0854287], [80.2890645, 13.0856031], [80.2891882, 13.0856777]]}}, {"type": "Feature", "properties": {"osm_id": 217875235, "highway": "footway", "name": null, "source": "osm_overpass"}, "geometry": {"type": "LineString", "coordinates": [[80.2813968, 13.1089123], [80.2814327, 13.10905]]}}, {"type": "Feature", "properties": {"osm_id": 217928942, "highway": "pedestrian", "name": null, "source": "osm_overpass"}, "geometry": {"type": "LineString", "coordinates": [[80.2066952, 13.1053267], [80.2065513, 13.1047939], [80.2064302, 13.104813], [80.2061407, 13.1051368]]}}, {"type": "Feature", "properties": {"osm_id": 218212383, "highway": "pedestrian", "name": null, "source": "osm_overpass"}, "geometry": {"type": "LineString", "coordinates": [[80.2968143, 13.1529787], [80.2968762, 13.1533244], [80.297378, 13.1532514]]}}, {"type": "Feature", "properties": {"osm_id": 225248070, "highway": "path", "name": null, "source": "osm_overpass"}, "geometry": {"type": "LineString", "coordinates": [[80.1748408, 12.9415318], [80.174932, 12.9410756], [80.1752659, 12.9411544], [80.1751678, 12.9416174], [80.1748408, 12.9415318]]}}, {"type": "Feature", "properties": {"osm_id": 225251259, "highway": "footway", "name": null, "source": "osm_overpass"}, "geometry": {"type": "LineString", "coordinates": [[80.2358454, 13.0119877], [80.2357714, 13.0114751]]}}, {"type": "Feature", "properties": {"osm_id": 225251260, "highway": "footway", "name": null, "source": "osm_overpass"}, "geometry": {"type": "LineString", "coordinates": [[80.2352708, 13.0120943], [80.2352009, 13.0115575]]}}, {"type": "Feature", "properties": {"osm_id": 225251261, "highway": "footway", "name": null, "source": "osm_overpass"}, "geometry": {"type": "LineString", "coordinates": [[80.2349868, 13.0113191], [80.2350763, 13.0113074], [80.2350694, 13.0112671], [80.2351574, 13.0112552], [80.2357708, 13.0111719], [80.2359714, 13.0111447], [80.2359503, 13.0110345]]}}, {"type": "Feature", "properties": {"osm_id": 225251262, "highway": "footway", "name": null, "source": "osm_overpass"}, "geometry": {"type": "LineString", "coordinates": [[80.2350694, 13.0112671], [80.2350488, 13.011138], [80.2349627, 13.0111497]]}}, {"type": "Feature", "properties": {"osm_id": 225251263, "highway": "footway", "name": null, "source": "osm_overpass"}, "geometry": {"type": "LineString", "coordinates": [[80.2351574, 13.0112552], [80.2352009, 13.0115575]]}}, {"type": "Feature", "properties": {"osm_id": 225251264, "highway": "footway", "name": null, "source": "osm_overpass"}, "geometry": {"type": "LineString", "coordinates": [[80.2357708, 13.0111719], [80.2358139, 13.0114689]]}}, {"type": "Feature", "properties": {"osm_id": 225251266, "highway": "footway", "name": null, "source": "osm_overpass"}, "geometry": {"type": "LineString", "coordinates": [[80.2359714, 13.0111447], [80.2359782, 13.0112051]]}}, {"type": "Feature", "properties": {"osm_id": 235817921, "highway": "footway", "name": null, "source": "osm_overpass"}, "geometry": {"type": "LineString", "coordinates": [[80.2115238, 13.111023], [80.2114891, 13.1107044]]}}, {"type": "Feature", "properties": {"osm_id": 240459460, "highway": "footway", "name": null, "source": "osm_overpass"}, "geometry": {"type": "LineString", "coordinates": [[80.2813673, 13.052243], [80.2812991, 13.0523141], [80.2812708, 13.0524243], [80.2813054, 13.052507], [80.2813871, 13.0526204], [80.2813903, 13.0527031], [80.281384, 13.0527827], [80.281362, 13.0528746], [80.2813682, 13.0529205], [80.2812965, 13.052937], [80.2812585, 13.0529457]]}}, {"type": "Feature", "properties": {"osm_id": 240459461, "highway": "footway", "name": null, "source": "osm_overpass"}, "geometry": {"type": "LineString", "coordinates": [[80.2837484, 13.0643093], [80.2837305, 13.0642494], [80.2836924, 13.0640328], [80.2836287, 13.0639606], [80.2835413, 13.0639261], [80.283506, 13.0638555], [80.2830595, 13.0621011], [80.282686, 13.0603606], [80.2821577, 13.0575807], [80.281829, 13.0560087], [80.281826, 13.0559945], [80.281812, 13.0559228], [80.2816025, 13.0548504], [80.2812965, 13.052937], [80.2809912, 13.0510273], [80.2807643, 13.0495488], [80.2805566, 13.0480958], [80.2803479, 13.0466006], [80.2801332, 13.0451356], [80.2800696, 13.0446827], [80.2799137, 13.0435722], [80.2799247, 13.0435215], [80.2799417, 13.0434429], [80.2799571, 13.0433335], [80.2799188, 13.0432291], [80.2798473, 13.043142], [80.2795669, 13.041597], [80.2794345, 13.040868], [80.2794262, 13.0408221], [80.2794063, 13.0407361], [80.2791885, 13.0397839], [80.2790986, 13.0393912]]}}, {"type": "Feature", "properties": {"osm_id": 240459462, "highway": "footway", "name": null, "source": "osm_overpass"}, "geometry": {"type": "LineString", "coordinates": [[80.2803484, 13.0451144], [80.2805806, 13.0465739], [80.2807846, 13.0480575], [80.2808798, 13.0488265], [80.28097, 13.0495156], [80.2811617, 13.0509925], [80.2812218, 13.051328], [80.2812499, 13.0519446], [80.2813673, 13.052243], [80.2814745, 13.0522654], [80.2815562, 13.05234], [80.2815919, 13.0524792], [80.281814, 13.0539686], [80.2817244, 13.0540956], [80.2817023, 13.0541711], [80.2819724, 13.0558943], [80.281812, 13.0559228], [80.2817654, 13.0559311], [80.28169, 13.0559429], [80.2816182, 13.0559888]]}}, {"type": "Feature", "properties": {"osm_id": 240459463, "highway": "footway", "name": null, "source": "osm_overpass"}, "geometry": {"type": "LineString", "coordinates": [[80.2807846, 13.0480575], [80.2805566, 13.0480958], [80.2805285, 13.0481068]]}}, {"type": "Feature", "properties": {"osm_id": 240459465, "highway": "footway", "name": null, "source": "osm_overpass"}, "geometry": {"type": "LineString", "coordinates": [[80.2837252, 13.0639277], [80.2836813, 13.0636357], [80.2829477, 13.0603198]]}}, {"type": "Feature", "properties": {"osm_id": 240461915, "highway": "footway", "name": null, "source": "osm_overpass"}, "geometry": {"type": "LineString", "coordinates": [[80.2608069, 13.0541643], [80.2608033, 13.0540949]]}}, {"type": "Feature", "properties": {"osm_id": 240472107, "highway": "footway", "name": null, "source": "osm_overpass"}, "geometry": {"type": "LineString", "coordinates": [[80.254738, 13.0704648], [80.2545916, 13.0703627]]}}, {"type": "Feature", "properties": {"osm_id": 240472108, "highway": "footway", "name": null, "source": "osm_overpass"}, "geometry": {"type": "LineString", "coordinates": [[80.2545916, 13.0703627], [80.2544251, 13.0702062]]}}, {"type": "Feature", "properties": {"osm_id": 240933490, "highway": "footway", "name": null, "source": "osm_overpass"}, "geometry": {"type": "LineString", "coordinates": [[80.2729506, 13.0217569], [80.2725575, 13.0218898], [80.2719266, 13.0221267], [80.2716402, 13.0222834]]}}, {"type": "Feature", "properties": {"osm_id": 248649245, "highway": "footway", "name": null, "source": "osm_overpass"}, "geometry": {"type": "LineString", "coordinates": [[80.2663328, 12.9802105], [80.2671392, 12.9799896]]}}, {"type": "Feature", "properties": {"osm_id": 256677532, "highway": "path", "name": null, "source": "osm_overpass"}, "geometry": {"type": "LineString", "coordinates": [[80.1733958, 13.0143355], [80.1734505, 13.0144839], [80.1735091, 13.0145677]]}}, {"type": "Feature", "properties": {"osm_id": 262015227, "highway": "footway", "name": null, "source": "osm_overpass"}, "geometry": {"type": "LineString", "coordinates": [[80.2233466, 13.0208918], [80.2233795, 13.0209038], [80.2233676, 13.0209683], [80.2233883, 13.0209793], [80.2235393, 13.0210597], [80.2236756, 13.0211322], [80.2238186, 13.0212055]]}}, {"type": "Feature", "properties": {"osm_id": 262015228, "highway": "footway", "name": null, "source": "osm_overpass"}, "geometry": {"type": "LineString", "coordinates": [[80.2235393, 13.0210597], [80.2235041, 13.0211205], [80.2234683, 13.0211824], [80.2234289, 13.0212506], [80.2233765, 13.0213411]]}}, {"type": "Feature", "properties": {"osm_id": 262015230, "highway": "footway", "name": null, "source": "osm_overpass"}, "geometry": {"type": "LineString", "coordinates": [[80.2236756, 13.0211322], [80.2236396, 13.0211938], [80.2236043, 13.0212543], [80.2235645, 13.0213223], [80.223512, 13.0214122]]}}, {"type": "Feature", "properties": {"osm_id": 262015231, "highway": "footway", "name": null, "source": "osm_overpass"}, "geometry": {"type": "LineString", "coordinates": [[80.2233883, 13.0209793], [80.2233565, 13.0210405], [80.2233228, 13.0211054], [80.2232866, 13.0211754]]}}, {"type": "Feature", "properties": {"osm_id": 262015233, "highway": "footway", "name": null, "source": "osm_overpass"}, "geometry": {"type": "LineString", "coordinates": [[80.2232866, 13.0211754], [80.2234289, 13.0212506], [80.2235645, 13.0213223], [80.223684, 13.0213854]]}}, {"type": "Feature", "properties": {"osm_id": 262015234, "highway": "footway", "name": null, "source": "osm_overpass"}, "geometry": {"type": "LineString", "coordinates": [[80.2233228, 13.0211054], [80.2234683, 13.0211824], [80.2236043, 13.0212543], [80.2237393, 13.0213257], [80.2237742, 13.0213433], [80.2241412, 13.0215284]]}}, {"type": "Feature", "properties": {"osm_id": 262015236, "highway": "footway", "name": null, "source": "osm_overpass"}, "geometry": {"type": "LineString", "coordinates": [[80.2233565, 13.0210405], [80.2235041, 13.0211205], [80.2236396, 13.0211938], [80.223771, 13.021265], [80.2237935, 13.0212841], [80.2238113, 13.0212992], [80.2241569, 13.0214456], [80.2243178, 13.0215281]]}}, {"type": "Feature", "properties": {"osm_id": 262015237, "highway": "footway", "name": null, "source": "osm_overpass"}, "geometry": {"type": "LineString", "coordinates": [[80.2231848, 13.0211939], [80.2232866, 13.0211754]]}}, {"type": "Feature", "properties": {"osm_id": 309591836, "highway": "footway", "name": "Walkway", "source": "osm_overpass"}, "geometry": {"type": "LineString", "coordinates": [[80.168625, 13.0212077], [80.1685863, 13.0211041], [80.1685407, 13.0209823], [80.1687343, 13.0209165], [80.16874, 13.0209145], [80.168918, 13.0208546], [80.1689629, 13.0209613], [80.1689701, 13.0209784], [80.1690022, 13.0210644], [80.1688258, 13.0211314], [80.168625, 13.0212077]]}}, {"type": "Feature", "properties": {"osm_id": 309591839, "highway": "footway", "name": "Walkway", "source": "osm_overpass"}, "geometry": {"type": "LineString", "coordinates": [[80.1689629, 13.0209613], [80.1688029, 13.0210253], [80.1687869, 13.0210227], [80.168776, 13.0210258], [80.1687641, 13.0210292], [80.1687641, 13.0210448], [80.1687802, 13.0210514], [80.1687921, 13.0210484], [80.1688016, 13.0210461], [80.1688029, 13.0210253]]}}, {"type": "Feature", "properties": {"osm_id": 309591844, "highway": "footway", "name": "Walkway", "source": "osm_overpass"}, "geometry": {"type": "LineString", "coordinates": [[80.168776, 13.0210258], [80.1687343, 13.0209165]]}}, {"type": "Feature", "properties": {"osm_id": 309591846, "highway": "footway", "name": "Walkway", "source": "osm_overpass"}, "geometry": {"type": "LineString", "coordinates": [[80.1687641, 13.0210448], [80.1685863, 13.0211041]]}}, {"type": "Feature", "properties": {"osm_id": 309591849, "highway": "footway", "name": "Walkway", "source": "osm_overpass"}, "geometry": {"type": "LineString", "coordinates": [[80.1687921, 13.0210484], [80.1688258, 13.0211314], [80.1688347, 13.0211471], [80.1688364, 13.0211512], [80.1688414, 13.0211577], [80.1688458, 13.0211634]]}}, {"type": "Feature", "properties": {"osm_id": 309698588, "highway": "footway", "name": null, "source": "osm_overpass"}, "geometry": {"type": "LineString", "coordinates": [[80.1685851, 13.0212618], [80.1685895, 13.0212535], [80.1688414, 13.0211577], [80.1690599, 13.0210791], [80.1694355, 13.0209448]]}}, {"type": "Feature", "properties": {"osm_id": 323060914, "highway": "footway", "name": null, "source": "osm_overpass"}, "geometry": {"type": "LineString", "coordinates": [[80.2297691, 12.9812744], [80.2290827, 12.9808833], [80.2286797, 12.9806368]]}}, {"type": "Feature", "properties": {"osm_id": 323060918, "highway": "footway", "name": null, "source": "osm_overpass"}, "geometry": {"type": "LineString", "coordinates": [[80.2290827, 12.9808833], [80.2291934, 12.9807089]]}}, {"type": "Feature", "properties": {"osm_id": 326757022, "highway": "footway", "name": null, "source": "osm_overpass"}, "geometry": {"type": "LineString", "coordinates": [[80.242844, 12.9910598], [80.2426631, 12.9910639], [80.2421962, 12.9910926], [80.2419595, 12.9911179]]}}, {"type": "Feature", "properties": {"osm_id": 330343671, "highway": "footway", "name": null, "source": "osm_overpass"}, "geometry": {"type": "LineString", "coordinates": [[80.2298455, 12.9857119], [80.2298697, 12.9858066]]}}, {"type": "Feature", "properties": {"osm_id": 330343672, "highway": "footway", "name": null, "source": "osm_overpass"}, "geometry": {"type": "LineString", "coordinates": [[80.2298697, 12.9858066], [80.2299025, 12.9858053], [80.2299569, 12.9861071], [80.2298191, 12.9861256], [80.2297761, 12.9858164], [80.2298697, 12.9858066]]}}, {"type": "Feature", "properties": {"osm_id": 333380487, "highway": "footway", "name": null, "source": "osm_overpass"}, "geometry": {"type": "LineString", "coordinates": [[80.2365574, 13.0265126], [80.236474, 13.0262552]]}}, {"type": "Feature", "properties": {"osm_id": 333385670, "highway": "cycleway", "name": null, "source": "osm_overpass"}, "geometry": {"type": "LineString", "coordinates": [[80.2362413, 13.0269366], [80.2361897, 13.0269094], [80.2359108, 13.025919]]}}, {"type": "Feature", "properties": {"osm_id": 334478865, "highway": "footway", "name": null, "source": "osm_overpass"}, "geometry": {"type": "LineString", "coordinates": [[80.2237428, 13.0214393], [80.2241246, 13.0216059], [80.2241412, 13.0215284], [80.2241569, 13.0214456]]}}, {"type": "Feature", "properties": {"osm_id": 335568736, "highway": "footway", "name": null, "source": "osm_overpass"}, "geometry": {"type": "LineString", "coordinates": [[80.1141693, 12.9627854], [80.1141899, 12.9627304], [80.1141914, 12.9626844]]}}, {"type": "Feature", "properties": {"osm_id": 338527624, "highway": "footway", "name": null, "source": "osm_overpass"}, "geometry": {"type": "LineString", "coordinates": [[79.9721284, 12.9872068], [79.9724322, 12.9871992], [79.9724895, 12.9872488], [79.972512, 12.9872686], [79.9726567, 12.9873944], [79.9726875, 12.9874219], [79.9727172, 12.9874469], [79.9727492, 12.987484], [79.9727814, 12.9875215], [79.9729025, 12.9876621], [79.9729234, 12.987684]]}}, {"type": "Feature", "properties": {"osm_id": 338925025, "highway": "path", "name": null, "source": "osm_overpass"}, "geometry": {"type": "LineString", "coordinates": [[80.2216428, 13.0214844], [80.2216047, 13.0214815], [80.2215824, 13.0214821]]}}, {"type": "Feature", "properties": {"osm_id": 338925026, "highway": "path", "name": null, "source": "osm_overpass"}, "geometry": {"type": "LineString", "coordinates": [[80.221466, 13.02141], [80.2213181, 13.0213947], [80.2212959, 13.0214347], [80.2212882, 13.0215477], [80.2215121, 13.0215683], [80.2215783, 13.0215215], [80.2215824, 13.0214821], [80.2215519, 13.0214786], [80.2215554, 13.0214204], [80.221466, 13.02141]]}}, {"type": "Feature", "properties": {"osm_id": 338925068, "highway": "path", "name": null, "source": "osm_overpass"}, "geometry": {"type": "LineString", "coordinates": [[80.2214808, 13.0212875], [80.2214768, 13.0213126], [80.221466, 13.02141]]}}, {"type": "Feature", "properties": {"osm_id": 338972489, "highway": "footway", "name": null, "source": "osm_overpass"}, "geometry": {"type": "LineString", "coordinates": [[80.2207564, 12.8280767], [80.2208006, 12.8280763], [80.2208961, 12.8280759], [80.2208998, 12.8288364], [80.2208005, 12.8288369], [80.2207592, 12.828837], [80.2207575, 12.8284666], [80.2207564, 12.8280767], [80.2207559, 12.8279329]]}}, {"type": "Feature", "properties": {"osm_id": 338972491, "highway": "footway", "name": null, "source": "osm_overpass"}, "geometry": {"type": "LineString", "coordinates": [[80.2208006, 12.8284665], [80.2207575, 12.8284666], [80.2201516, 12.8284692]]}}, {"type": "Feature", "properties": {"osm_id": 341698849, "highway": "path", "name": null, "source": "osm_overpass"}, "geometry": {"type": "LineString", "coordinates": [[80.2229403, 13.0212306], [80.2232818, 13.0214017]]}}, {"type": "Feature", "properties": {"osm_id": 341698850, "highway": "path", "name": null, "source": "osm_overpass"}, "geometry": {"type": "LineString", "coordinates": [[80.2231875, 13.02125], [80.2228632, 13.0210808]]}}, {"type": "Feature", "properties": {"osm_id": 342279641, "highway": "footway", "name": null, "source": "osm_overpass"}, "geometry": {"type": "LineString", "coordinates": [[80.228085, 12.9806625], [80.2283084, 12.9806188]]}}, {"type": "Feature", "properties": {"osm_id": 346286015, "highway": "path", "name": null, "source": "osm_overpass"}, "geometry": {"type": "LineString", "coordinates": [[80.2370234, 13.1012636], [80.2370666, 13.1015646]]}}, {"type": "Feature", "properties": {"osm_id": 346286070, "highway": "footway", "name": null, "source": "osm_overpass"}, "geometry": {"type": "LineString", "coordinates": [[80.2448648, 13.1073354], [80.2448505, 13.1075293], [80.2448382, 13.1077209]]}}, {"type": "Feature", "properties": {"osm_id": 349614090, "highway": "footway", "name": null, "source": "osm_overpass"}, "geometry": {"type": "LineString", "coordinates": [[80.1374546, 13.1155958], [80.1374253, 13.1153307], [80.1374097, 13.1151732]]}}, {"type": "Feature", "properties": {"osm_id": 353683597, "highway": "footway", "name": null, "source": "osm_overpass"}, "geometry": {"type": "LineString", "coordinates": [[80.2452216, 13.0619915], [80.2453124, 13.0621502]]}}, {"type": "Feature", "properties": {"osm_id": 354247689, "highway": "footway", "name": null, "source": "osm_overpass"}, "geometry": {"type": "LineString", "coordinates": [[80.2060172, 13.1045903], [80.2060542, 13.1045796], [80.2062659, 13.1046319], [80.2063961, 13.1046002], [80.2063139, 13.1041808]]}}, {"type": "Feature", "properties": {"osm_id": 354561619, "highway": "path", "name": null, "source": "osm_overpass"}, "geometry": {"type": "LineString", "coordinates": [[80.1250132, 12.957699], [80.1251691, 12.9576974], [80.1251679, 12.9575861], [80.125012, 12.9575877], [80.1250132, 12.957699]]}}, {"type": "Feature", "properties": {"osm_id": 367932396, "highway": "footway", "name": null, "source": "osm_overpass"}, "geometry": {"type": "LineString", "coordinates": [[79.9823816, 13.0003685], [79.9820965, 13.0013074]]}}, {"type": "Feature", "properties": {"osm_id": 367932398, "highway": "footway", "name": null, "source": "osm_overpass"}, "geometry": {"type": "LineString", "coordinates": [[79.9827355, 13.0013933], [79.9825414, 13.0016757], [79.9825043, 13.001728]]}}, {"type": "Feature", "properties": {"osm_id": 367932399, "highway": "footway", "name": null, "source": "osm_overpass"}, "geometry": {"type": "LineString", "coordinates": [[79.9819468, 12.9996926], [79.9819426, 12.9999186], [79.9819123, 12.999991], [79.9815816, 13.0005302], [79.981535, 13.0005997]]}}, {"type": "Feature", "properties": {"osm_id": 367932400, "highway": "footway", "name": null, "source": "osm_overpass"}, "geometry": {"type": "LineString", "coordinates": [[79.9818375, 12.9996887], [79.9813663, 13.0003676], [79.9815816, 13.0005302], [79.981937, 13.0007985], [79.9820965, 13.0013074], [79.9822311, 13.0014697], [79.9825414, 13.0016757]]}}, {"type": "Feature", "properties": {"osm_id": 367933791, "highway": "path", "name": null, "source": "osm_overpass"}, "geometry": {"type": "LineString", "coordinates": [[79.9873222, 12.9977908], [79.9871559, 12.997842], [79.9867056, 12.9980844], [79.9864332, 12.9981862], [79.9862198, 12.9983921], [79.9860564, 12.9985021], [79.9859533, 12.9986765], [79.9859708, 12.9988983], [79.986159, 12.9993793], [79.9860885, 12.999525], [79.9857445, 12.9998291], [79.9854202, 13.0004103], [79.9854287, 13.0005891], [79.9851653, 13.0011517], [79.9850232, 13.0015466], [79.9849658, 13.0018344], [79.9849686, 13.0021507], [79.9849301, 13.0022204], [79.9846577, 13.0023947], [79.9843825, 13.002636], [79.9841762, 13.0027003], [79.982241, 13.0029709], [79.9820814, 13.0028534], [79.98172, 13.0021858], [79.980793, 13.0012317], [79.9798012, 13.001218], [79.9792537, 13.001411], [79.9790335, 13.0012796], [79.9787722, 13.0012796], [79.9787116, 13.0014298], [79.9789502, 13.0024208], [79.979041, 13.0024905], [79.9790355, 13.002587], [79.9788787, 13.0027773], [79.9784522, 13.002906], [79.9779962, 13.0031457], [79.9776358, 13.0034353], [79.9775938, 13.0035236], [79.9774227, 13.0040419], [79.9773557, 13.0044631], [79.9773674, 13.0046754], [79.9774436, 13.0049661], [79.9776914, 13.0056843], [79.9777712, 13.0057715], [79.978135, 13.005718], [79.9784774, 13.0057085], [79.9789717, 13.0058152], [79.9793491, 13.0058353], [79.9796526, 13.0058429], [79.9800662, 13.0056953], [79.9802121, 13.0055778], [79.9806928, 13.0052532], [79.9808581, 13.0051075], [79.9809612, 13.0050611], [79.9813032, 13.0049963], [79.9816843, 13.0049561], [79.9829048, 13.0051064], [79.9831795, 13.0050897], [79.9833643, 13.00512], [79.9835886, 13.0051339], [79.9837804, 13.005123], [79.9838886, 13.005151], [79.9841434, 13.0051745], [79.9844974, 13.0050674], [79.9846771, 13.0047956], [79.9846691, 13.0043748], [79.984602, 13.0038887], [79.9845511, 13.0036535], [79.9845912, 13.003508]]}}, {"type": "Feature", "properties": {"osm_id": 367942535, "highway": "footway", "name": null, "source": "osm_overpass"}, "geometry": {"type": "LineString", "coordinates": [[80.0271633, 13.0286804], [80.0270708, 13.0287121]]}}, {"type": "Feature", "properties": {"osm_id": 367942536, "highway": "footway", "name": null, "source": "osm_overpass"}, "geometry": {"type": "LineString", "coordinates": [[80.0279514, 13.0291572], [80.0278976, 13.0291926], [80.0278516, 13.0292167]]}}, {"type": "Feature", "properties": {"osm_id": 367942537, "highway": "footway", "name": null, "source": "osm_overpass"}, "geometry": {"type": "LineString", "coordinates": [[80.0271633, 13.0286804], [80.0270578, 13.0285875], [80.0267732, 13.0284782]]}}, {"type": "Feature", "properties": {"osm_id": 367942538, "highway": "pedestrian", "name": null, "source": "osm_overpass"}, "geometry": {"type": "LineString", "coordinates": [[80.0288686, 13.0292912], [80.0286747, 13.0296013], [80.028222, 13.0303593]]}}, {"type": "Feature", "properties": {"osm_id": 367942539, "highway": "footway", "name": null, "source": "osm_overpass"}, "geometry": {"type": "LineString", "coordinates": [[80.0288686, 13.0292912], [80.0281718, 13.0288762], [80.0280478, 13.0287339], [80.0279782, 13.0286199]]}}, {"type": "Feature", "properties": {"osm_id": 367942540, "highway": "footway", "name": null, "source": "osm_overpass"}, "geometry": {"type": "LineString", "coordinates": [[80.0286747, 13.0296013], [80.0281736, 13.029362], [80.0281216, 13.0292682], [80.0278976, 13.0291926], [80.0278457, 13.0290752], [80.0275981, 13.0289861], [80.0271988, 13.0287164], [80.0271633, 13.0286804]]}}, {"type": "Feature", "properties": {"osm_id": 368121539, "highway": "footway", "name": null, "source": "osm_overpass"}, "geometry": {"type": "LineString", "coordinates": [[79.959266, 12.9785761], [79.9592808, 12.9785482], [79.959307, 12.9785246], [79.959339, 12.978509], [79.9593742, 12.9785029], [79.9594097, 12.9785067], [79.9594427, 12.9785201], [79.9594561, 12.9785307], [79.9594705, 12.978542], [79.9594908, 12.9785707], [79.959502, 12.9786037], [79.9595032, 12.9786385], [79.9594943, 12.9786722], [79.959476, 12.9787022], [79.9596253, 12.97879], [79.9593091, 12.9792567]]}}, {"type": "Feature", "properties": {"osm_id": 368121540, "highway": "footway", "name": null, "source": "osm_overpass"}, "geometry": {"type": "LineString", "coordinates": [[79.9594837, 12.9784958], [79.9594561, 12.9785307]]}}, {"type": "Feature", "properties": {"osm_id": 368121541, "highway": "footway", "name": null, "source": "osm_overpass"}, "geometry": {"type": "LineString", "coordinates": [[79.9591781, 12.9785207], [79.959266, 12.9785761]]}}, {"type": "Feature", "properties": {"osm_id": 368121542, "highway": "footway", "name": null, "source": "osm_overpass"}, "geometry": {"type": "LineString", "coordinates": [[79.9591282, 12.97915], [79.9590036, 12.9790806], [79.958741, 12.978912]]}}, {"type": "Feature", "properties": {"osm_id": 368121543, "highway": "footway", "name": null, "source": "osm_overpass"}, "geometry": {"type": "LineString", "coordinates": [[79.9597381, 12.9781892], [79.9597911, 12.9783026], [79.9596853, 12.9784604], [79.9595603, 12.978522], [79.9595472, 12.9785383]]}}, {"type": "Feature", "properties": {"osm_id": 368121544, "highway": "footway", "name": null, "source": "osm_overpass"}, "geometry": {"type": "LineString", "coordinates": [[79.9591282, 12.97915], [79.9593091, 12.9792567], [79.959582, 12.9794373], [79.9592696, 12.9798829], [79.9593779, 12.9799638], [79.9594338, 12.9800138], [79.9594746, 12.9801018]]}}, {"type": "Feature", "properties": {"osm_id": 368121545, "highway": "footway", "name": null, "source": "osm_overpass"}, "geometry": {"type": "LineString", "coordinates": [[79.9596654, 12.9781478], [79.9595567, 12.9781426], [79.9594522, 12.9783011], [79.9594455, 12.9784375], [79.9594303, 12.97846], [79.9594837, 12.9784958], [79.9595472, 12.9785383]]}}, {"type": "Feature", "properties": {"osm_id": 368121787, "highway": "footway", "name": null, "source": "osm_overpass"}, "geometry": {"type": "LineString", "coordinates": [[79.959582, 12.9794373], [79.959895, 12.9796497], [79.960041, 12.9797389]]}}, {"type": "Feature", "properties": {"osm_id": 368121788, "highway": "footway", "name": null, "source": "osm_overpass"}, "geometry": {"type": "LineString", "coordinates": [[79.959895, 12.9796497], [79.9596625, 12.9800065], [79.9597763, 12.9800789]]}}, {"type": "Feature", "properties": {"osm_id": 369641083, "highway": "footway", "name": null, "source": "osm_overpass"}, "geometry": {"type": "LineString", "coordinates": [[80.1897768, 13.0141705], [80.190255, 13.0141433], [80.1903796, 13.0141407]]}}, {"type": "Feature", "properties": {"osm_id": 369641084, "highway": "footway", "name": null, "source": "osm_overpass"}, "geometry": {"type": "LineString", "coordinates": [[80.1903456, 13.0148597], [80.1904779, 13.014856]]}}, {"type": "Feature", "properties": {"osm_id": 369641087, "highway": "footway", "name": null, "source": "osm_overpass"}, "geometry": {"type": "LineString", "coordinates": [[80.1902561, 13.0142621], [80.1903456, 13.0148597]]}}, {"type": "Feature", "properties": {"osm_id": 369641089, "highway": "footway", "name": null, "source": "osm_overpass"}, "geometry": {"type": "LineString", "coordinates": [[80.1904779, 13.014856], [80.1908503, 13.0148361]]}}, {"type": "Feature", "properties": {"osm_id": 369641091, "highway": "footway", "name": null, "source": "osm_overpass"}, "geometry": {"type": "LineString", "coordinates": [[80.1906027, 13.0155222], [80.1905161, 13.0153791], [80.1905081, 13.015289]]}}, {"type": "Feature", "properties": {"osm_id": 369641095, "highway": "footway", "name": null, "source": "osm_overpass"}, "geometry": {"type": "LineString", "coordinates": [[80.1904996, 13.0151911], [80.1904779, 13.014856], [80.1904663, 13.0146778], [80.1908419, 13.014665]]}}, {"type": "Feature", "properties": {"osm_id": 369641097, "highway": "footway", "name": null, "source": "osm_overpass"}, "geometry": {"type": "LineString", "coordinates": [[80.190968, 13.015334], [80.1909494, 13.0149536], [80.1908563, 13.0149582], [80.1908503, 13.0148361], [80.1908419, 13.014665], [80.1908364, 13.0145637]]}}, {"type": "Feature", "properties": {"osm_id": 369641098, "highway": "footway", "name": null, "source": "osm_overpass"}, "geometry": {"type": "LineString", "coordinates": [[80.1905514, 13.015188], [80.1904996, 13.0151911], [80.1904502, 13.0151944], [80.1904567, 13.0152926], [80.1905081, 13.015289], [80.1905579, 13.0152862], [80.1905514, 13.015188]]}}, {"type": "Feature", "properties": {"osm_id": 369641100, "highway": "footway", "name": null, "source": "osm_overpass"}, "geometry": {"type": "LineString", "coordinates": [[80.1897885, 13.0142212], [80.1899972, 13.0142086], [80.1900058, 13.0142366], [80.1900446, 13.0142715], [80.1902561, 13.0142621], [80.190255, 13.0141433], [80.1902397, 13.0139029], [80.1899432, 13.0139156]]}}, {"type": "Feature", "properties": {"osm_id": 369648068, "highway": "footway", "name": null, "source": "osm_overpass"}, "geometry": {"type": "LineString", "coordinates": [[80.1900355, 13.0134658], [80.1903112, 13.0134539]]}}, {"type": "Feature", "properties": {"osm_id": 369823078, "highway": "footway", "name": null, "source": "osm_overpass"}, "geometry": {"type": "LineString", "coordinates": [[80.1136439, 12.9624551], [80.1135512, 12.9624475], [80.1135584, 12.9623639], [80.1134953, 12.9623588]]}}, {"type": "Feature", "properties": {"osm_id": 369823079, "highway": "footway", "name": null, "source": "osm_overpass"}, "geometry": {"type": "LineString", "coordinates": [[80.1138863, 12.962511], [80.1138283, 12.9625043], [80.113806, 12.9625017], [80.1137253, 12.9624925], [80.1137285, 12.9624657], [80.1136439, 12.9624551]]}}, {"type": "Feature", "properties": {"osm_id": 369823080, "highway": "footway", "name": null, "source": "osm_overpass"}, "geometry": {"type": "LineString", "coordinates": [[80.1134953, 12.9623588], [80.1134464, 12.9623525], [80.1134248, 12.9625345], [80.1135583, 12.9625495], [80.1135472, 12.9626431], [80.1136236, 12.9626517], [80.1136167, 12.9627094], [80.1137792, 12.9627277], [80.113806, 12.9625017]]}}, {"type": "Feature", "properties": {"osm_id": 370332018, "highway": "path", "name": null, "source": "osm_overpass"}, "geometry": {"type": "LineString", "coordinates": [[80.1399937, 12.9726967], [80.1400514, 12.9727108], [80.1401742, 12.9726951], [80.1402902, 12.9726852]]}}, {"type": "Feature", "properties": {"osm_id": 370332020, "highway": "path", "name": null, "source": "osm_overpass"}, "geometry": {"type": "LineString", "coordinates": [[80.1416012, 12.9726732], [80.1415826, 12.9726952], [80.1415778, 12.9727349], [80.1415924, 12.9728016], [80.1416054, 12.9728714], [80.1416201, 12.9729713], [80.1416201, 12.9730205], [80.1415517, 12.9730332], [80.1414677, 12.9730385]]}}, {"type": "Feature", "properties": {"osm_id": 370563792, "highway": "path", "name": null, "source": "osm_overpass"}, "geometry": {"type": "LineString", "coordinates": [[80.0675567, 13.1451941], [80.067604, 13.1451835], [80.0678478, 13.1451782], [80.0680625, 13.1451782]]}}, {"type": "Feature", "properties": {"osm_id": 370708732, "highway": "footway", "name": null, "source": "osm_overpass"}, "geometry": {"type": "LineString", "coordinates": [[80.2652381, 12.9819853], [80.2652456, 12.9819265], [80.2652521, 12.9817354]]}}, {"type": "Feature", "properties": {"osm_id": 371679218, "highway": "footway", "name": null, "source": "osm_overpass"}, "geometry": {"type": "LineString", "coordinates": [[80.0260032, 13.0323946], [80.025939, 13.0323558], [80.0258879, 13.0323074], [80.0256906, 13.0322008], [80.0256164, 13.0321815], [80.0255663, 13.032168], [80.0255171, 13.0321458], [80.0254892, 13.032115], [80.0254554, 13.0320629], [80.0254641, 13.0320118], [80.0254862, 13.0319774]]}}, {"type": "Feature", "properties": {"osm_id": 371679219, "highway": "footway", "name": null, "source": "osm_overpass"}, "geometry": {"type": "LineString", "coordinates": [[80.0288686, 13.0292912], [80.0295676, 13.029678]]}}, {"type": "Feature", "properties": {"osm_id": 371679220, "highway": "footway", "name": null, "source": "osm_overpass"}, "geometry": {"type": "LineString", "coordinates": [[80.0259134, 13.0326], [80.0256927, 13.0325692], [80.0254789, 13.0324485], [80.0251567, 13.0322665]]}}, {"type": "Feature", "properties": {"osm_id": 371679221, "highway": "footway", "name": null, "source": "osm_overpass"}, "geometry": {"type": "LineString", "coordinates": [[80.0263291, 13.0319838], [80.0262449, 13.0318676], [80.0262098, 13.0312766]]}}, {"type": "Feature", "properties": {"osm_id": 371679223, "highway": "footway", "name": null, "source": "osm_overpass"}, "geometry": {"type": "LineString", "coordinates": [[80.0261533, 13.0321919], [80.0260107, 13.0321535], [80.0258863, 13.0321015], [80.0257842, 13.0320832], [80.0254862, 13.0319774]]}}, {"type": "Feature", "properties": {"osm_id": 371679224, "highway": "footway", "name": null, "source": "osm_overpass"}, "geometry": {"type": "LineString", "coordinates": [[80.0254862, 13.0319774], [80.0254057, 13.0318756], [80.0253703, 13.0317924], [80.02536, 13.0317345], [80.0253664, 13.0316893], [80.0253085, 13.031344]]}}, {"type": "Feature", "properties": {"osm_id": 371679415, "highway": "footway", "name": null, "source": "osm_overpass"}, "geometry": {"type": "LineString", "coordinates": [[80.2402281, 12.826851], [80.2403296, 12.8268475], [80.2410208, 12.8268187]]}}, {"type": "Feature", "properties": {"osm_id": 371681783, "highway": "footway", "name": null, "source": "osm_overpass"}, "geometry": {"type": "LineString", "coordinates": [[80.2410208, 12.8268187], [80.2410253, 12.8268387], [80.2410366, 12.8268559], [80.2410532, 12.8268681], [80.241073, 12.8268736], [80.2410935, 12.8268719], [80.2411289, 12.8268395], [80.2412619, 12.8268358], [80.2413967, 12.8266647], [80.241588, 12.8266309], [80.2418343, 12.8266253], [80.2419328, 12.8265479]]}}, {"type": "Feature", "properties": {"osm_id": 371681784, "highway": "footway", "name": null, "source": "osm_overpass"}, "geometry": {"type": "LineString", "coordinates": [[80.2410881, 12.8267606], [80.241107, 12.8267746], [80.2411209, 12.8267936], [80.2411284, 12.826816], [80.2411289, 12.8268395]]}}, {"type": "Feature", "properties": {"osm_id": 371681785, "highway": "footway", "name": null, "source": "osm_overpass"}, "geometry": {"type": "LineString", "coordinates": [[80.2410208, 12.8268187], [80.2410236, 12.8267983], [80.2410334, 12.8267802], [80.2410489, 12.8267667], [80.2410681, 12.8267595], [80.2410881, 12.8267606], [80.241116, 12.8267175]]}}, {"type": "Feature", "properties": {"osm_id": 371874550, "highway": "footway", "name": null, "source": "osm_overpass"}, "geometry": {"type": "LineString", "coordinates": [[80.2433192, 13.0123693], [80.2433297, 13.0123151], [80.2434007, 13.0119479], [80.2434691, 13.0116395], [80.2435163, 13.0114272]]}}, {"type": "Feature", "properties": {"osm_id": 371874551, "highway": "footway", "name": null, "source": "osm_overpass"}, "geometry": {"type": "LineString", "coordinates": [[80.2435744, 13.0119845], [80.2436256, 13.0121444], [80.2438986, 13.0121774]]}}, {"type": "Feature", "properties": {"osm_id": 371874552, "highway": "footway", "name": null, "source": "osm_overpass"}, "geometry": {"type": "LineString", "coordinates": [[80.2435744, 13.0119845], [80.243698, 13.0120149], [80.243849, 13.0118984]]}}, {"type": "Feature", "properties": {"osm_id": 371874553, "highway": "footway", "name": null, "source": "osm_overpass"}, "geometry": {"type": "LineString", "coordinates": [[80.2427612, 13.0129633], [80.2428499, 13.0129664], [80.2428831, 13.0129763], [80.2429077, 13.0129972], [80.2429261, 13.0130254], [80.2429509, 13.0130392], [80.2429831, 13.0130461], [80.2430396, 13.013034], [80.2430726, 13.0130374], [80.2431022, 13.0130427], [80.2431335, 13.0130583], [80.2431578, 13.0130792], [80.2431848, 13.0130983], [80.2432152, 13.0131113], [80.2432465, 13.0131174], [80.2432917, 13.01312], [80.2433361, 13.01312], [80.2433613, 13.0131053], [80.2433769, 13.0130922], [80.24339, 13.0130713], [80.2433952, 13.0130444], [80.2433927, 13.0130163], [80.2433767, 13.0129831], [80.2433546, 13.0129622], [80.2433165, 13.0129339], [80.2432685, 13.0129093], [80.243228, 13.0128835], [80.243212, 13.0128675], [80.2431991, 13.0128553], [80.2431775, 13.0128394], [80.243148, 13.0128264], [80.2431173, 13.0128178], [80.2430866, 13.0128123], [80.2430454, 13.0128074], [80.2430091, 13.0128031], [80.2429827, 13.0128], [80.2429377, 13.01283], [80.2429099, 13.0128587], [80.2428847, 13.0129082], [80.2428499, 13.0129664]]}}, {"type": "Feature", "properties": {"osm_id": 372669830, "highway": "footway", "name": "Walking track", "source": "osm_overpass"}, "geometry": {"type": "LineString", "coordinates": [[80.215728, 13.0304315], [80.2158591, 13.0304305], [80.2160441, 13.030429], [80.2160457, 13.0306286], [80.2157296, 13.0306311], [80.215728, 13.0304315]]}}, {"type": "Feature", "properties": {"osm_id": 372669831, "highway": "footway", "name": null, "source": "osm_overpass"}, "geometry": {"type": "LineString", "coordinates": [[80.2158574, 13.0304022], [80.2158587, 13.0304183], [80.2158591, 13.0304305]]}}, {"type": "Feature", "properties": {"osm_id": 372671609, "highway": "footway", "name": null, "source": "osm_overpass"}, "geometry": {"type": "LineString", "coordinates": [[80.2210897, 13.0318087], [80.2210752, 13.0316835]]}}, {"type": "Feature", "properties": {"osm_id": 372671610, "highway": "footway", "name": null, "source": "osm_overpass"}, "geometry": {"type": "LineString", "coordinates": [[80.2210121, 13.0316922], [80.2210266, 13.0318173]]}}, {"type": "Feature", "properties": {"osm_id": 372671611, "highway": "footway", "name": null, "source": "osm_overpass"}, "geometry": {"type": "LineString", "coordinates": [[80.2212155, 13.0319159], [80.2212229, 13.0319638], [80.2212591, 13.0320683]]}}, {"type": "Feature", "properties": {"osm_id": 372671612, "highway": "footway", "name": null, "source": "osm_overpass"}, "geometry": {"type": "LineString", "coordinates": [[80.2214606, 13.0318055], [80.2214059, 13.0318064], [80.2212855, 13.0318305]]}}, {"type": "Feature", "properties": {"osm_id": 372671613, "highway": "footway", "name": null, "source": "osm_overpass"}, "geometry": {"type": "LineString", "coordinates": [[80.2210697, 13.0316435], [80.2210066, 13.0316521], [80.2210121, 13.0316922], [80.2210752, 13.0316835], [80.2210719, 13.0316591], [80.2210697, 13.0316435]]}}, {"type": "Feature", "properties": {"osm_id": 372671614, "highway": "footway", "name": null, "source": "osm_overpass"}, "geometry": {"type": "LineString", "coordinates": [[80.2212789, 13.0317827], [80.2210897, 13.0318087], [80.2210266, 13.0318173], [80.2209942, 13.0318218], [80.221011, 13.031944], [80.2212155, 13.0319159], [80.2212957, 13.0319049], [80.2212855, 13.0318305], [80.2212789, 13.0317827]]}}, {"type": "Feature", "properties": {"osm_id": 376635750, "highway": "footway", "name": null, "source": "osm_overpass"}, "geometry": {"type": "LineString", "coordinates": [[80.2389078, 13.0044342], [80.2388418, 13.0042012], [80.2387913, 13.0040362], [80.2380932, 13.003814], [80.2377147, 13.0038809], [80.237687, 13.0038858], [80.2375941, 13.0038426], [80.2375077, 13.0038811], [80.2370771, 13.0039934], [80.2364422, 13.0041511], [80.2358568, 13.0042599], [80.2350016, 13.0043926]]}}, {"type": "Feature", "properties": {"osm_id": 376635751, "highway": "footway", "name": null, "source": "osm_overpass"}, "geometry": {"type": "LineString", "coordinates": [[80.2379643, 13.0045353], [80.238013, 13.004589], [80.2381296, 13.004682], [80.23809, 13.0047793], [80.2382325, 13.0048165], [80.2383207, 13.0048795], [80.238382, 13.0049623], [80.23846, 13.0051993], [80.2383431, 13.0053328], [80.2384574, 13.0054512], [80.2387049, 13.0047854], [80.2387975, 13.0044472]]}}, {"type": "Feature", "properties": {"osm_id": 376635752, "highway": "footway", "name": null, "source": "osm_overpass"}, "geometry": {"type": "LineString", "coordinates": [[80.2350016, 13.0043926], [80.2350274, 13.0048459], [80.235164, 13.0049781], [80.235144, 13.0051337], [80.2352032, 13.0052651], [80.2353433, 13.0053198], [80.2354861, 13.0053111], [80.2359253, 13.0056851], [80.2368046, 13.0055303], [80.2374089, 13.0053886], [80.237757, 13.0050383], [80.2376388, 13.0048938], [80.2378205, 13.0047143], [80.2377315, 13.0045599]]}}, {"type": "Feature", "properties": {"osm_id": 376635753, "highway": "footway", "name": null, "source": "osm_overpass"}, "geometry": {"type": "LineString", "coordinates": [[80.2380932, 13.003814], [80.238152, 13.0040879], [80.2379716, 13.0041584], [80.2377763, 13.0041706], [80.2377147, 13.0038809]]}}, {"type": "Feature", "properties": {"osm_id": 376660681, "highway": "footway", "name": null, "source": "osm_overpass"}, "geometry": {"type": "LineString", "coordinates": [[80.2389078, 13.0044342], [80.2389574, 13.004909]]}}, {"type": "Feature", "properties": {"osm_id": 376660682, "highway": "footway", "name": null, "source": "osm_overpass"}, "geometry": {"type": "LineString", "coordinates": [[80.2365596, 13.0046838], [80.2368046, 13.0055303]]}}, {"type": "Feature", "properties": {"osm_id": 379586559, "highway": "footway", "name": null, "source": "osm_overpass"}, "geometry": {"type": "LineString", "coordinates": [[80.1844279, 12.8973922], [80.1844644, 12.8973331], [80.1844247, 12.897126], [80.1843651, 12.8968155], [80.1846414, 12.896771]]}}, {"type": "Feature", "properties": {"osm_id": 379586562, "highway": "footway", "name": null, "source": "osm_overpass"}, "geometry": {"type": "LineString", "coordinates": [[80.1844247, 12.897126], [80.1846226, 12.8970795]]}}, {"type": "Feature", "properties": {"osm_id": 379586563, "highway": "footway", "name": null, "source": "osm_overpass"}, "geometry": {"type": "LineString", "coordinates": [[80.1842726, 12.8973706], [80.1843115, 12.8975854]]}}, {"type": "Feature", "properties": {"osm_id": 379698273, "highway": "path", "name": null, "source": "osm_overpass"}, "geometry": {"type": "LineString", "coordinates": [[80.2678582, 13.0098951], [80.2679268, 13.0100038], [80.267974, 13.0100996], [80.2680044, 13.0101818], [80.2680105, 13.0102548], [80.2679694, 13.0103507], [80.267939, 13.0104024], [80.2679512, 13.0104693]]}}, {"type": "Feature", "properties": {"osm_id": 379699525, "highway": "path", "name": null, "source": "osm_overpass"}, "geometry": {"type": "LineString", "coordinates": [[80.2648594, 13.0104752], [80.2654803, 13.0103621], [80.2659422, 13.010145]]}}, {"type": "Feature", "properties": {"osm_id": 379699526, "highway": "path", "name": null, "source": "osm_overpass"}, "geometry": {"type": "LineString", "coordinates": [[80.2620556, 13.0108362], [80.2622809, 13.0106987], [80.2637158, 13.0106143], [80.2642688, 13.0105832], [80.2648594, 13.0104752], [80.2649667, 13.0110608]]}}, {"type": "Feature", "properties": {"osm_id": 379699527, "highway": "path", "name": null, "source": "osm_overpass"}, "geometry": {"type": "LineString", "coordinates": [[80.2637463, 13.0113824], [80.2639117, 13.0112029], [80.2640716, 13.0110808], [80.2643581, 13.0111141], [80.2649667, 13.0110608], [80.2651376, 13.0112637], [80.2653078, 13.0113147], [80.2654408, 13.0113546], [80.2657972, 13.0114432], [80.2665353, 13.0110866], [80.2668495, 13.011006], [80.2671289, 13.010933], [80.2672224, 13.0108741], [80.2673797, 13.0107411], [80.2672457, 13.0099948]]}}, {"type": "Feature", "properties": {"osm_id": 384186916, "highway": "path", "name": null, "source": "osm_overpass"}, "geometry": {"type": "LineString", "coordinates": [[80.1121616, 13.0337758], [80.1122397, 13.0342787]]}}, {"type": "Feature", "properties": {"osm_id": 384186922, "highway": "path", "name": null, "source": "osm_overpass"}, "geometry": {"type": "LineString", "coordinates": [[80.1116982, 13.0338943], [80.1121616, 13.0337758], [80.1120659, 13.0331848]]}}, {"type": "Feature", "properties": {"osm_id": 384286148, "highway": "path", "name": null, "source": "osm_overpass"}, "geometry": {"type": "LineString", "coordinates": [[80.0244712, 12.8974829], [80.024839, 12.8972567], [80.0251233, 12.8970162], [80.0254586, 12.8967495], [80.0258609, 12.8963913], [80.0265905, 12.8957795], [80.0267487, 12.8957141], [80.0274327, 12.8954527], [80.027463, 12.8954435], [80.0279826, 12.8952854], [80.028122, 12.89522], [80.0283447, 12.8950448], [80.0283805, 12.8950358], [80.0286558, 12.8949664], [80.0289573, 12.8949423], [80.028983, 12.8949402], [80.0290517, 12.8949001], [80.029144, 12.8948461], [80.029329, 12.8947494], [80.0295473, 12.8946592], [80.0297528, 12.8945742], [80.0298547, 12.8946239], [80.0301391, 12.8948357], [80.0302977, 12.8948148], [80.0303375, 12.8948095], [80.0305253, 12.8949115], [80.0306245, 12.8948618], [80.0308121, 12.895057], [80.0312402, 12.8950523]]}}, {"type": "Feature", "properties": {"osm_id": 384286149, "highway": "path", "name": null, "source": "osm_overpass"}, "geometry": {"type": "LineString", "coordinates": [[80.0282588, 12.8938345], [80.0282848, 12.8938887], [80.0283299, 12.8939138], [80.0283737, 12.8939352], [80.0284305, 12.8939493], [80.0285458, 12.8939911], [80.0287685, 12.8939938], [80.0289086, 12.8940217], [80.0289911, 12.8940382], [80.0291839, 12.8942535], [80.0294254, 12.8945231], [80.0295473, 12.8946592]]}}, {"type": "Feature", "properties": {"osm_id": 384286150, "highway": "path", "name": null, "source": "osm_overpass"}, "geometry": {"type": "LineString", "coordinates": [[80.0302977, 12.8948148], [80.0297932, 12.8942276], [80.0295546, 12.8939499], [80.0293317, 12.8936905]]}}, {"type": "Feature", "properties": {"osm_id": 384286151, "highway": "path", "name": null, "source": "osm_overpass"}, "geometry": {"type": "LineString", "coordinates": [[80.0289573, 12.8949423], [80.0290861, 12.8948269], [80.0294254, 12.8945231], [80.0297932, 12.8942276], [80.0301096, 12.8939441]]}}, {"type": "Feature", "properties": {"osm_id": 384286152, "highway": "path", "name": null, "source": "osm_overpass"}, "geometry": {"type": "LineString", "coordinates": [[80.0296563, 12.8938735], [80.0295546, 12.8939499], [80.0291839, 12.8942535], [80.0288301, 12.8945533]]}}, {"type": "Feature", "properties": {"osm_id": 384286153, "highway": "path", "name": null, "source": "osm_overpass"}, "geometry": {"type": "LineString", "coordinates": [[80.0290861, 12.8948269], [80.0288301, 12.8945533], [80.0285922, 12.8942724], [80.0283339, 12.8939676]]}}, {"type": "Feature", "properties": {"osm_id": 384286154, "highway": "path", "name": null, "source": "osm_overpass"}, "geometry": {"type": "LineString", "coordinates": [[80.027463, 12.8954435], [80.0279611, 12.8960174], [80.028446, 12.8958372], [80.0296432, 12.8953923], [80.029903, 12.8952958]]}}, {"type": "Feature", "properties": {"osm_id": 384286155, "highway": "path", "name": null, "source": "osm_overpass"}, "geometry": {"type": "LineString", "coordinates": [[80.028446, 12.8958372], [80.0282084, 12.8955542], [80.0279826, 12.8952854], [80.0274858, 12.8947028], [80.0272557, 12.894433]]}}, {"type": "Feature", "properties": {"osm_id": 384286156, "highway": "path", "name": null, "source": "osm_overpass"}, "geometry": {"type": "LineString", "coordinates": [[80.0273147, 12.8948644], [80.0274858, 12.8947028], [80.0278337, 12.8944057], [80.0282857, 12.8940199], [80.0285378, 12.8943075], [80.0285922, 12.8942724], [80.0289086, 12.8940217]]}}, {"type": "Feature", "properties": {"osm_id": 384286157, "highway": "path", "name": null, "source": "osm_overpass"}, "geometry": {"type": "LineString", "coordinates": [[80.0278337, 12.8944057], [80.0283125, 12.894969], [80.0283805, 12.8950358], [80.02858, 12.8952569], [80.0287872, 12.8954867]]}}, {"type": "Feature", "properties": {"osm_id": 384286158, "highway": "path", "name": null, "source": "osm_overpass"}, "geometry": {"type": "LineString", "coordinates": [[80.0282084, 12.8955542], [80.02858, 12.8952569], [80.028983, 12.8949402]]}}, {"type": "Feature", "properties": {"osm_id": 384286159, "highway": "path", "name": null, "source": "osm_overpass"}, "geometry": {"type": "LineString", "coordinates": [[80.0290517, 12.8949001], [80.0292352, 12.895105]]}}, {"type": "Feature", "properties": {"osm_id": 384286160, "highway": "path", "name": null, "source": "osm_overpass"}, "geometry": {"type": "LineString", "coordinates": [[80.028446, 12.8958372], [80.0287872, 12.8954867], [80.0292352, 12.895105], [80.0295168, 12.894854], [80.0297019, 12.8947572], [80.029785, 12.8947363], [80.029836, 12.8947703], [80.0299218, 12.8948017], [80.029954, 12.8948644], [80.0300237, 12.8948958], [80.0300505, 12.8949795], [80.029903, 12.8952958]]}}, {"type": "Feature", "properties": {"osm_id": 384286161, "highway": "path", "name": null, "source": "osm_overpass"}, "geometry": {"type": "LineString", "coordinates": [[80.0300505, 12.8949795], [80.030131, 12.8949533], [80.0302142, 12.8950448], [80.0303349, 12.8950265], [80.0303697, 12.8950814], [80.0304244, 12.8951314]]}}, {"type": "Feature", "properties": {"osm_id": 384302666, "highway": "path", "name": null, "source": "osm_overpass"}, "geometry": {"type": "LineString", "coordinates": [[80.2455025, 12.7632396], [80.2456248, 12.7631874], [80.2459806, 12.7630081], [80.2467102, 12.7627203], [80.2474451, 12.7625843], [80.247775, 12.7625006]]}}, {"type": "Feature", "properties": {"osm_id": 384337755, "highway": "footway", "name": null, "source": "osm_overpass"}, "geometry": {"type": "LineString", "coordinates": [[80.0757524, 12.9205628], [80.0760116, 12.9206827], [80.0761207, 12.9207435], [80.076172, 12.9207835], [80.0762322, 12.9208221], [80.0762777, 12.920845], [80.0763114, 12.9208522], [80.0763437, 12.9208493], [80.0763701, 12.9208307], [80.0764112, 12.9207692]]}}, {"type": "Feature", "properties": {"osm_id": 384437275, "highway": "path", "name": null, "source": "osm_overpass"}, "geometry": {"type": "LineString", "coordinates": [[80.0729245, 12.9620293], [80.0730945, 12.962037], [80.0733503, 12.9620502], [80.0735085, 12.9621338], [80.0736762, 12.9621861], [80.0739464, 12.9621985], [80.0742468, 12.9622148], [80.0745271, 12.9622194], [80.0747893, 12.9622096], [80.0749576, 12.9622024], [80.0750957, 12.9622018], [80.0752537, 12.9622215], [80.0755656, 12.9622429], [80.0756972, 12.9622515], [80.0758236, 12.962234], [80.0761675, 12.9622172], [80.0763518, 12.9622365], [80.0764992, 12.9622172], [80.0766339, 12.962231], [80.0768237, 12.9622124]]}}, {"type": "Feature", "properties": {"osm_id": 384554545, "highway": "path", "name": null, "source": "osm_overpass"}, "geometry": {"type": "LineString", "coordinates": [[80.0521818, 12.9746602], [80.0521508, 12.9745441], [80.0521722, 12.9744108], [80.0522312, 12.9742644], [80.0522835, 12.9741729]]}}, {"type": "Feature", "properties": {"osm_id": 384554556, "highway": "path", "name": null, "source": "osm_overpass"}, "geometry": {"type": "LineString", "coordinates": [[80.0534778, 12.9803569], [80.0535911, 12.9806157], [80.0538486, 12.9806353], [80.054049, 12.9805306]]}}, {"type": "Feature", "properties": {"osm_id": 384969585, "highway": "path", "name": null, "source": "osm_overpass"}, "geometry": {"type": "LineString", "coordinates": [[80.0427646, 12.9580503], [80.0427261, 12.9581627], [80.0428222, 12.9582902], [80.0428992, 12.9585788], [80.0429569, 12.9588824], [80.0429953, 12.9591748], [80.0430338, 12.9594446], [80.0430492, 12.9596358], [80.0430884, 12.9598209]]}}, {"type": "Feature", "properties": {"osm_id": 384986790, "highway": "path", "name": null, "source": "osm_overpass"}, "geometry": {"type": "LineString", "coordinates": [[80.0945137, 12.9982651], [80.0947937, 12.9982793], [80.0948062, 12.9982834], [80.0948106, 12.9982939], [80.0948031, 12.9984933], [80.094796, 12.9986972], [80.0947853, 12.9988749], [80.0947713, 12.9988853], [80.0944804, 12.9988796], [80.0944696, 12.9988681], [80.0944804, 12.9986879], [80.0944913, 12.9984825], [80.0944959, 12.998285], [80.0945023, 12.9982734], [80.0945137, 12.9982651]]}}, {"type": "Feature", "properties": {"osm_id": 384986791, "highway": "path", "name": null, "source": "osm_overpass"}, "geometry": {"type": "LineString", "coordinates": [[80.0944913, 12.9984825], [80.0948031, 12.9984933]]}}, {"type": "Feature", "properties": {"osm_id": 384986792, "highway": "path", "name": null, "source": "osm_overpass"}, "geometry": {"type": "LineString", "coordinates": [[80.0944804, 12.9986879], [80.094796, 12.9986972]]}}, {"type": "Feature", "properties": {"osm_id": 385137481, "highway": "path", "name": null, "source": "osm_overpass"}, "geometry": {"type": "LineString", "coordinates": [[80.1772073, 13.2026962], [80.1769254, 13.2027503], [80.1766251, 13.2028053]]}}, {"type": "Feature", "properties": {"osm_id": 385257912, "highway": "path", "name": null, "source": "osm_overpass"}, "geometry": {"type": "LineString", "coordinates": [[80.164454, 13.1952289], [80.1645246, 13.1958747]]}}, {"type": "Feature", "properties": {"osm_id": 385417096, "highway": "path", "name": null, "source": "osm_overpass"}, "geometry": {"type": "LineString", "coordinates": [[80.0478809, 12.9652906], [80.0477494, 12.9652645], [80.0475607, 12.9652166]]}}, {"type": "Feature", "properties": {"osm_id": 385426926, "highway": "path", "name": null, "source": "osm_overpass"}, "geometry": {"type": "LineString", "coordinates": [[80.1115337, 13.0220261], [80.1114829, 13.0218006], [80.1114213, 13.0217406], [80.1113329, 13.0216132], [80.1113252, 13.0214783], [80.111329, 13.0213696], [80.1113021, 13.0212535], [80.1113175, 13.021156], [80.1112829, 13.0210099], [80.1112752, 13.0208488], [80.1113406, 13.0206202], [80.1114098, 13.0205078], [80.1114842, 13.0200723]]}}, {"type": "Feature", "properties": {"osm_id": 385634051, "highway": "path", "name": null, "source": "osm_overpass"}, "geometry": {"type": "LineString", "coordinates": [[80.1079604, 13.0222731], [80.1082482, 13.022255], [80.1084817, 13.0222687]]}}, {"type": "Feature", "properties": {"osm_id": 385634234, "highway": "path", "name": null, "source": "osm_overpass"}, "geometry": {"type": "LineString", "coordinates": [[80.1086035, 13.0259873], [80.108788, 13.0258089], [80.1090495, 13.025636], [80.1095001, 13.0256041], [80.109562, 13.0255926]]}}, {"type": "Feature", "properties": {"osm_id": 385695122, "highway": "path", "name": null, "source": "osm_overpass"}, "geometry": {"type": "LineString", "coordinates": [[80.1815934, 13.1159941], [80.1822473, 13.1161394], [80.1827377, 13.1162384], [80.183365, 13.1162556], [80.1838908, 13.1162943], [80.1843591, 13.1164105], [80.1847037, 13.116574], [80.1850307, 13.1166428], [80.1853002, 13.1167246], [80.1853885, 13.1167977], [80.1854592, 13.1170258], [80.1855387, 13.1172754], [80.1854548, 13.1175938], [80.1853709, 13.1180757], [80.1853151, 13.118307], [80.1852692, 13.1184973], [80.1852206, 13.1188674], [80.1853002, 13.1190438], [80.1855829, 13.1192761], [80.1858745, 13.1195214], [80.1860071, 13.1196548], [80.1860822, 13.1198054], [80.1860645, 13.1199904], [80.1859673, 13.1202357], [80.1858966, 13.1204336], [80.1859187, 13.1206358], [80.1862324, 13.121406], [80.186387, 13.1218105], [80.1865147, 13.1221183], [80.1866565, 13.1224602], [80.186979, 13.1230023], [80.1871337, 13.123239], [80.1873847, 13.1236217], [80.1874815, 13.1237157], [80.1875903, 13.1237674], [80.188069, 13.1238915], [80.1882488, 13.1239529], [80.1884995, 13.1240574], [80.188702, 13.1241684], [80.1889461, 13.124333], [80.1890628, 13.1244061], [80.189154, 13.1244309], [80.1894678, 13.1244035], [80.1896851, 13.1243617], [80.1897494, 13.1243121], [80.1898219, 13.1242376], [80.1899077, 13.1241984], [80.1899801, 13.124171], [80.1901652, 13.1241658], [80.1905943, 13.1242533], [80.1908384, 13.1243369], [80.1910222, 13.1244126], [80.1912072, 13.1245563], [80.1914634, 13.1249084], [80.1915291, 13.1250748], [80.1915908, 13.1253282], [80.1915959, 13.1259798], [80.1916313, 13.1264229], [80.1916911, 13.1273657], [80.1916534, 13.1277223], [80.191649, 13.1285097], [80.1916666, 13.1288453], [80.1916578, 13.1292067], [80.1915243, 13.1298469], [80.1914413, 13.1303039], [80.1913264, 13.1308331], [80.1912071, 13.1313365], [80.1910304, 13.1317151], [80.190889, 13.1319647], [80.1907083, 13.1323354], [80.1904656, 13.1327087], [80.1903677, 13.1327661], [80.1903107, 13.1328027], [80.1902906, 13.1328373], [80.1902866, 13.1328732], [80.1902939, 13.1329157], [80.1903167, 13.1329764], [80.1905233, 13.1332637], [80.1906265, 13.1333499], [80.1907137, 13.1333865], [80.1909819, 13.1334205], [80.191336, 13.1334414], [80.1914674, 13.1334152], [80.1915398, 13.1333512], [80.191585, 13.1333037], [80.1916499, 13.1332355]]}}, {"type": "Feature", "properties": {"osm_id": 386178091, "highway": "path", "name": null, "source": "osm_overpass"}, "geometry": {"type": "LineString", "coordinates": [[80.2123335, 13.2108612], [80.2116509, 13.2109889], [80.2116529, 13.211136], [80.2116375, 13.211199], [80.2115481, 13.211232], [80.2113749, 13.211265]]}}, {"type": "Feature", "properties": {"osm_id": 386242735, "highway": "path", "name": null, "source": "osm_overpass"}, "geometry": {"type": "LineString", "coordinates": [[80.1218651, 13.1597713], [80.1221524, 13.1598039], [80.122704, 13.1598373], [80.12307, 13.1598847]]}}, {"type": "Feature", "properties": {"osm_id": 387779237, "highway": "footway", "name": null, "source": "osm_overpass"}, "geometry": {"type": "LineString", "coordinates": [[80.2377763, 13.0041706], [80.237679, 13.0043176], [80.2376912, 13.0045642]]}}, {"type": "Feature", "properties": {"osm_id": 390485000, "highway": "footway", "name": null, "source": "osm_overpass"}, "geometry": {"type": "LineString", "coordinates": [[80.2524801, 12.9230528], [80.2524616, 12.923059], [80.252336, 12.9231012]]}}, {"type": "Feature", "properties": {"osm_id": 390486028, "highway": "footway", "name": null, "source": "osm_overpass"}, "geometry": {"type": "LineString", "coordinates": [[80.2515966, 12.9227808], [80.2515906, 12.9227582], [80.251507, 12.9225929]]}}, {"type": "Feature", "properties": {"osm_id": 390881486, "highway": "footway", "name": null, "source": "osm_overpass"}, "geometry": {"type": "LineString", "coordinates": [[80.2397165, 12.891074], [80.2392463, 12.8940226], [80.2389295, 12.8963817], [80.2388915, 12.8973204], [80.2389866, 12.8985555], [80.2391582, 12.8991532]]}}, {"type": "Feature", "properties": {"osm_id": 391359609, "highway": "path", "name": null, "source": "osm_overpass"}, "geometry": {"type": "LineString", "coordinates": [[80.2245086, 12.816101], [80.2244875, 12.8154068], [80.2253025, 12.8153714], [80.2253025, 12.8160808]]}}, {"type": "Feature", "properties": {"osm_id": 392023787, "highway": "footway", "name": null, "source": "osm_overpass"}, "geometry": {"type": "LineString", "coordinates": [[80.1137253, 12.9624925], [80.1137176, 12.9625433]]}}, {"type": "Feature", "properties": {"osm_id": 392023788, "highway": "footway", "name": null, "source": "osm_overpass"}, "geometry": {"type": "LineString", "coordinates": [[80.1136167, 12.9627094], [80.1135794, 12.9627054]]}}, {"type": "Feature", "properties": {"osm_id": 392199634, "highway": "footway", "name": null, "source": "osm_overpass"}, "geometry": {"type": "LineString", "coordinates": [[80.2719273, 13.0683173], [80.2717998, 13.0680779]]}}, {"type": "Feature", "properties": {"osm_id": 393560253, "highway": "footway", "name": null, "source": "osm_overpass"}, "geometry": {"type": "LineString", "coordinates": [[80.2259369, 13.0809667], [80.2262509, 13.0809478]]}}, {"type": "Feature", "properties": {"osm_id": 393560256, "highway": "footway", "name": null, "source": "osm_overpass"}, "geometry": {"type": "LineString", "coordinates": [[80.2258786, 13.0810344], [80.2259121, 13.0815328]]}}, {"type": "Feature", "properties": {"osm_id": 393560263, "highway": "footway", "name": null, "source": "osm_overpass"}, "geometry": {"type": "LineString", "coordinates": [[80.2271248, 13.0814367], [80.227189, 13.0814329], [80.2283426, 13.0814397], [80.2290439, 13.0813977]]}}, {"type": "Feature", "properties": {"osm_id": 393560269, "highway": "footway", "name": null, "source": "osm_overpass"}, "geometry": {"type": "LineString", "coordinates": [[80.2283592, 13.0809139], [80.2283426, 13.0814397], [80.2283648, 13.0820919]]}}, {"type": "Feature", "properties": {"osm_id": 393560270, "highway": "footway", "name": null, "source": "osm_overpass"}, "geometry": {"type": "LineString", "coordinates": [[80.2258055, 13.0809763], [80.2255035, 13.0809925], [80.2253821, 13.0810036]]}}, {"type": "Feature", "properties": {"osm_id": 393560275, "highway": "footway", "name": null, "source": "osm_overpass"}, "geometry": {"type": "LineString", "coordinates": [[80.2255035, 13.0809925], [80.2255419, 13.0815599], [80.2259121, 13.0815328], [80.22629, 13.0815096], [80.2262509, 13.0809478], [80.2262067, 13.080506], [80.2260303, 13.0805177], [80.2258378, 13.0805344], [80.2258698, 13.0809067]]}}, {"type": "Feature", "properties": {"osm_id": 393560276, "highway": "footway", "name": null, "source": "osm_overpass"}, "geometry": {"type": "LineString", "coordinates": [[80.2259416, 13.08103], [80.2258786, 13.0810344], [80.2258102, 13.0810392], [80.2258055, 13.0809763], [80.2258007, 13.0809115], [80.2258698, 13.0809067], [80.2259322, 13.0809023], [80.2259369, 13.0809667], [80.2259416, 13.08103]]}}, {"type": "Feature", "properties": {"osm_id": 397050074, "highway": "path", "name": null, "source": "osm_overpass"}, "geometry": {"type": "LineString", "coordinates": [[80.0919702, 13.1509232], [80.0920957, 13.1509382], [80.0922874, 13.1509304], [80.0927213, 13.1509148], [80.0933734, 13.1508682], [80.0937807, 13.1508371], [80.094115, 13.1510825]]}}, {"type": "Feature", "properties": {"osm_id": 406894542, "highway": "footway", "name": null, "source": "osm_overpass"}, "geometry": {"type": "LineString", "coordinates": [[80.2363968, 13.010949], [80.2365272, 13.0109304]]}}, {"type": "Feature", "properties": {"osm_id": 416535675, "highway": "footway", "name": null, "source": "osm_overpass"}, "geometry": {"type": "LineString", "coordinates": [[80.2379606, 12.9852209], [80.2382486, 12.98507], [80.2383677, 12.9850884]]}}, {"type": "Feature", "properties": {"osm_id": 428739910, "highway": "pedestrian", "name": "New Colony 2nd Cross Street", "source": "osm_overpass"}, "geometry": {"type": "LineString", "coordinates": [[80.231374, 12.9834894], [80.231179, 12.9834962], [80.231018, 12.9835091], [80.2308551, 12.983532]]}}, {"type": "Feature", "properties": {"osm_id": 431415536, "highway": "pedestrian", "name": "Walkway for Pedestrians and two wheelers", "source": "osm_overpass"}, "geometry": {"type": "LineString", "coordinates": [[80.1854247, 13.1149807], [80.1855096, 13.1150281], [80.1855739, 13.115077], [80.1856583, 13.11515], [80.1857315, 13.1152308], [80.1857583, 13.11527], [80.1857697, 13.1153283], [80.1857843, 13.1153704]]}}, {"type": "Feature", "properties": {"osm_id": 438126719, "highway": "footway", "name": null, "source": "osm_overpass"}, "geometry": {"type": "LineString", "coordinates": [[80.2291934, 12.9807089], [80.2288313, 12.980479]]}}, {"type": "Feature", "properties": {"osm_id": 440983785, "highway": "footway", "name": null, "source": "osm_overpass"}, "geometry": {"type": "LineString", "coordinates": [[80.2176644, 12.9925484], [80.2176809, 12.9925178], [80.2176877, 12.992477], [80.2176799, 12.9924363], [80.2176582, 12.9924007], [80.2176353, 12.9923806], [80.2175968, 12.9923632], [80.2175545, 12.9923598], [80.2175135, 12.9923706], [80.2174706, 12.9924034], [80.21745, 12.9924395], [80.2174433, 12.9924804], [80.2174578, 12.9925346], [80.217484, 12.9925671], [80.2175027, 12.9925815], [80.2175528, 12.9925968], [80.2175951, 12.9925939], [80.2176339, 12.9925771], [80.2176644, 12.9925484]]}}, {"type": "Feature", "properties": {"osm_id": 441484582, "highway": "path", "name": null, "source": "osm_overpass"}, "geometry": {"type": "LineString", "coordinates": [[80.2703526, 12.9899882], [80.2699433, 12.9900633], [80.2695999, 12.9901104], [80.2688776, 12.9902246]]}}, {"type": "Feature", "properties": {"osm_id": 441484585, "highway": "path", "name": null, "source": "osm_overpass"}, "geometry": {"type": "LineString", "coordinates": [[80.2701233, 12.9888256], [80.2695245, 12.9890309]]}}, {"type": "Feature", "properties": {"osm_id": 442101102, "highway": "path", "name": null, "source": "osm_overpass"}, "geometry": {"type": "LineString", "coordinates": [[80.1353783, 13.2378502], [80.1353327, 13.2377693], [80.1351771, 13.2376204], [80.1350618, 13.2374847], [80.1349599, 13.2373515], [80.1348606, 13.2372288], [80.1347238, 13.2371322], [80.1345924, 13.2369938], [80.1344985, 13.2368633], [80.1343939, 13.2367197], [80.134351, 13.2365917], [80.1343322, 13.2364403], [80.1342571, 13.2362915], [80.1341767, 13.2361531], [80.1340587, 13.2359781], [80.1339353, 13.235798], [80.1338843, 13.2357118], [80.1337851, 13.2354821], [80.1336563, 13.2353097], [80.133541, 13.2350956], [80.1335624, 13.2350434], [80.1335973, 13.2349729], [80.1335168, 13.2347745], [80.1334122, 13.2346309], [80.133321, 13.2345421], [80.1332298, 13.2344168], [80.1331028, 13.2342493]]}}, {"type": "Feature", "properties": {"osm_id": 442101108, "highway": "path", "name": null, "source": "osm_overpass"}, "geometry": {"type": "LineString", "coordinates": [[80.1363224, 13.2375238], [80.1359737, 13.2376726], [80.1357619, 13.2377745], [80.1353783, 13.2378502], [80.1351315, 13.237952], [80.134986, 13.238004]]}}, {"type": "Feature", "properties": {"osm_id": 442110629, "highway": "path", "name": null, "source": "osm_overpass"}, "geometry": {"type": "LineString", "coordinates": [[80.1239191, 13.239687], [80.1239674, 13.2395643], [80.124064, 13.2394703], [80.1241605, 13.2393554], [80.1242142, 13.2391256], [80.1242196, 13.2389298], [80.1242142, 13.238734], [80.1242544, 13.2386217], [80.124359, 13.2385042], [80.1244985, 13.2383711], [80.1245119, 13.2382823], [80.1244529, 13.2381857], [80.1243483, 13.2381283], [80.1238709, 13.2378757], [80.1237636, 13.2377425], [80.1236134, 13.2376328], [80.1235812, 13.2373535], [80.1234712, 13.237142], [80.1233854, 13.2369279], [80.1233049, 13.2367556], [80.1231011, 13.2366564], [80.122967, 13.2365624], [80.1229911, 13.2364266], [80.1230608, 13.2362517], [80.1230877, 13.2360924]]}}, {"type": "Feature", "properties": {"osm_id": 442110635, "highway": "path", "name": null, "source": "osm_overpass"}, "geometry": {"type": "LineString", "coordinates": [[80.1189561, 13.2344824], [80.1192243, 13.234532], [80.1193235, 13.2345529], [80.1194442, 13.2345255], [80.1195569, 13.2344328]]}}, {"type": "Feature", "properties": {"osm_id": 442114767, "highway": "path", "name": null, "source": "osm_overpass"}, "geometry": {"type": "LineString", "coordinates": [[80.1180656, 13.2394104], [80.1178863, 13.239303], [80.1177496, 13.2391127], [80.1176853, 13.2389847], [80.1176717, 13.2388043], [80.1176933, 13.2386766], [80.1177307, 13.2385719], [80.1178005, 13.2385041], [80.1179238, 13.2384388], [80.1181253, 13.2384155], [80.1183506, 13.2384678], [80.1187905, 13.238567], [80.119166, 13.2385879], [80.1192757, 13.2385954], [80.1193591, 13.2385535]]}}, {"type": "Feature", "properties": {"osm_id": 442114769, "highway": "path", "name": null, "source": "osm_overpass"}, "geometry": {"type": "LineString", "coordinates": [[80.1229638, 13.2419037], [80.1231355, 13.2419168], [80.1232185, 13.2419296], [80.1232373, 13.2419818], [80.1232535, 13.24217], [80.1232856, 13.2424413], [80.1233581, 13.2430212], [80.1234413, 13.2434572], [80.1235003, 13.2438514], [80.1235432, 13.2440734], [80.1236182, 13.2442245], [80.1237684, 13.2444569], [80.1238649, 13.2445927], [80.1239883, 13.244671], [80.1240823, 13.2447444], [80.1241923, 13.2447705], [80.1242887, 13.2447806]]}}, {"type": "Feature", "properties": {"osm_id": 442114771, "highway": "path", "name": null, "source": "osm_overpass"}, "geometry": {"type": "LineString", "coordinates": [[80.1337355, 13.2469427], [80.1336228, 13.246525], [80.1334833, 13.2464101], [80.1332688, 13.2459662], [80.1331293, 13.2456843], [80.1330032, 13.2452323], [80.1328798, 13.2449138], [80.1326867, 13.2447102], [80.1325902, 13.2445639], [80.1325365, 13.2444543], [80.132499, 13.2442872], [80.1324346, 13.244235], [80.1324346, 13.244094], [80.1323917, 13.2439687], [80.1322897, 13.2438956], [80.13222, 13.2438642], [80.131992, 13.243841], [80.1318847, 13.2439037], [80.1318043, 13.2439245], [80.1317506, 13.2439141], [80.1317506, 13.2438462], [80.1317506, 13.2437783], [80.1317023, 13.2437157], [80.1315092, 13.2436843]]}}, {"type": "Feature", "properties": {"osm_id": 442114772, "highway": "path", "name": null, "source": "osm_overpass"}, "geometry": {"type": "LineString", "coordinates": [[80.1288753, 13.2430264], [80.1289745, 13.243034], [80.1290818, 13.2430601], [80.1292481, 13.2430601], [80.1293956, 13.2430264], [80.1296639, 13.242969], [80.1299857, 13.2429167], [80.1300903, 13.2427624], [80.1302298, 13.2427102], [80.1304015, 13.2427416], [80.1305436, 13.2428228], [80.1306697, 13.2428617], [80.1307502, 13.2428147], [80.1308494, 13.2426504], [80.1309755, 13.2426162], [80.1310935, 13.2426476], [80.1312651, 13.242705], [80.1314261, 13.2427833], [80.1315253, 13.242922], [80.1315682, 13.24311], [80.1317292, 13.2433763], [80.1320323, 13.2435666], [80.1321825, 13.2436554], [80.132279, 13.2437494], [80.1322897, 13.2438956]]}}, {"type": "Feature", "properties": {"osm_id": 442444774, "highway": "footway", "name": null, "source": "osm_overpass"}, "geometry": {"type": "LineString", "coordinates": [[80.2293374, 12.9149741], [80.2295891, 12.9149406]]}}, {"type": "Feature", "properties": {"osm_id": 442464185, "highway": "footway", "name": null, "source": "osm_overpass"}, "geometry": {"type": "LineString", "coordinates": [[80.2328012, 12.9339218], [80.233009, 12.9338406]]}}, {"type": "Feature", "properties": {"osm_id": 442465368, "highway": "footway", "name": null, "source": "osm_overpass"}, "geometry": {"type": "LineString", "coordinates": [[80.2356249, 12.9398475], [80.2358084, 12.9397583]]}}, {"type": "Feature", "properties": {"osm_id": 442869975, "highway": "path", "name": null, "source": "osm_overpass"}, "geometry": {"type": "LineString", "coordinates": [[80.1415688, 13.2375108], [80.141089, 13.2370131], [80.1408565, 13.2368094], [80.1403863, 13.2362925], [80.1399196, 13.236047], [80.138954, 13.2357128], [80.138557, 13.2354779], [80.1382352, 13.2354413], [80.1376612, 13.2353264], [80.1370121, 13.2351645], [80.1365561, 13.2348617], [80.1361806, 13.2346424], [80.1358412, 13.2345804]]}}, {"type": "Feature", "properties": {"osm_id": 442869979, "highway": "path", "name": null, "source": "osm_overpass"}, "geometry": {"type": "LineString", "coordinates": [[80.1408565, 13.2368094], [80.141132, 13.235833], [80.1416201, 13.2342142], [80.1416845, 13.2340993], [80.1420064, 13.2339687], [80.1426286, 13.2338434], [80.1451432, 13.2331716]]}}, {"type": "Feature", "properties": {"osm_id": 442874741, "highway": "path", "name": null, "source": "osm_overpass"}, "geometry": {"type": "LineString", "coordinates": [[80.2323448, 12.9054392], [80.2322295, 12.9054575], [80.2321279, 12.9054866]]}}, {"type": "Feature", "properties": {"osm_id": 442993003, "highway": "path", "name": null, "source": "osm_overpass"}, "geometry": {"type": "LineString", "coordinates": [[80.2348039, 12.9073615], [80.2348176, 12.9074347], [80.2349731, 12.9078007], [80.2350992, 12.9081328], [80.2350643, 12.908355]]}}, {"type": "Feature", "properties": {"osm_id": 444097245, "highway": "footway", "name": null, "source": "osm_overpass"}, "geometry": {"type": "LineString", "coordinates": [[80.2433297, 13.0123151], [80.2429812, 13.0122569]]}}, {"type": "Feature", "properties": {"osm_id": 444097246, "highway": "footway", "name": null, "source": "osm_overpass"}, "geometry": {"type": "LineString", "coordinates": [[80.2435744, 13.0119845], [80.2436428, 13.0116761], [80.2434691, 13.0116395]]}}, {"type": "Feature", "properties": {"osm_id": 447986442, "highway": "cycleway", "name": "Ayodhya Colony (Gally)", "source": "osm_overpass"}, "geometry": {"type": "LineString", "coordinates": [[80.2308021, 12.9838348], [80.2306858, 12.9831044]]}}, {"type": "Feature", "properties": {"osm_id": 457176568, "highway": "pedestrian", "name": "Perambur Subway", "source": "osm_overpass"}, "geometry": {"type": "LineString", "coordinates": [[80.2422374, 13.1076792], [80.2422421, 13.1073397], [80.2422432, 13.1072779]]}}, {"type": "Feature", "properties": {"osm_id": 459808176, "highway": "footway", "name": null, "source": "osm_overpass"}, "geometry": {"type": "LineString", "coordinates": [[80.2516722, 13.0499761], [80.2516333, 13.0500349], [80.2518258, 13.0501469], [80.2520249, 13.0501988], [80.2521433, 13.0500543], [80.2521285, 13.0500367], [80.2521104, 13.0500066], [80.2521024, 13.0499825], [80.2521195, 13.0499464]]}}, {"type": "Feature", "properties": {"osm_id": 459808177, "highway": "footway", "name": null, "source": "osm_overpass"}, "geometry": {"type": "LineString", "coordinates": [[80.2525527, 13.0500323], [80.2523488, 13.0499117], [80.2522703, 13.0499189], [80.2522093, 13.049979], [80.2521758, 13.0499633], [80.2521195, 13.0499464], [80.2517751, 13.0498957], [80.2517748, 13.0499712], [80.2516722, 13.0499761], [80.2515904, 13.049979], [80.2515884, 13.0499526], [80.2514778, 13.0499676], [80.2514878, 13.0500362], [80.2514871, 13.0500741], [80.2513819, 13.0501949], [80.2512746, 13.0501263], [80.251232, 13.0501256], [80.2511914, 13.050125], [80.2511043, 13.0501551], [80.2510607, 13.0501704], [80.2509896, 13.0501123], [80.2509333, 13.0500848], [80.2508743, 13.0500822], [80.2508233, 13.0500914], [80.2507911, 13.0501293], [80.2507723, 13.0501802], [80.2507697, 13.0502286], [80.2507777, 13.0502782], [80.2507925, 13.0503239], [80.2508313, 13.0503697], [80.2508676, 13.0504075], [80.2509239, 13.0504441], [80.2509923, 13.0504729], [80.2510714, 13.0504807], [80.2511358, 13.0504729], [80.251227, 13.050452], [80.2512873, 13.0504311], [80.2513463, 13.0503971], [80.2513906, 13.0503501], [80.2513819, 13.0501949]]}}, {"type": "Feature", "properties": {"osm_id": 459808178, "highway": "footway", "name": null, "source": "osm_overpass"}, "geometry": {"type": "LineString", "coordinates": [[80.2528067, 13.0500108], [80.252782, 13.0499918], [80.2527391, 13.0499584], [80.2526948, 13.0499565], [80.2526472, 13.0499669], [80.2525982, 13.0499767], [80.2525527, 13.0500323], [80.2525124, 13.050093], [80.2525138, 13.0501387], [80.2525325, 13.0501675], [80.2525674, 13.0501923], [80.2526294, 13.0502363]]}}, {"type": "Feature", "properties": {"osm_id": 459809121, "highway": "footway", "name": null, "source": "osm_overpass"}, "geometry": {"type": "LineString", "coordinates": [[80.2517149, 13.0508035], [80.2516384, 13.0506967], [80.2515848, 13.0506027], [80.2515714, 13.0504916], [80.2515834, 13.0504368], [80.2516344, 13.0503767], [80.2513819, 13.0501949]]}}, {"type": "Feature", "properties": {"osm_id": 459809122, "highway": "footway", "name": null, "source": "osm_overpass"}, "geometry": {"type": "LineString", "coordinates": [[80.2512873, 13.0504311], [80.2513394, 13.0505462], [80.2512575, 13.0506781], [80.2511959, 13.050784], [80.2511932, 13.050912], [80.2512307, 13.0510165], [80.251283, 13.0510701], [80.2513608, 13.051121], [80.2514788, 13.0511537], [80.2515687, 13.0511733], [80.2516545, 13.0511935]]}}, {"type": "Feature", "properties": {"osm_id": 459809123, "highway": "footway", "name": null, "source": "osm_overpass"}, "geometry": {"type": "LineString", "coordinates": [[80.2508313, 13.0503697], [80.2508552, 13.0504554], [80.2508861, 13.0505285], [80.2508941, 13.0506004], [80.2508954, 13.0506696], [80.2508874, 13.050735], [80.2508954, 13.0507937], [80.2509062, 13.05088], [80.2509115, 13.0509531], [80.2509263, 13.0510982], [80.2509424, 13.0513359], [80.2509571, 13.0514627], [80.2510228, 13.0515593], [80.2510819, 13.0516155], [80.2511275, 13.0516456], [80.2511865, 13.0516547], [80.2512401, 13.0516495], [80.2512817, 13.0516142], [80.2514158, 13.0514052], [80.2515056, 13.0513124], [80.2516196, 13.0512353], [80.2516545, 13.0511935], [80.2517457, 13.0509055], [80.2517149, 13.0508035], [80.2519361, 13.0507513], [80.2519871, 13.0506415], [80.2520421, 13.0504848], [80.2518258, 13.0501469]]}}, {"type": "Feature", "properties": {"osm_id": 459810755, "highway": "footway", "name": null, "source": "osm_overpass"}, "geometry": {"type": "LineString", "coordinates": [[80.251232, 13.0501256], [80.2512314, 13.0501757], [80.2512307, 13.0501979], [80.2512193, 13.0502413]]}}, {"type": "Feature", "properties": {"osm_id": 459810756, "highway": "footway", "name": null, "source": "osm_overpass"}, "geometry": {"type": "LineString", "coordinates": [[80.251205, 13.0502409], [80.2511913, 13.050245], [80.2511798, 13.0502532], [80.2511716, 13.0502646], [80.2511676, 13.050278], [80.2511684, 13.0502919], [80.2511737, 13.0503048], [80.251183, 13.0503154], [80.2511954, 13.0503224], [80.2512094, 13.0503251], [80.2512236, 13.0503233], [80.2512363, 13.050317], [80.2512464, 13.0503071], [80.2512525, 13.0502945], [80.2512541, 13.0502807], [80.2512511, 13.0502671], [80.2512436, 13.0502552], [80.2512326, 13.0502463], [80.2512193, 13.0502413], [80.251205, 13.0502409]]}}, {"type": "Feature", "properties": {"osm_id": 460134288, "highway": "footway", "name": null, "source": "osm_overpass"}, "geometry": {"type": "LineString", "coordinates": [[80.2752675, 13.080011], [80.2749819, 13.0801024]]}}, {"type": "Feature", "properties": {"osm_id": 460134289, "highway": "footway", "name": null, "source": "osm_overpass"}, "geometry": {"type": "LineString", "coordinates": [[80.2757078, 13.0799158], [80.2755833, 13.0799286], [80.2752675, 13.080011]]}}, {"type": "Feature", "properties": {"osm_id": 462163004, "highway": "footway", "name": "Kasi Visalatchipuram Park", "source": "osm_overpass"}, "geometry": {"type": "LineString", "coordinates": [[80.1902272, 12.9533053], [80.1903726, 12.9532937], [80.1903559, 12.9531962], [80.1902192, 12.9531847], [80.1902241, 12.9533004]]}}, {"type": "Feature", "properties": {"osm_id": 465136341, "highway": "footway", "name": "corparation park walkers path2", "source": "osm_overpass"}, "geometry": {"type": "LineString", "coordinates": [[80.2330306, 12.9621402], [80.2330269, 12.9618997], [80.2330239, 12.9616997], [80.2332452, 12.9617031], [80.2334504, 12.9617063], [80.2334498, 12.9619101], [80.2334491, 12.9621428], [80.2332519, 12.9621416], [80.2330306, 12.9621402]]}}, {"type": "Feature", "properties": {"osm_id": 465138129, "highway": "footway", "name": "walker path", "source": "osm_overpass"}, "geometry": {"type": "LineString", "coordinates": [[80.2330269, 12.9618997], [80.2332238, 12.9619036], [80.2332184, 12.9619258], [80.2332452, 12.9619258], [80.2332519, 12.9621416]]}}, {"type": "Feature", "properties": {"osm_id": 465138130, "highway": "footway", "name": "walker path", "source": "osm_overpass"}, "geometry": {"type": "LineString", "coordinates": [[80.2332452, 12.9619258], [80.2332734, 12.9619284], [80.2332734, 12.9619114], [80.2334498, 12.9619101]]}}, {"type": "Feature", "properties": {"osm_id": 465138131, "highway": "footway", "name": "walker path", "source": "osm_overpass"}, "geometry": {"type": "LineString", "coordinates": [[80.2332734, 12.9619114], [80.233272, 12.9618814], [80.2332439, 12.9618814], [80.2332452, 12.9617031]]}}, {"type": "Feature", "properties": {"osm_id": 465138132, "highway": "footway", "name": null, "source": "osm_overpass"}, "geometry": {"type": "LineString", "coordinates": [[80.2332238, 12.9619036], [80.2332211, 12.9618814], [80.2332439, 12.9618814]]}}, {"type": "Feature", "properties": {"osm_id": 467615649, "highway": "footway", "name": null, "source": "osm_overpass"}, "geometry": {"type": "LineString", "coordinates": [[80.2367168, 13.0131176], [80.2362725, 13.0131831], [80.2362792, 13.0132524]]}}, {"type": "Feature", "properties": {"osm_id": 467615650, "highway": "footway", "name": null, "source": "osm_overpass"}, "geometry": {"type": "LineString", "coordinates": [[80.2362792, 13.0132524], [80.2367259, 13.0131869]]}}, {"type": "Feature", "properties": {"osm_id": 469516950, "highway": "footway", "name": null, "source": "osm_overpass"}, "geometry": {"type": "LineString", "coordinates": [[80.1929611, 13.0878178], [80.1930639, 13.0878201], [80.1930662, 13.0875972], [80.1929588, 13.0875949], [80.1929611, 13.0878178]]}}, {"type": "Feature", "properties": {"osm_id": 469517285, "highway": "footway", "name": "Asiad colony park, walking path", "source": "osm_overpass"}, "geometry": {"type": "LineString", "coordinates": [[80.1977156, 13.08925], [80.1980374, 13.0892463], [80.1984049, 13.0892421], [80.1984143, 13.0887667], [80.1980211, 13.0887798], [80.1977102, 13.0888045], [80.1977156, 13.08925]]}}, {"type": "Feature", "properties": {"osm_id": 475250035, "highway": "path", "name": null, "source": "osm_overpass"}, "geometry": {"type": "LineString", "coordinates": [[80.2373859, 12.9866399], [80.2373884, 12.986594], [80.2373735, 12.9865085], [80.2373345, 12.9864445], [80.237287, 12.9863868], [80.2372337, 12.9863379], [80.2371994, 12.9863058], [80.2371445, 12.9862765], [80.2370563, 12.9862744], [80.2369949, 12.9863192], [80.2369447, 12.9863805], [80.2369151, 12.9864571], [80.2369044, 12.9865419], [80.2368895, 12.9866319]]}}, {"type": "Feature", "properties": {"osm_id": 482969233, "highway": "footway", "name": null, "source": "osm_overpass"}, "geometry": {"type": "LineString", "coordinates": [[80.0988051, 13.047605], [80.0989499, 13.0475909]]}}, {"type": "Feature", "properties": {"osm_id": 482969234, "highway": "footway", "name": null, "source": "osm_overpass"}, "geometry": {"type": "LineString", "coordinates": [[80.0988051, 13.047605], [80.0986405, 13.0476208]]}}, {"type": "Feature", "properties": {"osm_id": 482969235, "highway": "footway", "name": null, "source": "osm_overpass"}, "geometry": {"type": "LineString", "coordinates": [[80.0981695, 13.0475318], [80.0981957, 13.0478137], [80.0986547, 13.0477731], [80.0986405, 13.0476208], [80.0986285, 13.0474912], [80.0981695, 13.0475318]]}}, {"type": "Feature", "properties": {"osm_id": 486685199, "highway": "footway", "name": null, "source": "osm_overpass"}, "geometry": {"type": "LineString", "coordinates": [[80.2571591, 13.095902], [80.2571991, 13.0957058], [80.2572371, 13.0955196], [80.2573158, 13.095134], [80.2574554, 13.0951371], [80.2577024, 13.0951414], [80.2577511, 13.0955435], [80.2577747, 13.0957391], [80.257801, 13.0959561], [80.2573562, 13.0959186], [80.2571591, 13.095902]]}}, {"type": "Feature", "properties": {"osm_id": 486686063, "highway": "footway", "name": null, "source": "osm_overpass"}, "geometry": {"type": "LineString", "coordinates": [[80.2565199, 13.0931475], [80.2565375, 13.0927795], [80.2567217, 13.092799], [80.2566972, 13.0929317], [80.256651, 13.0931819], [80.2566146, 13.0931723], [80.2565199, 13.0931475]]}}, {"type": "Feature", "properties": {"osm_id": 488393877, "highway": "footway", "name": null, "source": "osm_overpass"}, "geometry": {"type": "LineString", "coordinates": [[80.2049181, 13.0419541], [80.204903, 13.0416842], [80.2049097, 13.0416659], [80.2049627, 13.0415882], [80.2049674, 13.0415594], [80.2049728, 13.0415261], [80.2049775, 13.0414987], [80.2049848, 13.0414549], [80.2049962, 13.041434], [80.2050083, 13.0414203], [80.2050566, 13.0413916], [80.2052167, 13.0413674]]}}, {"type": "Feature", "properties": {"osm_id": 488559686, "highway": "footway", "name": null, "source": "osm_overpass"}, "geometry": {"type": "LineString", "coordinates": [[80.205074, 13.0419507], [80.2050573, 13.0419462], [80.2049181, 13.0419541]]}}, {"type": "Feature", "properties": {"osm_id": 488559687, "highway": "footway", "name": null, "source": "osm_overpass"}, "geometry": {"type": "LineString", "coordinates": [[80.204664, 13.0425299], [80.2049362, 13.0424966], [80.2051196, 13.0424799], [80.2051377, 13.042476], [80.2051491, 13.0424681]]}}, {"type": "Feature", "properties": {"osm_id": 488559688, "highway": "footway", "name": null, "source": "osm_overpass"}, "geometry": {"type": "LineString", "coordinates": [[80.2048882, 13.0422257], [80.2046697, 13.0422467], [80.2046616, 13.0422532], [80.2046576, 13.0422669], [80.2046502, 13.0425197], [80.2046556, 13.0425256], [80.204664, 13.0425299]]}}, {"type": "Feature", "properties": {"osm_id": 488559689, "highway": "footway", "name": null, "source": "osm_overpass"}, "geometry": {"type": "LineString", "coordinates": [[80.2049629, 13.0422164], [80.205127, 13.0421877]]}}, {"type": "Feature", "properties": {"osm_id": 488559690, "highway": "footway", "name": null, "source": "osm_overpass"}, "geometry": {"type": "LineString", "coordinates": [[80.2049236, 13.0421714], [80.2049084, 13.0421747], [80.2048958, 13.0421834], [80.2048875, 13.0421961], [80.2048848, 13.042211], [80.2048882, 13.0422257], [80.2048971, 13.0422381], [80.2049102, 13.0422462], [80.2049255, 13.0422487], [80.2049406, 13.0422454], [80.2049533, 13.0422367], [80.2049616, 13.042224], [80.2049629, 13.0422164], [80.2049643, 13.0422091], [80.2049609, 13.0421944], [80.2049519, 13.042182], [80.2049388, 13.0421739], [80.2049236, 13.0421714]]}}, {"type": "Feature", "properties": {"osm_id": 488559691, "highway": "footway", "name": null, "source": "osm_overpass"}, "geometry": {"type": "LineString", "coordinates": [[80.2049236, 13.0421714], [80.2049181, 13.0419541]]}}, {"type": "Feature", "properties": {"osm_id": 488559692, "highway": "footway", "name": null, "source": "osm_overpass"}, "geometry": {"type": "LineString", "coordinates": [[80.2049362, 13.0424966], [80.2049255, 13.0422487]]}}, {"type": "Feature", "properties": {"osm_id": 488559693, "highway": "footway", "name": null, "source": "osm_overpass"}, "geometry": {"type": "LineString", "coordinates": [[80.2051491, 13.0424681], [80.2051599, 13.0424466], [80.2051654, 13.042412], [80.205127, 13.0421877], [80.2050881, 13.0419599], [80.205074, 13.0419507]]}}, {"type": "Feature", "properties": {"osm_id": 489536142, "highway": "footway", "name": "Sivan Park Walking path", "source": "osm_overpass"}, "geometry": {"type": "LineString", "coordinates": [[80.2046576, 13.0422669], [80.2046763, 13.0419633], [80.2047111, 13.0413996], [80.2047686, 13.0409136], [80.204841, 13.0408247], [80.2049081, 13.0408169], [80.2049805, 13.0410573], [80.2050566, 13.0413916]]}}, {"type": "Feature", "properties": {"osm_id": 489536233, "highway": "footway", "name": null, "source": "osm_overpass"}, "geometry": {"type": "LineString", "coordinates": [[80.2047111, 13.0413996], [80.2049775, 13.0414987]]}}, {"type": "Feature", "properties": {"osm_id": 489536894, "highway": "footway", "name": null, "source": "osm_overpass"}, "geometry": {"type": "LineString", "coordinates": [[80.2049181, 13.0419541], [80.2046763, 13.0419633]]}}, {"type": "Feature", "properties": {"osm_id": 493195696, "highway": "footway", "name": null, "source": "osm_overpass"}, "geometry": {"type": "LineString", "coordinates": [[80.23621, 13.0371011], [80.236108, 13.0372474], [80.2360226, 13.0373718], [80.2359364, 13.0374972], [80.2358318, 13.0376498], [80.2362925, 13.0379274], [80.2364996, 13.0380548], [80.2366391, 13.0380705], [80.236741, 13.0380287], [80.2368215, 13.0379764], [80.2368732, 13.0379039], [80.2368886, 13.0378824], [80.2369234, 13.0377935], [80.2369395, 13.0377021], [80.2369342, 13.0376341], [80.2368993, 13.0375557], [80.2366496, 13.0373911], [80.23621, 13.0371011]]}}, {"type": "Feature", "properties": {"osm_id": 493195697, "highway": "footway", "name": null, "source": "osm_overpass"}, "geometry": {"type": "LineString", "coordinates": [[80.236108, 13.0372474], [80.2361134, 13.0373545], [80.2360866, 13.0374303], [80.2359954, 13.03748], [80.2359364, 13.0374972]]}}, {"type": "Feature", "properties": {"osm_id": 493195698, "highway": "footway", "name": null, "source": "osm_overpass"}, "geometry": {"type": "LineString", "coordinates": [[80.2360866, 13.0374303], [80.2360761, 13.0375131], [80.2361273, 13.0376036], [80.236398, 13.037769], [80.2365598, 13.0378678], [80.2366167, 13.0378826], [80.2366887, 13.0378623], [80.2367348, 13.0378206], [80.2367418, 13.0378143], [80.2367646, 13.0377477], [80.2367608, 13.0376831], [80.2367305, 13.0376332], [80.2365591, 13.037527], [80.236298, 13.0373653], [80.236171, 13.0373616], [80.2360866, 13.0374303]]}}, {"type": "Feature", "properties": {"osm_id": 493195699, "highway": "footway", "name": null, "source": "osm_overpass"}, "geometry": {"type": "LineString", "coordinates": [[80.2362925, 13.0379274], [80.236398, 13.037769], [80.2364699, 13.037661], [80.2365591, 13.037527], [80.2366496, 13.0373911]]}}, {"type": "Feature", "properties": {"osm_id": 493195700, "highway": "footway", "name": null, "source": "osm_overpass"}, "geometry": {"type": "LineString", "coordinates": [[80.2360866, 13.0374303], [80.2364699, 13.037661], [80.2367348, 13.0378206], [80.2368732, 13.0379039]]}}, {"type": "Feature", "properties": {"osm_id": 493195701, "highway": "footway", "name": null, "source": "osm_overpass"}, "geometry": {"type": "LineString", "coordinates": [[80.2368934, 13.0382504], [80.2368518, 13.0381635], [80.2368272, 13.0380711], [80.2368215, 13.0379764]]}}, {"type": "Feature", "properties": {"osm_id": 493195702, "highway": "footway", "name": null, "source": "osm_overpass"}, "geometry": {"type": "LineString", "coordinates": [[80.2358599, 13.0372685], [80.2360226, 13.0373718]]}}, {"type": "Feature", "properties": {"osm_id": 496845633, "highway": "footway", "name": null, "source": "osm_overpass"}, "geometry": {"type": "LineString", "coordinates": [[80.1656874, 12.9800662], [80.165885, 12.9801631]]}}, {"type": "Feature", "properties": {"osm_id": 496845634, "highway": "footway", "name": null, "source": "osm_overpass"}, "geometry": {"type": "LineString", "coordinates": [[80.1658035, 12.9803157], [80.1656082, 12.9802283]]}}, {"type": "Feature", "properties": {"osm_id": 496845642, "highway": "footway", "name": null, "source": "osm_overpass"}, "geometry": {"type": "LineString", "coordinates": [[80.1649734, 12.9809885], [80.1651214, 12.9808947], [80.1652364, 12.9809469]]}}, {"type": "Feature", "properties": {"osm_id": 513400405, "highway": "footway", "name": null, "source": "osm_overpass"}, "geometry": {"type": "LineString", "coordinates": [[80.0197886, 12.7966536], [80.0199462, 12.7965468], [80.0202057, 12.7963711]]}}, {"type": "Feature", "properties": {"osm_id": 513679420, "highway": "path", "name": null, "source": "osm_overpass"}, "geometry": {"type": "LineString", "coordinates": [[80.0008465, 12.7617939], [80.0009085, 12.7617985], [80.0009317, 12.7617576]]}}, {"type": "Feature", "properties": {"osm_id": 513679421, "highway": "path", "name": null, "source": "osm_overpass"}, "geometry": {"type": "LineString", "coordinates": [[80.0006428, 12.7619196], [80.0006792, 12.7619188], [80.0007524, 12.7617884]]}}, {"type": "Feature", "properties": {"osm_id": 513679422, "highway": "path", "name": null, "source": "osm_overpass"}, "geometry": {"type": "LineString", "coordinates": [[80.0005609, 12.7619424], [80.000533, 12.7620064]]}}, {"type": "Feature", "properties": {"osm_id": 513679426, "highway": "footway", "name": null, "source": "osm_overpass"}, "geometry": {"type": "LineString", "coordinates": [[80.0006269, 12.7621372], [80.0007597, 12.7620339], [80.0007865, 12.7620653], [80.0010024, 12.7619188]]}}, {"type": "Feature", "properties": {"osm_id": 523744493, "highway": "path", "name": null, "source": "osm_overpass"}, "geometry": {"type": "LineString", "coordinates": [[80.2285735, 12.7988186], [80.2283943, 12.7988993], [80.2283715, 12.799034], [80.2283554, 12.7991805], [80.2283232, 12.7992446], [80.2282991, 12.7992877], [80.2282468, 12.7993191], [80.2281918, 12.7993623], [80.2281033, 12.7994067], [80.2280456, 12.7994813], [80.2280027, 12.7995911], [80.2280027, 12.7997141], [80.2279785, 12.799837], [80.2279423, 12.7999495], [80.22789, 12.7999992], [80.227829, 12.8000892]]}}, {"type": "Feature", "properties": {"osm_id": 523744494, "highway": "path", "name": null, "source": "osm_overpass"}, "geometry": {"type": "LineString", "coordinates": [[80.2281033, 12.7994067], [80.2277224, 12.7996284], [80.227363, 12.79989], [80.2271695, 12.8001335], [80.2271473, 12.8002598]]}}, {"type": "Feature", "properties": {"osm_id": 523744495, "highway": "path", "name": null, "source": "osm_overpass"}, "geometry": {"type": "LineString", "coordinates": [[80.2283943, 12.7988993], [80.2280013, 12.7988908], [80.2277546, 12.7989981], [80.2274944, 12.7993459], [80.2273147, 12.7997409], [80.2271695, 12.8001335]]}}, {"type": "Feature", "properties": {"osm_id": 525641241, "highway": "footway", "name": null, "source": "osm_overpass"}, "geometry": {"type": "LineString", "coordinates": [[80.1998419, 12.7507017], [80.1995805, 12.7507209], [80.1994527, 12.7507253], [80.1991657, 12.7507253], [80.1989649, 12.7507533], [80.1988118, 12.7507253], [80.1987066, 12.750632], [80.1985344, 12.750604], [80.1982736, 12.7506993]]}}, {"type": "Feature", "properties": {"osm_id": 529921193, "highway": "path", "name": null, "source": "osm_overpass"}, "geometry": {"type": "LineString", "coordinates": [[80.1961335, 12.752255], [80.1958281, 12.751992], [80.1958339, 12.7517839]]}}, {"type": "Feature", "properties": {"osm_id": 534119027, "highway": "path", "name": null, "source": "osm_overpass"}, "geometry": {"type": "LineString", "coordinates": [[80.2337965, 12.9094886], [80.2338208, 12.9094883], [80.2339415, 12.909423], [80.2340768, 12.9093747]]}}, {"type": "Feature", "properties": {"osm_id": 534119047, "highway": "footway", "name": null, "source": "osm_overpass"}, "geometry": {"type": "LineString", "coordinates": [[80.2241421, 12.9093655], [80.2235828, 12.9096836]]}}, {"type": "Feature", "properties": {"osm_id": 540126755, "highway": "footway", "name": null, "source": "osm_overpass"}, "geometry": {"type": "LineString", "coordinates": [[80.2516363, 12.9879526], [80.2516888, 12.9878387]]}}, {"type": "Feature", "properties": {"osm_id": 548547506, "highway": "footway", "name": null, "source": "osm_overpass"}, "geometry": {"type": "LineString", "coordinates": [[80.1984305, 13.0829753], [80.1984351, 13.0832606], [80.1984369, 13.0836381], [80.1984369, 13.0839314], [80.1984433, 13.0844391], [80.1984505, 13.0847758], [80.1984616, 13.0853002], [80.1984596, 13.0853741], [80.1984638, 13.0854609], [80.1984603, 13.0857753], [80.1984634, 13.0860896], [80.1984619, 13.0862067]]}}, {"type": "Feature", "properties": {"osm_id": 548547508, "highway": "footway", "name": null, "source": "osm_overpass"}, "geometry": {"type": "LineString", "coordinates": [[80.1984588, 13.086308], [80.1984565, 13.0866096], [80.1984495, 13.0869682]]}}, {"type": "Feature", "properties": {"osm_id": 548547509, "highway": "footway", "name": null, "source": "osm_overpass"}, "geometry": {"type": "LineString", "coordinates": [[80.1984426, 13.0874919], [80.1984441, 13.0879923], [80.1984441, 13.0884777], [80.1984451, 13.0886961], [80.1984457, 13.0888303], [80.1984511, 13.0892842], [80.1984513, 13.0892985], [80.1984559, 13.0896522], [80.1984605, 13.0901031], [80.1984628, 13.0902411]]}}, {"type": "Feature", "properties": {"osm_id": 549383714, "highway": "footway", "name": null, "source": "osm_overpass"}, "geometry": {"type": "LineString", "coordinates": [[80.1987503, 13.0854727], [80.199083, 13.0854363], [80.2003694, 13.085397], [80.2006213, 13.0853892], [80.2027805, 13.0853277], [80.2029762, 13.0853263], [80.2057993, 13.0852347], [80.208344, 13.0851631], [80.2101629, 13.0850416], [80.2102012, 13.085039], [80.2102368, 13.0850375], [80.2129385, 13.0849235], [80.2151476, 13.0848606], [80.2153981, 13.0848473], [80.2163982, 13.0848202], [80.2170388, 13.0848076], [80.2174028, 13.0848005], [80.21748, 13.084815], [80.2175728, 13.0848371], [80.2176789, 13.0848872], [80.2177481, 13.0849199], [80.2178173, 13.084955]]}}, {"type": "Feature", "properties": {"osm_id": 553708957, "highway": "footway", "name": null, "source": "osm_overpass"}, "geometry": {"type": "LineString", "coordinates": [[80.2865738, 13.0807499], [80.2865624, 13.0806331], [80.286651, 13.0805207], [80.2866241, 13.0804136], [80.2866566, 13.0804012]]}}, {"type": "Feature", "properties": {"osm_id": 556201932, "highway": "footway", "name": null, "source": "osm_overpass"}, "geometry": {"type": "LineString", "coordinates": [[80.2426059, 12.7631511], [80.2420492, 12.7632902]]}}, {"type": "Feature", "properties": {"osm_id": 556201933, "highway": "footway", "name": "Prakaram", "source": "osm_overpass"}, "geometry": {"type": "LineString", "coordinates": [[80.2415511, 12.7632799], [80.2416188, 12.7635526], [80.2418126, 12.7635048], [80.2417981, 12.763449], [80.2420425, 12.7633888], [80.2420267, 12.7633282], [80.2420565, 12.76332], [80.2420492, 12.7632902], [80.2420429, 12.7632647], [80.242014, 12.7632715], [80.2420025, 12.7632239], [80.2417582, 12.7632873], [80.2417421, 12.7632328], [80.2415511, 12.7632799]]}}, {"type": "Feature", "properties": {"osm_id": 589416417, "highway": "cycleway", "name": null, "source": "osm_overpass"}, "geometry": {"type": "LineString", "coordinates": [[80.2351348, 12.985159], [80.2351161, 12.9849517], [80.2347934, 12.9849363]]}}, {"type": "Feature", "properties": {"osm_id": 589416422, "highway": "footway", "name": null, "source": "osm_overpass"}, "geometry": {"type": "LineString", "coordinates": [[80.232707, 12.9848708], [80.2327077, 12.9844509]]}}, {"type": "Feature", "properties": {"osm_id": 589416430, "highway": "footway", "name": null, "source": "osm_overpass"}, "geometry": {"type": "LineString", "coordinates": [[80.2301824, 12.9911261], [80.2301902, 12.9908171]]}}, {"type": "Feature", "properties": {"osm_id": 589416432, "highway": "footway", "name": null, "source": "osm_overpass"}, "geometry": {"type": "LineString", "coordinates": [[80.2339631, 12.9931337], [80.2341545, 12.9930987]]}}, {"type": "Feature", "properties": {"osm_id": 589840574, "highway": "footway", "name": null, "source": "osm_overpass"}, "geometry": {"type": "LineString", "coordinates": [[80.2299636, 12.9915814], [80.2300996, 12.9915824]]}}, {"type": "Feature", "properties": {"osm_id": 592256974, "highway": "pedestrian", "name": null, "source": "osm_overpass"}, "geometry": {"type": "LineString", "coordinates": [[80.1520018, 12.9710727], [80.1520809, 12.9711415], [80.1522087, 12.9710019], [80.1521296, 12.9709331], [80.1520018, 12.9710727]]}}, {"type": "Feature", "properties": {"osm_id": 604135749, "highway": "footway", "name": null, "source": "osm_overpass"}, "geometry": {"type": "LineString", "coordinates": [[80.2605343, 13.0778323], [80.2605842, 13.0775465]]}}, {"type": "Feature", "properties": {"osm_id": 604135755, "highway": "pedestrian", "name": null, "source": "osm_overpass"}, "geometry": {"type": "LineString", "coordinates": [[80.2606342, 13.0776084], [80.2605461, 13.0775955], [80.2605263, 13.0777112], [80.2605096, 13.0777966], [80.2606065, 13.0777917], [80.2606342, 13.0776084]]}}, {"type": "Feature", "properties": {"osm_id": 604714205, "highway": "path", "name": null, "source": "osm_overpass"}, "geometry": {"type": "LineString", "coordinates": [[80.2896983, 13.0867505], [80.2896014, 13.0865767], [80.2894803, 13.0861817], [80.2894552, 13.0860588], [80.289413, 13.0858517]]}}, {"type": "Feature", "properties": {"osm_id": 604714209, "highway": "path", "name": null, "source": "osm_overpass"}, "geometry": {"type": "LineString", "coordinates": [[80.2894129, 13.0867775], [80.2893504, 13.086372], [80.2891882, 13.0856777], [80.2891764, 13.0856272], [80.2891457, 13.085496], [80.2891384, 13.0854651]]}}, {"type": "Feature", "properties": {"osm_id": 605788846, "highway": "footway", "name": null, "source": "osm_overpass"}, "geometry": {"type": "LineString", "coordinates": [[80.2559528, 13.0682963], [80.2562564, 13.0679423]]}}, {"type": "Feature", "properties": {"osm_id": 605788847, "highway": "footway", "name": null, "source": "osm_overpass"}, "geometry": {"type": "LineString", "coordinates": [[80.2557108, 13.0682629], [80.2561604, 13.0678272], [80.2563376, 13.0676809], [80.2564382, 13.0677742]]}}, {"type": "Feature", "properties": {"osm_id": 605788849, "highway": "footway", "name": null, "source": "osm_overpass"}, "geometry": {"type": "LineString", "coordinates": [[80.2561604, 13.0678272], [80.256235, 13.0679167], [80.2562564, 13.0679423]]}}, {"type": "Feature", "properties": {"osm_id": 605788851, "highway": "footway", "name": "Fountain Plaza", "source": "osm_overpass"}, "geometry": {"type": "LineString", "coordinates": [[80.256235, 13.0679167], [80.2558997, 13.0682283], [80.2559528, 13.0682963], [80.2560645, 13.0684395]]}}, {"type": "Feature", "properties": {"osm_id": 605788852, "highway": "footway", "name": null, "source": "osm_overpass"}, "geometry": {"type": "LineString", "coordinates": [[80.2559528, 13.0682963], [80.2558459, 13.0683925]]}}, {"type": "Feature", "properties": {"osm_id": 617573794, "highway": "footway", "name": null, "source": "osm_overpass"}, "geometry": {"type": "LineString", "coordinates": [[80.1999371, 12.9225063], [80.1999678, 12.9222255], [80.200228, 12.9222415]]}}, {"type": "Feature", "properties": {"osm_id": 617573795, "highway": "footway", "name": null, "source": "osm_overpass"}, "geometry": {"type": "LineString", "coordinates": [[80.1999678, 12.9222255], [80.1999836, 12.9219375]]}}, {"type": "Feature", "properties": {"osm_id": 617573796, "highway": "footway", "name": null, "source": "osm_overpass"}, "geometry": {"type": "LineString", "coordinates": [[80.1999678, 12.9222255], [80.1996784, 12.9222017]]}}, {"type": "Feature", "properties": {"osm_id": 626273506, "highway": "footway", "name": null, "source": "osm_overpass"}, "geometry": {"type": "LineString", "coordinates": [[80.2415389, 12.9898059], [80.2414999, 12.9898483], [80.2414586, 12.9899416]]}}, {"type": "Feature", "properties": {"osm_id": 627756109, "highway": "path", "name": "Vandaloor Alternate Entrance", "source": "osm_overpass"}, "geometry": {"type": "LineString", "coordinates": [[80.083401, 12.881121], [80.0834983, 12.8811647], [80.083572, 12.8812426], [80.0836687, 12.881288], [80.0838227, 12.8815523], [80.0839521, 12.8816244], [80.0840322, 12.8816905], [80.0842418, 12.8817325], [80.0844574, 12.8817866], [80.0849319, 12.8817566], [80.0851607, 12.8816998], [80.0853545, 12.8815134]]}}, {"type": "Feature", "properties": {"osm_id": 634149703, "highway": "path", "name": null, "source": "osm_overpass"}, "geometry": {"type": "LineString", "coordinates": [[80.1103396, 13.0652729], [80.1104175, 13.0657523], [80.1104898, 13.0661978], [80.1110464, 13.0661113], [80.1118685, 13.0659835], [80.1117817, 13.0655002], [80.1116968, 13.0650273], [80.1108812, 13.0651673], [80.1103396, 13.0652729]]}}, {"type": "Feature", "properties": {"osm_id": 634149704, "highway": "footway", "name": null, "source": "osm_overpass"}, "geometry": {"type": "LineString", "coordinates": [[80.1104175, 13.0657523], [80.1108922, 13.0656648], [80.1109512, 13.0655812], [80.1109834, 13.0655864], [80.111037, 13.0656439], [80.1110102, 13.0657013], [80.1109726, 13.0657275], [80.1109297, 13.0657118], [80.1108922, 13.0656648]]}}, {"type": "Feature", "properties": {"osm_id": 634149705, "highway": "footway", "name": null, "source": "osm_overpass"}, "geometry": {"type": "LineString", "coordinates": [[80.111037, 13.0656439], [80.1117817, 13.0655002]]}}, {"type": "Feature", "properties": {"osm_id": 634149706, "highway": "footway", "name": null, "source": "osm_overpass"}, "geometry": {"type": "LineString", "coordinates": [[80.1108812, 13.0651673], [80.1109512, 13.0655812]]}}, {"type": "Feature", "properties": {"osm_id": 634149707, "highway": "footway", "name": null, "source": "osm_overpass"}, "geometry": {"type": "LineString", "coordinates": [[80.1109726, 13.0657275], [80.1110464, 13.0661113]]}}, {"type": "Feature", "properties": {"osm_id": 634149708, "highway": "footway", "name": null, "source": "osm_overpass"}, "geometry": {"type": "LineString", "coordinates": [[80.1103396, 13.0652729], [80.110286, 13.0650168], [80.1098009, 13.0650769], [80.1093579, 13.0651318]]}}, {"type": "Feature", "properties": {"osm_id": 634149709, "highway": "footway", "name": null, "source": "osm_overpass"}, "geometry": {"type": "LineString", "coordinates": [[80.110286, 13.0650168], [80.1107318, 13.0649638], [80.1116485, 13.0648548], [80.1116968, 13.0650273]]}}, {"type": "Feature", "properties": {"osm_id": 634149710, "highway": "footway", "name": null, "source": "osm_overpass"}, "geometry": {"type": "LineString", "coordinates": [[80.1107318, 13.0649638], [80.1106776, 13.0645622], [80.110302, 13.0645618], [80.1098515, 13.0646197], [80.1098009, 13.0650769]]}}, {"type": "Feature", "properties": {"osm_id": 634149711, "highway": "footway", "name": null, "source": "osm_overpass"}, "geometry": {"type": "LineString", "coordinates": [[80.110302, 13.0645618], [80.1102806, 13.0644995]]}}, {"type": "Feature", "properties": {"osm_id": 634191974, "highway": "footway", "name": "Vandaloor Foot Path", "source": "osm_overpass"}, "geometry": {"type": "LineString", "coordinates": [[80.0852063, 12.8808069], [80.0857372, 12.8808377], [80.0887565, 12.8824467]]}}, {"type": "Feature", "properties": {"osm_id": 651861528, "highway": "footway", "name": null, "source": "osm_overpass"}, "geometry": {"type": "LineString", "coordinates": [[80.2135478, 13.0864504], [80.213601, 13.0865297], [80.2136342, 13.0865589], [80.2136777, 13.086588], [80.2137696, 13.0866191], [80.2138669, 13.0866196], [80.2139591, 13.0865894], [80.2140364, 13.0865149], [80.2140914, 13.0864509], [80.2141158, 13.0863568], [80.2141069, 13.0862602], [80.2140744, 13.086209], [80.2139988, 13.0861031], [80.2139126, 13.0860591], [80.2138164, 13.0860446], [80.2137207, 13.0860612], [80.2136355, 13.086107], [80.2135701, 13.0861771], [80.2135315, 13.0862641], [80.2135238, 13.0863585], [80.2135478, 13.0864504]]}}, {"type": "Feature", "properties": {"osm_id": 651861529, "highway": "footway", "name": null, "source": "osm_overpass"}, "geometry": {"type": "LineString", "coordinates": [[80.2140364, 13.0865149], [80.2153454, 13.086483], [80.2155067, 13.0864791]]}}, {"type": "Feature", "properties": {"osm_id": 657856739, "highway": "footway", "name": null, "source": "osm_overpass"}, "geometry": {"type": "LineString", "coordinates": [[80.2413911, 13.0763507], [80.2415842, 13.0763428], [80.2415563, 13.0760501], [80.2415064, 13.0755277], [80.2427375, 13.0754284], [80.2427697, 13.0757236], [80.2428395, 13.0758125], [80.2431989, 13.0758099], [80.243451, 13.0757419], [80.2441833, 13.0757262], [80.2442423, 13.075708], [80.2442932, 13.0756662], [80.2442825, 13.0753605], [80.2442557, 13.0753187], [80.2442208, 13.0752925], [80.2435727, 13.0751526], [80.242941, 13.0750163], [80.2428046, 13.0749869], [80.2427167, 13.0749637], [80.2426759, 13.0749529], [80.2426598, 13.0748615], [80.2426678, 13.0747883], [80.2426008, 13.0747125], [80.2418926, 13.0745218], [80.2418605, 13.07448], [80.2418283, 13.0743964], [80.2418041, 13.0743468], [80.2417666, 13.0743023], [80.2416754, 13.0742867], [80.241544, 13.0742736], [80.2414554, 13.0742893], [80.241375, 13.0743076], [80.2413294, 13.0743023], [80.2409324, 13.0741978], [80.2408493, 13.0742161], [80.2407849, 13.0742658], [80.2407259, 13.0743232], [80.2407098, 13.0744042], [80.2406702, 13.075533], [80.2406454, 13.0762409], [80.2406696, 13.0763219], [80.2407152, 13.0763533], [80.2408879, 13.0763526], [80.2413911, 13.0763507]]}}, {"type": "Feature", "properties": {"osm_id": 657856744, "highway": "footway", "name": null, "source": "osm_overpass"}, "geometry": {"type": "LineString", "coordinates": [[80.2427375, 13.0754284], [80.2427322, 13.0752847]]}}, {"type": "Feature", "properties": {"osm_id": 657856745, "highway": "footway", "name": null, "source": "osm_overpass"}, "geometry": {"type": "LineString", "coordinates": [[80.2427322, 13.0752847], [80.2427214, 13.0750992]]}}, {"type": "Feature", "properties": {"osm_id": 657856746, "highway": "footway", "name": null, "source": "osm_overpass"}, "geometry": {"type": "LineString", "coordinates": [[80.2427214, 13.0750992], [80.2427167, 13.0749637]]}}, {"type": "Feature", "properties": {"osm_id": 657868999, "highway": "footway", "name": null, "source": "osm_overpass"}, "geometry": {"type": "LineString", "coordinates": [[80.2413923, 13.0766335], [80.2413911, 13.0763507]]}}, {"type": "Feature", "properties": {"osm_id": 657869001, "highway": "path", "name": null, "source": "osm_overpass"}, "geometry": {"type": "LineString", "coordinates": [[80.241084, 13.0741199], [80.2411299, 13.0739822]]}}, {"type": "Feature", "properties": {"osm_id": 657869007, "highway": "footway", "name": null, "source": "osm_overpass"}, "geometry": {"type": "LineString", "coordinates": [[80.2415563, 13.0760501], [80.241387, 13.0761621]]}}, {"type": "Feature", "properties": {"osm_id": 663824062, "highway": "pedestrian", "name": null, "source": "osm_overpass"}, "geometry": {"type": "LineString", "coordinates": [[80.2150619, 13.0617666], [80.2156744, 13.0617177], [80.2158666, 13.0616876], [80.2161381, 13.0616115], [80.216281, 13.0615813]]}}, {"type": "Feature", "properties": {"osm_id": 669970037, "highway": "footway", "name": null, "source": "osm_overpass"}, "geometry": {"type": "LineString", "coordinates": [[80.2840459, 13.1052272], [80.2840109, 13.1050058]]}}, {"type": "Feature", "properties": {"osm_id": 669970063, "highway": "footway", "name": null, "source": "osm_overpass"}, "geometry": {"type": "LineString", "coordinates": [[80.2933001, 13.1052165], [80.2929568, 13.1046627], [80.2929059, 13.1046026]]}}, {"type": "Feature", "properties": {"osm_id": 672478526, "highway": "footway", "name": "Asiad colony park, walking path", "source": "osm_overpass"}, "geometry": {"type": "LineString", "coordinates": [[80.1980211, 13.0887798], [80.1980374, 13.0892463]]}}, {"type": "Feature", "properties": {"osm_id": 673271730, "highway": "footway", "name": null, "source": "osm_overpass"}, "geometry": {"type": "LineString", "coordinates": [[80.1841208, 13.0139457], [80.1842222, 13.0140928], [80.1842499, 13.0142409], [80.1843409, 13.0146988]]}}, {"type": "Feature", "properties": {"osm_id": 675828230, "highway": "path", "name": null, "source": "osm_overpass"}, "geometry": {"type": "LineString", "coordinates": [[80.2337453, 13.022343], [80.2337937, 13.0224188], [80.2338112, 13.0226409], [80.2339882, 13.022931], [80.2341518, 13.0231897], [80.2342806, 13.0233778], [80.2342908, 13.0234078], [80.234412, 13.0237646], [80.2344521, 13.0238597], [80.2345676, 13.0241331], [80.2346802, 13.0245825], [80.2348251, 13.0251078], [80.2349967, 13.0259492], [80.2351791, 13.0266261], [80.2352864, 13.0272611], [80.2352864, 13.0275015]]}}, {"type": "Feature", "properties": {"osm_id": 675828231, "highway": "path", "name": null, "source": "osm_overpass"}, "geometry": {"type": "LineString", "coordinates": [[80.233651, 13.022158], [80.2337453, 13.022343]]}}, {"type": "Feature", "properties": {"osm_id": 677746518, "highway": "path", "name": null, "source": "osm_overpass"}, "geometry": {"type": "LineString", "coordinates": [[80.0870771, 12.8794463], [80.0871938, 12.8795293], [80.0880468, 12.8800391], [80.0884867, 12.8802875], [80.0889212, 12.8805307], [80.0891998, 12.8806734], [80.0893199, 12.88078], [80.0893798, 12.8809125], [80.0894773, 12.8810272], [80.0895461, 12.8811203], [80.089593, 12.8811797], [80.0896669, 12.8812467], [80.0901716, 12.8816099]]}}, {"type": "Feature", "properties": {"osm_id": 677746523, "highway": "path", "name": null, "source": "osm_overpass"}, "geometry": {"type": "LineString", "coordinates": [[80.0886864, 12.8789904], [80.0883597, 12.8789473], [80.0882192, 12.8789411], [80.0881054, 12.8789627], [80.0879127, 12.8790489], [80.0876631, 12.8791829], [80.0873883, 12.8792999], [80.0870771, 12.8794463], [80.086889, 12.8795019], [80.0867818, 12.8794973], [80.0867358, 12.8794838], [80.0867143, 12.8794775], [80.0865313, 12.8793619], [80.0859813, 12.8787856]]}}, {"type": "Feature", "properties": {"osm_id": 682041019, "highway": "footway", "name": null, "source": "osm_overpass"}, "geometry": {"type": "LineString", "coordinates": [[80.2472921, 12.9913378], [80.247317, 12.9913229], [80.2473568, 12.9913127], [80.2473978, 12.9913163], [80.2474351, 12.9913331], [80.2474644, 12.9913612], [80.2474823, 12.9913973], [80.2474866, 12.9914372], [80.2474653, 12.9914961], [80.2474159, 12.991536], [80.2473679, 12.9915462], [80.2473196, 12.9915368], [80.2472793, 12.9915093], [80.2472537, 12.9914683], [80.2472472, 12.9914208], [80.2472607, 12.9913747], [80.2472921, 12.9913378]]}}, {"type": "Feature", "properties": {"osm_id": 682041020, "highway": "footway", "name": null, "source": "osm_overpass"}, "geometry": {"type": "LineString", "coordinates": [[80.2476293, 12.9914348], [80.2476322, 12.9914712], [80.247647, 12.9915046], [80.2476723, 12.9915315], [80.2477065, 12.9915493], [80.2477448, 12.9915548], [80.2477829, 12.9915474], [80.2478185, 12.9915256], [80.2478435, 12.9914927], [80.2478545, 12.9914532], [80.2478488, 12.9914093], [80.2478258, 12.9913712], [80.2477893, 12.9913449], [80.247761, 12.9913363], [80.2477314, 12.9913352], [80.2476938, 12.9913452], [80.2476619, 12.9913671], [80.2476395, 12.9913982], [80.2476293, 12.9914348]]}}, {"type": "Feature", "properties": {"osm_id": 682041021, "highway": "footway", "name": null, "source": "osm_overpass"}, "geometry": {"type": "LineString", "coordinates": [[80.247992, 12.991455], [80.2479981, 12.9914883], [80.2480138, 12.9915183], [80.2480378, 12.9915427], [80.2480858, 12.9915643], [80.2481388, 12.9915633], [80.2481859, 12.9915399], [80.2482179, 12.9914988], [80.2482282, 12.9914482], [80.2482149, 12.9913983], [80.2481805, 12.9913591], [80.248132, 12.9913384], [80.2480792, 12.9913404], [80.2480435, 12.9913565], [80.2480152, 12.991383], [80.2479973, 12.9914171], [80.247992, 12.991455]]}}, {"type": "Feature", "properties": {"osm_id": 682041024, "highway": "footway", "name": null, "source": "osm_overpass"}, "geometry": {"type": "LineString", "coordinates": [[80.2477893, 12.9913449], [80.2478348, 12.9913224], [80.2478641, 12.9913039], [80.2479157, 12.9912855], [80.2479588, 12.9912855], [80.2480311, 12.9913006], [80.2480792, 12.9913404]]}}, {"type": "Feature", "properties": {"osm_id": 682041026, "highway": "footway", "name": null, "source": "osm_overpass"}, "geometry": {"type": "LineString", "coordinates": [[80.2477829, 12.9915474], [80.2478211, 12.9915622], [80.2478589, 12.9915723], [80.2479054, 12.9915756], [80.2479381, 12.9915756], [80.2479656, 12.991574], [80.2479932, 12.9915723], [80.2480276, 12.9915555], [80.2480378, 12.9915427]]}}, {"type": "Feature", "properties": {"osm_id": 689301626, "highway": "pedestrian", "name": null, "source": "osm_overpass"}, "geometry": {"type": "LineString", "coordinates": [[80.2043871, 13.016493], [80.2044375, 13.0164826]]}}, {"type": "Feature", "properties": {"osm_id": 690709304, "highway": "footway", "name": null, "source": "osm_overpass"}, "geometry": {"type": "LineString", "coordinates": [[80.1896918, 12.9946927], [80.1896763, 12.9946931], [80.1896512, 12.9947019], [80.1896163, 12.9947166], [80.1895306, 12.9948087], [80.1891675, 12.9949448], [80.1891572, 12.9949499], [80.1891502, 12.9949595], [80.1891114, 12.9950246], [80.1891096, 12.9950289], [80.1891107, 12.9950341], [80.1891294, 12.9950852], [80.1891329, 12.9950935], [80.1891367, 12.9950975], [80.1891424, 12.9950991], [80.18977, 12.9949324], [80.189784, 12.9949285], [80.1897878, 12.9949257], [80.1897896, 12.9949218], [80.1897874, 12.994912], [80.1897849, 12.9949016], [80.1897354, 12.9947221], [80.1897311, 12.994715], [80.1897256, 12.9947076], [80.1897108, 12.9946979], [80.1896918, 12.9946927]]}}, {"type": "Feature", "properties": {"osm_id": 690709307, "highway": "footway", "name": null, "source": "osm_overpass"}, "geometry": {"type": "LineString", "coordinates": [[80.1890547, 12.9950486], [80.1890784, 12.9950396], [80.1891022, 12.9950306], [80.1891835, 12.9948919], [80.1893969, 12.9948246], [80.1894411, 12.994782], [80.1896836, 12.9946834], [80.1896891, 12.9946849]]}}, {"type": "Feature", "properties": {"osm_id": 690709309, "highway": "footway", "name": null, "source": "osm_overpass"}, "geometry": {"type": "LineString", "coordinates": [[80.1891835, 12.9948919], [80.1890468, 12.9949484], [80.1890366, 12.9949617], [80.1890033, 12.9949547]]}}, {"type": "Feature", "properties": {"osm_id": 690709312, "highway": "footway", "name": null, "source": "osm_overpass"}, "geometry": {"type": "LineString", "coordinates": [[80.1891022, 12.9950306], [80.1891219, 12.9950819], [80.1891294, 12.9950852]]}}, {"type": "Feature", "properties": {"osm_id": 690709314, "highway": "footway", "name": null, "source": "osm_overpass"}, "geometry": {"type": "LineString", "coordinates": [[80.1891294, 12.9950852], [80.18914, 12.995088], [80.189619, 12.9949566], [80.1896079, 12.9948345], [80.1896159, 12.9948213], [80.1896291, 12.9948164], [80.1896918, 12.9946927]]}}, {"type": "Feature", "properties": {"osm_id": 690709317, "highway": "footway", "name": null, "source": "osm_overpass"}, "geometry": {"type": "LineString", "coordinates": [[80.1896891, 12.9946849], [80.1896912, 12.9946885], [80.1896918, 12.9946927]]}}, {"type": "Feature", "properties": {"osm_id": 692669120, "highway": "footway", "name": null, "source": "osm_overpass"}, "geometry": {"type": "LineString", "coordinates": [[80.2344571, 13.065369], [80.2343971, 13.0653262]]}}, {"type": "Feature", "properties": {"osm_id": 696533209, "highway": "path", "name": null, "source": "osm_overpass"}, "geometry": {"type": "LineString", "coordinates": [[80.0522835, 12.9741729], [80.0523023, 12.9740213], [80.0523359, 12.9739363], [80.0524109, 12.9738658], [80.0525587, 12.9737854]]}}, {"type": "Feature", "properties": {"osm_id": 696560662, "highway": "footway", "name": null, "source": "osm_overpass"}, "geometry": {"type": "LineString", "coordinates": [[80.1426388, 12.9532462], [80.1424758, 12.9527722]]}}, {"type": "Feature", "properties": {"osm_id": 700099457, "highway": "footway", "name": null, "source": "osm_overpass"}, "geometry": {"type": "LineString", "coordinates": [[80.2429342, 12.9907787], [80.2428114, 12.9907819]]}}, {"type": "Feature", "properties": {"osm_id": 700099458, "highway": "footway", "name": null, "source": "osm_overpass"}, "geometry": {"type": "LineString", "coordinates": [[80.2429321, 12.9905589], [80.2429303, 12.9906625], [80.2429342, 12.9907787], [80.2429363, 12.9908415], [80.2429548, 12.9911288]]}}, {"type": "Feature", "properties": {"osm_id": 706900713, "highway": "path", "name": null, "source": "osm_overpass"}, "geometry": {"type": "LineString", "coordinates": [[80.0537698, 12.9705676], [80.0532261, 12.9705761], [80.0530842, 12.9705693], [80.0529595, 12.9705954], [80.0528844, 12.9706398], [80.0526787, 12.9706]]}}, {"type": "Feature", "properties": {"osm_id": 707208954, "highway": "footway", "name": null, "source": "osm_overpass"}, "geometry": {"type": "LineString", "coordinates": [[80.2833606, 13.0644238], [80.283726, 13.064336]]}}, {"type": "Feature", "properties": {"osm_id": 707208956, "highway": "footway", "name": null, "source": "osm_overpass"}, "geometry": {"type": "LineString", "coordinates": [[80.2832301, 13.0643207], [80.2833465, 13.0643559], [80.2833544, 13.0643943]]}}, {"type": "Feature", "properties": {"osm_id": 723243554, "highway": "pedestrian", "name": null, "source": "osm_overpass"}, "geometry": {"type": "LineString", "coordinates": [[80.240973, 12.9780399], [80.2409726, 12.9783145]]}}, {"type": "Feature", "properties": {"osm_id": 723243555, "highway": "pedestrian", "name": null, "source": "osm_overpass"}, "geometry": {"type": "LineString", "coordinates": [[80.2402763, 12.9790977], [80.2402944, 12.9787409]]}}, {"type": "Feature", "properties": {"osm_id": 724410652, "highway": "pedestrian", "name": null, "source": "osm_overpass"}, "geometry": {"type": "LineString", "coordinates": [[80.2399902, 12.978153], [80.2399919, 12.9784241]]}}, {"type": "Feature", "properties": {"osm_id": 724410653, "highway": "pedestrian", "name": null, "source": "osm_overpass"}, "geometry": {"type": "LineString", "coordinates": [[80.2399621, 12.979162], [80.2399598, 12.9787893]]}}, {"type": "Feature", "properties": {"osm_id": 724410654, "highway": "pedestrian", "name": null, "source": "osm_overpass"}, "geometry": {"type": "LineString", "coordinates": [[80.2419192, 12.9782626], [80.2419149, 12.9784499]]}}, {"type": "Feature", "properties": {"osm_id": 728160331, "highway": "pedestrian", "name": null, "source": "osm_overpass"}, "geometry": {"type": "LineString", "coordinates": [[80.2193918, 12.9664543], [80.2194614, 12.966999]]}}, {"type": "Feature", "properties": {"osm_id": 728160333, "highway": "pedestrian", "name": null, "source": "osm_overpass"}, "geometry": {"type": "LineString", "coordinates": [[80.2196229, 12.9681731], [80.2195533, 12.9677364], [80.2195241, 12.9675535]]}}, {"type": "Feature", "properties": {"osm_id": 728174819, "highway": "pedestrian", "name": null, "source": "osm_overpass"}, "geometry": {"type": "LineString", "coordinates": [[80.249914, 12.9965131], [80.2497204, 12.9964625]]}}, {"type": "Feature", "properties": {"osm_id": 728174820, "highway": "pedestrian", "name": null, "source": "osm_overpass"}, "geometry": {"type": "LineString", "coordinates": [[80.2497554, 12.9971232], [80.2495682, 12.9970734]]}}, {"type": "Feature", "properties": {"osm_id": 730991247, "highway": "pedestrian", "name": null, "source": "osm_overpass"}, "geometry": {"type": "LineString", "coordinates": [[80.2474398, 13.00581], [80.2476836, 13.0058101]]}}, {"type": "Feature", "properties": {"osm_id": 731087616, "highway": "pedestrian", "name": null, "source": "osm_overpass"}, "geometry": {"type": "LineString", "coordinates": [[80.2522128, 13.0204921], [80.2521544, 13.0205231]]}}, {"type": "Feature", "properties": {"osm_id": 731087617, "highway": "pedestrian", "name": null, "source": "osm_overpass"}, "geometry": {"type": "LineString", "coordinates": [[80.2521544, 13.0205231], [80.252086, 13.0205688]]}}, {"type": "Feature", "properties": {"osm_id": 731090212, "highway": "pedestrian", "name": null, "source": "osm_overpass"}, "geometry": {"type": "LineString", "coordinates": [[80.2669739, 13.0345018], [80.2669176, 13.0345464], [80.2668739, 13.0345798]]}}, {"type": "Feature", "properties": {"osm_id": 731091121, "highway": "pedestrian", "name": null, "source": "osm_overpass"}, "geometry": {"type": "LineString", "coordinates": [[80.2696497, 13.0404938], [80.2697203, 13.0404423], [80.2697744, 13.0404051]]}}, {"type": "Feature", "properties": {"osm_id": 731091122, "highway": "footway", "name": null, "source": "osm_overpass"}, "geometry": {"type": "LineString", "coordinates": [[80.2700779, 13.040148], [80.2698528, 13.0402498]]}}, {"type": "Feature", "properties": {"osm_id": 731091646, "highway": "pedestrian", "name": null, "source": "osm_overpass"}, "geometry": {"type": "LineString", "coordinates": [[80.2771053, 13.0453095], [80.2770099, 13.0453335]]}}, {"type": "Feature", "properties": {"osm_id": 731092336, "highway": "pedestrian", "name": null, "source": "osm_overpass"}, "geometry": {"type": "LineString", "coordinates": [[80.2807808, 13.0553919], [80.2807018, 13.0553936]]}}, {"type": "Feature", "properties": {"osm_id": 731551450, "highway": "pedestrian", "name": null, "source": "osm_overpass"}, "geometry": {"type": "LineString", "coordinates": [[80.2802986, 13.0553187], [80.2803661, 13.0553226]]}}, {"type": "Feature", "properties": {"osm_id": 731616083, "highway": "footway", "name": null, "source": "osm_overpass"}, "geometry": {"type": "LineString", "coordinates": [[80.2735303, 13.0736349], [80.2736413, 13.0736456], [80.2736979, 13.073651], [80.2738077, 13.0736601]]}}, {"type": "Feature", "properties": {"osm_id": 731616084, "highway": "footway", "name": null, "source": "osm_overpass"}, "geometry": {"type": "LineString", "coordinates": [[80.2741658, 13.0736856], [80.2740386, 13.0736783], [80.2739675, 13.0736737]]}}, {"type": "Feature", "properties": {"osm_id": 732636892, "highway": "footway", "name": null, "source": "osm_overpass"}, "geometry": {"type": "LineString", "coordinates": [[80.249981, 13.0787862], [80.2500899, 13.0788024], [80.2501483, 13.0788111]]}}, {"type": "Feature", "properties": {"osm_id": 734445539, "highway": "footway", "name": null, "source": "osm_overpass"}, "geometry": {"type": "LineString", "coordinates": [[80.2209208, 12.8237356], [80.220911, 12.8241909], [80.2209044, 12.8244916], [80.2209541, 12.8245696]]}}, {"type": "Feature", "properties": {"osm_id": 734445540, "highway": "footway", "name": null, "source": "osm_overpass"}, "geometry": {"type": "LineString", "coordinates": [[80.220911, 12.8241909], [80.2209838, 12.8241706], [80.2210119, 12.8241569], [80.2210399, 12.8241045], [80.2210959, 12.8240704], [80.2211169, 12.8239952], [80.2211053, 12.8239292], [80.221145, 12.8238928], [80.2211473, 12.823829], [80.2210656, 12.8238199], [80.2210287, 12.823704]]}}, {"type": "Feature", "properties": {"osm_id": 734451951, "highway": "footway", "name": null, "source": "osm_overpass"}, "geometry": {"type": "LineString", "coordinates": [[80.2208325, 12.8255465], [80.2208306, 12.8252286], [80.2202146, 12.8252206]]}}, {"type": "Feature", "properties": {"osm_id": 734511065, "highway": "footway", "name": null, "source": "osm_overpass"}, "geometry": {"type": "LineString", "coordinates": [[80.2221027, 12.9106425], [80.2214783, 12.9110254], [80.2214449, 12.9110459]]}}, {"type": "Feature", "properties": {"osm_id": 734511067, "highway": "pedestrian", "name": null, "source": "osm_overpass"}, "geometry": {"type": "LineString", "coordinates": [[80.2210222, 12.91097], [80.2209698, 12.9108934], [80.2209557, 12.9108727], [80.2209612, 12.9108475], [80.2211109, 12.9108709], [80.2212254, 12.9107935], [80.2213086, 12.9108835], [80.2213566, 12.9108529], [80.2214783, 12.9110254], [80.2216005, 12.9111987], [80.2215358, 12.9112365], [80.2215875, 12.9113463], [80.2214764, 12.9114193], [80.2214575, 12.9114315], [80.2214952, 12.9114968], [80.2214324, 12.9115478], [80.2213383, 12.9114479], [80.2214134, 12.9113977], [80.2214575, 12.9113683], [80.2214282, 12.9113235], [80.221468, 12.9112908], [80.221401, 12.9111869], [80.2213446, 12.9112011], [80.2212713, 12.9110808], [80.2213069, 12.9110421], [80.2212211, 12.9109401], [80.2211437, 12.9109727], [80.2211264, 12.9109595], [80.2210956, 12.910936], [80.2210222, 12.91097]]}}, {"type": "Feature", "properties": {"osm_id": 734511068, "highway": "footway", "name": null, "source": "osm_overpass"}, "geometry": {"type": "LineString", "coordinates": [[80.2209318, 12.9116955], [80.2214134, 12.9113977]]}}, {"type": "Feature", "properties": {"osm_id": 734511069, "highway": "footway", "name": null, "source": "osm_overpass"}, "geometry": {"type": "LineString", "coordinates": [[80.2206475, 12.9112575], [80.2211264, 12.9109595], [80.2211542, 12.9109422]]}}, {"type": "Feature", "properties": {"osm_id": 734511070, "highway": "footway", "name": null, "source": "osm_overpass"}, "geometry": {"type": "LineString", "coordinates": [[80.220616, 12.9107997], [80.2209698, 12.9108934], [80.2211542, 12.9109422]]}}, {"type": "Feature", "properties": {"osm_id": 734511071, "highway": "footway", "name": null, "source": "osm_overpass"}, "geometry": {"type": "LineString", "coordinates": [[80.2214134, 12.9113977], [80.2214324, 12.9115478], [80.2212791, 12.9121082]]}}, {"type": "Feature", "properties": {"osm_id": 734511073, "highway": "footway", "name": null, "source": "osm_overpass"}, "geometry": {"type": "LineString", "coordinates": [[80.2228544, 12.9101729], [80.222977, 12.9101008], [80.2229498, 12.9100211], [80.2229381, 12.9099566], [80.2229362, 12.9099053], [80.2229498, 12.9098522], [80.2229751, 12.9097858], [80.2230101, 12.9097364], [80.2230608, 12.9096909], [80.2231562, 12.9096529], [80.2232594, 12.9096435], [80.2233781, 12.9096852], [80.2234151, 12.9096321], [80.2234619, 12.9095641], [80.2235397, 12.9095865], [80.2235828, 12.9096836], [80.223602, 12.909727], [80.2236488, 12.9098902], [80.2235164, 12.9099205], [80.2235027, 12.9100268], [80.2234638, 12.9100951], [80.2234132, 12.9101634], [80.2233392, 12.9102033], [80.2232749, 12.9102185], [80.223199, 12.9102185], [80.2231211, 12.910209], [80.2230725, 12.9101824], [80.223014, 12.9101407], [80.222977, 12.9101008]]}}, {"type": "Feature", "properties": {"osm_id": 734511074, "highway": "footway", "name": null, "source": "osm_overpass"}, "geometry": {"type": "LineString", "coordinates": [[80.2240887, 12.9092685], [80.2235397, 12.9095865]]}}, {"type": "Feature", "properties": {"osm_id": 734511075, "highway": "footway", "name": null, "source": "osm_overpass"}, "geometry": {"type": "LineString", "coordinates": [[80.222833, 12.9101407], [80.2227947, 12.9100393], [80.2227793, 12.9099749], [80.2227925, 12.9098524], [80.2228079, 12.9097858], [80.2228349, 12.9096958], [80.2228853, 12.9096376], [80.2229582, 12.9095686], [80.2231016, 12.9095049], [80.2232586, 12.9094918], [80.2234006, 12.9095264], [80.2234619, 12.9095641]]}}, {"type": "Feature", "properties": {"osm_id": 734511076, "highway": "footway", "name": null, "source": "osm_overpass"}, "geometry": {"type": "LineString", "coordinates": [[80.2236115, 12.9101567], [80.2238821, 12.91022], [80.2244164, 12.9098738]]}}, {"type": "Feature", "properties": {"osm_id": 750389108, "highway": "pedestrian", "name": null, "source": "osm_overpass"}, "geometry": {"type": "LineString", "coordinates": [[80.269787, 13.0720499], [80.2693301, 13.072161]]}}, {"type": "Feature", "properties": {"osm_id": 750457685, "highway": "pedestrian", "name": null, "source": "osm_overpass"}, "geometry": {"type": "LineString", "coordinates": [[80.2293116, 12.8492866], [80.2291349, 12.8492459], [80.2290159, 12.8492446], [80.2289672, 12.8492939], [80.2289088, 12.8493713], [80.2288834, 12.8494068], [80.2288834, 12.8494729], [80.2288957, 12.8495149], [80.2289573, 12.849608], [80.2290776, 12.849651], [80.2292223, 12.8496291], [80.2293271, 12.849554], [80.2293517, 12.8494699], [80.2293271, 12.8493647], [80.2293116, 12.8492866]]}}, {"type": "Feature", "properties": {"osm_id": 751321632, "highway": "pedestrian", "name": null, "source": "osm_overpass"}, "geometry": {"type": "LineString", "coordinates": [[80.2293446, 12.8490246], [80.2293116, 12.8492866]]}}, {"type": "Feature", "properties": {"osm_id": 753153494, "highway": "pedestrian", "name": null, "source": "osm_overpass"}, "geometry": {"type": "LineString", "coordinates": [[80.2586018, 12.9830347], [80.2587305, 12.9828119], [80.2587989, 12.9827302], [80.2588727, 12.982676], [80.2589451, 12.9826622], [80.2591283, 12.9826515], [80.2591987, 12.9826469]]}}, {"type": "Feature", "properties": {"osm_id": 753624480, "highway": "path", "name": null, "source": "osm_overpass"}, "geometry": {"type": "LineString", "coordinates": [[80.2932036, 13.105274], [80.2931654, 13.1053468]]}}, {"type": "Feature", "properties": {"osm_id": 756493851, "highway": "path", "name": null, "source": "osm_overpass"}, "geometry": {"type": "LineString", "coordinates": [[80.2001049, 13.0017446], [80.200408, 13.0026515]]}}, {"type": "Feature", "properties": {"osm_id": 758720230, "highway": "path", "name": null, "source": "osm_overpass"}, "geometry": {"type": "LineString", "coordinates": [[80.19541, 13.179318], [80.1954576, 13.1793306], [80.1954965, 13.1793306], [80.1955421, 13.1793202], [80.1955716, 13.1793006], [80.1955877, 13.1792692], [80.1956038, 13.1792353], [80.1956145, 13.1792], [80.1956092, 13.1791609], [80.1955891, 13.1791217], [80.1955582, 13.1790877], [80.1955233, 13.1790629]]}}, {"type": "Feature", "properties": {"osm_id": 765659604, "highway": "footway", "name": null, "source": "osm_overpass"}, "geometry": {"type": "LineString", "coordinates": [[80.1967624, 12.7527457], [80.1982373, 12.752445], [80.1967435, 12.7526245]]}}, {"type": "Feature", "properties": {"osm_id": 765659605, "highway": "footway", "name": null, "source": "osm_overpass"}, "geometry": {"type": "LineString", "coordinates": [[80.1967552, 12.7528169], [80.1982373, 12.752445], [80.1967102, 12.7525532]]}}, {"type": "Feature", "properties": {"osm_id": 765659606, "highway": "footway", "name": null, "source": "osm_overpass"}, "geometry": {"type": "LineString", "coordinates": [[80.1962859, 12.7524089], [80.1963445, 12.7523937], [80.196405, 12.7523884], [80.1964654, 12.7523932], [80.1965242, 12.7524079], [80.1965796, 12.752432], [80.19663, 12.752465], [80.1966739, 12.7525058], [80.1967102, 12.7525532], [80.1967376, 12.752606], [80.1967435, 12.7526245], [80.1967555, 12.7526625], [80.1967634, 12.7527212], [80.1967624, 12.7527457], [80.1967611, 12.7527788], [80.1967552, 12.7528169], [80.19674, 12.7528576], [80.1967279, 12.7528889], [80.1966978, 12.7529384], [80.1966597, 12.7529825], [80.1966147, 12.7530198], [80.1965641, 12.7530494], [80.1965091, 12.7530704], [80.1964513, 12.7530823], [80.1963923, 12.7530848], [80.1963337, 12.7530777], [80.1962771, 12.7530613], [80.196224, 12.753036], [80.1961759, 12.7530026], [80.1961352, 12.7529631], [80.1961015, 12.7529177], [80.1960757, 12.7528676], [80.1960585, 12.7528141], [80.1960502, 12.7527586], [80.1960512, 12.7527026], [80.1960615, 12.7526474], [80.1960806, 12.7525946], [80.1961082, 12.7525454], [80.1961436, 12.7525012], [80.1961857, 12.7524631], [80.1962336, 12.7524321], [80.1962859, 12.7524089]]}}, {"type": "Feature", "properties": {"osm_id": 765792610, "highway": "path", "name": null, "source": "osm_overpass"}, "geometry": {"type": "LineString", "coordinates": [[80.2004117, 12.8827497], [80.2004113, 12.8827298], [80.2002999, 12.8824058], [80.200147, 12.8820197], [80.2001135, 12.8819845], [80.2000665, 12.8819675], [80.1990863, 12.8820245], [80.1990781, 12.8820272], [80.1990737, 12.8820366], [80.199078, 12.8820963], [80.199072, 12.8821064], [80.1990621, 12.8821119], [80.1987486, 12.8821409], [80.1983227, 12.8821803], [80.1982963, 12.8821827]]}}, {"type": "Feature", "properties": {"osm_id": 767869912, "highway": "path", "name": null, "source": "osm_overpass"}, "geometry": {"type": "LineString", "coordinates": [[80.1988026, 12.8833238], [80.1988193, 12.8834489], [80.1988258, 12.8834706], [80.1988517, 12.8834853], [80.1990782, 12.8834592]]}}, {"type": "Feature", "properties": {"osm_id": 767875691, "highway": "path", "name": null, "source": "osm_overpass"}, "geometry": {"type": "LineString", "coordinates": [[80.1438305, 12.7961854], [80.1439392, 12.7971659]]}}, {"type": "Feature", "properties": {"osm_id": 769898608, "highway": "path", "name": null, "source": "osm_overpass"}, "geometry": {"type": "LineString", "coordinates": [[80.1278911, 12.9855771], [80.1273997, 12.9856717]]}}, {"type": "Feature", "properties": {"osm_id": 778781341, "highway": "pedestrian", "name": null, "source": "osm_overpass"}, "geometry": {"type": "LineString", "coordinates": [[80.2436203, 13.0559739], [80.2439237, 13.0559766]]}}, {"type": "Feature", "properties": {"osm_id": 783017708, "highway": "path", "name": null, "source": "osm_overpass"}, "geometry": {"type": "LineString", "coordinates": [[80.2451842, 12.979736], [80.2453905, 12.9795304], [80.2456078, 12.9793684], [80.2457526, 12.9791227], [80.2458143, 12.9790809], [80.246045, 12.9791044], [80.2462783, 12.9790835], [80.2463642, 12.9790077], [80.2463615, 12.978911], [80.2463132, 12.9786391], [80.246214, 12.9783882], [80.246112, 12.9780328]]}}, {"type": "Feature", "properties": {"osm_id": 790125039, "highway": "path", "name": null, "source": "osm_overpass"}, "geometry": {"type": "LineString", "coordinates": [[80.2327198, 13.0198741], [80.2328536, 13.0200564], [80.2330092, 13.0202289], [80.2333177, 13.0207803], [80.2334732, 13.0211096], [80.2335108, 13.021465], [80.2334679, 13.0217106], [80.2335993, 13.0220373], [80.233651, 13.022158]]}}, {"type": "Feature", "properties": {"osm_id": 790145009, "highway": "footway", "name": null, "source": "osm_overpass"}, "geometry": {"type": "LineString", "coordinates": [[80.247317, 12.9913229], [80.2474097, 12.9912855], [80.247513, 12.9912687], [80.2475835, 12.9912805], [80.2476369, 12.9912888], [80.2477023, 12.9913106], [80.2477314, 12.9913352]]}}, {"type": "Feature", "properties": {"osm_id": 790160041, "highway": "footway", "name": null, "source": "osm_overpass"}, "geometry": {"type": "LineString", "coordinates": [[80.2236488, 12.9098902], [80.2236772, 12.9099554], [80.2236516, 12.910087], [80.2236115, 12.9101567], [80.2235608, 12.9102447], [80.2234463, 12.9103336], [80.2233091, 12.9103832], [80.2231516, 12.9103871], [80.2230019, 12.9103392], [80.2228773, 12.910245], [80.2228584, 12.9102205]]}}, {"type": "Feature", "properties": {"osm_id": 790160242, "highway": "footway", "name": null, "source": "osm_overpass"}, "geometry": {"type": "LineString", "coordinates": [[80.2228584, 12.9102205], [80.2228758, 12.910209], [80.2228544, 12.9101729], [80.222833, 12.9101407], [80.2227785, 12.9101615], [80.2228057, 12.9102071]]}}, {"type": "Feature", "properties": {"osm_id": 790160243, "highway": "footway", "name": null, "source": "osm_overpass"}, "geometry": {"type": "LineString", "coordinates": [[80.2221027, 12.9106425], [80.2228057, 12.9102071], [80.2228271, 12.9102413], [80.2228584, 12.9102205]]}}, {"type": "Feature", "properties": {"osm_id": 795534993, "highway": "footway", "name": "Footpath1", "source": "osm_overpass"}, "geometry": {"type": "LineString", "coordinates": [[80.1854867, 12.9812056], [80.1858578, 12.9811826], [80.1861031, 12.9811689], [80.1861163, 12.9813937], [80.1858738, 12.9814059], [80.1857305, 12.9814143], [80.1855659, 12.9812772], [80.1854867, 12.9812056]]}}, {"type": "Feature", "properties": {"osm_id": 795534994, "highway": "footway", "name": "Footpath2", "source": "osm_overpass"}, "geometry": {"type": "LineString", "coordinates": [[80.1858738, 12.9814059], [80.1858578, 12.9811826], [80.1858464, 12.9809901], [80.1857128, 12.9809979], [80.1856632, 12.9810168], [80.1856048, 12.9810444], [80.1855597, 12.9810703], [80.1855188, 12.9811044], [80.1854933, 12.9811401], [80.1854854, 12.9811582], [80.1854827, 12.9811763], [80.1854845, 12.9811941], [80.1854867, 12.9812056]]}}, {"type": "Feature", "properties": {"osm_id": 795536034, "highway": "footway", "name": "Footpath3", "source": "osm_overpass"}, "geometry": {"type": "LineString", "coordinates": [[80.1861031, 12.9811689], [80.1862469, 12.9811614]]}}, {"type": "Feature", "properties": {"osm_id": 798821767, "highway": "footway", "name": "Don Bosco College, Way Gate 1", "source": "osm_overpass"}, "geometry": {"type": "LineString", "coordinates": [[80.2382961, 13.0786984], [80.2377435, 13.0787376], [80.2373182, 13.0787635]]}}, {"type": "Feature", "properties": {"osm_id": 798821771, "highway": "footway", "name": null, "source": "osm_overpass"}, "geometry": {"type": "LineString", "coordinates": [[80.2383175, 13.0790407], [80.238598, 13.0790315]]}}, {"type": "Feature", "properties": {"osm_id": 801877146, "highway": "footway", "name": null, "source": "osm_overpass"}, "geometry": {"type": "LineString", "coordinates": [[80.2471351, 12.99132], [80.2472921, 12.9913378]]}}, {"type": "Feature", "properties": {"osm_id": 801877147, "highway": "footway", "name": null, "source": "osm_overpass"}, "geometry": {"type": "LineString", "coordinates": [[80.2478545, 12.9914532], [80.2478981, 12.9914542], [80.247992, 12.991455]]}}, {"type": "Feature", "properties": {"osm_id": 801877148, "highway": "footway", "name": null, "source": "osm_overpass"}, "geometry": {"type": "LineString", "coordinates": [[80.2474866, 12.9914372], [80.2475658, 12.9914347], [80.2476293, 12.9914348]]}}, {"type": "Feature", "properties": {"osm_id": 801877149, "highway": "footway", "name": null, "source": "osm_overpass"}, "geometry": {"type": "LineString", "coordinates": [[80.2474159, 12.991536], [80.2474631, 12.9915605], [80.2474975, 12.9915723], [80.2475334, 12.9915747], [80.2475904, 12.991574], [80.2476227, 12.9915659], [80.247647, 12.9915533], [80.247662, 12.9915408], [80.2476723, 12.9915315]]}}, {"type": "Feature", "properties": {"osm_id": 804187579, "highway": "path", "name": null, "source": "osm_overpass"}, "geometry": {"type": "LineString", "coordinates": [[80.2299183, 13.0160825], [80.2301263, 13.0160081], [80.2301695, 13.0159708], [80.2301805, 13.0159309], [80.2300984, 13.0154558], [80.2300554, 13.0154179], [80.2298202, 13.0153867]]}}, {"type": "Feature", "properties": {"osm_id": 813037815, "highway": "footway", "name": null, "source": "osm_overpass"}, "geometry": {"type": "LineString", "coordinates": [[80.1863662, 12.9250932], [80.1865309, 12.9250681], [80.1865504, 12.925207]]}}, {"type": "Feature", "properties": {"osm_id": 813037816, "highway": "footway", "name": null, "source": "osm_overpass"}, "geometry": {"type": "LineString", "coordinates": [[80.1865309, 12.9250681], [80.1865148, 12.9249307]]}}, {"type": "Feature", "properties": {"osm_id": 813039220, "highway": "path", "name": null, "source": "osm_overpass"}, "geometry": {"type": "LineString", "coordinates": [[80.1793048, 12.9178179], [80.1793392, 12.9175607]]}}, {"type": "Feature", "properties": {"osm_id": 813039221, "highway": "path", "name": null, "source": "osm_overpass"}, "geometry": {"type": "LineString", "coordinates": [[80.1791486, 12.9176854], [80.1794959, 12.9177035]]}}, {"type": "Feature", "properties": {"osm_id": 813634926, "highway": "path", "name": null, "source": "osm_overpass"}, "geometry": {"type": "LineString", "coordinates": [[80.1372441, 13.1151872], [80.1371999, 13.1150394]]}}, {"type": "Feature", "properties": {"osm_id": 813634927, "highway": "path", "name": null, "source": "osm_overpass"}, "geometry": {"type": "LineString", "coordinates": [[80.1372701, 13.1156755], [80.1372644, 13.1156016]]}}, {"type": "Feature", "properties": {"osm_id": 817449373, "highway": "footway", "name": "Narrow Path", "source": "osm_overpass"}, "geometry": {"type": "LineString", "coordinates": [[80.1337893, 12.9322697], [80.133393, 12.9323349]]}}, {"type": "Feature", "properties": {"osm_id": 822593935, "highway": "pedestrian", "name": null, "source": "osm_overpass"}, "geometry": {"type": "LineString", "coordinates": [[80.2765366, 13.0451146], [80.2766334, 13.0450797], [80.2766997, 13.0450575]]}}, {"type": "Feature", "properties": {"osm_id": 822593936, "highway": "pedestrian", "name": null, "source": "osm_overpass"}, "geometry": {"type": "LineString", "coordinates": [[80.2803661, 13.0553226], [80.280483, 13.0553294]]}}, {"type": "Feature", "properties": {"osm_id": 824539736, "highway": "pedestrian", "name": "Muthumariamman Nagar Foor Bridge", "source": "osm_overpass"}, "geometry": {"type": "LineString", "coordinates": [[80.2071113, 13.0788433], [80.2071707, 13.0791435]]}}, {"type": "Feature", "properties": {"osm_id": 824539737, "highway": "pedestrian", "name": "Muthumariamman Nagar Foor Bridge", "source": "osm_overpass"}, "geometry": {"type": "LineString", "coordinates": [[80.2071863, 13.0782501], [80.2071113, 13.0788433]]}}, {"type": "Feature", "properties": {"osm_id": 826839125, "highway": "footway", "name": null, "source": "osm_overpass"}, "geometry": {"type": "LineString", "coordinates": [[80.0722498, 12.9243828], [80.0720355, 12.9254722], [80.0720505, 12.925566], [80.0720732, 12.9256796], [80.0720705, 12.9256965], [80.0720555, 12.925791], [80.0718747, 12.9266026], [80.0717326, 12.9274086], [80.0714015, 12.9288851], [80.0712482, 12.9294534], [80.0711456, 12.9298799], [80.0710837, 12.9301947], [80.0710188, 12.9305834], [80.0709557, 12.9309386], [80.0709417, 12.9309729], [80.0709174, 12.9310003], [80.0708432, 12.9310283], [80.0690986, 12.9317407]]}}, {"type": "Feature", "properties": {"osm_id": 826988083, "highway": "path", "name": null, "source": "osm_overpass"}, "geometry": {"type": "LineString", "coordinates": [[80.2457602, 12.7635502], [80.2468443, 12.7632016], [80.2469073, 12.763239], [80.2469945, 12.7633325]]}}, {"type": "Feature", "properties": {"osm_id": 827210081, "highway": "path", "name": null, "source": "osm_overpass"}, "geometry": {"type": "LineString", "coordinates": [[80.2442037, 12.7659242], [80.2443927, 12.7655039], [80.2446127, 12.7649491], [80.2448783, 12.7645358], [80.2450096, 12.7641303], [80.2450096, 12.763976], [80.2449775, 12.7638243], [80.2456218, 12.7635892]]}}, {"type": "Feature", "properties": {"osm_id": 832533229, "highway": "path", "name": null, "source": "osm_overpass"}, "geometry": {"type": "LineString", "coordinates": [[80.0840172, 12.8270025], [80.0840751, 12.8273914], [80.0841991, 12.8278366]]}}, {"type": "Feature", "properties": {"osm_id": 832540239, "highway": "path", "name": null, "source": "osm_overpass"}, "geometry": {"type": "LineString", "coordinates": [[80.0907196, 12.935073], [80.0910883, 12.934934]]}}, {"type": "Feature", "properties": {"osm_id": 832875630, "highway": "path", "name": null, "source": "osm_overpass"}, "geometry": {"type": "LineString", "coordinates": [[80.0869377, 12.8429521], [80.0869952, 12.8429871], [80.0870523, 12.8430066], [80.0871307, 12.8430118], [80.0872291, 12.8430208], [80.0872982, 12.843048], [80.0873394, 12.8430765], [80.0873829, 12.8430984]]}}, {"type": "Feature", "properties": {"osm_id": 833530324, "highway": "path", "name": null, "source": "osm_overpass"}, "geometry": {"type": "LineString", "coordinates": [[80.1539746, 12.8517547], [80.154359, 12.8517463], [80.1547104, 12.8517096], [80.1547748, 12.8517593], [80.1551208, 12.8534591]]}}, {"type": "Feature", "properties": {"osm_id": 833801856, "highway": "path", "name": null, "source": "osm_overpass"}, "geometry": {"type": "LineString", "coordinates": [[80.1303343, 12.8368536], [80.1306423, 12.8374326], [80.1306688, 12.8374545], [80.1306879, 12.8374584], [80.1307693, 12.8374551], [80.1307851, 12.8374558], [80.1308227, 12.8374796], [80.1309132, 12.8376797], [80.130989, 12.8379072]]}}, {"type": "Feature", "properties": {"osm_id": 833824177, "highway": "path", "name": null, "source": "osm_overpass"}, "geometry": {"type": "LineString", "coordinates": [[80.2496973, 12.9230413], [80.2498631, 12.9230359], [80.2503043, 12.9230282]]}}, {"type": "Feature", "properties": {"osm_id": 834087447, "highway": "path", "name": null, "source": "osm_overpass"}, "geometry": {"type": "LineString", "coordinates": [[80.0895879, 12.9907209], [80.0896018, 12.990678], [80.0896329, 12.9906406], [80.0896744, 12.9906216], [80.0897956, 12.9905912], [80.0899196, 12.9905639], [80.0899745, 12.9905466], [80.0900102, 12.9905013]]}}, {"type": "Feature", "properties": {"osm_id": 834095404, "highway": "path", "name": null, "source": "osm_overpass"}, "geometry": {"type": "LineString", "coordinates": [[80.1085084, 13.083273], [80.1084972, 13.0834094], [80.1084775, 13.0834984], [80.1083655, 13.0838354], [80.1083042, 13.0841117], [80.1082894, 13.0842646], [80.1082915, 13.0843336]]}}, {"type": "Feature", "properties": {"osm_id": 834163088, "highway": "path", "name": null, "source": "osm_overpass"}, "geometry": {"type": "LineString", "coordinates": [[80.0723089, 12.8337582], [80.0724685, 12.8339256], [80.072502, 12.8339504], [80.0725476, 12.8339714], [80.0726429, 12.8339975], [80.0726764, 12.8340132], [80.0727139, 12.8340485], [80.0727582, 12.8340904], [80.0728011, 12.83411], [80.0728467, 12.8341165], [80.0730522, 12.8341259]]}}, {"type": "Feature", "properties": {"osm_id": 834186130, "highway": "path", "name": null, "source": "osm_overpass"}, "geometry": {"type": "LineString", "coordinates": [[80.2111812, 12.8515806], [80.21125, 12.8516493], [80.2112622, 12.8517114], [80.2112794, 12.8517834], [80.2113168, 12.8518211], [80.2114659, 12.8518493]]}}, {"type": "Feature", "properties": {"osm_id": 834610249, "highway": "path", "name": null, "source": "osm_overpass"}, "geometry": {"type": "LineString", "coordinates": [[80.1754763, 12.8913837], [80.1756705, 12.8910743]]}}, {"type": "Feature", "properties": {"osm_id": 834887097, "highway": "path", "name": "Walking Path", "source": "osm_overpass"}, "geometry": {"type": "LineString", "coordinates": [[80.1597154, 13.1233926], [80.1597909, 13.1239073], [80.1596047, 13.124574], [80.1591139, 13.1255667], [80.1589428, 13.125927], [80.1588044, 13.1259368], [80.1589126, 13.1254833], [80.1589629, 13.1249098], [80.1591869, 13.1238068], [80.1592448, 13.1236083], [80.1595846, 13.1233534], [80.1597154, 13.1233926]]}}, {"type": "Feature", "properties": {"osm_id": 834896077, "highway": "footway", "name": null, "source": "osm_overpass"}, "geometry": {"type": "LineString", "coordinates": [[80.0694773, 12.9198356], [80.0699088, 12.9197058], [80.070035, 12.9196985], [80.0700762, 12.9197226], [80.0700905, 12.9197655], [80.0700919, 12.9198177], [80.0700811, 12.919953], [80.07009, 12.920078], [80.0701246, 12.920438]]}}, {"type": "Feature", "properties": {"osm_id": 835018918, "highway": "footway", "name": null, "source": "osm_overpass"}, "geometry": {"type": "LineString", "coordinates": [[80.1203636, 12.9232549], [80.1203753, 12.9233807], [80.1203801, 12.9234316]]}}, {"type": "Feature", "properties": {"osm_id": 835030604, "highway": "footway", "name": null, "source": "osm_overpass"}, "geometry": {"type": "LineString", "coordinates": [[80.2347752, 13.0646628], [80.2348438, 13.0646899]]}}, {"type": "Feature", "properties": {"osm_id": 835030605, "highway": "footway", "name": null, "source": "osm_overpass"}, "geometry": {"type": "LineString", "coordinates": [[80.234227, 13.0654678], [80.2337432, 13.0656825], [80.2331995, 13.0658477], [80.2331205, 13.0658717], [80.2330814, 13.0658874], [80.2330615, 13.0658954]]}}, {"type": "Feature", "properties": {"osm_id": 835030607, "highway": "footway", "name": null, "source": "osm_overpass"}, "geometry": {"type": "LineString", "coordinates": [[80.2330245, 13.0659087], [80.2327471, 13.0660088]]}}, {"type": "Feature", "properties": {"osm_id": 835266586, "highway": "footway", "name": null, "source": "osm_overpass"}, "geometry": {"type": "LineString", "coordinates": [[80.2732633, 13.0812863], [80.2732833, 13.081122]]}}, {"type": "Feature", "properties": {"osm_id": 835266587, "highway": "footway", "name": null, "source": "osm_overpass"}, "geometry": {"type": "LineString", "coordinates": [[80.2733436, 13.0813005], [80.2733835, 13.0811498]]}}, {"type": "Feature", "properties": {"osm_id": 835266590, "highway": "footway", "name": null, "source": "osm_overpass"}, "geometry": {"type": "LineString", "coordinates": [[80.2733238, 13.0817144], [80.2733279, 13.0816916], [80.273334, 13.0816634], [80.2733281, 13.0815883], [80.273305, 13.0812951], [80.2732853, 13.081291], [80.2732633, 13.0812863]]}}, {"type": "Feature", "properties": {"osm_id": 835266591, "highway": "footway", "name": null, "source": "osm_overpass"}, "geometry": {"type": "LineString", "coordinates": [[80.273305, 13.0812951], [80.2733436, 13.0813005]]}}, {"type": "Feature", "properties": {"osm_id": 835266593, "highway": "footway", "name": null, "source": "osm_overpass"}, "geometry": {"type": "LineString", "coordinates": [[80.2746487, 13.0812623], [80.2746748, 13.0812534]]}}, {"type": "Feature", "properties": {"osm_id": 835267858, "highway": "footway", "name": null, "source": "osm_overpass"}, "geometry": {"type": "LineString", "coordinates": [[80.2746281, 13.0811352], [80.274683, 13.0811364], [80.2748037, 13.0811391]]}}, {"type": "Feature", "properties": {"osm_id": 835267860, "highway": "footway", "name": null, "source": "osm_overpass"}, "geometry": {"type": "LineString", "coordinates": [[80.2732833, 13.081122], [80.2733105, 13.0809422], [80.2733628, 13.0809306], [80.2734205, 13.0809177], [80.2734535, 13.0809026]]}}, {"type": "Feature", "properties": {"osm_id": 835267861, "highway": "footway", "name": null, "source": "osm_overpass"}, "geometry": {"type": "LineString", "coordinates": [[80.2733835, 13.0811498], [80.2734259, 13.0811367]]}}, {"type": "Feature", "properties": {"osm_id": 835267862, "highway": "footway", "name": null, "source": "osm_overpass"}, "geometry": {"type": "LineString", "coordinates": [[80.2733322, 13.0809968], [80.2733628, 13.0809306]]}}, {"type": "Feature", "properties": {"osm_id": 835267863, "highway": "footway", "name": null, "source": "osm_overpass"}, "geometry": {"type": "LineString", "coordinates": [[80.2733983, 13.0810062], [80.2734205, 13.0809177]]}}, {"type": "Feature", "properties": {"osm_id": 835804715, "highway": "path", "name": null, "source": "osm_overpass"}, "geometry": {"type": "LineString", "coordinates": [[80.0319123, 12.8086152], [80.0320155, 12.8089953], [80.0320733, 12.8092696]]}}, {"type": "Feature", "properties": {"osm_id": 835968932, "highway": "footway", "name": null, "source": "osm_overpass"}, "geometry": {"type": "LineString", "coordinates": [[80.1763487, 13.0869376], [80.1758125, 13.0869369]]}}, {"type": "Feature", "properties": {"osm_id": 835968933, "highway": "footway", "name": null, "source": "osm_overpass"}, "geometry": {"type": "LineString", "coordinates": [[80.1763793, 13.0866059], [80.1763713, 13.0866926], [80.1763487, 13.0869376], [80.1766863, 13.086942], [80.1767878, 13.0869454], [80.1768962, 13.0869761], [80.1769329, 13.0870101], [80.1769679, 13.087063], [80.1770169, 13.087161], [80.1770646, 13.087316], [80.1770978, 13.0874515], [80.1770991, 13.0876194], [80.1770872, 13.0879422], [80.1770792, 13.0879758], [80.177066, 13.08799], [80.1770381, 13.0880029], [80.1765539, 13.0880508], [80.175714, 13.0881173], [80.1756869, 13.0881104], [80.1756678, 13.0880977], [80.1756547, 13.0880772], [80.1756487, 13.0880498], [80.1756403, 13.0878245], [80.1756438, 13.0876797], [80.1756596, 13.087603], [80.1757313, 13.0873338], [80.1757921, 13.0870404], [80.1758125, 13.0869369], [80.1758756, 13.0866202], [80.175884, 13.086578], [80.1758946, 13.0865367]]}}, {"type": "Feature", "properties": {"osm_id": 835971830, "highway": "footway", "name": null, "source": "osm_overpass"}, "geometry": {"type": "LineString", "coordinates": [[80.2600005, 12.9633384], [80.2599943, 12.9633069], [80.2598958, 12.9628114], [80.2598902, 12.9627834]]}}, {"type": "Feature", "properties": {"osm_id": 835998495, "highway": "footway", "name": null, "source": "osm_overpass"}, "geometry": {"type": "LineString", "coordinates": [[80.0268848, 12.8059156], [80.0266967, 12.8060522], [80.0266636, 12.8060163], [80.0264903, 12.8061421]]}}, {"type": "Feature", "properties": {"osm_id": 836270025, "highway": "path", "name": null, "source": "osm_overpass"}, "geometry": {"type": "LineString", "coordinates": [[80.1575924, 12.9520983], [80.1576489, 12.9521327], [80.157672, 12.9521407], [80.15769, 12.9521415], [80.1577081, 12.9521378], [80.15815, 12.951876]]}}, {"type": "Feature", "properties": {"osm_id": 836342494, "highway": "path", "name": null, "source": "osm_overpass"}, "geometry": {"type": "LineString", "coordinates": [[80.1810099, 13.0373361], [80.1807748, 13.037323]]}}, {"type": "Feature", "properties": {"osm_id": 836342495, "highway": "path", "name": null, "source": "osm_overpass"}, "geometry": {"type": "LineString", "coordinates": [[80.1807536, 13.037521], [80.1807748, 13.037323], [80.1807842, 13.0371645], [80.180787, 13.0371527], [80.1807936, 13.0371423], [80.1808043, 13.0371378], [80.1810179, 13.0371501], [80.1811419, 13.0371578], [80.1811564, 13.0371571], [80.1811703, 13.037153], [80.1811783, 13.037141], [80.1811762, 13.0371157]]}}, {"type": "Feature", "properties": {"osm_id": 836342496, "highway": "path", "name": null, "source": "osm_overpass"}, "geometry": {"type": "LineString", "coordinates": [[80.1810005, 13.0375349], [80.1810099, 13.0373361], [80.1810179, 13.0371501]]}}, {"type": "Feature", "properties": {"osm_id": 836428589, "highway": "footway", "name": null, "source": "osm_overpass"}, "geometry": {"type": "LineString", "coordinates": [[80.180726, 13.045272], [80.180646, 13.0452682], [80.1804763, 13.0452391], [80.180461, 13.045231], [80.1804547, 13.0452224], [80.1804551, 13.0452141], [80.1804612, 13.0451784]]}}, {"type": "Feature", "properties": {"osm_id": 836428590, "highway": "footway", "name": null, "source": "osm_overpass"}, "geometry": {"type": "LineString", "coordinates": [[80.1807323, 13.04521], [80.180726, 13.045272]]}}, {"type": "Feature", "properties": {"osm_id": 836428591, "highway": "footway", "name": null, "source": "osm_overpass"}, "geometry": {"type": "LineString", "coordinates": [[80.1809971, 13.045215], [80.1807484, 13.0451964]]}}, {"type": "Feature", "properties": {"osm_id": 836428592, "highway": "footway", "name": null, "source": "osm_overpass"}, "geometry": {"type": "LineString", "coordinates": [[80.1807374, 13.0451805], [80.1807411, 13.04511]]}}, {"type": "Feature", "properties": {"osm_id": 836428593, "highway": "footway", "name": null, "source": "osm_overpass"}, "geometry": {"type": "LineString", "coordinates": [[80.1807197, 13.0452026], [80.1807237, 13.0452071], [80.1807291, 13.0452098], [80.1807323, 13.04521], [80.1807352, 13.0452102], [80.180741, 13.0452083], [80.1807456, 13.0452044], [80.1807483, 13.0451991], [80.1807484, 13.0451964], [80.1807487, 13.0451932], [80.1807468, 13.0451876], [80.1807428, 13.0451831], [80.1807374, 13.0451805], [80.1807313, 13.04518], [80.1807255, 13.0451819], [80.1807209, 13.0451858], [80.1807182, 13.0451911], [80.1807178, 13.045197], [80.1807197, 13.0452026]]}}, {"type": "Feature", "properties": {"osm_id": 836428594, "highway": "footway", "name": null, "source": "osm_overpass"}, "geometry": {"type": "LineString", "coordinates": [[80.1804612, 13.0451784], [80.1806481, 13.0451919], [80.1807178, 13.045197]]}}, {"type": "Feature", "properties": {"osm_id": 836428595, "highway": "footway", "name": null, "source": "osm_overpass"}, "geometry": {"type": "LineString", "coordinates": [[80.1804612, 13.0451784], [80.1804759, 13.0451132], [80.1804791, 13.0450999], [80.1804827, 13.0450919], [80.1804909, 13.0450867], [80.1805088, 13.0450866], [80.1807411, 13.04511], [80.1809812, 13.0451274], [80.1809928, 13.0451327], [80.181, 13.0451432], [80.1809971, 13.045215], [80.1809948, 13.0452536], [80.1809901, 13.0452663], [80.1809843, 13.045277], [80.1809772, 13.0452849], [80.1809659, 13.0452857], [80.180726, 13.045272]]}}, {"type": "Feature", "properties": {"osm_id": 836663624, "highway": "footway", "name": null, "source": "osm_overpass"}, "geometry": {"type": "LineString", "coordinates": [[80.1946864, 13.0387196], [80.1947348, 13.0389854]]}}, {"type": "Feature", "properties": {"osm_id": 836670936, "highway": "path", "name": null, "source": "osm_overpass"}, "geometry": {"type": "LineString", "coordinates": [[80.181736, 12.9600813], [80.1821984, 12.9600132]]}}, {"type": "Feature", "properties": {"osm_id": 836741459, "highway": "path", "name": null, "source": "osm_overpass"}, "geometry": {"type": "LineString", "coordinates": [[80.0818006, 12.8961022], [80.0819213, 12.8966457]]}}, {"type": "Feature", "properties": {"osm_id": 836757647, "highway": "path", "name": null, "source": "osm_overpass"}, "geometry": {"type": "LineString", "coordinates": [[80.1204686, 13.1452264], [80.1206666, 13.1457385]]}}, {"type": "Feature", "properties": {"osm_id": 836978697, "highway": "footway", "name": null, "source": "osm_overpass"}, "geometry": {"type": "LineString", "coordinates": [[80.112462, 13.0649469], [80.1123061, 13.0649633], [80.1116968, 13.0650273]]}}, {"type": "Feature", "properties": {"osm_id": 837003566, "highway": "footway", "name": null, "source": "osm_overpass"}, "geometry": {"type": "LineString", "coordinates": [[80.0927993, 13.1228119], [80.0928551, 13.1228098], [80.0929969, 13.1228058]]}}, {"type": "Feature", "properties": {"osm_id": 837050015, "highway": "path", "name": null, "source": "osm_overpass"}, "geometry": {"type": "LineString", "coordinates": [[80.1799446, 13.1153784], [80.1800787, 13.1155299], [80.180237, 13.1156448], [80.1804006, 13.1157153], [80.1805589, 13.1157571], [80.1809102, 13.1158381], [80.1812723, 13.1159374], [80.1815934, 13.1159941]]}}, {"type": "Feature", "properties": {"osm_id": 837321911, "highway": "footway", "name": null, "source": "osm_overpass"}, "geometry": {"type": "LineString", "coordinates": [[80.1896324, 12.9589373], [80.1896273, 12.95885], [80.1896125, 12.9586739], [80.1895976, 12.9584648], [80.1895931, 12.9583669], [80.1895756, 12.9582923], [80.189528, 12.9582742], [80.1894439, 12.9582874], [80.1892924, 12.958318], [80.1891344, 12.958346], [80.1889625, 12.958369], [80.1888353, 12.9583871], [80.1887506, 12.9583961], [80.1886703, 12.9584127], [80.1886117, 12.9584256], [80.1885367, 12.9584323], [80.1884898, 12.9584413], [80.1884344, 12.9584327], [80.1884013, 12.9583762], [80.1884038, 12.9583221], [80.1884673, 12.9582964], [80.1885005, 12.9582893], [80.1886874, 12.9582152], [80.1887782, 12.958173], [80.1888641, 12.958141], [80.1889934, 12.958102], [80.1891392, 12.9580549], [80.1892636, 12.9580334], [80.1894148, 12.9579948], [80.189573, 12.9579553], [80.1897837, 12.9578973], [80.1898434, 12.957886], [80.1900581, 12.9578235], [80.1902289, 12.9577925], [80.1903762, 12.9577628], [80.1905964, 12.9577389], [80.1909283, 12.9577358], [80.1910776, 12.9577467], [80.1912139, 12.9577721], [80.1912614, 12.9578008], [80.1913203, 12.9578912], [80.1913768, 12.957964], [80.1914244, 12.958039], [80.1914855, 12.9581471], [80.1915489, 12.9582375], [80.1916009, 12.9583147], [80.1916462, 12.9584162], [80.1917092, 12.9585205], [80.1917305, 12.9585969], [80.1917837, 12.9587642], [80.1918004, 12.9588313], [80.191825, 12.9589257], [80.1918544, 12.9590161], [80.1918748, 12.9591484], [80.1918657, 12.9591991], [80.1918748, 12.9592874], [80.191868, 12.9593712], [80.1918634, 12.9594969], [80.1918702, 12.9595984], [80.1919042, 12.9597594], [80.191954, 12.9598961], [80.1919924, 12.9599579], [80.1920468, 12.9600571], [80.1921033, 12.9601718], [80.1921463, 12.9602755], [80.1921939, 12.9604232], [80.1922369, 12.9605357], [80.1922686, 12.9606504], [80.1923048, 12.9607827], [80.1923478, 12.9609062], [80.1923794, 12.9610275], [80.1923905, 12.9611097], [80.1924028, 12.9612089], [80.1924225, 12.9613584], [80.1924247, 12.96144], [80.1924315, 12.961515], [80.192436, 12.9615767], [80.1924519, 12.9616473], [80.1924677, 12.9617157], [80.19247, 12.9617488], [80.1924903, 12.9618436], [80.1924949, 12.9618921], [80.192513, 12.9619583], [80.1925266, 12.9620333], [80.1925311, 12.962095], [80.1925299, 12.9621451], [80.1925344, 12.96219], [80.1925396, 12.9622464], [80.1925504, 12.9623328], [80.1925518, 12.9624458], [80.1925604, 12.9625209], [80.1925595, 12.9626127], [80.1925554, 12.9626761], [80.192556, 12.9627435], [80.1925447, 12.962814], [80.1925537, 12.9628537], [80.1925945, 12.9629442], [80.1926171, 12.9629971], [80.1926216, 12.9630412], [80.1926261, 12.9630677], [80.1926375, 12.9631338], [80.1926578, 12.9632199], [80.1926646, 12.9632618], [80.1926691, 12.9633213], [80.1926759, 12.9633853], [80.1926805, 12.9634426], [80.1926963, 12.9634911], [80.1927167, 12.9635463], [80.1927691, 12.9635939], [80.1928128, 12.9636306], [80.192868, 12.9636796], [80.1929857, 12.963768], [80.1930405, 12.9638215], [80.1931075, 12.9638689], [80.1931686, 12.963934], [80.193291, 12.9640346], [80.1933802, 12.9641212], [80.1934444, 12.9641905], [80.1934841, 12.9642613], [80.1935443, 12.9643468], [80.1936018, 12.9644424], [80.1936367, 12.964498], [80.1936836, 12.9645686], [80.1936804, 12.9646102], [80.1936506, 12.9646467], [80.1932404, 12.9647694], [80.1929261, 12.9648072], [80.1926403, 12.9648753], [80.1925076, 12.9648745], [80.1923984, 12.9648687], [80.1922877, 12.964881], [80.1921039, 12.9649256], [80.1917551, 12.9650115], [80.1916731, 12.9650192], [80.1916372, 12.9650061], [80.1916033, 12.9649743], [80.1915612, 12.9649539], [80.1913165, 12.9649981]]}}, {"type": "Feature", "properties": {"osm_id": 837321945, "highway": "footway", "name": null, "source": "osm_overpass"}, "geometry": {"type": "LineString", "coordinates": [[80.1864948, 12.9529209], [80.1866886, 12.9529006]]}}, {"type": "Feature", "properties": {"osm_id": 837723705, "highway": "footway", "name": null, "source": "osm_overpass"}, "geometry": {"type": "LineString", "coordinates": [[80.117666, 13.1192196], [80.1178219, 13.1192029]]}}, {"type": "Feature", "properties": {"osm_id": 837723706, "highway": "footway", "name": null, "source": "osm_overpass"}, "geometry": {"type": "LineString", "coordinates": [[80.1175583, 13.1192343], [80.1176051, 13.1192245]]}}, {"type": "Feature", "properties": {"osm_id": 837723707, "highway": "footway", "name": null, "source": "osm_overpass"}, "geometry": {"type": "LineString", "coordinates": [[80.1176079, 13.1188212], [80.1176306, 13.1191926]]}}, {"type": "Feature", "properties": {"osm_id": 837723708, "highway": "footway", "name": null, "source": "osm_overpass"}, "geometry": {"type": "LineString", "coordinates": [[80.1176536, 13.1187578], [80.1177744, 13.1187371]]}}, {"type": "Feature", "properties": {"osm_id": 837723709, "highway": "footway", "name": null, "source": "osm_overpass"}, "geometry": {"type": "LineString", "coordinates": [[80.1174331, 13.1187795], [80.1175286, 13.118767]]}}, {"type": "Feature", "properties": {"osm_id": 837723710, "highway": "footway", "name": null, "source": "osm_overpass"}, "geometry": {"type": "LineString", "coordinates": [[80.1175515, 13.1183022], [80.1175864, 13.1187016]]}}, {"type": "Feature", "properties": {"osm_id": 837723711, "highway": "footway", "name": null, "source": "osm_overpass"}, "geometry": {"type": "LineString", "coordinates": [[80.1175955, 13.1182509], [80.1177347, 13.1182426]]}}, {"type": "Feature", "properties": {"osm_id": 837723712, "highway": "footway", "name": null, "source": "osm_overpass"}, "geometry": {"type": "LineString", "coordinates": [[80.1173807, 13.1182687], [80.1174976, 13.1182599]]}}, {"type": "Feature", "properties": {"osm_id": 837723713, "highway": "footway", "name": null, "source": "osm_overpass"}, "geometry": {"type": "LineString", "coordinates": [[80.1175427, 13.1182063], [80.1175327, 13.1180756]]}}, {"type": "Feature", "properties": {"osm_id": 837723714, "highway": "footway", "name": null, "source": "osm_overpass"}, "geometry": {"type": "LineString", "coordinates": [[80.1175942, 13.1182656], [80.1175955, 13.1182509], [80.117592, 13.1182362], [80.117584, 13.1182234], [80.1175723, 13.1182135], [80.1175581, 13.1182076], [80.1175427, 13.1182063], [80.1175283, 13.1182095], [80.1175155, 13.1182166], [80.1175054, 13.1182271], [80.117499, 13.11824], [80.1174967, 13.1182542], [80.1174976, 13.1182599], [80.1174989, 13.1182684], [80.1175066, 13.1182832], [80.1175189, 13.1182945], [80.1175346, 13.1183012], [80.1175515, 13.1183022], [80.1175661, 13.1182984], [80.1175789, 13.1182905], [80.1175885, 13.1182792], [80.1175942, 13.1182656]]}}, {"type": "Feature", "properties": {"osm_id": 837723715, "highway": "footway", "name": null, "source": "osm_overpass"}, "geometry": {"type": "LineString", "coordinates": [[80.1176636, 13.1192101], [80.1176581, 13.1192019], [80.1176502, 13.1191958], [80.1176407, 13.1191927], [80.1176306, 13.1191926], [80.117622, 13.1191954], [80.1176145, 13.1192004], [80.1176089, 13.1192074], [80.1176057, 13.1192156], [80.1176051, 13.1192245], [80.1176074, 13.1192335], [80.1176124, 13.1192414], [80.1176197, 13.1192475], [80.1176286, 13.119251], [80.1176381, 13.1192517], [80.1176474, 13.1192495], [80.1176555, 13.1192446], [80.1176617, 13.1192375], [80.1176653, 13.1192288], [80.117666, 13.1192196], [80.1176636, 13.1192101]]}}, {"type": "Feature", "properties": {"osm_id": 837723716, "highway": "footway", "name": null, "source": "osm_overpass"}, "geometry": {"type": "LineString", "coordinates": [[80.1176536, 13.1187578], [80.117649, 13.1187392], [80.1176388, 13.118723], [80.117624, 13.1187105], [80.1176059, 13.1187032], [80.1175864, 13.1187016], [80.1175673, 13.118706], [80.1175506, 13.1187159], [80.1175378, 13.1187304], [80.1175303, 13.118748], [80.1175286, 13.118767], [80.1175327, 13.1187845], [80.1175418, 13.1188], [80.1175551, 13.1188124], [80.1175715, 13.1188204], [80.1175897, 13.1188234], [80.1176079, 13.1188212], [80.1176273, 13.1188123], [80.1176424, 13.1187975], [80.1176515, 13.1187786], [80.1176536, 13.1187578]]}}, {"type": "Feature", "properties": {"osm_id": 837723717, "highway": "footway", "name": null, "source": "osm_overpass"}, "geometry": {"type": "LineString", "coordinates": [[80.1178073, 13.1193779], [80.1176038, 13.119412]]}}, {"type": "Feature", "properties": {"osm_id": 837723718, "highway": "footway", "name": null, "source": "osm_overpass"}, "geometry": {"type": "LineString", "coordinates": [[80.1176401, 13.1196189], [80.1176342, 13.1195853], [80.1176038, 13.119412], [80.1175583, 13.1192343], [80.1175143, 13.1190547], [80.1174331, 13.1187795], [80.117425, 13.1187442], [80.1174057, 13.1186668], [80.1174003, 13.1186132], [80.1173835, 13.1183141], [80.1173807, 13.1182687], [80.1173728, 13.1181417], [80.1173719, 13.1181198], [80.1173724, 13.1181084], [80.1173785, 13.1180969], [80.1173863, 13.1180894], [80.1174083, 13.118085], [80.1175327, 13.1180756], [80.117688, 13.1180614], [80.1177008, 13.1180614], [80.1177094, 13.1180655], [80.1177189, 13.118074], [80.1177217, 13.1180842], [80.1177347, 13.1182426], [80.1177744, 13.1187371], [80.1177872, 13.1189149], [80.1178219, 13.1192029], [80.1178372, 13.1193414], [80.117834, 13.1193594], [80.1178234, 13.1193708], [80.1178073, 13.1193779]]}}, {"type": "Feature", "properties": {"osm_id": 837732401, "highway": "footway", "name": null, "source": "osm_overpass"}, "geometry": {"type": "LineString", "coordinates": [[80.1657538, 13.0158645], [80.1657755, 13.015896], [80.1657894, 13.015927], [80.1658031, 13.0159721]]}}, {"type": "Feature", "properties": {"osm_id": 837732402, "highway": "footway", "name": null, "source": "osm_overpass"}, "geometry": {"type": "LineString", "coordinates": [[80.1657952, 13.0162121], [80.1658288, 13.0162203], [80.1658685, 13.0162242], [80.1658979, 13.0162233], [80.1659341, 13.0162181], [80.1659595, 13.0162076], [80.1660192, 13.016176]]}}, {"type": "Feature", "properties": {"osm_id": 837732403, "highway": "footway", "name": null, "source": "osm_overpass"}, "geometry": {"type": "LineString", "coordinates": [[80.1659347, 13.0159888], [80.1659557, 13.0160589], [80.1659774, 13.0161112], [80.1660116, 13.0161672], [80.1660192, 13.016176], [80.1660318, 13.0161906], [80.1660398, 13.0161964], [80.166048, 13.0161989], [80.166063, 13.0161988], [80.166181, 13.0161776], [80.1661881, 13.016173], [80.1661919, 13.0161677], [80.1661925, 13.0161635], [80.1661142, 13.0157237], [80.1661089, 13.0157157], [80.1661012, 13.0157117], [80.1660736, 13.0157128]]}}, {"type": "Feature", "properties": {"osm_id": 837732404, "highway": "footway", "name": null, "source": "osm_overpass"}, "geometry": {"type": "LineString", "coordinates": [[80.1655838, 13.0160357], [80.1656166, 13.0162566], [80.1656243, 13.0162671], [80.1656346, 13.0162716], [80.1657716, 13.0162505], [80.1657863, 13.0162436], [80.1657925, 13.016233], [80.1657952, 13.0162121], [80.1658178, 13.0160361]]}}, {"type": "Feature", "properties": {"osm_id": 837732405, "highway": "footway", "name": null, "source": "osm_overpass"}, "geometry": {"type": "LineString", "coordinates": [[80.166017, 13.0157207], [80.1659689, 13.0157285], [80.1659588, 13.0157319], [80.1659522, 13.0157365], [80.1659471, 13.0157429], [80.1659301, 13.0158372], [80.1659296, 13.0159666]]}}, {"type": "Feature", "properties": {"osm_id": 837732407, "highway": "footway", "name": null, "source": "osm_overpass"}, "geometry": {"type": "LineString", "coordinates": [[80.1657112, 13.0160157], [80.1658021, 13.0160034]]}}, {"type": "Feature", "properties": {"osm_id": 837732408, "highway": "footway", "name": null, "source": "osm_overpass"}, "geometry": {"type": "LineString", "coordinates": [[80.1654909, 13.0160484], [80.1655838, 13.0160357]]}}, {"type": "Feature", "properties": {"osm_id": 837732409, "highway": "footway", "name": null, "source": "osm_overpass"}, "geometry": {"type": "LineString", "coordinates": [[80.1656939, 13.0160003], [80.1656856, 13.0160007], [80.1656782, 13.0160041], [80.1656726, 13.01601], [80.1656699, 13.0160176], [80.1656702, 13.0160239], [80.1656702, 13.0160256], [80.1656738, 13.0160329], [80.1656798, 13.0160383], [80.1656876, 13.016041], [80.1656958, 13.0160406], [80.1657033, 13.0160372], [80.1657088, 13.0160312], [80.1657116, 13.0160237], [80.1657112, 13.0160157], [80.1657077, 13.0160084], [80.1657016, 13.016003], [80.1656939, 13.0160003]]}}, {"type": "Feature", "properties": {"osm_id": 837732410, "highway": "footway", "name": null, "source": "osm_overpass"}, "geometry": {"type": "LineString", "coordinates": [[80.1658761, 13.0159267], [80.1658528, 13.0159277], [80.1658312, 13.0159364], [80.1658139, 13.0159518], [80.1658031, 13.0159721], [80.1658001, 13.0159947], [80.1658021, 13.0160034], [80.1658052, 13.0160169], [80.1658178, 13.0160361], [80.1658363, 13.01605], [80.1658587, 13.0160568], [80.165882, 13.0160558], [80.1659037, 13.0160471], [80.1659209, 13.0160316], [80.1659317, 13.0160114], [80.1659347, 13.0159888], [80.1659296, 13.0159666], [80.165917, 13.0159473], [80.1658985, 13.0159335], [80.1658761, 13.0159267]]}}, {"type": "Feature", "properties": {"osm_id": 837814588, "highway": "path", "name": null, "source": "osm_overpass"}, "geometry": {"type": "LineString", "coordinates": [[80.1574997, 13.0215986], [80.1576708, 13.0215824]]}}, {"type": "Feature", "properties": {"osm_id": 837814589, "highway": "path", "name": null, "source": "osm_overpass"}, "geometry": {"type": "LineString", "coordinates": [[80.157483, 13.0214825], [80.1574997, 13.0215986], [80.1575212, 13.0217486]]}}, {"type": "Feature", "properties": {"osm_id": 837814590, "highway": "path", "name": null, "source": "osm_overpass"}, "geometry": {"type": "LineString", "coordinates": [[80.1575212, 13.0217486], [80.1576852, 13.0217272], [80.1576708, 13.0215824], [80.1576605, 13.0214857], [80.1576517, 13.0214725], [80.1576362, 13.0214646], [80.1576112, 13.021462], [80.157483, 13.0214825], [80.1573853, 13.0214982], [80.157367, 13.0215048], [80.1573589, 13.0215127], [80.1573122, 13.0216004], [80.1573088, 13.0216175], [80.1573115, 13.0216346], [80.1573555, 13.021748], [80.1573643, 13.0217631], [80.1573731, 13.021771], [80.1573907, 13.0217717], [80.1575212, 13.0217486], [80.1575254, 13.0217878]]}}, {"type": "Feature", "properties": {"osm_id": 838036826, "highway": "path", "name": null, "source": "osm_overpass"}, "geometry": {"type": "LineString", "coordinates": [[80.2045431, 13.179531], [80.2060496, 13.1795306]]}}, {"type": "Feature", "properties": {"osm_id": 838277073, "highway": "path", "name": null, "source": "osm_overpass"}, "geometry": {"type": "LineString", "coordinates": [[80.2454573, 13.1122934], [80.2454821, 13.1129831]]}}, {"type": "Feature", "properties": {"osm_id": 838483350, "highway": "footway", "name": null, "source": "osm_overpass"}, "geometry": {"type": "LineString", "coordinates": [[80.1523849, 13.0800152], [80.1524238, 13.0799639], [80.152457, 13.079943], [80.1525107, 13.0799283], [80.1527336, 13.0798976]]}}, {"type": "Feature", "properties": {"osm_id": 838605481, "highway": "pedestrian", "name": null, "source": "osm_overpass"}, "geometry": {"type": "LineString", "coordinates": [[80.2105357, 13.0015527], [80.2110114, 13.0015165]]}}, {"type": "Feature", "properties": {"osm_id": 838605484, "highway": "path", "name": null, "source": "osm_overpass"}, "geometry": {"type": "LineString", "coordinates": [[80.2102997, 12.9983917], [80.210686, 12.9983482]]}}, {"type": "Feature", "properties": {"osm_id": 838922817, "highway": "path", "name": null, "source": "osm_overpass"}, "geometry": {"type": "LineString", "coordinates": [[80.1918435, 13.0784663], [80.1918722, 13.0783453]]}}, {"type": "Feature", "properties": {"osm_id": 840534352, "highway": "path", "name": null, "source": "osm_overpass"}, "geometry": {"type": "LineString", "coordinates": [[80.2891092, 13.0847997], [80.289114, 13.0847519], [80.289127, 13.0846223], [80.2890846, 13.0844258]]}}, {"type": "Feature", "properties": {"osm_id": 840534353, "highway": "path", "name": null, "source": "osm_overpass"}, "geometry": {"type": "LineString", "coordinates": [[80.2891384, 13.0854651], [80.2891092, 13.0847997]]}}, {"type": "Feature", "properties": {"osm_id": 840534354, "highway": "path", "name": null, "source": "osm_overpass"}, "geometry": {"type": "LineString", "coordinates": [[80.2892718, 13.0849193], [80.2892726, 13.0848933], [80.2893013, 13.0843514], [80.2893431, 13.0842947]]}}, {"type": "Feature", "properties": {"osm_id": 840534355, "highway": "path", "name": null, "source": "osm_overpass"}, "geometry": {"type": "LineString", "coordinates": [[80.289413, 13.0858517], [80.2892718, 13.0849193]]}}, {"type": "Feature", "properties": {"osm_id": 840983559, "highway": "footway", "name": null, "source": "osm_overpass"}, "geometry": {"type": "LineString", "coordinates": [[80.2457258, 12.9375041], [80.2454952, 12.9375542]]}}, {"type": "Feature", "properties": {"osm_id": 840983560, "highway": "footway", "name": null, "source": "osm_overpass"}, "geometry": {"type": "LineString", "coordinates": [[80.244359, 12.9373961], [80.2445161, 12.9373969], [80.2448192, 12.9373447], [80.2452618, 12.9372781]]}}, {"type": "Feature", "properties": {"osm_id": 842361398, "highway": "footway", "name": "Level Crossing - 6", "source": "osm_overpass"}, "geometry": {"type": "LineString", "coordinates": [[80.1544322, 13.1146505], [80.1544143, 13.1145117], [80.1544037, 13.1144257], [80.1544036, 13.1143807], [80.1544034, 13.1143386], [80.1544032, 13.1142879], [80.1542339, 13.1142896]]}}, {"type": "Feature", "properties": {"osm_id": 843606778, "highway": "footway", "name": null, "source": "osm_overpass"}, "geometry": {"type": "LineString", "coordinates": [[80.1466263, 13.118139], [80.1466372, 13.118141], [80.1466509, 13.1181435]]}}, {"type": "Feature", "properties": {"osm_id": 843606779, "highway": "footway", "name": null, "source": "osm_overpass"}, "geometry": {"type": "LineString", "coordinates": [[80.1466372, 13.118141], [80.1466528, 13.118077]]}}, {"type": "Feature", "properties": {"osm_id": 843855626, "highway": "footway", "name": null, "source": "osm_overpass"}, "geometry": {"type": "LineString", "coordinates": [[80.1663526, 13.1148972], [80.1663566, 13.1147946]]}}, {"type": "Feature", "properties": {"osm_id": 843855627, "highway": "footway", "name": null, "source": "osm_overpass"}, "geometry": {"type": "LineString", "coordinates": [[80.1663566, 13.1147946], [80.1664453, 13.1147933]]}}, {"type": "Feature", "properties": {"osm_id": 845031633, "highway": "footway", "name": null, "source": "osm_overpass"}, "geometry": {"type": "LineString", "coordinates": [[80.2442637, 13.1082493], [80.2442722, 13.1079606]]}}, {"type": "Feature", "properties": {"osm_id": 845031634, "highway": "footway", "name": null, "source": "osm_overpass"}, "geometry": {"type": "LineString", "coordinates": [[80.2442722, 13.1079606], [80.2444549, 13.10796], [80.244457, 13.107937], [80.2444612, 13.1078684]]}}, {"type": "Feature", "properties": {"osm_id": 845031637, "highway": "footway", "name": null, "source": "osm_overpass"}, "geometry": {"type": "LineString", "coordinates": [[80.2444657, 13.1077804], [80.2441773, 13.1077711]]}}, {"type": "Feature", "properties": {"osm_id": 845031638, "highway": "footway", "name": null, "source": "osm_overpass"}, "geometry": {"type": "LineString", "coordinates": [[80.2437088, 13.1074911], [80.2438799, 13.1075191], [80.2442034, 13.1075361]]}}, {"type": "Feature", "properties": {"osm_id": 845031639, "highway": "footway", "name": null, "source": "osm_overpass"}, "geometry": {"type": "LineString", "coordinates": [[80.243722, 13.1072867], [80.2442348, 13.1073158]]}}, {"type": "Feature", "properties": {"osm_id": 845031640, "highway": "footway", "name": null, "source": "osm_overpass"}, "geometry": {"type": "LineString", "coordinates": [[80.2441773, 13.1077711], [80.2436918, 13.1077553]]}}, {"type": "Feature", "properties": {"osm_id": 845031641, "highway": "footway", "name": null, "source": "osm_overpass"}, "geometry": {"type": "LineString", "coordinates": [[80.2442034, 13.1075361], [80.2443338, 13.107545]]}}, {"type": "Feature", "properties": {"osm_id": 845031642, "highway": "footway", "name": null, "source": "osm_overpass"}, "geometry": {"type": "LineString", "coordinates": [[80.2442348, 13.1073158], [80.2443567, 13.1073228]]}}, {"type": "Feature", "properties": {"osm_id": 845031643, "highway": "footway", "name": null, "source": "osm_overpass"}, "geometry": {"type": "LineString", "coordinates": [[80.2436918, 13.1077553], [80.2437088, 13.1074911], [80.243722, 13.1072867]]}}, {"type": "Feature", "properties": {"osm_id": 845036461, "highway": "path", "name": null, "source": "osm_overpass"}, "geometry": {"type": "LineString", "coordinates": [[80.2718342, 13.102185], [80.2720066, 13.1022179], [80.2720689, 13.1022298], [80.2721021, 13.1022361], [80.2721309, 13.1022416], [80.2722262, 13.1022598], [80.272273, 13.1022687], [80.2723348, 13.1022805], [80.2725162, 13.1023151]]}}, {"type": "Feature", "properties": {"osm_id": 874858919, "highway": "footway", "name": null, "source": "osm_overpass"}, "geometry": {"type": "LineString", "coordinates": [[80.2008613, 13.0037617], [80.2007016, 13.0038176], [80.200927, 13.0044285]]}}, {"type": "Feature", "properties": {"osm_id": 876008346, "highway": "footway", "name": "Leisure walk path", "source": "osm_overpass"}, "geometry": {"type": "LineString", "coordinates": [[80.1912553, 12.9647427], [80.1913023, 12.9647099], [80.1911494, 12.9641401], [80.1910395, 12.9637088], [80.1909161, 12.9632357], [80.1907981, 12.9628253], [80.1906452, 12.9623078], [80.1905057, 12.9618085], [80.1903582, 12.9613276], [80.1902536, 12.9609982], [80.1901427, 12.9606129], [80.1900348, 12.9601792], [80.1899206, 12.9598341], [80.1898277, 12.9595504], [80.189758, 12.9593629], [80.1896742, 12.9591293], [80.1896324, 12.9589373]]}}, {"type": "Feature", "properties": {"osm_id": 892117514, "highway": "footway", "name": null, "source": "osm_overpass"}, "geometry": {"type": "LineString", "coordinates": [[80.2759013, 13.0798827], [80.2757078, 13.0799158]]}}, {"type": "Feature", "properties": {"osm_id": 892117515, "highway": "footway", "name": null, "source": "osm_overpass"}, "geometry": {"type": "LineString", "coordinates": [[80.2757801, 13.0796565], [80.2758571, 13.0796484]]}}, {"type": "Feature", "properties": {"osm_id": 892117516, "highway": "footway", "name": null, "source": "osm_overpass"}, "geometry": {"type": "LineString", "coordinates": [[80.2755902, 13.0796803], [80.2757801, 13.0796565]]}}, {"type": "Feature", "properties": {"osm_id": 892117522, "highway": "footway", "name": null, "source": "osm_overpass"}, "geometry": {"type": "LineString", "coordinates": [[80.2710566, 13.0805926], [80.2708187, 13.0805662]]}}, {"type": "Feature", "properties": {"osm_id": 892121015, "highway": "footway", "name": null, "source": "osm_overpass"}, "geometry": {"type": "LineString", "coordinates": [[80.2761151, 13.0775965], [80.2760794, 13.0775955], [80.275909, 13.0775922]]}}, {"type": "Feature", "properties": {"osm_id": 896205021, "highway": "path", "name": null, "source": "osm_overpass"}, "geometry": {"type": "LineString", "coordinates": [[80.1364985, 12.8428092], [80.1367288, 12.8427559], [80.1371331, 12.8425877]]}}, {"type": "Feature", "properties": {"osm_id": 896205461, "highway": "path", "name": null, "source": "osm_overpass"}, "geometry": {"type": "LineString", "coordinates": [[80.1264501, 12.8371126], [80.1264562, 12.8372462], [80.1264623, 12.8374048], [80.1264664, 12.8375841], [80.1264938, 12.837711], [80.126504, 12.8379359], [80.1265253, 12.8382857], [80.1265762, 12.8385325], [80.12663, 12.8387208], [80.1266656, 12.8388169], [80.1266585, 12.8389011], [80.1266417, 12.839099]]}}, {"type": "Feature", "properties": {"osm_id": 908822181, "highway": "footway", "name": null, "source": "osm_overpass"}, "geometry": {"type": "LineString", "coordinates": [[80.2426177, 12.9815149], [80.2426172, 12.9814495], [80.2426157, 12.9812563], [80.2426154, 12.9812167]]}}, {"type": "Feature", "properties": {"osm_id": 935484890, "highway": "footway", "name": null, "source": "osm_overpass"}, "geometry": {"type": "LineString", "coordinates": [[80.1853207, 12.969825], [80.1855293, 12.9698202], [80.1858257, 12.9698073], [80.1860757, 12.9697928], [80.1861187, 12.9697589], [80.1861618, 12.9696782], [80.1861286, 12.9695153], [80.186079, 12.9693652], [80.1860492, 12.9692878], [80.185968, 12.9692023], [80.1858753, 12.9691167], [80.1857495, 12.9691006], [80.1856518, 12.9691103], [80.1854184, 12.9691393], [80.1852776, 12.9691813], [80.1852395, 12.9692297], [80.1852644, 12.9694911], [80.1852809, 12.9696847], [80.1852992, 12.9698025], [80.1853207, 12.969825]]}}, {"type": "Feature", "properties": {"osm_id": 935484891, "highway": "footway", "name": null, "source": "osm_overpass"}, "geometry": {"type": "LineString", "coordinates": [[80.186079, 12.9693652], [80.1861958, 12.9693429]]}}, {"type": "Feature", "properties": {"osm_id": 935484894, "highway": "footway", "name": "adisankaran Street", "source": "osm_overpass"}, "geometry": {"type": "LineString", "coordinates": [[80.1943742, 12.9657789], [80.1941552, 12.9658025]]}}, {"type": "Feature", "properties": {"osm_id": 958609785, "highway": "path", "name": null, "source": "osm_overpass"}, "geometry": {"type": "LineString", "coordinates": [[80.2334954, 12.7805521], [80.2323903, 12.7808608], [80.230912, 12.7812512], [80.2303326, 12.7812931], [80.2297414, 12.7812635], [80.229485, 12.7812983], [80.2290237, 12.7811675], [80.2287172, 12.7811734]]}}, {"type": "Feature", "properties": {"osm_id": 970633583, "highway": "pedestrian", "name": null, "source": "osm_overpass"}, "geometry": {"type": "LineString", "coordinates": [[80.1815521, 13.0932221], [80.1818916, 13.0932396]]}}, {"type": "Feature", "properties": {"osm_id": 984880546, "highway": "path", "name": null, "source": "osm_overpass"}, "geometry": {"type": "LineString", "coordinates": [[80.279731, 13.0508643], [80.2795212, 13.0509401], [80.2792751, 13.0510556]]}}, {"type": "Feature", "properties": {"osm_id": 991451639, "highway": "pedestrian", "name": null, "source": "osm_overpass"}, "geometry": {"type": "LineString", "coordinates": [[80.195637, 13.0067064], [80.195489, 13.0066883]]}}, {"type": "Feature", "properties": {"osm_id": 991451640, "highway": "footway", "name": null, "source": "osm_overpass"}, "geometry": {"type": "LineString", "coordinates": [[80.195489, 13.0066883], [80.1954551, 13.006726], [80.1953602, 13.0067412], [80.195278, 13.0067232], [80.1952113, 13.0067122], [80.195156, 13.006697], [80.1951348, 13.0066901]]}}, {"type": "Feature", "properties": {"osm_id": 991451642, "highway": "pedestrian", "name": null, "source": "osm_overpass"}, "geometry": {"type": "LineString", "coordinates": [[80.195489, 13.0066883], [80.1954222, 13.0066294], [80.1954142, 13.0065954], [80.1953785, 13.0065762], [80.1953522, 13.006513], [80.1953355, 13.0064569], [80.1953188, 13.0063758], [80.1953163, 13.0062809], [80.1953155, 13.0062075]]}}, {"type": "Feature", "properties": {"osm_id": 992440257, "highway": "footway", "name": null, "source": "osm_overpass"}, "geometry": {"type": "LineString", "coordinates": [[80.270875, 13.0817452], [80.2709929, 13.0817662], [80.2710175, 13.0816262]]}}, {"type": "Feature", "properties": {"osm_id": 993587966, "highway": "footway", "name": null, "source": "osm_overpass"}, "geometry": {"type": "LineString", "coordinates": [[80.2621666, 12.9871594], [80.2629227, 12.9870821]]}}, {"type": "Feature", "properties": {"osm_id": 993792256, "highway": "footway", "name": null, "source": "osm_overpass"}, "geometry": {"type": "LineString", "coordinates": [[80.2489109, 13.0382345], [80.2481637, 13.0383389]]}}, {"type": "Feature", "properties": {"osm_id": 993794640, "highway": "pedestrian", "name": null, "source": "osm_overpass"}, "geometry": {"type": "LineString", "coordinates": [[80.2735631, 13.0272234], [80.2737093, 13.0272183], [80.2738072, 13.0272127]]}}, {"type": "Feature", "properties": {"osm_id": 993795385, "highway": "footway", "name": null, "source": "osm_overpass"}, "geometry": {"type": "LineString", "coordinates": [[80.2628862, 13.0341318], [80.2631467, 13.035593], [80.2631571, 13.0356479], [80.2631601, 13.0356641], [80.2631735, 13.0357352]]}}, {"type": "Feature", "properties": {"osm_id": 995106103, "highway": "footway", "name": null, "source": "osm_overpass"}, "geometry": {"type": "LineString", "coordinates": [[80.2320066, 13.048344], [80.2320794, 13.048895]]}}, {"type": "Feature", "properties": {"osm_id": 995113943, "highway": "pedestrian", "name": null, "source": "osm_overpass"}, "geometry": {"type": "LineString", "coordinates": [[80.225045, 13.0139555], [80.2248575, 13.0140327]]}}, {"type": "Feature", "properties": {"osm_id": 995118309, "highway": "footway", "name": null, "source": "osm_overpass"}, "geometry": {"type": "LineString", "coordinates": [[80.2563376, 13.0676809], [80.2569351, 13.0671179]]}}, {"type": "Feature", "properties": {"osm_id": 995144800, "highway": "path", "name": null, "source": "osm_overpass"}, "geometry": {"type": "LineString", "coordinates": [[80.233303, 13.1106188], [80.2332535, 13.11063], [80.2330724, 13.1106711]]}}, {"type": "Feature", "properties": {"osm_id": 995146916, "highway": "pedestrian", "name": null, "source": "osm_overpass"}, "geometry": {"type": "LineString", "coordinates": [[80.2409406, 13.0600446], [80.241255, 13.0599923], [80.2413188, 13.0599219]]}}, {"type": "Feature", "properties": {"osm_id": 995147989, "highway": "path", "name": null, "source": "osm_overpass"}, "geometry": {"type": "LineString", "coordinates": [[80.2237869, 13.1162145], [80.2236405, 13.1162486]]}}, {"type": "Feature", "properties": {"osm_id": 1016457221, "highway": "path", "name": "Adyar River Pathway", "source": "osm_overpass"}, "geometry": {"type": "LineString", "coordinates": [[80.2486394, 13.0179437], [80.2487825, 13.0176452], [80.248884, 13.0173805], [80.2489781, 13.0170905], [80.2490709, 13.0168053], [80.2491281, 13.0166925], [80.2492826, 13.0164233], [80.2494208, 13.0162033], [80.2495351, 13.0160142], [80.2497003, 13.0156893], [80.249827, 13.0154589], [80.2499269, 13.0153123], [80.2501111, 13.0150734], [80.250321, 13.014822], [80.2504911, 13.0146365], [80.250625, 13.0145072], [80.2507193, 13.0144256], [80.250876, 13.0143058], [80.2510225, 13.014195], [80.2511698, 13.01408], [80.2513501, 13.0139494], [80.2514271, 13.0138833], [80.2515057, 13.0137948], [80.2516471, 13.0136329], [80.251697, 13.0135765], [80.2517417, 13.0135329], [80.2517793, 13.0135002], [80.251823, 13.0134745], [80.2518677, 13.0134547], [80.2519363, 13.0134328], [80.2521966, 13.0133537], [80.2523173, 13.0133119], [80.2523911, 13.0132779], [80.252489, 13.0132256], [80.2526081, 13.0131409], [80.2527806, 13.0130058], [80.2529237, 13.0128796], [80.253044, 13.0127837], [80.2530574, 13.012773], [80.2533742, 13.0125644], [80.2536732, 13.0123541], [80.2541667, 13.0119883], [80.2545316, 13.0117101], [80.2548696, 13.0114687], [80.2551267, 13.0112516], [80.2552219, 13.0111745], [80.2553573, 13.0110752], [80.2554297, 13.0110282], [80.2555384, 13.0109864], [80.2556551, 13.0109511], [80.2558039, 13.0109093], [80.2559702, 13.0108675], [80.256084, 13.0108488], [80.2561786, 13.0108451], [80.2563059, 13.0108485], [80.2564866, 13.010863], [80.2566489, 13.0108747], [80.2567443, 13.0108783], [80.2568252, 13.0108765], [80.2568882, 13.0108666], [80.2569644, 13.0108438], [80.2570803, 13.0108081], [80.2572134, 13.0107784], [80.2572917, 13.0107685], [80.2573974, 13.0107616], [80.2575183, 13.0107616], [80.2576098, 13.0107705], [80.2576931, 13.0107883], [80.2582592, 13.0109267], [80.2583746, 13.0109624], [80.258464, 13.0109954], [80.2585965, 13.0110374], [80.2587228, 13.0110749], [80.2588044, 13.0110899], [80.2588907, 13.0110945], [80.2589706, 13.0111435]]}}, {"type": "Feature", "properties": {"osm_id": 1016457223, "highway": "path", "name": null, "source": "osm_overpass"}, "geometry": {"type": "LineString", "coordinates": [[80.253044, 13.0127837], [80.2530066, 13.0127328], [80.2527709, 13.0124115]]}}, {"type": "Feature", "properties": {"osm_id": 1016681325, "highway": "path", "name": null, "source": "osm_overpass"}, "geometry": {"type": "LineString", "coordinates": [[80.2201111, 13.0158078], [80.2200519, 13.0158276], [80.2199622, 13.0158325], [80.2197946, 13.0158292], [80.2196897, 13.0158375], [80.2195475, 13.0158622], [80.2193816, 13.01591], [80.2191345, 13.0159875], [80.218767, 13.016115], [80.2184674, 13.016209], [80.2179548, 13.0163735], [80.2178315, 13.0164024], [80.2177578, 13.0164154], [80.2176015, 13.016435], [80.2173357, 13.0164405], [80.2171711, 13.0164407], [80.2170839, 13.016452], [80.2170287, 13.0164632], [80.216971, 13.0164907], [80.2168825, 13.0165495], [80.2168211, 13.0165998], [80.2167733, 13.0166778], [80.2167428, 13.0167435], [80.2167033, 13.0168012], [80.2166612, 13.0168508], [80.2166162, 13.0168899], [80.2165468, 13.0169163], [80.2164859, 13.0169229], [80.2163827, 13.0169526], [80.2162033, 13.0170136], [80.2156095, 13.0172175], [80.215371, 13.0173075], [80.2152042, 13.01738], [80.2149041, 13.0175325], [80.214491, 13.0177356], [80.2142298, 13.0178574], [80.2140462, 13.0179309], [80.2139218, 13.0179821], [80.2138063, 13.0180383], [80.2135728, 13.018156], [80.2134445, 13.0182259], [80.2133549, 13.0182725], [80.2133199, 13.0182848], [80.213283, 13.0182952], [80.2132101, 13.018298], [80.2131586, 13.0183094], [80.213108, 13.0183293], [80.2130429, 13.0183653], [80.2129603, 13.0184164], [80.2128777, 13.0184696], [80.2127683, 13.0185447], [80.2127225, 13.0185838], [80.2126917, 13.0186419], [80.2126712, 13.0187044], [80.212634, 13.0187506], [80.212598, 13.0187868], [80.2125557, 13.0188031], [80.2125006, 13.0188031], [80.2124582, 13.0188043], [80.2124249, 13.0188193], [80.2123736, 13.0188556], [80.2122297, 13.0189443], [80.2121615, 13.0189951], [80.2121245, 13.0190129], [80.2120729, 13.0190376], [80.211996, 13.0190814], [80.2119319, 13.0191326], [80.2118845, 13.019167], [80.211867, 13.0191944], [80.2118661, 13.0192162], [80.2118816, 13.0192342], [80.2119429, 13.0192683], [80.2119779, 13.0193062], [80.2119837, 13.0193488], [80.211972, 13.0193999], [80.2119184, 13.0194864], [80.2118525, 13.0196039], [80.2116224, 13.0200795], [80.2114146, 13.0204622], [80.2111546, 13.0209929], [80.2111075, 13.0211006], [80.2110664, 13.0212475], [80.2109952, 13.0215321], [80.2109438, 13.0218607], [80.2108795, 13.0221732], [80.210846, 13.0223908], [80.2108281, 13.0225344], [80.2107879, 13.0227346], [80.2106855, 13.0230282], [80.2103059, 13.0228716], [80.2101138, 13.0227911], [80.2100468, 13.0227345], [80.2100111, 13.0226953], [80.2099803, 13.0226383]]}}, {"type": "Feature", "properties": {"osm_id": 1016681328, "highway": "path", "name": null, "source": "osm_overpass"}, "geometry": {"type": "LineString", "coordinates": [[80.2107478, 13.0230731], [80.2106881, 13.0231903], [80.210644, 13.0233317], [80.2105963, 13.0235519], [80.2105448, 13.0237256], [80.2104951, 13.0239276], [80.2104896, 13.0240076], [80.2104868, 13.0241107], [80.2104951, 13.0242383], [80.2104965, 13.0243441], [80.2104904, 13.024428], [80.210471, 13.0245213], [80.2104359, 13.0246087], [80.2103563, 13.0247504], [80.2102332, 13.0249223], [80.2101229, 13.0250386], [80.2100549, 13.0251013], [80.2099631, 13.0251425], [80.2098969, 13.0251747], [80.2098241, 13.0252354], [80.2097882, 13.025258], [80.2096974, 13.0252683], [80.2096214, 13.0252827], [80.2095539, 13.0253197], [80.209499, 13.0253896], [80.2094399, 13.0254452], [80.2093744, 13.0254842], [80.2093005, 13.0254966], [80.2091952, 13.0254726]]}}, {"type": "Feature", "properties": {"osm_id": 1021008225, "highway": "path", "name": "Keelkatalai Lake Promenade", "source": "osm_overpass"}, "geometry": {"type": "LineString", "coordinates": [[80.1800671, 12.9501587], [80.1800827, 12.9502774], [80.1800843, 12.9503231], [80.1800797, 12.9503855], [80.1800673, 12.9505511], [80.1800627, 12.9506239], [80.1800606, 12.9507487], [80.1800372, 12.9517115], [80.1800334, 12.951779], [80.1800236, 12.9518419], [80.1799971, 12.9519333], [80.1799325, 12.9520877], [80.1799299, 12.9520946], [80.1798689, 12.9522583], [80.1798601, 12.952282], [80.1798324, 12.9523856], [80.1798216, 12.9524712], [80.179817, 12.9525868], [80.1798262, 12.9528255], [80.1798359, 12.953242], [80.179857, 12.9535391], [80.1798664, 12.9536136], [80.1798772, 12.9536724], [80.1798824, 12.9536874], [80.1798959, 12.953726], [80.1800041, 12.9539896], [80.1800547, 12.9541128], [80.1801027, 12.9542424], [80.1801255, 12.954326], [80.180128, 12.954339], [80.1801376, 12.9543901], [80.1801569, 12.9545613]]}}, {"type": "Feature", "properties": {"osm_id": 1021008226, "highway": "path", "name": null, "source": "osm_overpass"}, "geometry": {"type": "LineString", "coordinates": [[80.1801522, 12.9521393], [80.1799299, 12.9520946]]}}, {"type": "Feature", "properties": {"osm_id": 1021008227, "highway": "path", "name": null, "source": "osm_overpass"}, "geometry": {"type": "LineString", "coordinates": [[80.1799292, 12.9522698], [80.1798689, 12.9522583]]}}, {"type": "Feature", "properties": {"osm_id": 1021008228, "highway": "path", "name": null, "source": "osm_overpass"}, "geometry": {"type": "LineString", "coordinates": [[80.1799489, 12.9536825], [80.1798824, 12.9536874]]}}, {"type": "Feature", "properties": {"osm_id": 1021008229, "highway": "path", "name": null, "source": "osm_overpass"}, "geometry": {"type": "LineString", "coordinates": [[80.1800796, 12.9539828], [80.1800041, 12.9539896]]}}, {"type": "Feature", "properties": {"osm_id": 1021008230, "highway": "path", "name": null, "source": "osm_overpass"}, "geometry": {"type": "LineString", "coordinates": [[80.1801722, 12.9543384], [80.180128, 12.954339]]}}, {"type": "Feature", "properties": {"osm_id": 1021532090, "highway": "path", "name": null, "source": "osm_overpass"}, "geometry": {"type": "LineString", "coordinates": [[80.1025777, 13.1091864], [80.1026423, 13.1091856], [80.1027622, 13.1091804], [80.1037074, 13.1091115], [80.1038202, 13.1091026], [80.1038599, 13.1090947], [80.1039117, 13.1090699], [80.1040032, 13.1090056], [80.104052, 13.1089759], [80.1041475, 13.1089442], [80.1042735, 13.1089096], [80.1043772, 13.1088908], [80.1044485, 13.1088829], [80.1050813, 13.1088522], [80.1051677, 13.108851], [80.1052249, 13.1088556], [80.1052704, 13.1088704], [80.1053043, 13.1088874], [80.1053463, 13.1089215], [80.105393, 13.1089704], [80.1054269, 13.1090296], [80.1054404, 13.1090928], [80.1054627, 13.109346], [80.1054742, 13.1093917], [80.1054919, 13.1094132], [80.1055206, 13.1094212], [80.105558, 13.1094235], [80.1065165, 13.1093571], [80.1065714, 13.1093594], [80.1066029, 13.1093662], [80.1066519, 13.109399], [80.1069303, 13.1096153], [80.1073753, 13.109961], [80.1077363, 13.1102414], [80.1077828, 13.1102659], [80.1078314, 13.1102788], [80.1078819, 13.110284], [80.1079057, 13.1102831], [80.1079252, 13.1102797], [80.1079349, 13.110271], [80.107942, 13.1102512], [80.1079836, 13.1099048], [80.1079872, 13.1098272], [80.1079889, 13.1097057]]}}, {"type": "Feature", "properties": {"osm_id": 1021532091, "highway": "path", "name": null, "source": "osm_overpass"}, "geometry": {"type": "LineString", "coordinates": [[80.1069303, 13.1096153], [80.10687, 13.1096846]]}}, {"type": "Feature", "properties": {"osm_id": 1021532092, "highway": "path", "name": null, "source": "osm_overpass"}, "geometry": {"type": "LineString", "coordinates": [[80.1073753, 13.109961], [80.1073121, 13.1100269]]}}, {"type": "Feature", "properties": {"osm_id": 1021532093, "highway": "path", "name": null, "source": "osm_overpass"}, "geometry": {"type": "LineString", "coordinates": [[80.1025777, 13.1091864], [80.1025236, 13.1091865]]}}, {"type": "Feature", "properties": {"osm_id": 1021532094, "highway": "path", "name": null, "source": "osm_overpass"}, "geometry": {"type": "LineString", "coordinates": [[80.1025236, 13.1091865], [80.1022758, 13.1091971], [80.1019816, 13.1092196], [80.1016827, 13.1092196], [80.1014516, 13.1091806], [80.1012945, 13.1091461], [80.1012205, 13.1091176], [80.1011666, 13.1090785], [80.1011374, 13.109035], [80.1011235, 13.1089735], [80.1011266, 13.1089225], [80.1011543, 13.1088685], [80.1012529, 13.1087485], [80.1014948, 13.1084541], [80.1016188, 13.1083076], [80.1018627, 13.1080502], [80.102007, 13.1078977], [80.1020294, 13.1078443], [80.1020335, 13.107779], [80.1020457, 13.1076819], [80.1020924, 13.1076265], [80.10219, 13.1075651], [80.1029369, 13.107087], [80.103058, 13.1069946], [80.1031589, 13.1069033], [80.1032863, 13.1067499], [80.1034721, 13.1065344], [80.1036543, 13.1063448], [80.1039078, 13.106079], [80.1040557, 13.1059334], [80.1041697, 13.1058359], [80.1042221, 13.1057908], [80.1042883, 13.1057339], [80.1043253, 13.1056949], [80.104353, 13.1056438], [80.1044023, 13.1055013], [80.1044411, 13.1053675], [80.1044451, 13.1052931], [80.1044397, 13.1052343], [80.1044277, 13.1051716], [80.1043432, 13.1049039], [80.1043056, 13.1047497], [80.1042078, 13.1043679], [80.1040831, 13.103861], [80.1040796, 13.1038224], [80.1040842, 13.1038008], [80.1040924, 13.1037792], [80.1041181, 13.1037667], [80.1041543, 13.1037633], [80.1043142, 13.1037598], [80.1043294, 13.1037519], [80.1043434, 13.103736], [80.1043528, 13.1037041], [80.1043819, 13.1035574], [80.1043971, 13.1035358], [80.1044321, 13.1035154], [80.1049485, 13.1032874], [80.1053816, 13.1030805], [80.1054614, 13.1030401], [80.1055521, 13.1029942], [80.105614, 13.1029529], [80.1056724, 13.1028943], [80.1057025, 13.1028495], [80.1057167, 13.1028012], [80.1057202, 13.1027443], [80.1057101, 13.1026568], [80.1056888, 13.1024737]]}}, {"type": "Feature", "properties": {"osm_id": 1021532096, "highway": "path", "name": null, "source": "osm_overpass"}, "geometry": {"type": "LineString", "coordinates": [[80.1054012, 13.1025142], [80.1054614, 13.1030401]]}}, {"type": "Feature", "properties": {"osm_id": 1021532097, "highway": "path", "name": null, "source": "osm_overpass"}, "geometry": {"type": "LineString", "coordinates": [[80.1057101, 13.1026568], [80.1059356, 13.1026462], [80.1061143, 13.1026462], [80.1062541, 13.1026565], [80.1063756, 13.1026693], [80.1065337, 13.1026858], [80.1067974, 13.1027083], [80.1069301, 13.1027319], [80.1070937, 13.1027735], [80.1071994, 13.1028141], [80.1073146, 13.1028774], [80.1073789, 13.1029414], [80.1074192, 13.1030159], [80.1074554, 13.1031191], [80.1074902, 13.1032784], [80.1075789, 13.1036174], [80.1076877, 13.1040137], [80.1076956, 13.1040529], [80.1076886, 13.1040939], [80.1076244, 13.1042474], [80.1076115, 13.104294], [80.1076092, 13.1043383], [80.1076232, 13.1044373], [80.1076591, 13.1046119], [80.107707, 13.104762], [80.1078003, 13.1049623], [80.107857, 13.1051054], [80.1078729, 13.1052122], [80.1078747, 13.1054708], [80.1078641, 13.1061351], [80.107871, 13.1063517], [80.1078965, 13.1066207], [80.1079593, 13.1070118], [80.1079685, 13.1071873], [80.1079596, 13.1075855], [80.1079331, 13.1080223], [80.1079353, 13.1082414], [80.1079588, 13.108499], [80.1080088, 13.1088951], [80.1080225, 13.1091061], [80.1080278, 13.1092853], [80.1080101, 13.1094714], [80.1079889, 13.1097057]]}}, {"type": "Feature", "properties": {"osm_id": 1021532098, "highway": "path", "name": null, "source": "osm_overpass"}, "geometry": {"type": "LineString", "coordinates": [[80.1057167, 13.1028012], [80.1057453, 13.1028209], [80.1057638, 13.1028494], [80.1057838, 13.103025], [80.1063985, 13.102953], [80.1063756, 13.1026693]]}}, {"type": "Feature", "properties": {"osm_id": 1031548925, "highway": "path", "name": null, "source": "osm_overpass"}, "geometry": {"type": "LineString", "coordinates": [[80.2299381, 13.018372], [80.2299012, 13.0182544], [80.2298931, 13.0181673], [80.2299101, 13.0180703], [80.2299262, 13.0180155], [80.2299543, 13.0179423], [80.2299627, 13.017881], [80.2299583, 13.0177486], [80.2299645, 13.0176893], [80.2299852, 13.0176316], [80.2300221, 13.0175783], [80.2301038, 13.017489], [80.2301406, 13.0174531], [80.2302384, 13.0173841], [80.2303609, 13.017294], [80.2304148, 13.0172542], [80.2304557, 13.017215], [80.230534, 13.0171388], [80.2305899, 13.0170932], [80.2306478, 13.0170586], [80.2309544, 13.0169022], [80.231217, 13.0167964], [80.2314717, 13.0166932], [80.2316489, 13.0166437], [80.2317937, 13.0166197], [80.2319005, 13.0166047], [80.2320615, 13.0165978], [80.2322473, 13.0165857], [80.2324155, 13.0165512], [80.2325499, 13.0165064], [80.2326413, 13.0164519], [80.2327262, 13.0163985], [80.2328341, 13.0163502], [80.2330093, 13.0162795], [80.233158, 13.0162226], [80.233332, 13.0161288], [80.2334489, 13.0160753], [80.2335282, 13.0160495], [80.2336593, 13.0160288], [80.2337446, 13.0160278], [80.2338653, 13.0160434], [80.23399, 13.0160787], [80.2340769, 13.0161103], [80.2343699, 13.0162446], [80.2345427, 13.0163219], [80.2346034, 13.0163504], [80.2346641, 13.016397], [80.2347166, 13.0164925], [80.234747, 13.0166143], [80.2347811, 13.016818], [80.234816, 13.016967], [80.2348641, 13.0171459], [80.2349103, 13.017305], [80.2349565, 13.01744], [80.2350382, 13.0176558], [80.2351335, 13.0178661], [80.2352015, 13.018037], [80.2353209, 13.018314], [80.2354186, 13.0185852], [80.2354624, 13.0187179], [80.2354812, 13.0188093], [80.2354852, 13.0189805], [80.2354892, 13.0192562], [80.2354957, 13.0194898], [80.2354921, 13.019576], [80.2354691, 13.0196226], [80.2354266, 13.0196984], [80.2354072, 13.0197502], [80.2354052, 13.0197942], [80.235411, 13.0198244], [80.2354349, 13.0198665], [80.2354853, 13.0199398], [80.2354985, 13.0199687], [80.2355281, 13.0200554]]}}, {"type": "Feature", "properties": {"osm_id": 1031604195, "highway": "footway", "name": null, "source": "osm_overpass"}, "geometry": {"type": "LineString", "coordinates": [[80.2501345, 12.9921837], [80.2505273, 12.9919473], [80.2506047, 12.9919007]]}}, {"type": "Feature", "properties": {"osm_id": 1031604196, "highway": "footway", "name": null, "source": "osm_overpass"}, "geometry": {"type": "LineString", "coordinates": [[80.2505273, 12.9919473], [80.2506101, 12.9915583], [80.250763, 12.991033], [80.2508381, 12.9907298], [80.2508896, 12.9905297], [80.2509433, 12.9903455]]}}, {"type": "Feature", "properties": {"osm_id": 1031604197, "highway": "footway", "name": null, "source": "osm_overpass"}, "geometry": {"type": "LineString", "coordinates": [[80.2506047, 12.9919007], [80.2507013, 12.9914956], [80.2508166, 12.991046], [80.2508461, 12.9908395], [80.2507287, 12.99067]]}}, {"type": "Feature", "properties": {"osm_id": 1031604198, "highway": "footway", "name": null, "source": "osm_overpass"}, "geometry": {"type": "LineString", "coordinates": [[80.2501219, 12.9922561], [80.2501345, 12.9921837]]}}, {"type": "Feature", "properties": {"osm_id": 1044725425, "highway": "path", "name": null, "source": "osm_overpass"}, "geometry": {"type": "LineString", "coordinates": [[80.1374393, 12.8975376], [80.1376178, 12.897557]]}}, {"type": "Feature", "properties": {"osm_id": 1051234328, "highway": "path", "name": null, "source": "osm_overpass"}, "geometry": {"type": "LineString", "coordinates": [[80.1721197, 13.238611], [80.1721849, 13.2386054], [80.172241, 13.2386214], [80.1722871, 13.2386375], [80.1723498, 13.238668], [80.1723944, 13.2386696], [80.1724439, 13.2386648], [80.1724868, 13.2386664], [80.172536, 13.2386816]]}}, {"type": "Feature", "properties": {"osm_id": 1051234333, "highway": "path", "name": null, "source": "osm_overpass"}, "geometry": {"type": "LineString", "coordinates": [[80.1729165, 13.2374348], [80.1728371, 13.2375088], [80.1728045, 13.2375639], [80.1728001, 13.2376359], [80.1728328, 13.2377715], [80.1728567, 13.2378944], [80.1728668, 13.238034], [80.1728676, 13.2380449], [80.1728599, 13.2381858], [80.1728238, 13.2382981]]}}, {"type": "Feature", "properties": {"osm_id": 1051234334, "highway": "path", "name": null, "source": "osm_overpass"}, "geometry": {"type": "LineString", "coordinates": [[80.1728668, 13.238034], [80.1729368, 13.2380254], [80.1729831, 13.2380303], [80.1730293, 13.2380485], [80.1730768, 13.2380449], [80.1731468, 13.2380363], [80.1731719, 13.2380363], [80.1732358, 13.2380453]]}}, {"type": "Feature", "properties": {"osm_id": 1051234335, "highway": "path", "name": null, "source": "osm_overpass"}, "geometry": {"type": "LineString", "coordinates": [[80.1731981, 13.2381556], [80.1730956, 13.2381653], [80.1730318, 13.2381799], [80.1729843, 13.2382079], [80.1729493, 13.2382457], [80.1729081, 13.2382993]]}}, {"type": "Feature", "properties": {"osm_id": 1051241339, "highway": "path", "name": null, "source": "osm_overpass"}, "geometry": {"type": "LineString", "coordinates": [[80.1682956, 13.2283732], [80.1683013, 13.2284169], [80.1683031, 13.2284284], [80.1683176, 13.2285169], [80.1683781, 13.2288668], [80.1683955, 13.2289679]]}}, {"type": "Feature", "properties": {"osm_id": 1051241340, "highway": "path", "name": null, "source": "osm_overpass"}, "geometry": {"type": "LineString", "coordinates": [[80.1689922, 13.2287791], [80.1689237, 13.2287841], [80.168842, 13.2287942]]}}, {"type": "Feature", "properties": {"osm_id": 1051241341, "highway": "path", "name": null, "source": "osm_overpass"}, "geometry": {"type": "LineString", "coordinates": [[80.168842, 13.2287942], [80.1688482, 13.2288285], [80.1688837, 13.2290256], [80.168885, 13.2290413], [80.1688803, 13.2290511], [80.1688703, 13.2290556], [80.1688401, 13.2290563], [80.1684834, 13.2290093], [80.1684592, 13.2289975], [80.1683955, 13.2289679]]}}, {"type": "Feature", "properties": {"osm_id": 1051241342, "highway": "path", "name": null, "source": "osm_overpass"}, "geometry": {"type": "LineString", "coordinates": [[80.1683955, 13.2289679], [80.1679684, 13.2289887], [80.1679491, 13.2289872], [80.1679376, 13.2289804], [80.1679322, 13.2289669], [80.1679291, 13.2289369], [80.1679013, 13.2285281], [80.1679039, 13.228515], [80.1679107, 13.2285085], [80.1679254, 13.2285046], [80.1679449, 13.2285033], [80.1680857, 13.228502], [80.1680964, 13.2284993], [80.1681038, 13.2284922], [80.1681071, 13.2284778], [80.1681125, 13.2284654], [80.1681225, 13.2284582], [80.1681366, 13.2284523], [80.1683031, 13.2284284], [80.1683971, 13.2284129], [80.1684094, 13.2284129], [80.1684179, 13.2284196], [80.1684294, 13.2284354], [80.1684464, 13.2284639], [80.1684587, 13.2284766], [80.1684756, 13.2284864], [80.1684941, 13.2284909], [80.1685219, 13.2284901], [80.1687389, 13.2284639], [80.1687531, 13.2284669], [80.1687674, 13.2284738], [80.1687785, 13.2284965], [80.1687887, 13.2285302], [80.1688355, 13.2287621], [80.168842, 13.2287942]]}}, {"type": "Feature", "properties": {"osm_id": 1051241343, "highway": "path", "name": null, "source": "osm_overpass"}, "geometry": {"type": "LineString", "coordinates": [[80.1685934, 13.2288881], [80.168576, 13.2289016], [80.1685548, 13.2289087], [80.1685325, 13.2289086], [80.1685128, 13.2289018], [80.1684963, 13.2288894], [80.1684846, 13.2288725], [80.1684801, 13.2288572], [80.1684789, 13.2288529], [80.1684798, 13.2288326], [80.1684872, 13.2288136], [80.1685004, 13.2287978], [80.1685179, 13.2287868], [80.1685382, 13.2287818], [80.1685604, 13.2287835], [80.1685809, 13.2287923], [80.168597, 13.2288073], [80.1686071, 13.2288268], [80.16861, 13.2288483], [80.1686052, 13.2288696], [80.1685934, 13.2288881]]}}, {"type": "Feature", "properties": {"osm_id": 1051241344, "highway": "path", "name": null, "source": "osm_overpass"}, "geometry": {"type": "LineString", "coordinates": [[80.1684801, 13.2288572], [80.1683781, 13.2288668]]}}, {"type": "Feature", "properties": {"osm_id": 1051241345, "highway": "path", "name": null, "source": "osm_overpass"}, "geometry": {"type": "LineString", "coordinates": [[80.1686052, 13.2288696], [80.1686233, 13.2288665], [80.1688482, 13.2288285]]}}, {"type": "Feature", "properties": {"osm_id": 1051241346, "highway": "path", "name": null, "source": "osm_overpass"}, "geometry": {"type": "LineString", "coordinates": [[80.168597, 13.2288073], [80.1686113, 13.2288046], [80.1688355, 13.2287621]]}}, {"type": "Feature", "properties": {"osm_id": 1051241347, "highway": "path", "name": null, "source": "osm_overpass"}, "geometry": {"type": "LineString", "coordinates": [[80.1686113, 13.2288046], [80.1686233, 13.2288665], [80.1686406, 13.2289632], [80.1687317, 13.2289526]]}}, {"type": "Feature", "properties": {"osm_id": 1051241348, "highway": "path", "name": null, "source": "osm_overpass"}, "geometry": {"type": "LineString", "coordinates": [[80.1687489, 13.2289684], [80.1687428, 13.2289668], [80.1687375, 13.2289634], [80.1687337, 13.2289585], [80.1687317, 13.2289526], [80.1687317, 13.2289464], [80.1687338, 13.2289406], [80.1687378, 13.2289357], [80.1687432, 13.2289324], [80.1687494, 13.228931], [80.1687557, 13.2289315], [80.1687615, 13.2289341], [80.1687661, 13.2289384], [80.1687691, 13.2289439], [80.16877, 13.22895], [80.1687689, 13.228956], [80.1687658, 13.2289614], [80.1687611, 13.2289655], [80.1687552, 13.2289679], [80.1687489, 13.2289684]]}}, {"type": "Feature", "properties": {"osm_id": 1051241349, "highway": "path", "name": null, "source": "osm_overpass"}, "geometry": {"type": "LineString", "coordinates": [[80.1687872, 13.2289631], [80.1687811, 13.2289616], [80.1687758, 13.2289582], [80.168772, 13.2289533], [80.16877, 13.22895], [80.16877, 13.2289412], [80.1687721, 13.2289354], [80.1687761, 13.2289305], [80.1687815, 13.2289272], [80.1687877, 13.2289257], [80.168794, 13.2289263], [80.1687998, 13.2289289], [80.1688044, 13.2289332], [80.1688074, 13.2289387], [80.1688083, 13.2289448], [80.1688072, 13.2289508], [80.1688041, 13.2289562], [80.1687994, 13.2289603], [80.1687935, 13.2289627], [80.1687872, 13.2289631]]}}, {"type": "Feature", "properties": {"osm_id": 1052435255, "highway": "footway", "name": null, "source": "osm_overpass"}, "geometry": {"type": "LineString", "coordinates": [[80.1377456, 12.9373595], [80.1377419, 12.937327], [80.1377409, 12.9373168], [80.1377361, 12.9372789], [80.13773, 12.9372471], [80.1377232, 12.9372031], [80.1377109, 12.937136], [80.1376999, 12.9370789], [80.1376935, 12.9370114], [80.1376605, 12.9369126], [80.1377081, 12.9368887], [80.1378222, 12.9368032], [80.138006, 12.9366741], [80.1380844, 12.9366013], [80.1381198, 12.9365595], [80.1381291, 12.9365296], [80.1381404, 12.9364931], [80.138131, 12.9364225], [80.1381243, 12.9362782], [80.138125, 12.9361447], [80.138134, 12.9360103], [80.1381477, 12.9359144], [80.1381722, 12.9358037], [80.1381878, 12.9357079], [80.138189, 12.9357003], [80.1381927, 12.9356548], [80.1381977, 12.9355944], [80.1381996, 12.9354644], [80.13819, 12.9353092], [80.1381898, 12.9351187], [80.1381727, 12.9348956], [80.138161, 12.9346585], [80.1381505, 12.9345089], [80.138155, 12.9344414], [80.1381742, 12.9343327], [80.1381976, 12.9342311], [80.1381958, 12.9341729], [80.1381785, 12.9341133], [80.138152, 12.9340235], [80.1381164, 12.9339326], [80.1380637, 12.9338298], [80.1379978, 12.9337349], [80.1379325, 12.9336425], [80.1378514, 12.9335406], [80.1377754, 12.9334676], [80.1377327, 12.9334214], [80.1376888, 12.9333954], [80.1376328, 12.9333356], [80.1375937, 12.9332572], [80.1375555, 12.9331526], [80.1375148, 12.9330243], [80.1374963, 12.9328606], [80.1374936, 12.9326032], [80.1374769, 12.9323216], [80.1374516, 12.9321645], [80.1374154, 12.9320838], [80.137406, 12.932034], [80.1373998, 12.9319917], [80.1373898, 12.9319604], [80.1373692, 12.9319169], [80.1373358, 12.931871], [80.1372459, 12.9318247], [80.1371204, 12.9317679], [80.1364986, 12.9315535], [80.136415, 12.9315099], [80.1363651, 12.9314599], [80.1363233, 12.9314109], [80.1362883, 12.9313625]]}}, {"type": "Feature", "properties": {"osm_id": 1052435256, "highway": "footway", "name": null, "source": "osm_overpass"}, "geometry": {"type": "LineString", "coordinates": [[80.137578, 12.931957], [80.1374702, 12.9319792]]}}, {"type": "Feature", "properties": {"osm_id": 1052435257, "highway": "footway", "name": null, "source": "osm_overpass"}, "geometry": {"type": "LineString", "coordinates": [[80.13797, 12.9332798], [80.1377327, 12.9334214]]}}, {"type": "Feature", "properties": {"osm_id": 1052624100, "highway": "path", "name": null, "source": "osm_overpass"}, "geometry": {"type": "LineString", "coordinates": [[80.0944201, 13.151023], [80.0944147, 13.1509126], [80.094286, 13.150782], [80.0941626, 13.1507611], [80.0937807, 13.1508371]]}}, {"type": "Feature", "properties": {"osm_id": 1052893217, "highway": "footway", "name": null, "source": "osm_overpass"}, "geometry": {"type": "LineString", "coordinates": [[80.1960494, 13.1468749], [80.1965702, 13.1467284]]}}, {"type": "Feature", "properties": {"osm_id": 1055004772, "highway": "footway", "name": null, "source": "osm_overpass"}, "geometry": {"type": "LineString", "coordinates": [[80.2411574, 12.9436947], [80.2414046, 12.9436551]]}}, {"type": "Feature", "properties": {"osm_id": 1059178849, "highway": "path", "name": null, "source": "osm_overpass"}, "geometry": {"type": "LineString", "coordinates": [[80.2588463, 13.0153167], [80.2587763, 13.0152646], [80.2586629, 13.0152286], [80.2584973, 13.0152162], [80.2582514, 13.0152323], [80.2580603, 13.0152733], [80.2578285, 13.0153316], [80.2576616, 13.01538], [80.2575635, 13.0154284], [80.2574791, 13.0154779], [80.2573568, 13.01553], [80.2572167, 13.0155735], [80.2570575, 13.015612], [80.2568868, 13.0156529], [80.2566395, 13.0156708], [80.25648, 13.0156723], [80.2564068, 13.0156609], [80.2562166, 13.0156067], [80.2560494, 13.0155525], [80.2559679, 13.0155302], [80.2558838, 13.0155277], [80.2557412, 13.0155439], [80.2555093, 13.015596], [80.2551885, 13.0156858], [80.2550878, 13.015728], [80.2549515, 13.0158087], [80.2544392, 13.0161383], [80.254328, 13.0161896], [80.2542051, 13.0162324], [80.254047, 13.0161915]]}}, {"type": "Feature", "properties": {"osm_id": 1059178851, "highway": "cycleway", "name": null, "source": "osm_overpass"}, "geometry": {"type": "LineString", "coordinates": [[80.254126, 13.0164295], [80.2541423, 13.0163915], [80.2541454, 13.0163723], [80.254047, 13.0161915]]}}, {"type": "Feature", "properties": {"osm_id": 1059178854, "highway": "path", "name": null, "source": "osm_overpass"}, "geometry": {"type": "LineString", "coordinates": [[80.2481892, 13.0170938], [80.2482989, 13.0171528], [80.2483189, 13.01741], [80.2483299, 13.0175613], [80.2483166, 13.0176866], [80.2482745, 13.0178076], [80.2482523, 13.0179048], [80.248259, 13.0179783], [80.2483011, 13.0180453], [80.248361, 13.0181101], [80.2483765, 13.0181836], [80.2483588, 13.0182809], [80.2483041, 13.01847], [80.2481665, 13.0187579], [80.2481591, 13.0187746], [80.2479106, 13.0193348], [80.2478352, 13.0195401], [80.2477412, 13.0198548], [80.2476469, 13.0202098], [80.2476113, 13.0204605], [80.2475629, 13.0208378], [80.2475515, 13.020932], [80.2475247, 13.0210129], [80.2474513, 13.021201], [80.2473374, 13.0214474], [80.2472242, 13.0216928], [80.2471865, 13.0218246], [80.2471621, 13.0219608], [80.2471266, 13.0220775], [80.2470689, 13.0221812], [80.2469136, 13.0223108], [80.2466562, 13.0225045], [80.2463604, 13.0227092], [80.2462965, 13.0227797], [80.2462377, 13.022873], [80.2461762, 13.0229609], [80.2460021, 13.0231135], [80.2457592, 13.0232831], [80.2455691, 13.0233911], [80.2454565, 13.023468], [80.2453002, 13.0236253], [80.2450901, 13.0238595], [80.2449604, 13.0240439], [80.2446478, 13.0243747], [80.2443342, 13.0247127], [80.2441604, 13.0248857], [80.2440252, 13.0249911], [80.2439074, 13.0250325], [80.243809, 13.0250607], [80.2436939, 13.0251027], [80.2435884, 13.0251535], [80.2432146, 13.0241012]]}}, {"type": "Feature", "properties": {"osm_id": 1059178855, "highway": "cycleway", "name": null, "source": "osm_overpass"}, "geometry": {"type": "LineString", "coordinates": [[80.2481591, 13.0187746], [80.2480017, 13.0187057]]}}, {"type": "Feature", "properties": {"osm_id": 1059178856, "highway": "cycleway", "name": null, "source": "osm_overpass"}, "geometry": {"type": "LineString", "coordinates": [[80.2474403, 13.0208278], [80.2475515, 13.020932]]}}, {"type": "Feature", "properties": {"osm_id": 1060955080, "highway": "path", "name": null, "source": "osm_overpass"}, "geometry": {"type": "LineString", "coordinates": [[79.9639832, 13.1317012], [79.9640131, 13.1317229], [79.9640256, 13.1317449], [79.9640286, 13.1317691], [79.9640241, 13.1318934], [79.9640174, 13.1320632], [79.9639716, 13.1325169], [79.9639522, 13.1326925], [79.9639477, 13.1327273]]}}, {"type": "Feature", "properties": {"osm_id": 1060970093, "highway": "footway", "name": null, "source": "osm_overpass"}, "geometry": {"type": "LineString", "coordinates": [[80.2766941, 13.2077153], [80.2765407, 13.2077398], [80.2763952, 13.2077631]]}}, {"type": "Feature", "properties": {"osm_id": 1060970095, "highway": "footway", "name": null, "source": "osm_overpass"}, "geometry": {"type": "LineString", "coordinates": [[80.2765407, 13.2077398], [80.2764966, 13.2074643]]}}, {"type": "Feature", "properties": {"osm_id": 1061239867, "highway": "footway", "name": null, "source": "osm_overpass"}, "geometry": {"type": "LineString", "coordinates": [[80.1631508, 12.9810325], [80.1627497, 12.9815405]]}}, {"type": "Feature", "properties": {"osm_id": 1061239871, "highway": "footway", "name": null, "source": "osm_overpass"}, "geometry": {"type": "LineString", "coordinates": [[80.1647888, 12.9821074], [80.1650769, 12.981766]]}}, {"type": "Feature", "properties": {"osm_id": 1063494579, "highway": "footway", "name": null, "source": "osm_overpass"}, "geometry": {"type": "LineString", "coordinates": [[79.9719443, 12.9862794], [79.972068, 12.9862371], [79.9723014, 12.9862685], [79.9727816, 12.9866501], [79.9729559, 12.9866922], [79.9730975, 12.986798], [79.9733288, 12.9869783], [79.973404, 12.987037], [79.9735133, 12.987126], [79.9746141, 12.9880225], [79.9747182, 12.9881036], [79.9748153, 12.988126], [79.9747862, 12.9883111], [79.9743638, 12.9887593], [79.9743014, 12.9888276], [79.9742481, 12.9889553]]}}, {"type": "Feature", "properties": {"osm_id": 1063797393, "highway": "path", "name": null, "source": "osm_overpass"}, "geometry": {"type": "LineString", "coordinates": [[80.0487978, 12.8516337], [80.0487159, 12.8516339], [80.0486053, 12.8516121], [80.0483371, 12.8515179], [80.0480094, 12.8515261]]}}, {"type": "Feature", "properties": {"osm_id": 1065760295, "highway": "path", "name": null, "source": "osm_overpass"}, "geometry": {"type": "LineString", "coordinates": [[80.1896308, 13.0818508], [80.1899261, 13.0817424]]}}, {"type": "Feature", "properties": {"osm_id": 1065781835, "highway": "cycleway", "name": null, "source": "osm_overpass"}, "geometry": {"type": "LineString", "coordinates": [[80.1798397, 13.0064056], [80.1793501, 13.0054943], [80.1790081, 13.0048789], [80.1786445, 13.0042124], [80.1784011, 13.0038071], [80.1782089, 13.0035518], [80.1780483, 13.0033418], [80.1779142, 13.0031695], [80.1777479, 13.0029273], [80.1775657, 13.0027317], [80.1773906, 13.0025701], [80.1771705, 13.0024001], [80.1769881, 13.0023034], [80.1767655, 13.0022224], [80.1762572, 13.0021145], [80.1758742, 13.0020645], [80.1755629, 13.0020403], [80.1748723, 13.0020158], [80.1748196, 13.0020155], [80.1745755, 13.0020139], [80.1741673, 13.0020361], [80.1733454, 13.0021129], [80.1727284, 13.0021711], [80.1721703, 13.0022439], [80.1717477, 13.002319], [80.1713029, 13.0024123], [80.1709069, 13.0024994], [80.1707159, 13.0025579], [80.1705742, 13.0026225], [80.1704186, 13.002714], [80.1703154, 13.0027906], [80.1702199, 13.0028866], [80.1701144, 13.003037], [80.1700578, 13.0031715], [80.1700277, 13.0033371], [80.1699949, 13.0035546], [80.1699481, 13.0037428], [80.1698546, 13.0040419], [80.1697746, 13.0042629], [80.1696991, 13.004434], [80.1696052, 13.0045931], [80.169465, 13.0047807], [80.1693403, 13.0049611], [80.1692324, 13.0051318], [80.1691121, 13.0052939], [80.168929, 13.0054995], [80.1687484, 13.0056898], [80.1685966, 13.0058218], [80.168502, 13.0058923], [80.1683984, 13.0059459], [80.1681179, 13.0060766], [80.1679552, 13.0061143], [80.1676356, 13.0061652], [80.1674357, 13.0062134], [80.1672605, 13.0062583], [80.1670957, 13.0063104], [80.1669807, 13.0063587], [80.166878, 13.0064087], [80.1667648, 13.0064604], [80.1666586, 13.0064897], [80.1665414, 13.0065052], [80.1664031, 13.0064933], [80.1662039, 13.0064557], [80.1660413, 13.0064339], [80.165901, 13.0064399], [80.1658157, 13.0064517], [80.165775, 13.0064755], [80.1657425, 13.0065013], [80.1656818, 13.0065898]]}}, {"type": "Feature", "properties": {"osm_id": 1065782700, "highway": "cycleway", "name": null, "source": "osm_overpass"}, "geometry": {"type": "LineString", "coordinates": [[80.1798397, 13.0064056], [80.1801591, 13.0070614], [80.1802262, 13.0072261], [80.1804043, 13.0077744], [80.1806773, 13.0085875], [80.180927, 13.009412], [80.181128, 13.0099652], [80.1813546, 13.0106623], [80.1814554, 13.0109912], [80.1814997, 13.0111671], [80.1815584, 13.0114289], [80.1816321, 13.0118352], [80.1817283, 13.0123043], [80.1817428, 13.0125508], [80.1817408, 13.0128023], [80.1817197, 13.0133884], [80.1816572, 13.0142218], [80.1816472, 13.0143117], [80.1816302, 13.0143582], [80.1816086, 13.0143882], [80.1815785, 13.0144078]]}}, {"type": "Feature", "properties": {"osm_id": 1065854074, "highway": "footway", "name": null, "source": "osm_overpass"}, "geometry": {"type": "LineString", "coordinates": [[80.2001899, 12.7507132], [80.1998419, 12.7507017]]}}, {"type": "Feature", "properties": {"osm_id": 1065854075, "highway": "footway", "name": null, "source": "osm_overpass"}, "geometry": {"type": "LineString", "coordinates": [[80.2001899, 12.7507132], [80.2003938, 12.7507073]]}}, {"type": "Feature", "properties": {"osm_id": 1066019835, "highway": "footway", "name": null, "source": "osm_overpass"}, "geometry": {"type": "LineString", "coordinates": [[80.2745465, 13.081972], [80.2745176, 13.0819667]]}}, {"type": "Feature", "properties": {"osm_id": 1066019836, "highway": "footway", "name": null, "source": "osm_overpass"}, "geometry": {"type": "LineString", "coordinates": [[80.2745176, 13.0819667], [80.2745198, 13.0819553]]}}, {"type": "Feature", "properties": {"osm_id": 1066030661, "highway": "path", "name": null, "source": "osm_overpass"}, "geometry": {"type": "LineString", "coordinates": [[80.1682067, 12.9059736], [80.1682633, 12.9059184], [80.1683111, 12.9058528], [80.1683713, 12.9057856], [80.1684155, 12.9057511], [80.1684774, 12.9057425], [80.1685535, 12.9057494], [80.1686756, 12.9057959], [80.1688048, 12.9058597], [80.1688933, 12.9059322], [80.1689906, 12.9060443], [80.1690932, 12.9061944], [80.1693066, 12.9065016], [80.1695756, 12.9068897], [80.1698209, 12.9072594], [80.1700314, 12.907575], [80.1702541, 12.9079264], [80.1704177, 12.9081656], [80.1704764, 12.9082463], [80.1705102, 12.9082747], [80.1705558, 12.9082929], [80.1705966, 12.9082975], [80.1706538, 12.9082986], [80.170718, 12.9082963], [80.1708219, 12.9082963], [80.1708686, 12.90831], [80.1709679, 12.9083487], [80.1710519, 12.9083817], [80.1710905, 12.9084067], [80.1711103, 12.9084363], [80.1711467, 12.9085809], [80.1711681, 12.9087216], [80.1712231, 12.909086], [80.1712508, 12.9091956], [80.1712893, 12.9092887], [80.1713402, 12.9093728], [80.171411, 12.9094509], [80.1715568, 12.9096004], [80.1716913, 12.9097677], [80.1718694, 12.9099986], [80.1720252, 12.910209], [80.1721066, 12.9103091], [80.172188, 12.910385], [80.1722517, 12.9104471], [80.1723101, 12.9105281], [80.1725066, 12.9108158], [80.1727088, 12.9110556], [80.1728116, 12.9112081], [80.1728699, 12.9113128], [80.1729143, 12.9114289], [80.172947, 12.9115945], [80.1729655, 12.9116801], [80.172987, 12.9117386], [80.1730055, 12.9117762], [80.1730242, 12.911792], [80.1730409, 12.9118062], [80.173101, 12.9118167]]}}, {"type": "Feature", "properties": {"osm_id": 1066030662, "highway": "path", "name": null, "source": "osm_overpass"}, "geometry": {"type": "LineString", "coordinates": [[80.1730369, 12.9118531], [80.1731124, 12.9122202]]}}, {"type": "Feature", "properties": {"osm_id": 1066030663, "highway": "path", "name": null, "source": "osm_overpass"}, "geometry": {"type": "LineString", "coordinates": [[80.1730369, 12.9118531], [80.1730242, 12.911792]]}}, {"type": "Feature", "properties": {"osm_id": 1066030664, "highway": "path", "name": null, "source": "osm_overpass"}, "geometry": {"type": "LineString", "coordinates": [[80.1731124, 12.9122202], [80.1731593, 12.9124519]]}}, {"type": "Feature", "properties": {"osm_id": 1066031978, "highway": "path", "name": null, "source": "osm_overpass"}, "geometry": {"type": "LineString", "coordinates": [[80.1960259, 12.9009431], [80.1960728, 12.9009429]]}}, {"type": "Feature", "properties": {"osm_id": 1066031979, "highway": "path", "name": null, "source": "osm_overpass"}, "geometry": {"type": "LineString", "coordinates": [[80.1938617, 12.9000009], [80.1938972, 12.8998543]]}}, {"type": "Feature", "properties": {"osm_id": 1066925636, "highway": "footway", "name": null, "source": "osm_overpass"}, "geometry": {"type": "LineString", "coordinates": [[80.2080532, 12.8756949], [80.2078469, 12.8758057]]}}, {"type": "Feature", "properties": {"osm_id": 1066925637, "highway": "footway", "name": null, "source": "osm_overpass"}, "geometry": {"type": "LineString", "coordinates": [[80.2078469, 12.8758057], [80.2078093, 12.8758266]]}}, {"type": "Feature", "properties": {"osm_id": 1066925638, "highway": "path", "name": null, "source": "osm_overpass"}, "geometry": {"type": "LineString", "coordinates": [[80.2079375, 12.8753811], [80.2079629, 12.8754619], [80.2079842, 12.8755169], [80.2080014, 12.8755513], [80.2080254, 12.8755805], [80.2080855, 12.875643], [80.208107, 12.8756683], [80.2081653, 12.8757367], [80.208309, 12.8759679], [80.2084579, 12.8762637], [80.2085814, 12.8765088], [80.2086993, 12.8767169], [80.2088375, 12.8769448], [80.2088921, 12.8770405], [80.2089213, 12.8771051], [80.2089552, 12.8772162], [80.2089799, 12.8772943], [80.2090107, 12.8773559], [80.2091298, 12.8775392], [80.2093076, 12.8778401], [80.2093432, 12.8778995], [80.2095081, 12.878175], [80.2095547, 12.8782529], [80.2096291, 12.8783647], [80.2096689, 12.8784151], [80.2096946, 12.8784475], [80.2097459, 12.8785062], [80.2098185, 12.8786287], [80.2099176, 12.8788115], [80.2100142, 12.878979], [80.2101142, 12.8791522], [80.2102458, 12.8793676], [80.2102975, 12.8794794]]}}, {"type": "Feature", "properties": {"osm_id": 1066925639, "highway": "footway", "name": null, "source": "osm_overpass"}, "geometry": {"type": "LineString", "coordinates": [[80.2080532, 12.8756949], [80.208107, 12.8756683]]}}, {"type": "Feature", "properties": {"osm_id": 1067160213, "highway": "footway", "name": null, "source": "osm_overpass"}, "geometry": {"type": "LineString", "coordinates": [[80.219941, 12.8734054], [80.2201694, 12.8733497]]}}, {"type": "Feature", "properties": {"osm_id": 1067160214, "highway": "footway", "name": null, "source": "osm_overpass"}, "geometry": {"type": "LineString", "coordinates": [[80.2201694, 12.8733497], [80.2201868, 12.8734254], [80.2202346, 12.8736321]]}}, {"type": "Feature", "properties": {"osm_id": 1067160215, "highway": "footway", "name": null, "source": "osm_overpass"}, "geometry": {"type": "LineString", "coordinates": [[80.2201694, 12.8733497], [80.2201486, 12.8732625], [80.2200996, 12.8730544]]}}, {"type": "Feature", "properties": {"osm_id": 1067160216, "highway": "footway", "name": null, "source": "osm_overpass"}, "geometry": {"type": "LineString", "coordinates": [[80.220292, 12.8730143], [80.2203367, 12.8732207], [80.2203555, 12.8733091], [80.2203723, 12.8733851], [80.2204168, 12.8735907]]}}, {"type": "Feature", "properties": {"osm_id": 1067160217, "highway": "footway", "name": null, "source": "osm_overpass"}, "geometry": {"type": "LineString", "coordinates": [[80.2201868, 12.8734254], [80.2203723, 12.8733851]]}}, {"type": "Feature", "properties": {"osm_id": 1067160218, "highway": "footway", "name": null, "source": "osm_overpass"}, "geometry": {"type": "LineString", "coordinates": [[80.2201486, 12.8732625], [80.2203367, 12.8732207]]}}, {"type": "Feature", "properties": {"osm_id": 1067160219, "highway": "footway", "name": null, "source": "osm_overpass"}, "geometry": {"type": "LineString", "coordinates": [[80.2203555, 12.8733091], [80.2206061, 12.8732545]]}}, {"type": "Feature", "properties": {"osm_id": 1067182683, "highway": "path", "name": null, "source": "osm_overpass"}, "geometry": {"type": "LineString", "coordinates": [[80.2100612, 12.8788817], [80.2100142, 12.878979]]}}, {"type": "Feature", "properties": {"osm_id": 1067182684, "highway": "path", "name": null, "source": "osm_overpass"}, "geometry": {"type": "LineString", "coordinates": [[80.2102975, 12.8794794], [80.2101704, 12.8795144], [80.210132, 12.8795249], [80.2099166, 12.8795714]]}}, {"type": "Feature", "properties": {"osm_id": 1067182691, "highway": "path", "name": null, "source": "osm_overpass"}, "geometry": {"type": "LineString", "coordinates": [[80.2111955, 12.8790642], [80.2110368, 12.8783131], [80.2109633, 12.8779509], [80.2108841, 12.877558]]}}, {"type": "Feature", "properties": {"osm_id": 1067904804, "highway": "footway", "name": null, "source": "osm_overpass"}, "geometry": {"type": "LineString", "coordinates": [[80.2202028, 12.8636321], [80.2201837, 12.8636359], [80.2197364, 12.8637269], [80.2196086, 12.8637528], [80.2192868, 12.8638183], [80.2192699, 12.8638217]]}}, {"type": "Feature", "properties": {"osm_id": 1067904805, "highway": "footway", "name": null, "source": "osm_overpass"}, "geometry": {"type": "LineString", "coordinates": [[80.2196325, 12.8632542], [80.2197096, 12.8636047], [80.2197364, 12.8637269], [80.219817, 12.8641038], [80.2198206, 12.8641207]]}}, {"type": "Feature", "properties": {"osm_id": 1067904806, "highway": "footway", "name": null, "source": "osm_overpass"}, "geometry": {"type": "LineString", "coordinates": [[80.2197096, 12.8636047], [80.2196752, 12.8636162], [80.2196505, 12.8636335], [80.219629, 12.8636582], [80.2196151, 12.8636853], [80.2196082, 12.8637101], [80.2196074, 12.8637288], [80.2196086, 12.8637528]]}}, {"type": "Feature", "properties": {"osm_id": 1067904807, "highway": "footway", "name": null, "source": "osm_overpass"}, "geometry": {"type": "LineString", "coordinates": [[80.2193744, 12.8642145], [80.2193707, 12.8641976], [80.2192868, 12.8638183], [80.2191844, 12.8633492]]}}, {"type": "Feature", "properties": {"osm_id": 1067904808, "highway": "footway", "name": null, "source": "osm_overpass"}, "geometry": {"type": "LineString", "coordinates": [[80.2200816, 12.8631589], [80.2201837, 12.8636359], [80.2202609, 12.8640076], [80.220265, 12.8640274]]}}, {"type": "Feature", "properties": {"osm_id": 1067904809, "highway": "footway", "name": null, "source": "osm_overpass"}, "geometry": {"type": "LineString", "coordinates": [[80.2202819, 12.8640036], [80.2202609, 12.8640076], [80.219817, 12.8641038], [80.2193707, 12.8641976], [80.2193492, 12.8642026]]}}, {"type": "Feature", "properties": {"osm_id": 1074220488, "highway": "path", "name": null, "source": "osm_overpass"}, "geometry": {"type": "LineString", "coordinates": [[80.2689342, 13.015348], [80.2690298, 13.0153094], [80.2691519, 13.0152707], [80.2692548, 13.0152391], [80.2693975, 13.0152005], [80.2695298, 13.0151517], [80.269649, 13.0151331], [80.2698191, 13.0151356], [80.2701338, 13.0151669], [80.270472, 13.0151971], [80.27071, 13.0152197], [80.2708771, 13.0152468], [80.2709561, 13.0152706], [80.2720309, 13.0157041], [80.2724581, 13.0158672], [80.2726296, 13.0159323], [80.2732791, 13.0161616], [80.2735168, 13.0162409], [80.2736554, 13.0162787], [80.273739, 13.0163092], [80.2737529, 13.0163154], [80.2737703, 13.0163257], [80.2737873, 13.0163384], [80.2738104, 13.0163512], [80.2738407, 13.0163692], [80.2738652, 13.0163835], [80.2739471, 13.0164312], [80.274035, 13.0165037], [80.2741541, 13.0166255], [80.2742915, 13.0167668], [80.2744069, 13.0168805], [80.2744779, 13.0169571], [80.2745361, 13.0170336], [80.2746599, 13.0172295], [80.2747409, 13.0173556], [80.2747823, 13.0174272], [80.2748026, 13.0174914], [80.2748237, 13.0175844], [80.2748393, 13.0176829], [80.2748638, 13.0178928], [80.2748819, 13.0180323], [80.2748893, 13.0180891], [80.2749074, 13.0181597], [80.2749268, 13.0182211], [80.2749608, 13.0182984], [80.2749644, 13.0183065], [80.2750168, 13.0183856], [80.2750542, 13.0184319], [80.2751539, 13.0185282], [80.2752181, 13.0185932], [80.2752485, 13.0186319], [80.2752764, 13.0186838], [80.2752959, 13.0187348], [80.2753412, 13.0188602], [80.2754806, 13.0192509], [80.2755437, 13.0194417], [80.2755812, 13.0195685], [80.2756175, 13.0197438], [80.2756378, 13.0198771], [80.2756522, 13.0199644], [80.2756834, 13.0201205], [80.2756902, 13.0201748], [80.2756843, 13.0202242], [80.2756682, 13.0202727], [80.275637, 13.0203188], [80.2755437, 13.0204021], [80.2754192, 13.0204788], [80.2753096, 13.0205514], [80.2752244, 13.020622], [80.275216, 13.0206302]]}}, {"type": "Feature", "properties": {"osm_id": 1074220490, "highway": "path", "name": null, "source": "osm_overpass"}, "geometry": {"type": "LineString", "coordinates": [[80.2751364, 13.0205896], [80.275216, 13.0206302]]}}, {"type": "Feature", "properties": {"osm_id": 1074547147, "highway": "path", "name": null, "source": "osm_overpass"}, "geometry": {"type": "LineString", "coordinates": [[80.2712282, 13.1136895], [80.2711961, 13.1137076], [80.2711623, 13.1137298]]}}, {"type": "Feature", "properties": {"osm_id": 1074547148, "highway": "path", "name": null, "source": "osm_overpass"}, "geometry": {"type": "LineString", "coordinates": [[80.2709461, 13.1135537], [80.2709714, 13.113557], [80.2709942, 13.1135677], [80.2710213, 13.1135997], [80.27105, 13.1136516], [80.2710559, 13.1136927], [80.2710652, 13.1137462], [80.2710804, 13.1137849], [80.2710931, 13.1137988], [80.2711142, 13.1138219], [80.2711463, 13.1138721], [80.2711531, 13.1139108], [80.2711733, 13.1140267], [80.2711868, 13.114128], [80.2711868, 13.1142037], [80.2711751, 13.1142721], [80.271174, 13.1143156], [80.2711799, 13.1143672], [80.2711958, 13.1143983], [80.2712395, 13.1144335], [80.2712682, 13.1144667], [80.271297, 13.1145081], [80.2713108, 13.1145527], [80.271306, 13.114623], [80.2713009, 13.1146674], [80.2713077, 13.114702], [80.2713253, 13.1147568]]}}, {"type": "Feature", "properties": {"osm_id": 1074547149, "highway": "path", "name": null, "source": "osm_overpass"}, "geometry": {"type": "LineString", "coordinates": [[80.2711623, 13.1137298], [80.2711357, 13.1137496], [80.2711267, 13.1137563], [80.2711022, 13.1137826], [80.2710931, 13.1137988], [80.2710752, 13.1138509], [80.2710727, 13.1139184], [80.2710803, 13.1139653], [80.2711048, 13.1140138], [80.2711335, 13.1140541], [80.2711868, 13.114128], [80.2712991, 13.1142569], [80.2713342, 13.1143129], [80.2713709, 13.114409], [80.2713837, 13.1144919], [80.2713773, 13.1145624], [80.271355, 13.1146674], [80.2713253, 13.1147568]]}}, {"type": "Feature", "properties": {"osm_id": 1074547150, "highway": "path", "name": null, "source": "osm_overpass"}, "geometry": {"type": "LineString", "coordinates": [[80.27105, 13.1136516], [80.2710775, 13.1136833], [80.2711096, 13.1137105], [80.2711248, 13.1137286], [80.2711357, 13.1137496], [80.2711417, 13.1137862], [80.2711426, 13.1138175], [80.2711463, 13.1138721]]}}, {"type": "Feature", "properties": {"osm_id": 1074547151, "highway": "path", "name": null, "source": "osm_overpass"}, "geometry": {"type": "LineString", "coordinates": [[80.2712282, 13.1136895], [80.271278, 13.1136803], [80.2713338, 13.1136836], [80.2714149, 13.11371], [80.2714943, 13.1137758], [80.2715551, 13.1138383], [80.2716193, 13.1138646], [80.2717106, 13.1138795], [80.2718255, 13.1138811], [80.2719167, 13.1139157], [80.2719708, 13.1139831], [80.2719927, 13.114072], [80.271986, 13.1141428], [80.2719471, 13.1142053], [80.271937, 13.1142645], [80.2719353, 13.1143715], [80.2719623, 13.1144505], [80.2720222, 13.1145143], [80.272035, 13.1145278], [80.2720722, 13.114601], [80.2720772, 13.1146484], [80.2720764, 13.1146998], [80.2720758, 13.1147839]]}}, {"type": "Feature", "properties": {"osm_id": 1074547152, "highway": "path", "name": null, "source": "osm_overpass"}, "geometry": {"type": "LineString", "coordinates": [[80.271986, 13.1141428], [80.2720319, 13.1142033], [80.2720708, 13.114266], [80.2720775, 13.1143221], [80.2720627, 13.1143953], [80.272044, 13.1144723], [80.2720222, 13.1145143]]}}, {"type": "Feature", "properties": {"osm_id": 1074547153, "highway": "path", "name": null, "source": "osm_overpass"}, "geometry": {"type": "LineString", "coordinates": [[80.272024, 13.1148422], [80.2720186, 13.1148308], [80.272017, 13.1148183], [80.2720196, 13.1148059], [80.272026, 13.1147949], [80.2720355, 13.1147864], [80.2720484, 13.114781], [80.2720623, 13.1147801], [80.2720758, 13.1147839], [80.2720872, 13.1147918], [80.2720951, 13.114803], [80.2720988, 13.1148161], [80.2720977, 13.1148297], [80.272092, 13.1148422], [80.2720823, 13.114852], [80.2720698, 13.1148581], [80.272057, 13.1148598], [80.2720442, 13.1148575], [80.2720329, 13.1148514], [80.272024, 13.1148422]]}}, {"type": "Feature", "properties": {"osm_id": 1074547154, "highway": "path", "name": null, "source": "osm_overpass"}, "geometry": {"type": "LineString", "coordinates": [[80.2719014, 13.1151558], [80.271896, 13.1151444], [80.2718944, 13.1151318], [80.271897, 13.1151195], [80.2719034, 13.1151085], [80.2719129, 13.1151], [80.2719258, 13.1150946], [80.2719397, 13.1150937], [80.2719532, 13.1150975], [80.2719646, 13.1151054], [80.2719726, 13.1151166], [80.2719762, 13.1151297], [80.2719751, 13.1151433], [80.2719694, 13.1151557], [80.2719597, 13.1151656], [80.2719472, 13.1151717], [80.2719344, 13.1151733], [80.2719216, 13.115171], [80.2719103, 13.115165], [80.2719014, 13.1151558]]}}, {"type": "Feature", "properties": {"osm_id": 1074547155, "highway": "path", "name": null, "source": "osm_overpass"}, "geometry": {"type": "LineString", "coordinates": [[80.272163, 13.1153922], [80.2721575, 13.1153808], [80.272156, 13.1153683], [80.2721585, 13.1153559], [80.2721649, 13.1153449], [80.2721745, 13.1153364], [80.2721873, 13.115331], [80.2722013, 13.1153301], [80.2722147, 13.1153339], [80.2722261, 13.1153418], [80.2722341, 13.115353], [80.2722377, 13.1153661], [80.2722366, 13.1153797], [80.2722309, 13.1153922], [80.2722212, 13.115402], [80.2722087, 13.1154081], [80.2721959, 13.1154098], [80.2721832, 13.1154075], [80.2721718, 13.1154014], [80.272163, 13.1153922]]}}, {"type": "Feature", "properties": {"osm_id": 1074547156, "highway": "path", "name": null, "source": "osm_overpass"}, "geometry": {"type": "LineString", "coordinates": [[80.2714763, 13.1153896], [80.2714708, 13.1153782], [80.2714693, 13.1153656], [80.2714719, 13.1153533], [80.2714782, 13.1153423], [80.2714878, 13.1153338], [80.2715007, 13.1153284], [80.2715146, 13.1153275], [80.2715281, 13.1153313], [80.2715394, 13.1153392], [80.2715474, 13.1153504], [80.2715511, 13.1153635], [80.27155, 13.1153771], [80.2715443, 13.1153895], [80.2715346, 13.1153994], [80.2715221, 13.1154055], [80.2715092, 13.1154071], [80.2714965, 13.1154048], [80.2714852, 13.1153988], [80.2714763, 13.1153896]]}}, {"type": "Feature", "properties": {"osm_id": 1074547157, "highway": "path", "name": null, "source": "osm_overpass"}, "geometry": {"type": "LineString", "coordinates": [[80.2715528, 13.1156247], [80.2715473, 13.1156133], [80.2715458, 13.1156007], [80.2715483, 13.1155884], [80.2715547, 13.1155774], [80.2715643, 13.1155689], [80.2715771, 13.1155635], [80.2715911, 13.1155626], [80.2716045, 13.1155664], [80.2716159, 13.1155743], [80.2716239, 13.1155855], [80.2716275, 13.1155986], [80.2716264, 13.1156122], [80.2716207, 13.1156246], [80.271611, 13.1156345], [80.2715985, 13.1156406], [80.2715857, 13.1156422], [80.271573, 13.1156399], [80.2715616, 13.1156339], [80.2715528, 13.1156247]]}}, {"type": "Feature", "properties": {"osm_id": 1074547158, "highway": "path", "name": null, "source": "osm_overpass"}, "geometry": {"type": "LineString", "coordinates": [[80.2718116, 13.1155098], [80.2718061, 13.1154983], [80.2718046, 13.1154858], [80.2718071, 13.1154734], [80.2718135, 13.1154625], [80.2718231, 13.115454], [80.2718359, 13.1154486], [80.2718499, 13.1154477], [80.2718633, 13.1154514], [80.2718747, 13.1154593], [80.2718827, 13.1154705], [80.2718864, 13.1154837], [80.2718853, 13.1154973], [80.2718795, 13.1155097], [80.2718699, 13.1155195], [80.2718574, 13.1155256], [80.2718445, 13.1155273], [80.2718318, 13.115525], [80.2718204, 13.115519], [80.2718116, 13.1155098]]}}, {"type": "Feature", "properties": {"osm_id": 1074547159, "highway": "path", "name": null, "source": "osm_overpass"}, "geometry": {"type": "LineString", "coordinates": [[80.2720977, 13.1148297], [80.2721565, 13.1149061], [80.2721942, 13.1149805], [80.2722331, 13.1150574], [80.2722501, 13.1151414], [80.2722629, 13.115244], [80.2722555, 13.1152948], [80.2722341, 13.115353]]}}, {"type": "Feature", "properties": {"osm_id": 1074547160, "highway": "path", "name": null, "source": "osm_overpass"}, "geometry": {"type": "LineString", "coordinates": [[80.2720186, 13.1148308], [80.2718765, 13.1148365], [80.2717826, 13.1148535], [80.2717142, 13.1148731], [80.271674, 13.1149031], [80.2716392, 13.114922], [80.2716042, 13.114941], [80.2715197, 13.1149528], [80.2714513, 13.1149332], [80.2713856, 13.1148835], [80.27134, 13.1148182], [80.2713253, 13.1147568]]}}, {"type": "Feature", "properties": {"osm_id": 1074547161, "highway": "path", "name": null, "source": "osm_overpass"}, "geometry": {"type": "LineString", "coordinates": [[80.2716392, 13.114922], [80.271678, 13.1149861]]}}, {"type": "Feature", "properties": {"osm_id": 1074547162, "highway": "path", "name": null, "source": "osm_overpass"}, "geometry": {"type": "LineString", "coordinates": [[80.2719258, 13.1150946], [80.2718516, 13.1150258], [80.2717886, 13.1149958], [80.2717229, 13.1149814], [80.271678, 13.1149861], [80.2716048, 13.1150076], [80.2715445, 13.1150389], [80.2714976, 13.1150964], [80.2714721, 13.1151565], [80.2714801, 13.1152009], [80.2715043, 13.1152505], [80.2715136, 13.1152923], [80.2715281, 13.1153313]]}}, {"type": "Feature", "properties": {"osm_id": 1074547163, "highway": "path", "name": null, "source": "osm_overpass"}, "geometry": {"type": "LineString", "coordinates": [[80.2714721, 13.1151565], [80.2714278, 13.1151578], [80.2713956, 13.1151434], [80.2713876, 13.1151134], [80.2713997, 13.1150781], [80.2714211, 13.115052], [80.2714372, 13.1150141], [80.2714513, 13.1149332]]}}, {"type": "Feature", "properties": {"osm_id": 1074547164, "highway": "path", "name": null, "source": "osm_overpass"}, "geometry": {"type": "LineString", "coordinates": [[80.2713701, 13.1151633], [80.2713822, 13.11516], [80.2713916, 13.1151528], [80.2713956, 13.1151434]]}}, {"type": "Feature", "properties": {"osm_id": 1074547165, "highway": "path", "name": null, "source": "osm_overpass"}, "geometry": {"type": "LineString", "coordinates": [[80.2719103, 13.115165], [80.2718225, 13.115245], [80.2717465, 13.1152895], [80.27164, 13.1153257], [80.2715474, 13.1153504]]}}, {"type": "Feature", "properties": {"osm_id": 1074547166, "highway": "path", "name": null, "source": "osm_overpass"}, "geometry": {"type": "LineString", "coordinates": [[80.2717465, 13.1152895], [80.2716702, 13.1152893], [80.2716074, 13.1152825], [80.2715627, 13.1152742], [80.2715212, 13.1152577], [80.2715043, 13.1152505]]}}, {"type": "Feature", "properties": {"osm_id": 1074547167, "highway": "path", "name": null, "source": "osm_overpass"}, "geometry": {"type": "LineString", "coordinates": [[80.2720698, 13.1148581], [80.2721133, 13.1149034], [80.2721378, 13.1149646], [80.2721441, 13.1150133], [80.2721474, 13.1150392], [80.2721431, 13.1151022], [80.272141, 13.1151325], [80.2721314, 13.1152206], [80.2721325, 13.1152766], [80.27214, 13.1153077], [80.2721453, 13.1153264], [80.2721649, 13.1153449]]}}, {"type": "Feature", "properties": {"osm_id": 1074547168, "highway": "path", "name": null, "source": "osm_overpass"}, "geometry": {"type": "LineString", "coordinates": [[80.2721942, 13.1149805], [80.2721441, 13.1150133], [80.2721092, 13.1150577], [80.2720656, 13.1150898], [80.2720177, 13.1151085], [80.2719726, 13.1151166]]}}, {"type": "Feature", "properties": {"osm_id": 1074547169, "highway": "path", "name": null, "source": "osm_overpass"}, "geometry": {"type": "LineString", "coordinates": [[80.2720656, 13.1150898], [80.2720993, 13.1150905], [80.2721238, 13.1150963], [80.2721431, 13.1151022]]}}, {"type": "Feature", "properties": {"osm_id": 1074547170, "highway": "path", "name": null, "source": "osm_overpass"}, "geometry": {"type": "LineString", "coordinates": [[80.2719344, 13.1151733], [80.2718868, 13.1153168], [80.2718751, 13.1153894], [80.2718633, 13.1154514]]}}, {"type": "Feature", "properties": {"osm_id": 1074547171, "highway": "path", "name": null, "source": "osm_overpass"}, "geometry": {"type": "LineString", "coordinates": [[80.2718116, 13.1155098], [80.2717526, 13.1155304], [80.2716791, 13.115555], [80.2716159, 13.1155743]]}}, {"type": "Feature", "properties": {"osm_id": 1074547172, "highway": "path", "name": null, "source": "osm_overpass"}, "geometry": {"type": "LineString", "coordinates": [[80.2715221, 13.1154055], [80.2715271, 13.1154588], [80.2715397, 13.1155065], [80.2715583, 13.1155378], [80.2715771, 13.1155635]]}}, {"type": "Feature", "properties": {"osm_id": 1074547173, "highway": "path", "name": null, "source": "osm_overpass"}, "geometry": {"type": "LineString", "coordinates": [[80.2714965, 13.1154048], [80.2714789, 13.1154563], [80.2714831, 13.1154859], [80.2714941, 13.115518], [80.2715203, 13.1155509], [80.2715547, 13.1155774]]}}, {"type": "Feature", "properties": {"osm_id": 1074547174, "highway": "path", "name": null, "source": "osm_overpass"}, "geometry": {"type": "LineString", "coordinates": [[80.2714793, 13.115736], [80.2715176, 13.1157275], [80.271614, 13.1157023], [80.2716427, 13.1156899], [80.271652, 13.1156751], [80.271652, 13.1156587], [80.2716469, 13.1156422], [80.2716393, 13.1156307], [80.2716207, 13.1156246]]}}, {"type": "Feature", "properties": {"osm_id": 1074547175, "highway": "path", "name": null, "source": "osm_overpass"}, "geometry": {"type": "LineString", "coordinates": [[80.2715528, 13.1156247], [80.2715193, 13.1156529], [80.27151, 13.1156694], [80.2715083, 13.1156899], [80.2715176, 13.1157275]]}}, {"type": "Feature", "properties": {"osm_id": 1074547176, "highway": "path", "name": null, "source": "osm_overpass"}, "geometry": {"type": "LineString", "coordinates": [[80.2718574, 13.1155256], [80.2719017, 13.1155669], [80.2719526, 13.11561], [80.2719982, 13.1156714], [80.2720224, 13.1156949], [80.27208, 13.115704], [80.2721243, 13.1156962], [80.2721335, 13.115691], [80.272182, 13.1156635], [80.2722249, 13.1155969], [80.2722287, 13.1155646], [80.2722329, 13.115529], [80.2722222, 13.1154728], [80.2721959, 13.1154098]]}}, {"type": "Feature", "properties": {"osm_id": 1074547177, "highway": "path", "name": null, "source": "osm_overpass"}, "geometry": {"type": "LineString", "coordinates": [[80.2722287, 13.1155646], [80.2723034, 13.1156011], [80.2723726, 13.1156291], [80.2723779, 13.1156509], [80.2723758, 13.1156768], [80.2723609, 13.1157048], [80.272313, 13.1157556], [80.2722569, 13.115786], [80.2722441, 13.1157875], [80.2722172, 13.1157909], [80.2721884, 13.1157794], [80.2721554, 13.1157442], [80.2721335, 13.115691]]}}, {"type": "Feature", "properties": {"osm_id": 1074547178, "highway": "path", "name": null, "source": "osm_overpass"}, "geometry": {"type": "LineString", "coordinates": [[80.2723779, 13.1156509], [80.2724109, 13.115683], [80.2724407, 13.1157432], [80.2724488, 13.1157686], [80.2724511, 13.1157758], [80.2724587, 13.1157939], [80.2724697, 13.1158035], [80.2724833, 13.1158137]]}}, {"type": "Feature", "properties": {"osm_id": 1074547180, "highway": "path", "name": null, "source": "osm_overpass"}, "geometry": {"type": "LineString", "coordinates": [[80.2724488, 13.1157686], [80.2724391, 13.1157942], [80.2724308, 13.1158107], [80.2724174, 13.1158246], [80.2724013, 13.1158336], [80.2723664, 13.1158408], [80.27235, 13.1158398], [80.2723215, 13.1158382], [80.272288, 13.1158264], [80.2722591, 13.1158088], [80.2722441, 13.1157875]]}}, {"type": "Feature", "properties": {"osm_id": 1074547181, "highway": "path", "name": null, "source": "osm_overpass"}, "geometry": {"type": "LineString", "coordinates": [[80.27235, 13.1158398], [80.2723968, 13.1160109]]}}, {"type": "Feature", "properties": {"osm_id": 1075043287, "highway": "footway", "name": null, "source": "osm_overpass"}, "geometry": {"type": "LineString", "coordinates": [[80.0790256, 12.9240544], [80.0789596, 12.9238528], [80.0789026, 12.9236334], [80.078856, 12.9234449], [80.078824, 12.9233266], [80.0787925, 12.923246], [80.0787471, 12.9231677], [80.0787087, 12.9231177], [80.0786425, 12.9230565], [80.0785843, 12.9230079], [80.0784844, 12.922925], [80.078399, 12.9228458], [80.0783473, 12.9227863], [80.0782844, 12.9227115], [80.0782317, 12.9226593], [80.0782012, 12.9226367], [80.0781679, 12.9226268], [80.0781291, 12.9226268], [80.0780764, 12.9226431], [80.0779466, 12.9227021], [80.0778581, 12.9227475], [80.0778127, 12.9227804]]}}, {"type": "Feature", "properties": {"osm_id": 1075043318, "highway": "path", "name": null, "source": "osm_overpass"}, "geometry": {"type": "LineString", "coordinates": [[80.0781355, 12.9148583], [80.0780977, 12.914847], [80.0780367, 12.9148253], [80.0779766, 12.9148145], [80.077935, 12.9148028], [80.0779202, 12.9147857], [80.0778999, 12.9147298], [80.0778842, 12.9146181], [80.0778832, 12.9145532], [80.0778906, 12.9144838], [80.0778971, 12.9144316], [80.0778971, 12.9143784], [80.0778851, 12.9143162], [80.0778118, 12.914153], [80.0777416, 12.9140269], [80.0777203, 12.9139701], [80.0777037, 12.9139197], [80.0776787, 12.913871], [80.0776497, 12.9138284], [80.077632, 12.9138098], [80.077599, 12.9137969], [80.0775645, 12.9137919], [80.0775132, 12.9137983], [80.0773811, 12.9138091], [80.0773261, 12.9138212], [80.0772872, 12.9138319], [80.0772373, 12.9138391], [80.0770774, 12.9138669], [80.0770043, 12.9138732], [80.076923, 12.913866], [80.076898, 12.9138453], [80.0768777, 12.9138047], [80.0768629, 12.9137786], [80.0768379, 12.9137561], [80.0767834, 12.9137344], [80.0766099, 12.9136968], [80.076541, 12.9136846], [80.0764881, 12.9136832], [80.0764419, 12.9136818], [80.0763737, 12.9136703], [80.0763377, 12.9136589], [80.0761966, 12.9136341], [80.076088, 12.9136184], [80.0759926, 12.9135955], [80.0759559, 12.9135926], [80.0758825, 12.9136069], [80.0757842, 12.9135984], [80.0756683, 12.9136069], [80.0755758, 12.9136027], [80.0754305, 12.9135726], [80.0753146, 12.9135569], [80.075206, 12.9135469], [80.0751664, 12.9135569], [80.0751267, 12.9136012], [80.0750768, 12.9136699], [80.07504, 12.9137042], [80.0749731, 12.9137374]]}}, {"type": "Feature", "properties": {"osm_id": 1075043333, "highway": "path", "name": null, "source": "osm_overpass"}, "geometry": {"type": "LineString", "coordinates": [[80.0723116, 12.9056809], [80.0724903, 12.9056274], [80.0726441, 12.9055899], [80.0728642, 12.9055286], [80.0730587, 12.9054696], [80.0732707, 12.9053878], [80.0734594, 12.9053288], [80.0735936, 12.9052921], [80.0737241, 12.9052399], [80.0738254, 12.905191], [80.0738953, 12.9051604], [80.0739617, 12.9051479], [80.0741049, 12.9051377], [80.0742074, 12.9051343], [80.0743414, 12.9051172], [80.0747429, 12.9050942], [80.0749806, 12.905067], [80.0752242, 12.9050241], [80.0755483, 12.9049807], [80.075858, 12.9049278], [80.0761001, 12.904882], [80.0763114, 12.9048648], [80.0764332, 12.9048462], [80.076693, 12.9048056], [80.0769832, 12.9047893], [80.0772957, 12.9047695], [80.0775287, 12.9047893], [80.0776506, 12.9047838], [80.0778189, 12.9047387], [80.0780278, 12.9046811], [80.0782275, 12.9046648], [80.0784531, 12.9046721], [80.0786527, 12.9046522], [80.0788191, 12.904609], [80.0790133, 12.9045315], [80.0791342, 12.9044695], [80.0793358, 12.9043938], [80.0794948, 12.9043613], [80.0796316, 12.9043505], [80.0796852, 12.9043613], [80.079785, 12.9043938], [80.0799274, 12.904401], [80.0800975, 12.9043938], [80.0802473, 12.9044046], [80.0803508, 12.904446], [80.080492, 12.9045206], [80.0806411, 12.9046125], [80.0807191, 12.9046455], [80.0807983, 12.9046704], [80.0809023, 12.9046887]]}}, {"type": "Feature", "properties": {"osm_id": 1075776867, "highway": "path", "name": null, "source": "osm_overpass"}, "geometry": {"type": "LineString", "coordinates": [[80.1552633, 13.1915714], [80.1553087, 13.1919237]]}}, {"type": "Feature", "properties": {"osm_id": 1076362999, "highway": "footway", "name": null, "source": "osm_overpass"}, "geometry": {"type": "LineString", "coordinates": [[80.1061221, 12.9093405], [80.1063459, 12.9092599]]}}, {"type": "Feature", "properties": {"osm_id": 1076583948, "highway": "footway", "name": null, "source": "osm_overpass"}, "geometry": {"type": "LineString", "coordinates": [[80.2893816, 13.088902], [80.2889365, 13.0888618]]}}, {"type": "Feature", "properties": {"osm_id": 1076583949, "highway": "footway", "name": null, "source": "osm_overpass"}, "geometry": {"type": "LineString", "coordinates": [[80.2888697, 13.0888559], [80.2886021, 13.0888303], [80.2884134, 13.0888156]]}}, {"type": "Feature", "properties": {"osm_id": 1076583950, "highway": "footway", "name": null, "source": "osm_overpass"}, "geometry": {"type": "LineString", "coordinates": [[80.2894605, 13.0889085], [80.2894988, 13.0889114], [80.2895751, 13.0889153], [80.2898702, 13.0889291]]}}, {"type": "Feature", "properties": {"osm_id": 1076583953, "highway": "footway", "name": null, "source": "osm_overpass"}, "geometry": {"type": "LineString", "coordinates": [[80.2899502, 13.0889383], [80.2900549, 13.0889594], [80.2901166, 13.0889744], [80.2901788, 13.0889847], [80.2902375, 13.0889872], [80.290305, 13.0889893], [80.2903362, 13.0889917], [80.290361, 13.088999], [80.2903798, 13.089013], [80.2903996, 13.0890327], [80.2904135, 13.0890593], [80.2904421, 13.0891277], [80.2906326, 13.0896721], [80.2909047, 13.0905223]]}}, {"type": "Feature", "properties": {"osm_id": 1076583954, "highway": "footway", "name": null, "source": "osm_overpass"}, "geometry": {"type": "LineString", "coordinates": [[80.2898702, 13.0889291], [80.2899147, 13.0889333], [80.2899502, 13.0889383]]}}, {"type": "Feature", "properties": {"osm_id": 1076583955, "highway": "footway", "name": null, "source": "osm_overpass"}, "geometry": {"type": "LineString", "coordinates": [[80.2894605, 13.0889085], [80.2894222, 13.0889056], [80.2893816, 13.088902]]}}, {"type": "Feature", "properties": {"osm_id": 1076583956, "highway": "footway", "name": null, "source": "osm_overpass"}, "geometry": {"type": "LineString", "coordinates": [[80.2889365, 13.0888618], [80.2889068, 13.0888592], [80.2888697, 13.0888559]]}}, {"type": "Feature", "properties": {"osm_id": 1076599878, "highway": "footway", "name": null, "source": "osm_overpass"}, "geometry": {"type": "LineString", "coordinates": [[80.2883377, 13.0888097], [80.2877383, 13.0887486]]}}, {"type": "Feature", "properties": {"osm_id": 1076599879, "highway": "footway", "name": null, "source": "osm_overpass"}, "geometry": {"type": "LineString", "coordinates": [[80.2884134, 13.0888156], [80.2883881, 13.0888134], [80.2883377, 13.0888097]]}}, {"type": "Feature", "properties": {"osm_id": 1076599880, "highway": "footway", "name": null, "source": "osm_overpass"}, "geometry": {"type": "LineString", "coordinates": [[80.2877383, 13.0887486], [80.287685, 13.0887427], [80.2876017, 13.0887334]]}}, {"type": "Feature", "properties": {"osm_id": 1076599881, "highway": "footway", "name": null, "source": "osm_overpass"}, "geometry": {"type": "LineString", "coordinates": [[80.2886019, 13.0887522], [80.2886021, 13.0888303]]}}, {"type": "Feature", "properties": {"osm_id": 1076599882, "highway": "footway", "name": null, "source": "osm_overpass"}, "geometry": {"type": "LineString", "coordinates": [[80.2886019, 13.0887522], [80.2886055, 13.0887177], [80.2886133, 13.0886364]]}}, {"type": "Feature", "properties": {"osm_id": 1076599885, "highway": "footway", "name": null, "source": "osm_overpass"}, "geometry": {"type": "LineString", "coordinates": [[80.2876017, 13.0887334], [80.2874814, 13.0887222], [80.2869571, 13.0886691]]}}, {"type": "Feature", "properties": {"osm_id": 1076599886, "highway": "footway", "name": null, "source": "osm_overpass"}, "geometry": {"type": "LineString", "coordinates": [[80.2869571, 13.0886691], [80.2869072, 13.0886638], [80.2868781, 13.0886613]]}}, {"type": "Feature", "properties": {"osm_id": 1076599887, "highway": "footway", "name": null, "source": "osm_overpass"}, "geometry": {"type": "LineString", "coordinates": [[80.2874814, 13.0887222], [80.2874839, 13.0886235]]}}, {"type": "Feature", "properties": {"osm_id": 1076599888, "highway": "footway", "name": null, "source": "osm_overpass"}, "geometry": {"type": "LineString", "coordinates": [[80.2874839, 13.0886235], [80.2879573, 13.0885768]]}}, {"type": "Feature", "properties": {"osm_id": 1076599898, "highway": "footway", "name": null, "source": "osm_overpass"}, "geometry": {"type": "LineString", "coordinates": [[80.2868781, 13.0886613], [80.2865126, 13.0886545]]}}, {"type": "Feature", "properties": {"osm_id": 1076599900, "highway": "footway", "name": null, "source": "osm_overpass"}, "geometry": {"type": "LineString", "coordinates": [[80.2865126, 13.0886545], [80.2864748, 13.0886536], [80.2864374, 13.0886516]]}}, {"type": "Feature", "properties": {"osm_id": 1076737451, "highway": "footway", "name": null, "source": "osm_overpass"}, "geometry": {"type": "LineString", "coordinates": [[80.2861303, 13.0952964], [80.2862092, 13.0952856], [80.2862498, 13.09528], [80.2862717, 13.0952773]]}}, {"type": "Feature", "properties": {"osm_id": 1076737452, "highway": "footway", "name": null, "source": "osm_overpass"}, "geometry": {"type": "LineString", "coordinates": [[80.2862058, 13.0952582], [80.2862092, 13.0952856]]}}, {"type": "Feature", "properties": {"osm_id": 1076737453, "highway": "footway", "name": null, "source": "osm_overpass"}, "geometry": {"type": "LineString", "coordinates": [[80.2857728, 13.0946699], [80.2857947, 13.0948153]]}}, {"type": "Feature", "properties": {"osm_id": 1076737458, "highway": "footway", "name": null, "source": "osm_overpass"}, "geometry": {"type": "LineString", "coordinates": [[80.2859849, 13.0962092], [80.2859879, 13.0962327], [80.2859957, 13.0962926], [80.2859971, 13.0963033]]}}, {"type": "Feature", "properties": {"osm_id": 1076737459, "highway": "footway", "name": null, "source": "osm_overpass"}, "geometry": {"type": "LineString", "coordinates": [[80.2859879, 13.0962327], [80.2859315, 13.0962387]]}}, {"type": "Feature", "properties": {"osm_id": 1076737460, "highway": "footway", "name": null, "source": "osm_overpass"}, "geometry": {"type": "LineString", "coordinates": [[80.2862014, 13.0947601], [80.2862717, 13.0952773]]}}, {"type": "Feature", "properties": {"osm_id": 1076737461, "highway": "footway", "name": null, "source": "osm_overpass"}, "geometry": {"type": "LineString", "coordinates": [[80.2862014, 13.0947601], [80.2861212, 13.0940567]]}}, {"type": "Feature", "properties": {"osm_id": 1076776897, "highway": "path", "name": null, "source": "osm_overpass"}, "geometry": {"type": "LineString", "coordinates": [[80.1702333, 13.1172952], [80.1702153, 13.1169502], [80.1701972, 13.1166156]]}}, {"type": "Feature", "properties": {"osm_id": 1080320426, "highway": "footway", "name": null, "source": "osm_overpass"}, "geometry": {"type": "LineString", "coordinates": [[80.1984948, 12.9942711], [80.1982668, 12.9948749]]}}, {"type": "Feature", "properties": {"osm_id": 1080320439, "highway": "footway", "name": null, "source": "osm_overpass"}, "geometry": {"type": "LineString", "coordinates": [[80.1851682, 12.989457], [80.1851964, 12.9891825]]}}, {"type": "Feature", "properties": {"osm_id": 1080616298, "highway": "footway", "name": null, "source": "osm_overpass"}, "geometry": {"type": "LineString", "coordinates": [[80.2839476, 13.0660217], [80.284076, 13.0659576], [80.2840247, 13.065751], [80.2839229, 13.065331], [80.2837213, 13.06465], [80.2836549, 13.0642723], [80.2837305, 13.0642494]]}}, {"type": "Feature", "properties": {"osm_id": 1080616299, "highway": "footway", "name": null, "source": "osm_overpass"}, "geometry": {"type": "LineString", "coordinates": [[80.2854966, 13.065478], [80.2855672, 13.0654649]]}}, {"type": "Feature", "properties": {"osm_id": 1080616300, "highway": "footway", "name": null, "source": "osm_overpass"}, "geometry": {"type": "LineString", "coordinates": [[80.2843917, 13.0656868], [80.2845106, 13.0658792], [80.2854966, 13.065478], [80.284414, 13.0654585], [80.2843917, 13.0656868]]}}, {"type": "Feature", "properties": {"osm_id": 1080629439, "highway": "path", "name": null, "source": "osm_overpass"}, "geometry": {"type": "LineString", "coordinates": [[80.2851623, 13.055373], [80.2821111, 13.0559071]]}}, {"type": "Feature", "properties": {"osm_id": 1080629440, "highway": "path", "name": null, "source": "osm_overpass"}, "geometry": {"type": "LineString", "coordinates": [[80.2807204, 13.0465543], [80.2828408, 13.0462107]]}}, {"type": "Feature", "properties": {"osm_id": 1080629441, "highway": "footway", "name": null, "source": "osm_overpass"}, "geometry": {"type": "LineString", "coordinates": [[80.2801332, 13.0451356], [80.2803484, 13.0451144], [80.2805136, 13.0450951]]}}, {"type": "Feature", "properties": {"osm_id": 1080629443, "highway": "path", "name": null, "source": "osm_overpass"}, "geometry": {"type": "LineString", "coordinates": [[80.2803236, 13.0433117], [80.2804623, 13.0432727], [80.2820992, 13.0428936]]}}, {"type": "Feature", "properties": {"osm_id": 1080629445, "highway": "path", "name": null, "source": "osm_overpass"}, "geometry": {"type": "LineString", "coordinates": [[80.2807608, 13.0368967], [80.2801207, 13.0369895]]}}, {"type": "Feature", "properties": {"osm_id": 1080629446, "highway": "path", "name": null, "source": "osm_overpass"}, "geometry": {"type": "LineString", "coordinates": [[80.2801198, 13.0329535], [80.279637, 13.0330032]]}}, {"type": "Feature", "properties": {"osm_id": 1080629447, "highway": "path", "name": null, "source": "osm_overpass"}, "geometry": {"type": "LineString", "coordinates": [[80.2871792, 13.0627606], [80.286254, 13.0592139], [80.2855271, 13.0571341], [80.2851623, 13.055373], [80.2834403, 13.0489714], [80.2828408, 13.0462107], [80.2820992, 13.0428936], [80.2812517, 13.0390211], [80.2811444, 13.0385246], [80.2807608, 13.0368967], [80.2803209, 13.0341817], [80.2801198, 13.0329535]]}}, {"type": "Feature", "properties": {"osm_id": 1080629452, "highway": "footway", "name": null, "source": "osm_overpass"}, "geometry": {"type": "LineString", "coordinates": [[80.2823463, 13.0575492], [80.2821577, 13.0575807]]}}, {"type": "Feature", "properties": {"osm_id": 1080629453, "highway": "path", "name": null, "source": "osm_overpass"}, "geometry": {"type": "LineString", "coordinates": [[80.2823554, 13.0575906], [80.282566, 13.0575704], [80.2855271, 13.0571341]]}}, {"type": "Feature", "properties": {"osm_id": 1081242032, "highway": "footway", "name": null, "source": "osm_overpass"}, "geometry": {"type": "LineString", "coordinates": [[80.2794951, 13.039912], [80.2796509, 13.0406886], [80.2796631, 13.0407759], [80.2796702, 13.0408218], [80.2798247, 13.0417622]]}}, {"type": "Feature", "properties": {"osm_id": 1081242035, "highway": "footway", "name": null, "source": "osm_overpass"}, "geometry": {"type": "LineString", "coordinates": [[80.2796509, 13.0406886], [80.2794063, 13.0407361]]}}, {"type": "Feature", "properties": {"osm_id": 1081242036, "highway": "footway", "name": null, "source": "osm_overpass"}, "geometry": {"type": "LineString", "coordinates": [[80.2796702, 13.0408218], [80.2794345, 13.040868]]}}, {"type": "Feature", "properties": {"osm_id": 1081327284, "highway": "path", "name": null, "source": "osm_overpass"}, "geometry": {"type": "LineString", "coordinates": [[80.2928659, 13.1100641], [80.2924723, 13.1101303]]}}, {"type": "Feature", "properties": {"osm_id": 1081327285, "highway": "path", "name": null, "source": "osm_overpass"}, "geometry": {"type": "LineString", "coordinates": [[80.2928791, 13.1101643], [80.2924915, 13.1102325]]}}, {"type": "Feature", "properties": {"osm_id": 1081330567, "highway": "footway", "name": null, "source": "osm_overpass"}, "geometry": {"type": "LineString", "coordinates": [[80.2099359, 13.0518977], [80.209999, 13.0522209], [80.2100014, 13.0523005]]}}, {"type": "Feature", "properties": {"osm_id": 1081348789, "highway": "path", "name": null, "source": "osm_overpass"}, "geometry": {"type": "LineString", "coordinates": [[80.2877233, 13.1137045], [80.2875912, 13.1132545]]}}, {"type": "Feature", "properties": {"osm_id": 1081376685, "highway": "footway", "name": null, "source": "osm_overpass"}, "geometry": {"type": "LineString", "coordinates": [[80.1763822, 12.9878259], [80.1765849, 12.987553]]}}, {"type": "Feature", "properties": {"osm_id": 1081376687, "highway": "footway", "name": null, "source": "osm_overpass"}, "geometry": {"type": "LineString", "coordinates": [[80.1770668, 12.9878898], [80.1770412, 12.9879229]]}}, {"type": "Feature", "properties": {"osm_id": 1081376689, "highway": "footway", "name": null, "source": "osm_overpass"}, "geometry": {"type": "LineString", "coordinates": [[80.1760098, 12.9875626], [80.1760363, 12.9875231]]}}, {"type": "Feature", "properties": {"osm_id": 1082455699, "highway": "footway", "name": null, "source": "osm_overpass"}, "geometry": {"type": "LineString", "coordinates": [[80.1199989, 12.9234822], [80.119698, 12.9238286], [80.1193421, 12.9242384], [80.1194044, 12.9242897], [80.1194631, 12.9243382], [80.1201869, 12.9235052], [80.1202074, 12.9234816]]}}, {"type": "Feature", "properties": {"osm_id": 1082455700, "highway": "footway", "name": null, "source": "osm_overpass"}, "geometry": {"type": "LineString", "coordinates": [[80.1182212, 12.9235899], [80.1182444, 12.9236085], [80.1184402, 12.9235902], [80.1188559, 12.9235627], [80.1191925, 12.9235418], [80.1195184, 12.9235144], [80.1196275, 12.9235062], [80.119745, 12.9234974], [80.1199989, 12.9234822], [80.1200669, 12.9234726], [80.1201478, 12.923479]]}}, {"type": "Feature", "properties": {"osm_id": 1082455701, "highway": "footway", "name": null, "source": "osm_overpass"}, "geometry": {"type": "LineString", "coordinates": [[80.1194044, 12.9242897], [80.1189753, 12.9247521]]}}, {"type": "Feature", "properties": {"osm_id": 1082455702, "highway": "footway", "name": null, "source": "osm_overpass"}, "geometry": {"type": "LineString", "coordinates": [[80.1177893, 12.9259707], [80.1178568, 12.9258987], [80.1180191, 12.9257155]]}}, {"type": "Feature", "properties": {"osm_id": 1085250112, "highway": "path", "name": null, "source": "osm_overpass"}, "geometry": {"type": "LineString", "coordinates": [[80.2103578, 12.9758889], [80.2107634, 12.9758994]]}}, {"type": "Feature", "properties": {"osm_id": 1085965487, "highway": "footway", "name": null, "source": "osm_overpass"}, "geometry": {"type": "LineString", "coordinates": [[80.2854421, 13.0646019], [80.2853449, 13.0645789], [80.2852698, 13.0645395], [80.2851923, 13.064492], [80.2851387, 13.0644347], [80.2851085, 13.0643925], [80.2850904, 13.0643247], [80.2850807, 13.0642696], [80.2850837, 13.06423], [80.2850971, 13.0641444], [80.2851323, 13.0640678], [80.2851899, 13.0640006], [80.2852467, 13.063988]]}}, {"type": "Feature", "properties": {"osm_id": 1086880141, "highway": "path", "name": "Poonamallee - Avadi Road", "source": "osm_overpass"}, "geometry": {"type": "LineString", "coordinates": [[80.1027957, 13.1178784], [80.1027812, 13.1180662], [80.1027769, 13.1181219], [80.1027651, 13.1181686], [80.1027448, 13.118343], [80.1027387, 13.1183851], [80.1027311, 13.1184273], [80.1027245, 13.1184636], [80.1027123, 13.1185314], [80.1026118, 13.1189986]]}}, {"type": "Feature", "properties": {"osm_id": 1089594463, "highway": "footway", "name": null, "source": "osm_overpass"}, "geometry": {"type": "LineString", "coordinates": [[80.2909047, 13.0905223], [80.2909184, 13.0905651], [80.2909362, 13.090624]]}}, {"type": "Feature", "properties": {"osm_id": 1089594483, "highway": "footway", "name": null, "source": "osm_overpass"}, "geometry": {"type": "LineString", "coordinates": [[80.2856865, 13.090775], [80.2857839, 13.0913392]]}}, {"type": "Feature", "properties": {"osm_id": 1089594484, "highway": "footway", "name": null, "source": "osm_overpass"}, "geometry": {"type": "LineString", "coordinates": [[80.2856201, 13.0903958], [80.2856735, 13.0907005]]}}, {"type": "Feature", "properties": {"osm_id": 1089594485, "highway": "footway", "name": null, "source": "osm_overpass"}, "geometry": {"type": "LineString", "coordinates": [[80.2856735, 13.0907005], [80.2856789, 13.0907312], [80.2856865, 13.090775]]}}, {"type": "Feature", "properties": {"osm_id": 1089594486, "highway": "footway", "name": null, "source": "osm_overpass"}, "geometry": {"type": "LineString", "coordinates": [[80.2857839, 13.0913392], [80.2857875, 13.0913601], [80.2857943, 13.0914068], [80.2857989, 13.0914313]]}}, {"type": "Feature", "properties": {"osm_id": 1089594487, "highway": "footway", "name": null, "source": "osm_overpass"}, "geometry": {"type": "LineString", "coordinates": [[80.2853602, 13.0886103], [80.2853612, 13.0887017], [80.2853669, 13.0887736], [80.2853728, 13.0888256], [80.2853819, 13.08889], [80.2853943, 13.0889705], [80.2854229, 13.0891799], [80.2854506, 13.0894254], [80.2854648, 13.0895352], [80.2854914, 13.0896634], [80.2855596, 13.0900554]]}}, {"type": "Feature", "properties": {"osm_id": 1089594488, "highway": "footway", "name": null, "source": "osm_overpass"}, "geometry": {"type": "LineString", "coordinates": [[80.285611, 13.0903441], [80.2856153, 13.0903684], [80.2856201, 13.0903958]]}}, {"type": "Feature", "properties": {"osm_id": 1089594510, "highway": "footway", "name": null, "source": "osm_overpass"}, "geometry": {"type": "LineString", "coordinates": [[80.2864374, 13.0886516], [80.2860171, 13.0886439]]}}, {"type": "Feature", "properties": {"osm_id": 1089594511, "highway": "footway", "name": null, "source": "osm_overpass"}, "geometry": {"type": "LineString", "coordinates": [[80.2859596, 13.0886424], [80.2859408, 13.0886417], [80.2857345, 13.0886347], [80.2856393, 13.0886314]]}}, {"type": "Feature", "properties": {"osm_id": 1089594512, "highway": "footway", "name": null, "source": "osm_overpass"}, "geometry": {"type": "LineString", "coordinates": [[80.2860171, 13.0886439], [80.2859878, 13.0886433], [80.2859596, 13.0886424]]}}, {"type": "Feature", "properties": {"osm_id": 1089594514, "highway": "footway", "name": null, "source": "osm_overpass"}, "geometry": {"type": "LineString", "coordinates": [[80.2857341, 13.0885793], [80.2857343, 13.088605], [80.2857345, 13.0886271], [80.2857345, 13.0886347]]}}, {"type": "Feature", "properties": {"osm_id": 1089594515, "highway": "footway", "name": null, "source": "osm_overpass"}, "geometry": {"type": "LineString", "coordinates": [[80.2857343, 13.088605], [80.2857496, 13.088605]]}}, {"type": "Feature", "properties": {"osm_id": 1089594516, "highway": "footway", "name": null, "source": "osm_overpass"}, "geometry": {"type": "LineString", "coordinates": [[80.2857341, 13.0885793], [80.2857342, 13.0885672], [80.2859412, 13.0885738], [80.2859408, 13.0886417]]}}, {"type": "Feature", "properties": {"osm_id": 1089594530, "highway": "footway", "name": null, "source": "osm_overpass"}, "geometry": {"type": "LineString", "coordinates": [[80.2853487, 13.08861], [80.2853075, 13.0886083], [80.2852541, 13.0886048]]}}, {"type": "Feature", "properties": {"osm_id": 1089594531, "highway": "footway", "name": null, "source": "osm_overpass"}, "geometry": {"type": "LineString", "coordinates": [[80.2855904, 13.0886303], [80.2853602, 13.0886103], [80.2853487, 13.08861]]}}, {"type": "Feature", "properties": {"osm_id": 1089594532, "highway": "footway", "name": null, "source": "osm_overpass"}, "geometry": {"type": "LineString", "coordinates": [[80.2856393, 13.0886314], [80.2856244, 13.0886309], [80.2856138, 13.0886306], [80.2855904, 13.0886303]]}}, {"type": "Feature", "properties": {"osm_id": 1089594539, "highway": "footway", "name": null, "source": "osm_overpass"}, "geometry": {"type": "LineString", "coordinates": [[80.2855721, 13.090126], [80.285611, 13.0903441]]}}, {"type": "Feature", "properties": {"osm_id": 1089594540, "highway": "footway", "name": null, "source": "osm_overpass"}, "geometry": {"type": "LineString", "coordinates": [[80.2855596, 13.0900554], [80.2855659, 13.0900914], [80.2855721, 13.090126]]}}, {"type": "Feature", "properties": {"osm_id": 1089804773, "highway": "footway", "name": null, "source": "osm_overpass"}, "geometry": {"type": "LineString", "coordinates": [[80.2857989, 13.0914313], [80.286041, 13.0928381]]}}, {"type": "Feature", "properties": {"osm_id": 1089804774, "highway": "footway", "name": null, "source": "osm_overpass"}, "geometry": {"type": "LineString", "coordinates": [[80.286041, 13.0928381], [80.2860451, 13.0928599], [80.2860515, 13.0928962]]}}, {"type": "Feature", "properties": {"osm_id": 1089819625, "highway": "footway", "name": null, "source": "osm_overpass"}, "geometry": {"type": "LineString", "coordinates": [[80.2852541, 13.0886048], [80.2848452, 13.0885669]]}}, {"type": "Feature", "properties": {"osm_id": 1089819626, "highway": "footway", "name": null, "source": "osm_overpass"}, "geometry": {"type": "LineString", "coordinates": [[80.2848452, 13.0885669], [80.2848236, 13.0885649], [80.2847931, 13.0885615]]}}, {"type": "Feature", "properties": {"osm_id": 1089864945, "highway": "footway", "name": null, "source": "osm_overpass"}, "geometry": {"type": "LineString", "coordinates": [[80.2861212, 13.0940567], [80.2861179, 13.0940193]]}}, {"type": "Feature", "properties": {"osm_id": 1090476548, "highway": "footway", "name": null, "source": "osm_overpass"}, "geometry": {"type": "LineString", "coordinates": [[80.1202074, 12.9234816], [80.1202405, 12.923472], [80.1203801, 12.9234316]]}}, {"type": "Feature", "properties": {"osm_id": 1090653964, "highway": "footway", "name": null, "source": "osm_overpass"}, "geometry": {"type": "LineString", "coordinates": [[80.2818542, 13.0884567], [80.2818554, 13.0884638], [80.2818559, 13.0884742], [80.2818556, 13.0884821], [80.2818542, 13.0884926], [80.2818508, 13.0885075], [80.2818495, 13.0885233], [80.2818502, 13.0885316], [80.2818514, 13.0885393], [80.2818541, 13.0885554]]}}, {"type": "Feature", "properties": {"osm_id": 1090967862, "highway": "path", "name": null, "source": "osm_overpass"}, "geometry": {"type": "LineString", "coordinates": [[80.2815073, 13.0784959], [80.2814592, 13.0785446], [80.2814327, 13.0785766], [80.2813913, 13.0786333], [80.2813659, 13.0786778], [80.281338, 13.0787313], [80.2813017, 13.0787848], [80.2812485, 13.0788382], [80.2811667, 13.0789018], [80.2811029, 13.0789547], [80.2810358, 13.0790221], [80.2809826, 13.0790739], [80.2809177, 13.0791154], [80.2808581, 13.0791413], [80.2807876, 13.0791596], [80.280711, 13.0791721], [80.2806322, 13.0791752], [80.2804906, 13.07917], [80.2803778, 13.07917], [80.2802878, 13.0791747], [80.2802248, 13.0791799], [80.2801832, 13.0791799], [80.2801376, 13.0791694], [80.2801021, 13.0791538], [80.2800719, 13.0791485], [80.2800384, 13.0791459], [80.2799586, 13.079144], [80.2797826, 13.0791586], [80.2796727, 13.079173], [80.2795788, 13.0791848], [80.2795141, 13.0791887], [80.2794336, 13.0791848], [80.2793639, 13.079173], [80.2793008, 13.0791495], [80.2792096, 13.079126], [80.2791251, 13.0791116], [80.278985, 13.0790838], [80.2788735, 13.079069], [80.2787721, 13.0790657], [80.2786656, 13.0790755], [80.2785389, 13.0790805], [80.2784476, 13.0790755], [80.2782437, 13.0790446], [80.2780573, 13.0790211], [80.2779245, 13.0790119], [80.2777944, 13.0790067], [80.2776522, 13.0789937], [80.2775584, 13.0789806], [80.2775262, 13.0789739], [80.2774712, 13.0789623], [80.2774108, 13.0789532], [80.2773559, 13.0789532], [80.2771985, 13.0789575], [80.2761505, 13.0789911], [80.275953, 13.0789933], [80.2757451, 13.0789894], [80.2756204, 13.0789894], [80.2754849, 13.0789959], [80.2753709, 13.0790168], [80.2753039, 13.0790429], [80.2752288, 13.0790599], [80.2751161, 13.0790717], [80.2750289, 13.0790704], [80.274974, 13.0790612], [80.2749471, 13.0790443], [80.2749351, 13.0790286], [80.2749303, 13.0789961]]}}, {"type": "Feature", "properties": {"osm_id": 1091003562, "highway": "footway", "name": null, "source": "osm_overpass"}, "geometry": {"type": "LineString", "coordinates": [[80.2556128, 13.0993389], [80.2556678, 13.099564], [80.2556704, 13.0995853], [80.2556661, 13.0995918], [80.2556591, 13.0996023], [80.2556294, 13.0996159], [80.2552957, 13.0996971], [80.2551649, 13.0997387], [80.2551309, 13.0997557], [80.2551213, 13.099771], [80.2551213, 13.099788], [80.2551326, 13.0998092], [80.2551623, 13.0998551], [80.2552772, 13.1000111], [80.255347, 13.1001059], [80.2554671, 13.1002566], [80.2556517, 13.1004882], [80.2557605, 13.1006129], [80.2558128, 13.1006698], [80.2558285, 13.1006868], [80.2558346, 13.1006987], [80.2558329, 13.100714], [80.2558154, 13.1007369], [80.2557666, 13.1007803], [80.2557465, 13.1007862], [80.2557334, 13.1007828], [80.2556977, 13.1007488], [80.2555548, 13.1005652], [80.2554875, 13.1004786], [80.2553131, 13.1002628], [80.2552357, 13.1001607], [80.2551023, 13.0999847], [80.2550295, 13.0998927], [80.2549023, 13.0997323], [80.2548804, 13.0997055], [80.2548771, 13.0996959], [80.2548837, 13.0996863], [80.2549089, 13.0996767], [80.2551957, 13.0995878], [80.2552072, 13.0995855], [80.2552149, 13.0995855], [80.2552281, 13.0995903], [80.2552391, 13.0996013], [80.2552465, 13.0996139], [80.2552539, 13.0996216], [80.2552613, 13.0996259], [80.2552707, 13.0996272], [80.2552825, 13.0996272], [80.2552984, 13.0996243], [80.2554729, 13.0995634], [80.2554861, 13.0995564], [80.2554948, 13.0995431], [80.255512, 13.0995093], [80.2555162, 13.0995011], [80.2555169, 13.0994889], [80.2555127, 13.099468], [80.2554975, 13.0994073], [80.2554773, 13.0993232], [80.2554773, 13.0993142], [80.2554814, 13.0993061], [80.2554967, 13.0993], [80.2555361, 13.0992886], [80.2555423, 13.0992871], [80.2555771, 13.0992787], [80.255587, 13.0992765], [80.2555941, 13.0992797], [80.255598, 13.0992867], [80.2556128, 13.0993389]]}}, {"type": "Feature", "properties": {"osm_id": 1091003563, "highway": "footway", "name": null, "source": "osm_overpass"}, "geometry": {"type": "LineString", "coordinates": [[80.2555113, 13.099155], [80.2555423, 13.0992871]]}}, {"type": "Feature", "properties": {"osm_id": 1091003564, "highway": "footway", "name": null, "source": "osm_overpass"}, "geometry": {"type": "LineString", "coordinates": [[80.2555113, 13.099155], [80.2554967, 13.0990911]]}}, {"type": "Feature", "properties": {"osm_id": 1091003565, "highway": "footway", "name": null, "source": "osm_overpass"}, "geometry": {"type": "LineString", "coordinates": [[80.255512, 13.0995093], [80.2556661, 13.0995918]]}}, {"type": "Feature", "properties": {"osm_id": 1091003566, "highway": "footway", "name": null, "source": "osm_overpass"}, "geometry": {"type": "LineString", "coordinates": [[80.2552772, 13.1000111], [80.2552674, 13.1000354], [80.2552638, 13.100057], [80.2552651, 13.100079], [80.2552781, 13.1001284], [80.2553016, 13.1001743], [80.2553374, 13.1002142], [80.2553766, 13.1002371], [80.2553998, 13.1002487], [80.2554159, 13.100255], [80.2554671, 13.1002566]]}}, {"type": "Feature", "properties": {"osm_id": 1091003567, "highway": "footway", "name": null, "source": "osm_overpass"}, "geometry": {"type": "LineString", "coordinates": [[80.2550295, 13.0998927], [80.2550697, 13.099889], [80.2551196, 13.0999052], [80.2551743, 13.0999375], [80.2552082, 13.0999739], [80.2552317, 13.1000178], [80.2552442, 13.1000629], [80.255245, 13.1000798], [80.2552463, 13.1001041], [80.2552357, 13.1001607]]}}, {"type": "Feature", "properties": {"osm_id": 1091003568, "highway": "footway", "name": null, "source": "osm_overpass"}, "geometry": {"type": "LineString", "coordinates": [[80.255245, 13.1000798], [80.2552651, 13.100079]]}}, {"type": "Feature", "properties": {"osm_id": 1091003569, "highway": "footway", "name": null, "source": "osm_overpass"}, "geometry": {"type": "LineString", "coordinates": [[80.2556517, 13.1004882], [80.2555548, 13.1005652]]}}, {"type": "Feature", "properties": {"osm_id": 1091137369, "highway": "cycleway", "name": null, "source": "osm_overpass"}, "geometry": {"type": "LineString", "coordinates": [[80.1311546, 13.0409956], [80.1311257, 13.0409806], [80.1310969, 13.0409727], [80.1310635, 13.0409824], [80.1310463, 13.0409947], [80.1310247, 13.0410202], [80.1310139, 13.0410316], [80.1310012, 13.0410553], [80.1309787, 13.0410395], [80.1309471, 13.041029], [80.1309074, 13.0410299], [80.1308776, 13.041043], [80.1308596, 13.0410466], [80.1308154, 13.0410369], [80.1307775, 13.0410386], [80.1306963, 13.0410694], [80.1306521, 13.0410914], [80.1306431, 13.0410993], [80.1306277, 13.0410912], [80.1305997, 13.0410974], [80.1305871, 13.0411115], [80.1305573, 13.0411062], [80.1305095, 13.0411], [80.1304815, 13.0410983], [80.1304509, 13.0411194], [80.130413, 13.0411774], [80.1304175, 13.0411967], [80.1304193, 13.0412301], [80.1304373, 13.0412468], [80.130459, 13.0412644], [80.1304978, 13.0412811], [80.1305212, 13.0412802], [80.1305447, 13.0412776], [80.1305573, 13.0412881], [80.1305555, 13.0413075], [80.1305357, 13.0413101], [80.1304996, 13.0413136], [80.130471, 13.0413142], [80.1304302, 13.0413293], [80.1304238, 13.0413392], [80.130427, 13.0413596], [80.130464, 13.0413931], [80.1304828, 13.0414072], [80.1304926, 13.0414297], [80.1304679, 13.0414323], [80.130455, 13.0414402], [80.130477, 13.0414438], [80.1304829, 13.0414585], [80.130484, 13.0414762], [80.1304974, 13.0414783], [80.1305151, 13.0414726], [80.1305146, 13.0414517], [80.1305253, 13.0414281], [80.1305639, 13.0414234], [80.1305923, 13.0414083], [80.1306116, 13.0413895], [80.130624, 13.0413785], [80.1306358, 13.0413592], [80.1306363, 13.0413414], [80.1306202, 13.0413194], [80.1306025, 13.0413111]]}}, {"type": "Feature", "properties": {"osm_id": 1091137370, "highway": "cycleway", "name": null, "source": "osm_overpass"}, "geometry": {"type": "LineString", "coordinates": [[80.1306025, 13.0413111], [80.1305913, 13.041297], [80.1305961, 13.0412797], [80.1306192, 13.0412693], [80.1306395, 13.041252], [80.1306878, 13.0412522], [80.1307098, 13.0412464], [80.1307436, 13.0412412], [80.1307699, 13.0412182], [80.1308031, 13.0411973], [80.1308337, 13.0411926], [80.1308916, 13.0412114], [80.1309367, 13.0412114], [80.1309694, 13.0412062], [80.131003, 13.0411891], [80.1310145, 13.0411618], [80.1310138, 13.0411028], [80.1310693, 13.041132], [80.1311114, 13.0411413], [80.1311414, 13.0411289], [80.1311574, 13.0411158], [80.13118, 13.0410915], [80.1311876, 13.0410623], [80.1311882, 13.0410418], [80.1311697, 13.041002], [80.1311546, 13.0409956]]}}, {"type": "Feature", "properties": {"osm_id": 1091137389, "highway": "cycleway", "name": null, "source": "osm_overpass"}, "geometry": {"type": "LineString", "coordinates": [[80.1333324, 13.0408563], [80.133346, 13.0408046], [80.1333263, 13.0407691], [80.1332951, 13.0407599], [80.1332762, 13.0407544], [80.1332186, 13.0407277], [80.1331685, 13.0406391], [80.1331473, 13.0404646], [80.1331537, 13.0404284], [80.1331609, 13.0403878], [80.1331533, 13.0402754], [80.13317, 13.040234], [80.1332049, 13.0402089], [80.1332474, 13.0402104], [80.1332747, 13.0402355], [80.1332914, 13.0403065], [80.1332565, 13.0403405], [80.1333491, 13.0403449], [80.1334356, 13.0403759], [80.1334431, 13.0404173], [80.1334735, 13.040543], [80.133475, 13.0406464], [80.133472, 13.0407248], [80.1334431, 13.0408105], [80.1334113, 13.0408401], [80.1333688, 13.0408623], [80.1333324, 13.0408563]]}}, {"type": "Feature", "properties": {"osm_id": 1091137396, "highway": "path", "name": null, "source": "osm_overpass"}, "geometry": {"type": "LineString", "coordinates": [[80.130484, 13.0414762], [80.1305051, 13.0415331]]}}, {"type": "Feature", "properties": {"osm_id": 1091661744, "highway": "pedestrian", "name": null, "source": "osm_overpass"}, "geometry": {"type": "LineString", "coordinates": [[80.2668837, 12.9901739], [80.2664378, 12.990248]]}}, {"type": "Feature", "properties": {"osm_id": 1094419431, "highway": "pedestrian", "name": null, "source": "osm_overpass"}, "geometry": {"type": "LineString", "coordinates": [[80.2422432, 13.1072779], [80.2422765, 13.1070951]]}}, {"type": "Feature", "properties": {"osm_id": 1094419433, "highway": "pedestrian", "name": null, "source": "osm_overpass"}, "geometry": {"type": "LineString", "coordinates": [[80.2422374, 13.1076792], [80.2422242, 13.1077662], [80.2422054, 13.1078406], [80.2421799, 13.1078876], [80.2421368, 13.1079387]]}}, {"type": "Feature", "properties": {"osm_id": 1095373411, "highway": "path", "name": null, "source": "osm_overpass"}, "geometry": {"type": "LineString", "coordinates": [[80.0740464, 13.1188409], [80.0740288, 13.1184978]]}}, {"type": "Feature", "properties": {"osm_id": 1095373412, "highway": "path", "name": null, "source": "osm_overpass"}, "geometry": {"type": "LineString", "coordinates": [[80.0743476, 13.1191226], [80.0742815, 13.118839]]}}, {"type": "Feature", "properties": {"osm_id": 1095373414, "highway": "path", "name": null, "source": "osm_overpass"}, "geometry": {"type": "LineString", "coordinates": [[80.0742118, 13.1184947], [80.0741896, 13.1183841]]}}, {"type": "Feature", "properties": {"osm_id": 1098228009, "highway": "footway", "name": null, "source": "osm_overpass"}, "geometry": {"type": "LineString", "coordinates": [[80.1624259, 12.9483213], [80.1624173, 12.9483489], [80.1623715, 12.9484952], [80.1623252, 12.9485957], [80.1622428, 12.9486741], [80.1620305, 12.9487835], [80.1616901, 12.9487895]]}}, {"type": "Feature", "properties": {"osm_id": 1103965663, "highway": "footway", "name": null, "source": "osm_overpass"}, "geometry": {"type": "LineString", "coordinates": [[80.2909362, 13.090624], [80.2909813, 13.0907519], [80.2911218, 13.0911697], [80.2912944, 13.0916961], [80.2913001, 13.0917134], [80.2914471, 13.092161]]}}, {"type": "Feature", "properties": {"osm_id": 1103965664, "highway": "footway", "name": null, "source": "osm_overpass"}, "geometry": {"type": "LineString", "coordinates": [[80.2914471, 13.092161], [80.2914591, 13.092203], [80.2914766, 13.0922595]]}}, {"type": "Feature", "properties": {"osm_id": 1103965665, "highway": "footway", "name": null, "source": "osm_overpass"}, "geometry": {"type": "LineString", "coordinates": [[80.2914766, 13.0922595], [80.2916032, 13.092654]]}}, {"type": "Feature", "properties": {"osm_id": 1103965666, "highway": "footway", "name": null, "source": "osm_overpass"}, "geometry": {"type": "LineString", "coordinates": [[80.2916698, 13.0928311], [80.291737, 13.0930382], [80.2919033, 13.0935416], [80.2919112, 13.0935639], [80.2919222, 13.0935787], [80.2919391, 13.0935985]]}}, {"type": "Feature", "properties": {"osm_id": 1103973188, "highway": "footway", "name": "Beach Railway Station Pedestrians Subway", "source": "osm_overpass"}, "geometry": {"type": "LineString", "coordinates": [[80.2920418, 13.093906], [80.2920491, 13.0939292], [80.2920552, 13.0939487]]}}, {"type": "Feature", "properties": {"osm_id": 1103973189, "highway": "footway", "name": null, "source": "osm_overpass"}, "geometry": {"type": "LineString", "coordinates": [[80.2920833, 13.09404], [80.2920674, 13.0940447], [80.2919996, 13.0938243], [80.2920162, 13.0938195]]}}, {"type": "Feature", "properties": {"osm_id": 1103973190, "highway": "footway", "name": null, "source": "osm_overpass"}, "geometry": {"type": "LineString", "coordinates": [[80.2919721, 13.0936744], [80.291975, 13.0936831], [80.2920162, 13.0938195]]}}, {"type": "Feature", "properties": {"osm_id": 1103973191, "highway": "footway", "name": null, "source": "osm_overpass"}, "geometry": {"type": "LineString", "coordinates": [[80.2919391, 13.0935985], [80.29195, 13.0936133], [80.2919605, 13.0936362], [80.2919721, 13.0936744]]}}, {"type": "Feature", "properties": {"osm_id": 1103973193, "highway": "footway", "name": "Beach Railway Station Pedestrians Subway", "source": "osm_overpass"}, "geometry": {"type": "LineString", "coordinates": [[80.2922629, 13.0938467], [80.2922692, 13.0938667], [80.2922763, 13.0938894]]}}, {"type": "Feature", "properties": {"osm_id": 1103973195, "highway": "footway", "name": "Beach Railway Station Pedestrians Subway", "source": "osm_overpass"}, "geometry": {"type": "LineString", "coordinates": [[80.2920557, 13.0939274], [80.2922611, 13.093869]]}}, {"type": "Feature", "properties": {"osm_id": 1103973196, "highway": "footway", "name": "Beach Railway Station Pedestrians Subway", "source": "osm_overpass"}, "geometry": {"type": "LineString", "coordinates": [[80.2920491, 13.0939292], [80.2920557, 13.0939274]]}}, {"type": "Feature", "properties": {"osm_id": 1103973197, "highway": "footway", "name": "Beach Railway Station Pedestrians Subway", "source": "osm_overpass"}, "geometry": {"type": "LineString", "coordinates": [[80.2922611, 13.093869], [80.2922692, 13.0938667]]}}, {"type": "Feature", "properties": {"osm_id": 1103973199, "highway": "footway", "name": null, "source": "osm_overpass"}, "geometry": {"type": "LineString", "coordinates": [[80.291975, 13.0936831], [80.2914588, 13.0938303], [80.2914525, 13.0938337], [80.2914436, 13.0938409], [80.2914376, 13.09385], [80.2914355, 13.093859], [80.2914349, 13.0938694], [80.2914361, 13.0938802], [80.2914386, 13.0938906], [80.2915547, 13.0942711], [80.2917231, 13.0948361], [80.2918243, 13.0951573], [80.2917732, 13.0951729]]}}, {"type": "Feature", "properties": {"osm_id": 1103973201, "highway": "footway", "name": null, "source": "osm_overpass"}, "geometry": {"type": "LineString", "coordinates": [[80.2914376, 13.09385], [80.2913587, 13.093821]]}}, {"type": "Feature", "properties": {"osm_id": 1103973203, "highway": "footway", "name": null, "source": "osm_overpass"}, "geometry": {"type": "LineString", "coordinates": [[80.2920833, 13.09404], [80.2921002, 13.0941009], [80.29228, 13.0947485], [80.2922853, 13.0947669], [80.2923286, 13.0949159], [80.2923739, 13.0950726], [80.2923956, 13.0951479]]}}, {"type": "Feature", "properties": {"osm_id": 1103973204, "highway": "footway", "name": null, "source": "osm_overpass"}, "geometry": {"type": "LineString", "coordinates": [[80.2923956, 13.0951479], [80.2918172, 13.0953159]]}}, {"type": "Feature", "properties": {"osm_id": 1103973206, "highway": "footway", "name": null, "source": "osm_overpass"}, "geometry": {"type": "LineString", "coordinates": [[80.2923956, 13.0951479], [80.2924059, 13.0951815]]}}, {"type": "Feature", "properties": {"osm_id": 1103973207, "highway": "footway", "name": null, "source": "osm_overpass"}, "geometry": {"type": "LineString", "coordinates": [[80.2925954, 13.0950068], [80.2925388, 13.0950236], [80.2925046, 13.0950338], [80.2924588, 13.0950474], [80.2923969, 13.0950659]]}}, {"type": "Feature", "properties": {"osm_id": 1103973208, "highway": "footway", "name": null, "source": "osm_overpass"}, "geometry": {"type": "LineString", "coordinates": [[80.2923969, 13.0950659], [80.2923739, 13.0950726]]}}, {"type": "Feature", "properties": {"osm_id": 1103976789, "highway": "footway", "name": null, "source": "osm_overpass"}, "geometry": {"type": "LineString", "coordinates": [[80.2924059, 13.0951815], [80.2924432, 13.0952112]]}}, {"type": "Feature", "properties": {"osm_id": 1103976790, "highway": "footway", "name": null, "source": "osm_overpass"}, "geometry": {"type": "LineString", "coordinates": [[80.2924432, 13.0952112], [80.2924595, 13.0952247], [80.2924746, 13.0952388], [80.292489, 13.0952541], [80.2924987, 13.0952711], [80.2925101, 13.0952946], [80.2925907, 13.0955276], [80.2926272, 13.095633], [80.2929133, 13.0964599]]}}, {"type": "Feature", "properties": {"osm_id": 1103976791, "highway": "footway", "name": null, "source": "osm_overpass"}, "geometry": {"type": "LineString", "coordinates": [[80.2929133, 13.0964599], [80.2929266, 13.0964982]]}}, {"type": "Feature", "properties": {"osm_id": 1104403426, "highway": "pedestrian", "name": null, "source": "osm_overpass"}, "geometry": {"type": "LineString", "coordinates": [[80.287996, 13.0940483], [80.2879588, 13.0938467]]}}, {"type": "Feature", "properties": {"osm_id": 1104590045, "highway": "footway", "name": null, "source": "osm_overpass"}, "geometry": {"type": "LineString", "coordinates": [[80.2912216, 13.0943594], [80.2911652, 13.0943646], [80.2911391, 13.094366], [80.2911129, 13.094366], [80.2910756, 13.0943618], [80.29101, 13.0943547], [80.2909895, 13.0943529], [80.2909669, 13.0943535], [80.2908463, 13.0943562]]}}, {"type": "Feature", "properties": {"osm_id": 1105437585, "highway": "footway", "name": "PRAKASAM SALAI ROAD", "source": "osm_overpass"}, "geometry": {"type": "LineString", "coordinates": [[80.28633, 13.0950552], [80.2863584, 13.0952659], [80.2864811, 13.0961775], [80.2865681, 13.0968235]]}}, {"type": "Feature", "properties": {"osm_id": 1105437586, "highway": "footway", "name": null, "source": "osm_overpass"}, "geometry": {"type": "LineString", "coordinates": [[80.2865681, 13.0968235], [80.2865717, 13.0968516], [80.2865735, 13.0968692], [80.2865742, 13.0968843]]}}, {"type": "Feature", "properties": {"osm_id": 1105437587, "highway": "footway", "name": null, "source": "osm_overpass"}, "geometry": {"type": "LineString", "coordinates": [[80.2863271, 13.0950328], [80.2863239, 13.0950067]]}}, {"type": "Feature", "properties": {"osm_id": 1105437588, "highway": "footway", "name": "MANNADI POLICE QUARTERS", "source": "osm_overpass"}, "geometry": {"type": "LineString", "coordinates": [[80.2863239, 13.0950067], [80.2861767, 13.0937554]]}}, {"type": "Feature", "properties": {"osm_id": 1105437589, "highway": "footway", "name": null, "source": "osm_overpass"}, "geometry": {"type": "LineString", "coordinates": [[80.2863827, 13.0961894], [80.2863985, 13.0961875]]}}, {"type": "Feature", "properties": {"osm_id": 1105437590, "highway": "footway", "name": null, "source": "osm_overpass"}, "geometry": {"type": "LineString", "coordinates": [[80.2863985, 13.0961875], [80.2864393, 13.0961825], [80.2864678, 13.0961791]]}}, {"type": "Feature", "properties": {"osm_id": 1105437591, "highway": "footway", "name": null, "source": "osm_overpass"}, "geometry": {"type": "LineString", "coordinates": [[80.2864678, 13.0961791], [80.2864811, 13.0961775]]}}, {"type": "Feature", "properties": {"osm_id": 1105437592, "highway": "footway", "name": null, "source": "osm_overpass"}, "geometry": {"type": "LineString", "coordinates": [[80.2862717, 13.0952773], [80.2863062, 13.0952729], [80.2863584, 13.0952659]]}}, {"type": "Feature", "properties": {"osm_id": 1105437593, "highway": "footway", "name": null, "source": "osm_overpass"}, "geometry": {"type": "LineString", "coordinates": [[80.2861767, 13.0937554], [80.2861728, 13.0937298], [80.2861691, 13.0937098]]}}, {"type": "Feature", "properties": {"osm_id": 1105437594, "highway": "footway", "name": null, "source": "osm_overpass"}, "geometry": {"type": "LineString", "coordinates": [[80.2861691, 13.0937098], [80.2860515, 13.0928962]]}}, {"type": "Feature", "properties": {"osm_id": 1107110868, "highway": "footway", "name": null, "source": "osm_overpass"}, "geometry": {"type": "LineString", "coordinates": [[80.2299768, 13.0350943], [80.2292248, 13.035214], [80.2288451, 13.0352684], [80.2285944, 13.0352684], [80.2284487, 13.035282], [80.2281641, 13.0352681], [80.227904, 13.0352489], [80.227602, 13.0352953], [80.2273487, 13.0353458], [80.2272666, 13.0354942], [80.2274618, 13.0361992], [80.2276537, 13.0369059], [80.2277471, 13.0371187], [80.227812, 13.0372385], [80.227845, 13.0372738], [80.2278461, 13.0373138], [80.2278237, 13.0373386], [80.227799, 13.037351]]}}, {"type": "Feature", "properties": {"osm_id": 1110183952, "highway": "footway", "name": null, "source": "osm_overpass"}, "geometry": {"type": "LineString", "coordinates": [[80.2865742, 13.0968843], [80.2866139, 13.0976927], [80.2866647, 13.0984932]]}}, {"type": "Feature", "properties": {"osm_id": 1110183953, "highway": "footway", "name": null, "source": "osm_overpass"}, "geometry": {"type": "LineString", "coordinates": [[80.2866647, 13.0984932], [80.2866656, 13.0985037]]}}, {"type": "Feature", "properties": {"osm_id": 1112645058, "highway": "footway", "name": null, "source": "osm_overpass"}, "geometry": {"type": "LineString", "coordinates": [[80.0680555, 12.925265], [80.0669573, 12.9252134]]}}, {"type": "Feature", "properties": {"osm_id": 1112645059, "highway": "footway", "name": null, "source": "osm_overpass"}, "geometry": {"type": "LineString", "coordinates": [[80.0681915, 12.9266687], [80.0672016, 12.9263708]]}}, {"type": "Feature", "properties": {"osm_id": 1112851448, "highway": "footway", "name": null, "source": "osm_overpass"}, "geometry": {"type": "LineString", "coordinates": [[80.2798993, 13.0390991], [80.2801524, 13.0390308], [80.2801839, 13.0390164], [80.2802094, 13.0389988], [80.2802362, 13.0389707], [80.2802543, 13.0389374], [80.2802603, 13.0389093], [80.2802624, 13.0388766], [80.2802413, 13.0387026], [80.2802294, 13.0386041], [80.2802148, 13.038484], [80.2801875, 13.0382604], [80.2801585, 13.0380288], [80.2801342, 13.0378171], [80.2801087, 13.0375952], [80.2800837, 13.0373775], [80.280058, 13.0371539], [80.2800433, 13.0370262]]}}, {"type": "Feature", "properties": {"osm_id": 1112851449, "highway": "footway", "name": null, "source": "osm_overpass"}, "geometry": {"type": "LineString", "coordinates": [[80.28019, 13.03871], [80.2802413, 13.0387026]]}}, {"type": "Feature", "properties": {"osm_id": 1112851450, "highway": "footway", "name": null, "source": "osm_overpass"}, "geometry": {"type": "LineString", "coordinates": [[80.2801556, 13.0384915], [80.2802148, 13.038484]]}}, {"type": "Feature", "properties": {"osm_id": 1112851451, "highway": "footway", "name": null, "source": "osm_overpass"}, "geometry": {"type": "LineString", "coordinates": [[80.2801262, 13.0382676], [80.2801875, 13.0382604]]}}, {"type": "Feature", "properties": {"osm_id": 1112851452, "highway": "footway", "name": null, "source": "osm_overpass"}, "geometry": {"type": "LineString", "coordinates": [[80.2800937, 13.0380371], [80.2801585, 13.0380288]]}}, {"type": "Feature", "properties": {"osm_id": 1112851460, "highway": "footway", "name": null, "source": "osm_overpass"}, "geometry": {"type": "LineString", "coordinates": [[80.2798716, 13.0391073], [80.2798993, 13.0390991]]}}, {"type": "Feature", "properties": {"osm_id": 1112851461, "highway": "footway", "name": null, "source": "osm_overpass"}, "geometry": {"type": "LineString", "coordinates": [[80.2800695, 13.0378258], [80.2801342, 13.0378171]]}}, {"type": "Feature", "properties": {"osm_id": 1112851462, "highway": "footway", "name": null, "source": "osm_overpass"}, "geometry": {"type": "LineString", "coordinates": [[80.2800437, 13.0376035], [80.2801087, 13.0375952]]}}, {"type": "Feature", "properties": {"osm_id": 1112851463, "highway": "footway", "name": null, "source": "osm_overpass"}, "geometry": {"type": "LineString", "coordinates": [[80.2800131, 13.0373865], [80.2800837, 13.0373775]]}}, {"type": "Feature", "properties": {"osm_id": 1112851464, "highway": "footway", "name": null, "source": "osm_overpass"}, "geometry": {"type": "LineString", "coordinates": [[80.279984, 13.0371643], [80.280058, 13.0371539]]}}, {"type": "Feature", "properties": {"osm_id": 1112851466, "highway": "footway", "name": null, "source": "osm_overpass"}, "geometry": {"type": "LineString", "coordinates": [[80.2800433, 13.0370262], [80.2800405, 13.0370005]]}}, {"type": "Feature", "properties": {"osm_id": 1115397650, "highway": "pedestrian", "name": null, "source": "osm_overpass"}, "geometry": {"type": "LineString", "coordinates": [[80.2709492, 13.0814575], [80.270974, 13.081321], [80.2709862, 13.0812704], [80.2710027, 13.0812379], [80.2710226, 13.0812128], [80.2710424, 13.0811979], [80.2710644, 13.0811815], [80.2711016, 13.0811605], [80.2711345, 13.0811468], [80.271166, 13.0811379], [80.2711955, 13.0811343], [80.2712311, 13.0811363], [80.271274, 13.0811445], [80.2713869, 13.0811749], [80.2713986, 13.0811969], [80.2714092, 13.0812168], [80.2712947, 13.0811922], [80.2712106, 13.0811793], [80.271177, 13.0811798], [80.2711446, 13.081185], [80.271111, 13.0811953], [80.2710791, 13.081213], [80.2710525, 13.0812342], [80.2710354, 13.0812519], [80.2710233, 13.0812695], [80.2710216, 13.0812778], [80.2710178, 13.0812962], [80.2709991, 13.081386], [80.2709492, 13.0814575]]}}, {"type": "Feature", "properties": {"osm_id": 1115397651, "highway": "footway", "name": null, "source": "osm_overpass"}, "geometry": {"type": "LineString", "coordinates": [[80.2713986, 13.0811969], [80.2712282, 13.0811624], [80.2711957, 13.0811598], [80.2711659, 13.0811629], [80.2711287, 13.0811738], [80.2710904, 13.0811898], [80.2710692, 13.0812025], [80.2710653, 13.0812049], [80.2710398, 13.0812225], [80.2710217, 13.0812437], [80.2710111, 13.0812645], [80.2710004, 13.0812951], [80.2709492, 13.0814575]]}}, {"type": "Feature", "properties": {"osm_id": 1115397652, "highway": "footway", "name": null, "source": "osm_overpass"}, "geometry": {"type": "LineString", "coordinates": [[80.2710908, 13.0812598], [80.2711009, 13.0812601], [80.2711103, 13.0812635], [80.271118, 13.0812699], [80.2711229, 13.0812779], [80.271125, 13.0812869], [80.271124, 13.0812962], [80.27112, 13.0813046], [80.2711136, 13.0813114], [80.2711052, 13.0813159], [80.2710959, 13.0813176], [80.2710908, 13.0813169], [80.2710864, 13.0813164], [80.2710779, 13.0813123], [80.2710708, 13.0813053], [80.2710664, 13.0812964], [80.2710654, 13.0812867], [80.2710677, 13.0812771], [80.2710732, 13.0812689], [80.2710812, 13.0812629], [80.2710908, 13.0812598]]}}, {"type": "Feature", "properties": {"osm_id": 1115397653, "highway": "footway", "name": null, "source": "osm_overpass"}, "geometry": {"type": "LineString", "coordinates": [[80.2710745, 13.0814009], [80.2710908, 13.0813169]]}}, {"type": "Feature", "properties": {"osm_id": 1115397654, "highway": "footway", "name": null, "source": "osm_overpass"}, "geometry": {"type": "LineString", "coordinates": [[80.2713141, 13.0813308], [80.2712891, 13.0813263], [80.271221, 13.0813138], [80.271124, 13.0812962]]}}, {"type": "Feature", "properties": {"osm_id": 1115397655, "highway": "footway", "name": null, "source": "osm_overpass"}, "geometry": {"type": "LineString", "coordinates": [[80.2714144, 13.0813339], [80.2713554, 13.0813313], [80.2713141, 13.0813308]]}}, {"type": "Feature", "properties": {"osm_id": 1115397656, "highway": "footway", "name": null, "source": "osm_overpass"}, "geometry": {"type": "LineString", "coordinates": [[80.2714132, 13.08136], [80.2713577, 13.0813444], [80.2713141, 13.0813308]]}}, {"type": "Feature", "properties": {"osm_id": 1115397657, "highway": "footway", "name": null, "source": "osm_overpass"}, "geometry": {"type": "LineString", "coordinates": [[80.2710424, 13.0811979], [80.2710692, 13.0812025]]}}, {"type": "Feature", "properties": {"osm_id": 1115397658, "highway": "footway", "name": null, "source": "osm_overpass"}, "geometry": {"type": "LineString", "coordinates": [[80.2712891, 13.0813263], [80.2712924, 13.0813001], [80.2712947, 13.0812812], [80.2712941, 13.0812619], [80.2712921, 13.0812479], [80.2712884, 13.081239], [80.2712813, 13.0812332], [80.2712703, 13.0812319], [80.2712595, 13.0812338], [80.2712505, 13.0812404], [80.2712414, 13.0812521], [80.2712331, 13.0812691], [80.2712264, 13.0812897], [80.271221, 13.0813138], [80.271219, 13.0813419], [80.2712193, 13.0813684], [80.271224, 13.0813837], [80.2712314, 13.0813925], [80.2712398, 13.0813948], [80.2712488, 13.0813961], [80.2712579, 13.0813919], [80.2712673, 13.0813814], [80.2712783, 13.0813664], [80.2712857, 13.0813449], [80.2712891, 13.0813263]]}}, {"type": "Feature", "properties": {"osm_id": 1115397667, "highway": "footway", "name": null, "source": "osm_overpass"}, "geometry": {"type": "LineString", "coordinates": [[80.2718431, 13.0814546], [80.2718356, 13.0814544], [80.271773, 13.0814525], [80.2717101, 13.0814459], [80.2716501, 13.0814377], [80.2715922, 13.0814249], [80.2715437, 13.0814101], [80.2714829, 13.0813866], [80.2714767, 13.0813842]]}}, {"type": "Feature", "properties": {"osm_id": 1115397668, "highway": "footway", "name": null, "source": "osm_overpass"}, "geometry": {"type": "LineString", "coordinates": [[80.2718508, 13.0814162], [80.2718438, 13.0814133], [80.271785, 13.0813883], [80.2717208, 13.0813673], [80.2716532, 13.0813517], [80.2715886, 13.0813443], [80.2715202, 13.0813406], [80.2714857, 13.0813386], [80.2714782, 13.0813382]]}}, {"type": "Feature", "properties": {"osm_id": 1115397669, "highway": "footway", "name": null, "source": "osm_overpass"}, "geometry": {"type": "LineString", "coordinates": [[80.2718356, 13.0814544], [80.2718438, 13.0814133]]}}, {"type": "Feature", "properties": {"osm_id": 1115397670, "highway": "footway", "name": null, "source": "osm_overpass"}, "geometry": {"type": "LineString", "coordinates": [[80.2714829, 13.0813866], [80.2714857, 13.0813386]]}}, {"type": "Feature", "properties": {"osm_id": 1115397671, "highway": "footway", "name": null, "source": "osm_overpass"}, "geometry": {"type": "LineString", "coordinates": [[80.2714782, 13.0813382], [80.2714433, 13.0813359], [80.2714144, 13.0813339]]}}, {"type": "Feature", "properties": {"osm_id": 1115397672, "highway": "footway", "name": null, "source": "osm_overpass"}, "geometry": {"type": "LineString", "coordinates": [[80.2714767, 13.0813842], [80.2714418, 13.0813708], [80.2714132, 13.08136]]}}, {"type": "Feature", "properties": {"osm_id": 1115397673, "highway": "pedestrian", "name": null, "source": "osm_overpass"}, "geometry": {"type": "LineString", "coordinates": [[80.2714875, 13.0812345], [80.2715023, 13.0812203], [80.2715214, 13.081202], [80.2716947, 13.0812419], [80.2718139, 13.0812673], [80.2718595, 13.081277], [80.271865, 13.0812975], [80.2718706, 13.0813179], [80.2718696, 13.081333], [80.2718637, 13.0813566], [80.2718541, 13.0813995], [80.2718447, 13.0813129], [80.2716922, 13.0812785], [80.27154, 13.0812465], [80.2714875, 13.0812345]]}}, {"type": "Feature", "properties": {"osm_id": 1115397674, "highway": "footway", "name": null, "source": "osm_overpass"}, "geometry": {"type": "LineString", "coordinates": [[80.271865, 13.0812975], [80.2715023, 13.0812203]]}}, {"type": "Feature", "properties": {"osm_id": 1115397675, "highway": "footway", "name": null, "source": "osm_overpass"}, "geometry": {"type": "LineString", "coordinates": [[80.2715023, 13.0812203], [80.2714486, 13.0812082], [80.2713986, 13.0811969]]}}, {"type": "Feature", "properties": {"osm_id": 1115397678, "highway": "pedestrian", "name": null, "source": "osm_overpass"}, "geometry": {"type": "LineString", "coordinates": [[80.272315, 13.0813907], [80.2723079, 13.0813706], [80.2723017, 13.0813527], [80.2721638, 13.081334], [80.272068, 13.0813185], [80.2719797, 13.0813019], [80.2719584, 13.0813189], [80.2719407, 13.081333], [80.2720268, 13.0813471], [80.2721284, 13.0813642], [80.2721981, 13.0813751], [80.2722812, 13.0813855], [80.272315, 13.0813907]]}}, {"type": "Feature", "properties": {"osm_id": 1115397679, "highway": "footway", "name": null, "source": "osm_overpass"}, "geometry": {"type": "LineString", "coordinates": [[80.2723079, 13.0813706], [80.2722213, 13.0813589], [80.2721191, 13.0813439], [80.2720261, 13.0813304], [80.2719584, 13.0813189]]}}, {"type": "Feature", "properties": {"osm_id": 1115397680, "highway": "footway", "name": null, "source": "osm_overpass"}, "geometry": {"type": "LineString", "coordinates": [[80.2719584, 13.0813189], [80.2719016, 13.0813059], [80.271865, 13.0812975]]}}, {"type": "Feature", "properties": {"osm_id": 1115397682, "highway": "pedestrian", "name": null, "source": "osm_overpass"}, "geometry": {"type": "LineString", "coordinates": [[80.2722796, 13.0816016], [80.2722869, 13.0815678], [80.2723034, 13.0814915], [80.2723105, 13.0814591], [80.2722817, 13.0814726], [80.2722402, 13.0814783], [80.2721694, 13.0814809], [80.2721189, 13.0814799], [80.2720949, 13.0814752], [80.272097, 13.0814472], [80.2720965, 13.0814192], [80.2720891, 13.0813974], [80.2720757, 13.081384], [80.2720507, 13.0813788], [80.2720342, 13.0813819], [80.2720161, 13.081398], [80.2719991, 13.0814182], [80.2719847, 13.0814493], [80.2719065, 13.0814285], [80.2719047, 13.0814369], [80.2719002, 13.0814581], [80.2718974, 13.0814715], [80.2719826, 13.0814818], [80.271982, 13.0815072], [80.2719831, 13.0815238], [80.2719911, 13.0815482], [80.2720108, 13.0815648], [80.2720294, 13.08157], [80.2720427, 13.0815653], [80.2720613, 13.0815497], [80.2720832, 13.0815238], [80.2720906, 13.0815031], [80.2721337, 13.0815135], [80.2721678, 13.0815259], [80.2722333, 13.0815648], [80.2722796, 13.0816016]]}}, {"type": "Feature", "properties": {"osm_id": 1115397683, "highway": "footway", "name": null, "source": "osm_overpass"}, "geometry": {"type": "LineString", "coordinates": [[80.2723034, 13.0814915], [80.2722046, 13.0814952], [80.2721498, 13.0814942], [80.2721019, 13.0814921]]}}, {"type": "Feature", "properties": {"osm_id": 1115397684, "highway": "footway", "name": null, "source": "osm_overpass"}, "geometry": {"type": "LineString", "coordinates": [[80.2721019, 13.0814921], [80.2721492, 13.0815053], [80.2721998, 13.0815245], [80.2722869, 13.0815678]]}}, {"type": "Feature", "properties": {"osm_id": 1115397685, "highway": "footway", "name": null, "source": "osm_overpass"}, "geometry": {"type": "LineString", "coordinates": [[80.2721019, 13.0814921], [80.272079, 13.0814877], [80.2719978, 13.0814719], [80.2719798, 13.0814684]]}}, {"type": "Feature", "properties": {"osm_id": 1115397686, "highway": "footway", "name": null, "source": "osm_overpass"}, "geometry": {"type": "LineString", "coordinates": [[80.2718508, 13.0814162], [80.2718762, 13.0814261], [80.2719047, 13.0814369]]}}, {"type": "Feature", "properties": {"osm_id": 1115397687, "highway": "footway", "name": null, "source": "osm_overpass"}, "geometry": {"type": "LineString", "coordinates": [[80.2718431, 13.0814546], [80.2718698, 13.0814563], [80.2719002, 13.0814581]]}}, {"type": "Feature", "properties": {"osm_id": 1115397688, "highway": "footway", "name": null, "source": "osm_overpass"}, "geometry": {"type": "LineString", "coordinates": [[80.2719047, 13.0814369], [80.2719798, 13.0814684]]}}, {"type": "Feature", "properties": {"osm_id": 1115397689, "highway": "footway", "name": null, "source": "osm_overpass"}, "geometry": {"type": "LineString", "coordinates": [[80.2719002, 13.0814581], [80.2719798, 13.0814684]]}}, {"type": "Feature", "properties": {"osm_id": 1115397691, "highway": "footway", "name": null, "source": "osm_overpass"}, "geometry": {"type": "LineString", "coordinates": [[80.272079, 13.0814877], [80.2720842, 13.0814559], [80.2720863, 13.0814243], [80.2720815, 13.0814056], [80.2720677, 13.0813952], [80.2720485, 13.0813942], [80.2720352, 13.0813994], [80.2720161, 13.0814206], [80.2720038, 13.0814471], [80.2719978, 13.0814719], [80.2719958, 13.0815067], [80.2720017, 13.0815311], [80.2720097, 13.081543], [80.272023, 13.0815497], [80.2720363, 13.0815497], [80.2720506, 13.0815399], [80.2720671, 13.0815155], [80.272079, 13.0814877]]}}, {"type": "Feature", "properties": {"osm_id": 1115397692, "highway": "footway", "name": null, "source": "osm_overpass"}, "geometry": {"type": "LineString", "coordinates": [[80.2709477, 13.0811824], [80.2708824, 13.0811716], [80.2708491, 13.0811662]]}}, {"type": "Feature", "properties": {"osm_id": 1115399659, "highway": "pedestrian", "name": null, "source": "osm_overpass"}, "geometry": {"type": "LineString", "coordinates": [[80.2723405, 13.0816259], [80.2723486, 13.0815913], [80.2723631, 13.0815294], [80.2723687, 13.0815052], [80.2723902, 13.0815325], [80.272411, 13.0815497], [80.2724291, 13.0815608], [80.2724443, 13.0815655], [80.2724604, 13.0815686], [80.2724929, 13.0815678], [80.2724922, 13.0815898], [80.2724916, 13.0816083], [80.2724666, 13.0816114], [80.2724251, 13.0816228], [80.2723878, 13.0816275], [80.2723564, 13.0816275], [80.2723405, 13.0816259]]}}, {"type": "Feature", "properties": {"osm_id": 1115399660, "highway": "pedestrian", "name": null, "source": "osm_overpass"}, "geometry": {"type": "LineString", "coordinates": [[80.2725227, 13.0814238], [80.2725151, 13.0814022], [80.2725073, 13.081382], [80.2724196, 13.0813689], [80.2724045, 13.0813839], [80.2723891, 13.0813993], [80.2724297, 13.0814036], [80.2724737, 13.0814098], [80.2724986, 13.081416], [80.2725227, 13.0814238]]}}, {"type": "Feature", "properties": {"osm_id": 1115399661, "highway": "footway", "name": null, "source": "osm_overpass"}, "geometry": {"type": "LineString", "coordinates": [[80.2725151, 13.0814022], [80.2724736, 13.0813934], [80.2724414, 13.0813887], [80.2724045, 13.0813839]]}}, {"type": "Feature", "properties": {"osm_id": 1115399662, "highway": "footway", "name": null, "source": "osm_overpass"}, "geometry": {"type": "LineString", "coordinates": [[80.2724045, 13.0813839], [80.2723499, 13.0813764], [80.2723079, 13.0813706]]}}, {"type": "Feature", "properties": {"osm_id": 1115399663, "highway": "footway", "name": null, "source": "osm_overpass"}, "geometry": {"type": "LineString", "coordinates": [[80.2723034, 13.0814915], [80.2723117, 13.0814921], [80.2723268, 13.0814977], [80.2723323, 13.0815012], [80.2723409, 13.0815068], [80.2723631, 13.0815294]]}}, {"type": "Feature", "properties": {"osm_id": 1115399664, "highway": "footway", "name": null, "source": "osm_overpass"}, "geometry": {"type": "LineString", "coordinates": [[80.2722869, 13.0815678], [80.2723083, 13.0815803], [80.2723185, 13.0815846], [80.2723256, 13.0815877], [80.2723387, 13.0815905], [80.2723486, 13.0815913]]}}, {"type": "Feature", "properties": {"osm_id": 1115399665, "highway": "footway", "name": null, "source": "osm_overpass"}, "geometry": {"type": "LineString", "coordinates": [[80.2723631, 13.0815294], [80.2723871, 13.0815533], [80.2724065, 13.081569], [80.2724354, 13.0815807], [80.2724595, 13.0815879], [80.2724922, 13.0815898]]}}, {"type": "Feature", "properties": {"osm_id": 1115399666, "highway": "footway", "name": null, "source": "osm_overpass"}, "geometry": {"type": "LineString", "coordinates": [[80.2723486, 13.0815913], [80.272389, 13.0815922], [80.2724167, 13.0815912], [80.2724595, 13.0815879]]}}, {"type": "Feature", "properties": {"osm_id": 1115399681, "highway": "footway", "name": null, "source": "osm_overpass"}, "geometry": {"type": "LineString", "coordinates": [[80.2728462, 13.0816492], [80.2727884, 13.081626], [80.272732, 13.0816063], [80.2726986, 13.081598], [80.2726841, 13.0815944], [80.2726388, 13.0815872], [80.2725872, 13.0815841], [80.272551, 13.0815861]]}}, {"type": "Feature", "properties": {"osm_id": 1115399682, "highway": "footway", "name": null, "source": "osm_overpass"}, "geometry": {"type": "LineString", "coordinates": [[80.272551, 13.0815861], [80.2725197, 13.0815881], [80.2724922, 13.0815898]]}}, {"type": "Feature", "properties": {"osm_id": 1115399683, "highway": "pedestrian", "name": null, "source": "osm_overpass"}, "geometry": {"type": "LineString", "coordinates": [[80.2728801, 13.0815365], [80.2728706, 13.0814998], [80.2728611, 13.0814631], [80.2727451, 13.0814361], [80.2726152, 13.0814071], [80.2725938, 13.0814256], [80.2725759, 13.0814411], [80.2726152, 13.0814538], [80.2727588, 13.0814982], [80.2728235, 13.0815181], [80.2728801, 13.0815365]]}}, {"type": "Feature", "properties": {"osm_id": 1115399684, "highway": "footway", "name": null, "source": "osm_overpass"}, "geometry": {"type": "LineString", "coordinates": [[80.2728706, 13.0814998], [80.2727367, 13.0814626], [80.2725938, 13.0814256]]}}, {"type": "Feature", "properties": {"osm_id": 1115399685, "highway": "footway", "name": null, "source": "osm_overpass"}, "geometry": {"type": "LineString", "coordinates": [[80.2725938, 13.0814256], [80.2725519, 13.0814131], [80.2725151, 13.0814022]]}}, {"type": "Feature", "properties": {"osm_id": 1115399687, "highway": "footway", "name": null, "source": "osm_overpass"}, "geometry": {"type": "LineString", "coordinates": [[80.2726986, 13.081598], [80.2727078, 13.0815693]]}}, {"type": "Feature", "properties": {"osm_id": 1115399688, "highway": "footway", "name": null, "source": "osm_overpass"}, "geometry": {"type": "LineString", "coordinates": [[80.2727158, 13.0815706], [80.2727078, 13.0815693], [80.2727, 13.0815652], [80.2726941, 13.0815588], [80.2726908, 13.0815509], [80.2726904, 13.0815423], [80.2726931, 13.0815341], [80.2726984, 13.0815272], [80.2727058, 13.0815225], [80.2727143, 13.0815205], [80.2727231, 13.0815214], [80.272731, 13.0815252], [80.2727368, 13.0815307], [80.2727405, 13.0815378], [80.2727417, 13.0815456], [80.2727405, 13.0815533], [80.2727368, 13.0815604], [80.272731, 13.0815659], [80.2727238, 13.0815695], [80.2727158, 13.0815706]]}}, {"type": "Feature", "properties": {"osm_id": 1115399691, "highway": "pedestrian", "name": null, "source": "osm_overpass"}, "geometry": {"type": "LineString", "coordinates": [[80.2728905, 13.0816931], [80.2728966, 13.081675], [80.2729032, 13.0816553], [80.2729478, 13.081691], [80.2729994, 13.0817408], [80.2730196, 13.0817615], [80.2730425, 13.0817745], [80.2730654, 13.0817792], [80.2730878, 13.081775], [80.2731144, 13.081761], [80.2731494, 13.0817425], [80.2731347, 13.0818012], [80.2730962, 13.0819521], [80.2730766, 13.0819004], [80.2730433, 13.0818404], [80.2730074, 13.0817893], [80.2729667, 13.0817469], [80.2729261, 13.0817161], [80.2728905, 13.0816931]]}}, {"type": "Feature", "properties": {"osm_id": 1115399692, "highway": "footway", "name": null, "source": "osm_overpass"}, "geometry": {"type": "LineString", "coordinates": [[80.2728462, 13.0816492], [80.2728708, 13.0816618], [80.2728966, 13.081675]]}}, {"type": "Feature", "properties": {"osm_id": 1115399693, "highway": "footway", "name": null, "source": "osm_overpass"}, "geometry": {"type": "LineString", "coordinates": [[80.2728966, 13.081675], [80.2729318, 13.0816981], [80.2729664, 13.0817285], [80.2730103, 13.0817709], [80.273045, 13.0818063]]}}, {"type": "Feature", "properties": {"osm_id": 1115399694, "highway": "footway", "name": null, "source": "osm_overpass"}, "geometry": {"type": "LineString", "coordinates": [[80.273045, 13.0818063], [80.2730604, 13.0818285], [80.2730781, 13.0818581], [80.2730946, 13.0818931], [80.273104, 13.081857], [80.273125, 13.0817758], [80.2730984, 13.0817894], [80.2730709, 13.0817988], [80.273045, 13.0818063]]}}, {"type": "Feature", "properties": {"osm_id": 1115399695, "highway": "pedestrian", "name": null, "source": "osm_overpass"}, "geometry": {"type": "LineString", "coordinates": [[80.2730828, 13.0820246], [80.2731088, 13.0820098], [80.2731324, 13.0819962], [80.2732281, 13.081583], [80.2732288, 13.0815641], [80.2732194, 13.0815458], [80.2731919, 13.0815301], [80.2729983, 13.0814881], [80.272965, 13.0815244], [80.272937, 13.081555], [80.272969, 13.0815655], [80.2730422, 13.0815903], [80.2731316, 13.0816172], [80.2731771, 13.081632], [80.2731494, 13.0817425], [80.2731347, 13.0818012], [80.2730962, 13.0819521], [80.2730868, 13.0820012], [80.2730828, 13.0820246]]}}, {"type": "Feature", "properties": {"osm_id": 1115399696, "highway": "footway", "name": null, "source": "osm_overpass"}, "geometry": {"type": "LineString", "coordinates": [[80.2731088, 13.0820098], [80.2731422, 13.0818667], [80.2731973, 13.0816302], [80.2731983, 13.0816159], [80.2731939, 13.0816008], [80.2731872, 13.0815891], [80.2731668, 13.0815767], [80.2731403, 13.081568], [80.272965, 13.0815244]]}}, {"type": "Feature", "properties": {"osm_id": 1115399697, "highway": "footway", "name": null, "source": "osm_overpass"}, "geometry": {"type": "LineString", "coordinates": [[80.272965, 13.0815244], [80.2729219, 13.0815132], [80.2728706, 13.0814998]]}}, {"type": "Feature", "properties": {"osm_id": 1118339615, "highway": "footway", "name": null, "source": "osm_overpass"}, "geometry": {"type": "LineString", "coordinates": [[80.1911477, 12.9507806], [80.1912197, 12.950778], [80.191217, 12.9507232], [80.19127, 12.9507213], [80.1915105, 12.9507126], [80.1916579, 12.9507068], [80.1917359, 12.9507068]]}}, {"type": "Feature", "properties": {"osm_id": 1118340798, "highway": "footway", "name": null, "source": "osm_overpass"}, "geometry": {"type": "LineString", "coordinates": [[80.1916579, 12.9507068], [80.1916698, 12.9508705], [80.1915211, 12.950877], [80.1914539, 12.9508799], [80.1913267, 12.9508854], [80.1913245, 12.9508066], [80.1914507, 12.9508013], [80.1915166, 12.9507985], [80.1915105, 12.9507126]]}}, {"type": "Feature", "properties": {"osm_id": 1118341296, "highway": "footway", "name": null, "source": "osm_overpass"}, "geometry": {"type": "LineString", "coordinates": [[80.1913245, 12.9508066], [80.1912733, 12.9508087], [80.19127, 12.9507213]]}}, {"type": "Feature", "properties": {"osm_id": 1118341560, "highway": "footway", "name": null, "source": "osm_overpass"}, "geometry": {"type": "LineString", "coordinates": [[80.1915166, 12.9507985], [80.1915211, 12.950877]]}}, {"type": "Feature", "properties": {"osm_id": 1118560499, "highway": "footway", "name": null, "source": "osm_overpass"}, "geometry": {"type": "LineString", "coordinates": [[80.1913267, 12.9508854], [80.1912682, 12.9508875], [80.1912672, 12.9508439], [80.1912238, 12.9508445], [80.1912197, 12.950778]]}}, {"type": "Feature", "properties": {"osm_id": 1118560708, "highway": "footway", "name": null, "source": "osm_overpass"}, "geometry": {"type": "LineString", "coordinates": [[80.1914539, 12.9508799], [80.1914507, 12.9508013]]}}, {"type": "Feature", "properties": {"osm_id": 1118619587, "highway": "footway", "name": null, "source": "osm_overpass"}, "geometry": {"type": "LineString", "coordinates": [[80.1910012, 12.9508259], [80.1910069, 12.951145]]}}, {"type": "Feature", "properties": {"osm_id": 1119129431, "highway": "path", "name": null, "source": "osm_overpass"}, "geometry": {"type": "LineString", "coordinates": [[80.0019403, 13.1272841], [80.0019886, 13.1272906], [80.0021147, 13.1272932], [80.0022984, 13.1272854], [80.0025236, 13.1272746], [80.0025672, 13.1272778], [80.0026194, 13.1272912], [80.0026577, 13.1273317], [80.0027067, 13.1274084], [80.0027625, 13.12759], [80.0027672, 13.1276053], [80.0028155, 13.1276968], [80.0028772, 13.1277725], [80.0029469, 13.1278274], [80.0029779, 13.1278399], [80.0030019, 13.1278496], [80.0030408, 13.127847], [80.0031159, 13.1278313], [80.0032165, 13.1277791], [80.003258, 13.1277255], [80.0032701, 13.1276876], [80.0032701, 13.1276524], [80.0032594, 13.1276053], [80.0032205, 13.1274904], [80.0032071, 13.1274408], [80.0032044, 13.1273637], [80.003199, 13.1272971], [80.0031923, 13.1272566], [80.0031481, 13.1271169], [80.0030354, 13.1267695], [80.0029657, 13.1265187], [80.0027846, 13.1258772]]}}, {"type": "Feature", "properties": {"osm_id": 1119129437, "highway": "path", "name": null, "source": "osm_overpass"}, "geometry": {"type": "LineString", "coordinates": [[80.0029779, 13.1278399], [80.0029278, 13.1278707], [80.0029011, 13.1278871], [80.0028126, 13.1279197], [80.0026515, 13.127961]]}}, {"type": "Feature", "properties": {"osm_id": 1119129438, "highway": "path", "name": null, "source": "osm_overpass"}, "geometry": {"type": "LineString", "coordinates": [[80.0029547, 13.1279111], [80.0029278, 13.1278707]]}}, {"type": "Feature", "properties": {"osm_id": 1119129440, "highway": "path", "name": null, "source": "osm_overpass"}, "geometry": {"type": "LineString", "coordinates": [[80.0026785, 13.1275935], [80.0027625, 13.12759]]}}, {"type": "Feature", "properties": {"osm_id": 1119129475, "highway": "path", "name": null, "source": "osm_overpass"}, "geometry": {"type": "LineString", "coordinates": [[80.0057358, 13.129803], [80.0057601, 13.1300908], [80.0057623, 13.1302161], [80.0057609, 13.1302819], [80.0057446, 13.1303838], [80.0057435, 13.130473], [80.0057555, 13.1305877], [80.0057849, 13.1307023], [80.0058122, 13.1307926], [80.0058133, 13.1308467], [80.0057915, 13.1309762], [80.0057435, 13.1310718], [80.0056803, 13.1311386], [80.005629, 13.1311652], [80.0055233, 13.1311822], [80.0053587, 13.1311981], [80.0050916, 13.1312161], [80.0049216, 13.1312268], [80.0047819, 13.1312203]]}}, {"type": "Feature", "properties": {"osm_id": 1119129493, "highway": "path", "name": null, "source": "osm_overpass"}, "geometry": {"type": "LineString", "coordinates": [[80.0047819, 13.1312203], [80.0048199, 13.1313001], [80.0048355, 13.1313843], [80.0048199, 13.1314787], [80.0047741, 13.1315421]]}}, {"type": "Feature", "properties": {"osm_id": 1119129494, "highway": "path", "name": null, "source": "osm_overpass"}, "geometry": {"type": "LineString", "coordinates": [[80.0047819, 13.1312203], [80.004681, 13.131141], [80.0046137, 13.1310648], [80.0045752, 13.1310046], [80.0045367, 13.1309283]]}}, {"type": "Feature", "properties": {"osm_id": 1119129593, "highway": "path", "name": null, "source": "osm_overpass"}, "geometry": {"type": "LineString", "coordinates": [[79.9970374, 13.135912], [79.9970786, 13.1359609], [79.9971374, 13.1360671], [79.9971997, 13.1361547], [79.9972534, 13.1361935], [79.9973347, 13.1362036], [79.9974039, 13.1361985], [79.9975274, 13.1361757]]}}, {"type": "Feature", "properties": {"osm_id": 1119129650, "highway": "footway", "name": null, "source": "osm_overpass"}, "geometry": {"type": "LineString", "coordinates": [[80.0016851, 13.1287921], [80.001722, 13.1287969], [80.0017688, 13.1288139], [80.0018179, 13.1288298], [80.001855, 13.1288319], [80.0018942, 13.1288256], [80.0019258, 13.1288213], [80.0019578, 13.128815]]}}, {"type": "Feature", "properties": {"osm_id": 1119129651, "highway": "footway", "name": null, "source": "osm_overpass"}, "geometry": {"type": "LineString", "coordinates": [[80.0011658, 13.128774], [80.0011245, 13.128764], [80.0010449, 13.1287454], [80.0009904, 13.1287429], [80.0009516, 13.1287482]]}}, {"type": "Feature", "properties": {"osm_id": 1119149892, "highway": "footway", "name": null, "source": "osm_overpass"}, "geometry": {"type": "LineString", "coordinates": [[79.9986756, 13.1280618], [79.9980048, 13.1281731]]}}, {"type": "Feature", "properties": {"osm_id": 1119149998, "highway": "footway", "name": null, "source": "osm_overpass"}, "geometry": {"type": "LineString", "coordinates": [[79.9883611, 13.1286235], [79.9883221, 13.1286429], [79.9882754, 13.1286884], [79.9882356, 13.1287178], [79.988193, 13.1287485], [79.9881463, 13.1287753], [79.988112, 13.1288061], [79.9880996, 13.1288422], [79.9880969, 13.1288663], [79.9880777, 13.1288877], [79.9880318, 13.1289131]]}}, {"type": "Feature", "properties": {"osm_id": 1119334696, "highway": "path", "name": null, "source": "osm_overpass"}, "geometry": {"type": "LineString", "coordinates": [[79.9904023, 13.13997], [79.9903175, 13.1399924], [79.9901798, 13.1400454], [79.9900304, 13.1401096], [79.9899193, 13.1401502], [79.9898441, 13.1402055], [79.9897769, 13.1403069], [79.9897422, 13.1404038], [79.989704, 13.1404873], [79.9896878, 13.1405583], [79.9896994, 13.1406451], [79.9897341, 13.1408017], [79.9897422, 13.1408761], [79.9897781, 13.1409798], [79.9898094, 13.1410182], [79.9899031, 13.141061], [79.9899737, 13.1411117], [79.9900073, 13.14115], [79.9900698, 13.1411771], [79.9901941, 13.1412455]]}}, {"type": "Feature", "properties": {"osm_id": 1119334755, "highway": "path", "name": null, "source": "osm_overpass"}, "geometry": {"type": "LineString", "coordinates": [[79.9920824, 13.1408846], [79.9920862, 13.1409551], [79.9920889, 13.1410046], [79.9918131, 13.1410159]]}}, {"type": "Feature", "properties": {"osm_id": 1119783274, "highway": "path", "name": null, "source": "osm_overpass"}, "geometry": {"type": "LineString", "coordinates": [[80.1113512, 13.0076315], [80.1117457, 13.0079618], [80.1118717, 13.008001], [80.1120411, 13.0080288]]}}, {"type": "Feature", "properties": {"osm_id": 1119826473, "highway": "path", "name": null, "source": "osm_overpass"}, "geometry": {"type": "LineString", "coordinates": [[80.1990782, 12.8834592], [80.1994016, 12.8834199], [80.199439, 12.8833927], [80.1994724, 12.8833159]]}}, {"type": "Feature", "properties": {"osm_id": 1120030835, "highway": "footway", "name": null, "source": "osm_overpass"}, "geometry": {"type": "LineString", "coordinates": [[80.1930888, 12.9511719], [80.1930993, 12.951263], [80.1932258, 12.9512938], [80.1932352, 12.9512864], [80.1932397, 12.951279], [80.1932542, 12.9511762], [80.1932517, 12.9511675], [80.1932447, 12.9511577], [80.1932352, 12.9511564], [80.1931582, 12.9511618]]}}, {"type": "Feature", "properties": {"osm_id": 1121205431, "highway": "path", "name": null, "source": "osm_overpass"}, "geometry": {"type": "LineString", "coordinates": [[80.1962382, 13.0142579], [80.19614, 13.0142215], [80.1960684, 13.014233]]}}, {"type": "Feature", "properties": {"osm_id": 1122275987, "highway": "path", "name": null, "source": "osm_overpass"}, "geometry": {"type": "LineString", "coordinates": [[80.2993327, 13.1655318], [80.2992887, 13.1655671], [80.2992463, 13.1655892], [80.2991981, 13.1656143], [80.299153, 13.1656378], [80.299087, 13.1656722]]}}, {"type": "Feature", "properties": {"osm_id": 1123838329, "highway": "footway", "name": null, "source": "osm_overpass"}, "geometry": {"type": "LineString", "coordinates": [[80.209787, 13.0157216], [80.2098017, 13.0158155], [80.2098164, 13.0159094]]}}, {"type": "Feature", "properties": {"osm_id": 1124060299, "highway": "footway", "name": null, "source": "osm_overpass"}, "geometry": {"type": "LineString", "coordinates": [[80.1194541, 13.1253876], [80.1195458, 13.1253588], [80.1196097, 13.1253194], [80.1196886, 13.1252304]]}}, {"type": "Feature", "properties": {"osm_id": 1124066074, "highway": "footway", "name": null, "source": "osm_overpass"}, "geometry": {"type": "LineString", "coordinates": [[80.2089123, 13.1003214], [80.208859, 13.1002171], [80.2088167, 13.1001891], [80.208761, 13.1001628], [80.2086816, 13.1001776], [80.2083419, 13.1003191], [80.2081999, 13.1003627], [80.2081382, 13.1002973], [80.208039, 13.1002477], [80.2079424, 13.1001876], [80.2079075, 13.1001275], [80.2078941, 13.1000701], [80.207878, 13.1000126], [80.2078512, 13.0999708], [80.207819, 13.0999421], [80.2077749, 13.0999473], [80.2075273, 13.1000147], [80.207502, 13.1000304], [80.2074792, 13.1000682], [80.2074614, 13.1001044], [80.2074243, 13.1001299], [80.2072688, 13.1001703]]}}, {"type": "Feature", "properties": {"osm_id": 1124378406, "highway": "footway", "name": null, "source": "osm_overpass"}, "geometry": {"type": "LineString", "coordinates": [[80.2361253, 13.0410427], [80.2361116, 13.0409583]]}}, {"type": "Feature", "properties": {"osm_id": 1124765720, "highway": "footway", "name": null, "source": "osm_overpass"}, "geometry": {"type": "LineString", "coordinates": [[80.2707718, 12.9974825], [80.2706516, 12.9964657], [80.2706338, 12.9964677], [80.2705651, 12.9964756]]}}, {"type": "Feature", "properties": {"osm_id": 1124765721, "highway": "pedestrian", "name": null, "source": "osm_overpass"}, "geometry": {"type": "LineString", "coordinates": [[80.2707955, 12.9974799], [80.2707619, 12.9971951], [80.2707076, 12.9967365], [80.270673, 12.9964442], [80.2706316, 12.9964488], [80.2706338, 12.9964677], [80.2707539, 12.9974845], [80.2707718, 12.9974825], [80.2707955, 12.9974799]]}}, {"type": "Feature", "properties": {"osm_id": 1124765726, "highway": "footway", "name": null, "source": "osm_overpass"}, "geometry": {"type": "LineString", "coordinates": [[80.2707718, 12.9974825], [80.2707754, 12.9975076], [80.2707805, 12.997544]]}}, {"type": "Feature", "properties": {"osm_id": 1124765729, "highway": "pedestrian", "name": null, "source": "osm_overpass"}, "geometry": {"type": "LineString", "coordinates": [[80.2707633, 12.9975457], [80.2707805, 12.997544], [80.2708195, 12.9975401], [80.270852, 12.9975369], [80.2708984, 12.9979835], [80.2709664, 12.998638], [80.2711318, 13.0001338], [80.2711401, 13.0002084], [80.2711923, 13.0006807], [80.2711935, 13.0006931], [80.271199, 13.0007401], [80.2712036, 13.0007645], [80.2712169, 13.0008045], [80.2712477, 13.0008606], [80.2712988, 13.0009348], [80.271323, 13.0009725], [80.2716546, 13.0014886], [80.2723395, 13.0025546], [80.2723664, 13.0026381], [80.2723519, 13.0026424], [80.2723293, 13.0026487], [80.2723099, 13.0026533], [80.2722778, 13.0025707], [80.2719385, 13.0020303], [80.2711841, 13.0008885], [80.2711517, 13.0008372], [80.2711466, 13.0008292], [80.2711303, 13.0007889], [80.2711204, 13.0007465], [80.2711084, 13.0006648], [80.2710473, 13.0001304], [80.2708775, 12.9986473], [80.2707633, 12.9975457]]}}, {"type": "Feature", "properties": {"osm_id": 1124765730, "highway": "footway", "name": null, "source": "osm_overpass"}, "geometry": {"type": "LineString", "coordinates": [[80.2723353, 13.0026688], [80.2723293, 13.0026487], [80.2723097, 13.00259], [80.2722968, 13.0025626], [80.2722764, 13.0025286], [80.2713285, 13.0010665], [80.2712119, 13.0008958], [80.2711732, 13.0008337], [80.2711711, 13.0008279], [80.2711519, 13.0007738], [80.2711398, 13.0007132], [80.2711199, 13.0005524], [80.2710707, 13.0001286], [80.2709, 12.9986599], [80.2708983, 12.9986449], [80.2707805, 12.997544]]}}, {"type": "Feature", "properties": {"osm_id": 1124765731, "highway": "footway", "name": null, "source": "osm_overpass"}, "geometry": {"type": "LineString", "coordinates": [[80.2723582, 13.0026629], [80.2723519, 13.0026424], [80.2723348, 13.0025858], [80.2723241, 13.0025584], [80.2723128, 13.0025362], [80.2716397, 13.0014963], [80.2713575, 13.0010604], [80.2713061, 13.0009832], [80.2712236, 13.0008595], [80.2711987, 13.0008139], [80.2711856, 13.0007707], [80.2711067, 13.0001252], [80.2709306, 12.9986417], [80.2708647, 12.997988], [80.2708195, 12.9975401], [80.2708144, 12.9975023]]}}, {"type": "Feature", "properties": {"osm_id": 1124765732, "highway": "footway", "name": null, "source": "osm_overpass"}, "geometry": {"type": "LineString", "coordinates": [[80.2708775, 12.9986473], [80.2708983, 12.9986449]]}}, {"type": "Feature", "properties": {"osm_id": 1124765733, "highway": "footway", "name": null, "source": "osm_overpass"}, "geometry": {"type": "LineString", "coordinates": [[80.2708983, 12.9986449], [80.2709306, 12.9986417], [80.2709664, 12.998638]]}}, {"type": "Feature", "properties": {"osm_id": 1124765736, "highway": "footway", "name": null, "source": "osm_overpass"}, "geometry": {"type": "LineString", "coordinates": [[80.2708775, 12.9986473], [80.2708163, 12.9986539], [80.270732, 12.9986629], [80.2706625, 12.9986703]]}}, {"type": "Feature", "properties": {"osm_id": 1124797376, "highway": "path", "name": null, "source": "osm_overpass"}, "geometry": {"type": "LineString", "coordinates": [[80.2786193, 13.0733225], [80.2785519, 13.0732979], [80.2785101, 13.0732624], [80.2784603, 13.0732034], [80.2784239, 13.0731351], [80.2783821, 13.0730498], [80.2783457, 13.0730052], [80.278304, 13.072971], [80.2782325, 13.0729382], [80.2781396, 13.0729172], [80.2780682, 13.0729133], [80.2780277, 13.0729159], [80.2779644, 13.0729185], [80.2778795, 13.0729395], [80.2777596, 13.0729776], [80.2776275, 13.0730196], [80.2775319, 13.0730682]]}}, {"type": "Feature", "properties": {"osm_id": 1124797380, "highway": "path", "name": null, "source": "osm_overpass"}, "geometry": {"type": "LineString", "coordinates": [[80.2804806, 13.0713725], [80.2804073, 13.0714285], [80.28037, 13.0714678], [80.2803476, 13.0715173], [80.2803476, 13.0715594], [80.2803685, 13.0716031], [80.2803879, 13.0716511], [80.2803924, 13.0716729], [80.2803788, 13.0717119], [80.280286, 13.0718323], [80.280145, 13.0720161], [80.2799944, 13.0721998], [80.2798858, 13.0723483], [80.2797982, 13.0725043], [80.2797258, 13.0726379], [80.2796857, 13.0727381], [80.2796577, 13.0728239], [80.2796457, 13.0728606], [80.2795714, 13.0731354], [80.2795047, 13.0733748], [80.279459, 13.0736551], [80.279438, 13.0738834], [80.2794094, 13.0740393], [80.2794028, 13.0741359], [80.2794114, 13.0742454], [80.2794162, 13.0742965], [80.2794123, 13.0743391], [80.2793933, 13.0743865], [80.2793609, 13.0744245], [80.2793218, 13.0744477], [80.279279, 13.0744607], [80.2792351, 13.0744774], [80.2792018, 13.0744978], [80.2791793, 13.0745108]]}}, {"type": "Feature", "properties": {"osm_id": 1124797386, "highway": "path", "name": null, "source": "osm_overpass"}, "geometry": {"type": "LineString", "coordinates": [[80.2807114, 13.0696789], [80.2807264, 13.0697253], [80.2807276, 13.0697584], [80.280723, 13.0697915], [80.2807072, 13.0698191], [80.2806415, 13.0698511], [80.2805429, 13.069892], [80.2802698, 13.0699935], [80.280152, 13.0700432], [80.2800455, 13.0701127], [80.2797269, 13.0703407], [80.2796015, 13.0704195], [80.2793954, 13.0705376], [80.2789429, 13.0708131], [80.2788311, 13.0708761], [80.2787651, 13.0709246], [80.2787051, 13.0709878], [80.2786825, 13.0710551], [80.2786666, 13.0711257], [80.2786598, 13.0712383], [80.2786781, 13.0713981], [80.278705, 13.0714782], [80.2787387, 13.0715569], [80.2788142, 13.0716711], [80.2789259, 13.0718347], [80.2789692, 13.0719159], [80.2789916, 13.0720142], [80.2790108, 13.0721157], [80.2790301, 13.0722124], [80.2790405, 13.0723006], [80.27905, 13.072334], [80.2790588, 13.0723612]]}}, {"type": "Feature", "properties": {"osm_id": 1124927427, "highway": "pedestrian", "name": null, "source": "osm_overpass"}, "geometry": {"type": "LineString", "coordinates": [[80.2030737, 13.168764], [80.2032223, 13.16878], [80.203397, 13.1687965]]}}, {"type": "Feature", "properties": {"osm_id": 1125364142, "highway": "path", "name": null, "source": "osm_overpass"}, "geometry": {"type": "LineString", "coordinates": [[80.2016211, 13.1287744], [80.2015934, 13.1287453], [80.2015805, 13.1283919], [80.2015747, 13.1279435], [80.2015634, 13.1270297], [80.2015487, 13.1268333], [80.2015437, 13.1264377], [80.2015344, 13.1260749], [80.2015238, 13.1255048]]}}, {"type": "Feature", "properties": {"osm_id": 1126977166, "highway": "footway", "name": null, "source": "osm_overpass"}, "geometry": {"type": "LineString", "coordinates": [[80.2562786, 13.0697284], [80.2567202, 13.0701331]]}}, {"type": "Feature", "properties": {"osm_id": 1126977169, "highway": "footway", "name": null, "source": "osm_overpass"}, "geometry": {"type": "LineString", "coordinates": [[80.2571755, 13.070458], [80.2571637, 13.0701309]]}}, {"type": "Feature", "properties": {"osm_id": 1126977170, "highway": "footway", "name": null, "source": "osm_overpass"}, "geometry": {"type": "LineString", "coordinates": [[80.2571429, 13.0704711], [80.2567202, 13.0701331]]}}, {"type": "Feature", "properties": {"osm_id": 1127506679, "highway": "path", "name": "Grant Duff Bridge", "source": "osm_overpass"}, "geometry": {"type": "LineString", "coordinates": [[80.2820754, 13.0665564], [80.2823229, 13.0663428]]}}, {"type": "Feature", "properties": {"osm_id": 1127506680, "highway": "path", "name": "Adams Street", "source": "osm_overpass"}, "geometry": {"type": "LineString", "coordinates": [[80.2820754, 13.0665564], [80.2820676, 13.0665658], [80.2820639, 13.0665732], [80.2820587, 13.0665836]]}}, {"type": "Feature", "properties": {"osm_id": 1127506681, "highway": "path", "name": null, "source": "osm_overpass"}, "geometry": {"type": "LineString", "coordinates": [[80.2823229, 13.0663428], [80.2823379, 13.0663303], [80.2823639, 13.0663224], [80.2824119, 13.0663102]]}}, {"type": "Feature", "properties": {"osm_id": 1128016070, "highway": "footway", "name": null, "source": "osm_overpass"}, "geometry": {"type": "LineString", "coordinates": [[80.2885662, 13.1038284], [80.2886064, 13.1039054], [80.2886329, 13.1039562]]}}, {"type": "Feature", "properties": {"osm_id": 1128016072, "highway": "footway", "name": null, "source": "osm_overpass"}, "geometry": {"type": "LineString", "coordinates": [[80.2885402, 13.1037757], [80.2885494, 13.1037957]]}}, {"type": "Feature", "properties": {"osm_id": 1128016073, "highway": "footway", "name": null, "source": "osm_overpass"}, "geometry": {"type": "LineString", "coordinates": [[80.2886064, 13.1039054], [80.2884659, 13.103884], [80.2884228, 13.1038865], [80.2883695, 13.1038976], [80.2883163, 13.1039161], [80.2882541, 13.1039421], [80.2881813, 13.1039752], [80.2872991, 13.1043759]]}}, {"type": "Feature", "properties": {"osm_id": 1128016074, "highway": "footway", "name": null, "source": "osm_overpass"}, "geometry": {"type": "LineString", "coordinates": [[80.288191, 13.1040097], [80.2881813, 13.1039752]]}}, {"type": "Feature", "properties": {"osm_id": 1128016075, "highway": "footway", "name": null, "source": "osm_overpass"}, "geometry": {"type": "LineString", "coordinates": [[80.2886064, 13.1039054], [80.2886743, 13.1038003], [80.288718, 13.1037463], [80.2887538, 13.1037185], [80.2888109, 13.1036907], [80.2890341, 13.1035917], [80.2892895, 13.1034784], [80.2895614, 13.1033578], [80.2898402, 13.1032375]]}}, {"type": "Feature", "properties": {"osm_id": 1128016076, "highway": "footway", "name": null, "source": "osm_overpass"}, "geometry": {"type": "LineString", "coordinates": [[80.2895844, 13.1034036], [80.2895614, 13.1033578]]}}, {"type": "Feature", "properties": {"osm_id": 1128016077, "highway": "footway", "name": null, "source": "osm_overpass"}, "geometry": {"type": "LineString", "coordinates": [[80.2893152, 13.1035171], [80.2892895, 13.1034784]]}}, {"type": "Feature", "properties": {"osm_id": 1128016078, "highway": "footway", "name": null, "source": "osm_overpass"}, "geometry": {"type": "LineString", "coordinates": [[80.2890542, 13.1036271], [80.2890341, 13.1035917]]}}, {"type": "Feature", "properties": {"osm_id": 1128384530, "highway": "path", "name": null, "source": "osm_overpass"}, "geometry": {"type": "LineString", "coordinates": [[80.2161811, 13.0071465], [80.2162957, 13.0073595], [80.2164754, 13.0076557], [80.2165863, 13.007842], [80.2166609, 13.0080097], [80.2166858, 13.008101], [80.2166962, 13.0082235]]}}, {"type": "Feature", "properties": {"osm_id": 1128548945, "highway": "footway", "name": null, "source": "osm_overpass"}, "geometry": {"type": "LineString", "coordinates": [[80.2774549, 13.0692728], [80.2773163, 13.0691257], [80.2771478, 13.0689468], [80.2770083, 13.0687987], [80.2768355, 13.0689348], [80.276971, 13.0690805], [80.2770563, 13.0691724], [80.277146, 13.0692688], [80.2772815, 13.0694146], [80.2774549, 13.0692728]]}}, {"type": "Feature", "properties": {"osm_id": 1128548946, "highway": "footway", "name": null, "source": "osm_overpass"}, "geometry": {"type": "LineString", "coordinates": [[80.276971, 13.0690805], [80.2771478, 13.0689468]]}}, {"type": "Feature", "properties": {"osm_id": 1128548947, "highway": "footway", "name": null, "source": "osm_overpass"}, "geometry": {"type": "LineString", "coordinates": [[80.277146, 13.0692688], [80.2773163, 13.0691257]]}}, {"type": "Feature", "properties": {"osm_id": 1128548948, "highway": "footway", "name": null, "source": "osm_overpass"}, "geometry": {"type": "LineString", "coordinates": [[80.2769948, 13.0692269], [80.2769849, 13.0692399], [80.2769365, 13.0692774]]}}, {"type": "Feature", "properties": {"osm_id": 1128548949, "highway": "footway", "name": null, "source": "osm_overpass"}, "geometry": {"type": "LineString", "coordinates": [[80.2770563, 13.0691724], [80.2770153, 13.0692087]]}}, {"type": "Feature", "properties": {"osm_id": 1130557256, "highway": "footway", "name": null, "source": "osm_overpass"}, "geometry": {"type": "LineString", "coordinates": [[80.2856568, 13.0734062], [80.2856294, 13.0734107], [80.2856048, 13.0734234], [80.2855845, 13.0734446], [80.2855727, 13.0734712], [80.2855707, 13.0735], [80.2855788, 13.0735279], [80.285596, 13.0735515], [80.2856203, 13.0735681], [80.2856489, 13.0735758], [80.2856786, 13.0735737], [80.2857058, 13.073562], [80.2857262, 13.0735436], [80.2857397, 13.0735199], [80.2857448, 13.0734932], [80.2857423, 13.073476], [80.285741, 13.0734663], [80.2857287, 13.073442], [80.2857091, 13.0734226], [80.2856844, 13.0734103], [80.2856568, 13.0734062]]}}, {"type": "Feature", "properties": {"osm_id": 1130557257, "highway": "footway", "name": null, "source": "osm_overpass"}, "geometry": {"type": "LineString", "coordinates": [[80.2857423, 13.073476], [80.2858458, 13.0734541], [80.2858735, 13.0734482], [80.2858897, 13.0734448], [80.2859203, 13.0734389]]}}, {"type": "Feature", "properties": {"osm_id": 1130557258, "highway": "footway", "name": null, "source": "osm_overpass"}, "geometry": {"type": "LineString", "coordinates": [[80.2858405, 13.0734279], [80.2858458, 13.0734541], [80.2858524, 13.0734787], [80.2858591, 13.0735243], [80.2858623, 13.0735718], [80.2858623, 13.0736239], [80.2858565, 13.0736704], [80.2858497, 13.0736969], [80.2858832, 13.0737056], [80.2858766, 13.0737361]]}}, {"type": "Feature", "properties": {"osm_id": 1130557259, "highway": "footway", "name": null, "source": "osm_overpass"}, "geometry": {"type": "LineString", "coordinates": [[80.2858405, 13.0734279], [80.2858268, 13.0733884], [80.2858158, 13.0733531], [80.2858, 13.0733087], [80.2857754, 13.0732566], [80.2857544, 13.073227], [80.2857738, 13.0732093], [80.2857527, 13.073184]]}}, {"type": "Feature", "properties": {"osm_id": 1130557260, "highway": "footway", "name": null, "source": "osm_overpass"}, "geometry": {"type": "LineString", "coordinates": [[80.285432, 13.0732532], [80.2854233, 13.0732913], [80.2854154, 13.0733459], [80.2854096, 13.0734032]]}}, {"type": "Feature", "properties": {"osm_id": 1130557262, "highway": "footway", "name": null, "source": "osm_overpass"}, "geometry": {"type": "LineString", "coordinates": [[80.2853834, 13.0735566], [80.2853735, 13.0734917], [80.2853693, 13.073432], [80.2853682, 13.073353], [80.2853813, 13.0732503], [80.2854012, 13.0731786], [80.2854309, 13.073132], [80.2854718, 13.0730886], [80.2855174, 13.073062], [80.2855562, 13.0730523], [80.2855903, 13.0730487], [80.2856438, 13.0730513], [80.2857015, 13.0730738], [80.2857461, 13.0731075], [80.2857901, 13.073154], [80.2858316, 13.0732127], [80.2858595, 13.0732638], [80.2858915, 13.0733399], [80.2859203, 13.0734389]]}}, {"type": "Feature", "properties": {"osm_id": 1130557268, "highway": "footway", "name": null, "source": "osm_overpass"}, "geometry": {"type": "LineString", "coordinates": [[80.2859203, 13.0734389], [80.2859555, 13.0734306], [80.2859781, 13.0734253]]}}, {"type": "Feature", "properties": {"osm_id": 1130557269, "highway": "footway", "name": null, "source": "osm_overpass"}, "geometry": {"type": "LineString", "coordinates": [[80.2859203, 13.0734389], [80.2859334, 13.0735241], [80.2859378, 13.0736152], [80.2859237, 13.0737344], [80.285911, 13.0737921], [80.2858903, 13.0738333], [80.2858607, 13.0738737], [80.2858184, 13.0739072], [80.2857783, 13.0739239], [80.2857329, 13.0739312], [80.2856843, 13.0739299], [80.2856336, 13.0739175], [80.2855855, 13.0738932], [80.2855331, 13.0738452], [80.2854696, 13.0737635], [80.2854324, 13.073696], [80.2854107, 13.0736409], [80.2853834, 13.0735566]]}}, {"type": "Feature", "properties": {"osm_id": 1130587011, "highway": "footway", "name": null, "source": "osm_overpass"}, "geometry": {"type": "LineString", "coordinates": [[80.2730485, 13.0742191], [80.27283, 13.0736766], [80.2725141, 13.0728922]]}}, {"type": "Feature", "properties": {"osm_id": 1130587012, "highway": "footway", "name": null, "source": "osm_overpass"}, "geometry": {"type": "LineString", "coordinates": [[80.2731978, 13.073403], [80.2732155, 13.0734006], [80.2732331, 13.0734037], [80.2732489, 13.073412], [80.2732612, 13.0734248], [80.2732648, 13.0734326], [80.2732692, 13.0734422], [80.2732706, 13.0734612], [80.2732653, 13.0734795], [80.2732539, 13.073495], [80.2732377, 13.0735058], [80.2732188, 13.0735106], [80.2731993, 13.0735088], [80.2731816, 13.0735006], [80.2731688, 13.0734884], [80.2731606, 13.0734729], [80.2731578, 13.0734556], [80.2731606, 13.0734384], [80.2731689, 13.0734229], [80.2731817, 13.0734107], [80.2731978, 13.073403]]}}, {"type": "Feature", "properties": {"osm_id": 1130587013, "highway": "footway", "name": null, "source": "osm_overpass"}, "geometry": {"type": "LineString", "coordinates": [[80.2731688, 13.0734884], [80.2729566, 13.0736063], [80.27283, 13.0736766]]}}, {"type": "Feature", "properties": {"osm_id": 1130587014, "highway": "footway", "name": null, "source": "osm_overpass"}, "geometry": {"type": "LineString", "coordinates": [[80.2730485, 13.0742191], [80.2731605, 13.0741381], [80.273171, 13.0741305], [80.2732837, 13.0740343], [80.2733475, 13.0739576], [80.2733724, 13.0739042], [80.2733853, 13.0738353], [80.2734181, 13.0733433], [80.2734541, 13.072802], [80.2734521, 13.0727768], [80.2734412, 13.0727554], [80.2734212, 13.0727457], [80.2733634, 13.0727438], [80.2725141, 13.0728922]]}}, {"type": "Feature", "properties": {"osm_id": 1130587015, "highway": "footway", "name": null, "source": "osm_overpass"}, "geometry": {"type": "LineString", "coordinates": [[80.2729566, 13.0736063], [80.2731605, 13.0741381]]}}, {"type": "Feature", "properties": {"osm_id": 1130587016, "highway": "footway", "name": null, "source": "osm_overpass"}, "geometry": {"type": "LineString", "coordinates": [[80.2732648, 13.0734326], [80.2734181, 13.0733433], [80.2735128, 13.0732877], [80.2735707, 13.0732924]]}}, {"type": "Feature", "properties": {"osm_id": 1130589480, "highway": "cycleway", "name": "Buckingham Canal Greenway", "source": "osm_overpass"}, "geometry": {"type": "LineString", "coordinates": [[80.2511667, 12.9917884], [80.250648, 12.99357], [80.250508, 12.994045], [80.2504512, 12.9942263], [80.2504438, 12.9942632], [80.250448, 12.9943224], [80.250476, 12.9945516], [80.2504759, 12.9945604], [80.2504687, 12.9946017], [80.2504606, 12.9946149], [80.2504353, 12.9946377], [80.2504056, 12.9946641], [80.2503895, 12.9946991], [80.249914, 12.9965131], [80.2497554, 12.9971232], [80.2496651, 12.9974705], [80.2495149, 12.9980478], [80.2493503, 12.9986607], [80.2493223, 12.9987589], [80.2492905, 12.9988329], [80.2492556, 12.9989231], [80.2491262, 12.999383], [80.2488532, 13.0004429], [80.2486262, 13.0012747], [80.24848, 13.0018198], [80.2483986, 13.0021766], [80.2482593, 13.0029159], [80.2481445, 13.0034853], [80.2480746, 13.0038167], [80.2480657, 13.0038801], [80.2480618, 13.0039735]]}}, {"type": "Feature", "properties": {"osm_id": 1131700803, "highway": "path", "name": null, "source": "osm_overpass"}, "geometry": {"type": "LineString", "coordinates": [[80.2820278, 13.0703854], [80.2821532, 13.0704669], [80.2822219, 13.0705571], [80.282322, 13.0706531], [80.2824325, 13.0707637], [80.2824773, 13.0708262], [80.2825251, 13.0709121], [80.2825625, 13.0710358], [80.2826058, 13.071123], [80.282667, 13.0711972], [80.2828268, 13.0713442], [80.2829, 13.0714213], [80.2829702, 13.0715173], [80.2830076, 13.0715915], [80.283021, 13.0716323], [80.2830165, 13.071657], [80.2829931, 13.071676]]}}, {"type": "Feature", "properties": {"osm_id": 1132145715, "highway": "footway", "name": null, "source": "osm_overpass"}, "geometry": {"type": "LineString", "coordinates": [[80.2711067, 13.0001252], [80.2710707, 13.0001286], [80.2710473, 13.0001304], [80.2709867, 13.000136]]}}, {"type": "Feature", "properties": {"osm_id": 1132145720, "highway": "footway", "name": null, "source": "osm_overpass"}, "geometry": {"type": "LineString", "coordinates": [[80.2711987, 13.0008139], [80.2711711, 13.0008279], [80.2711517, 13.0008372], [80.2710428, 13.0008946]]}}, {"type": "Feature", "properties": {"osm_id": 1132145721, "highway": "footway", "name": null, "source": "osm_overpass"}, "geometry": {"type": "LineString", "coordinates": [[80.271323, 13.0009725], [80.2713061, 13.0009832]]}}, {"type": "Feature", "properties": {"osm_id": 1133077814, "highway": "footway", "name": null, "source": "osm_overpass"}, "geometry": {"type": "LineString", "coordinates": [[79.9708651, 12.9870371], [79.9710432, 12.9870517], [79.9712628, 12.9870804], [79.9712766, 12.9871586], [79.9716259, 12.9871172], [79.9716795, 12.9871652], [79.971768, 12.9871585], [79.9719183, 12.9871844], [79.9720023, 12.9872068], [79.9720361, 12.9874849]]}}, {"type": "Feature", "properties": {"osm_id": 1133077815, "highway": "footway", "name": null, "source": "osm_overpass"}, "geometry": {"type": "LineString", "coordinates": [[79.9720023, 12.9872068], [79.9721284, 12.9872068]]}}, {"type": "Feature", "properties": {"osm_id": 1133077820, "highway": "footway", "name": null, "source": "osm_overpass"}, "geometry": {"type": "LineString", "coordinates": [[79.9733349, 12.9873316], [79.9735133, 12.987126]]}}, {"type": "Feature", "properties": {"osm_id": 1133077822, "highway": "footway", "name": null, "source": "osm_overpass"}, "geometry": {"type": "LineString", "coordinates": [[79.9726199, 12.9881488], [79.9724958, 12.9881671]]}}, {"type": "Feature", "properties": {"osm_id": 1133478699, "highway": "footway", "name": null, "source": "osm_overpass"}, "geometry": {"type": "LineString", "coordinates": [[80.2728969, 13.0028746], [80.2732565, 13.0027758]]}}, {"type": "Feature", "properties": {"osm_id": 1134165611, "highway": "footway", "name": null, "source": "osm_overpass"}, "geometry": {"type": "LineString", "coordinates": [[80.2674936, 12.9972001], [80.2676496, 12.9972467]]}}, {"type": "Feature", "properties": {"osm_id": 1134165615, "highway": "footway", "name": null, "source": "osm_overpass"}, "geometry": {"type": "LineString", "coordinates": [[80.2671835, 12.9982729], [80.2673292, 12.9983143]]}}, {"type": "Feature", "properties": {"osm_id": 1134165617, "highway": "footway", "name": null, "source": "osm_overpass"}, "geometry": {"type": "LineString", "coordinates": [[80.2670496, 12.9987513], [80.2672098, 12.9987967]]}}, {"type": "Feature", "properties": {"osm_id": 1134165619, "highway": "footway", "name": null, "source": "osm_overpass"}, "geometry": {"type": "LineString", "coordinates": [[80.2669127, 12.9992534], [80.2670862, 12.9993007]]}}, {"type": "Feature", "properties": {"osm_id": 1134165621, "highway": "footway", "name": null, "source": "osm_overpass"}, "geometry": {"type": "LineString", "coordinates": [[80.2668083, 12.9997688], [80.2668769, 12.9997901]]}}, {"type": "Feature", "properties": {"osm_id": 1134233238, "highway": "path", "name": null, "source": "osm_overpass"}, "geometry": {"type": "LineString", "coordinates": [[80.0597885, 12.9783848], [80.0597886, 12.978556], [80.0597886, 12.9785894], [80.0597824, 12.9786198], [80.0597605, 12.9786608], [80.0597496, 12.9786988], [80.0597497, 12.9787985]]}}, {"type": "Feature", "properties": {"osm_id": 1136176007, "highway": "path", "name": "Adyar River Pathway", "source": "osm_overpass"}, "geometry": {"type": "LineString", "coordinates": [[80.1340441, 12.993723], [80.1340576, 12.9936605], [80.1341049, 12.9935436], [80.1342157, 12.9933177], [80.1342961, 12.993106], [80.1343015, 12.9930119], [80.1342774, 12.9928342], [80.1341486, 12.9923324], [80.1340145, 12.9918646], [80.1338885, 12.991564], [80.1337248, 12.9913889], [80.1335559, 12.9912948], [80.1333332, 12.9912164], [80.133175, 12.9911929], [80.1329336, 12.991185], [80.1325125, 12.9911929], [80.1319197, 12.9912321], [80.1313591, 12.9912582], [80.1311881, 12.9912853], [80.1309773, 12.9912874], [80.1308155, 12.9912688], [80.1306474, 12.9912273], [80.1303025, 12.9911961], [80.1298469, 12.9911484], [80.1296042, 12.9911256], [80.1293743, 12.9910841], [80.1291097, 12.9910663], [80.1288732, 12.9910498], [80.1286721, 12.9910515], [80.1284744, 12.9910564], [80.1283105, 12.9910416], [80.1282288, 12.9910222], [80.1281855, 12.991012], [80.1279293, 12.9909463], [80.1277281, 12.9908966], [80.1274385, 12.9908091], [80.1270254, 12.9907202], [80.1268658, 12.9907006], [80.1266807, 12.9907006], [80.1265667, 12.9906692], [80.1264487, 12.990613], [80.126316, 12.9905098], [80.126037, 12.9902511], [80.1258305, 12.9900877], [80.1254408, 12.9897915], [80.1253214, 12.9896778], [80.125241, 12.9895693], [80.1251592, 12.98944], [80.1249821, 12.9892178], [80.1249204, 12.9891276], [80.1248534, 12.9890022], [80.1247783, 12.9888611], [80.124553, 12.9885213], [80.1241962, 12.9879568], [80.1240436, 12.9876792], [80.1239739, 12.987555], [80.1238693, 12.9874505], [80.1236614, 12.9872858], [80.1232779, 12.9870689], [80.1229158, 12.9869055], [80.1224464, 12.9867239], [80.122209, 12.9866403], [80.1219421, 12.986618], [80.1217689, 12.9866074], [80.1216473, 12.9866222], [80.1214918, 12.9866815], [80.121382, 12.9867111], [80.1213059, 12.9867408], [80.1212502, 12.9867786], [80.1212265, 12.9868264], [80.1212147, 12.9869235], [80.1212333, 12.9870273], [80.1212857, 12.9871376], [80.1213617, 12.9872331], [80.1213769, 12.9872956], [80.1213972, 12.9873664], [80.1214158, 12.9874586], [80.1214462, 12.9875558], [80.1215104, 12.9876101], [80.121556, 12.9876364], [80.1216016, 12.9876364], [80.1216726, 12.9876348], [80.1217537, 12.9876348], [80.1217993, 12.9876513], [80.121851, 12.9876699]]}}, {"type": "Feature", "properties": {"osm_id": 1136176008, "highway": "path", "name": null, "source": "osm_overpass"}, "geometry": {"type": "LineString", "coordinates": [[80.1282288, 12.9910222], [80.128231, 12.9910519], [80.1282445, 12.9910816], [80.1282986, 12.9911441], [80.1283543, 12.9912067], [80.1283966, 12.9912775], [80.1284236, 12.9913845], [80.1284388, 12.9914998], [80.1284456, 12.9915706], [80.1284658, 12.9916068], [80.1284996, 12.9916479], [80.1285115, 12.9916809], [80.1285182, 12.9917187], [80.1285081, 12.9917632], [80.1284726, 12.9918126], [80.1284085, 12.9918603]]}}, {"type": "Feature", "properties": {"osm_id": 1136176010, "highway": "path", "name": "Adyar River Pathway", "source": "osm_overpass"}, "geometry": {"type": "LineString", "coordinates": [[80.1351283, 12.9948871], [80.1353909, 12.9948445], [80.1355649, 12.9948297], [80.1356376, 12.9948412], [80.1357474, 12.9948824], [80.1359079, 12.9949153], [80.136082, 12.9949565], [80.1363219, 12.9950602], [80.1368677, 12.9952923], [80.1376314, 12.9956018], [80.1381958, 12.9958472], [80.1385151, 12.9960069], [80.1390981, 12.9962736], [80.1395188, 12.9964695], [80.1398314, 12.9966539], [80.1401271, 12.9968087], [80.1404464, 12.9969321], [80.1413758, 12.9972236], [80.1418083, 12.9973569], [80.1420516, 12.9973882], [80.1425264, 12.9974359], [80.1428678, 12.9974392], [80.1430435, 12.9974294], [80.1431651, 12.9973948], [80.1433578, 12.9973108], [80.1437802, 12.9970918], [80.1439773, 12.9970025], [80.1441934, 12.9969299], [80.1443701, 12.9968573], [80.1445053, 12.9967702], [80.1446288, 12.9966634], [80.1448278, 12.9965233], [80.1451695, 12.9962889], [80.1452444, 12.9962394], [80.14529, 12.9962185], [80.1453262, 12.996208], [80.1453584, 12.996208], [80.1453926, 12.9962243]]}}, {"type": "Feature", "properties": {"osm_id": 1137567400, "highway": "footway", "name": "Big Pond and Anna Park", "source": "osm_overpass"}, "geometry": {"type": "LineString", "coordinates": [[80.1688228, 12.9022932], [80.1698267, 12.9021134], [80.1698618, 12.9021072], [80.1698914, 12.9021039], [80.1699353, 12.902108], [80.1700428, 12.9021315], [80.1700649, 12.90214], [80.1701219, 12.9021812], [80.170134, 12.9021943], [80.1701373, 12.90221], [80.1701387, 12.9022511], [80.1701236, 12.9027194], [80.1701188, 12.9027438], [80.1701045, 12.9027645], [80.1700805, 12.9027879], [80.170039, 12.9028035], [80.1698916, 12.9028367], [80.1688756, 12.9030658], [80.1688361, 12.9030734], [80.1688126, 12.9030682], [80.1687811, 12.9030493], [80.1687342, 12.9029872], [80.1687114, 12.9029107], [80.168704, 12.902846], [80.168704, 12.9027584], [80.1687161, 12.9024153], [80.1687278, 12.9023613], [80.168747, 12.9023219], [80.1687555, 12.902317], [80.1687704, 12.9023084], [80.1687949, 12.9022991], [80.1688228, 12.9022932]]}}, {"type": "Feature", "properties": {"osm_id": 1137567401, "highway": "footway", "name": null, "source": "osm_overpass"}, "geometry": {"type": "LineString", "coordinates": [[80.1687555, 12.902317], [80.1687027, 12.9022877]]}}, {"type": "Feature", "properties": {"osm_id": 1137567402, "highway": "footway", "name": null, "source": "osm_overpass"}, "geometry": {"type": "LineString", "coordinates": [[80.1698136, 12.9020448], [80.1698267, 12.9021134]]}}, {"type": "Feature", "properties": {"osm_id": 1146443680, "highway": "footway", "name": null, "source": "osm_overpass"}, "geometry": {"type": "LineString", "coordinates": [[80.2756687, 13.0816467], [80.2757016, 13.0814622], [80.2757138, 13.0814182]]}}, {"type": "Feature", "properties": {"osm_id": 1147328390, "highway": "footway", "name": null, "source": "osm_overpass"}, "geometry": {"type": "LineString", "coordinates": [[80.2910739, 13.0992955], [80.2913225, 13.0992659]]}}, {"type": "Feature", "properties": {"osm_id": 1147382119, "highway": "footway", "name": null, "source": "osm_overpass"}, "geometry": {"type": "LineString", "coordinates": [[80.1504368, 12.9652889], [80.150682, 12.965191]]}}, {"type": "Feature", "properties": {"osm_id": 1147382120, "highway": "footway", "name": null, "source": "osm_overpass"}, "geometry": {"type": "LineString", "coordinates": [[80.150682, 12.965191], [80.1508085, 12.9651457]]}}, {"type": "Feature", "properties": {"osm_id": 1147382121, "highway": "footway", "name": null, "source": "osm_overpass"}, "geometry": {"type": "LineString", "coordinates": [[80.1503473, 12.965326], [80.1504368, 12.9652889]]}}, {"type": "Feature", "properties": {"osm_id": 1149352327, "highway": "footway", "name": null, "source": "osm_overpass"}, "geometry": {"type": "LineString", "coordinates": [[80.0643812, 12.9165398], [80.0643063, 12.9165422], [80.0641849, 12.9165616], [80.0636034, 12.9167391], [80.0631364, 12.9168722], [80.0630599, 12.9169028]]}}, {"type": "Feature", "properties": {"osm_id": 1150336838, "highway": "path", "name": null, "source": "osm_overpass"}, "geometry": {"type": "LineString", "coordinates": [[80.2140364, 13.0865149], [80.2142158, 13.0869245], [80.2143068, 13.0870841], [80.2147588, 13.0872436], [80.2151137, 13.0874268], [80.2153291, 13.0874889]]}}, {"type": "Feature", "properties": {"osm_id": 1150336839, "highway": "path", "name": null, "source": "osm_overpass"}, "geometry": {"type": "LineString", "coordinates": [[80.2142158, 13.0869245], [80.2140156, 13.0870752], [80.2138942, 13.0872348], [80.2138548, 13.0873234], [80.2137729, 13.0873677], [80.213694, 13.0873589], [80.2135848, 13.0872289], [80.2133725, 13.0864223], [80.2133475, 13.0863314], [80.2133149, 13.0862125], [80.2133422, 13.0861534], [80.2134392, 13.0861386], [80.2135701, 13.0861771]]}}, {"type": "Feature", "properties": {"osm_id": 1150336840, "highway": "path", "name": null, "source": "osm_overpass"}, "geometry": {"type": "LineString", "coordinates": [[80.2129975, 13.0863361], [80.2130727, 13.0863351], [80.2132328, 13.0863329], [80.2133475, 13.0863314]]}}, {"type": "Feature", "properties": {"osm_id": 1150336841, "highway": "path", "name": null, "source": "osm_overpass"}, "geometry": {"type": "LineString", "coordinates": [[80.2133725, 13.0864223], [80.2135478, 13.0864504]]}}, {"type": "Feature", "properties": {"osm_id": 1154656909, "highway": "path", "name": null, "source": "osm_overpass"}, "geometry": {"type": "LineString", "coordinates": [[80.1901279, 13.0831911], [80.1905025, 13.0830703]]}}, {"type": "Feature", "properties": {"osm_id": 1154765292, "highway": "path", "name": null, "source": "osm_overpass"}, "geometry": {"type": "LineString", "coordinates": [[80.2595903, 13.0990717], [80.2596632, 13.0990655], [80.2597932, 13.0990675]]}}, {"type": "Feature", "properties": {"osm_id": 1155617010, "highway": "path", "name": null, "source": "osm_overpass"}, "geometry": {"type": "LineString", "coordinates": [[80.2107478, 13.0230731], [80.2107334, 13.0230591], [80.2106855, 13.0230282]]}}, {"type": "Feature", "properties": {"osm_id": 1156870406, "highway": "footway", "name": null, "source": "osm_overpass"}, "geometry": {"type": "LineString", "coordinates": [[80.2847931, 13.0885615], [80.284274, 13.0885308]]}}, {"type": "Feature", "properties": {"osm_id": 1156870407, "highway": "footway", "name": null, "source": "osm_overpass"}, "geometry": {"type": "LineString", "coordinates": [[80.284274, 13.0885308], [80.2842483, 13.0885296], [80.2842237, 13.0885288]]}}, {"type": "Feature", "properties": {"osm_id": 1156870408, "highway": "footway", "name": null, "source": "osm_overpass"}, "geometry": {"type": "LineString", "coordinates": [[80.2842237, 13.0885288], [80.2838531, 13.0885132]]}}, {"type": "Feature", "properties": {"osm_id": 1156870409, "highway": "footway", "name": null, "source": "osm_overpass"}, "geometry": {"type": "LineString", "coordinates": [[80.2838531, 13.0885132], [80.2838091, 13.0885111], [80.2837782, 13.0885101]]}}, {"type": "Feature", "properties": {"osm_id": 1156870410, "highway": "footway", "name": null, "source": "osm_overpass"}, "geometry": {"type": "LineString", "coordinates": [[80.2837782, 13.0885101], [80.2834419, 13.0885016], [80.2834192, 13.0884983], [80.2833974, 13.088489]]}}, {"type": "Feature", "properties": {"osm_id": 1156870411, "highway": "footway", "name": null, "source": "osm_overpass"}, "geometry": {"type": "LineString", "coordinates": [[80.2833974, 13.088489], [80.2833749, 13.0884719]]}}, {"type": "Feature", "properties": {"osm_id": 1159385282, "highway": "path", "name": null, "source": "osm_overpass"}, "geometry": {"type": "LineString", "coordinates": [[80.1849271, 13.0701713], [80.1847317, 13.0701873], [80.1846079, 13.0701998], [80.1844392, 13.0702076], [80.1843163, 13.0702116], [80.1842069, 13.0702183]]}}, {"type": "Feature", "properties": {"osm_id": 1160813617, "highway": "footway", "name": null, "source": "osm_overpass"}, "geometry": {"type": "LineString", "coordinates": [[80.2806529, 13.0883202], [80.2809766, 13.0881754]]}}, {"type": "Feature", "properties": {"osm_id": 1162488395, "highway": "footway", "name": null, "source": "osm_overpass"}, "geometry": {"type": "LineString", "coordinates": [[79.9726757, 12.9869481], [79.972835, 12.9869477], [79.9729074, 12.986968], [79.9730707, 12.9869732]]}}, {"type": "Feature", "properties": {"osm_id": 1162488396, "highway": "footway", "name": null, "source": "osm_overpass"}, "geometry": {"type": "LineString", "coordinates": [[79.9729704, 12.9871566], [79.9729326, 12.9871582], [79.9729004, 12.9871582], [79.9729022, 12.987118], [79.9729074, 12.986968]]}}, {"type": "Feature", "properties": {"osm_id": 1162488397, "highway": "footway", "name": null, "source": "osm_overpass"}, "geometry": {"type": "LineString", "coordinates": [[79.9729293, 12.9872046], [79.9729004, 12.9871582]]}}, {"type": "Feature", "properties": {"osm_id": 1163127686, "highway": "footway", "name": null, "source": "osm_overpass"}, "geometry": {"type": "LineString", "coordinates": [[79.973256, 12.9870515], [79.9732696, 12.9870482], [79.9733288, 12.9869783]]}}, {"type": "Feature", "properties": {"osm_id": 1169540826, "highway": "footway", "name": null, "source": "osm_overpass"}, "geometry": {"type": "LineString", "coordinates": [[80.0431997, 12.8374063], [80.0429911, 12.8374462], [80.0425853, 12.8375239], [80.0422211, 12.8375937], [80.0420465, 12.8376272]]}}, {"type": "Feature", "properties": {"osm_id": 1173257718, "highway": "footway", "name": null, "source": "osm_overpass"}, "geometry": {"type": "LineString", "coordinates": [[80.2148992, 13.1010613], [80.2147898, 13.1011051]]}}, {"type": "Feature", "properties": {"osm_id": 1173910082, "highway": "footway", "name": null, "source": "osm_overpass"}, "geometry": {"type": "LineString", "coordinates": [[80.1182797, 12.9269626], [80.1185073, 12.9271842], [80.1185239, 12.9271681], [80.1182638, 12.926915]]}}, {"type": "Feature", "properties": {"osm_id": 1173910083, "highway": "footway", "name": null, "source": "osm_overpass"}, "geometry": {"type": "LineString", "coordinates": [[80.1179625, 12.9272046], [80.1180295, 12.9272754], [80.1177825, 12.9273879], [80.1177747, 12.9273716], [80.1180026, 12.9272679]]}}, {"type": "Feature", "properties": {"osm_id": 1173910085, "highway": "footway", "name": null, "source": "osm_overpass"}, "geometry": {"type": "LineString", "coordinates": [[80.1180026, 12.9272679], [80.1180407, 12.9272506], [80.1181566, 12.9273524], [80.1182558, 12.9273957]]}}, {"type": "Feature", "properties": {"osm_id": 1173910086, "highway": "footway", "name": null, "source": "osm_overpass"}, "geometry": {"type": "LineString", "coordinates": [[80.1182638, 12.926915], [80.1182554, 12.926923], [80.118147, 12.9270273], [80.1179948, 12.9271735], [80.1179625, 12.9272046]]}}, {"type": "Feature", "properties": {"osm_id": 1173910089, "highway": "footway", "name": null, "source": "osm_overpass"}, "geometry": {"type": "LineString", "coordinates": [[80.1180618, 12.9260734], [80.1177824, 12.9264187], [80.1181199, 12.92676], [80.118104, 12.9267738], [80.1182723, 12.926955], [80.1182729, 12.9269628], [80.118476, 12.9271702], [80.1185087, 12.9272037], [80.1185336, 12.9272246], [80.1186708, 12.9273404]]}}, {"type": "Feature", "properties": {"osm_id": 1173910095, "highway": "footway", "name": null, "source": "osm_overpass"}, "geometry": {"type": "LineString", "coordinates": [[80.1185099, 12.9271945], [80.118526, 12.9271788], [80.1182931, 12.92695], [80.1182797, 12.9269626]]}}, {"type": "Feature", "properties": {"osm_id": 1173910096, "highway": "footway", "name": null, "source": "osm_overpass"}, "geometry": {"type": "LineString", "coordinates": [[80.1185336, 12.9272246], [80.1185244, 12.9272081], [80.1185099, 12.9271945], [80.1184943, 12.9271792], [80.118476, 12.9271702]]}}, {"type": "Feature", "properties": {"osm_id": 1173910098, "highway": "footway", "name": null, "source": "osm_overpass"}, "geometry": {"type": "LineString", "coordinates": [[80.1181399, 12.9272922], [80.1182558, 12.9273957]]}}, {"type": "Feature", "properties": {"osm_id": 1173910104, "highway": "path", "name": null, "source": "osm_overpass"}, "geometry": {"type": "LineString", "coordinates": [[80.1190686, 12.9272726], [80.1192128, 12.9271101], [80.1199949, 12.926229]]}}, {"type": "Feature", "properties": {"osm_id": 1173910105, "highway": "path", "name": null, "source": "osm_overpass"}, "geometry": {"type": "LineString", "coordinates": [[80.1192128, 12.9271101], [80.1181107, 12.9262222]]}}, {"type": "Feature", "properties": {"osm_id": 1177170714, "highway": "footway", "name": null, "source": "osm_overpass"}, "geometry": {"type": "LineString", "coordinates": [[80.2309541, 13.0540636], [80.2309536, 13.0541246]]}}, {"type": "Feature", "properties": {"osm_id": 1177170715, "highway": "footway", "name": null, "source": "osm_overpass"}, "geometry": {"type": "LineString", "coordinates": [[80.2309639, 13.0541823], [80.2309658, 13.0541246]]}}, {"type": "Feature", "properties": {"osm_id": 1177170716, "highway": "footway", "name": null, "source": "osm_overpass"}, "geometry": {"type": "LineString", "coordinates": [[80.2313111, 13.0540647], [80.2313117, 13.0541261]]}}, {"type": "Feature", "properties": {"osm_id": 1177170717, "highway": "footway", "name": null, "source": "osm_overpass"}, "geometry": {"type": "LineString", "coordinates": [[80.2313273, 13.0541853], [80.2313268, 13.0541265]]}}, {"type": "Feature", "properties": {"osm_id": 1181311497, "highway": "path", "name": null, "source": "osm_overpass"}, "geometry": {"type": "LineString", "coordinates": [[80.1577908, 13.2035409], [80.157831, 13.2038292], [80.1578229, 13.2038971], [80.1578211, 13.2039382], [80.1578216, 13.203982], [80.1578377, 13.2040342], [80.1578698, 13.2040904], [80.1579074, 13.2041687], [80.1579277, 13.204213], [80.157937, 13.2042468], [80.1579395, 13.2042862], [80.1579355, 13.2043281]]}}, {"type": "Feature", "properties": {"osm_id": 1181311498, "highway": "path", "name": null, "source": "osm_overpass"}, "geometry": {"type": "LineString", "coordinates": [[80.1579355, 13.2043281], [80.157905, 13.2043899], [80.1578859, 13.2044376], [80.1578715, 13.2045019]]}}, {"type": "Feature", "properties": {"osm_id": 1181311511, "highway": "path", "name": null, "source": "osm_overpass"}, "geometry": {"type": "LineString", "coordinates": [[80.1594862, 13.2038657], [80.1593212, 13.2038109], [80.1592818, 13.2037952], [80.1592515, 13.2037809], [80.1592113, 13.203762], [80.1591669, 13.2037391], [80.1591382, 13.203728], [80.1591026, 13.2037247], [80.1590485, 13.203725], [80.1586358, 13.2037594]]}}, {"type": "Feature", "properties": {"osm_id": 1181311521, "highway": "path", "name": null, "source": "osm_overpass"}, "geometry": {"type": "LineString", "coordinates": [[80.1585238, 13.2022819], [80.1586634, 13.2023567], [80.1587445, 13.2024127], [80.1588357, 13.2025163], [80.1589207, 13.2026427]]}}, {"type": "Feature", "properties": {"osm_id": 1181311526, "highway": "path", "name": null, "source": "osm_overpass"}, "geometry": {"type": "LineString", "coordinates": [[80.1580493, 13.2015868], [80.1581203, 13.2016198], [80.158219, 13.2016537], [80.1582944, 13.2016856], [80.1583552, 13.20173], [80.1584245, 13.2017744], [80.1584879, 13.2018076]]}}, {"type": "Feature", "properties": {"osm_id": 1181311532, "highway": "path", "name": null, "source": "osm_overpass"}, "geometry": {"type": "LineString", "coordinates": [[80.1584245, 13.2017744], [80.1583401, 13.2017806], [80.1582583, 13.2017897], [80.1581309, 13.201808], [80.1580679, 13.2018248], [80.15799, 13.2018511], [80.1578707, 13.2018837], [80.1576649, 13.2019516]]}}, {"type": "Feature", "properties": {"osm_id": 1188042645, "highway": "path", "name": null, "source": "osm_overpass"}, "geometry": {"type": "LineString", "coordinates": [[80.206137, 13.0323234], [80.2061718, 13.0324829]]}}, {"type": "Feature", "properties": {"osm_id": 1188049058, "highway": "path", "name": null, "source": "osm_overpass"}, "geometry": {"type": "LineString", "coordinates": [[80.2513389, 13.0830195], [80.2506072, 13.0831564]]}}, {"type": "Feature", "properties": {"osm_id": 1188126147, "highway": "footway", "name": null, "source": "osm_overpass"}, "geometry": {"type": "LineString", "coordinates": [[80.2418822, 13.0737043], [80.2418931, 13.0736712]]}}, {"type": "Feature", "properties": {"osm_id": 1188126148, "highway": "footway", "name": null, "source": "osm_overpass"}, "geometry": {"type": "LineString", "coordinates": [[80.2413898, 13.0740602], [80.2414249, 13.0740152]]}}, {"type": "Feature", "properties": {"osm_id": 1188126152, "highway": "footway", "name": null, "source": "osm_overpass"}, "geometry": {"type": "LineString", "coordinates": [[80.2423381, 13.073251], [80.2421585, 13.0737487], [80.2418931, 13.0736712], [80.2416408, 13.073592], [80.240853, 13.0734071]]}}, {"type": "Feature", "properties": {"osm_id": 1188604082, "highway": "footway", "name": null, "source": "osm_overpass"}, "geometry": {"type": "LineString", "coordinates": [[80.210656, 13.0593525], [80.2105379, 13.0593067]]}}, {"type": "Feature", "properties": {"osm_id": 1188619685, "highway": "footway", "name": null, "source": "osm_overpass"}, "geometry": {"type": "LineString", "coordinates": [[80.2872473, 13.0868907], [80.287408, 13.0868377]]}}, {"type": "Feature", "properties": {"osm_id": 1188619686, "highway": "footway", "name": null, "source": "osm_overpass"}, "geometry": {"type": "LineString", "coordinates": [[80.2871325, 13.086571], [80.2871228, 13.0865442]]}}, {"type": "Feature", "properties": {"osm_id": 1188619687, "highway": "footway", "name": null, "source": "osm_overpass"}, "geometry": {"type": "LineString", "coordinates": [[80.287363, 13.0872128], [80.2872473, 13.0868907], [80.2871325, 13.086571]]}}, {"type": "Feature", "properties": {"osm_id": 1188619688, "highway": "footway", "name": null, "source": "osm_overpass"}, "geometry": {"type": "LineString", "coordinates": [[80.2873815, 13.0872643], [80.287363, 13.0872128]]}}, {"type": "Feature", "properties": {"osm_id": 1188619689, "highway": "footway", "name": null, "source": "osm_overpass"}, "geometry": {"type": "LineString", "coordinates": [[80.288835, 13.0883263], [80.2888097, 13.0882478]]}}, {"type": "Feature", "properties": {"osm_id": 1188619690, "highway": "footway", "name": null, "source": "osm_overpass"}, "geometry": {"type": "LineString", "coordinates": [[80.2892311, 13.0874524], [80.2891231, 13.0874857]]}}, {"type": "Feature", "properties": {"osm_id": 1188619691, "highway": "footway", "name": null, "source": "osm_overpass"}, "geometry": {"type": "LineString", "coordinates": [[80.2873066, 13.0880422], [80.2877868, 13.0878956]]}}, {"type": "Feature", "properties": {"osm_id": 1188619692, "highway": "footway", "name": null, "source": "osm_overpass"}, "geometry": {"type": "LineString", "coordinates": [[80.287275, 13.0880518], [80.2873066, 13.0880422]]}}, {"type": "Feature", "properties": {"osm_id": 1188619693, "highway": "footway", "name": null, "source": "osm_overpass"}, "geometry": {"type": "LineString", "coordinates": [[80.2891231, 13.0874857], [80.2886238, 13.0876397], [80.2878658, 13.0878734]]}}, {"type": "Feature", "properties": {"osm_id": 1188619694, "highway": "footway", "name": null, "source": "osm_overpass"}, "geometry": {"type": "LineString", "coordinates": [[80.2888097, 13.0882478], [80.2886238, 13.0876397], [80.28844, 13.0870393]]}}, {"type": "Feature", "properties": {"osm_id": 1188619695, "highway": "footway", "name": null, "source": "osm_overpass"}, "geometry": {"type": "LineString", "coordinates": [[80.2876061, 13.0864286], [80.287563, 13.0862949]]}}, {"type": "Feature", "properties": {"osm_id": 1188619696, "highway": "footway", "name": null, "source": "osm_overpass"}, "geometry": {"type": "LineString", "coordinates": [[80.2883127, 13.0866329], [80.28844, 13.0870393]]}}, {"type": "Feature", "properties": {"osm_id": 1188619697, "highway": "footway", "name": null, "source": "osm_overpass"}, "geometry": {"type": "LineString", "coordinates": [[80.287542, 13.0867933], [80.287408, 13.0868377]]}}, {"type": "Feature", "properties": {"osm_id": 1188619698, "highway": "footway", "name": null, "source": "osm_overpass"}, "geometry": {"type": "LineString", "coordinates": [[80.2880051, 13.0876205], [80.2879967, 13.0875914]]}}, {"type": "Feature", "properties": {"osm_id": 1188619699, "highway": "footway", "name": null, "source": "osm_overpass"}, "geometry": {"type": "LineString", "coordinates": [[80.2877868, 13.0878956], [80.2878658, 13.0878734]]}}, {"type": "Feature", "properties": {"osm_id": 1188645111, "highway": "footway", "name": null, "source": "osm_overpass"}, "geometry": {"type": "LineString", "coordinates": [[80.1993276, 12.9834839], [80.1998092, 12.983458]]}}, {"type": "Feature", "properties": {"osm_id": 1188650840, "highway": "footway", "name": null, "source": "osm_overpass"}, "geometry": {"type": "LineString", "coordinates": [[80.2863922, 13.0875096], [80.2863854, 13.0877836]]}}, {"type": "Feature", "properties": {"osm_id": 1188792733, "highway": "footway", "name": null, "source": "osm_overpass"}, "geometry": {"type": "LineString", "coordinates": [[80.1958387, 13.1462538], [80.1959833, 13.1462101]]}}, {"type": "Feature", "properties": {"osm_id": 1188792734, "highway": "footway", "name": null, "source": "osm_overpass"}, "geometry": {"type": "LineString", "coordinates": [[80.1959575, 13.1461004], [80.1959833, 13.1462101]]}}, {"type": "Feature", "properties": {"osm_id": 1188811731, "highway": "path", "name": null, "source": "osm_overpass"}, "geometry": {"type": "LineString", "coordinates": [[80.2204294, 13.098934], [80.2204235, 13.0989066], [80.2204166, 13.0988749]]}}, {"type": "Feature", "properties": {"osm_id": 1188874035, "highway": "footway", "name": null, "source": "osm_overpass"}, "geometry": {"type": "LineString", "coordinates": [[80.2742731, 13.0820858], [80.2743088, 13.0819237], [80.2738675, 13.0818388], [80.2738327, 13.0818192], [80.2738166, 13.0817996], [80.2737844, 13.0817421], [80.2737227, 13.0817745], [80.2736825, 13.0817957], [80.2736484, 13.0819683]]}}, {"type": "Feature", "properties": {"osm_id": 1188874036, "highway": "footway", "name": null, "source": "osm_overpass"}, "geometry": {"type": "LineString", "coordinates": [[80.273317, 13.081906], [80.2736484, 13.0819683], [80.2742731, 13.0820858], [80.2745636, 13.0821405], [80.2746682, 13.0821601]]}}, {"type": "Feature", "properties": {"osm_id": 1188874037, "highway": "pedestrian", "name": null, "source": "osm_overpass"}, "geometry": {"type": "LineString", "coordinates": [[80.2742642, 13.0820291], [80.2737958, 13.0819354], [80.2737428, 13.0818819], [80.2735805, 13.0816363], [80.2735497, 13.0818074], [80.2735819, 13.081814], [80.273563, 13.0819166], [80.2735967, 13.0819232], [80.2735841, 13.0819847], [80.2738719, 13.0820428], [80.2739651, 13.0820617], [80.2741747, 13.082104], [80.274357, 13.0821379], [80.2744416, 13.0821544], [80.2744597, 13.0820662], [80.2743069, 13.0820376], [80.2742642, 13.0820291]]}}, {"type": "Feature", "properties": {"osm_id": 1188874039, "highway": "footway", "name": null, "source": "osm_overpass"}, "geometry": {"type": "LineString", "coordinates": [[80.2745176, 13.0819667], [80.2745145, 13.0819794]]}}, {"type": "Feature", "properties": {"osm_id": 1188874063, "highway": "pedestrian", "name": null, "source": "osm_overpass"}, "geometry": {"type": "LineString", "coordinates": [[80.2743069, 13.0820376], [80.2743222, 13.0819622], [80.2744, 13.0819759], [80.274412, 13.0819113], [80.2745408, 13.0819354], [80.2745247, 13.0819942], [80.2745037, 13.0819968], [80.2744899, 13.0820714], [80.2745379, 13.0820814], [80.2745082, 13.0822261], [80.2745609, 13.0822359], [80.2745676, 13.0822085], [80.274691, 13.082232], [80.2746682, 13.0821601], [80.2746293, 13.0820857], [80.2746186, 13.0820612], [80.2745944, 13.082006], [80.2745931, 13.0819759], [80.2746186, 13.0817526], [80.274526, 13.081746], [80.2745073, 13.0817565], [80.2743202, 13.0818936], [80.274284, 13.0819041], [80.2742397, 13.0819087], [80.273887, 13.0818381], [80.2738535, 13.0818159], [80.2738333, 13.0817904], [80.2737831, 13.0817081], [80.2737267, 13.0817108], [80.2738119, 13.081842], [80.2738447, 13.0818682], [80.2738823, 13.0818865], [80.2742786, 13.0819616], [80.2742699, 13.0820021], [80.2742642, 13.0820291], [80.2743069, 13.0820376]]}}, {"type": "Feature", "properties": {"osm_id": 1188874077, "highway": "pedestrian", "name": null, "source": "osm_overpass"}, "geometry": {"type": "LineString", "coordinates": [[80.2738719, 13.0820428], [80.2738534, 13.0821294], [80.2739466, 13.0821483], [80.2739651, 13.0820617], [80.2738719, 13.0820428]]}}, {"type": "Feature", "properties": {"osm_id": 1188902779, "highway": "footway", "name": "Chennai Central Square Subway", "source": "osm_overpass"}, "geometry": {"type": "LineString", "coordinates": [[80.2750571, 13.0818531], [80.2750595, 13.081828], [80.2750893, 13.0815109]]}}, {"type": "Feature", "properties": {"osm_id": 1188902782, "highway": "footway", "name": null, "source": "osm_overpass"}, "geometry": {"type": "LineString", "coordinates": [[80.2750571, 13.0818531], [80.2750276, 13.0818858]]}}, {"type": "Feature", "properties": {"osm_id": 1188902783, "highway": "footway", "name": null, "source": "osm_overpass"}, "geometry": {"type": "LineString", "coordinates": [[80.2751242, 13.0818257], [80.2752372, 13.0818096], [80.2754125, 13.0817695], [80.2760236, 13.0818682], [80.2760589, 13.0818845]]}}, {"type": "Feature", "properties": {"osm_id": 1188902784, "highway": "footway", "name": null, "source": "osm_overpass"}, "geometry": {"type": "LineString", "coordinates": [[80.2751483, 13.0820635], [80.2751242, 13.0818257]]}}, {"type": "Feature", "properties": {"osm_id": 1188902785, "highway": "footway", "name": null, "source": "osm_overpass"}, "geometry": {"type": "LineString", "coordinates": [[80.2760589, 13.0818845], [80.2758524, 13.0821823], [80.2753257, 13.0820934]]}}, {"type": "Feature", "properties": {"osm_id": 1188902787, "highway": "footway", "name": null, "source": "osm_overpass"}, "geometry": {"type": "LineString", "coordinates": [[80.274862, 13.0822414], [80.2748694, 13.0821993]]}}, {"type": "Feature", "properties": {"osm_id": 1188902789, "highway": "footway", "name": null, "source": "osm_overpass"}, "geometry": {"type": "LineString", "coordinates": [[80.2745426, 13.0829425], [80.2749069, 13.0829988]]}}, {"type": "Feature", "properties": {"osm_id": 1188902790, "highway": "footway", "name": null, "source": "osm_overpass"}, "geometry": {"type": "LineString", "coordinates": [[80.2744549, 13.0834677], [80.2745426, 13.0829425], [80.2745716, 13.0827649], [80.2747661, 13.0827885], [80.274862, 13.0822414]]}}, {"type": "Feature", "properties": {"osm_id": 1188902791, "highway": "footway", "name": null, "source": "osm_overpass"}, "geometry": {"type": "LineString", "coordinates": [[80.2748694, 13.0821993], [80.274919, 13.0822071], [80.2751824, 13.0822487], [80.2756831, 13.0823278], [80.2760354, 13.0823752]]}}, {"type": "Feature", "properties": {"osm_id": 1188902792, "highway": "footway", "name": null, "source": "osm_overpass"}, "geometry": {"type": "LineString", "coordinates": [[80.2747597, 13.0821768], [80.2748694, 13.0821993]]}}, {"type": "Feature", "properties": {"osm_id": 1188902793, "highway": "footway", "name": null, "source": "osm_overpass"}, "geometry": {"type": "LineString", "coordinates": [[80.2731422, 13.0818667], [80.2732079, 13.0818836], [80.2732691, 13.081897], [80.273317, 13.081906]]}}, {"type": "Feature", "properties": {"osm_id": 1188915661, "highway": "pedestrian", "name": null, "source": "osm_overpass"}, "geometry": {"type": "LineString", "coordinates": [[80.1870014, 13.198924], [80.1869638, 13.1987523]]}}, {"type": "Feature", "properties": {"osm_id": 1188921172, "highway": "pedestrian", "name": null, "source": "osm_overpass"}, "geometry": {"type": "LineString", "coordinates": [[80.2508632, 12.9938881], [80.2506656, 12.9945875]]}}, {"type": "Feature", "properties": {"osm_id": 1188940974, "highway": "footway", "name": null, "source": "osm_overpass"}, "geometry": {"type": "LineString", "coordinates": [[80.2746306, 13.0814586], [80.2746224, 13.0812499]]}}, {"type": "Feature", "properties": {"osm_id": 1189085793, "highway": "path", "name": null, "source": "osm_overpass"}, "geometry": {"type": "LineString", "coordinates": [[80.2185792, 12.9681708], [80.2185139, 12.9680037]]}}, {"type": "Feature", "properties": {"osm_id": 1189141038, "highway": "pedestrian", "name": null, "source": "osm_overpass"}, "geometry": {"type": "LineString", "coordinates": [[80.1977827, 12.9618561], [80.1974557, 12.9619256]]}}, {"type": "Feature", "properties": {"osm_id": 1189146089, "highway": "path", "name": null, "source": "osm_overpass"}, "geometry": {"type": "LineString", "coordinates": [[80.0981355, 12.9171615], [80.0981842, 12.9171968], [80.0982238, 12.917204], [80.098258, 12.9171975], [80.0983156, 12.9171785]]}}, {"type": "Feature", "properties": {"osm_id": 1189151807, "highway": "path", "name": null, "source": "osm_overpass"}, "geometry": {"type": "LineString", "coordinates": [[80.1938277, 12.9130061], [80.193833, 12.9131064]]}}, {"type": "Feature", "properties": {"osm_id": 1189190063, "highway": "path", "name": null, "source": "osm_overpass"}, "geometry": {"type": "LineString", "coordinates": [[80.2522485, 13.0958321], [80.2519161, 13.0958028]]}}, {"type": "Feature", "properties": {"osm_id": 1189299781, "highway": "footway", "name": null, "source": "osm_overpass"}, "geometry": {"type": "LineString", "coordinates": [[80.1299063, 13.0421985], [80.1298116, 13.0421625], [80.12976, 13.0421532], [80.1296758, 13.0421925], [80.129571, 13.0422478]]}}, {"type": "Feature", "properties": {"osm_id": 1189299993, "highway": "path", "name": null, "source": "osm_overpass"}, "geometry": {"type": "LineString", "coordinates": [[80.2002387, 12.9559274], [80.2002922, 12.955917]]}}, {"type": "Feature", "properties": {"osm_id": 1189300583, "highway": "path", "name": null, "source": "osm_overpass"}, "geometry": {"type": "LineString", "coordinates": [[80.2998518, 13.1862162], [80.3004617, 13.1858703]]}}, {"type": "Feature", "properties": {"osm_id": 1189311095, "highway": "path", "name": null, "source": "osm_overpass"}, "geometry": {"type": "LineString", "coordinates": [[80.1659711, 13.0632287], [80.1659793, 13.0631767]]}}, {"type": "Feature", "properties": {"osm_id": 1189335443, "highway": "footway", "name": null, "source": "osm_overpass"}, "geometry": {"type": "LineString", "coordinates": [[80.2746186, 13.0820612], [80.274585, 13.0820608], [80.2745636, 13.0821405]]}}, {"type": "Feature", "properties": {"osm_id": 1189335444, "highway": "footway", "name": null, "source": "osm_overpass"}, "geometry": {"type": "LineString", "coordinates": [[80.2746768, 13.0820667], [80.2746186, 13.0820612]]}}, {"type": "Feature", "properties": {"osm_id": 1189335445, "highway": "footway", "name": null, "source": "osm_overpass"}, "geometry": {"type": "LineString", "coordinates": [[80.2752253, 13.0820765], [80.2751483, 13.0820635], [80.2751242, 13.0820909], [80.2750665, 13.0820892], [80.2750436, 13.0820886], [80.2750167, 13.0820878], [80.2748492, 13.0820831], [80.2746768, 13.0820667]]}}, {"type": "Feature", "properties": {"osm_id": 1189335446, "highway": "footway", "name": null, "source": "osm_overpass"}, "geometry": {"type": "LineString", "coordinates": [[80.2753257, 13.0820934], [80.2752253, 13.0820765]]}}, {"type": "Feature", "properties": {"osm_id": 1189351056, "highway": "pedestrian", "name": null, "source": "osm_overpass"}, "geometry": {"type": "LineString", "coordinates": [[80.1073984, 12.9266625], [80.1074096, 12.9270896], [80.1069366, 12.9271495]]}}, {"type": "Feature", "properties": {"osm_id": 1189631999, "highway": "pedestrian", "name": null, "source": "osm_overpass"}, "geometry": {"type": "LineString", "coordinates": [[80.171202, 13.0643554], [80.1711756, 13.0646378]]}}, {"type": "Feature", "properties": {"osm_id": 1190100966, "highway": "footway", "name": null, "source": "osm_overpass"}, "geometry": {"type": "LineString", "coordinates": [[80.2998696, 13.160943], [80.2997342, 13.1609602], [80.2996758, 13.1609903], [80.2996738, 13.161017], [80.2996778, 13.1610934], [80.2997398, 13.1614249], [80.2997425, 13.1614876], [80.2997294, 13.1615261], [80.2991964, 13.1616321]]}}, {"type": "Feature", "properties": {"osm_id": 1190120806, "highway": "footway", "name": null, "source": "osm_overpass"}, "geometry": {"type": "LineString", "coordinates": [[80.161079, 12.9196706], [80.1612188, 12.9196477], [80.161247, 12.9196503], [80.1612737, 12.9196631], [80.1612966, 12.9197013]]}}, {"type": "Feature", "properties": {"osm_id": 1190141160, "highway": "footway", "name": null, "source": "osm_overpass"}, "geometry": {"type": "LineString", "coordinates": [[80.2349489, 12.9432639], [80.235129, 12.9440513]]}}, {"type": "Feature", "properties": {"osm_id": 1190153200, "highway": "footway", "name": null, "source": "osm_overpass"}, "geometry": {"type": "LineString", "coordinates": [[80.1346651, 13.0940367], [80.1347143, 13.0944365]]}}, {"type": "Feature", "properties": {"osm_id": 1190166137, "highway": "path", "name": null, "source": "osm_overpass"}, "geometry": {"type": "LineString", "coordinates": [[80.1113969, 13.0086194], [80.1114018, 13.0084258], [80.1113539, 13.0083214], [80.1109997, 13.0079997], [80.110995, 13.0079826]]}}, {"type": "Feature", "properties": {"osm_id": 1190309730, "highway": "footway", "name": null, "source": "osm_overpass"}, "geometry": {"type": "LineString", "coordinates": [[80.0932078, 12.9850601], [80.0931718, 12.9847987], [80.0931596, 12.9847616], [80.0931319, 12.9847518], [80.093011, 12.9847529], [80.0926607, 12.984793], [80.0927022, 12.9852005], [80.0927257, 12.9852721], [80.092743, 12.9852822], [80.0927831, 12.9852844], [80.0928796, 12.9852611]]}}, {"type": "Feature", "properties": {"osm_id": 1190335727, "highway": "path", "name": null, "source": "osm_overpass"}, "geometry": {"type": "LineString", "coordinates": [[80.0810206, 12.9133788], [80.0810224, 12.9131823], [80.0810881, 12.9130683]]}}, {"type": "Feature", "properties": {"osm_id": 1190348113, "highway": "footway", "name": null, "source": "osm_overpass"}, "geometry": {"type": "LineString", "coordinates": [[80.2394632, 12.9533714], [80.2395774, 12.9536848]]}}, {"type": "Feature", "properties": {"osm_id": 1190350244, "highway": "path", "name": null, "source": "osm_overpass"}, "geometry": {"type": "LineString", "coordinates": [[80.0965651, 12.9242209], [80.0965621, 12.9242552], [80.0965521, 12.9242912], [80.0965407, 12.9243396]]}}, {"type": "Feature", "properties": {"osm_id": 1190424701, "highway": "footway", "name": null, "source": "osm_overpass"}, "geometry": {"type": "LineString", "coordinates": [[80.2299768, 13.0350943], [80.2299649, 13.0350315]]}}, {"type": "Feature", "properties": {"osm_id": 1190424702, "highway": "footway", "name": null, "source": "osm_overpass"}, "geometry": {"type": "LineString", "coordinates": [[80.2299768, 13.0350943], [80.2300783, 13.0350742], [80.2301758, 13.0351455], [80.2302273, 13.0352716]]}}, {"type": "Feature", "properties": {"osm_id": 1190750630, "highway": "path", "name": null, "source": "osm_overpass"}, "geometry": {"type": "LineString", "coordinates": [[80.1208201, 13.0841742], [80.1207244, 13.0841929], [80.1206567, 13.0842245], [80.1200892, 13.0848539], [80.1199431, 13.0850348]]}}, {"type": "Feature", "properties": {"osm_id": 1190962925, "highway": "footway", "name": null, "source": "osm_overpass"}, "geometry": {"type": "LineString", "coordinates": [[80.1337028, 13.0941031], [80.1336993, 13.0940127], [80.1337016, 13.0939931], [80.1337042, 13.0939721], [80.1337186, 13.0939242], [80.1337341, 13.0939181], [80.133753, 13.0939041], [80.1337781, 13.0938517], [80.1337853, 13.0938298], [80.1338009, 13.0937799], [80.133796, 13.0937251]]}}, {"type": "Feature", "properties": {"osm_id": 1191215250, "highway": "footway", "name": null, "source": "osm_overpass"}, "geometry": {"type": "LineString", "coordinates": [[80.2090714, 12.9835369], [80.2089473, 12.9835336], [80.2089338, 12.9835323], [80.2089253, 12.9835244], [80.2089199, 12.9833695], [80.2089242, 12.9832898], [80.2089243, 12.983233], [80.2089486, 12.9832318], [80.2089931, 12.9832317], [80.2090707, 12.9832368], [80.2091553, 12.9832363], [80.2092276, 12.9832353], [80.2092242, 12.9833125], [80.2092269, 12.983376], [80.2092233, 12.9834996], [80.2092215, 12.9835303], [80.2092164, 12.9835381], [80.2091787, 12.9835381], [80.2090714, 12.9835369]]}}, {"type": "Feature", "properties": {"osm_id": 1191340638, "highway": "path", "name": null, "source": "osm_overpass"}, "geometry": {"type": "LineString", "coordinates": [[80.11758, 12.9255083], [80.1176674, 12.92543], [80.1176866, 12.9254316], [80.117782, 12.9254959]]}}, {"type": "Feature", "properties": {"osm_id": 1191345887, "highway": "footway", "name": null, "source": "osm_overpass"}, "geometry": {"type": "LineString", "coordinates": [[80.0980511, 12.9702569], [80.0979867, 12.9702559], [80.0975681, 12.9703019], [80.0975122, 12.9702905], [80.0974333, 12.9702307], [80.0973808, 12.9701574], [80.0973335, 12.9701006], [80.0972398, 12.9700833], [80.0971383, 12.9700933], [80.097078, 12.9701523], [80.0970159, 12.9702289], [80.0969289, 12.9703208], [80.0968247, 12.970358], [80.0967111, 12.9703101], [80.0966507, 12.9702188], [80.0965755, 12.9701513], [80.0964982, 12.9701359], [80.0964185, 12.9701636], [80.0963464, 12.9702527], [80.0962871, 12.9703554], [80.0962099, 12.9704056], [80.0961293, 12.9703923], [80.0959506, 12.9701841], [80.0958292, 12.9701105]]}}, {"type": "Feature", "properties": {"osm_id": 1191716328, "highway": "footway", "name": null, "source": "osm_overpass"}, "geometry": {"type": "LineString", "coordinates": [[80.0586575, 12.8397752], [80.059114, 12.8397563]]}}, {"type": "Feature", "properties": {"osm_id": 1191719675, "highway": "footway", "name": null, "source": "osm_overpass"}, "geometry": {"type": "LineString", "coordinates": [[80.2036291, 12.9107315], [80.2034819, 12.9107519], [80.2034439, 12.9107726], [80.2034379, 12.9108047], [80.2034562, 12.9109388], [80.2034706, 12.9109768], [80.2034998, 12.9109969], [80.2036571, 12.9109753]]}}, {"type": "Feature", "properties": {"osm_id": 1191965417, "highway": "path", "name": null, "source": "osm_overpass"}, "geometry": {"type": "LineString", "coordinates": [[80.1361874, 13.1410644], [80.1362159, 13.1409315], [80.1362796, 13.1408511], [80.1363734, 13.1407924], [80.1365039, 13.1407798], [80.1366293, 13.1407656]]}}, {"type": "Feature", "properties": {"osm_id": 1192005143, "highway": "footway", "name": null, "source": "osm_overpass"}, "geometry": {"type": "LineString", "coordinates": [[80.2331995, 13.0658477], [80.2332735, 13.0660108]]}}, {"type": "Feature", "properties": {"osm_id": 1192005144, "highway": "footway", "name": null, "source": "osm_overpass"}, "geometry": {"type": "LineString", "coordinates": [[80.2332735, 13.0660108], [80.233917, 13.0657716], [80.2341292, 13.0656732], [80.2342502, 13.0656077], [80.2343338, 13.0655423]]}}, {"type": "Feature", "properties": {"osm_id": 1192005145, "highway": "footway", "name": null, "source": "osm_overpass"}, "geometry": {"type": "LineString", "coordinates": [[80.2343971, 13.0653262], [80.2343805, 13.06531], [80.234227, 13.0654678]]}}, {"type": "Feature", "properties": {"osm_id": 1192005146, "highway": "footway", "name": null, "source": "osm_overpass"}, "geometry": {"type": "LineString", "coordinates": [[80.2343338, 13.0655423], [80.2344266, 13.0654695], [80.2344857, 13.0653972], [80.2344571, 13.065369]]}}, {"type": "Feature", "properties": {"osm_id": 1192005148, "highway": "footway", "name": null, "source": "osm_overpass"}, "geometry": {"type": "LineString", "coordinates": [[80.2326577, 13.0658807], [80.2326833, 13.0660323]]}}, {"type": "Feature", "properties": {"osm_id": 1192005149, "highway": "footway", "name": null, "source": "osm_overpass"}, "geometry": {"type": "LineString", "coordinates": [[80.2326833, 13.0660323], [80.2326385, 13.0660487]]}}, {"type": "Feature", "properties": {"osm_id": 1192026923, "highway": "path", "name": null, "source": "osm_overpass"}, "geometry": {"type": "LineString", "coordinates": [[80.170836, 12.8568164], [80.1701341, 12.8550285]]}}, {"type": "Feature", "properties": {"osm_id": 1198925238, "highway": "footway", "name": null, "source": "osm_overpass"}, "geometry": {"type": "LineString", "coordinates": [[80.2398546, 12.9495017], [80.2398594, 12.9493698]]}}, {"type": "Feature", "properties": {"osm_id": 1201934364, "highway": "path", "name": null, "source": "osm_overpass"}, "geometry": {"type": "LineString", "coordinates": [[80.1016785, 13.1157025], [80.1017338, 13.1156896]]}}, {"type": "Feature", "properties": {"osm_id": 1201934365, "highway": "path", "name": null, "source": "osm_overpass"}, "geometry": {"type": "LineString", "coordinates": [[80.1017338, 13.1156896], [80.1017493, 13.115686]]}}, {"type": "Feature", "properties": {"osm_id": 1201934366, "highway": "path", "name": null, "source": "osm_overpass"}, "geometry": {"type": "LineString", "coordinates": [[80.1015485, 13.1153234], [80.1015871, 13.1153101]]}}, {"type": "Feature", "properties": {"osm_id": 1201934367, "highway": "path", "name": null, "source": "osm_overpass"}, "geometry": {"type": "LineString", "coordinates": [[80.1015871, 13.1153101], [80.1015919, 13.1153083]]}}, {"type": "Feature", "properties": {"osm_id": 1201934368, "highway": "path", "name": null, "source": "osm_overpass"}, "geometry": {"type": "LineString", "coordinates": [[80.1012949, 13.1148716], [80.1013333, 13.1148511]]}}, {"type": "Feature", "properties": {"osm_id": 1201934369, "highway": "path", "name": null, "source": "osm_overpass"}, "geometry": {"type": "LineString", "coordinates": [[80.1013333, 13.1148511], [80.1013378, 13.1148487]]}}, {"type": "Feature", "properties": {"osm_id": 1201934370, "highway": "path", "name": null, "source": "osm_overpass"}, "geometry": {"type": "LineString", "coordinates": [[80.1012889, 13.1148768], [80.1012949, 13.1148716]]}}, {"type": "Feature", "properties": {"osm_id": 1202245456, "highway": "footway", "name": null, "source": "osm_overpass"}, "geometry": {"type": "LineString", "coordinates": [[80.2089145, 13.164652], [80.2088592, 13.1646658], [80.2086719, 13.1646811]]}}, {"type": "Feature", "properties": {"osm_id": 1202517245, "highway": "footway", "name": null, "source": "osm_overpass"}, "geometry": {"type": "LineString", "coordinates": [[80.1601599, 12.8626935], [80.1601891, 12.8627272], [80.1602103, 12.8627583], [80.1602351, 12.8628097], [80.1602508, 12.8628514], [80.1602589, 12.8628864], [80.1602617, 12.8629296], [80.1602609, 12.8629613], [80.1602616, 12.8629825]]}}, {"type": "Feature", "properties": {"osm_id": 1203027202, "highway": "path", "name": null, "source": "osm_overpass"}, "geometry": {"type": "LineString", "coordinates": [[80.1832931, 13.0357129], [80.1838506, 13.035699]]}}, {"type": "Feature", "properties": {"osm_id": 1204118377, "highway": "footway", "name": null, "source": "osm_overpass"}, "geometry": {"type": "LineString", "coordinates": [[79.9720136, 12.9891038], [79.9719492, 12.9882012]]}}, {"type": "Feature", "properties": {"osm_id": 1204118378, "highway": "footway", "name": null, "source": "osm_overpass"}, "geometry": {"type": "LineString", "coordinates": [[79.970878, 12.9886943], [79.9712911, 12.9886702], [79.971266, 12.9882444]]}}, {"type": "Feature", "properties": {"osm_id": 1204149809, "highway": "path", "name": null, "source": "osm_overpass"}, "geometry": {"type": "LineString", "coordinates": [[80.1331045, 13.1945172], [80.1337256, 13.1945577], [80.1337525, 13.1945595]]}}, {"type": "Feature", "properties": {"osm_id": 1204149813, "highway": "path", "name": null, "source": "osm_overpass"}, "geometry": {"type": "LineString", "coordinates": [[80.1331045, 13.1945172], [80.1330808, 13.1948725]]}}, {"type": "Feature", "properties": {"osm_id": 1204149814, "highway": "footway", "name": null, "source": "osm_overpass"}, "geometry": {"type": "LineString", "coordinates": [[80.133078, 13.1949167], [80.132032, 13.1948499]]}}, {"type": "Feature", "properties": {"osm_id": 1204149815, "highway": "footway", "name": null, "source": "osm_overpass"}, "geometry": {"type": "LineString", "coordinates": [[80.1337256, 13.1945577], [80.133721, 13.1946285], [80.1336997, 13.1949576], [80.1336843, 13.1951951]]}}, {"type": "Feature", "properties": {"osm_id": 1204149816, "highway": "footway", "name": null, "source": "osm_overpass"}, "geometry": {"type": "LineString", "coordinates": [[80.133078, 13.1949167], [80.1336997, 13.1949576]]}}, {"type": "Feature", "properties": {"osm_id": 1204149820, "highway": "footway", "name": null, "source": "osm_overpass"}, "geometry": {"type": "LineString", "coordinates": [[80.1337256, 13.1945577], [80.1337294, 13.1944942], [80.1337302, 13.1944774], [80.1331602, 13.1944437], [80.1331103, 13.1944411]]}}, {"type": "Feature", "properties": {"osm_id": 1204149821, "highway": "footway", "name": null, "source": "osm_overpass"}, "geometry": {"type": "LineString", "coordinates": [[80.1337302, 13.1944774], [80.1337573, 13.1944782]]}}, {"type": "Feature", "properties": {"osm_id": 1204840925, "highway": "path", "name": null, "source": "osm_overpass"}, "geometry": {"type": "LineString", "coordinates": [[80.1573892, 13.1219632], [80.1574032, 13.1219514], [80.1574162, 13.1219477], [80.1574275, 13.1219356], [80.1574393, 13.12192], [80.1574489, 13.1219047], [80.1574514, 13.1218917]]}}, {"type": "Feature", "properties": {"osm_id": 1206768089, "highway": "path", "name": null, "source": "osm_overpass"}, "geometry": {"type": "LineString", "coordinates": [[80.0730845, 12.9196011], [80.073122, 12.919592], [80.0731596, 12.9195828]]}}, {"type": "Feature", "properties": {"osm_id": 1206769016, "highway": "footway", "name": null, "source": "osm_overpass"}, "geometry": {"type": "LineString", "coordinates": [[80.0754595, 12.9196408], [80.0754721, 12.9196995], [80.0754902, 12.9197835]]}}, {"type": "Feature", "properties": {"osm_id": 1206906281, "highway": "path", "name": "Vanuvampet Amman Koil Street", "source": "osm_overpass"}, "geometry": {"type": "LineString", "coordinates": [[80.1974259, 12.9816066], [80.197355, 12.9816259]]}}, {"type": "Feature", "properties": {"osm_id": 1207087262, "highway": "footway", "name": null, "source": "osm_overpass"}, "geometry": {"type": "LineString", "coordinates": [[80.0987849, 13.0473966], [80.0987799, 13.0473257], [80.0987794, 13.0472824]]}}, {"type": "Feature", "properties": {"osm_id": 1207652377, "highway": "path", "name": null, "source": "osm_overpass"}, "geometry": {"type": "LineString", "coordinates": [[80.0371168, 12.8106525], [80.037064, 12.8105249], [80.0369782, 12.8104863], [80.0368549, 12.8104753]]}}, {"type": "Feature", "properties": {"osm_id": 1209708528, "highway": "footway", "name": null, "source": "osm_overpass"}, "geometry": {"type": "LineString", "coordinates": [[80.2480008, 12.967245], [80.2482439, 12.9671324]]}}, {"type": "Feature", "properties": {"osm_id": 1209708529, "highway": "path", "name": null, "source": "osm_overpass"}, "geometry": {"type": "LineString", "coordinates": [[80.2479302, 12.9670086], [80.2479278, 12.9670977]]}}, {"type": "Feature", "properties": {"osm_id": 1209708532, "highway": "path", "name": null, "source": "osm_overpass"}, "geometry": {"type": "LineString", "coordinates": [[80.2481992, 12.9670349], [80.2482062, 12.9669662]]}}, {"type": "Feature", "properties": {"osm_id": 1212671187, "highway": "path", "name": null, "source": "osm_overpass"}, "geometry": {"type": "LineString", "coordinates": [[79.9660653, 13.1177759], [79.9650944, 13.1177759]]}}, {"type": "Feature", "properties": {"osm_id": 1216177884, "highway": "path", "name": null, "source": "osm_overpass"}, "geometry": {"type": "LineString", "coordinates": [[79.9638931, 13.1458545], [79.9639227, 13.1455297]]}}, {"type": "Feature", "properties": {"osm_id": 1218170658, "highway": "footway", "name": null, "source": "osm_overpass"}, "geometry": {"type": "LineString", "coordinates": [[80.1192506, 13.0766866], [80.119254, 13.0764401]]}}, {"type": "Feature", "properties": {"osm_id": 1220308863, "highway": "footway", "name": null, "source": "osm_overpass"}, "geometry": {"type": "LineString", "coordinates": [[80.2361614, 12.9855227], [80.2358604, 12.98552]]}}, {"type": "Feature", "properties": {"osm_id": 1221521097, "highway": "footway", "name": null, "source": "osm_overpass"}, "geometry": {"type": "LineString", "coordinates": [[80.1659301, 13.0158372], [80.1657538, 13.0158645], [80.1655797, 13.0158915], [80.165571, 13.0158953], [80.1655666, 13.0159036], [80.165566, 13.0159171], [80.1655838, 13.0160357]]}}, {"type": "Feature", "properties": {"osm_id": 1221521098, "highway": "footway", "name": null, "source": "osm_overpass"}, "geometry": {"type": "LineString", "coordinates": [[80.1655838, 13.0160357], [80.1656702, 13.0160239]]}}, {"type": "Feature", "properties": {"osm_id": 1222165299, "highway": "path", "name": null, "source": "osm_overpass"}, "geometry": {"type": "LineString", "coordinates": [[80.136613, 12.9832423], [80.1366627, 12.9832684]]}}, {"type": "Feature", "properties": {"osm_id": 1222733162, "highway": "footway", "name": null, "source": "osm_overpass"}, "geometry": {"type": "LineString", "coordinates": [[80.2386822, 12.9869195], [80.2386852, 12.9867001]]}}, {"type": "Feature", "properties": {"osm_id": 1222947122, "highway": "footway", "name": null, "source": "osm_overpass"}, "geometry": {"type": "LineString", "coordinates": [[80.2361735, 12.9911466], [80.23606, 12.9912762], [80.2359903, 12.9914383], [80.2359956, 12.9916108], [80.2359922, 12.9917229], [80.2360761, 12.992123], [80.2361405, 12.9923896], [80.2362263, 12.9925673], [80.2362695, 12.9926429]]}}, {"type": "Feature", "properties": {"osm_id": 1222947123, "highway": "footway", "name": null, "source": "osm_overpass"}, "geometry": {"type": "LineString", "coordinates": [[80.2363038, 12.9927112], [80.2362695, 12.9926429]]}}, {"type": "Feature", "properties": {"osm_id": 1222947125, "highway": "footway", "name": null, "source": "osm_overpass"}, "geometry": {"type": "LineString", "coordinates": [[80.2333789, 12.9892006], [80.2332869, 12.9892875]]}}, {"type": "Feature", "properties": {"osm_id": 1222947126, "highway": "footway", "name": null, "source": "osm_overpass"}, "geometry": {"type": "LineString", "coordinates": [[80.2332869, 12.9888965], [80.2331706, 12.988857]]}}, {"type": "Feature", "properties": {"osm_id": 1222947127, "highway": "footway", "name": null, "source": "osm_overpass"}, "geometry": {"type": "LineString", "coordinates": [[80.2336717, 12.9886098], [80.2336539, 12.9885024]]}}, {"type": "Feature", "properties": {"osm_id": 1222947128, "highway": "footway", "name": null, "source": "osm_overpass"}, "geometry": {"type": "LineString", "coordinates": [[80.233686, 12.9893085], [80.2336998, 12.9894297]]}}, {"type": "Feature", "properties": {"osm_id": 1222947129, "highway": "footway", "name": null, "source": "osm_overpass"}, "geometry": {"type": "LineString", "coordinates": [[80.2339609, 12.9891228], [80.2340594, 12.9891829]]}}, {"type": "Feature", "properties": {"osm_id": 1224765885, "highway": "path", "name": null, "source": "osm_overpass"}, "geometry": {"type": "LineString", "coordinates": [[79.9804949, 12.8971598], [79.980745, 12.8969835], [79.9808913, 12.8969069], [79.9810038, 12.8968829], [79.9811193, 12.8968303], [79.9814459, 12.8966742], [79.9815676, 12.8965645], [79.9816277, 12.896521], [79.9818634, 12.8963033], [79.9823887, 12.8957446], [79.9824195, 12.8957056], [79.982438, 12.8956395], [79.9824442, 12.8954788], [79.9824211, 12.8953197], [79.9823132, 12.8950599], [79.9822994, 12.8949082], [79.9822459, 12.8946321], [79.9822377, 12.8946137], [79.9822306, 12.894603], [79.9822115, 12.8945963], [79.9821834, 12.8945959], [79.9821642, 12.8945887], [79.9821468, 12.8945668], [79.9821438, 12.8945236], [79.9821508, 12.8944818], [79.9821565, 12.8944321], [79.982153, 12.8943226], [79.9821469, 12.894258], [79.9821407, 12.8942099], [79.9821114, 12.8941694], [79.9820822, 12.8941258], [79.9820652, 12.8940733], [79.982049, 12.893987]]}}, {"type": "Feature", "properties": {"osm_id": 1224940518, "highway": "footway", "name": null, "source": "osm_overpass"}, "geometry": {"type": "LineString", "coordinates": [[80.2147084, 13.0861923], [80.2147008, 13.0856616], [80.2143902, 13.0854815], [80.2132326, 13.0855535], [80.2132328, 13.0863329]]}}, {"type": "Feature", "properties": {"osm_id": 1224940519, "highway": "footway", "name": "Walking track inside Anna nagar tower park", "source": "osm_overpass"}, "geometry": {"type": "LineString", "coordinates": [[80.2153454, 13.086483], [80.2153291, 13.0874889], [80.2153488, 13.0878262], [80.2139832, 13.0878895], [80.2134752, 13.0878905], [80.2135848, 13.0872289]]}}, {"type": "Feature", "properties": {"osm_id": 1227656434, "highway": "footway", "name": null, "source": "osm_overpass"}, "geometry": {"type": "LineString", "coordinates": [[80.0720521, 12.8348089], [80.0720186, 12.834822], [80.0719964, 12.8348461], [80.0719817, 12.8348795], [80.0719569, 12.8349579], [80.0719421, 12.8349946], [80.0718657, 12.8351155]]}}, {"type": "Feature", "properties": {"osm_id": 1227656435, "highway": "footway", "name": null, "source": "osm_overpass"}, "geometry": {"type": "LineString", "coordinates": [[80.0718147, 12.8352201], [80.0718395, 12.8351541], [80.0718657, 12.8351155]]}}, {"type": "Feature", "properties": {"osm_id": 1228658190, "highway": "footway", "name": null, "source": "osm_overpass"}, "geometry": {"type": "LineString", "coordinates": [[80.2753366, 13.0826898], [80.2751695, 13.0826665]]}}, {"type": "Feature", "properties": {"osm_id": 1228658191, "highway": "footway", "name": null, "source": "osm_overpass"}, "geometry": {"type": "LineString", "coordinates": [[80.2751824, 13.0822487], [80.2751684, 13.082313]]}}, {"type": "Feature", "properties": {"osm_id": 1228658192, "highway": "footway", "name": null, "source": "osm_overpass"}, "geometry": {"type": "LineString", "coordinates": [[80.2756831, 13.0823278], [80.2756768, 13.0823991]]}}, {"type": "Feature", "properties": {"osm_id": 1228658193, "highway": "footway", "name": null, "source": "osm_overpass"}, "geometry": {"type": "LineString", "coordinates": [[80.2751713, 13.0823197], [80.2752252, 13.0823302]]}}, {"type": "Feature", "properties": {"osm_id": 1228658194, "highway": "footway", "name": null, "source": "osm_overpass"}, "geometry": {"type": "LineString", "coordinates": [[80.2752252, 13.0823302], [80.2751695, 13.0826665]]}}, {"type": "Feature", "properties": {"osm_id": 1228658195, "highway": "footway", "name": null, "source": "osm_overpass"}, "geometry": {"type": "LineString", "coordinates": [[80.2750153, 13.0822902], [80.2751713, 13.0823197]]}}, {"type": "Feature", "properties": {"osm_id": 1228658196, "highway": "footway", "name": null, "source": "osm_overpass"}, "geometry": {"type": "LineString", "coordinates": [[80.2749069, 13.0829988], [80.2749228, 13.0828949], [80.2750153, 13.0822902]]}}, {"type": "Feature", "properties": {"osm_id": 1228658197, "highway": "footway", "name": null, "source": "osm_overpass"}, "geometry": {"type": "LineString", "coordinates": [[80.2754011, 13.0823552], [80.2755378, 13.082377], [80.275656, 13.0823958], [80.2756768, 13.0823991], [80.2758822, 13.0824497]]}}, {"type": "Feature", "properties": {"osm_id": 1228658198, "highway": "footway", "name": null, "source": "osm_overpass"}, "geometry": {"type": "LineString", "coordinates": [[80.2754011, 13.0823552], [80.2753366, 13.0826898]]}}, {"type": "Feature", "properties": {"osm_id": 1228658199, "highway": "footway", "name": "pathway", "source": "osm_overpass"}, "geometry": {"type": "LineString", "coordinates": [[80.2758914, 13.0824177], [80.2758822, 13.0824497], [80.2758455, 13.0825768]]}}, {"type": "Feature", "properties": {"osm_id": 1228658201, "highway": "footway", "name": null, "source": "osm_overpass"}, "geometry": {"type": "LineString", "coordinates": [[80.2759953, 13.0825964], [80.2760354, 13.0823752]]}}, {"type": "Feature", "properties": {"osm_id": 1228836451, "highway": "footway", "name": null, "source": "osm_overpass"}, "geometry": {"type": "LineString", "coordinates": [[80.2304567, 13.0512208], [80.230197, 13.0512594]]}}, {"type": "Feature", "properties": {"osm_id": 1228836452, "highway": "footway", "name": null, "source": "osm_overpass"}, "geometry": {"type": "LineString", "coordinates": [[80.2309154, 13.051135], [80.2310089, 13.0511076]]}}, {"type": "Feature", "properties": {"osm_id": 1229515291, "highway": "path", "name": null, "source": "osm_overpass"}, "geometry": {"type": "LineString", "coordinates": [[80.2726799, 13.009088], [80.2730513, 13.0096222], [80.2732377, 13.0099774], [80.2733356, 13.0102694], [80.2733321, 13.0103395], [80.2732235, 13.0103498]]}}, {"type": "Feature", "properties": {"osm_id": 1229657481, "highway": "path", "name": null, "source": "osm_overpass"}, "geometry": {"type": "LineString", "coordinates": [[80.2268341, 12.8831086], [80.2273402, 12.88308]]}}, {"type": "Feature", "properties": {"osm_id": 1230581924, "highway": "footway", "name": null, "source": "osm_overpass"}, "geometry": {"type": "LineString", "coordinates": [[80.0988302, 13.0478643], [80.0988261, 13.0478224], [80.0988051, 13.047605], [80.0987849, 13.0473966]]}}, {"type": "Feature", "properties": {"osm_id": 1230722849, "highway": "path", "name": null, "source": "osm_overpass"}, "geometry": {"type": "LineString", "coordinates": [[80.2772543, 13.0233393], [80.2772416, 13.0232432], [80.2772148, 13.0231708], [80.2772381, 13.023121], [80.2772323, 13.0230758], [80.2772485, 13.0229694], [80.2772857, 13.0229119], [80.2773062, 13.0228179], [80.27734, 13.0227197], [80.2773867, 13.0225294]]}}, {"type": "Feature", "properties": {"osm_id": 1230722850, "highway": "path", "name": null, "source": "osm_overpass"}, "geometry": {"type": "LineString", "coordinates": [[80.2772323, 13.0230758], [80.2771881, 13.0230679], [80.2771254, 13.023069], [80.2770581, 13.0230475]]}}, {"type": "Feature", "properties": {"osm_id": 1230722851, "highway": "path", "name": null, "source": "osm_overpass"}, "geometry": {"type": "LineString", "coordinates": [[80.277605, 13.0233043], [80.2775481, 13.0231131], [80.2775205, 13.0230625], [80.2774796, 13.0230271], [80.2774296, 13.0229887], [80.2773878, 13.0229276], [80.2773542, 13.0228857], [80.2773217, 13.0228518], [80.2773062, 13.0228179], [80.2772462, 13.0227749], [80.2771812, 13.0227274], [80.2771371, 13.0226278]]}}, {"type": "Feature", "properties": {"osm_id": 1230789270, "highway": "footway", "name": null, "source": "osm_overpass"}, "geometry": {"type": "LineString", "coordinates": [[80.1141057, 12.9267453], [80.1140896, 12.9266542], [80.1140584, 12.9264778]]}}, {"type": "Feature", "properties": {"osm_id": 1230796897, "highway": "path", "name": null, "source": "osm_overpass"}, "geometry": {"type": "LineString", "coordinates": [[80.2648329, 13.0061821], [80.2647064, 13.0056041], [80.2647428, 13.0055067], [80.2647246, 13.0053496], [80.2646088, 13.0050309], [80.264611, 13.0049601], [80.2646496, 13.0048738], [80.2646951, 13.0048318], [80.2647201, 13.0047499], [80.2647042, 13.0046813], [80.2647064, 13.0045308]]}}, {"type": "Feature", "properties": {"osm_id": 1230796898, "highway": "path", "name": null, "source": "osm_overpass"}, "geometry": {"type": "LineString", "coordinates": [[80.2653078, 13.0113147], [80.2650842, 13.0113475], [80.2650764, 13.0114084], [80.2650862, 13.0115227], [80.2651253, 13.0116009], [80.2651194, 13.0117533], [80.2651996, 13.0118085]]}}, {"type": "Feature", "properties": {"osm_id": 1230796899, "highway": "path", "name": null, "source": "osm_overpass"}, "geometry": {"type": "LineString", "coordinates": [[80.2650842, 13.0113475], [80.2650171, 13.0113206], [80.2649721, 13.0112744]]}}, {"type": "Feature", "properties": {"osm_id": 1230796900, "highway": "path", "name": null, "source": "osm_overpass"}, "geometry": {"type": "LineString", "coordinates": [[80.2656599, 13.0071241], [80.2656052, 13.0068935], [80.2655295, 13.0066901]]}}, {"type": "Feature", "properties": {"osm_id": 1230796901, "highway": "path", "name": null, "source": "osm_overpass"}, "geometry": {"type": "LineString", "coordinates": [[80.2647428, 13.0055067], [80.2650813, 13.0054377], [80.2655173, 13.0053048], [80.2655813, 13.0052704], [80.2657598, 13.0052441], [80.265812, 13.005208], [80.2658524, 13.0051359], [80.2658052, 13.0050637], [80.2657884, 13.0049407], [80.2657665, 13.0048455], [80.2657614, 13.0047471], [80.2657328, 13.0046618], [80.2657093, 13.0046487], [80.2656335, 13.0045339]]}}, {"type": "Feature", "properties": {"osm_id": 1230796902, "highway": "path", "name": null, "source": "osm_overpass"}, "geometry": {"type": "LineString", "coordinates": [[80.2632014, 13.0047801], [80.2632368, 13.0048145], [80.2632738, 13.0048752], [80.2633176, 13.0048719], [80.2633479, 13.0049113], [80.2633916, 13.0049129], [80.2634051, 13.004949], [80.2634236, 13.004949], [80.2634623, 13.0049917], [80.2635549, 13.005241], [80.2636071, 13.0052754], [80.2636644, 13.0052754], [80.2637794, 13.0052627]]}}, {"type": "Feature", "properties": {"osm_id": 1230811462, "highway": "footway", "name": null, "source": "osm_overpass"}, "geometry": {"type": "LineString", "coordinates": [[80.2137314, 12.964227], [80.2137119, 12.9641128], [80.2137031, 12.9641034], [80.213695, 12.9641], [80.2136255, 12.9641103]]}}, {"type": "Feature", "properties": {"osm_id": 1231052248, "highway": "footway", "name": null, "source": "osm_overpass"}, "geometry": {"type": "LineString", "coordinates": [[80.0993554, 13.1199651], [80.0993335, 13.1198387], [80.0992957, 13.1196047]]}}, {"type": "Feature", "properties": {"osm_id": 1231328207, "highway": "footway", "name": null, "source": "osm_overpass"}, "geometry": {"type": "LineString", "coordinates": [[80.0619898, 13.0514376], [80.0621317, 13.0519288], [80.0621333, 13.0519363], [80.0621325, 13.0519439], [80.0621238, 13.0519506], [80.0620568, 13.0519732], [80.0620424, 13.051978]]}}, {"type": "Feature", "properties": {"osm_id": 1231329836, "highway": "path", "name": null, "source": "osm_overpass"}, "geometry": {"type": "LineString", "coordinates": [[80.0604287, 13.0502778], [80.0604983, 13.0503061], [80.0605464, 13.0503337], [80.0605832, 13.0503939], [80.0606163, 13.0504492], [80.0606451, 13.050481], [80.0607069, 13.0505244]]}}, {"type": "Feature", "properties": {"osm_id": 1232054076, "highway": "path", "name": null, "source": "osm_overpass"}, "geometry": {"type": "LineString", "coordinates": [[80.2033888, 13.0214942], [80.2032993, 13.0214946]]}}, {"type": "Feature", "properties": {"osm_id": 1232054078, "highway": "path", "name": null, "source": "osm_overpass"}, "geometry": {"type": "LineString", "coordinates": [[80.203075, 13.0209489], [80.2030614, 13.0205065]]}}, {"type": "Feature", "properties": {"osm_id": 1232054079, "highway": "path", "name": null, "source": "osm_overpass"}, "geometry": {"type": "LineString", "coordinates": [[80.202834, 13.0210677], [80.202831, 13.0204184]]}}, {"type": "Feature", "properties": {"osm_id": 1232056363, "highway": "path", "name": null, "source": "osm_overpass"}, "geometry": {"type": "LineString", "coordinates": [[80.2052808, 13.0181414], [80.2052393, 13.017983], [80.2052566, 13.0179792], [80.2054695, 13.0179328]]}}, {"type": "Feature", "properties": {"osm_id": 1232056364, "highway": "path", "name": null, "source": "osm_overpass"}, "geometry": {"type": "LineString", "coordinates": [[80.2048525, 13.0178346], [80.2050221, 13.0177998], [80.2050274, 13.0178249], [80.2052227, 13.0177925], [80.2052184, 13.0177601], [80.2053954, 13.017735]]}}, {"type": "Feature", "properties": {"osm_id": 1232056365, "highway": "path", "name": null, "source": "osm_overpass"}, "geometry": {"type": "LineString", "coordinates": [[80.2052227, 13.0177925], [80.2052566, 13.0179792]]}}, {"type": "Feature", "properties": {"osm_id": 1232056366, "highway": "path", "name": null, "source": "osm_overpass"}, "geometry": {"type": "LineString", "coordinates": [[80.2052808, 13.0181414], [80.2051058, 13.0181793], [80.2051186, 13.0182263], [80.2050682, 13.0182368]]}}, {"type": "Feature", "properties": {"osm_id": 1232057062, "highway": "path", "name": null, "source": "osm_overpass"}, "geometry": {"type": "LineString", "coordinates": [[80.2001818, 13.0191855], [80.2007593, 13.0191335]]}}, {"type": "Feature", "properties": {"osm_id": 1232057063, "highway": "path", "name": null, "source": "osm_overpass"}, "geometry": {"type": "LineString", "coordinates": [[80.2001474, 13.0188732], [80.2007458, 13.0188191]]}}, {"type": "Feature", "properties": {"osm_id": 1232057064, "highway": "path", "name": null, "source": "osm_overpass"}, "geometry": {"type": "LineString", "coordinates": [[80.2049614, 13.0195704], [80.204933, 13.0194577]]}}, {"type": "Feature", "properties": {"osm_id": 1232057065, "highway": "path", "name": null, "source": "osm_overpass"}, "geometry": {"type": "LineString", "coordinates": [[80.2050064, 13.0201212], [80.2048867, 13.0195863]]}}, {"type": "Feature", "properties": {"osm_id": 1232057067, "highway": "path", "name": null, "source": "osm_overpass"}, "geometry": {"type": "LineString", "coordinates": [[80.2039956, 13.0201794], [80.2039683, 13.0200037]]}}, {"type": "Feature", "properties": {"osm_id": 1232057068, "highway": "path", "name": null, "source": "osm_overpass"}, "geometry": {"type": "LineString", "coordinates": [[80.2044631, 13.0210068], [80.2044403, 13.021094], [80.2044264, 13.0212038]]}}, {"type": "Feature", "properties": {"osm_id": 1232057069, "highway": "path", "name": null, "source": "osm_overpass"}, "geometry": {"type": "LineString", "coordinates": [[80.2044264, 13.0212038], [80.2044006, 13.0212445], [80.2043899, 13.0213062]]}}, {"type": "Feature", "properties": {"osm_id": 1232057359, "highway": "path", "name": null, "source": "osm_overpass"}, "geometry": {"type": "LineString", "coordinates": [[80.2016219, 13.0250238], [80.201602, 13.0247894]]}}, {"type": "Feature", "properties": {"osm_id": 1232057360, "highway": "path", "name": null, "source": "osm_overpass"}, "geometry": {"type": "LineString", "coordinates": [[80.2014335, 13.0250561], [80.2014153, 13.0248438]]}}, {"type": "Feature", "properties": {"osm_id": 1232153709, "highway": "footway", "name": null, "source": "osm_overpass"}, "geometry": {"type": "LineString", "coordinates": [[80.2171785, 13.0236138], [80.2171244, 13.0236188], [80.2170703, 13.0236238]]}}, {"type": "Feature", "properties": {"osm_id": 1232386818, "highway": "path", "name": null, "source": "osm_overpass"}, "geometry": {"type": "LineString", "coordinates": [[80.0511224, 13.1326285], [80.0511296, 13.1326778], [80.0511549, 13.1327107], [80.0511733, 13.1327492], [80.0511803, 13.1327917], [80.0511817, 13.1328686]]}}, {"type": "Feature", "properties": {"osm_id": 1232390152, "highway": "path", "name": null, "source": "osm_overpass"}, "geometry": {"type": "LineString", "coordinates": [[80.2311364, 12.9805186], [80.2311752, 12.9805204], [80.2312147, 12.980523]]}}, {"type": "Feature", "properties": {"osm_id": 1232415628, "highway": "path", "name": null, "source": "osm_overpass"}, "geometry": {"type": "LineString", "coordinates": [[80.1033342, 12.9289126], [80.1033398, 12.9289413], [80.1033428, 12.9289599]]}}, {"type": "Feature", "properties": {"osm_id": 1232422614, "highway": "path", "name": "Jagging Path", "source": "osm_overpass"}, "geometry": {"type": "LineString", "coordinates": [[80.1207917, 13.053956], [80.1208075, 13.0540985], [80.1210073, 13.0540986], [80.121002, 13.0541391], [80.1208963, 13.0541464], [80.1209056, 13.0544126], [80.1210117, 13.0543918], [80.121002, 13.0541391]]}}, {"type": "Feature", "properties": {"osm_id": 1232427163, "highway": "path", "name": null, "source": "osm_overpass"}, "geometry": {"type": "LineString", "coordinates": [[80.0712561, 13.1096041], [80.0712104, 13.1092798], [80.0712231, 13.1092215], [80.0714282, 13.1091773]]}}, {"type": "Feature", "properties": {"osm_id": 1232534964, "highway": "path", "name": null, "source": "osm_overpass"}, "geometry": {"type": "LineString", "coordinates": [[80.2354909, 13.0068102], [80.2355817, 13.0066171], [80.2357319, 13.0065544], [80.2358392, 13.0064891], [80.2359572, 13.0064629], [80.2360967, 13.0064289], [80.2362093, 13.0063871], [80.236381, 13.0062957], [80.2365392, 13.0061937], [80.2366278, 13.0061937], [80.2366921, 13.0062173], [80.2368155, 13.0061624], [80.2368906, 13.0061284], [80.237022, 13.0060578], [80.2371454, 13.0060108], [80.2372581, 13.0059585], [80.2373788, 13.0059429], [80.237529, 13.0059272], [80.2377221, 13.0059167], [80.2378401, 13.0059115], [80.2379662, 13.0058932], [80.2380922, 13.0058749], [80.2382612, 13.0058775], [80.2385131, 13.0061011], [80.2386543, 13.0061011], [80.2387616, 13.0061661], [80.2388403, 13.0062567], [80.2389023, 13.0064937], [80.2389858, 13.0068701]]}}, {"type": "Feature", "properties": {"osm_id": 1232583189, "highway": "footway", "name": null, "source": "osm_overpass"}, "geometry": {"type": "LineString", "coordinates": [[80.2671392, 12.9799896], [80.2676101, 12.9798587]]}}, {"type": "Feature", "properties": {"osm_id": 1232583190, "highway": "footway", "name": null, "source": "osm_overpass"}, "geometry": {"type": "LineString", "coordinates": [[80.2681308, 12.9833068], [80.267964, 12.9823766], [80.2677902, 12.9817007], [80.2676148, 12.9810386]]}}, {"type": "Feature", "properties": {"osm_id": 1232609717, "highway": "footway", "name": null, "source": "osm_overpass"}, "geometry": {"type": "LineString", "coordinates": [[80.1439198, 12.9223623], [80.1439203, 12.9223929], [80.1439213, 12.9224469]]}}, {"type": "Feature", "properties": {"osm_id": 1232614309, "highway": "path", "name": null, "source": "osm_overpass"}, "geometry": {"type": "LineString", "coordinates": [[80.1212069, 13.1227372], [80.1211955, 13.1227468], [80.121186, 13.1227589], [80.1211727, 13.1227787], [80.1211606, 13.1228081], [80.1211527, 13.1228404], [80.1211515, 13.1228457], [80.1211492, 13.1228494], [80.1211453, 13.1228528], [80.121134, 13.1228621], [80.1211097, 13.1228826]]}}, {"type": "Feature", "properties": {"osm_id": 1233330648, "highway": "path", "name": null, "source": "osm_overpass"}, "geometry": {"type": "LineString", "coordinates": [[80.230456, 12.7652947], [80.2248931, 12.7665398], [80.2238417, 12.7667596], [80.2211219, 12.7674029]]}}, {"type": "Feature", "properties": {"osm_id": 1233476888, "highway": "footway", "name": null, "source": "osm_overpass"}, "geometry": {"type": "LineString", "coordinates": [[80.2637878, 13.0109298], [80.2638735, 13.0109351], [80.2639387, 13.0109302], [80.2639829, 13.0109039], [80.2640329, 13.010891], [80.2641029, 13.0109014], [80.264156, 13.0108729], [80.2643113, 13.0108363], [80.2643729, 13.0108138]]}}, {"type": "Feature", "properties": {"osm_id": 1234013494, "highway": "path", "name": null, "source": "osm_overpass"}, "geometry": {"type": "LineString", "coordinates": [[80.224787, 12.9926403], [80.2243471, 12.9925099], [80.2243685, 12.9924132], [80.2243685, 12.9923296], [80.2243685, 12.9922747], [80.2243524, 12.9922015], [80.2243337, 12.9921205], [80.2243283, 12.9920552], [80.2243203, 12.9919637], [80.2242693, 12.9918827]]}}, {"type": "Feature", "properties": {"osm_id": 1235148107, "highway": "path", "name": null, "source": "osm_overpass"}, "geometry": {"type": "LineString", "coordinates": [[80.2204434, 12.9638487], [80.2204663, 12.9638365], [80.220884, 12.9636134]]}}, {"type": "Feature", "properties": {"osm_id": 1235148108, "highway": "path", "name": null, "source": "osm_overpass"}, "geometry": {"type": "LineString", "coordinates": [[80.2205036, 12.9643046], [80.2206398, 12.9642076], [80.2204663, 12.9638365], [80.2203219, 12.9635254]]}}, {"type": "Feature", "properties": {"osm_id": 1235148110, "highway": "path", "name": null, "source": "osm_overpass"}, "geometry": {"type": "LineString", "coordinates": [[80.2206969, 12.9647115], [80.2213173, 12.9644126], [80.2213979, 12.9643738], [80.2214818, 12.9643333], [80.2215526, 12.9642992], [80.2216209, 12.9642663], [80.2216848, 12.9642356], [80.2217231, 12.964217]]}}, {"type": "Feature", "properties": {"osm_id": 1235148111, "highway": "path", "name": null, "source": "osm_overpass"}, "geometry": {"type": "LineString", "coordinates": [[80.2217231, 12.964217], [80.222044, 12.9649002]]}}, {"type": "Feature", "properties": {"osm_id": 1235148114, "highway": "path", "name": null, "source": "osm_overpass"}, "geometry": {"type": "LineString", "coordinates": [[80.2209027, 12.9624264], [80.2207697, 12.9621867], [80.2208104, 12.962156], [80.2208647, 12.9621232], [80.2208793, 12.9621144], [80.220934, 12.9620813], [80.221056, 12.9620076], [80.2209941, 12.9619069]]}}, {"type": "Feature", "properties": {"osm_id": 1235148120, "highway": "path", "name": null, "source": "osm_overpass"}, "geometry": {"type": "LineString", "coordinates": [[80.2199056, 12.9654133], [80.2202966, 12.965136]]}}, {"type": "Feature", "properties": {"osm_id": 1235148121, "highway": "path", "name": null, "source": "osm_overpass"}, "geometry": {"type": "LineString", "coordinates": [[80.2205432, 12.9651054], [80.2204378, 12.9651961], [80.2203676, 12.9651414], [80.2203289, 12.9651722], [80.2202966, 12.965136], [80.2202692, 12.9651054], [80.220285, 12.9650969], [80.2201674, 12.9649445], [80.2204168, 12.9647426], [80.2205081, 12.9648743], [80.220725, 12.9647809]]}}, {"type": "Feature", "properties": {"osm_id": 1235148128, "highway": "path", "name": null, "source": "osm_overpass"}, "geometry": {"type": "LineString", "coordinates": [[80.2217231, 12.964217], [80.2217266, 12.9641805], [80.2209027, 12.9624264]]}}, {"type": "Feature", "properties": {"osm_id": 1235151696, "highway": "footway", "name": null, "source": "osm_overpass"}, "geometry": {"type": "LineString", "coordinates": [[80.2240181, 12.9687231], [80.224722, 12.9691903], [80.2252843, 12.9696905], [80.226758, 12.9711575]]}}, {"type": "Feature", "properties": {"osm_id": 1235153374, "highway": "footway", "name": null, "source": "osm_overpass"}, "geometry": {"type": "LineString", "coordinates": [[80.2234903, 12.9684279], [80.2229866, 12.9682354]]}}, {"type": "Feature", "properties": {"osm_id": 1235155759, "highway": "path", "name": null, "source": "osm_overpass"}, "geometry": {"type": "LineString", "coordinates": [[80.2148645, 12.9628303], [80.2148093, 12.9627338]]}}, {"type": "Feature", "properties": {"osm_id": 1235287648, "highway": "path", "name": null, "source": "osm_overpass"}, "geometry": {"type": "LineString", "coordinates": [[80.2771371, 13.0226278], [80.2771174, 13.0226199], [80.2770966, 13.0226134], [80.2770658, 13.0226193]]}}, {"type": "Feature", "properties": {"osm_id": 1235287649, "highway": "path", "name": null, "source": "osm_overpass"}, "geometry": {"type": "LineString", "coordinates": [[80.2773867, 13.0225294], [80.2774165, 13.0225298], [80.2774587, 13.0225167], [80.2774815, 13.022488], [80.2775131, 13.0224925], [80.2775566, 13.0225043], [80.2775821, 13.0225298], [80.2776136, 13.0225494], [80.2776545, 13.0225363], [80.2776928, 13.02255], [80.2777236, 13.0225513], [80.2777618, 13.0225526], [80.2777954, 13.0225487], [80.2778309, 13.0225435], [80.2778597, 13.0225526], [80.2778805, 13.0225585]]}}, {"type": "Feature", "properties": {"osm_id": 1235287767, "highway": "path", "name": null, "source": "osm_overpass"}, "geometry": {"type": "LineString", "coordinates": [[80.2780361, 13.0227212], [80.277902, 13.0225791], [80.2778805, 13.0225585]]}}, {"type": "Feature", "properties": {"osm_id": 1235290654, "highway": "path", "name": null, "source": "osm_overpass"}, "geometry": {"type": "LineString", "coordinates": [[80.2780361, 13.0227212], [80.2781109, 13.0227009], [80.2782007, 13.0226612]]}}, {"type": "Feature", "properties": {"osm_id": 1236014686, "highway": "footway", "name": null, "source": "osm_overpass"}, "geometry": {"type": "LineString", "coordinates": [[80.1018488, 13.0673298], [80.101856, 13.0673199], [80.1018663, 13.067313], [80.1018783, 13.0673099], [80.1018897, 13.0673107], [80.1019002, 13.0673148], [80.1019089, 13.0673219], [80.1019149, 13.0673313], [80.1019176, 13.0673403], [80.1019168, 13.067353], [80.1019125, 13.0673633], [80.1019052, 13.0673717], [80.1018956, 13.0673776], [80.1018835, 13.0673803], [80.1018711, 13.0673789], [80.1018599, 13.0673735], [80.1018513, 13.0673647], [80.1018463, 13.0673536], [80.1018454, 13.0673415], [80.1018488, 13.0673298]]}}, {"type": "Feature", "properties": {"osm_id": 1236014687, "highway": "footway", "name": null, "source": "osm_overpass"}, "geometry": {"type": "LineString", "coordinates": [[80.1015456, 13.0674057], [80.1015889, 13.0673984], [80.1017054, 13.0673781], [80.1018463, 13.0673536]]}}, {"type": "Feature", "properties": {"osm_id": 1236014688, "highway": "footway", "name": null, "source": "osm_overpass"}, "geometry": {"type": "LineString", "coordinates": [[80.1020065, 13.0673241], [80.102053, 13.0673156], [80.1021728, 13.0672938], [80.102219, 13.0672848]]}}, {"type": "Feature", "properties": {"osm_id": 1236014689, "highway": "footway", "name": null, "source": "osm_overpass"}, "geometry": {"type": "LineString", "coordinates": [[80.1017054, 13.0673781], [80.1017052, 13.0673679], [80.1017047, 13.0673458], [80.1017084, 13.067317], [80.1017183, 13.0672818], [80.1017304, 13.0672556], [80.1017436, 13.0672361], [80.1017178, 13.0672224], [80.1016882, 13.067201], [80.1016582, 13.0671691], [80.1016464, 13.0671464], [80.1016363, 13.0671268], [80.1016269, 13.0670912], [80.1016234, 13.0670346], [80.1016326, 13.0669896], [80.1016511, 13.0669461], [80.1016865, 13.0669011], [80.1017281, 13.0668726], [80.1017667, 13.0668546], [80.1018175, 13.0668486], [80.1018591, 13.0668516], [80.1019038, 13.0668651], [80.1019346, 13.0668786], [80.1019523, 13.0668921]]}}, {"type": "Feature", "properties": {"osm_id": 1236014690, "highway": "footway", "name": null, "source": "osm_overpass"}, "geometry": {"type": "LineString", "coordinates": [[80.1016464, 13.0671464], [80.1016261, 13.0671656], [80.1016124, 13.0671862], [80.1016015, 13.0672083], [80.1015977, 13.0672329], [80.1015994, 13.0672577], [80.1016041, 13.0672808], [80.1016144, 13.0673042], [80.1016316, 13.0673252], [80.1016491, 13.0673412], [80.101675, 13.067356], [80.1017052, 13.0673679]]}}, {"type": "Feature", "properties": {"osm_id": 1236014691, "highway": "footway", "name": null, "source": "osm_overpass"}, "geometry": {"type": "LineString", "coordinates": [[80.1020092, 13.0669581], [80.1020162, 13.0669686], [80.1020301, 13.0670076], [80.1020347, 13.0670541], [80.1020794, 13.0670842], [80.1020994, 13.0671082], [80.1021133, 13.0671442], [80.1021194, 13.0671952], [80.1021087, 13.0672357], [80.1020886, 13.0672717], [80.102053, 13.0673156]]}}, {"type": "Feature", "properties": {"osm_id": 1236014692, "highway": "footway", "name": null, "source": "osm_overpass"}, "geometry": {"type": "LineString", "coordinates": [[80.1019523, 13.0668921], [80.10197, 13.0669056], [80.1019962, 13.0669386], [80.1020092, 13.0669581]]}}, {"type": "Feature", "properties": {"osm_id": 1236014693, "highway": "footway", "name": null, "source": "osm_overpass"}, "geometry": {"type": "LineString", "coordinates": [[80.1019176, 13.0673403], [80.1019599, 13.0673326]]}}, {"type": "Feature", "properties": {"osm_id": 1236014694, "highway": "footway", "name": null, "source": "osm_overpass"}, "geometry": {"type": "LineString", "coordinates": [[80.1019599, 13.0673326], [80.1020065, 13.0673241]]}}, {"type": "Feature", "properties": {"osm_id": 1236014695, "highway": "footway", "name": null, "source": "osm_overpass"}, "geometry": {"type": "LineString", "coordinates": [[80.102053, 13.0673156], [80.1020879, 13.0673367], [80.102117, 13.0673563], [80.1021365, 13.0673744], [80.1021506, 13.0673925], [80.1021568, 13.0674106], [80.1021621, 13.067433], [80.1021666, 13.0674545], [80.1021639, 13.067477], [80.1021577, 13.0675054], [80.1021445, 13.0675295], [80.1021294, 13.0675442], [80.1021037, 13.0675631], [80.1021064, 13.0675864], [80.1021064, 13.0676183], [80.1021037, 13.0676493], [80.1020958, 13.0676778], [80.1020807, 13.0677054], [80.1020586, 13.0677312], [80.1020409, 13.0677484]]}}, {"type": "Feature", "properties": {"osm_id": 1236014696, "highway": "footway", "name": null, "source": "osm_overpass"}, "geometry": {"type": "LineString", "coordinates": [[80.1020011, 13.0677717], [80.1019701, 13.0677838], [80.1019321, 13.0677872], [80.1018879, 13.0677803], [80.1018525, 13.0677683], [80.101825, 13.0677528], [80.1018047, 13.0677329], [80.1017861, 13.0677105], [80.1017693, 13.0676829], [80.10176, 13.0676537], [80.1017572, 13.0676278], [80.1017565, 13.0676207], [80.1017577, 13.0675888], [80.101767, 13.0675559], [80.1017798, 13.0675308], [80.101802, 13.0675001], [80.1017798, 13.0674876], [80.1017507, 13.0674649], [80.1017308, 13.0674376], [80.1017156, 13.0674092], [80.1017106, 13.0673938], [80.1017054, 13.0673781]]}}, {"type": "Feature", "properties": {"osm_id": 1236014697, "highway": "footway", "name": null, "source": "osm_overpass"}, "geometry": {"type": "LineString", "coordinates": [[80.1020409, 13.0677484], [80.1020206, 13.0677622], [80.1020011, 13.0677717]]}}, {"type": "Feature", "properties": {"osm_id": 1236014698, "highway": "footway", "name": null, "source": "osm_overpass"}, "geometry": {"type": "LineString", "coordinates": [[80.1017572, 13.0676278], [80.1017444, 13.0676253], [80.1017267, 13.0676219], [80.1017037, 13.0676132], [80.1016851, 13.0676003], [80.1016683, 13.0675814], [80.1016577, 13.0675589], [80.1016506, 13.0675339], [80.1016479, 13.0675072], [80.1016497, 13.0674728], [80.1016548, 13.0674494], [80.1016632, 13.0674337], [80.1016829, 13.0674126], [80.1017106, 13.0673938]]}}, {"type": "Feature", "properties": {"osm_id": 1236563461, "highway": "path", "name": null, "source": "osm_overpass"}, "geometry": {"type": "LineString", "coordinates": [[80.2124736, 12.9694465], [80.2123339, 12.969469]]}}, {"type": "Feature", "properties": {"osm_id": 1236570042, "highway": "footway", "name": null, "source": "osm_overpass"}, "geometry": {"type": "LineString", "coordinates": [[80.2606965, 13.0187468], [80.2607624, 13.0187308], [80.2609892, 13.0187549], [80.2612241, 13.018783], [80.2614055, 13.0189537], [80.2615745, 13.0191284], [80.2617621, 13.0193473], [80.2619764, 13.0195682], [80.2620584, 13.0196548]]}}, {"type": "Feature", "properties": {"osm_id": 1236968658, "highway": "footway", "name": null, "source": "osm_overpass"}, "geometry": {"type": "LineString", "coordinates": [[80.1046662, 13.0564855], [80.1046562, 13.0563587]]}}, {"type": "Feature", "properties": {"osm_id": 1236968659, "highway": "footway", "name": null, "source": "osm_overpass"}, "geometry": {"type": "LineString", "coordinates": [[80.10439, 13.0565192], [80.1041437, 13.0564013]]}}, {"type": "Feature", "properties": {"osm_id": 1236968660, "highway": "footway", "name": null, "source": "osm_overpass"}, "geometry": {"type": "LineString", "coordinates": [[80.10417, 13.0565461], [80.1041437, 13.0564013]]}}, {"type": "Feature", "properties": {"osm_id": 1236968661, "highway": "footway", "name": null, "source": "osm_overpass"}, "geometry": {"type": "LineString", "coordinates": [[80.1039121, 13.0565776], [80.10417, 13.0565461], [80.10439, 13.0565192], [80.1046662, 13.0564855], [80.1050144, 13.056443], [80.1050091, 13.0563293], [80.1046562, 13.0563587], [80.1041437, 13.0564013], [80.1038933, 13.0564221], [80.1039121, 13.0565776]]}}, {"type": "Feature", "properties": {"osm_id": 1237206228, "highway": "footway", "name": null, "source": "osm_overpass"}, "geometry": {"type": "LineString", "coordinates": [[80.3015289, 13.1170806], [80.301352, 13.1171082], [80.3010853, 13.117122], [80.3009907, 13.1171844], [80.3009656, 13.117268], [80.3009996, 13.1173429], [80.3010926, 13.1174003], [80.3011713, 13.1174108], [80.3012195, 13.1173777], [80.3012571, 13.1173046], [80.3013, 13.117214], [80.301352, 13.1171082]]}}, {"type": "Feature", "properties": {"osm_id": 1237206229, "highway": "footway", "name": null, "source": "osm_overpass"}, "geometry": {"type": "LineString", "coordinates": [[80.3012195, 13.1173777], [80.3011641, 13.1175832], [80.301114, 13.1177991], [80.3010407, 13.1180099], [80.3009209, 13.1182554], [80.3008615, 13.1184631], [80.3007488, 13.1187043], [80.3006549, 13.1189516], [80.3005727, 13.1191126], [80.300536, 13.1191623], [80.3004922, 13.1191971], [80.300401, 13.119252], [80.3002759, 13.1192885], [80.3000953, 13.1193512], [80.2999012, 13.1194749], [80.2997546, 13.1195489], [80.2994041, 13.1197492], [80.2993228, 13.1198023], [80.2992477, 13.1199956], [80.2992441, 13.120107], [80.2993192, 13.1201836], [80.2994631, 13.120282], [80.2996688, 13.1204449], [80.2999742, 13.1206897]]}}, {"type": "Feature", "properties": {"osm_id": 1237671852, "highway": "path", "name": null, "source": "osm_overpass"}, "geometry": {"type": "LineString", "coordinates": [[80.2896996, 13.1174839], [80.2894925, 13.1175273], [80.2891584, 13.1176073], [80.2888781, 13.117679], [80.288731, 13.1177086]]}}, {"type": "Feature", "properties": {"osm_id": 1237671853, "highway": "path", "name": null, "source": "osm_overpass"}, "geometry": {"type": "LineString", "coordinates": [[80.288731, 13.1177086], [80.2886501, 13.1177203], [80.288493, 13.1177617], [80.2884519, 13.1177906], [80.288384, 13.1178099], [80.2882693, 13.1178499], [80.2881872, 13.1178858], [80.2881405, 13.1178982], [80.2880589, 13.1179205]]}}, {"type": "Feature", "properties": {"osm_id": 1237672052, "highway": "path", "name": null, "source": "osm_overpass"}, "geometry": {"type": "LineString", "coordinates": [[80.2938646, 13.0779562], [80.2933357, 13.0781665], [80.2926772, 13.0784657]]}}, {"type": "Feature", "properties": {"osm_id": 1237672053, "highway": "path", "name": null, "source": "osm_overpass"}, "geometry": {"type": "LineString", "coordinates": [[80.2926772, 13.0784657], [80.2924826, 13.0785639], [80.2924128, 13.0785899]]}}, {"type": "Feature", "properties": {"osm_id": 1237673789, "highway": "path", "name": null, "source": "osm_overpass"}, "geometry": {"type": "LineString", "coordinates": [[80.2868201, 13.0658207], [80.2865989, 13.066046], [80.2865814, 13.0660618], [80.2865561, 13.0660847], [80.2864623, 13.0661695], [80.286368, 13.0662376], [80.2863436, 13.0663564], [80.2863908, 13.0664943], [80.2863355, 13.066556], [80.2862851, 13.0666352]]}}, {"type": "Feature", "properties": {"osm_id": 1237673790, "highway": "path", "name": null, "source": "osm_overpass"}, "geometry": {"type": "LineString", "coordinates": [[80.2864444, 13.0667335], [80.2865339, 13.066621], [80.2864542, 13.0666352], [80.2863485, 13.0666321], [80.2862851, 13.0666352]]}}, {"type": "Feature", "properties": {"osm_id": 1237673791, "highway": "path", "name": null, "source": "osm_overpass"}, "geometry": {"type": "LineString", "coordinates": [[80.286929, 13.0664657], [80.2868299, 13.0665038], [80.2867485, 13.0665275], [80.2866542, 13.0665719], [80.2865778, 13.0665861], [80.2865339, 13.066621]]}}, {"type": "Feature", "properties": {"osm_id": 1237673792, "highway": "path", "name": null, "source": "osm_overpass"}, "geometry": {"type": "LineString", "coordinates": [[80.2866071, 13.0669505], [80.2865404, 13.0668602], [80.286503, 13.0667937], [80.2864851, 13.0667556], [80.2864444, 13.0667335]]}}, {"type": "Feature", "properties": {"osm_id": 1237673793, "highway": "path", "name": null, "source": "osm_overpass"}, "geometry": {"type": "LineString", "coordinates": [[80.2865339, 13.066621], [80.286555, 13.0665545], [80.2865501, 13.066442], [80.2865713, 13.0662867], [80.286581, 13.0662044], [80.2865561, 13.0660847]]}}, {"type": "Feature", "properties": {"osm_id": 1237673794, "highway": "path", "name": null, "source": "osm_overpass"}, "geometry": {"type": "LineString", "coordinates": [[80.2870022, 13.0661711], [80.286929, 13.0664657], [80.2868933, 13.0665402], [80.2868055, 13.0667097], [80.2867144, 13.0668222], [80.2866493, 13.0669568], [80.2866304, 13.0669888], [80.2866119, 13.0670202]]}}, {"type": "Feature", "properties": {"osm_id": 1237673795, "highway": "path", "name": null, "source": "osm_overpass"}, "geometry": {"type": "LineString", "coordinates": [[80.2866071, 13.0669505], [80.2866304, 13.0669888]]}}, {"type": "Feature", "properties": {"osm_id": 1237673796, "highway": "path", "name": null, "source": "osm_overpass"}, "geometry": {"type": "LineString", "coordinates": [[80.2866119, 13.0670202], [80.2864005, 13.0671247], [80.2862135, 13.0671992], [80.2860867, 13.0672293], [80.2858699, 13.0672426]]}}, {"type": "Feature", "properties": {"osm_id": 1237673797, "highway": "path", "name": null, "source": "osm_overpass"}, "geometry": {"type": "LineString", "coordinates": [[80.2870022, 13.0661711], [80.2867762, 13.0661521], [80.2867339, 13.0661204], [80.2866786, 13.0661062], [80.2865814, 13.0660618]]}}, {"type": "Feature", "properties": {"osm_id": 1237842350, "highway": "path", "name": null, "source": "osm_overpass"}, "geometry": {"type": "LineString", "coordinates": [[80.2610895, 13.0675736], [80.2608296, 13.067684]]}}, {"type": "Feature", "properties": {"osm_id": 1237842351, "highway": "path", "name": null, "source": "osm_overpass"}, "geometry": {"type": "LineString", "coordinates": [[80.2612413, 13.0681378], [80.2610774, 13.0683687]]}}, {"type": "Feature", "properties": {"osm_id": 1237842352, "highway": "path", "name": null, "source": "osm_overpass"}, "geometry": {"type": "LineString", "coordinates": [[80.2607214, 13.0667209], [80.2613121, 13.0666134], [80.2612424, 13.0667192], [80.261174, 13.0669073], [80.2611043, 13.0672339], [80.2610872, 13.0674456], [80.2610895, 13.0675736], [80.2611458, 13.0678348], [80.2612196, 13.0680961], [80.2612413, 13.0681378], [80.2613617, 13.0683694]]}}, {"type": "Feature", "properties": {"osm_id": 1237844408, "highway": "path", "name": null, "source": "osm_overpass"}, "geometry": {"type": "LineString", "coordinates": [[80.2912189, 13.0744787], [80.2910914, 13.0745926], [80.2907628, 13.0747363], [80.290742, 13.0747899], [80.2907407, 13.0748428], [80.29074, 13.0749486]]}}, {"type": "Feature", "properties": {"osm_id": 1237844409, "highway": "path", "name": null, "source": "osm_overpass"}, "geometry": {"type": "LineString", "coordinates": [[80.2883669, 13.0734639], [80.2882683, 13.0731374], [80.2882703, 13.0731158], [80.2883032, 13.0730975]]}}, {"type": "Feature", "properties": {"osm_id": 1237844410, "highway": "path", "name": null, "source": "osm_overpass"}, "geometry": {"type": "LineString", "coordinates": [[80.2884742, 13.0733771], [80.2884453, 13.0734189], [80.2883669, 13.0734639], [80.2902538, 13.0794828]]}}, {"type": "Feature", "properties": {"osm_id": 1237844411, "highway": "path", "name": null, "source": "osm_overpass"}, "geometry": {"type": "LineString", "coordinates": [[80.2885352, 13.0733954], [80.2884937, 13.0733829], [80.2884742, 13.0733771], [80.2883515, 13.0730479], [80.2882911, 13.0728702]]}}, {"type": "Feature", "properties": {"osm_id": 1237844412, "highway": "path", "name": null, "source": "osm_overpass"}, "geometry": {"type": "LineString", "coordinates": [[80.2887015, 13.0733328], [80.2886059, 13.0733952], [80.2885885, 13.0734001], [80.2885352, 13.0733954], [80.2885949, 13.0738931], [80.2886961, 13.0743366]]}}, {"type": "Feature", "properties": {"osm_id": 1237844414, "highway": "path", "name": null, "source": "osm_overpass"}, "geometry": {"type": "LineString", "coordinates": [[80.2901466, 13.0720052], [80.2902364, 13.071976], [80.2903283, 13.071993], [80.2908003, 13.0718669], [80.2908144, 13.0717579]]}}, {"type": "Feature", "properties": {"osm_id": 1238034967, "highway": "footway", "name": null, "source": "osm_overpass"}, "geometry": {"type": "LineString", "coordinates": [[80.2453047, 12.9375956], [80.2452618, 12.9372781]]}}, {"type": "Feature", "properties": {"osm_id": 1238054848, "highway": "footway", "name": null, "source": "osm_overpass"}, "geometry": {"type": "LineString", "coordinates": [[80.2943858, 13.1245285], [80.2943702, 13.1244571], [80.2943304, 13.1242682], [80.2942985, 13.1241165], [80.2942425, 13.1238511], [80.2941721, 13.1235166], [80.2941029, 13.1231881], [80.2940527, 13.1229497]]}}, {"type": "Feature", "properties": {"osm_id": 1238800533, "highway": "footway", "name": null, "source": "osm_overpass"}, "geometry": {"type": "LineString", "coordinates": [[80.2429218, 12.9738634], [80.2426888, 12.9738386], [80.2426234, 12.9744098], [80.2428309, 12.9744402]]}}, {"type": "Feature", "properties": {"osm_id": 1238879408, "highway": "path", "name": null, "source": "osm_overpass"}, "geometry": {"type": "LineString", "coordinates": [[80.2333394, 13.0228458], [80.2335647, 13.0232639], [80.2337231, 13.0234613], [80.2337953, 13.0235513], [80.2339831, 13.0237865], [80.2340797, 13.0239903], [80.2342513, 13.0247691], [80.2345785, 13.0259973]]}}, {"type": "Feature", "properties": {"osm_id": 1238879409, "highway": "path", "name": null, "source": "osm_overpass"}, "geometry": {"type": "LineString", "coordinates": [[80.2344521, 13.0238597], [80.2340797, 13.0239903]]}}, {"type": "Feature", "properties": {"osm_id": 1238879410, "highway": "path", "name": null, "source": "osm_overpass"}, "geometry": {"type": "LineString", "coordinates": [[80.2342513, 13.0247691], [80.2336612, 13.0250252], [80.2336988, 13.0253179], [80.2339601, 13.0260076]]}}, {"type": "Feature", "properties": {"osm_id": 1238879411, "highway": "path", "name": null, "source": "osm_overpass"}, "geometry": {"type": "LineString", "coordinates": [[80.2337231, 13.0234613], [80.2334954, 13.023596], [80.2334529, 13.0236629], [80.2335591, 13.0239546], [80.2333007, 13.0240684], [80.2334671, 13.0244994], [80.2336612, 13.0250252]]}}, {"type": "Feature", "properties": {"osm_id": 1238879414, "highway": "path", "name": null, "source": "osm_overpass"}, "geometry": {"type": "LineString", "coordinates": [[80.2361196, 13.021756], [80.2363816, 13.0216674], [80.2364299, 13.0215367], [80.2366789, 13.0213973], [80.2367924, 13.0212209], [80.2354812, 13.0188093]]}}, {"type": "Feature", "properties": {"osm_id": 1238882279, "highway": "path", "name": null, "source": "osm_overpass"}, "geometry": {"type": "LineString", "coordinates": [[80.2299583, 13.0177486], [80.230397, 13.0178649], [80.2306481, 13.0180358], [80.2307349, 13.0180949], [80.2309227, 13.0181576], [80.2314806, 13.0187639], [80.2320278, 13.0196837], [80.2321395, 13.0199327], [80.2321934, 13.0200529]]}}, {"type": "Feature", "properties": {"osm_id": 1238882280, "highway": "path", "name": null, "source": "osm_overpass"}, "geometry": {"type": "LineString", "coordinates": [[80.233224, 13.017567], [80.232752, 13.017499], [80.2325857, 13.0172429], [80.2320331, 13.0173475], [80.2317005, 13.0175565], [80.2312714, 13.017175], [80.2311075, 13.0172695], [80.2306008, 13.0175618], [80.2306257, 13.0178108], [80.2306481, 13.0180358]]}}, {"type": "Feature", "properties": {"osm_id": 1238882281, "highway": "path", "name": null, "source": "osm_overpass"}, "geometry": {"type": "LineString", "coordinates": [[80.230397, 13.0178649], [80.2306257, 13.0178108]]}}, {"type": "Feature", "properties": {"osm_id": 1238882282, "highway": "path", "name": null, "source": "osm_overpass"}, "geometry": {"type": "LineString", "coordinates": [[80.2311075, 13.0172695], [80.2314752, 13.0179538], [80.2317756, 13.0182673], [80.23242, 13.0198392], [80.2324692, 13.0199592]]}}, {"type": "Feature", "properties": {"osm_id": 1238882283, "highway": "path", "name": null, "source": "osm_overpass"}, "geometry": {"type": "LineString", "coordinates": [[80.2317005, 13.0175565], [80.23184, 13.0177813], [80.2322263, 13.0185444], [80.2325374, 13.019067], [80.2328232, 13.0197595], [80.232852, 13.0198292]]}}, {"type": "Feature", "properties": {"osm_id": 1238882284, "highway": "path", "name": null, "source": "osm_overpass"}, "geometry": {"type": "LineString", "coordinates": [[80.2321395, 13.0199327], [80.23242, 13.0198392], [80.2328232, 13.0197595], [80.2332079, 13.019621]]}}, {"type": "Feature", "properties": {"osm_id": 1238882285, "highway": "path", "name": null, "source": "osm_overpass"}, "geometry": {"type": "LineString", "coordinates": [[80.2330092, 13.0202289], [80.2331972, 13.0203475]]}}, {"type": "Feature", "properties": {"osm_id": 1238897028, "highway": "path", "name": null, "source": "osm_overpass"}, "geometry": {"type": "LineString", "coordinates": [[80.2868803, 13.0846648], [80.2868421, 13.0845741], [80.2868287, 13.0844919], [80.2868307, 13.0844461], [80.2868628, 13.0843952], [80.2869064, 13.0843162], [80.2869178, 13.0842619]]}}, {"type": "Feature", "properties": {"osm_id": 1239235653, "highway": "footway", "name": null, "source": "osm_overpass"}, "geometry": {"type": "LineString", "coordinates": [[80.2176672, 13.0845126], [80.2176773, 13.0846293], [80.2176787, 13.0847288], [80.2176789, 13.0848872]]}}, {"type": "Feature", "properties": {"osm_id": 1239235654, "highway": "footway", "name": "Anna Nagar 2nd Avenue", "source": "osm_overpass"}, "geometry": {"type": "LineString", "coordinates": [[80.2178173, 13.084955], [80.2179137, 13.0849509], [80.2180462, 13.0849492], [80.2181393, 13.0849417]]}}, {"type": "Feature", "properties": {"osm_id": 1239236346, "highway": "footway", "name": null, "source": "osm_overpass"}, "geometry": {"type": "LineString", "coordinates": [[80.2181393, 13.0849417], [80.2182546, 13.0848119], [80.2182593, 13.0847442]]}}, {"type": "Feature", "properties": {"osm_id": 1239236347, "highway": "footway", "name": null, "source": "osm_overpass"}, "geometry": {"type": "LineString", "coordinates": [[80.2182593, 13.0847442], [80.2182555, 13.0847042], [80.2182531, 13.0846032], [80.2182161, 13.0845541]]}}, {"type": "Feature", "properties": {"osm_id": 1239236348, "highway": "footway", "name": null, "source": "osm_overpass"}, "geometry": {"type": "LineString", "coordinates": [[80.2182161, 13.0845541], [80.2181342, 13.0844996], [80.2180972, 13.0844197]]}}, {"type": "Feature", "properties": {"osm_id": 1239236349, "highway": "footway", "name": null, "source": "osm_overpass"}, "geometry": {"type": "LineString", "coordinates": [[80.2180972, 13.0844197], [80.2180184, 13.0844165], [80.2178872, 13.0844215], [80.2177205, 13.0844356]]}}, {"type": "Feature", "properties": {"osm_id": 1239236350, "highway": "footway", "name": null, "source": "osm_overpass"}, "geometry": {"type": "LineString", "coordinates": [[80.2176672, 13.0845126], [80.2177205, 13.0844356]]}}, {"type": "Feature", "properties": {"osm_id": 1239236808, "highway": "footway", "name": null, "source": "osm_overpass"}, "geometry": {"type": "LineString", "coordinates": [[80.2178173, 13.084955], [80.2178349, 13.085064], [80.2178961, 13.0861704], [80.2179319, 13.0866237], [80.2179651, 13.087181], [80.2180106, 13.0880514], [80.2180274, 13.0884217]]}}, {"type": "Feature", "properties": {"osm_id": 1239693553, "highway": "path", "name": null, "source": "osm_overpass"}, "geometry": {"type": "LineString", "coordinates": [[80.2506193, 13.1026008], [80.2507195, 13.103079], [80.2507565, 13.1031574]]}}, {"type": "Feature", "properties": {"osm_id": 1240311594, "highway": "footway", "name": null, "source": "osm_overpass"}, "geometry": {"type": "LineString", "coordinates": [[80.2872055, 13.1039558], [80.2871459, 13.1038837], [80.2871171, 13.1038277], [80.2873225, 13.1037657], [80.287569, 13.1036477], [80.2876758, 13.1035536], [80.2877395, 13.1034216], [80.287758, 13.1033376], [80.2875053, 13.1033136], [80.2873668, 13.1032925]]}}, {"type": "Feature", "properties": {"osm_id": 1240697279, "highway": "path", "name": null, "source": "osm_overpass"}, "geometry": {"type": "LineString", "coordinates": [[80.2864036, 13.1081125], [80.2859821, 13.1082442], [80.2859638, 13.1081805], [80.2858918, 13.1082013], [80.2858521, 13.1080661], [80.2858082, 13.1078997]]}}, {"type": "Feature", "properties": {"osm_id": 1240697280, "highway": "path", "name": null, "source": "osm_overpass"}, "geometry": {"type": "LineString", "coordinates": [[80.2854122, 13.1081846], [80.2858521, 13.1080661], [80.2861656, 13.1079537]]}}, {"type": "Feature", "properties": {"osm_id": 1240697281, "highway": "path", "name": null, "source": "osm_overpass"}, "geometry": {"type": "LineString", "coordinates": [[80.2859821, 13.1082442], [80.2860038, 13.1083328], [80.2859554, 13.1083478], [80.2859807, 13.1084279]]}}, {"type": "Feature", "properties": {"osm_id": 1240697282, "highway": "path", "name": null, "source": "osm_overpass"}, "geometry": {"type": "LineString", "coordinates": [[80.2855802, 13.1085359], [80.2856553, 13.1085157], [80.2859807, 13.1084279], [80.2860265, 13.1084136], [80.2861348, 13.1083799]]}}, {"type": "Feature", "properties": {"osm_id": 1240697283, "highway": "path", "name": null, "source": "osm_overpass"}, "geometry": {"type": "LineString", "coordinates": [[80.2854122, 13.1081846], [80.2855802, 13.1085359]]}}, {"type": "Feature", "properties": {"osm_id": 1240697284, "highway": "path", "name": null, "source": "osm_overpass"}, "geometry": {"type": "LineString", "coordinates": [[80.2855816, 13.1082709], [80.2856553, 13.1085157]]}}, {"type": "Feature", "properties": {"osm_id": 1240697285, "highway": "path", "name": null, "source": "osm_overpass"}, "geometry": {"type": "LineString", "coordinates": [[80.2860265, 13.1084136], [80.2861154, 13.1087751], [80.2858659, 13.1088535]]}}, {"type": "Feature", "properties": {"osm_id": 1240697286, "highway": "path", "name": null, "source": "osm_overpass"}, "geometry": {"type": "LineString", "coordinates": [[80.2861154, 13.1087751], [80.2862329, 13.1087471], [80.2863232, 13.1087256], [80.2864775, 13.1086889]]}}, {"type": "Feature", "properties": {"osm_id": 1240697287, "highway": "path", "name": null, "source": "osm_overpass"}, "geometry": {"type": "LineString", "coordinates": [[80.2862329, 13.1087471], [80.2863262, 13.1091222]]}}, {"type": "Feature", "properties": {"osm_id": 1240697288, "highway": "path", "name": null, "source": "osm_overpass"}, "geometry": {"type": "LineString", "coordinates": [[80.286287, 13.1085609], [80.2863232, 13.1087256], [80.2864185, 13.1090914]]}}, {"type": "Feature", "properties": {"osm_id": 1240697289, "highway": "path", "name": null, "source": "osm_overpass"}, "geometry": {"type": "LineString", "coordinates": [[80.2772317, 13.1095188], [80.2772907, 13.1095606], [80.277355, 13.1095397], [80.2774194, 13.1094979], [80.2774784, 13.1094822], [80.2775428, 13.1094927], [80.277634, 13.1095031], [80.2776715, 13.1094718], [80.2777252, 13.1094352], [80.2777949, 13.1094352], [80.2778593, 13.1094143], [80.2779237, 13.1093934], [80.2780256, 13.1093725], [80.2780792, 13.1093464], [80.2781758, 13.1093202], [80.2782348, 13.1093464], [80.2782992, 13.1093359], [80.2783367, 13.1092941], [80.2783636, 13.1092523], [80.2783743, 13.1092001], [80.2783421, 13.1091478]]}}, {"type": "Feature", "properties": {"osm_id": 1240697290, "highway": "path", "name": null, "source": "osm_overpass"}, "geometry": {"type": "LineString", "coordinates": [[80.2772317, 13.1095188], [80.277234, 13.1094496], [80.2772876, 13.1093765], [80.2773466, 13.1093712], [80.2773895, 13.1094078], [80.2774646, 13.1094339], [80.2774784, 13.1094822]]}}, {"type": "Feature", "properties": {"osm_id": 1240697291, "highway": "path", "name": null, "source": "osm_overpass"}, "geometry": {"type": "LineString", "coordinates": [[80.2772876, 13.1093765], [80.2773252, 13.1092929], [80.2772769, 13.1092668], [80.2772232, 13.1091727], [80.2771374, 13.1091414]]}}, {"type": "Feature", "properties": {"osm_id": 1240697292, "highway": "path", "name": null, "source": "osm_overpass"}, "geometry": {"type": "LineString", "coordinates": [[80.277359, 13.1085212], [80.2774593, 13.1086346], [80.2774164, 13.1087286], [80.2774539, 13.1088279], [80.2775237, 13.1089219], [80.2776363, 13.1089637], [80.2777114, 13.1089951], [80.277765, 13.1090055], [80.2778133, 13.1091152], [80.2778831, 13.1092041], [80.2778241, 13.1093033], [80.2777168, 13.1093765], [80.2777252, 13.1094352]]}}, {"type": "Feature", "properties": {"osm_id": 1240697293, "highway": "path", "name": null, "source": "osm_overpass"}, "geometry": {"type": "LineString", "coordinates": [[80.2772317, 13.1095188], [80.2771932, 13.1094869], [80.2771408, 13.1094779], [80.2770761, 13.1095079]]}}, {"type": "Feature", "properties": {"osm_id": 1241733225, "highway": "path", "name": null, "source": "osm_overpass"}, "geometry": {"type": "LineString", "coordinates": [[80.2915587, 13.1241908], [80.2913944, 13.1241906], [80.2911302, 13.1242206]]}}, {"type": "Feature", "properties": {"osm_id": 1247142226, "highway": "path", "name": null, "source": "osm_overpass"}, "geometry": {"type": "LineString", "coordinates": [[80.1333923, 12.9475285], [80.1334103, 12.9475567]]}}, {"type": "Feature", "properties": {"osm_id": 1247552350, "highway": "footway", "name": null, "source": "osm_overpass"}, "geometry": {"type": "LineString", "coordinates": [[80.180645, 13.045281], [80.180646, 13.0452682], [80.1806481, 13.0451919]]}}, {"type": "Feature", "properties": {"osm_id": 1249346656, "highway": "path", "name": null, "source": "osm_overpass"}, "geometry": {"type": "LineString", "coordinates": [[80.2134654, 13.0775533], [80.2133995, 13.0774884], [80.2133779, 13.0774149], [80.2133671, 13.0773413], [80.2133968, 13.0772888], [80.2134966, 13.0772467], [80.213564, 13.0772099], [80.2137933, 13.0770917], [80.2139794, 13.0770339], [80.2142357, 13.0769682], [80.2144299, 13.0769551], [80.2147374, 13.0769525], [80.2148857, 13.0769814], [80.2150691, 13.0770575], [80.2151581, 13.0771469], [80.2152181, 13.0773057], [80.2153038, 13.0775699], [80.2153496, 13.0777801], [80.2153388, 13.0779771], [80.2153523, 13.078161], [80.2153442, 13.0783554], [80.2153307, 13.0785551], [80.2153119, 13.0788362], [80.2152579, 13.0789965], [80.2151338, 13.0791646], [80.2150718, 13.0792619], [80.2151042, 13.0794011], [80.2151231, 13.0795955], [80.2151531, 13.0798573]]}}, {"type": "Feature", "properties": {"osm_id": 1249346657, "highway": "path", "name": null, "source": "osm_overpass"}, "geometry": {"type": "LineString", "coordinates": [[80.2152579, 13.0789965], [80.2152444, 13.0791725], [80.2153119, 13.0792986], [80.2153793, 13.0794484], [80.2154843, 13.0795845], [80.2155337, 13.0796493], [80.2156221, 13.0797593], [80.2157461, 13.0798372], [80.2159619, 13.080029], [80.2161264, 13.0801394], [80.216291, 13.0802865], [80.2163854, 13.0803495], [80.216469, 13.080473], [80.2165148, 13.0805624], [80.2165642, 13.0807438]]}}, {"type": "Feature", "properties": {"osm_id": 1249346658, "highway": "footway", "name": null, "source": "osm_overpass"}, "geometry": {"type": "LineString", "coordinates": [[80.217808, 13.0763653], [80.2177422, 13.076286], [80.2176613, 13.0761862], [80.2175238, 13.0761362], [80.2174482, 13.0759996], [80.2174132, 13.075905], [80.2173242, 13.0758078], [80.2171677, 13.075729], [80.2169088, 13.0755792]]}}, {"type": "Feature", "properties": {"osm_id": 1249346659, "highway": "path", "name": null, "source": "osm_overpass"}, "geometry": {"type": "LineString", "coordinates": [[80.2178205, 13.0804097], [80.2178774, 13.0804071], [80.2179827, 13.080396], [80.2181141, 13.080381], [80.2182866, 13.0802731], [80.2184811, 13.0801401], [80.2186717, 13.0800034], [80.2188455, 13.0798366], [80.2189601, 13.0797701], [80.2190245, 13.0796422], [80.2190979, 13.0795456], [80.2191919, 13.0794264], [80.2193284, 13.0792834], [80.2194598, 13.0791705], [80.2195924, 13.0790301], [80.2196864, 13.078877], [80.2198306, 13.0787165], [80.2199246, 13.0785936], [80.2199864, 13.078497], [80.2199942, 13.0783828], [80.2200714, 13.0782649], [80.2201886, 13.0780605], [80.2203637, 13.0778359], [80.2204871, 13.0776642], [80.2205973, 13.0774674], [80.2208239, 13.0772316], [80.2210467, 13.076992], [80.2211716, 13.0768591], [80.2212978, 13.0766471], [80.2214008, 13.0764527], [80.2215476, 13.0762658], [80.2216172, 13.0761504], [80.2216378, 13.0759948], [80.2216545, 13.0757992], [80.2216597, 13.0756486], [80.2216661, 13.0754981], [80.2216906, 13.0752385]]}}, {"type": "Feature", "properties": {"osm_id": 1249346660, "highway": "footway", "name": null, "source": "osm_overpass"}, "geometry": {"type": "LineString", "coordinates": [[80.2178501, 13.0794367], [80.2179128, 13.0793349], [80.2180505, 13.0792739], [80.2181715, 13.0792413], [80.2183029, 13.0791823], [80.2183583, 13.0790719], [80.2184175, 13.0789942], [80.2185501, 13.078939], [80.2186197, 13.0789151], [80.2186519, 13.0788675], [80.218684, 13.0788123], [80.2186995, 13.0787408], [80.2187162, 13.0786981], [80.2187265, 13.0786404], [80.2187201, 13.0785915], [80.2187922, 13.0785025], [80.218863, 13.0784159], [80.2188011, 13.0783924], [80.2187703, 13.0783808], [80.2186802, 13.0783519]]}}, {"type": "Feature", "properties": {"osm_id": 1249346661, "highway": "footway", "name": null, "source": "osm_overpass"}, "geometry": {"type": "LineString", "coordinates": [[80.218863, 13.0784159], [80.2189068, 13.0784874], [80.21893, 13.0785652], [80.2189545, 13.0786442], [80.2189867, 13.0786994], [80.2190189, 13.0787408], [80.2191829, 13.07895]]}}, {"type": "Feature", "properties": {"osm_id": 1249346662, "highway": "footway", "name": null, "source": "osm_overpass"}, "geometry": {"type": "LineString", "coordinates": [[80.2188011, 13.0783924], [80.2188914, 13.0783507], [80.2190163, 13.0783206], [80.2190897, 13.0783043], [80.2191528, 13.0782917], [80.2192442, 13.0782591], [80.2192854, 13.0782491], [80.2192764, 13.0782077], [80.2192558, 13.0781563], [80.2192197, 13.0781149]]}}, {"type": "Feature", "properties": {"osm_id": 1249346663, "highway": "footway", "name": null, "source": "osm_overpass"}, "geometry": {"type": "LineString", "coordinates": [[80.2192854, 13.0782491], [80.2193073, 13.0782867], [80.2193215, 13.0783532]]}}, {"type": "Feature", "properties": {"osm_id": 1249346664, "highway": "footway", "name": null, "source": "osm_overpass"}, "geometry": {"type": "LineString", "coordinates": [[80.2190163, 13.0783206], [80.2189712, 13.0782441], [80.2189184, 13.0781763], [80.218854, 13.0780772], [80.2187729, 13.0780371], [80.2186853, 13.0780083]]}}, {"type": "Feature", "properties": {"osm_id": 1251059239, "highway": "path", "name": null, "source": "osm_overpass"}, "geometry": {"type": "LineString", "coordinates": [[80.0968146, 13.0424993], [80.0969553, 13.0424619], [80.0970813, 13.0424445]]}}, {"type": "Feature", "properties": {"osm_id": 1251079614, "highway": "path", "name": null, "source": "osm_overpass"}, "geometry": {"type": "LineString", "coordinates": [[80.0989066, 13.0486525], [80.0992327, 13.048609]]}}, {"type": "Feature", "properties": {"osm_id": 1251480476, "highway": "path", "name": null, "source": "osm_overpass"}, "geometry": {"type": "LineString", "coordinates": [[80.2445891, 13.0361841], [80.2446164, 13.0361785]]}}, {"type": "Feature", "properties": {"osm_id": 1251580716, "highway": "footway", "name": null, "source": "osm_overpass"}, "geometry": {"type": "LineString", "coordinates": [[80.2652295, 13.0216045], [80.2653121, 13.0215576]]}}, {"type": "Feature", "properties": {"osm_id": 1251580717, "highway": "footway", "name": null, "source": "osm_overpass"}, "geometry": {"type": "LineString", "coordinates": [[80.2651799, 13.0216345], [80.2652295, 13.0216045]]}}, {"type": "Feature", "properties": {"osm_id": 1252220139, "highway": "path", "name": null, "source": "osm_overpass"}, "geometry": {"type": "LineString", "coordinates": [[80.1553201, 12.9288582], [80.1553212, 12.9288675], [80.1553555, 12.929061]]}}, {"type": "Feature", "properties": {"osm_id": 1252824917, "highway": "pedestrian", "name": null, "source": "osm_overpass"}, "geometry": {"type": "LineString", "coordinates": [[80.226005, 13.0347095], [80.2259464, 13.0347144], [80.2258787, 13.0347199]]}}, {"type": "Feature", "properties": {"osm_id": 1252824918, "highway": "pedestrian", "name": null, "source": "osm_overpass"}, "geometry": {"type": "LineString", "coordinates": [[80.2259891, 13.0345855], [80.2259294, 13.0345909], [80.2258627, 13.0345958]]}}, {"type": "Feature", "properties": {"osm_id": 1253168220, "highway": "path", "name": null, "source": "osm_overpass"}, "geometry": {"type": "LineString", "coordinates": [[80.1506896, 13.0559845], [80.1507541, 13.0560525], [80.1507973, 13.0560692], [80.1510304, 13.0560775]]}}, {"type": "Feature", "properties": {"osm_id": 1253509880, "highway": "path", "name": null, "source": "osm_overpass"}, "geometry": {"type": "LineString", "coordinates": [[80.0932289, 13.1693029], [80.0931756, 13.1693229], [80.0931122, 13.1693458], [80.0930764, 13.169365], [80.0930494, 13.1694208], [80.0930247, 13.1694997], [80.0929818, 13.1695633], [80.0929437, 13.1696349], [80.0929202, 13.1696797]]}}, {"type": "Feature", "properties": {"osm_id": 1253514065, "highway": "path", "name": null, "source": "osm_overpass"}, "geometry": {"type": "LineString", "coordinates": [[80.091401, 13.1699952], [80.0914559, 13.1701105]]}}, {"type": "Feature", "properties": {"osm_id": 1253556717, "highway": "path", "name": null, "source": "osm_overpass"}, "geometry": {"type": "LineString", "coordinates": [[80.209606, 12.8534204], [80.2097819, 12.8533797]]}}, {"type": "Feature", "properties": {"osm_id": 1253847227, "highway": "path", "name": null, "source": "osm_overpass"}, "geometry": {"type": "LineString", "coordinates": [[80.033524, 13.1222509], [80.0335193, 13.1222973], [80.0335069, 13.1223383], [80.0334818, 13.1223981], [80.0334674, 13.1224346], [80.0334561, 13.1224636]]}}, {"type": "Feature", "properties": {"osm_id": 1254877085, "highway": "path", "name": null, "source": "osm_overpass"}, "geometry": {"type": "LineString", "coordinates": [[80.2335959, 13.0688032], [80.2335034, 13.0683764], [80.234113, 13.0680125], [80.2345021, 13.0678181], [80.2345691, 13.0678163], [80.2346852, 13.0677837], [80.2347478, 13.0676553], [80.2348371, 13.0675944], [80.2349375, 13.0675858]]}}, {"type": "Feature", "properties": {"osm_id": 1254877086, "highway": "path", "name": null, "source": "osm_overpass"}, "geometry": {"type": "LineString", "coordinates": [[80.2356914, 13.0669505], [80.2358715, 13.0668209], [80.2360197, 13.0667586], [80.2361308, 13.0667422], [80.2362722, 13.0667602], [80.2363951, 13.0667471], [80.2365095, 13.0667225], [80.2367269, 13.066706], [80.2368542, 13.066669], [80.2370753, 13.0665993], [80.2373456, 13.0665993], [80.2377516, 13.0666029]]}}, {"type": "Feature", "properties": {"osm_id": 1254877087, "highway": "path", "name": null, "source": "osm_overpass"}, "geometry": {"type": "LineString", "coordinates": [[80.2377516, 13.0666029], [80.2380102, 13.0665735], [80.2383475, 13.0667084], [80.2385955, 13.066802], [80.2401776, 13.0675033], [80.2408261, 13.067795]]}}, {"type": "Feature", "properties": {"osm_id": 1254877089, "highway": "path", "name": null, "source": "osm_overpass"}, "geometry": {"type": "LineString", "coordinates": [[80.2342359, 13.0638535], [80.2342402, 13.0651434]]}}, {"type": "Feature", "properties": {"osm_id": 1254877090, "highway": "path", "name": null, "source": "osm_overpass"}, "geometry": {"type": "LineString", "coordinates": [[80.23262, 13.0616039], [80.2337334, 13.0616303]]}}, {"type": "Feature", "properties": {"osm_id": 1254877096, "highway": "path", "name": null, "source": "osm_overpass"}, "geometry": {"type": "LineString", "coordinates": [[80.2323526, 13.0599031], [80.2325374, 13.0598226], [80.2329365, 13.0598348]]}}, {"type": "Feature", "properties": {"osm_id": 1254877098, "highway": "path", "name": null, "source": "osm_overpass"}, "geometry": {"type": "LineString", "coordinates": [[80.2358514, 13.0598764], [80.2359862, 13.0598265], [80.2368356, 13.0598265], [80.2371108, 13.0597843]]}}, {"type": "Feature", "properties": {"osm_id": 1254877099, "highway": "path", "name": null, "source": "osm_overpass"}, "geometry": {"type": "LineString", "coordinates": [[80.2370166, 13.0602496], [80.2370597, 13.0601942], [80.2371069, 13.0598916], [80.2371108, 13.0597843]]}}, {"type": "Feature", "properties": {"osm_id": 1254877100, "highway": "path", "name": null, "source": "osm_overpass"}, "geometry": {"type": "LineString", "coordinates": [[80.2371108, 13.0597843], [80.2371423, 13.0596464], [80.2371069, 13.0593706]]}}, {"type": "Feature", "properties": {"osm_id": 1254877101, "highway": "path", "name": null, "source": "osm_overpass"}, "geometry": {"type": "LineString", "coordinates": [[80.2374873, 13.0622379], [80.2377303, 13.0622182], [80.2377451, 13.0621547], [80.2378777, 13.0621494]]}}, {"type": "Feature", "properties": {"osm_id": 1254877103, "highway": "path", "name": null, "source": "osm_overpass"}, "geometry": {"type": "LineString", "coordinates": [[80.2371229, 13.0623548], [80.2371386, 13.0620038]]}}, {"type": "Feature", "properties": {"osm_id": 1254877104, "highway": "path", "name": null, "source": "osm_overpass"}, "geometry": {"type": "LineString", "coordinates": [[80.236942, 13.0619711], [80.2371386, 13.0620038]]}}, {"type": "Feature", "properties": {"osm_id": 1254877105, "highway": "path", "name": null, "source": "osm_overpass"}, "geometry": {"type": "LineString", "coordinates": [[80.2371386, 13.0620038], [80.2375764, 13.0620756]]}}, {"type": "Feature", "properties": {"osm_id": 1254877106, "highway": "path", "name": null, "source": "osm_overpass"}, "geometry": {"type": "LineString", "coordinates": [[80.2434799, 13.0587413], [80.2439948, 13.0587132]]}}, {"type": "Feature", "properties": {"osm_id": 1254877107, "highway": "path", "name": null, "source": "osm_overpass"}, "geometry": {"type": "LineString", "coordinates": [[80.2434668, 13.0584145], [80.2439779, 13.0584018]]}}, {"type": "Feature", "properties": {"osm_id": 1254877108, "highway": "path", "name": null, "source": "osm_overpass"}, "geometry": {"type": "LineString", "coordinates": [[80.2434643, 13.0583035], [80.2439722, 13.0582948]]}}, {"type": "Feature", "properties": {"osm_id": 1254877109, "highway": "path", "name": null, "source": "osm_overpass"}, "geometry": {"type": "LineString", "coordinates": [[80.2434628, 13.0582351], [80.2439675, 13.0582066]]}}, {"type": "Feature", "properties": {"osm_id": 1255482458, "highway": "path", "name": null, "source": "osm_overpass"}, "geometry": {"type": "LineString", "coordinates": [[80.0948062, 12.9982834], [80.0948135, 12.9982172], [80.0948207, 12.998151]]}}, {"type": "Feature", "properties": {"osm_id": 1255514344, "highway": "path", "name": null, "source": "osm_overpass"}, "geometry": {"type": "LineString", "coordinates": [[79.9560003, 13.1749879], [79.956831, 13.1751919], [79.9572289, 13.1753476], [79.9576257, 13.175462]]}}, {"type": "Feature", "properties": {"osm_id": 1262049779, "highway": "path", "name": null, "source": "osm_overpass"}, "geometry": {"type": "LineString", "coordinates": [[80.279775, 13.0482681], [80.279756, 13.0481763]]}}, {"type": "Feature", "properties": {"osm_id": 1262049780, "highway": "path", "name": null, "source": "osm_overpass"}, "geometry": {"type": "LineString", "coordinates": [[80.279756, 13.0481763], [80.2797408, 13.0481645], [80.2797599, 13.0481413], [80.2797529, 13.0480969], [80.2796986, 13.0481231], [80.2797429, 13.0480666], [80.2796349, 13.047986]]}}, {"type": "Feature", "properties": {"osm_id": 1262298402, "highway": "footway", "name": null, "source": "osm_overpass"}, "geometry": {"type": "LineString", "coordinates": [[80.2287709, 13.0178364], [80.2288732, 13.0178057], [80.2289314, 13.0177093], [80.228945, 13.017664], [80.2289236, 13.0176451], [80.2289062, 13.0176319]]}}, {"type": "Feature", "properties": {"osm_id": 1263478714, "highway": "footway", "name": null, "source": "osm_overpass"}, "geometry": {"type": "LineString", "coordinates": [[80.257467, 13.0950262], [80.2574554, 13.0951371], [80.2574147, 13.0955283], [80.2574026, 13.095642], [80.2573684, 13.0956537], [80.2573423, 13.0956753], [80.2573302, 13.0957027], [80.2573302, 13.0957184], [80.2573302, 13.0957341], [80.2573443, 13.0957595], [80.2573684, 13.0957752], [80.2573786, 13.0957767], [80.2573946, 13.0957791], [80.2574248, 13.0957752], [80.2574449, 13.0957595], [80.2574569, 13.095736], [80.2574569, 13.0957086], [80.2574509, 13.0956812], [80.2574368, 13.0956577], [80.2574207, 13.0956439], [80.2574026, 13.095642]]}}, {"type": "Feature", "properties": {"osm_id": 1263478715, "highway": "footway", "name": null, "source": "osm_overpass"}, "geometry": {"type": "LineString", "coordinates": [[80.2574569, 13.095736], [80.2577747, 13.0957391], [80.2578371, 13.0957419], [80.2578693, 13.0958164], [80.2578915, 13.0959261], [80.2579255, 13.0959943]]}}, {"type": "Feature", "properties": {"osm_id": 1263478716, "highway": "footway", "name": null, "source": "osm_overpass"}, "geometry": {"type": "LineString", "coordinates": [[80.2573786, 13.0957767], [80.2573584, 13.0958928], [80.2573562, 13.0959186]]}}, {"type": "Feature", "properties": {"osm_id": 1263478717, "highway": "footway", "name": null, "source": "osm_overpass"}, "geometry": {"type": "LineString", "coordinates": [[80.2571125, 13.0955189], [80.2572371, 13.0955196], [80.2574147, 13.0955283], [80.2577511, 13.0955435]]}}, {"type": "Feature", "properties": {"osm_id": 1263478718, "highway": "footway", "name": null, "source": "osm_overpass"}, "geometry": {"type": "LineString", "coordinates": [[80.2573302, 13.0957184], [80.2571991, 13.0957058]]}}, {"type": "Feature", "properties": {"osm_id": 1263478721, "highway": "footway", "name": null, "source": "osm_overpass"}, "geometry": {"type": "LineString", "coordinates": [[80.264774, 13.0901524], [80.2647726, 13.0905474], [80.2649103, 13.0906887], [80.2649767, 13.0908061], [80.2650308, 13.0910601], [80.2650653, 13.0912158], [80.2651574, 13.0913254]]}}, {"type": "Feature", "properties": {"osm_id": 1263478726, "highway": "footway", "name": null, "source": "osm_overpass"}, "geometry": {"type": "LineString", "coordinates": [[80.2566698, 13.0932753], [80.2566146, 13.0931723]]}}, {"type": "Feature", "properties": {"osm_id": 1263642925, "highway": "path", "name": null, "source": "osm_overpass"}, "geometry": {"type": "LineString", "coordinates": [[80.2739704, 13.0833919], [80.274179, 13.0834245], [80.2744549, 13.0834677]]}}, {"type": "Feature", "properties": {"osm_id": 1263643804, "highway": "path", "name": null, "source": "osm_overpass"}, "geometry": {"type": "LineString", "coordinates": [[80.274179, 13.0834245], [80.2742664, 13.0828984], [80.2745426, 13.0829425]]}}, {"type": "Feature", "properties": {"osm_id": 1263650496, "highway": "path", "name": null, "source": "osm_overpass"}, "geometry": {"type": "LineString", "coordinates": [[80.2749228, 13.0828949], [80.2752847, 13.0829428], [80.2753365, 13.0829497], [80.2754069, 13.0826318], [80.2754947, 13.0826422], [80.2756566, 13.0826676], [80.2757836, 13.0826858], [80.2758157, 13.0826904], [80.2758334, 13.0827111], [80.2758033, 13.0829335], [80.2758627, 13.0829431], [80.2759435, 13.0829543], [80.2759953, 13.0825964]]}}, {"type": "Feature", "properties": {"osm_id": 1263650497, "highway": "path", "name": null, "source": "osm_overpass"}, "geometry": {"type": "LineString", "coordinates": [[80.2754947, 13.0826422], [80.2754534, 13.0829164]]}}, {"type": "Feature", "properties": {"osm_id": 1263650498, "highway": "path", "name": null, "source": "osm_overpass"}, "geometry": {"type": "LineString", "coordinates": [[80.2756566, 13.0826676], [80.2756405, 13.0827602]]}}, {"type": "Feature", "properties": {"osm_id": 1263650499, "highway": "path", "name": null, "source": "osm_overpass"}, "geometry": {"type": "LineString", "coordinates": [[80.2757836, 13.0826858], [80.2757682, 13.0827842]]}}, {"type": "Feature", "properties": {"osm_id": 1263650501, "highway": "path", "name": null, "source": "osm_overpass"}, "geometry": {"type": "LineString", "coordinates": [[80.2759765, 13.0829604], [80.2759435, 13.0829543]]}}, {"type": "Feature", "properties": {"osm_id": 1263650502, "highway": "path", "name": null, "source": "osm_overpass"}, "geometry": {"type": "LineString", "coordinates": [[80.2759589, 13.0831105], [80.2759677, 13.0830354], [80.2759765, 13.0829604]]}}, {"type": "Feature", "properties": {"osm_id": 1265698826, "highway": "path", "name": null, "source": "osm_overpass"}, "geometry": {"type": "LineString", "coordinates": [[80.2351917, 12.9737787], [80.2355675, 12.9738261]]}}, {"type": "Feature", "properties": {"osm_id": 1265698827, "highway": "path", "name": null, "source": "osm_overpass"}, "geometry": {"type": "LineString", "coordinates": [[80.2337886, 12.9738469], [80.2338463, 12.9738822], [80.2339616, 12.9739096], [80.2340308, 12.9739235]]}}, {"type": "Feature", "properties": {"osm_id": 1266190953, "highway": "footway", "name": null, "source": "osm_overpass"}, "geometry": {"type": "LineString", "coordinates": [[80.2240992, 13.0234282], [80.2236689, 13.0235372]]}}, {"type": "Feature", "properties": {"osm_id": 1266190955, "highway": "footway", "name": null, "source": "osm_overpass"}, "geometry": {"type": "LineString", "coordinates": [[80.2236289, 13.0234286], [80.2234244, 13.0234841]]}}, {"type": "Feature", "properties": {"osm_id": 1266190956, "highway": "footway", "name": null, "source": "osm_overpass"}, "geometry": {"type": "LineString", "coordinates": [[80.2234244, 13.0234841], [80.2234877, 13.0236977]]}}, {"type": "Feature", "properties": {"osm_id": 1266190957, "highway": "footway", "name": null, "source": "osm_overpass"}, "geometry": {"type": "LineString", "coordinates": [[80.2243801, 13.0233252], [80.2240833, 13.0233702]]}}, {"type": "Feature", "properties": {"osm_id": 1266392269, "highway": "footway", "name": null, "source": "osm_overpass"}, "geometry": {"type": "LineString", "coordinates": [[80.2284436, 12.9847619], [80.2284428, 12.9847383], [80.2284416, 12.9847143]]}}, {"type": "Feature", "properties": {"osm_id": 1266408540, "highway": "path", "name": null, "source": "osm_overpass"}, "geometry": {"type": "LineString", "coordinates": [[80.2422766, 13.0851675], [80.2422166, 13.0851833], [80.2421029, 13.0852132], [80.2417844, 13.0852655], [80.2414356, 13.0852199]]}}, {"type": "Feature", "properties": {"osm_id": 1266701807, "highway": "path", "name": "4th Main Road", "source": "osm_overpass"}, "geometry": {"type": "LineString", "coordinates": [[80.2278006, 12.9723322], [80.2279079, 12.972327], [80.2280264, 12.9722972]]}}, {"type": "Feature", "properties": {"osm_id": 1266909450, "highway": "footway", "name": null, "source": "osm_overpass"}, "geometry": {"type": "LineString", "coordinates": [[80.2608193, 13.0542642], [80.2608156, 13.0542261]]}}, {"type": "Feature", "properties": {"osm_id": 1266909451, "highway": "footway", "name": null, "source": "osm_overpass"}, "geometry": {"type": "LineString", "coordinates": [[80.2609803, 13.0540848], [80.2609874, 13.0542528]]}}, {"type": "Feature", "properties": {"osm_id": 1266909452, "highway": "footway", "name": null, "source": "osm_overpass"}, "geometry": {"type": "LineString", "coordinates": [[80.2609874, 13.0542528], [80.2608193, 13.0542642]]}}, {"type": "Feature", "properties": {"osm_id": 1267273641, "highway": "footway", "name": null, "source": "osm_overpass"}, "geometry": {"type": "LineString", "coordinates": [[80.2151361, 12.9889278], [80.2152291, 12.9888088], [80.2154195, 12.9886337], [80.2160445, 12.9882312], [80.2164012, 12.9880195], [80.2170342, 12.9877843], [80.2173373, 12.9876745], [80.2175826, 12.9876615]]}}, {"type": "Feature", "properties": {"osm_id": 1267606506, "highway": "path", "name": "Schwarz Avenue", "source": "osm_overpass"}, "geometry": {"type": "LineString", "coordinates": [[80.2659422, 13.010145], [80.2654637, 13.0080378]]}}, {"type": "Feature", "properties": {"osm_id": 1267610372, "highway": "pedestrian", "name": null, "source": "osm_overpass"}, "geometry": {"type": "LineString", "coordinates": [[80.2592535, 13.0108847], [80.2592508, 13.0113499], [80.2592334, 13.0116433]]}}, {"type": "Feature", "properties": {"osm_id": 1267610373, "highway": "pedestrian", "name": null, "source": "osm_overpass"}, "geometry": {"type": "LineString", "coordinates": [[80.2592334, 13.0116433], [80.2593005, 13.0135112], [80.2593327, 13.0147112]]}}, {"type": "Feature", "properties": {"osm_id": 1267610374, "highway": "pedestrian", "name": null, "source": "osm_overpass"}, "geometry": {"type": "LineString", "coordinates": [[80.2593327, 13.0147112], [80.2593608, 13.014925], [80.2594011, 13.0150896], [80.2594668, 13.0151641], [80.2595016, 13.0152673]]}}, {"type": "Feature", "properties": {"osm_id": 1267610375, "highway": "pedestrian", "name": null, "source": "osm_overpass"}, "geometry": {"type": "LineString", "coordinates": [[80.259102, 13.0149877], [80.2590839, 13.0147205]]}}, {"type": "Feature", "properties": {"osm_id": 1267610376, "highway": "pedestrian", "name": null, "source": "osm_overpass"}, "geometry": {"type": "LineString", "coordinates": [[80.2589787, 13.0116532], [80.2589786, 13.0113081], [80.2589813, 13.0112062], [80.2589706, 13.0111435]]}}, {"type": "Feature", "properties": {"osm_id": 1267610377, "highway": "pedestrian", "name": null, "source": "osm_overpass"}, "geometry": {"type": "LineString", "coordinates": [[80.2590839, 13.0147205], [80.2590564, 13.0140521], [80.2590027, 13.0125416], [80.2589787, 13.0116532]]}}, {"type": "Feature", "properties": {"osm_id": 1267664106, "highway": "footway", "name": null, "source": "osm_overpass"}, "geometry": {"type": "LineString", "coordinates": [[80.2747115, 13.1275996], [80.2748089, 13.1275616], [80.2749151, 13.1275499]]}}, {"type": "Feature", "properties": {"osm_id": 1267664107, "highway": "path", "name": null, "source": "osm_overpass"}, "geometry": {"type": "LineString", "coordinates": [[80.2748539, 13.1272086], [80.2750302, 13.1271723], [80.2751327, 13.1272156]]}}, {"type": "Feature", "properties": {"osm_id": 1267858950, "highway": "pedestrian", "name": "Pillaiyar Koil Street", "source": "osm_overpass"}, "geometry": {"type": "LineString", "coordinates": [[80.2251826, 13.0252782], [80.2251869, 13.02534]]}}, {"type": "Feature", "properties": {"osm_id": 1268033249, "highway": "path", "name": null, "source": "osm_overpass"}, "geometry": {"type": "LineString", "coordinates": [[80.254047, 13.0161915], [80.2539144, 13.0162129], [80.2537783, 13.0162699], [80.2536539, 13.0163113], [80.2535017, 13.0163427], [80.2533671, 13.0163555], [80.2532691, 13.0163541], [80.2531783, 13.0163427], [80.253096, 13.0163429], [80.2529495, 13.0163777], [80.2527457, 13.016467], [80.2525559, 13.0165824], [80.2523762, 13.0166966], [80.2521711, 13.0168195], [80.2519277, 13.0169737], [80.2517125, 13.0170991], [80.2514197, 13.0172448], [80.2513395, 13.0172845], [80.2512551, 13.0173537], [80.2512217, 13.01743], [80.2511851, 13.0175511], [80.2511412, 13.0176238], [80.2510256, 13.0177493], [80.2508296, 13.0179432], [80.25068, 13.0180988], [80.2505456, 13.018256], [80.2504313, 13.0183805], [80.2504204, 13.0184085], [80.2504348, 13.018441], [80.2504847, 13.018509]]}}, {"type": "Feature", "properties": {"osm_id": 1268557290, "highway": "path", "name": null, "source": "osm_overpass"}, "geometry": {"type": "LineString", "coordinates": [[80.1807748, 13.037323], [80.180726, 13.0373228], [80.1806714, 13.0373214]]}}, {"type": "Feature", "properties": {"osm_id": 1270332752, "highway": "path", "name": null, "source": "osm_overpass"}, "geometry": {"type": "LineString", "coordinates": [[80.1312204, 13.0514221], [80.1314358, 13.0513164]]}}, {"type": "Feature", "properties": {"osm_id": 1270859227, "highway": "path", "name": null, "source": "osm_overpass"}, "geometry": {"type": "LineString", "coordinates": [[80.118564, 12.9967564], [80.118596, 12.9960219]]}}, {"type": "Feature", "properties": {"osm_id": 1270860817, "highway": "path", "name": null, "source": "osm_overpass"}, "geometry": {"type": "LineString", "coordinates": [[80.0975072, 13.0303663], [80.0975641, 13.0306457], [80.0975493, 13.0306741], [80.0975229, 13.0307018], [80.0975165, 13.0307271], [80.0975466, 13.0308482]]}}, {"type": "Feature", "properties": {"osm_id": 1272131507, "highway": "path", "name": null, "source": "osm_overpass"}, "geometry": {"type": "LineString", "coordinates": [[80.2288288, 13.0411497], [80.2286014, 13.040361], [80.2285677, 13.040244]]}}, {"type": "Feature", "properties": {"osm_id": 1272131508, "highway": "path", "name": null, "source": "osm_overpass"}, "geometry": {"type": "LineString", "coordinates": [[80.2292477, 13.0426049], [80.2291578, 13.0426258]]}}, {"type": "Feature", "properties": {"osm_id": 1272131511, "highway": "path", "name": null, "source": "osm_overpass"}, "geometry": {"type": "LineString", "coordinates": [[80.228884, 13.0412894], [80.2290988, 13.0421136], [80.2291994, 13.0424507]]}}, {"type": "Feature", "properties": {"osm_id": 1272664677, "highway": "path", "name": null, "source": "osm_overpass"}, "geometry": {"type": "LineString", "coordinates": [[80.1219512, 13.0901032], [80.1219136, 13.0901206], [80.1218915, 13.0901564], [80.1218718, 13.0901938], [80.1218376, 13.0902628]]}}, {"type": "Feature", "properties": {"osm_id": 1272668459, "highway": "path", "name": null, "source": "osm_overpass"}, "geometry": {"type": "LineString", "coordinates": [[80.0965774, 12.9135618], [80.0965872, 12.9135517], [80.0965949, 12.9135394], [80.096601, 12.9135231]]}}, {"type": "Feature", "properties": {"osm_id": 1272680664, "highway": "path", "name": null, "source": "osm_overpass"}, "geometry": {"type": "LineString", "coordinates": [[80.126501, 13.0912663], [80.1265792, 13.0912788], [80.1266659, 13.0912626], [80.1267292, 13.0912347], [80.126816, 13.0911978], [80.1268936, 13.0911627], [80.1269605, 13.0911112], [80.1270136, 13.0910677], [80.1270733, 13.0910393], [80.127112, 13.0910249], [80.1271963, 13.0910013]]}}, {"type": "Feature", "properties": {"osm_id": 1272681095, "highway": "path", "name": null, "source": "osm_overpass"}, "geometry": {"type": "LineString", "coordinates": [[80.1268782, 13.0903693], [80.1269201, 13.0903766], [80.1269648, 13.0903916], [80.1270197, 13.0904225], [80.1270648, 13.0904541]]}}, {"type": "Feature", "properties": {"osm_id": 1272963040, "highway": "path", "name": null, "source": "osm_overpass"}, "geometry": {"type": "LineString", "coordinates": [[80.0583866, 13.1303427], [80.0583755, 13.1302544], [80.0583824, 13.1301743], [80.0584179, 13.1300749], [80.058435, 13.1299899], [80.0584374, 13.1299452]]}}, {"type": "Feature", "properties": {"osm_id": 1272963041, "highway": "path", "name": null, "source": "osm_overpass"}, "geometry": {"type": "LineString", "coordinates": [[80.0583824, 13.1301743], [80.0583198, 13.1302278], [80.0582646, 13.1302993]]}}, {"type": "Feature", "properties": {"osm_id": 1273062665, "highway": "path", "name": null, "source": "osm_overpass"}, "geometry": {"type": "LineString", "coordinates": [[80.1290738, 13.004708], [80.1287245, 13.0047112]]}}, {"type": "Feature", "properties": {"osm_id": 1273066080, "highway": "path", "name": null, "source": "osm_overpass"}, "geometry": {"type": "LineString", "coordinates": [[80.2597879, 13.1091131], [80.2598436, 13.1091395], [80.2602953, 13.1091974], [80.2610874, 13.1092708], [80.2615287, 13.109283], [80.2619492, 13.1093288]]}}, {"type": "Feature", "properties": {"osm_id": 1273255592, "highway": "path", "name": null, "source": "osm_overpass"}, "geometry": {"type": "LineString", "coordinates": [[80.1558172, 13.1961455], [80.1558868, 13.1962275], [80.1559639, 13.1963316], [80.1560132, 13.1964083]]}}, {"type": "Feature", "properties": {"osm_id": 1273255593, "highway": "path", "name": null, "source": "osm_overpass"}, "geometry": {"type": "LineString", "coordinates": [[80.155751, 13.1960775], [80.1557929, 13.196053], [80.1558293, 13.1960338], [80.1558749, 13.1960446]]}}, {"type": "Feature", "properties": {"osm_id": 1273255595, "highway": "path", "name": null, "source": "osm_overpass"}, "geometry": {"type": "LineString", "coordinates": [[80.1558172, 13.1961455], [80.1558526, 13.1961153], [80.155865, 13.1960925], [80.1558749, 13.1960446]]}}, {"type": "Feature", "properties": {"osm_id": 1274373075, "highway": "path", "name": null, "source": "osm_overpass"}, "geometry": {"type": "LineString", "coordinates": [[80.0642764, 12.9844249], [80.0641879, 12.9844649], [80.0641445, 12.9845509], [80.064121, 12.9847422]]}}, {"type": "Feature", "properties": {"osm_id": 1275944219, "highway": "path", "name": null, "source": "osm_overpass"}, "geometry": {"type": "LineString", "coordinates": [[80.113292, 13.1599045], [80.1134726, 13.1598459]]}}, {"type": "Feature", "properties": {"osm_id": 1275949710, "highway": "path", "name": null, "source": "osm_overpass"}, "geometry": {"type": "LineString", "coordinates": [[80.1231187, 13.1588726], [80.1231498, 13.1592649]]}}, {"type": "Feature", "properties": {"osm_id": 1276423096, "highway": "path", "name": null, "source": "osm_overpass"}, "geometry": {"type": "LineString", "coordinates": [[80.0720178, 12.9091379], [80.0720601, 12.9090953], [80.0721072, 12.9090365], [80.0721484, 12.9089871], [80.0721947, 12.9089512], [80.0722352, 12.9089161], [80.0722789, 12.9088939]]}}, {"type": "Feature", "properties": {"osm_id": 1276634444, "highway": "footway", "name": null, "source": "osm_overpass"}, "geometry": {"type": "LineString", "coordinates": [[80.230885, 13.0509271], [80.2304362, 13.0509899]]}}, {"type": "Feature", "properties": {"osm_id": 1278052250, "highway": "path", "name": null, "source": "osm_overpass"}, "geometry": {"type": "LineString", "coordinates": [[80.1591914, 13.2018323], [80.1592701, 13.2018265]]}}, {"type": "Feature", "properties": {"osm_id": 1279044807, "highway": "footway", "name": "SIPCOT-Thalambur Rd", "source": "osm_overpass"}, "geometry": {"type": "LineString", "coordinates": [[80.2233468, 12.842098], [80.223322, 12.8420643], [80.2232328, 12.8420464], [80.2231302, 12.842032], [80.2216827, 12.8418599], [80.2213237, 12.841826], [80.2212668, 12.8418051]]}}, {"type": "Feature", "properties": {"osm_id": 1282455637, "highway": "path", "name": null, "source": "osm_overpass"}, "geometry": {"type": "LineString", "coordinates": [[80.2015238, 13.1255048], [80.2015165, 13.1243913], [80.2015122, 13.1239737], [80.2015075, 13.1234585]]}}, {"type": "Feature", "properties": {"osm_id": 1285178547, "highway": "footway", "name": null, "source": "osm_overpass"}, "geometry": {"type": "LineString", "coordinates": [[80.2015684, 13.1232483], [80.2016218, 13.1230684], [80.2016261, 13.1229962]]}}, {"type": "Feature", "properties": {"osm_id": 1285178548, "highway": "footway", "name": null, "source": "osm_overpass"}, "geometry": {"type": "LineString", "coordinates": [[80.2015684, 13.1232483], [80.2015644, 13.1232652], [80.2015617, 13.1232925], [80.2015597, 13.1233671]]}}, {"type": "Feature", "properties": {"osm_id": 1285178549, "highway": "path", "name": null, "source": "osm_overpass"}, "geometry": {"type": "LineString", "coordinates": [[80.2016261, 13.1229962], [80.2016093, 13.1229086]]}}, {"type": "Feature", "properties": {"osm_id": 1285178551, "highway": "path", "name": null, "source": "osm_overpass"}, "geometry": {"type": "LineString", "coordinates": [[80.2005981, 13.1238895], [80.2005948, 13.1237922]]}}, {"type": "Feature", "properties": {"osm_id": 1285178552, "highway": "path", "name": null, "source": "osm_overpass"}, "geometry": {"type": "LineString", "coordinates": [[80.2005981, 13.1238895], [80.2006592, 13.1238902], [80.200686, 13.1238863], [80.2007121, 13.1238745], [80.2007343, 13.1238601], [80.2007363, 13.1238399], [80.2007209, 13.1238164], [80.2006967, 13.1238027], [80.2006672, 13.1237955], [80.2005948, 13.1237922]]}}, {"type": "Feature", "properties": {"osm_id": 1285178553, "highway": "path", "name": "Park entrance", "source": "osm_overpass"}, "geometry": {"type": "LineString", "coordinates": [[80.2004651, 13.123849], [80.2004037, 13.1238536], [80.2003864, 13.1238549]]}}, {"type": "Feature", "properties": {"osm_id": 1285178554, "highway": "path", "name": null, "source": "osm_overpass"}, "geometry": {"type": "LineString", "coordinates": [[80.2005948, 13.1237922], [80.2005016, 13.1238027], [80.2004761, 13.1238164], [80.2004647, 13.1238373], [80.2004651, 13.123849], [80.2004654, 13.1238575], [80.2004788, 13.1238823], [80.2005029, 13.1238895], [80.2005981, 13.1238895]]}}, {"type": "Feature", "properties": {"osm_id": 1287696471, "highway": "path", "name": null, "source": "osm_overpass"}, "geometry": {"type": "LineString", "coordinates": [[80.2146999, 13.2499276], [80.2145747, 13.2499262], [80.2144496, 13.2499369], [80.2143972, 13.2499739]]}}, {"type": "Feature", "properties": {"osm_id": 1287719837, "highway": "path", "name": null, "source": "osm_overpass"}, "geometry": {"type": "LineString", "coordinates": [[80.2121369, 13.2476077], [80.2121881, 13.2475845], [80.2122903, 13.2475828], [80.212431, 13.247576], [80.2125082, 13.2475633], [80.2126229, 13.2474963], [80.2126665, 13.2474389], [80.2126844, 13.2473616], [80.2127228, 13.2471896]]}}, {"type": "Feature", "properties": {"osm_id": 1287719839, "highway": "path", "name": null, "source": "osm_overpass"}, "geometry": {"type": "LineString", "coordinates": [[80.2122023, 13.248204], [80.2121396, 13.2482042], [80.2120785, 13.2482125], [80.2120006, 13.2482428], [80.2119192, 13.2482704]]}}, {"type": "Feature", "properties": {"osm_id": 1287719840, "highway": "path", "name": null, "source": "osm_overpass"}, "geometry": {"type": "LineString", "coordinates": [[80.2118789, 13.2485329], [80.2118484, 13.2484581], [80.2118272, 13.2484047], [80.2117953, 13.2483806], [80.2116821, 13.2483496]]}}, {"type": "Feature", "properties": {"osm_id": 1287719841, "highway": "path", "name": null, "source": "osm_overpass"}, "geometry": {"type": "LineString", "coordinates": [[80.2118934, 13.2485271], [80.211923, 13.2485712], [80.2119499, 13.2486748], [80.2119756, 13.2487724], [80.2120037, 13.2488366], [80.2120502, 13.2488997], [80.2121199, 13.2489759]]}}, {"type": "Feature", "properties": {"osm_id": 1287719844, "highway": "path", "name": null, "source": "osm_overpass"}, "geometry": {"type": "LineString", "coordinates": [[80.2131603, 13.2486281], [80.2131693, 13.2487095], [80.2131987, 13.248813]]}}, {"type": "Feature", "properties": {"osm_id": 1287719845, "highway": "path", "name": null, "source": "osm_overpass"}, "geometry": {"type": "LineString", "coordinates": [[80.2122134, 13.2483986], [80.2122546, 13.2484289], [80.2122888, 13.2484967], [80.212328, 13.2485883]]}}, {"type": "Feature", "properties": {"osm_id": 1287722951, "highway": "path", "name": null, "source": "osm_overpass"}, "geometry": {"type": "LineString", "coordinates": [[80.214555, 13.2488663], [80.2146299, 13.2488616], [80.21477, 13.2487996]]}}, {"type": "Feature", "properties": {"osm_id": 1287722952, "highway": "path", "name": null, "source": "osm_overpass"}, "geometry": {"type": "LineString", "coordinates": [[80.2136775, 13.2484543], [80.2137126, 13.2484157], [80.2137138, 13.2483574], [80.2138031, 13.2482514]]}}, {"type": "Feature", "properties": {"osm_id": 1287722953, "highway": "path", "name": null, "source": "osm_overpass"}, "geometry": {"type": "LineString", "coordinates": [[80.2152111, 13.2479216], [80.2149192, 13.2478681], [80.2148834, 13.2478681], [80.214825, 13.2479175], [80.2147795, 13.2479266], [80.2147194, 13.2479294], [80.2146721, 13.2479073], [80.2146557, 13.2478828], [80.2146458, 13.2478448], [80.2146511, 13.2477766], [80.2146667, 13.2477049]]}}, {"type": "Feature", "properties": {"osm_id": 1287722955, "highway": "path", "name": null, "source": "osm_overpass"}, "geometry": {"type": "LineString", "coordinates": [[80.2176345, 13.247944], [80.2177211, 13.2477905], [80.2177459, 13.2476579], [80.217799, 13.2473926], [80.2177848, 13.2473375], [80.2177583, 13.2472927]]}}, {"type": "Feature", "properties": {"osm_id": 1287722956, "highway": "path", "name": null, "source": "osm_overpass"}, "geometry": {"type": "LineString", "coordinates": [[80.217892, 13.2480218], [80.2179229, 13.2478797], [80.2179474, 13.2477309], [80.217929, 13.2476773], [80.217808, 13.2476583], [80.2177459, 13.2476579]]}}, {"type": "Feature", "properties": {"osm_id": 1287722957, "highway": "path", "name": null, "source": "osm_overpass"}, "geometry": {"type": "LineString", "coordinates": [[80.2179229, 13.2478797], [80.2180175, 13.2478345], [80.2180538, 13.2478107], [80.2181392, 13.2478074], [80.2181704, 13.2477934], [80.2181873, 13.2477646], [80.2182025, 13.2477202]]}}, {"type": "Feature", "properties": {"osm_id": 1287722958, "highway": "path", "name": null, "source": "osm_overpass"}, "geometry": {"type": "LineString", "coordinates": [[80.2176175, 13.2480498], [80.2177206, 13.2480587], [80.2177842, 13.2482527], [80.217849, 13.2483955], [80.2179394, 13.2484907], [80.2180788, 13.2485931], [80.2181485, 13.2486467], [80.2182231, 13.2487026]]}}, {"type": "Feature", "properties": {"osm_id": 1287722960, "highway": "path", "name": null, "source": "osm_overpass"}, "geometry": {"type": "LineString", "coordinates": [[80.2177583, 13.2472927], [80.217802, 13.2471635], [80.2177841, 13.2470463], [80.2176176, 13.2468768]]}}, {"type": "Feature", "properties": {"osm_id": 1287722961, "highway": "path", "name": null, "source": "osm_overpass"}, "geometry": {"type": "LineString", "coordinates": [[80.2177841, 13.2470463], [80.2178616, 13.2469319], [80.2179217, 13.2468768]]}}, {"type": "Feature", "properties": {"osm_id": 1287722962, "highway": "path", "name": null, "source": "osm_overpass"}, "geometry": {"type": "LineString", "coordinates": [[80.2170654, 13.2467751], [80.2170043, 13.246937], [80.2169664, 13.2470465], [80.216926, 13.2471072], [80.2169175, 13.247225]]}}, {"type": "Feature", "properties": {"osm_id": 1287722963, "highway": "path", "name": null, "source": "osm_overpass"}, "geometry": {"type": "LineString", "coordinates": [[80.2170043, 13.246937], [80.2170625, 13.2470475], [80.217109, 13.2471237], [80.2170919, 13.2471689], [80.2170821, 13.247232], [80.2170662, 13.2472582], [80.2170564, 13.247326], [80.2170711, 13.2473796], [80.2170882, 13.2475319], [80.2170809, 13.247645], [80.2170612, 13.2476888]]}}, {"type": "Feature", "properties": {"osm_id": 1287722964, "highway": "path", "name": null, "source": "osm_overpass"}, "geometry": {"type": "LineString", "coordinates": [[80.217109, 13.2471237], [80.2171646, 13.2470987], [80.2171817, 13.2470904], [80.2171854, 13.2470428], [80.2172049, 13.2470119]]}}, {"type": "Feature", "properties": {"osm_id": 1287722965, "highway": "path", "name": null, "source": "osm_overpass"}, "geometry": {"type": "LineString", "coordinates": [[80.2160939, 13.2473694], [80.2160773, 13.2472998], [80.2160596, 13.2472571], [80.2160545, 13.2472151], [80.2160672, 13.247151], [80.2160891, 13.2470687], [80.2160984, 13.2470375], [80.2160951, 13.2469873], [80.2161111, 13.2469043], [80.21615, 13.2467686], [80.2161728, 13.2466896], [80.2161855, 13.2466345]]}}, {"type": "Feature", "properties": {"osm_id": 1287739798, "highway": "path", "name": null, "source": "osm_overpass"}, "geometry": {"type": "LineString", "coordinates": [[80.2063344, 13.2471208], [80.2063403, 13.2473099], [80.2064407, 13.2474531], [80.206366, 13.2477054], [80.206303, 13.2478349], [80.2063333, 13.248044], [80.2063498, 13.2481048]]}}, {"type": "Feature", "properties": {"osm_id": 1287739799, "highway": "path", "name": null, "source": "osm_overpass"}, "geometry": {"type": "LineString", "coordinates": [[80.2066636, 13.2472998], [80.2065739, 13.2473533], [80.2064407, 13.2474531]]}}, {"type": "Feature", "properties": {"osm_id": 1287739800, "highway": "path", "name": null, "source": "osm_overpass"}, "geometry": {"type": "LineString", "coordinates": [[80.2062434, 13.2482496], [80.2060536, 13.2481617], [80.2057842, 13.2481241], [80.2057132, 13.2482293], [80.2056083, 13.2485387], [80.2055277, 13.2488339], [80.2054663, 13.249049], [80.2054309, 13.2492752], [80.205413, 13.2495193], [80.2053054, 13.2497193], [80.2051049, 13.2500906]]}}, {"type": "Feature", "properties": {"osm_id": 1287741104, "highway": "path", "name": null, "source": "osm_overpass"}, "geometry": {"type": "LineString", "coordinates": [[80.2120958, 13.2462953], [80.2120046, 13.2462367], [80.211849, 13.2461862], [80.2116154, 13.2461069], [80.2113486, 13.2460131], [80.211015, 13.2458796], [80.2109964, 13.2458399], [80.2110557, 13.2457028], [80.2112806, 13.2455199], [80.2113531, 13.2454837], [80.2114752, 13.2453924], [80.2115849, 13.2453683], [80.2118026, 13.2453683]]}}, {"type": "Feature", "properties": {"osm_id": 1287747979, "highway": "path", "name": null, "source": "osm_overpass"}, "geometry": {"type": "LineString", "coordinates": [[80.2180963, 13.2466749], [80.2181987, 13.2466474], [80.2182628, 13.24663]]}}, {"type": "Feature", "properties": {"osm_id": 1287747980, "highway": "path", "name": null, "source": "osm_overpass"}, "geometry": {"type": "LineString", "coordinates": [[80.2181782, 13.2460117], [80.2179852, 13.2459864], [80.2178648, 13.2461559], [80.2176625, 13.2463578], [80.217578, 13.2464725], [80.2175447, 13.246652], [80.2175161, 13.2467645]]}}, {"type": "Feature", "properties": {"osm_id": 1287747981, "highway": "path", "name": null, "source": "osm_overpass"}, "geometry": {"type": "LineString", "coordinates": [[80.217578, 13.2464725], [80.2174781, 13.2465273], [80.2173552, 13.2465198], [80.2173245, 13.2465348], [80.2172886, 13.246637], [80.2172144, 13.2467213]]}}, {"type": "Feature", "properties": {"osm_id": 1287747982, "highway": "path", "name": null, "source": "osm_overpass"}, "geometry": {"type": "LineString", "coordinates": [[80.2173552, 13.2465198], [80.2172598, 13.2465235], [80.2170934, 13.2465235], [80.2170297, 13.2465338], [80.2170291, 13.2466947]]}}, {"type": "Feature", "properties": {"osm_id": 1287747983, "highway": "path", "name": null, "source": "osm_overpass"}, "geometry": {"type": "LineString", "coordinates": [[80.2176625, 13.2463578], [80.2175277, 13.2463612], [80.2170421, 13.2462854], [80.2167086, 13.246253], [80.2166678, 13.246271], [80.2164183, 13.2464755], [80.2162813, 13.2465877]]}}, {"type": "Feature", "properties": {"osm_id": 1287747984, "highway": "path", "name": null, "source": "osm_overpass"}, "geometry": {"type": "LineString", "coordinates": [[80.2170421, 13.2462854], [80.2170088, 13.2463287], [80.2169977, 13.2464297], [80.2170297, 13.2465338]]}}, {"type": "Feature", "properties": {"osm_id": 1287747985, "highway": "path", "name": null, "source": "osm_overpass"}, "geometry": {"type": "LineString", "coordinates": [[80.2170421, 13.2462854], [80.2170421, 13.2461803], [80.2170421, 13.2460778], [80.217058, 13.2459452], [80.2170529, 13.2458986], [80.2171784, 13.2458836]]}}, {"type": "Feature", "properties": {"osm_id": 1287747986, "highway": "path", "name": null, "source": "osm_overpass"}, "geometry": {"type": "LineString", "coordinates": [[80.2178648, 13.2461559], [80.2177649, 13.2461853], [80.2175779, 13.2461479], [80.2173602, 13.246118], [80.2171272, 13.246103], [80.2170421, 13.2461803]]}}, {"type": "Feature", "properties": {"osm_id": 1287747987, "highway": "path", "name": null, "source": "osm_overpass"}, "geometry": {"type": "LineString", "coordinates": [[80.2171272, 13.246103], [80.2170421, 13.2460778]]}}, {"type": "Feature", "properties": {"osm_id": 1287747988, "highway": "path", "name": null, "source": "osm_overpass"}, "geometry": {"type": "LineString", "coordinates": [[80.2174667, 13.2457833], [80.21738, 13.2458436], [80.2172791, 13.2458763]]}}, {"type": "Feature", "properties": {"osm_id": 1287747989, "highway": "path", "name": null, "source": "osm_overpass"}, "geometry": {"type": "LineString", "coordinates": [[80.2164183, 13.2464755], [80.2164541, 13.2462182], [80.2164925, 13.2460063], [80.2165181, 13.2458118], [80.2166205, 13.2457969], [80.2166718, 13.2458816]]}}, {"type": "Feature", "properties": {"osm_id": 1287747990, "highway": "path", "name": null, "source": "osm_overpass"}, "geometry": {"type": "LineString", "coordinates": [[80.2164925, 13.2460063], [80.2165872, 13.2459988], [80.2166769, 13.2460287], [80.2167537, 13.2460337], [80.2167511, 13.2459389]]}}, {"type": "Feature", "properties": {"osm_id": 1287747991, "highway": "path", "name": null, "source": "osm_overpass"}, "geometry": {"type": "LineString", "coordinates": [[80.2167511, 13.2459389], [80.2168254, 13.245929], [80.216933, 13.2458891], [80.2170529, 13.2458986]]}}, {"type": "Feature", "properties": {"osm_id": 1287747992, "highway": "path", "name": null, "source": "osm_overpass"}, "geometry": {"type": "LineString", "coordinates": [[80.2167086, 13.246253], [80.2167537, 13.2460337]]}}, {"type": "Feature", "properties": {"osm_id": 1287747996, "highway": "path", "name": null, "source": "osm_overpass"}, "geometry": {"type": "LineString", "coordinates": [[80.2200881, 13.2462834], [80.2202784, 13.2462633], [80.2204314, 13.2462472], [80.22055, 13.2462256], [80.2205696, 13.2460839], [80.220274, 13.2460415], [80.2202628, 13.2459806], [80.2202603, 13.2459366], [80.2202823, 13.2459104]]}}, {"type": "Feature", "properties": {"osm_id": 1287747997, "highway": "path", "name": null, "source": "osm_overpass"}, "geometry": {"type": "LineString", "coordinates": [[80.220274, 13.2460415], [80.2202814, 13.2461228], [80.2203121, 13.2461851], [80.2202784, 13.2462633]]}}, {"type": "Feature", "properties": {"osm_id": 1287747998, "highway": "path", "name": null, "source": "osm_overpass"}, "geometry": {"type": "LineString", "coordinates": [[80.2197338, 13.2461998], [80.2198983, 13.2462515], [80.2200081, 13.2462739], [80.2200881, 13.2462834]]}}, {"type": "Feature", "properties": {"osm_id": 1287750715, "highway": "path", "name": null, "source": "osm_overpass"}, "geometry": {"type": "LineString", "coordinates": [[80.2158204, 13.2432414], [80.2157593, 13.2433488], [80.2157469, 13.2435417], [80.2157469, 13.2437157]]}}, {"type": "Feature", "properties": {"osm_id": 1287750717, "highway": "path", "name": null, "source": "osm_overpass"}, "geometry": {"type": "LineString", "coordinates": [[80.216066, 13.2432061], [80.2162483, 13.2431917], [80.216328, 13.2432078], [80.2164537, 13.2432333], [80.2164817, 13.2433099], [80.2165133, 13.2433593], [80.2165312, 13.2433874], [80.2166232, 13.2434408], [80.2167135, 13.2434787], [80.216779, 13.2433512]]}}, {"type": "Feature", "properties": {"osm_id": 1287751352, "highway": "path", "name": null, "source": "osm_overpass"}, "geometry": {"type": "LineString", "coordinates": [[80.2177534, 13.2444585], [80.2175244, 13.2445155], [80.2172205, 13.2445985], [80.217024, 13.2446563], [80.2167868, 13.2446707], [80.2166459, 13.2446599]]}}, {"type": "Feature", "properties": {"osm_id": 1287751353, "highway": "path", "name": null, "source": "osm_overpass"}, "geometry": {"type": "LineString", "coordinates": [[80.216779, 13.2433512], [80.2169492, 13.243324], [80.2169724, 13.2430979], [80.2169565, 13.2429669], [80.2166558, 13.2428836], [80.2166046, 13.2432206], [80.2165133, 13.2433593]]}}, {"type": "Feature", "properties": {"osm_id": 1287751354, "highway": "path", "name": null, "source": "osm_overpass"}, "geometry": {"type": "LineString", "coordinates": [[80.2166558, 13.2428836], [80.2163197, 13.2428864], [80.216328, 13.2432078]]}}, {"type": "Feature", "properties": {"osm_id": 1287751948, "highway": "path", "name": null, "source": "osm_overpass"}, "geometry": {"type": "LineString", "coordinates": [[80.2197539, 13.243962], [80.2200559, 13.2438033], [80.2201054, 13.2437516], [80.2202859, 13.2437206], [80.2202611, 13.2435759], [80.2202364, 13.2435345], [80.2202258, 13.2434002]]}}, {"type": "Feature", "properties": {"osm_id": 1287751949, "highway": "path", "name": null, "source": "osm_overpass"}, "geometry": {"type": "LineString", "coordinates": [[80.2200559, 13.2438033], [80.2201727, 13.2439273], [80.220247, 13.2441581], [80.2203072, 13.2442063], [80.2207672, 13.2442201], [80.2211424, 13.2442718], [80.2214999, 13.2443304], [80.2216344, 13.2443579], [80.2217193, 13.2444337], [80.2224165, 13.2445129], [80.2230925, 13.2444647]]}}, {"type": "Feature", "properties": {"osm_id": 1287752482, "highway": "path", "name": null, "source": "osm_overpass"}, "geometry": {"type": "LineString", "coordinates": [[80.2227672, 13.2479138], [80.2227475, 13.2471226]]}}, {"type": "Feature", "properties": {"osm_id": 1287765326, "highway": "path", "name": null, "source": "osm_overpass"}, "geometry": {"type": "LineString", "coordinates": [[80.2296938, 13.2371256], [80.2299971, 13.2370962], [80.2300157, 13.2370212], [80.2300741, 13.2369849], [80.2301558, 13.2369371]]}}, {"type": "Feature", "properties": {"osm_id": 1287778948, "highway": "path", "name": null, "source": "osm_overpass"}, "geometry": {"type": "LineString", "coordinates": [[80.2460389, 13.2168437], [80.2461026, 13.2162925], [80.2461368, 13.2162663], [80.2461723, 13.2162461], [80.2462995, 13.2162544], [80.2464217, 13.2160318], [80.2464682, 13.2157354], [80.2464672, 13.2154349], [80.2464264, 13.2151931], [80.2463708, 13.215139], [80.2463337, 13.2151282], [80.2461447, 13.2151246]]}}, {"type": "Feature", "properties": {"osm_id": 1287782397, "highway": "path", "name": null, "source": "osm_overpass"}, "geometry": {"type": "LineString", "coordinates": [[80.2490189, 13.2206447], [80.2490743, 13.2200437], [80.2493512, 13.2200655]]}}, {"type": "Feature", "properties": {"osm_id": 1287782400, "highway": "path", "name": null, "source": "osm_overpass"}, "geometry": {"type": "LineString", "coordinates": [[80.2486906, 13.2196455], [80.2482147, 13.2195186]]}}, {"type": "Feature", "properties": {"osm_id": 1287782401, "highway": "path", "name": null, "source": "osm_overpass"}, "geometry": {"type": "LineString", "coordinates": [[80.2487469, 13.2194393], [80.2483327, 13.219328]]}}, {"type": "Feature", "properties": {"osm_id": 1287782402, "highway": "path", "name": null, "source": "osm_overpass"}, "geometry": {"type": "LineString", "coordinates": [[80.2488032, 13.2192382], [80.2483515, 13.2191139]]}}, {"type": "Feature", "properties": {"osm_id": 1287782403, "highway": "path", "name": null, "source": "osm_overpass"}, "geometry": {"type": "LineString", "coordinates": [[80.2488649, 13.218998], [80.2484373, 13.218905]]}}, {"type": "Feature", "properties": {"osm_id": 1287782404, "highway": "path", "name": null, "source": "osm_overpass"}, "geometry": {"type": "LineString", "coordinates": [[80.2488649, 13.218998], [80.2493702, 13.2191399]]}}, {"type": "Feature", "properties": {"osm_id": 1287782405, "highway": "path", "name": null, "source": "osm_overpass"}, "geometry": {"type": "LineString", "coordinates": [[80.2488032, 13.2192382], [80.2493508, 13.2193387]]}}, {"type": "Feature", "properties": {"osm_id": 1287782406, "highway": "path", "name": null, "source": "osm_overpass"}, "geometry": {"type": "LineString", "coordinates": [[80.2477292, 13.2189912], [80.2477238, 13.2189233], [80.2476192, 13.218892], [80.2475924, 13.2186126]]}}, {"type": "Feature", "properties": {"osm_id": 1287782407, "highway": "path", "name": null, "source": "osm_overpass"}, "geometry": {"type": "LineString", "coordinates": [[80.2476192, 13.218892], [80.2470471, 13.2188842]]}}, {"type": "Feature", "properties": {"osm_id": 1287782408, "highway": "path", "name": null, "source": "osm_overpass"}, "geometry": {"type": "LineString", "coordinates": [[80.2479212, 13.220647], [80.2479061, 13.2204085]]}}, {"type": "Feature", "properties": {"osm_id": 1287784015, "highway": "path", "name": null, "source": "osm_overpass"}, "geometry": {"type": "LineString", "coordinates": [[80.2494094, 13.2218483], [80.2494157, 13.2215917], [80.2494741, 13.221335], [80.2495183, 13.2208388], [80.2493449, 13.2208406], [80.2493449, 13.22072], [80.2493197, 13.2206501]]}}, {"type": "Feature", "properties": {"osm_id": 1287784016, "highway": "path", "name": null, "source": "osm_overpass"}, "geometry": {"type": "LineString", "coordinates": [[80.2494094, 13.2218483], [80.2495006, 13.221761], [80.2497464, 13.2216413], [80.2499103, 13.221574], [80.250102, 13.2215804], [80.2504597, 13.2215901], [80.2504123, 13.2218632], [80.250315, 13.2220651], [80.2502899, 13.2221158]]}}, {"type": "Feature", "properties": {"osm_id": 1287784017, "highway": "path", "name": null, "source": "osm_overpass"}, "geometry": {"type": "LineString", "coordinates": [[80.2486425, 13.2217631], [80.2486611, 13.2219523], [80.2487059, 13.2220115], [80.2486958, 13.2221481], [80.2486924, 13.2221662], [80.2487068, 13.222227], [80.2486848, 13.2223043], [80.2486611, 13.2223471], [80.2486324, 13.2223775], [80.2485868, 13.2224787], [80.248539, 13.2226185], [80.248478, 13.2227141], [80.2485171, 13.2228101], [80.2485223, 13.2228587], [80.2486089, 13.2230081]]}}, {"type": "Feature", "properties": {"osm_id": 1287784018, "highway": "path", "name": null, "source": "osm_overpass"}, "geometry": {"type": "LineString", "coordinates": [[80.248478, 13.2227141], [80.248416, 13.2227548], [80.2483204, 13.2228358], [80.2483009, 13.222884]]}}, {"type": "Feature", "properties": {"osm_id": 1287784019, "highway": "path", "name": null, "source": "osm_overpass"}, "geometry": {"type": "LineString", "coordinates": [[80.2486848, 13.2223043], [80.2487501, 13.2223639]]}}, {"type": "Feature", "properties": {"osm_id": 1287784020, "highway": "path", "name": null, "source": "osm_overpass"}, "geometry": {"type": "LineString", "coordinates": [[80.2486324, 13.2223775], [80.2488088, 13.2225555], [80.2491628, 13.2228401]]}}, {"type": "Feature", "properties": {"osm_id": 1287784021, "highway": "path", "name": null, "source": "osm_overpass"}, "geometry": {"type": "LineString", "coordinates": [[80.2487539, 13.2217792], [80.2488202, 13.2215654], [80.2488281, 13.2214911], [80.2487622, 13.2213731]]}}, {"type": "Feature", "properties": {"osm_id": 1287788188, "highway": "path", "name": null, "source": "osm_overpass"}, "geometry": {"type": "LineString", "coordinates": [[80.2499103, 13.221574], [80.2498745, 13.2212225], [80.2498135, 13.2212034]]}}, {"type": "Feature", "properties": {"osm_id": 1287788189, "highway": "path", "name": null, "source": "osm_overpass"}, "geometry": {"type": "LineString", "coordinates": [[80.250102, 13.2215804], [80.2501409, 13.2214152], [80.2502081, 13.2213394], [80.2502081, 13.2211637]]}}, {"type": "Feature", "properties": {"osm_id": 1287790144, "highway": "path", "name": null, "source": "osm_overpass"}, "geometry": {"type": "LineString", "coordinates": [[80.2515815, 13.2206073], [80.251645, 13.2202366], [80.2516523, 13.2201128], [80.2516918, 13.2200658], [80.2518336, 13.2200245]]}}, {"type": "Feature", "properties": {"osm_id": 1287790145, "highway": "path", "name": null, "source": "osm_overpass"}, "geometry": {"type": "LineString", "coordinates": [[80.2516918, 13.2200658], [80.2517634, 13.2198978]]}}, {"type": "Feature", "properties": {"osm_id": 1287790146, "highway": "path", "name": null, "source": "osm_overpass"}, "geometry": {"type": "LineString", "coordinates": [[80.2516523, 13.2201128], [80.2513672, 13.2200373]]}}, {"type": "Feature", "properties": {"osm_id": 1287790147, "highway": "path", "name": null, "source": "osm_overpass"}, "geometry": {"type": "LineString", "coordinates": [[80.2513672, 13.2200373], [80.2513319, 13.2200135], [80.25106, 13.2199907], [80.2510249, 13.2199665], [80.2509693, 13.219958]]}}, {"type": "Feature", "properties": {"osm_id": 1287790148, "highway": "path", "name": null, "source": "osm_overpass"}, "geometry": {"type": "LineString", "coordinates": [[80.2507212, 13.2189895], [80.2507839, 13.2188975], [80.2508421, 13.2185486], [80.2507961, 13.2184532], [80.2507559, 13.2184523], [80.2506644, 13.2184502]]}}, {"type": "Feature", "properties": {"osm_id": 1287790649, "highway": "path", "name": null, "source": "osm_overpass"}, "geometry": {"type": "LineString", "coordinates": [[80.2510018, 13.2188531], [80.2510476, 13.2191844]]}}, {"type": "Feature", "properties": {"osm_id": 1287790650, "highway": "path", "name": null, "source": "osm_overpass"}, "geometry": {"type": "LineString", "coordinates": [[80.2510321, 13.2193634], [80.2510089, 13.2194679], [80.2510105, 13.219574], [80.251046, 13.2196341], [80.251041, 13.2196665], [80.251036, 13.2196988]]}}, {"type": "Feature", "properties": {"osm_id": 1287932192, "highway": "path", "name": null, "source": "osm_overpass"}, "geometry": {"type": "LineString", "coordinates": [[80.2263854, 13.2271623], [80.2264166, 13.2273318], [80.2264293, 13.2274333], [80.2264303, 13.2275068], [80.2264213, 13.2275531], [80.2264166, 13.227608], [80.2263969, 13.2276453], [80.2264032, 13.2276856], [80.2264387, 13.2277914], [80.2264447, 13.2279102], [80.2264528, 13.2280159], [80.2264803, 13.2281374], [80.2264894, 13.2281773], [80.2264913, 13.2282035], [80.2265306, 13.2282986], [80.2265353, 13.228358], [80.2265494, 13.2283991], [80.2265463, 13.2284377], [80.2265634, 13.2285016], [80.2266496, 13.2286563], [80.226672, 13.2287593], [80.2266975, 13.2288371], [80.2266982, 13.2288985], [80.2266054, 13.2290694], [80.2266032, 13.2291275], [80.226658, 13.2292053], [80.2267016, 13.2292823], [80.2267218, 13.2293449], [80.2267702, 13.2293667], [80.2268223, 13.2293645], [80.226948, 13.2293339], [80.2270613, 13.2293065]]}}, {"type": "Feature", "properties": {"osm_id": 1287932195, "highway": "path", "name": null, "source": "osm_overpass"}, "geometry": {"type": "LineString", "coordinates": [[80.2233015, 13.2248932], [80.2226757, 13.2248818]]}}, {"type": "Feature", "properties": {"osm_id": 1287932196, "highway": "path", "name": null, "source": "osm_overpass"}, "geometry": {"type": "LineString", "coordinates": [[80.223288, 13.2246115], [80.2230999, 13.2246994], [80.2228372, 13.2246938], [80.2227892, 13.2247218]]}}, {"type": "Feature", "properties": {"osm_id": 1287947329, "highway": "path", "name": null, "source": "osm_overpass"}, "geometry": {"type": "LineString", "coordinates": [[80.2327799, 13.2493335], [80.2327921, 13.2491098], [80.2327492, 13.2489301], [80.2327664, 13.248596], [80.2327878, 13.2484498], [80.2338264, 13.2484832], [80.234071, 13.2484748], [80.2340581, 13.2485333], [80.2341225, 13.2487004], [80.2341955, 13.2488341], [80.2342899, 13.2489761], [80.234307, 13.2491891], [80.2342427, 13.2493479], [80.2342427, 13.2494815], [80.2343714, 13.2495317], [80.2349817, 13.2496963], [80.2350011, 13.2497015], [80.2350955, 13.249618], [80.235117, 13.2495553], [80.2352329, 13.2496054], [80.2352797, 13.2495986], [80.2353187, 13.2495929], [80.2354002, 13.2495386], [80.2354155, 13.249523], [80.235444, 13.2494941], [80.2354947, 13.2494425], [80.2356234, 13.2492796]]}}, {"type": "Feature", "properties": {"osm_id": 1287947332, "highway": "path", "name": null, "source": "osm_overpass"}, "geometry": {"type": "LineString", "coordinates": [[80.2368143, 13.2454247], [80.2369302, 13.2454163], [80.2370031, 13.2454247], [80.2370236, 13.2455786], [80.2370332, 13.2456503], [80.2371018, 13.2458383], [80.2371248, 13.2458878], [80.2372005, 13.2460513], [80.237295, 13.2463771], [80.2373593, 13.24657], [80.2373815, 13.2466963], [80.2373894, 13.2467412], [80.2373808, 13.2469208], [80.2373664, 13.2469552], [80.2373336, 13.2470336], [80.2373636, 13.2473428], [80.237398, 13.2477981], [80.2374189, 13.248134], [80.2374214, 13.2482415], [80.2374232, 13.2483178], [80.2374081, 13.2483763], [80.237406, 13.2484097], [80.2373545, 13.2484285], [80.2371785, 13.248441], [80.2366335, 13.2484661], [80.2366056, 13.2485037], [80.23664, 13.2487836], [80.23664, 13.2488818], [80.2366485, 13.2489817], [80.2366485, 13.249011], [80.2364297, 13.2490256], [80.2362923, 13.2490444], [80.2357213, 13.2491718], [80.2356234, 13.2492796]]}}, {"type": "Feature", "properties": {"osm_id": 1287947336, "highway": "path", "name": null, "source": "osm_overpass"}, "geometry": {"type": "LineString", "coordinates": [[80.23639, 13.2457796], [80.2364125, 13.24579], [80.2364586, 13.2458892], [80.2365294, 13.2459226], [80.2366153, 13.2459581], [80.2367097, 13.2460051], [80.2367912, 13.2460177], [80.2368502, 13.2460385], [80.2368599, 13.2461075], [80.2368856, 13.2463174], [80.2368814, 13.2463728], [80.2367751, 13.2463926], [80.2367708, 13.2464991], [80.2368095, 13.2465409], [80.2368417, 13.2465733], [80.2368502, 13.2466224], [80.2368535, 13.2466746], [80.2368288, 13.2467289], [80.2368191, 13.2467718]]}}, {"type": "Feature", "properties": {"osm_id": 1287947337, "highway": "path", "name": null, "source": "osm_overpass"}, "geometry": {"type": "LineString", "coordinates": [[80.2367708, 13.2464991], [80.2367097, 13.2465828], [80.2366292, 13.2466726], [80.2365026, 13.2468042]]}}, {"type": "Feature", "properties": {"osm_id": 1287947338, "highway": "path", "name": null, "source": "osm_overpass"}, "geometry": {"type": "LineString", "coordinates": [[80.23677, 13.2454369], [80.2368204, 13.2454837], [80.2368639, 13.2455241], [80.2370236, 13.2455786]]}}, {"type": "Feature", "properties": {"osm_id": 1287947339, "highway": "path", "name": null, "source": "osm_overpass"}, "geometry": {"type": "LineString", "coordinates": [[80.2370236, 13.2455786], [80.2383394, 13.2462656]]}}, {"type": "Feature", "properties": {"osm_id": 1287947340, "highway": "path", "name": null, "source": "osm_overpass"}, "geometry": {"type": "LineString", "coordinates": [[80.2338424, 13.2468843], [80.2340076, 13.2468781], [80.2341278, 13.246876], [80.2342093, 13.2469073], [80.2342994, 13.2468802], [80.2344303, 13.2468614], [80.23472, 13.246853], [80.2348402, 13.24683], [80.2350719, 13.2468238], [80.2352221, 13.2468321], [80.2353809, 13.2468112], [80.2354545, 13.2467945], [80.2355832, 13.2467173], [80.2356647, 13.2466755], [80.2357119, 13.2466567], [80.2358128, 13.2466713], [80.2359265, 13.2467277], [80.2360209, 13.2467528], [80.2360531, 13.2467528], [80.2362741, 13.2468196], [80.2365026, 13.2468042]]}}, {"type": "Feature", "properties": {"osm_id": 1287947341, "highway": "path", "name": null, "source": "osm_overpass"}, "geometry": {"type": "LineString", "coordinates": [[80.2361733, 13.2459759], [80.2362527, 13.2460113], [80.2362548, 13.2460698], [80.2360703, 13.2461199], [80.2360445, 13.2461575], [80.2360917, 13.2463121], [80.2360724, 13.2464102], [80.2360832, 13.2465815], [80.2360531, 13.2467528]]}}, {"type": "Feature", "properties": {"osm_id": 1287947342, "highway": "path", "name": null, "source": "osm_overpass"}, "geometry": {"type": "LineString", "coordinates": [[80.2368204, 13.2454837], [80.2367634, 13.2455915], [80.236772, 13.2457084], [80.236875, 13.2457815], [80.236935, 13.2457941], [80.2369844, 13.245817], [80.2371248, 13.2458878]]}}, {"type": "Feature", "properties": {"osm_id": 1287947347, "highway": "path", "name": null, "source": "osm_overpass"}, "geometry": {"type": "LineString", "coordinates": [[80.2343957, 13.2452544], [80.2343163, 13.2452607], [80.2341188, 13.2452252], [80.2340094, 13.2452273], [80.2338506, 13.2452524]]}}, {"type": "Feature", "properties": {"osm_id": 1287947348, "highway": "path", "name": null, "source": "osm_overpass"}, "geometry": {"type": "LineString", "coordinates": [[80.2341188, 13.2452252], [80.2341167, 13.2450748], [80.2340974, 13.2449704], [80.2341017, 13.244868], [80.2341296, 13.2448221]]}}, {"type": "Feature", "properties": {"osm_id": 1287947358, "highway": "path", "name": null, "source": "osm_overpass"}, "geometry": {"type": "LineString", "coordinates": [[80.2344225, 13.2460855], [80.2346196, 13.2460739], [80.2349908, 13.2460592], [80.2351711, 13.2460384], [80.2351872, 13.2460402], [80.2352827, 13.2460509], [80.2355402, 13.2460843], [80.2356732, 13.2460885], [80.2357912, 13.2460613], [80.2358921, 13.2460822], [80.2360058, 13.2460384], [80.236093, 13.2460519]]}}, {"type": "Feature", "properties": {"osm_id": 1287947360, "highway": "path", "name": null, "source": "osm_overpass"}, "geometry": {"type": "LineString", "coordinates": [[80.2351657, 13.2452381], [80.2351271, 13.2451065], [80.2350863, 13.2450752], [80.2349554, 13.2450689], [80.2348138, 13.2450501], [80.234713, 13.244977], [80.2346679, 13.2449186], [80.2346851, 13.2448183]]}}, {"type": "Feature", "properties": {"osm_id": 1287947362, "highway": "path", "name": null, "source": "osm_overpass"}, "geometry": {"type": "LineString", "coordinates": [[80.2373815, 13.2466963], [80.2370744, 13.2466898], [80.2368191, 13.2467718], [80.2365026, 13.2468042]]}}, {"type": "Feature", "properties": {"osm_id": 1287947363, "highway": "path", "name": null, "source": "osm_overpass"}, "geometry": {"type": "LineString", "coordinates": [[80.2351629, 13.2454622], [80.2351759, 13.2455963], [80.2351609, 13.2457864], [80.2351872, 13.2460402]]}}, {"type": "Feature", "properties": {"osm_id": 1287947366, "highway": "path", "name": null, "source": "osm_overpass"}, "geometry": {"type": "LineString", "coordinates": [[80.2342427, 13.2493479], [80.2341304, 13.249322], [80.2341068, 13.249251], [80.2340596, 13.2491674], [80.2338943, 13.2490818], [80.2337677, 13.2490003]]}}, {"type": "Feature", "properties": {"osm_id": 1287947367, "highway": "path", "name": null, "source": "osm_overpass"}, "geometry": {"type": "LineString", "coordinates": [[80.2370031, 13.2454247], [80.236988, 13.2453201], [80.2369837, 13.2452219], [80.237003, 13.2451635], [80.2370846, 13.245153], [80.2373485, 13.2450757], [80.2374687, 13.2450444], [80.2375245, 13.2449629], [80.2376296, 13.2449191], [80.2376961, 13.2449128], [80.2378313, 13.2449316], [80.2379107, 13.24494], [80.2380818, 13.2448922]]}}, {"type": "Feature", "properties": {"osm_id": 1287947368, "highway": "path", "name": null, "source": "osm_overpass"}, "geometry": {"type": "LineString", "coordinates": [[80.2362912, 13.244822], [80.2363448, 13.2449034], [80.2364457, 13.2449577], [80.2365723, 13.244964], [80.2366688, 13.2450162], [80.2366924, 13.2450622], [80.236716, 13.2452439], [80.2366796, 13.2452877], [80.2366517, 13.2454089], [80.2366202, 13.2454782]]}}, {"type": "Feature", "properties": {"osm_id": 1287947369, "highway": "path", "name": null, "source": "osm_overpass"}, "geometry": {"type": "LineString", "coordinates": [[80.234071, 13.2484748], [80.2342345, 13.2484844], [80.2344319, 13.2485179], [80.2345992, 13.2485179], [80.2349812, 13.2484636], [80.2352859, 13.248451], [80.235401, 13.248457], [80.2357665, 13.2484761], [80.2362028, 13.2484547], [80.2362772, 13.248451], [80.2366056, 13.2485037]]}}, {"type": "Feature", "properties": {"osm_id": 1287947370, "highway": "path", "name": null, "source": "osm_overpass"}, "geometry": {"type": "LineString", "coordinates": [[80.2354545, 13.2467945], [80.235406, 13.2472312], [80.235346, 13.2475613], [80.2353803, 13.247649], [80.2354318, 13.2476699], [80.2354146, 13.2479999], [80.235401, 13.248457]]}}, {"type": "Feature", "properties": {"osm_id": 1287947371, "highway": "path", "name": null, "source": "osm_overpass"}, "geometry": {"type": "LineString", "coordinates": [[80.2348402, 13.24683], [80.234831, 13.2469597], [80.2348696, 13.2473064], [80.234934, 13.2477994], [80.2349812, 13.2484636]]}}, {"type": "Feature", "properties": {"osm_id": 1287947372, "highway": "path", "name": null, "source": "osm_overpass"}, "geometry": {"type": "LineString", "coordinates": [[80.2373664, 13.2469552], [80.2369547, 13.2469456], [80.2365556, 13.2469916], [80.236296, 13.2471085], [80.2361029, 13.2472715], [80.2360428, 13.2473404], [80.2360814, 13.2477268], [80.2361394, 13.2481717], [80.2362028, 13.2484547]]}}, {"type": "Feature", "properties": {"osm_id": 1287947373, "highway": "path", "name": null, "source": "osm_overpass"}, "geometry": {"type": "LineString", "coordinates": [[80.2349812, 13.2484636], [80.2350198, 13.2487262], [80.235037, 13.2491314], [80.235117, 13.2495553]]}}, {"type": "Feature", "properties": {"osm_id": 1287947374, "highway": "path", "name": null, "source": "osm_overpass"}, "geometry": {"type": "LineString", "coordinates": [[80.2351003, 13.2503872], [80.2351389, 13.250371], [80.2351496, 13.2503251], [80.2351389, 13.2500139], [80.2351432, 13.2499032], [80.2350831, 13.2498572], [80.2350016, 13.2497841], [80.2349817, 13.2496963]]}}, {"type": "Feature", "properties": {"osm_id": 1287947375, "highway": "path", "name": null, "source": "osm_overpass"}, "geometry": {"type": "LineString", "coordinates": [[80.235444, 13.2494941], [80.2355573, 13.2495189], [80.2356625, 13.2495126], [80.2357848, 13.2494854]]}}, {"type": "Feature", "properties": {"osm_id": 1287947376, "highway": "path", "name": null, "source": "osm_overpass"}, "geometry": {"type": "LineString", "coordinates": [[80.2354155, 13.249523], [80.2355058, 13.2495606], [80.235538, 13.2497047]]}}, {"type": "Feature", "properties": {"osm_id": 1287947377, "highway": "path", "name": null, "source": "osm_overpass"}, "geometry": {"type": "LineString", "coordinates": [[80.2352797, 13.2495986], [80.2353363, 13.2495001], [80.2353363, 13.2494457], [80.2353685, 13.2493142]]}}, {"type": "Feature", "properties": {"osm_id": 1287947378, "highway": "path", "name": null, "source": "osm_overpass"}, "geometry": {"type": "LineString", "coordinates": [[80.2374214, 13.2482415], [80.2376162, 13.2482166], [80.2378865, 13.2482542], [80.2383715, 13.2482124]]}}, {"type": "Feature", "properties": {"osm_id": 1287951718, "highway": "path", "name": null, "source": "osm_overpass"}, "geometry": {"type": "LineString", "coordinates": [[80.2353274, 13.2435099], [80.2352799, 13.2436293], [80.2351562, 13.2437398], [80.2350374, 13.2438287]]}}, {"type": "Feature", "properties": {"osm_id": 1287951719, "highway": "path", "name": null, "source": "osm_overpass"}, "geometry": {"type": "LineString", "coordinates": [[80.2352799, 13.2436293], [80.2352723, 13.2437546], [80.2352622, 13.2438209]]}}, {"type": "Feature", "properties": {"osm_id": 1287951720, "highway": "path", "name": null, "source": "osm_overpass"}, "geometry": {"type": "LineString", "coordinates": [[80.2349679, 13.2443523], [80.2350906, 13.2443564], [80.2353202, 13.2442974], [80.2354414, 13.2442115]]}}, {"type": "Feature", "properties": {"osm_id": 1287951721, "highway": "path", "name": null, "source": "osm_overpass"}, "geometry": {"type": "LineString", "coordinates": [[80.2346851, 13.2448183], [80.2347398, 13.2447151], [80.2347348, 13.2446463]]}}, {"type": "Feature", "properties": {"osm_id": 1287951725, "highway": "path", "name": null, "source": "osm_overpass"}, "geometry": {"type": "LineString", "coordinates": [[80.2386401, 13.2448985], [80.238689, 13.2448431], [80.2388634, 13.2448987], [80.2390421, 13.2449614], [80.239188, 13.2449822], [80.2392352, 13.2450003], [80.2392552, 13.2449961], [80.2392723, 13.2449906], [80.2392938, 13.2449655], [80.2393009, 13.2449015], [80.2393013, 13.2448817], [80.2393024, 13.2448278], [80.2393081, 13.2446691], [80.2393295, 13.2445021], [80.2393238, 13.2439914], [80.2393152, 13.2438606], [80.2393395, 13.243395], [80.239351, 13.2429293], [80.2393695, 13.2429182], [80.2395085, 13.2429006], [80.2396672, 13.2429229], [80.2397173, 13.2429271], [80.2398202, 13.2429521], [80.2399746, 13.2430676], [80.2400447, 13.2430704], [80.2401004, 13.2430802], [80.2403373, 13.2430746], [80.2403563, 13.243077], [80.2403702, 13.2430788], [80.2404417, 13.2431066], [80.2405931, 13.2431261], [80.240694, 13.2431386], [80.2408549, 13.243183], [80.2410547, 13.2432352], [80.2411151, 13.2432515], [80.2411661, 13.2432653], [80.2412036, 13.2433149], [80.2412438, 13.2433671], [80.2412948, 13.2434154], [80.2413645, 13.2435042], [80.2414303, 13.2436151], [80.2414906, 13.2437117], [80.2415456, 13.2437574], [80.2416301, 13.2437731], [80.2417253, 13.2438109], [80.241787, 13.2438449], [80.2418366, 13.2438814], [80.2418634, 13.243931], [80.2418661, 13.2439924], [80.2418567, 13.2440981], [80.2417897, 13.2443331], [80.2417441, 13.2443918], [80.2416824, 13.2445106], [80.2416247, 13.2445798], [80.241559, 13.2446608], [80.2414463, 13.2447639], [80.2414303, 13.24479], [80.2413404, 13.2448487], [80.2412747, 13.2449166], [80.241209, 13.2450054]]}}, {"type": "Feature", "properties": {"osm_id": 1287951726, "highway": "path", "name": null, "source": "osm_overpass"}, "geometry": {"type": "LineString", "coordinates": [[80.2405073, 13.2426404], [80.2404859, 13.2426975], [80.2404626, 13.2427209], [80.2403501, 13.2428338], [80.2403563, 13.243077]]}}, {"type": "Feature", "properties": {"osm_id": 1287951727, "highway": "path", "name": null, "source": "osm_overpass"}, "geometry": {"type": "LineString", "coordinates": [[80.2404626, 13.2427209], [80.2404687, 13.2427754], [80.2405102, 13.2429285], [80.2405946, 13.2429897], [80.2406685, 13.2430003], [80.2407235, 13.2430459], [80.2407718, 13.243076], [80.2408911, 13.2431164], [80.2409662, 13.243153], [80.2410266, 13.2431804], [80.2410789, 13.2432091], [80.2411084, 13.2432339], [80.2411151, 13.2432515]]}}, {"type": "Feature", "properties": {"osm_id": 1287951728, "highway": "path", "name": null, "source": "osm_overpass"}, "geometry": {"type": "LineString", "coordinates": [[80.2393013, 13.2448817], [80.2394819, 13.2449238], [80.2399909, 13.2449711], [80.2402797, 13.2450657], [80.2404484, 13.2451075], [80.2405885, 13.2452021], [80.2406524, 13.2452913], [80.2407168, 13.2453866], [80.2407879, 13.2454923], [80.2408563, 13.2455628], [80.2409092, 13.2455857], [80.2409709, 13.2456007], [80.2410219, 13.2455961], [80.2410889, 13.2455798], [80.2411647, 13.245587], [80.2412123, 13.2455961], [80.2413558, 13.2456137], [80.2414557, 13.2456268], [80.2415355, 13.2456627], [80.2416247, 13.2457005], [80.241783, 13.2457619], [80.2418567, 13.2457697], [80.2421169, 13.2457769]]}}, {"type": "Feature", "properties": {"osm_id": 1287951729, "highway": "path", "name": null, "source": "osm_overpass"}, "geometry": {"type": "LineString", "coordinates": [[80.2401234, 13.245937], [80.2401796, 13.2458812], [80.2402797, 13.2458478], [80.2403712, 13.2458116], [80.2404055, 13.2457476], [80.2405141, 13.2457393], [80.240577, 13.2457393]]}}, {"type": "Feature", "properties": {"osm_id": 1287951730, "highway": "path", "name": null, "source": "osm_overpass"}, "geometry": {"type": "LineString", "coordinates": [[80.2401796, 13.2458812], [80.2401853, 13.2457866], [80.2402082, 13.2456752], [80.2402396, 13.2456279], [80.2402196, 13.2455166]]}}, {"type": "Feature", "properties": {"osm_id": 1287951731, "highway": "path", "name": null, "source": "osm_overpass"}, "geometry": {"type": "LineString", "coordinates": [[80.2402687, 13.2461119], [80.2404369, 13.2461651], [80.2405341, 13.2462208], [80.2405942, 13.2463126], [80.2406209, 13.2463369], [80.2406792, 13.2463702], [80.2407295, 13.2463905], [80.2407677, 13.2463931], [80.2407899, 13.2464172], [80.2408147, 13.2464322], [80.240865, 13.2464309], [80.2409066, 13.2464133], [80.2409642, 13.2464153], [80.2410259, 13.2464277], [80.2410728, 13.2464407]]}}, {"type": "Feature", "properties": {"osm_id": 1287951732, "highway": "path", "name": null, "source": "osm_overpass"}, "geometry": {"type": "LineString", "coordinates": [[80.2399558, 13.2458894], [80.2399415, 13.2459784], [80.2399365, 13.2460265], [80.239963, 13.2460821], [80.2399995, 13.2461009], [80.2400073, 13.2461301], [80.2400102, 13.2461754], [80.2400581, 13.2464752], [80.2400695, 13.2465197], [80.2401481, 13.2465907], [80.2401996, 13.2466533], [80.2402268, 13.2467145], [80.2402697, 13.246805], [80.2403715, 13.2468704], [80.240443, 13.2468718], [80.2405874, 13.2469094], [80.2406457, 13.2469427], [80.2407403, 13.2469975], [80.2407748, 13.2470132], [80.2408019, 13.2470255], [80.2408938, 13.247051], [80.2410219, 13.2470986], [80.2411788, 13.2471496]]}}, {"type": "Feature", "properties": {"osm_id": 1287951733, "highway": "path", "name": null, "source": "osm_overpass"}, "geometry": {"type": "LineString", "coordinates": [[80.2383449, 13.2467632], [80.2384707, 13.2467744], [80.2385279, 13.2467326], [80.2386623, 13.246677], [80.2387481, 13.246663], [80.2388081, 13.2466714], [80.2389768, 13.2466797], [80.2390312, 13.2467131], [80.2392971, 13.2468106], [80.2396173, 13.2468913], [80.2398861, 13.2468885], [80.2401749, 13.2468356], [80.2402697, 13.246805]]}}, {"type": "Feature", "properties": {"osm_id": 1287951734, "highway": "path", "name": null, "source": "osm_overpass"}, "geometry": {"type": "LineString", "coordinates": [[80.2386932, 13.2452877], [80.2387109, 13.2454829], [80.2387624, 13.2455748], [80.238871, 13.2456722], [80.2390054, 13.2459088], [80.2390283, 13.2459672], [80.2390683, 13.2460201], [80.2391141, 13.2460869], [80.2392685, 13.2460563], [80.2393714, 13.2460285], [80.2394086, 13.2460201], [80.2394972, 13.2460173], [80.2397031, 13.2460563], [80.2398518, 13.2460786], [80.239963, 13.2460821]]}}, {"type": "Feature", "properties": {"osm_id": 1287951735, "highway": "path", "name": null, "source": "osm_overpass"}, "geometry": {"type": "LineString", "coordinates": [[80.2391007, 13.2453837], [80.2390741, 13.2455998], [80.2390683, 13.2460201]]}}, {"type": "Feature", "properties": {"osm_id": 1287951736, "highway": "path", "name": null, "source": "osm_overpass"}, "geometry": {"type": "LineString", "coordinates": [[80.2394494, 13.2454285], [80.2393829, 13.2457529], [80.2393714, 13.2460285]]}}, {"type": "Feature", "properties": {"osm_id": 1287951737, "highway": "path", "name": null, "source": "osm_overpass"}, "geometry": {"type": "LineString", "coordinates": [[80.2400695, 13.2465197], [80.2400262, 13.2465545], [80.2398632, 13.2465795], [80.2394686, 13.2465378], [80.2390912, 13.2465378], [80.2390397, 13.2464459], [80.2390226, 13.2464042], [80.238831, 13.2464292], [80.2388167, 13.2465294], [80.2387481, 13.246663]]}}, {"type": "Feature", "properties": {"osm_id": 1287951738, "highway": "path", "name": null, "source": "osm_overpass"}, "geometry": {"type": "LineString", "coordinates": [[80.2383394, 13.2462656], [80.2384221, 13.2462678], [80.2385851, 13.2462316], [80.2387767, 13.2462177], [80.2388134, 13.2462053], [80.2388425, 13.2461954], [80.2388968, 13.2461426], [80.2390283, 13.2459672]]}}, {"type": "Feature", "properties": {"osm_id": 1287951739, "highway": "path", "name": null, "source": "osm_overpass"}, "geometry": {"type": "LineString", "coordinates": [[80.2388134, 13.2462053], [80.238831, 13.2464292]]}}, {"type": "Feature", "properties": {"osm_id": 1287951740, "highway": "path", "name": null, "source": "osm_overpass"}, "geometry": {"type": "LineString", "coordinates": [[80.2394494, 13.2454285], [80.2395787, 13.2452992], [80.239613, 13.2452575]]}}, {"type": "Feature", "properties": {"osm_id": 1287951741, "highway": "path", "name": null, "source": "osm_overpass"}, "geometry": {"type": "LineString", "coordinates": [[80.2393013, 13.2448817], [80.2393643, 13.2449847], [80.2394158, 13.2450627], [80.2394329, 13.2451601], [80.239493, 13.2452269], [80.239613, 13.2452575]]}}, {"type": "Feature", "properties": {"osm_id": 1287951742, "highway": "path", "name": null, "source": "osm_overpass"}, "geometry": {"type": "LineString", "coordinates": [[80.238689, 13.2448431], [80.238683, 13.2446744], [80.2387259, 13.2445631], [80.2387088, 13.2443877], [80.2387545, 13.2438199], [80.238806, 13.2433857], [80.2388632, 13.2432736], [80.2388689, 13.2431261], [80.2388689, 13.2430036], [80.238806, 13.2429786], [80.2386973, 13.2429285], [80.2386802, 13.2428839], [80.2387231, 13.242806], [80.2387831, 13.2427281], [80.2387974, 13.2426112]]}}, {"type": "Feature", "properties": {"osm_id": 1287951743, "highway": "path", "name": null, "source": "osm_overpass"}, "geometry": {"type": "LineString", "coordinates": [[80.2388689, 13.2430036], [80.238969, 13.2430008], [80.2392492, 13.2429702], [80.2393695, 13.2429182]]}}, {"type": "Feature", "properties": {"osm_id": 1287951744, "highway": "path", "name": null, "source": "osm_overpass"}, "geometry": {"type": "LineString", "coordinates": [[80.2370046, 13.2426334], [80.2369999, 13.2428811], [80.2369989, 13.2429368], [80.2370504, 13.2432485], [80.2370675, 13.2435686], [80.2370496, 13.2437996]]}}, {"type": "Feature", "properties": {"osm_id": 1287951745, "highway": "path", "name": null, "source": "osm_overpass"}, "geometry": {"type": "LineString", "coordinates": [[80.2369999, 13.2428811], [80.2372419, 13.2428784], [80.2374878, 13.242845], [80.2376108, 13.2428255], [80.2380054, 13.2428338], [80.2384057, 13.2428784], [80.2383857, 13.2429452], [80.2385258, 13.2429786], [80.2386116, 13.2429813], [80.238806, 13.2429786]]}}, {"type": "Feature", "properties": {"osm_id": 1287951746, "highway": "path", "name": null, "source": "osm_overpass"}, "geometry": {"type": "LineString", "coordinates": [[80.2375627, 13.2440545], [80.2376165, 13.2438664], [80.2376136, 13.2437412], [80.2376136, 13.2436688], [80.2375936, 13.2435714], [80.237565, 13.2432597], [80.2375479, 13.2430788], [80.2375479, 13.2427782], [80.2375736, 13.2426446]]}}, {"type": "Feature", "properties": {"osm_id": 1287951747, "highway": "path", "name": null, "source": "osm_overpass"}, "geometry": {"type": "LineString", "coordinates": [[80.2351993, 13.2426589], [80.2353176, 13.2427448], [80.2354122, 13.2427807], [80.2354348, 13.2427893], [80.2355409, 13.2429578], [80.2355749, 13.243012], [80.2357379, 13.2432458], [80.2357722, 13.2433098]]}}, {"type": "Feature", "properties": {"osm_id": 1287951748, "highway": "path", "name": null, "source": "osm_overpass"}, "geometry": {"type": "LineString", "coordinates": [[80.2351107, 13.2431415], [80.2353319, 13.2430509], [80.2354491, 13.2429813], [80.2355409, 13.2429578]]}}, {"type": "Feature", "properties": {"osm_id": 1287951749, "highway": "path", "name": null, "source": "osm_overpass"}, "geometry": {"type": "LineString", "coordinates": [[80.2354122, 13.2427807], [80.2355606, 13.2427392], [80.2357865, 13.2427281], [80.2360324, 13.2427503], [80.2362383, 13.2427726], [80.2364213, 13.2426947], [80.2365671, 13.2426167]]}}, {"type": "Feature", "properties": {"osm_id": 1287951750, "highway": "path", "name": null, "source": "osm_overpass"}, "geometry": {"type": "LineString", "coordinates": [[80.2367215, 13.2426223], [80.2366758, 13.2427308], [80.2365963, 13.2427871], [80.2365185, 13.2428422], [80.2362783, 13.2428839], [80.2362131, 13.2429157], [80.2361296, 13.2429563], [80.235858, 13.243204], [80.2357722, 13.2433098]]}}, {"type": "Feature", "properties": {"osm_id": 1287951751, "highway": "path", "name": null, "source": "osm_overpass"}, "geometry": {"type": "LineString", "coordinates": [[80.2362131, 13.2429157], [80.2362926, 13.2430287], [80.2363069, 13.2431344]]}}, {"type": "Feature", "properties": {"osm_id": 1287951752, "highway": "path", "name": null, "source": "osm_overpass"}, "geometry": {"type": "LineString", "coordinates": [[80.2348992, 13.2444299], [80.2353383, 13.2444043], [80.2356814, 13.2444043], [80.2360773, 13.2443933], [80.2361733, 13.2444321], [80.2362567, 13.244429], [80.2363219, 13.2444266], [80.2367966, 13.2444377], [80.2370997, 13.2444377], [80.2371054, 13.2442707], [80.2371091, 13.2438757]]}}, {"type": "Feature", "properties": {"osm_id": 1287951753, "highway": "path", "name": null, "source": "osm_overpass"}, "geometry": {"type": "LineString", "coordinates": [[80.23384, 13.2433467], [80.2346235, 13.2434357], [80.2350761, 13.2434659]]}}, {"type": "Feature", "properties": {"osm_id": 1287951754, "highway": "path", "name": null, "source": "osm_overpass"}, "geometry": {"type": "LineString", "coordinates": [[80.2338572, 13.2444377], [80.2342232, 13.2444377], [80.2348992, 13.2444299]]}}, {"type": "Feature", "properties": {"osm_id": 1287951755, "highway": "path", "name": null, "source": "osm_overpass"}, "geometry": {"type": "LineString", "coordinates": [[80.2370997, 13.2444377], [80.2371383, 13.244819], [80.2370846, 13.245153]]}}, {"type": "Feature", "properties": {"osm_id": 1287951756, "highway": "path", "name": null, "source": "osm_overpass"}, "geometry": {"type": "LineString", "coordinates": [[80.2362912, 13.244822], [80.2362567, 13.244429]]}}, {"type": "Feature", "properties": {"osm_id": 1287951757, "highway": "path", "name": null, "source": "osm_overpass"}, "geometry": {"type": "LineString", "coordinates": [[80.2385258, 13.2429786], [80.2384321, 13.243554], [80.2379689, 13.2434148], [80.2379861, 13.2436152], [80.238009, 13.2438379], [80.2379207, 13.2441827]]}}, {"type": "Feature", "properties": {"osm_id": 1287951758, "highway": "path", "name": null, "source": "osm_overpass"}, "geometry": {"type": "LineString", "coordinates": [[80.2400447, 13.2430704], [80.2399819, 13.243348], [80.2399933, 13.243515], [80.2399991, 13.2437321], [80.2400105, 13.2443166], [80.2399909, 13.2449711]]}}, {"type": "Feature", "properties": {"osm_id": 1287951759, "highway": "path", "name": null, "source": "osm_overpass"}, "geometry": {"type": "LineString", "coordinates": [[80.2365963, 13.2427871], [80.2366551, 13.243149], [80.2367403, 13.2436824]]}}, {"type": "Feature", "properties": {"osm_id": 1287953136, "highway": "path", "name": null, "source": "osm_overpass"}, "geometry": {"type": "LineString", "coordinates": [[80.2405073, 13.2426404], [80.2405142, 13.242574], [80.240503, 13.2425295], [80.2404756, 13.2424195], [80.2404773, 13.2423635], [80.2404841, 13.2421417], [80.2405567, 13.242089], [80.2405936, 13.2420623]]}}, {"type": "Feature", "properties": {"osm_id": 1287953137, "highway": "path", "name": null, "source": "osm_overpass"}, "geometry": {"type": "LineString", "coordinates": [[80.2404773, 13.2423635], [80.2403318, 13.2422524], [80.2401923, 13.2422001], [80.2401361, 13.2421745], [80.240055, 13.2421375], [80.2399305, 13.2420289], [80.239864, 13.2419474]]}}, {"type": "Feature", "properties": {"osm_id": 1287953139, "highway": "path", "name": null, "source": "osm_overpass"}, "geometry": {"type": "LineString", "coordinates": [[80.2398613, 13.2419123], [80.2398351, 13.2419148], [80.2397647, 13.2419213], [80.2397239, 13.2419338], [80.2395844, 13.2418545], [80.2394493, 13.2417083], [80.2394231, 13.2416971], [80.2393806, 13.241679], [80.2392454, 13.2416769], [80.2390437, 13.2417145], [80.2389536, 13.2417688], [80.2389772, 13.2419276], [80.2390115, 13.2420947], [80.239018, 13.2422864], [80.2392154, 13.2423386], [80.2393892, 13.2423574], [80.239475, 13.2423574], [80.2395501, 13.242349], [80.2396081, 13.2421527], [80.2396467, 13.2421026], [80.2397261, 13.2420274], [80.2397647, 13.2419213]]}}, {"type": "Feature", "properties": {"osm_id": 1287953140, "highway": "path", "name": null, "source": "osm_overpass"}, "geometry": {"type": "LineString", "coordinates": [[80.239864, 13.2419474], [80.2398033, 13.2420315], [80.2397561, 13.2420315], [80.2397239, 13.2422279], [80.2396424, 13.2423908], [80.2395608, 13.2424263], [80.239535, 13.2424654], [80.2395179, 13.2424911], [80.2394278, 13.2425391]]}}, {"type": "Feature", "properties": {"osm_id": 1287953144, "highway": "path", "name": null, "source": "osm_overpass"}, "geometry": {"type": "LineString", "coordinates": [[80.2405801, 13.2408076], [80.2405136, 13.2407929], [80.2403634, 13.2407679], [80.2402389, 13.2407658], [80.2400415, 13.2407303], [80.2399578, 13.2407428]]}}, {"type": "Feature", "properties": {"osm_id": 1287953146, "highway": "path", "name": null, "source": "osm_overpass"}, "geometry": {"type": "LineString", "coordinates": [[80.2385004, 13.2408194], [80.2385625, 13.2405099], [80.238584, 13.2404473]]}}, {"type": "Feature", "properties": {"osm_id": 1287953147, "highway": "path", "name": null, "source": "osm_overpass"}, "geometry": {"type": "LineString", "coordinates": [[80.2391939, 13.2408264], [80.2391076, 13.2407668], [80.2391226, 13.2405392], [80.2391183, 13.2404535]]}}, {"type": "Feature", "properties": {"osm_id": 1287953148, "highway": "path", "name": null, "source": "osm_overpass"}, "geometry": {"type": "LineString", "coordinates": [[80.2395415, 13.2407783], [80.2395431, 13.2406332], [80.2395367, 13.2404326]]}}, {"type": "Feature", "properties": {"osm_id": 1287953149, "highway": "path", "name": null, "source": "osm_overpass"}, "geometry": {"type": "LineString", "coordinates": [[80.2385004, 13.2408194], [80.2386505, 13.2407877], [80.2388029, 13.2408441], [80.238996, 13.2408817], [80.2392556, 13.2408358], [80.2394466, 13.2408107], [80.2396719, 13.2407731], [80.2397835, 13.2407585], [80.2399578, 13.2407428]]}}, {"type": "Feature", "properties": {"osm_id": 1287953151, "highway": "path", "name": null, "source": "osm_overpass"}, "geometry": {"type": "LineString", "coordinates": [[80.2405567, 13.242089], [80.2403349, 13.2420702], [80.2400796, 13.2419971], [80.2398351, 13.2419148]]}}, {"type": "Feature", "properties": {"osm_id": 1287953153, "highway": "path", "name": null, "source": "osm_overpass"}, "geometry": {"type": "LineString", "coordinates": [[80.2394231, 13.2416971], [80.2395667, 13.2416587], [80.2397148, 13.2416524], [80.2397191, 13.24183], [80.2397239, 13.2419338]]}}, {"type": "Feature", "properties": {"osm_id": 1287953156, "highway": "path", "name": null, "source": "osm_overpass"}, "geometry": {"type": "LineString", "coordinates": [[80.2383351, 13.2419616], [80.2384145, 13.2419825], [80.2385282, 13.2419658], [80.2386913, 13.2418655], [80.2388114, 13.2417724]]}}, {"type": "Feature", "properties": {"osm_id": 1287953157, "highway": "path", "name": null, "source": "osm_overpass"}, "geometry": {"type": "LineString", "coordinates": [[80.2383351, 13.2419616], [80.2384166, 13.2420556], [80.2384982, 13.2420577], [80.2385904, 13.2421224], [80.2387149, 13.2422101], [80.2387535, 13.242371], [80.2388179, 13.242467], [80.2387974, 13.2426112]]}}, {"type": "Feature", "properties": {"osm_id": 1287953158, "highway": "path", "name": null, "source": "osm_overpass"}, "geometry": {"type": "LineString", "coordinates": [[80.239018, 13.2422864], [80.2389573, 13.2423229], [80.2388436, 13.2423271], [80.2387535, 13.242371], [80.2386097, 13.2423522], [80.2383413, 13.2423626]]}}, {"type": "Feature", "properties": {"osm_id": 1287953159, "highway": "path", "name": null, "source": "osm_overpass"}, "geometry": {"type": "LineString", "coordinates": [[80.2395501, 13.242349], [80.239535, 13.2424654], [80.2395536, 13.2424921], [80.2396909, 13.2425276], [80.2398004, 13.242584], [80.2401008, 13.2425903], [80.2401523, 13.2425631], [80.2403111, 13.2425569], [80.240503, 13.2425295]]}}, {"type": "Feature", "properties": {"osm_id": 1287953160, "highway": "path", "name": null, "source": "osm_overpass"}, "geometry": {"type": "LineString", "coordinates": [[80.2401361, 13.2421745], [80.2401115, 13.2424169], [80.2401008, 13.2425903]]}}, {"type": "Feature", "properties": {"osm_id": 1287953161, "highway": "path", "name": null, "source": "osm_overpass"}, "geometry": {"type": "LineString", "coordinates": [[80.2394203, 13.2411792], [80.2394364, 13.2414078], [80.2394729, 13.241435], [80.2395544, 13.2414412], [80.2395667, 13.2416587]]}}, {"type": "Feature", "properties": {"osm_id": 1287954854, "highway": "path", "name": null, "source": "osm_overpass"}, "geometry": {"type": "LineString", "coordinates": [[80.2405936, 13.2420623], [80.2406518, 13.2420347], [80.2407076, 13.2420076], [80.2407387, 13.2419575], [80.2407591, 13.2418708], [80.2407648, 13.2417635], [80.2407666, 13.2417308], [80.2408134, 13.241583]]}}, {"type": "Feature", "properties": {"osm_id": 1287954864, "highway": "path", "name": null, "source": "osm_overpass"}, "geometry": {"type": "LineString", "coordinates": [[80.2426308, 13.2409596], [80.2429003, 13.2409371]]}}, {"type": "Feature", "properties": {"osm_id": 1287954865, "highway": "path", "name": null, "source": "osm_overpass"}, "geometry": {"type": "LineString", "coordinates": [[80.2426575, 13.2412127], [80.2426986, 13.2411648], [80.2428295, 13.2411731], [80.2428788, 13.2411731]]}}, {"type": "Feature", "properties": {"osm_id": 1287954868, "highway": "path", "name": null, "source": "osm_overpass"}, "geometry": {"type": "LineString", "coordinates": [[80.2423359, 13.2406134], [80.2423617, 13.2407136], [80.2423617, 13.2408473], [80.2423316, 13.2409789], [80.242351, 13.241052], [80.2423874, 13.2410896], [80.2424668, 13.2410938], [80.2425763, 13.2411397], [80.2426626, 13.2412752]]}}, {"type": "Feature", "properties": {"osm_id": 1287954869, "highway": "path", "name": null, "source": "osm_overpass"}, "geometry": {"type": "LineString", "coordinates": [[80.2419184, 13.2410962], [80.2421063, 13.241098], [80.2422973, 13.2411084], [80.2423874, 13.2410896]]}}, {"type": "Feature", "properties": {"osm_id": 1287954870, "highway": "path", "name": null, "source": "osm_overpass"}, "geometry": {"type": "LineString", "coordinates": [[80.2419122, 13.2412481], [80.2421214, 13.2412713], [80.2423574, 13.2412567], [80.2424261, 13.2412463]]}}, {"type": "Feature", "properties": {"osm_id": 1287954871, "highway": "path", "name": null, "source": "osm_overpass"}, "geometry": {"type": "LineString", "coordinates": [[80.2405801, 13.2408076], [80.2408253, 13.2408933], [80.240982, 13.2409204], [80.2411193, 13.2410144], [80.2412673, 13.2410604], [80.2413768, 13.2411314], [80.2414218, 13.2411836], [80.2415077, 13.241217], [80.24163, 13.2412337], [80.2418338, 13.2412567], [80.2419122, 13.2412481]]}}, {"type": "Feature", "properties": {"osm_id": 1287954872, "highway": "path", "name": null, "source": "osm_overpass"}, "geometry": {"type": "LineString", "coordinates": [[80.2413768, 13.2411314], [80.2414648, 13.2410436], [80.2414776, 13.2409037], [80.2414712, 13.2406363], [80.2414862, 13.24058], [80.2417265, 13.2405925], [80.2419741, 13.2406313]]}}, {"type": "Feature", "properties": {"osm_id": 1287954873, "highway": "path", "name": null, "source": "osm_overpass"}, "geometry": {"type": "LineString", "coordinates": [[80.240982, 13.2409204], [80.2409905, 13.240747], [80.2410227, 13.2405194], [80.2410335, 13.2403836], [80.2412094, 13.2403899], [80.2414154, 13.2404275], [80.2414733, 13.2404797], [80.2414862, 13.24058]]}}, {"type": "Feature", "properties": {"osm_id": 1287954874, "highway": "path", "name": null, "source": "osm_overpass"}, "geometry": {"type": "LineString", "coordinates": [[80.2409275, 13.2421266], [80.2409669, 13.2422154], [80.2411815, 13.2423115], [80.2412176, 13.242313], [80.2413296, 13.2423178], [80.2414776, 13.2423428], [80.2415806, 13.2423512], [80.2416836, 13.2423825]]}}, {"type": "Feature", "properties": {"osm_id": 1287954875, "highway": "path", "name": null, "source": "osm_overpass"}, "geometry": {"type": "LineString", "coordinates": [[80.2427887, 13.2420358], [80.2427415, 13.2421904], [80.2427372, 13.2425141], [80.2426599, 13.2424807], [80.2424647, 13.2424097], [80.2423382, 13.2423779], [80.2420742, 13.2423115], [80.2418724, 13.2422697], [80.241821, 13.242347], [80.2416836, 13.2423825]]}}, {"type": "Feature", "properties": {"osm_id": 1287954876, "highway": "path", "name": null, "source": "osm_overpass"}, "geometry": {"type": "LineString", "coordinates": [[80.2415806, 13.2423512], [80.2416064, 13.2421256], [80.2415994, 13.2420129], [80.2415956, 13.2419731]]}}, {"type": "Feature", "properties": {"osm_id": 1287954881, "highway": "path", "name": null, "source": "osm_overpass"}, "geometry": {"type": "LineString", "coordinates": [[80.240503, 13.2425295], [80.2405153, 13.2423637], [80.240629, 13.2423157], [80.2407277, 13.2422843], [80.2408779, 13.2423136], [80.2411955, 13.242393], [80.2412176, 13.242313]]}}, {"type": "Feature", "properties": {"osm_id": 1287954882, "highway": "path", "name": null, "source": "osm_overpass"}, "geometry": {"type": "LineString", "coordinates": [[80.2423382, 13.2423779], [80.2423477, 13.2421799], [80.2423799, 13.2420734], [80.2423921, 13.2420515], [80.2424078, 13.2420233], [80.2423907, 13.2418687], [80.2424035, 13.2417935], [80.2424399, 13.2417249]]}}, {"type": "Feature", "properties": {"osm_id": 1287954883, "highway": "path", "name": null, "source": "osm_overpass"}, "geometry": {"type": "LineString", "coordinates": [[80.2409275, 13.2421266], [80.2409938, 13.2421402], [80.2410538, 13.2420797], [80.2412083, 13.242065], [80.2413006, 13.2420421], [80.2414744, 13.2420233], [80.2415994, 13.2420129], [80.2418682, 13.2420483], [80.2420699, 13.2420838], [80.2421621, 13.2421005], [80.2423921, 13.2420515], [80.2424464, 13.2420316], [80.2426665, 13.2420421], [80.2427887, 13.2420358]]}}, {"type": "Feature", "properties": {"osm_id": 1287954884, "highway": "path", "name": null, "source": "osm_overpass"}, "geometry": {"type": "LineString", "coordinates": [[80.2413897, 13.2414314], [80.241313, 13.2414259], [80.2412444, 13.2414029], [80.2410942, 13.2413716], [80.2408302, 13.2413528], [80.2407809, 13.2412943], [80.2407251, 13.2411627], [80.2405994, 13.2411543]]}}, {"type": "Feature", "properties": {"osm_id": 1287954885, "highway": "path", "name": null, "source": "osm_overpass"}, "geometry": {"type": "LineString", "coordinates": [[80.2419251, 13.2408475], [80.242152, 13.2408661], [80.2422658, 13.2408557], [80.2423617, 13.2408473], [80.2425297, 13.2408097], [80.2425769, 13.2409016], [80.2426486, 13.2411283]]}}, {"type": "Feature", "properties": {"osm_id": 1287958780, "highway": "path", "name": null, "source": "osm_overpass"}, "geometry": {"type": "LineString", "coordinates": [[80.2429003, 13.2409371], [80.243056, 13.2409], [80.243149, 13.2408879], [80.2431997, 13.2408812], [80.2432598, 13.2407873], [80.2433607, 13.2406181], [80.2433711, 13.2405853], [80.2434165, 13.2404426]]}}, {"type": "Feature", "properties": {"osm_id": 1287958781, "highway": "path", "name": null, "source": "osm_overpass"}, "geometry": {"type": "LineString", "coordinates": [[80.2426228, 13.2407349], [80.2428221, 13.24071], [80.2429852, 13.2407329], [80.2431933, 13.2407037], [80.2433711, 13.2405853]]}}, {"type": "Feature", "properties": {"osm_id": 1287958782, "highway": "path", "name": null, "source": "osm_overpass"}, "geometry": {"type": "LineString", "coordinates": [[80.2428788, 13.2411731], [80.2429508, 13.2411549], [80.2430603, 13.2411653], [80.2430753, 13.2411946], [80.2431182, 13.2412718], [80.2431063, 13.2414154]]}}, {"type": "Feature", "properties": {"osm_id": 1287958783, "highway": "path", "name": null, "source": "osm_overpass"}, "geometry": {"type": "LineString", "coordinates": [[80.2428853, 13.2414196], [80.2429465, 13.241347], [80.2430131, 13.2413053], [80.2430753, 13.2411946]]}}, {"type": "Feature", "properties": {"osm_id": 1287958784, "highway": "path", "name": null, "source": "osm_overpass"}, "geometry": {"type": "LineString", "coordinates": [[80.243149, 13.2408879], [80.2432169, 13.2409168], [80.2432405, 13.2410525], [80.2431988, 13.2412626], [80.2431912, 13.2413011], [80.2431651, 13.2414043]]}}, {"type": "Feature", "properties": {"osm_id": 1287958785, "highway": "path", "name": null, "source": "osm_overpass"}, "geometry": {"type": "LineString", "coordinates": [[80.2428552, 13.241664], [80.2430302, 13.2416353], [80.2430495, 13.2415831], [80.2431568, 13.2415831], [80.2433049, 13.2415496], [80.2434937, 13.2415308], [80.2436567, 13.2415193]]}}, {"type": "Feature", "properties": {"osm_id": 1287958786, "highway": "path", "name": null, "source": "osm_overpass"}, "geometry": {"type": "LineString", "coordinates": [[80.2427972, 13.2418174], [80.2429294, 13.2417888], [80.2431182, 13.2417888], [80.2434959, 13.2417888], [80.2436504, 13.2417888], [80.2438778, 13.2418139], [80.2439296, 13.2418204], [80.2439998, 13.2418293], [80.2440752, 13.2418389], [80.2441882, 13.2418979], [80.2443155, 13.2419642], [80.2445644, 13.2420812], [80.2446103, 13.242095], [80.244676, 13.2421146], [80.2448305, 13.2420687], [80.2448863, 13.2419559], [80.2450923, 13.2419016]]}}, {"type": "Feature", "properties": {"osm_id": 1287958787, "highway": "path", "name": null, "source": "osm_overpass"}, "geometry": {"type": "LineString", "coordinates": [[80.2435758, 13.2404478], [80.2435822, 13.2407006], [80.243593, 13.241016], [80.2432405, 13.2410525]]}}, {"type": "Feature", "properties": {"osm_id": 1287958788, "highway": "path", "name": null, "source": "osm_overpass"}, "geometry": {"type": "LineString", "coordinates": [[80.2436504, 13.2417888], [80.2436567, 13.2415193], [80.2436573, 13.2414943], [80.2436338, 13.2412835], [80.2436273, 13.2412248], [80.2436144, 13.2410431], [80.243593, 13.241016]]}}, {"type": "Feature", "properties": {"osm_id": 1287958789, "highway": "path", "name": null, "source": "osm_overpass"}, "geometry": {"type": "LineString", "coordinates": [[80.2437668, 13.2404437], [80.2437925, 13.2412562], [80.2439377, 13.2412729], [80.2440285, 13.2412833], [80.2440843, 13.2412729], [80.2440972, 13.2411831], [80.2441543, 13.2411439], [80.2441916, 13.2411183], [80.2443526, 13.2411183], [80.2444299, 13.24113], [80.2445607, 13.2411497], [80.2446624, 13.2412087], [80.244683, 13.2412207], [80.2448761, 13.2412687], [80.2450156, 13.241275], [80.2450843, 13.2412771]]}}, {"type": "Feature", "properties": {"osm_id": 1287958790, "highway": "path", "name": null, "source": "osm_overpass"}, "geometry": {"type": "LineString", "coordinates": [[80.2445285, 13.2404332], [80.2444877, 13.2405042], [80.2444341, 13.2406651], [80.2444126, 13.2407549], [80.2444126, 13.2408969], [80.2444277, 13.2409742], [80.2444299, 13.24113]]}}, {"type": "Feature", "properties": {"osm_id": 1287958791, "highway": "path", "name": null, "source": "osm_overpass"}, "geometry": {"type": "LineString", "coordinates": [[80.244565, 13.2404353], [80.2446465, 13.2406024], [80.2447173, 13.2407319], [80.2447696, 13.2407835], [80.2448804, 13.2408927], [80.2449727, 13.2409805], [80.245022, 13.2410222], [80.2451122, 13.2411538]]}}, {"type": "Feature", "properties": {"osm_id": 1287958792, "highway": "path", "name": null, "source": "osm_overpass"}, "geometry": {"type": "LineString", "coordinates": [[80.2446624, 13.2412087], [80.2446465, 13.2413585], [80.2446272, 13.2416321], [80.2447517, 13.2416635], [80.2447023, 13.2419183], [80.2446103, 13.242095]]}}, {"type": "Feature", "properties": {"osm_id": 1287958793, "highway": "path", "name": null, "source": "osm_overpass"}, "geometry": {"type": "LineString", "coordinates": [[80.2436504, 13.2417888], [80.2436206, 13.2420237], [80.2436123, 13.2420896], [80.2435675, 13.2424084]]}}, {"type": "Feature", "properties": {"osm_id": 1287958794, "highway": "path", "name": null, "source": "osm_overpass"}, "geometry": {"type": "LineString", "coordinates": [[80.2439998, 13.2418293], [80.243947, 13.2421105], [80.2438554, 13.2425022]]}}, {"type": "Feature", "properties": {"osm_id": 1287958795, "highway": "path", "name": null, "source": "osm_overpass"}, "geometry": {"type": "LineString", "coordinates": [[80.2445644, 13.2420812], [80.2444405, 13.2424008], [80.2444126, 13.242499], [80.244462, 13.2425804], [80.2444792, 13.2426389], [80.2444437, 13.2426883], [80.2443512, 13.2427942]]}}, {"type": "Feature", "properties": {"osm_id": 1287958796, "highway": "path", "name": null, "source": "osm_overpass"}, "geometry": {"type": "LineString", "coordinates": [[80.2444126, 13.242499], [80.2445092, 13.2425261], [80.2448847, 13.242641]]}}, {"type": "Feature", "properties": {"osm_id": 1287958797, "highway": "path", "name": null, "source": "osm_overpass"}, "geometry": {"type": "LineString", "coordinates": [[80.2428013, 13.2419146], [80.2429771, 13.2419246], [80.2431831, 13.2419643], [80.2434492, 13.2420018], [80.2436206, 13.2420237]]}}, {"type": "Feature", "properties": {"osm_id": 1287958798, "highway": "path", "name": null, "source": "osm_overpass"}, "geometry": {"type": "LineString", "coordinates": [[80.2431988, 13.2412626], [80.2433355, 13.2412917], [80.2436338, 13.2412835]]}}, {"type": "Feature", "properties": {"osm_id": 1287958799, "highway": "path", "name": null, "source": "osm_overpass"}, "geometry": {"type": "LineString", "coordinates": [[80.2439921, 13.2404541], [80.2440328, 13.2405251], [80.2440285, 13.2406045], [80.2441294, 13.2406275], [80.2441551, 13.2406421], [80.2441543, 13.2411439]]}}, {"type": "Feature", "properties": {"osm_id": 1287958800, "highway": "path", "name": null, "source": "osm_overpass"}, "geometry": {"type": "LineString", "coordinates": [[80.2447696, 13.2407835], [80.2447152, 13.2409429], [80.2446624, 13.2412087]]}}, {"type": "Feature", "properties": {"osm_id": 1287958801, "highway": "path", "name": null, "source": "osm_overpass"}, "geometry": {"type": "LineString", "coordinates": [[80.2441543, 13.2411439], [80.2442195, 13.2412938], [80.2442088, 13.2418285], [80.2441882, 13.2418979]]}}, {"type": "Feature", "properties": {"osm_id": 1287958802, "highway": "path", "name": null, "source": "osm_overpass"}, "geometry": {"type": "LineString", "coordinates": [[80.2439377, 13.2412729], [80.2439296, 13.2418204]]}}, {"type": "Feature", "properties": {"osm_id": 1287961380, "highway": "footway", "name": null, "source": "osm_overpass"}, "geometry": {"type": "LineString", "coordinates": [[80.1833046, 13.0988985], [80.1833339, 13.0988321]]}}, {"type": "Feature", "properties": {"osm_id": 1287971722, "highway": "path", "name": null, "source": "osm_overpass"}, "geometry": {"type": "LineString", "coordinates": [[80.2563581, 13.2402068], [80.2564682, 13.240228], [80.2570917, 13.2399666], [80.257547, 13.2397939], [80.2580934, 13.2396825], [80.2584437, 13.239603], [80.2591325, 13.2395711], [80.2595388, 13.2396916], [80.2597139, 13.239728], [80.2597793, 13.2397575], [80.2603373, 13.2397962], [80.2608487, 13.239828]]}}, {"type": "Feature", "properties": {"osm_id": 1287971723, "highway": "path", "name": null, "source": "osm_overpass"}, "geometry": {"type": "LineString", "coordinates": [[80.2563581, 13.2402068], [80.2562747, 13.2407741], [80.256328, 13.2412202], [80.2563683, 13.2414777], [80.2564474, 13.2418892], [80.2565022, 13.2420368], [80.2565022, 13.242241], [80.2565764, 13.2426319], [80.2567792, 13.2430925], [80.2570293, 13.2438458], [80.2571408, 13.2448096], [80.2571678, 13.2451945], [80.2572422, 13.2453491], [80.2576815, 13.2455892], [80.2579961, 13.2457478], [80.2584866, 13.2460069], [80.2587318, 13.2460839], [80.2590077, 13.2461247], [80.2591432, 13.2461279]]}}, {"type": "Feature", "properties": {"osm_id": 1288001079, "highway": "path", "name": null, "source": "osm_overpass"}, "geometry": {"type": "LineString", "coordinates": [[80.2604893, 13.2442498], [80.2603464, 13.2442632], [80.2601613, 13.2442984], [80.2600948, 13.2443052], [80.2600078, 13.2443075], [80.259936, 13.2442825], [80.259908, 13.2442853]]}}, {"type": "Feature", "properties": {"osm_id": 1288001745, "highway": "path", "name": null, "source": "osm_overpass"}, "geometry": {"type": "LineString", "coordinates": [[80.2612394, 13.2463367], [80.2611651, 13.2463442]]}}, {"type": "Feature", "properties": {"osm_id": 1288002432, "highway": "path", "name": null, "source": "osm_overpass"}, "geometry": {"type": "LineString", "coordinates": [[80.2618827, 13.2442927], [80.2621272, 13.2447121], [80.261929, 13.2450188]]}}, {"type": "Feature", "properties": {"osm_id": 1288041242, "highway": "path", "name": null, "source": "osm_overpass"}, "geometry": {"type": "LineString", "coordinates": [[80.2732702, 13.2328006], [80.2732949, 13.2327047], [80.2733673, 13.2326222], [80.2734212, 13.2325787], [80.2734412, 13.2324617], [80.2734412, 13.2323777], [80.2734689, 13.2323103], [80.2734951, 13.2322998], [80.2734874, 13.2321543], [80.2735229, 13.2320077]]}}, {"type": "Feature", "properties": {"osm_id": 1288076110, "highway": "path", "name": null, "source": "osm_overpass"}, "geometry": {"type": "LineString", "coordinates": [[80.2426708, 13.2474139], [80.2426399, 13.2473291], [80.2426399, 13.2472455], [80.2426466, 13.2471463], [80.2426399, 13.2469844], [80.2426654, 13.2468957], [80.2427271, 13.2467795], [80.2427727, 13.246709], [80.2427928, 13.2466176], [80.2427968, 13.2465288], [80.2428156, 13.2464688], [80.2428679, 13.2463696], [80.2429336, 13.246286], [80.2430315, 13.2462547], [80.2431308, 13.2462443], [80.2432568, 13.2462234], [80.2433427, 13.2462312], [80.2433909, 13.246256], [80.2434607, 13.246256], [80.2434714, 13.2462234], [80.2434781, 13.246162], [80.243462, 13.2457939], [80.2434674, 13.2456568], [80.2434205, 13.2454754], [80.2434124, 13.2453657], [80.2434151, 13.2451216], [80.2434164, 13.2450158], [80.2434235, 13.2449706]]}}, {"type": "Feature", "properties": {"osm_id": 1288076111, "highway": "path", "name": null, "source": "osm_overpass"}, "geometry": {"type": "LineString", "coordinates": [[80.2433694, 13.244157], [80.2433172, 13.2440812], [80.2432153, 13.2440498], [80.2431656, 13.244059], [80.2430812, 13.244102], [80.2430128, 13.244149], [80.2429752, 13.2441895], [80.2428384, 13.2442926], [80.2427217, 13.2443475], [80.2426319, 13.2443971], [80.2425675, 13.2444623], [80.2425165, 13.2445093], [80.2424629, 13.2445237], [80.2423234, 13.2445328], [80.2420472, 13.2445133], [80.2419198, 13.2445172], [80.2418165, 13.2445837], [80.2417199, 13.2447012], [80.2416421, 13.2447495], [80.2415389, 13.2447796], [80.2414303, 13.24479]]}}, {"type": "Feature", "properties": {"osm_id": 1288076112, "highway": "path", "name": null, "source": "osm_overpass"}, "geometry": {"type": "LineString", "coordinates": [[80.2438483, 13.2447078], [80.2438711, 13.2448305], [80.2438885, 13.2449688], [80.2438979, 13.2450334]]}}, {"type": "Feature", "properties": {"osm_id": 1288076113, "highway": "path", "name": null, "source": "osm_overpass"}, "geometry": {"type": "LineString", "coordinates": [[80.2433634, 13.2442609], [80.2435116, 13.2442652], [80.2437665, 13.2442456], [80.2440467, 13.2442208], [80.2441845, 13.2441987]]}}, {"type": "Feature", "properties": {"osm_id": 1288076124, "highway": "path", "name": null, "source": "osm_overpass"}, "geometry": {"type": "LineString", "coordinates": [[80.2426158, 13.2437104], [80.2427807, 13.2437195], [80.242947, 13.2436556], [80.2430932, 13.2436256], [80.2433507, 13.2435916], [80.2434728, 13.2435877], [80.243627, 13.243572], [80.2437919, 13.2435707], [80.2439918, 13.2435799], [80.244091, 13.2435955], [80.2441931, 13.2435838]]}}, {"type": "Feature", "properties": {"osm_id": 1288076125, "highway": "path", "name": null, "source": "osm_overpass"}, "geometry": {"type": "LineString", "coordinates": [[80.2443924, 13.2428175], [80.244327, 13.2429245], [80.2442613, 13.2430838], [80.2442197, 13.2432078], [80.2441956, 13.2433893], [80.2441931, 13.2435838], [80.2441902, 13.2438005], [80.2441849, 13.2441321], [80.2441848, 13.2441503], [80.2441845, 13.2441987], [80.2441842, 13.2442456], [80.2441822, 13.2445837], [80.2441929, 13.2447417], [80.2442023, 13.2449297], [80.2441715, 13.2449819], [80.2441044, 13.2450185], [80.2439435, 13.2450328], [80.2438979, 13.2450334], [80.2437396, 13.2450354], [80.2435546, 13.2450263], [80.2434553, 13.244991], [80.2434235, 13.2449706], [80.2433963, 13.2449532], [80.2433279, 13.2448409], [80.2433239, 13.2446856], [80.2433306, 13.2444401], [80.2433634, 13.2442609], [80.2433681, 13.2442352], [80.2433694, 13.244157], [80.2433708, 13.2440629], [80.2433507, 13.2435916]]}}, {"type": "Feature", "properties": {"osm_id": 1288076731, "highway": "path", "name": null, "source": "osm_overpass"}, "geometry": {"type": "LineString", "coordinates": [[80.2434674, 13.2456568], [80.2435452, 13.245679], [80.2436806, 13.2456764], [80.2437423, 13.245679], [80.2438121, 13.2456986], [80.2438711, 13.2457142], [80.2439556, 13.2457195], [80.2440011, 13.2457312], [80.244028, 13.2457508]]}}, {"type": "Feature", "properties": {"osm_id": 1288076732, "highway": "path", "name": null, "source": "osm_overpass"}, "geometry": {"type": "LineString", "coordinates": [[80.2441848, 13.2441503], [80.2443686, 13.244153], [80.2446033, 13.2441477], [80.2446811, 13.2441973], [80.24472, 13.2442613], [80.2447481, 13.2443383], [80.2447763, 13.2444767], [80.2447776, 13.2445602], [80.2448152, 13.2446373], [80.2449144, 13.2447352], [80.245007, 13.2448474], [80.2450539, 13.2449192], [80.2451009, 13.2450942], [80.2451089, 13.245384], [80.2451049, 13.2454623], [80.2450633, 13.2455498], [80.2449989, 13.2457169], [80.2449681, 13.2458108], [80.2449198, 13.245897], [80.2448742, 13.2459675], [80.24483, 13.2460406], [80.2447602, 13.2461698], [80.2447079, 13.2462625], [80.2446757, 13.246363], [80.244606, 13.2465654], [80.2445242, 13.2468043], [80.2444665, 13.2469544], [80.2444182, 13.2470784], [80.2443981, 13.2471646]]}}, {"type": "Feature", "properties": {"osm_id": 1288076733, "highway": "path", "name": null, "source": "osm_overpass"}, "geometry": {"type": "LineString", "coordinates": [[80.2441842, 13.2442456], [80.244256, 13.2443292], [80.2443539, 13.2443879], [80.2444813, 13.2444558], [80.2445926, 13.2444832], [80.2446945, 13.244508], [80.2447776, 13.2445602]]}}, {"type": "Feature", "properties": {"osm_id": 1288084354, "highway": "path", "name": null, "source": "osm_overpass"}, "geometry": {"type": "LineString", "coordinates": [[80.2518336, 13.2200245], [80.2519327, 13.2200489], [80.2520239, 13.2200385], [80.2520816, 13.2200385], [80.2520909, 13.2200385], [80.2523887, 13.2197722], [80.2525174, 13.2195398], [80.2527911, 13.2194559], [80.2528581, 13.2194353], [80.2530244, 13.2193596], [80.2532014, 13.2192682], [80.2533328, 13.2191768], [80.2533784, 13.2190489], [80.2533489, 13.2189053]]}}, {"type": "Feature", "properties": {"osm_id": 1288084355, "highway": "path", "name": null, "source": "osm_overpass"}, "geometry": {"type": "LineString", "coordinates": [[80.2527911, 13.2194559], [80.2530611, 13.2194003], [80.253162, 13.2194055], [80.2532947, 13.2194485], [80.2533673, 13.2194795], [80.2534699, 13.2195312], [80.2535318, 13.2195588], [80.2536132, 13.2195295], [80.2536429, 13.2194989]]}}, {"type": "Feature", "properties": {"osm_id": 1288084356, "highway": "path", "name": null, "source": "osm_overpass"}, "geometry": {"type": "LineString", "coordinates": [[80.2536132, 13.2195295], [80.2535958, 13.2196825], [80.2536128, 13.2198129], [80.2535974, 13.2198909], [80.2536128, 13.2200904], [80.2536451, 13.2201834], [80.2535928, 13.2203378], [80.2535712, 13.2204218], [80.2535604, 13.2205088]]}}, {"type": "Feature", "properties": {"osm_id": 1288084357, "highway": "path", "name": null, "source": "osm_overpass"}, "geometry": {"type": "LineString", "coordinates": [[80.2535974, 13.2198909], [80.2534449, 13.2200769], [80.253297, 13.2201609], [80.2532261, 13.2201474], [80.2531784, 13.2201039], [80.2531737, 13.2200199]]}}, {"type": "Feature", "properties": {"osm_id": 1288084358, "highway": "path", "name": null, "source": "osm_overpass"}, "geometry": {"type": "LineString", "coordinates": [[80.2521834, 13.2196792], [80.2521586, 13.2198342]]}}, {"type": "Feature", "properties": {"osm_id": 1288084359, "highway": "path", "name": null, "source": "osm_overpass"}, "geometry": {"type": "LineString", "coordinates": [[80.2521586, 13.2198342], [80.2521312, 13.2198724], [80.2521379, 13.2199233], [80.2521379, 13.2199585], [80.2521017, 13.2200081], [80.2520816, 13.2200385], [80.2520654, 13.220063], [80.2520292, 13.2201648], [80.2520131, 13.2202236], [80.2520051, 13.2202679], [80.2520131, 13.2203606], [80.2519823, 13.2205134], [80.2519246, 13.2206074], [80.2518763, 13.2206701], [80.2518388, 13.2207053], [80.251812, 13.2207236], [80.2517704, 13.2207327], [80.2517355, 13.2207667]]}}, {"type": "Feature", "properties": {"osm_id": 1288084360, "highway": "path", "name": null, "source": "osm_overpass"}, "geometry": {"type": "LineString", "coordinates": [[80.2518629, 13.2198559], [80.2519058, 13.2199369], [80.2519514, 13.2199943], [80.2519863, 13.2200256], [80.2520239, 13.2200385], [80.2520654, 13.220063], [80.2521043, 13.2200857], [80.2521472, 13.2201223], [80.2521794, 13.2201275]]}}, {"type": "Feature", "properties": {"osm_id": 1288084361, "highway": "path", "name": null, "source": "osm_overpass"}, "geometry": {"type": "LineString", "coordinates": [[80.2522089, 13.2192723], [80.2522733, 13.2192893], [80.2523055, 13.2193011], [80.2523605, 13.2193859], [80.2523967, 13.2194381], [80.252445, 13.219493], [80.2525174, 13.2195398]]}}, {"type": "Feature", "properties": {"osm_id": 1288084362, "highway": "path", "name": null, "source": "osm_overpass"}, "geometry": {"type": "LineString", "coordinates": [[80.2525174, 13.2195398], [80.2525662, 13.219441], [80.2526048, 13.2193243], [80.252615, 13.2192134], [80.2526048, 13.219158], [80.252558, 13.2191145], [80.2525682, 13.2190433], [80.2526617, 13.2189681]]}}, {"type": "Feature", "properties": {"osm_id": 1288096512, "highway": "path", "name": null, "source": "osm_overpass"}, "geometry": {"type": "LineString", "coordinates": [[80.1509045, 13.1692821], [80.1509463, 13.1694098], [80.1509809, 13.1695326], [80.1510114, 13.1696513], [80.1510276, 13.1698125]]}}, {"type": "Feature", "properties": {"osm_id": 1288096513, "highway": "path", "name": null, "source": "osm_overpass"}, "geometry": {"type": "LineString", "coordinates": [[80.1509045, 13.1692821], [80.1508752, 13.1692456], [80.1508914, 13.1690476], [80.1508549, 13.1688932], [80.1507187, 13.168634], [80.1506983, 13.1685627], [80.1507207, 13.1685053], [80.1507796, 13.1684439], [80.1507634, 13.1684162], [80.1507614, 13.1683905]]}}, {"type": "Feature", "properties": {"osm_id": 1288096514, "highway": "path", "name": null, "source": "osm_overpass"}, "geometry": {"type": "LineString", "coordinates": [[80.1512268, 13.1684044], [80.151704, 13.1683396]]}}, {"type": "Feature", "properties": {"osm_id": 1288096515, "highway": "path", "name": null, "source": "osm_overpass"}, "geometry": {"type": "LineString", "coordinates": [[80.1525361, 13.1700094], [80.1526768, 13.1698066], [80.1528155, 13.1696986], [80.1529033, 13.1696791], [80.1529695, 13.1696776], [80.1530173, 13.1696941]]}}, {"type": "Feature", "properties": {"osm_id": 1288099418, "highway": "path", "name": null, "source": "osm_overpass"}, "geometry": {"type": "LineString", "coordinates": [[80.2553802, 13.2193635], [80.2554041, 13.2194417], [80.2554175, 13.2195579], [80.2554215, 13.2196741], [80.2554537, 13.2197342], [80.2554711, 13.2197786], [80.2554792, 13.2198177], [80.2554698, 13.2199744], [80.2554536, 13.2200042], [80.2554349, 13.2200488], [80.2553786, 13.2201728], [80.2553249, 13.2202564], [80.255278, 13.2203073], [80.2551211, 13.2204052], [80.254999, 13.220494], [80.2549548, 13.2205293], [80.254928, 13.2205554], [80.2549065, 13.2206206], [80.2548944, 13.2206494], [80.2548569, 13.2206911], [80.2548408, 13.2207355], [80.2548073, 13.2208021], [80.2548006, 13.2208426], [80.2547737, 13.2208948], [80.2547107, 13.2209862], [80.2546799, 13.2210737], [80.2546557, 13.2211246], [80.254649, 13.2211455]]}}, {"type": "Feature", "properties": {"osm_id": 1288099419, "highway": "path", "name": null, "source": "osm_overpass"}, "geometry": {"type": "LineString", "coordinates": [[80.2554536, 13.2200042], [80.2554777, 13.2200262], [80.2555016, 13.2200598], [80.2555334, 13.220083], [80.2555892, 13.2200959], [80.2556405, 13.2201097], [80.2556909, 13.220127], [80.2557653, 13.2201304], [80.2558776, 13.2201511], [80.2559263, 13.2201631], [80.2560006, 13.2201795], [80.2560404, 13.2201993], [80.2560847, 13.2202079], [80.256128, 13.2202165], [80.2561448, 13.2202226], [80.2561652, 13.2202424], [80.2562059, 13.2202846], [80.2563085, 13.2202837]]}}, {"type": "Feature", "properties": {"osm_id": 1288099420, "highway": "path", "name": null, "source": "osm_overpass"}, "geometry": {"type": "LineString", "coordinates": [[80.255707, 13.2192507], [80.2556288, 13.2192507], [80.2555919, 13.2192372], [80.2555549, 13.2192117], [80.255501, 13.2191772], [80.2554563, 13.2191607], [80.2553639, 13.2191352], [80.2553346, 13.2190557], [80.2552976, 13.2189207], [80.2552653, 13.2188217], [80.255256, 13.2187048], [80.2552529, 13.2185368], [80.2552668, 13.2184378], [80.2552514, 13.2182639], [80.2552452, 13.2181304], [80.2552545, 13.2180569], [80.255236, 13.2180029], [80.2552098, 13.2179594], [80.2551898, 13.2178934], [80.2551867, 13.2177779], [80.2551574, 13.2176595], [80.2551251, 13.2175935], [80.2551343, 13.21755], [80.2551497, 13.2175275], [80.2552067, 13.217523], [80.2553377, 13.217487], [80.2554209, 13.2174495], [80.2555395, 13.217364], [80.2556073, 13.217313], [80.2557089, 13.2171406], [80.2558198, 13.2169651], [80.2558861, 13.2168376], [80.2559416, 13.2167356], [80.2560278, 13.2166637], [80.2560586, 13.2166487]]}}, {"type": "Feature", "properties": {"osm_id": 1288100125, "highway": "path", "name": null, "source": "osm_overpass"}, "geometry": {"type": "LineString", "coordinates": [[80.2752534, 13.2246449], [80.2753278, 13.2245835], [80.2753582, 13.2245176], [80.2754142, 13.2244335], [80.2754843, 13.2243176], [80.2755006, 13.2242084], [80.2755006, 13.2241607], [80.2754959, 13.2241016], [80.2754843, 13.2240425], [80.2754814, 13.2238312]]}}, {"type": "Feature", "properties": {"osm_id": 1288100806, "highway": "path", "name": null, "source": "osm_overpass"}, "geometry": {"type": "LineString", "coordinates": [[80.2753332, 13.2346273], [80.2756105, 13.2346423], [80.2759987, 13.2346483], [80.2760264, 13.2347053], [80.2760603, 13.2348972], [80.2761065, 13.2350922], [80.2761312, 13.2351612], [80.2761866, 13.2352212], [80.2762606, 13.2353051], [80.2762852, 13.2354131], [80.2763129, 13.2355901], [80.27639, 13.2355931], [80.2764269, 13.2356111], [80.2764485, 13.235728], [80.2764841, 13.2358875]]}}, {"type": "Feature", "properties": {"osm_id": 1288100807, "highway": "path", "name": null, "source": "osm_overpass"}, "geometry": {"type": "LineString", "coordinates": [[80.2756105, 13.2346423], [80.2758015, 13.235707], [80.2758633, 13.2360189]]}}, {"type": "Feature", "properties": {"osm_id": 1288100811, "highway": "path", "name": null, "source": "osm_overpass"}, "geometry": {"type": "LineString", "coordinates": [[80.2746562, 13.2345911], [80.2746749, 13.2348168], [80.2747122, 13.23511], [80.2747636, 13.2351532], [80.2748266, 13.2354077], [80.2748688, 13.235755]]}}, {"type": "Feature", "properties": {"osm_id": 1288101496, "highway": "path", "name": null, "source": "osm_overpass"}, "geometry": {"type": "LineString", "coordinates": [[80.1869515, 13.2068551], [80.1869253, 13.2069085], [80.1869088, 13.2069421], [80.186858, 13.2070154], [80.1868031, 13.2072726], [80.1867767, 13.2074131], [80.1867117, 13.2075794], [80.1866629, 13.2077317]]}}, {"type": "Feature", "properties": {"osm_id": 1288101497, "highway": "path", "name": null, "source": "osm_overpass"}, "geometry": {"type": "LineString", "coordinates": [[80.1869253, 13.2069085], [80.1867706, 13.2069382], [80.1866243, 13.206954]]}}, {"type": "Feature", "properties": {"osm_id": 1288101498, "highway": "path", "name": null, "source": "osm_overpass"}, "geometry": {"type": "LineString", "coordinates": [[80.1869515, 13.2068551], [80.186971, 13.206861], [80.1870288, 13.2068788], [80.1870877, 13.2069402], [80.1871365, 13.2070292], [80.1871385, 13.2071618], [80.1871324, 13.2072093]]}}, {"type": "Feature", "properties": {"osm_id": 1288101499, "highway": "path", "name": null, "source": "osm_overpass"}, "geometry": {"type": "LineString", "coordinates": [[80.186971, 13.206861], [80.1869637, 13.2069698], [80.186919, 13.2070985], [80.1869149, 13.2071974], [80.1868926, 13.2072805], [80.1868743, 13.2073597], [80.186854, 13.2074507], [80.1868438, 13.2075358], [80.1868519, 13.207611], [80.1869007, 13.207708]]}}, {"type": "Feature", "properties": {"osm_id": 1288105781, "highway": "path", "name": null, "source": "osm_overpass"}, "geometry": {"type": "LineString", "coordinates": [[80.1368026, 13.1634864], [80.1368445, 13.1634594], [80.1368623, 13.163422], [80.1368674, 13.1633856], [80.1368827, 13.1633004], [80.1369444, 13.1632224], [80.1370137, 13.1631374]]}}, {"type": "Feature", "properties": {"osm_id": 1288105782, "highway": "path", "name": null, "source": "osm_overpass"}, "geometry": {"type": "LineString", "coordinates": [[80.1368623, 13.163422], [80.1368727, 13.163466], [80.1368981, 13.1635734], [80.1369197, 13.1636814], [80.1369403, 13.1637197], [80.1370584, 13.1637654]]}}, {"type": "Feature", "properties": {"osm_id": 1288105783, "highway": "path", "name": null, "source": "osm_overpass"}, "geometry": {"type": "LineString", "coordinates": [[80.1368727, 13.163466], [80.1373973, 13.1633514]]}}, {"type": "Feature", "properties": {"osm_id": 1288105784, "highway": "path", "name": null, "source": "osm_overpass"}, "geometry": {"type": "LineString", "coordinates": [[80.1372653, 13.1630868], [80.1372093, 13.1630454], [80.1371754, 13.1628474]]}}, {"type": "Feature", "properties": {"osm_id": 1288105785, "highway": "path", "name": null, "source": "osm_overpass"}, "geometry": {"type": "LineString", "coordinates": [[80.1351642, 13.1637321], [80.1351817, 13.163644], [80.1352944, 13.1635735]]}}, {"type": "Feature", "properties": {"osm_id": 1288105786, "highway": "path", "name": null, "source": "osm_overpass"}, "geometry": {"type": "LineString", "coordinates": [[80.1372425, 13.1636318], [80.1375059, 13.1635913], [80.1376876, 13.1634954]]}}, {"type": "Feature", "properties": {"osm_id": 1288107146, "highway": "path", "name": null, "source": "osm_overpass"}, "geometry": {"type": "LineString", "coordinates": [[80.1410623, 13.165413], [80.1412509, 13.1653624], [80.1414611, 13.1653147]]}}, {"type": "Feature", "properties": {"osm_id": 1288108389, "highway": "path", "name": null, "source": "osm_overpass"}, "geometry": {"type": "LineString", "coordinates": [[80.2270613, 13.2293065], [80.2271533, 13.229332], [80.227255, 13.229404], [80.2273397, 13.2295675], [80.2274349, 13.2296072], [80.2275995, 13.2296348], [80.2277605, 13.2296485], [80.22784, 13.2296633], [80.2279124, 13.2297193]]}}, {"type": "Feature", "properties": {"osm_id": 1288108390, "highway": "path", "name": null, "source": "osm_overpass"}, "geometry": {"type": "LineString", "coordinates": [[80.2281062, 13.2311748], [80.2281347, 13.2311986], [80.2281615, 13.2312561], [80.228187, 13.2313879], [80.228199, 13.2315655], [80.2282071, 13.2316869]]}}, {"type": "Feature", "properties": {"osm_id": 1288108391, "highway": "path", "name": null, "source": "osm_overpass"}, "geometry": {"type": "LineString", "coordinates": [[80.2281062, 13.2311748], [80.2281736, 13.2311947], [80.2282192, 13.2312208], [80.2282701, 13.2312208], [80.2283305, 13.2311986], [80.2284941, 13.2312038], [80.228588, 13.2312117], [80.228655, 13.2312691], [80.2287234, 13.2313292], [80.2288066, 13.2313566], [80.2289347, 13.2314245], [80.2289498, 13.2314886], [80.2289849, 13.2315432], [80.2290152, 13.2316478], [80.2290269, 13.2318046], [80.2290526, 13.2319546], [80.2290549, 13.2320728], [80.2290386, 13.2321592], [80.2290495, 13.2322871]]}}, {"type": "Feature", "properties": {"osm_id": 1288108392, "highway": "path", "name": null, "source": "osm_overpass"}, "geometry": {"type": "LineString", "coordinates": [[80.2289347, 13.2314245], [80.2289331, 13.2313286], [80.228925, 13.231202], [80.2289311, 13.2311466], [80.2289728, 13.2310734], [80.2290307, 13.231011], [80.2291476, 13.2309457], [80.2292391, 13.2308814], [80.2293275, 13.2308102], [80.2294312, 13.2307014], [80.229481, 13.2306351], [80.2295529, 13.2304923]]}}, {"type": "Feature", "properties": {"osm_id": 1288108393, "highway": "path", "name": null, "source": "osm_overpass"}, "geometry": {"type": "LineString", "coordinates": [[80.228318, 13.2298453], [80.2284715, 13.229814], [80.2285953, 13.2297617], [80.2287377, 13.2296958], [80.2288195, 13.2297117], [80.2289432, 13.2296958], [80.2290203, 13.2296321], [80.2291907, 13.2296117], [80.2292771, 13.2295958], [80.2293448, 13.2296049], [80.2293985, 13.2295776], [80.2294803, 13.2295344], [80.2296951, 13.2295299], [80.2298235, 13.2295299], [80.2300383, 13.2295026]]}}, {"type": "Feature", "properties": {"osm_id": 1288108396, "highway": "path", "name": null, "source": "osm_overpass"}, "geometry": {"type": "LineString", "coordinates": [[80.2284106, 13.2303969], [80.2288511, 13.2303083], [80.2290783, 13.2302595], [80.2292775, 13.2302447]]}}, {"type": "Feature", "properties": {"osm_id": 1288108397, "highway": "path", "name": null, "source": "osm_overpass"}, "geometry": {"type": "LineString", "coordinates": [[80.2284106, 13.2303969], [80.2282761, 13.2304257]]}}, {"type": "Feature", "properties": {"osm_id": 1288108398, "highway": "path", "name": null, "source": "osm_overpass"}, "geometry": {"type": "LineString", "coordinates": [[80.2275032, 13.2313368], [80.2275403, 13.2311107], [80.2275509, 13.2308385], [80.2275721, 13.2306749], [80.227558, 13.2305698], [80.2275527, 13.2303304], [80.227542, 13.2302012], [80.2275544, 13.2299031]]}}, {"type": "Feature", "properties": {"osm_id": 1288108399, "highway": "path", "name": null, "source": "osm_overpass"}, "geometry": {"type": "LineString", "coordinates": [[80.2273397, 13.2295675], [80.2273456, 13.2296379], [80.2273456, 13.229724], [80.2273474, 13.2298015], [80.2273952, 13.229836], [80.2274606, 13.2298446], [80.2275137, 13.2298515], [80.2275544, 13.2299031], [80.2276217, 13.2300031], [80.2276871, 13.2300306], [80.2277057, 13.2300364], [80.2277703, 13.2300565], [80.2279811, 13.2301804]]}}, {"type": "Feature", "properties": {"osm_id": 1288108400, "highway": "path", "name": null, "source": "osm_overpass"}, "geometry": {"type": "LineString", "coordinates": [[80.2277057, 13.2300364], [80.2277589, 13.2300246], [80.2278697, 13.2299919], [80.2279659, 13.2299678]]}}, {"type": "Feature", "properties": {"osm_id": 1288108401, "highway": "path", "name": null, "source": "osm_overpass"}, "geometry": {"type": "LineString", "coordinates": [[80.2275721, 13.2306749], [80.2277614, 13.2306597], [80.2280382, 13.230643]]}}, {"type": "Feature", "properties": {"osm_id": 1288108998, "highway": "path", "name": null, "source": "osm_overpass"}, "geometry": {"type": "LineString", "coordinates": [[80.1372383, 13.166071], [80.1373708, 13.166191], [80.1374756, 13.166269], [80.1375033, 13.166341], [80.137557, 13.1664153]]}}, {"type": "Feature", "properties": {"osm_id": 1288108999, "highway": "path", "name": null, "source": "osm_overpass"}, "geometry": {"type": "LineString", "coordinates": [[80.1382396, 13.1660439], [80.1383352, 13.166215], [80.1383383, 13.1663561], [80.1381164, 13.1664491], [80.1378422, 13.1665511], [80.1378113, 13.1665646], [80.1376235, 13.1666471], [80.1375372, 13.1666771], [80.1372685, 13.1665917]]}}, {"type": "Feature", "properties": {"osm_id": 1288109000, "highway": "path", "name": null, "source": "osm_overpass"}, "geometry": {"type": "LineString", "coordinates": [[80.1375372, 13.1666771], [80.1374201, 13.1667011], [80.1373893, 13.1667671]]}}, {"type": "Feature", "properties": {"osm_id": 1288109001, "highway": "path", "name": null, "source": "osm_overpass"}, "geometry": {"type": "LineString", "coordinates": [[80.1383383, 13.1663561], [80.1383691, 13.1664161], [80.1384091, 13.1664791], [80.1384307, 13.1665421], [80.1384061, 13.1666771], [80.1384184, 13.1667581], [80.1384971, 13.1668232], [80.1386032, 13.1669111], [80.1386279, 13.1669951]]}}, {"type": "Feature", "properties": {"osm_id": 1288109002, "highway": "path", "name": null, "source": "osm_overpass"}, "geometry": {"type": "LineString", "coordinates": [[80.1384971, 13.1668232], [80.1382951, 13.1667941], [80.1380918, 13.1667611], [80.1379193, 13.1668271]]}}, {"type": "Feature", "properties": {"osm_id": 1288109003, "highway": "path", "name": null, "source": "osm_overpass"}, "geometry": {"type": "LineString", "coordinates": [[80.1376294, 13.1669639], [80.1376772, 13.1668106], [80.1378113, 13.1665646]]}}, {"type": "Feature", "properties": {"osm_id": 1288109940, "highway": "path", "name": null, "source": "osm_overpass"}, "geometry": {"type": "LineString", "coordinates": [[80.1885015, 13.2045932], [80.1885277, 13.2042403]]}}, {"type": "Feature", "properties": {"osm_id": 1288109941, "highway": "path", "name": null, "source": "osm_overpass"}, "geometry": {"type": "LineString", "coordinates": [[80.1904911, 13.2036381], [80.1906444, 13.2036701]]}}, {"type": "Feature", "properties": {"osm_id": 1288109975, "highway": "path", "name": null, "source": "osm_overpass"}, "geometry": {"type": "LineString", "coordinates": [[80.2130954, 13.2097614], [80.2133056, 13.2106106]]}}, {"type": "Feature", "properties": {"osm_id": 1288109979, "highway": "path", "name": null, "source": "osm_overpass"}, "geometry": {"type": "LineString", "coordinates": [[80.2113117, 13.2107264], [80.2117778, 13.2106509], [80.211849, 13.2106152]]}}, {"type": "Feature", "properties": {"osm_id": 1288109980, "highway": "path", "name": null, "source": "osm_overpass"}, "geometry": {"type": "LineString", "coordinates": [[80.2114887, 13.2103684], [80.2114855, 13.2102659], [80.2114763, 13.2102329], [80.2113715, 13.210134], [80.2113438, 13.210056], [80.2115872, 13.210026], [80.2117166, 13.209996]]}}, {"type": "Feature", "properties": {"osm_id": 1288112411, "highway": "path", "name": null, "source": "osm_overpass"}, "geometry": {"type": "LineString", "coordinates": [[80.2126988, 13.2122227], [80.2128327, 13.2122258], [80.2131641, 13.2122377], [80.2133714, 13.2122357], [80.2135035, 13.2122496], [80.2135828, 13.2122753], [80.2136601, 13.2123604], [80.213717, 13.2123723], [80.2137739, 13.2123742], [80.2139609, 13.2123208], [80.2140239, 13.2122852], [80.2141406, 13.2122837], [80.2141845, 13.2122832], [80.2142638, 13.2122891], [80.2143532, 13.2122792]]}}, {"type": "Feature", "properties": {"osm_id": 1288112412, "highway": "path", "name": null, "source": "osm_overpass"}, "geometry": {"type": "LineString", "coordinates": [[80.2143972, 13.2120434], [80.2143229, 13.21204], [80.214268, 13.2120503], [80.214245, 13.2120761], [80.2142291, 13.2121623], [80.2142008, 13.2122088], [80.2141548, 13.2122605], [80.2141406, 13.2122837]]}}, {"type": "Feature", "properties": {"osm_id": 1288112413, "highway": "path", "name": null, "source": "osm_overpass"}, "geometry": {"type": "LineString", "coordinates": [[80.2124114, 13.2113171], [80.2109907, 13.2115535], [80.2109411, 13.2113449]]}}, {"type": "Feature", "properties": {"osm_id": 1288112598, "highway": "path", "name": null, "source": "osm_overpass"}, "geometry": {"type": "LineString", "coordinates": [[80.1520459, 13.15989], [80.1521507, 13.160025], [80.1523264, 13.1602026]]}}, {"type": "Feature", "properties": {"osm_id": 1288112600, "highway": "path", "name": null, "source": "osm_overpass"}, "geometry": {"type": "LineString", "coordinates": [[80.1513465, 13.1614111], [80.1519104, 13.1614875]]}}, {"type": "Feature", "properties": {"osm_id": 1288112601, "highway": "path", "name": null, "source": "osm_overpass"}, "geometry": {"type": "LineString", "coordinates": [[80.1519104, 13.1614875], [80.1523325, 13.1614111], [80.1530025, 13.1613383]]}}, {"type": "Feature", "properties": {"osm_id": 1288114245, "highway": "path", "name": null, "source": "osm_overpass"}, "geometry": {"type": "LineString", "coordinates": [[80.2269077, 13.2232287], [80.2268685, 13.2228314], [80.2278076, 13.2227206]]}}, {"type": "Feature", "properties": {"osm_id": 1288114246, "highway": "path", "name": null, "source": "osm_overpass"}, "geometry": {"type": "LineString", "coordinates": [[80.229407, 13.2215163], [80.2293404, 13.2214772], [80.229134, 13.2214712], [80.2290138, 13.2214712], [80.2288906, 13.2213603], [80.2287889, 13.2213243]]}}, {"type": "Feature", "properties": {"osm_id": 1288114247, "highway": "path", "name": null, "source": "osm_overpass"}, "geometry": {"type": "LineString", "coordinates": [[80.2288906, 13.2213603], [80.2288813, 13.2212733]]}}, {"type": "Feature", "properties": {"osm_id": 1288114248, "highway": "path", "name": null, "source": "osm_overpass"}, "geometry": {"type": "LineString", "coordinates": [[80.2272959, 13.2216238], [80.2272958, 13.2216163], [80.2272901, 13.2213851], [80.2272936, 13.2213328], [80.2273461, 13.2212999], [80.2275983, 13.2213101], [80.2277046, 13.2212862], [80.2277699, 13.2211737]]}}, {"type": "Feature", "properties": {"osm_id": 1288114249, "highway": "path", "name": null, "source": "osm_overpass"}, "geometry": {"type": "LineString", "coordinates": [[80.2272959, 13.2216238], [80.2272971, 13.221867], [80.2269889, 13.2218602]]}}, {"type": "Feature", "properties": {"osm_id": 1288114250, "highway": "path", "name": null, "source": "osm_overpass"}, "geometry": {"type": "LineString", "coordinates": [[80.2272971, 13.221867], [80.2278318, 13.2218693], [80.2278534, 13.2219199]]}}, {"type": "Feature", "properties": {"osm_id": 1288114251, "highway": "path", "name": null, "source": "osm_overpass"}, "geometry": {"type": "LineString", "coordinates": [[80.2269924, 13.221622], [80.2272958, 13.2216163], [80.2274193, 13.221614]]}}, {"type": "Feature", "properties": {"osm_id": 1288114697, "highway": "path", "name": null, "source": "osm_overpass"}, "geometry": {"type": "LineString", "coordinates": [[80.2261724, 13.2272005], [80.2261376, 13.2272496], [80.2261539, 13.2273609], [80.2261707, 13.2275063], [80.2261688, 13.2275647], [80.226253, 13.2277026], [80.2263333, 13.227908], [80.2264913, 13.2282035]]}}, {"type": "Feature", "properties": {"osm_id": 1288114701, "highway": "path", "name": null, "source": "osm_overpass"}, "geometry": {"type": "LineString", "coordinates": [[80.2249425, 13.2242772], [80.2249548, 13.223901], [80.2249507, 13.2236655], [80.2249426, 13.2233746], [80.2249458, 13.2233205], [80.2249121, 13.2232836], [80.2248287, 13.2232658], [80.2248043, 13.2232322], [80.2248328, 13.2231767], [80.2248247, 13.2231174], [80.224664, 13.2229765]]}}, {"type": "Feature", "properties": {"osm_id": 1288114708, "highway": "path", "name": null, "source": "osm_overpass"}, "geometry": {"type": "LineString", "coordinates": [[80.2252751, 13.2252092], [80.2252523, 13.2251661], [80.2252523, 13.2251451], [80.2252523, 13.2251139], [80.2252831, 13.2250774], [80.2252751, 13.2250186], [80.2252603, 13.224969], [80.2252308, 13.2249011], [80.2251664, 13.224811], [80.2251436, 13.2247536], [80.2251544, 13.2246661], [80.2251128, 13.2245238], [80.2250726, 13.224452], [80.2250431, 13.2243724], [80.2250375, 13.224274]]}}, {"type": "Feature", "properties": {"osm_id": 1288114709, "highway": "path", "name": null, "source": "osm_overpass"}, "geometry": {"type": "LineString", "coordinates": [[80.2259298, 13.2251445], [80.2259108, 13.2250346], [80.2258691, 13.2249495], [80.2258031, 13.2248535], [80.2257482, 13.2247734], [80.2257126, 13.2247101], [80.2257025, 13.2246794], [80.2257014, 13.2245933]]}}, {"type": "Feature", "properties": {"osm_id": 1288114710, "highway": "path", "name": null, "source": "osm_overpass"}, "geometry": {"type": "LineString", "coordinates": [[80.2259108, 13.2250346], [80.2258955, 13.2246474]]}}, {"type": "Feature", "properties": {"osm_id": 1288116033, "highway": "path", "name": null, "source": "osm_overpass"}, "geometry": {"type": "LineString", "coordinates": [[80.2265668, 13.2244075], [80.226544, 13.2243148], [80.2265064, 13.2242795], [80.2264488, 13.2242377], [80.2264099, 13.2241633], [80.2264273, 13.2241059], [80.2264649, 13.2239662], [80.2264349, 13.223797]]}}, {"type": "Feature", "properties": {"osm_id": 1288116035, "highway": "path", "name": null, "source": "osm_overpass"}, "geometry": {"type": "LineString", "coordinates": [[80.2261737, 13.2244546], [80.2263455, 13.2244975], [80.2264716, 13.2245289], [80.2266754, 13.2247012], [80.2269262, 13.2248539], [80.2271247, 13.2249297], [80.2272695, 13.2248918], [80.2274305, 13.2248461]]}}, {"type": "Feature", "properties": {"osm_id": 1288118688, "highway": "path", "name": null, "source": "osm_overpass"}, "geometry": {"type": "LineString", "coordinates": [[80.2256959, 13.2184687], [80.2256714, 13.2181674], [80.2256557, 13.2179752], [80.2256436, 13.2177735], [80.2256346, 13.2176226], [80.2256208, 13.2173929], [80.225653, 13.2169412], [80.2256718, 13.2166357], [80.2257847, 13.2166252], [80.2258408, 13.21662], [80.2260984, 13.2166133], [80.2261412, 13.2166122], [80.2262243, 13.2166257], [80.2262574, 13.216631], [80.2263467, 13.2167073]]}}, {"type": "Feature", "properties": {"osm_id": 1288118689, "highway": "path", "name": null, "source": "osm_overpass"}, "geometry": {"type": "LineString", "coordinates": [[80.2263234, 13.2175392], [80.2262163, 13.2174713], [80.2260956, 13.2174713], [80.2259105, 13.2174739], [80.2257415, 13.2175131], [80.2256959, 13.2175131], [80.2256346, 13.2176226]]}}, {"type": "Feature", "properties": {"osm_id": 1288118690, "highway": "path", "name": null, "source": "osm_overpass"}, "geometry": {"type": "LineString", "coordinates": [[80.2250656, 13.2164085], [80.2250603, 13.2165208], [80.2250707, 13.2165594], [80.2250978, 13.2166592], [80.2252078, 13.2168498], [80.2253982, 13.217124], [80.225476, 13.2172363], [80.2255216, 13.2173198], [80.2256208, 13.2173929]]}}, {"type": "Feature", "properties": {"osm_id": 1288118691, "highway": "path", "name": null, "source": "osm_overpass"}, "geometry": {"type": "LineString", "coordinates": [[80.2249422, 13.2174138], [80.2249664, 13.2173277], [80.22502, 13.2172598], [80.2250656, 13.2171423], [80.225079, 13.2170613], [80.2250951, 13.2169386], [80.2252078, 13.2168498]]}}, {"type": "Feature", "properties": {"osm_id": 1288118692, "highway": "path", "name": null, "source": "osm_overpass"}, "geometry": {"type": "LineString", "coordinates": [[80.2252078, 13.2168498], [80.2253473, 13.2168133], [80.2254867, 13.2167506], [80.2255752, 13.2167219], [80.2256718, 13.2166357]]}}, {"type": "Feature", "properties": {"osm_id": 1288118693, "highway": "path", "name": null, "source": "osm_overpass"}, "geometry": {"type": "LineString", "coordinates": [[80.2262243, 13.2166257], [80.2262538, 13.2165313], [80.2261841, 13.216419]]}}, {"type": "Feature", "properties": {"osm_id": 1288118694, "highway": "path", "name": null, "source": "osm_overpass"}, "geometry": {"type": "LineString", "coordinates": [[80.2258408, 13.2164242], [80.2258783, 13.2164425], [80.2259829, 13.2165234], [80.2260984, 13.2166133]]}}, {"type": "Feature", "properties": {"osm_id": 1288118695, "highway": "path", "name": null, "source": "osm_overpass"}, "geometry": {"type": "LineString", "coordinates": [[80.2257847, 13.2166252], [80.2257549, 13.2165495], [80.2257523, 13.2164242]]}}, {"type": "Feature", "properties": {"osm_id": 1288118696, "highway": "path", "name": null, "source": "osm_overpass"}, "geometry": {"type": "LineString", "coordinates": [[80.2256436, 13.2177735], [80.225735, 13.2177778], [80.2258672, 13.2178253], [80.225922, 13.2178965], [80.2259871, 13.2179421], [80.2259912, 13.2180074], [80.2260298, 13.2180727], [80.2260603, 13.2181419], [80.226107, 13.2181538], [80.22617, 13.2181538]]}}, {"type": "Feature", "properties": {"osm_id": 1288118697, "highway": "path", "name": null, "source": "osm_overpass"}, "geometry": {"type": "LineString", "coordinates": [[80.2260603, 13.2181419], [80.2258387, 13.2181637], [80.2256714, 13.2181674]]}}, {"type": "Feature", "properties": {"osm_id": 1288118698, "highway": "path", "name": null, "source": "osm_overpass"}, "geometry": {"type": "LineString", "coordinates": [[80.2250707, 13.2165594], [80.2248871, 13.2166202], [80.2247607, 13.2166487], [80.224693, 13.2166877], [80.2246128, 13.2167102], [80.2245879, 13.216735]]}}, {"type": "Feature", "properties": {"osm_id": 1288120683, "highway": "path", "name": null, "source": "osm_overpass"}, "geometry": {"type": "LineString", "coordinates": [[80.1592562, 13.1609847], [80.1593077, 13.1610766], [80.1593211, 13.1611445], [80.1593909, 13.1611889], [80.1594552, 13.1612176], [80.1595169, 13.1612333], [80.1596135, 13.1612307], [80.1597235, 13.1612124], [80.1598522, 13.1611968], [80.1599434, 13.1611393], [80.1600078, 13.1610871]]}}, {"type": "Feature", "properties": {"osm_id": 1288120684, "highway": "path", "name": null, "source": "osm_overpass"}, "geometry": {"type": "LineString", "coordinates": [[80.1589537, 13.1617113], [80.1589161, 13.1616878], [80.1588491, 13.1616277], [80.1588383, 13.1615728], [80.1588169, 13.1615284], [80.1588356, 13.1614579], [80.1588249, 13.1614161], [80.1587579, 13.1614083], [80.1584065, 13.161471], [80.1581301, 13.161487]]}}, {"type": "Feature", "properties": {"osm_id": 1288120686, "highway": "path", "name": null, "source": "osm_overpass"}, "geometry": {"type": "LineString", "coordinates": [[80.159525, 13.1617486], [80.159474, 13.161612], [80.1594016, 13.1614736], [80.1593292, 13.1613482], [80.1593131, 13.1612412], [80.1593211, 13.1611445]]}}, {"type": "Feature", "properties": {"osm_id": 1288121870, "highway": "path", "name": null, "source": "osm_overpass"}, "geometry": {"type": "LineString", "coordinates": [[80.2241635, 13.228858], [80.224067, 13.2289154], [80.2239771, 13.2290538], [80.2239288, 13.2291517], [80.2238899, 13.2292784], [80.2238658, 13.2293241], [80.2238698, 13.2293907], [80.2238645, 13.2294755], [80.2238296, 13.2296283]]}}, {"type": "Feature", "properties": {"osm_id": 1288121871, "highway": "path", "name": null, "source": "osm_overpass"}, "geometry": {"type": "LineString", "coordinates": [[80.2240176, 13.2240167], [80.2240509, 13.2241516], [80.2241139, 13.2242821], [80.2241139, 13.2243918], [80.2241085, 13.2244936], [80.2241769, 13.2246085], [80.2242748, 13.2248069], [80.2242802, 13.2249506], [80.2242802, 13.2251412], [80.2250205, 13.2251372], [80.2252523, 13.2251451]]}}, {"type": "Feature", "properties": {"osm_id": 1288121907, "highway": "path", "name": null, "source": "osm_overpass"}, "geometry": {"type": "LineString", "coordinates": [[80.1530726, 13.1618585], [80.1526243, 13.1619391]]}}, {"type": "Feature", "properties": {"osm_id": 1288121908, "highway": "path", "name": null, "source": "osm_overpass"}, "geometry": {"type": "LineString", "coordinates": [[80.1532026, 13.1628243], [80.1532815, 13.1627592], [80.1533432, 13.1627096], [80.1533834, 13.1626469], [80.1534397, 13.162613], [80.1536248, 13.1625764], [80.1536731, 13.1625686], [80.1537106, 13.1625137], [80.1537884, 13.1625111], [80.1538823, 13.162519], [80.1539574, 13.1625216], [80.1540505, 13.1625092]]}}, {"type": "Feature", "properties": {"osm_id": 1288123183, "highway": "path", "name": null, "source": "osm_overpass"}, "geometry": {"type": "LineString", "coordinates": [[80.1525854, 13.164102], [80.1526298, 13.1639697], [80.1526368, 13.1638492], [80.1526065, 13.1637901], [80.1525411, 13.1637037], [80.1524967, 13.1635264], [80.152436, 13.1634013], [80.1523379, 13.1633172], [80.1522632, 13.1632626], [80.1522165, 13.1631899], [80.1521896, 13.1631562]]}}, {"type": "Feature", "properties": {"osm_id": 1288123185, "highway": "path", "name": null, "source": "osm_overpass"}, "geometry": {"type": "LineString", "coordinates": [[80.1519827, 13.1620558], [80.1517116, 13.1620324]]}}, {"type": "Feature", "properties": {"osm_id": 1288123273, "highway": "path", "name": null, "source": "osm_overpass"}, "geometry": {"type": "LineString", "coordinates": [[80.2184337, 13.2171825], [80.2185014, 13.2172438], [80.2186093, 13.2172895], [80.218671, 13.2172895], [80.2187622, 13.2172799]]}}, {"type": "Feature", "properties": {"osm_id": 1288123277, "highway": "path", "name": null, "source": "osm_overpass"}, "geometry": {"type": "LineString", "coordinates": [[80.2187402, 13.218194], [80.2188689, 13.2181878], [80.2192873, 13.2181747], [80.2195287, 13.2181786], [80.2195273, 13.2182557], [80.2195394, 13.2183053], [80.2195662, 13.218398], [80.2196313, 13.2184502]]}}, {"type": "Feature", "properties": {"osm_id": 1288123278, "highway": "path", "name": null, "source": "osm_overpass"}, "geometry": {"type": "LineString", "coordinates": [[80.2187625, 13.2184656], [80.2189433, 13.2184567], [80.2192249, 13.2184398], [80.219361, 13.2184567], [80.2196313, 13.2184502], [80.2197761, 13.2184398], [80.2198807, 13.2184287], [80.2200041, 13.2183999], [80.2200919, 13.2184332], [80.2201255, 13.2184698], [80.2201221, 13.2185813]]}}, {"type": "Feature", "properties": {"osm_id": 1288124615, "highway": "path", "name": null, "source": "osm_overpass"}, "geometry": {"type": "LineString", "coordinates": [[80.2193939, 13.2143257], [80.2195072, 13.2143298], [80.2198747, 13.2143246], [80.2205412, 13.2143598]]}}, {"type": "Feature", "properties": {"osm_id": 1288124983, "highway": "path", "name": null, "source": "osm_overpass"}, "geometry": {"type": "LineString", "coordinates": [[80.147891, 13.1718195], [80.1477405, 13.1718574], [80.147653, 13.171901], [80.1476124, 13.171901], [80.1475636, 13.1719267], [80.1474904, 13.1720237], [80.1474193, 13.1720316], [80.1473481, 13.1720178], [80.1472343, 13.1719505], [80.1471855, 13.1719425], [80.1471245, 13.1719425], [80.1470187, 13.1719868]]}}, {"type": "Feature", "properties": {"osm_id": 1288124985, "highway": "path", "name": null, "source": "osm_overpass"}, "geometry": {"type": "LineString", "coordinates": [[80.1471058, 13.1722697], [80.1470243, 13.1722847], [80.1469349, 13.1723267], [80.1468148, 13.1723867], [80.1466823, 13.1725007], [80.1465991, 13.1725937]]}}, {"type": "Feature", "properties": {"osm_id": 1288125872, "highway": "path", "name": null, "source": "osm_overpass"}, "geometry": {"type": "LineString", "coordinates": [[80.1491213, 13.171698], [80.1492728, 13.1716986], [80.1493828, 13.1717142], [80.1494418, 13.1717142]]}}, {"type": "Feature", "properties": {"osm_id": 1288126096, "highway": "path", "name": null, "source": "osm_overpass"}, "geometry": {"type": "LineString", "coordinates": [[80.1494605, 13.171265], [80.1495638, 13.1712967], [80.1496859, 13.171357], [80.1497549, 13.171438], [80.1497779, 13.1715069], [80.1497284, 13.171519], [80.1496788, 13.1715569], [80.1496257, 13.1716137], [80.1496257, 13.1716758], [80.149624, 13.1717189], [80.149585, 13.1717223], [80.149516, 13.1717016], [80.1494771, 13.1716965], [80.1494418, 13.1717142]]}}, {"type": "Feature", "properties": {"osm_id": 1288129107, "highway": "path", "name": null, "source": "osm_overpass"}, "geometry": {"type": "LineString", "coordinates": [[80.1403579, 13.1537649], [80.1404167, 13.1535814], [80.1405583, 13.153456], [80.1405841, 13.1532889], [80.1406871, 13.1531008]]}}, {"type": "Feature", "properties": {"osm_id": 1288129110, "highway": "path", "name": null, "source": "osm_overpass"}, "geometry": {"type": "LineString", "coordinates": [[80.1398483, 13.1545145], [80.13988, 13.1545781], [80.13988, 13.1546575], [80.139895, 13.1547139], [80.1399175, 13.1547714], [80.1399422, 13.1547933], [80.1399969, 13.1547724], [80.1400516, 13.1547515], [80.1400999, 13.1547515], [80.1401592, 13.1547808]]}}, {"type": "Feature", "properties": {"osm_id": 1288129111, "highway": "path", "name": null, "source": "osm_overpass"}, "geometry": {"type": "LineString", "coordinates": [[80.1399422, 13.1547933], [80.1398843, 13.1548121], [80.1398156, 13.1548414]]}}, {"type": "Feature", "properties": {"osm_id": 1288129113, "highway": "path", "name": null, "source": "osm_overpass"}, "geometry": {"type": "LineString", "coordinates": [[80.1396154, 13.1544792], [80.1396826, 13.154436], [80.139718, 13.1543712], [80.139748, 13.1543336], [80.1398296, 13.1542991], [80.1399079, 13.1542762], [80.1399918, 13.1542513], [80.1401306, 13.1542573], [80.1401102, 13.1541341], [80.1400855, 13.1540453], [80.1400812, 13.1540139], [80.1400126, 13.1540014], [80.1398925, 13.1539973]]}}, {"type": "Feature", "properties": {"osm_id": 1288129114, "highway": "path", "name": null, "source": "osm_overpass"}, "geometry": {"type": "LineString", "coordinates": [[80.1396826, 13.154436], [80.1397154, 13.1544433], [80.1397915, 13.1544851], [80.1398483, 13.1545145]]}}, {"type": "Feature", "properties": {"osm_id": 1288129118, "highway": "path", "name": null, "source": "osm_overpass"}, "geometry": {"type": "LineString", "coordinates": [[80.1417889, 13.1557238], [80.1416739, 13.1559812], [80.1416705, 13.1560978]]}}, {"type": "Feature", "properties": {"osm_id": 1288129119, "highway": "path", "name": null, "source": "osm_overpass"}, "geometry": {"type": "LineString", "coordinates": [[80.1413187, 13.1561767], [80.1413199, 13.1564178], [80.1413555, 13.1565814], [80.141337, 13.1566916], [80.1413318, 13.1567498]]}}, {"type": "Feature", "properties": {"osm_id": 1288129123, "highway": "path", "name": null, "source": "osm_overpass"}, "geometry": {"type": "LineString", "coordinates": [[80.1411269, 13.1573143], [80.1412426, 13.1573305], [80.1413317, 13.1573699]]}}, {"type": "Feature", "properties": {"osm_id": 1288129127, "highway": "path", "name": null, "source": "osm_overpass"}, "geometry": {"type": "LineString", "coordinates": [[80.1407852, 13.1570865], [80.1407181, 13.1568751], [80.1407023, 13.1567379], [80.1406945, 13.1566766], [80.1406086, 13.1564237]]}}, {"type": "Feature", "properties": {"osm_id": 1288223239, "highway": "path", "name": null, "source": "osm_overpass"}, "geometry": {"type": "LineString", "coordinates": [[80.1508752, 13.1692456], [80.1508225, 13.1692265], [80.1507432, 13.1692107], [80.1506457, 13.1692087], [80.1505725, 13.1692047], [80.1504871, 13.1692126], [80.1504241, 13.1692305], [80.1503814, 13.1692305], [80.150353, 13.1692285], [80.1503164, 13.1691948], [80.1502717, 13.1691651], [80.1502229, 13.1690959], [80.1501517, 13.1690404]]}}, {"type": "Feature", "properties": {"osm_id": 1288223242, "highway": "path", "name": null, "source": "osm_overpass"}, "geometry": {"type": "LineString", "coordinates": [[80.1495512, 13.1692467], [80.1495157, 13.1691428], [80.1494643, 13.1690927], [80.1493009, 13.1690609], [80.1492401, 13.1690451], [80.1491958, 13.1690336], [80.1490993, 13.1690681]]}}, {"type": "Feature", "properties": {"osm_id": 1288223243, "highway": "path", "name": null, "source": "osm_overpass"}, "geometry": {"type": "LineString", "coordinates": [[80.1492401, 13.1690451], [80.1492168, 13.1689177], [80.1492518, 13.1688404], [80.1493289, 13.168754], [80.1493966, 13.168663], [80.149486, 13.1684772]]}}, {"type": "Feature", "properties": {"osm_id": 1288582914, "highway": "footway", "name": null, "source": "osm_overpass"}, "geometry": {"type": "LineString", "coordinates": [[80.1913406, 13.1339144], [80.1915042, 13.13352], [80.1915846, 13.1333384]]}}, {"type": "Feature", "properties": {"osm_id": 1288582915, "highway": "footway", "name": null, "source": "osm_overpass"}, "geometry": {"type": "LineString", "coordinates": [[80.1915846, 13.1333384], [80.191585, 13.1333037]]}}, {"type": "Feature", "properties": {"osm_id": 1288582916, "highway": "footway", "name": null, "source": "osm_overpass"}, "geometry": {"type": "LineString", "coordinates": [[80.1914586, 13.1339536], [80.1916048, 13.1336127], [80.1917053, 13.1333658]]}}, {"type": "Feature", "properties": {"osm_id": 1288582917, "highway": "path", "name": null, "source": "osm_overpass"}, "geometry": {"type": "LineString", "coordinates": [[80.1913406, 13.1339144], [80.1913434, 13.1339763]]}}, {"type": "Feature", "properties": {"osm_id": 1288582918, "highway": "path", "name": null, "source": "osm_overpass"}, "geometry": {"type": "LineString", "coordinates": [[80.1914586, 13.1339536], [80.1914178, 13.1339881]]}}, {"type": "Feature", "properties": {"osm_id": 1288582919, "highway": "path", "name": null, "source": "osm_overpass"}, "geometry": {"type": "LineString", "coordinates": [[80.1917053, 13.1333658], [80.1916966, 13.1333215]]}}, {"type": "Feature", "properties": {"osm_id": 1288582928, "highway": "path", "name": null, "source": "osm_overpass"}, "geometry": {"type": "LineString", "coordinates": [[80.1917053, 13.1333658], [80.1917201, 13.1332627]]}}, {"type": "Feature", "properties": {"osm_id": 1288635110, "highway": "footway", "name": null, "source": "osm_overpass"}, "geometry": {"type": "LineString", "coordinates": [[80.1973368, 13.1121507], [80.1972938, 13.1116989], [80.197271, 13.1115225]]}}, {"type": "Feature", "properties": {"osm_id": 1288635111, "highway": "footway", "name": null, "source": "osm_overpass"}, "geometry": {"type": "LineString", "coordinates": [[80.1971168, 13.1121729], [80.197039, 13.111533]]}}, {"type": "Feature", "properties": {"osm_id": 1288635112, "highway": "footway", "name": null, "source": "osm_overpass"}, "geometry": {"type": "LineString", "coordinates": [[80.197271, 13.1115225], [80.1972254, 13.1111568], [80.1971397, 13.1105966], [80.1970955, 13.1103433], [80.1970029, 13.1099579], [80.1969133, 13.109897]]}}, {"type": "Feature", "properties": {"osm_id": 1288635113, "highway": "footway", "name": null, "source": "osm_overpass"}, "geometry": {"type": "LineString", "coordinates": [[80.1968074, 13.1099171], [80.1967535, 13.110031], [80.1968876, 13.1105129], [80.1969197, 13.1107271], [80.1970095, 13.1113418], [80.197039, 13.111533]]}}, {"type": "Feature", "properties": {"osm_id": 1289033503, "highway": "footway", "name": null, "source": "osm_overpass"}, "geometry": {"type": "LineString", "coordinates": [[80.2038812, 13.1584252], [80.2038281, 13.1584057], [80.2037049, 13.1583542], [80.2036557, 13.1583124]]}}, {"type": "Feature", "properties": {"osm_id": 1289033504, "highway": "path", "name": null, "source": "osm_overpass"}, "geometry": {"type": "LineString", "coordinates": [[80.2038812, 13.1584252], [80.2039126, 13.1583432], [80.204026, 13.1580595]]}}, {"type": "Feature", "properties": {"osm_id": 1289033505, "highway": "path", "name": null, "source": "osm_overpass"}, "geometry": {"type": "LineString", "coordinates": [[80.2036557, 13.1583124], [80.2035808, 13.158258], [80.2034467, 13.1582058], [80.2033324, 13.1581351], [80.2032964, 13.158083]]}}, {"type": "Feature", "properties": {"osm_id": 1289033506, "highway": "footway", "name": null, "source": "osm_overpass"}, "geometry": {"type": "LineString", "coordinates": [[80.1922815, 13.1840951], [80.1922078, 13.1840855], [80.1920934, 13.1840596], [80.1920124, 13.1840479], [80.191793, 13.1840719]]}}, {"type": "Feature", "properties": {"osm_id": 1289092304, "highway": "footway", "name": null, "source": "osm_overpass"}, "geometry": {"type": "LineString", "coordinates": [[80.2005963, 13.1227466], [80.2004014, 13.1226218], [80.2003226, 13.1225494], [80.2001254, 13.1222868], [80.1999105, 13.1219639], [80.1998637, 13.1219024], [80.1997799, 13.1217513], [80.199688, 13.1214952], [80.1995237, 13.1212694], [80.1993896, 13.121017], [80.1992341, 13.1207075], [80.1991549, 13.1205521]]}}, {"type": "Feature", "properties": {"osm_id": 1289092305, "highway": "footway", "name": null, "source": "osm_overpass"}, "geometry": {"type": "LineString", "coordinates": [[80.2053766, 13.1254996], [80.2053388, 13.1253591], [80.2053857, 13.125299], [80.205372, 13.1252809], [80.205429, 13.1251299]]}}, {"type": "Feature", "properties": {"osm_id": 1289631740, "highway": "path", "name": null, "source": "osm_overpass"}, "geometry": {"type": "LineString", "coordinates": [[80.1811517, 13.1364812], [80.181138, 13.1360103]]}}, {"type": "Feature", "properties": {"osm_id": 1291350494, "highway": "path", "name": null, "source": "osm_overpass"}, "geometry": {"type": "LineString", "coordinates": [[80.1973058, 13.1585442], [80.197292, 13.1585718], [80.1972628, 13.1586085], [80.1971324, 13.1585899]]}}, {"type": "Feature", "properties": {"osm_id": 1291350496, "highway": "footway", "name": null, "source": "osm_overpass"}, "geometry": {"type": "LineString", "coordinates": [[80.2015352, 13.158348], [80.2009559, 13.1584395], [80.2003644, 13.1585309], [80.1997137, 13.1586393], [80.1995501, 13.1586667], [80.1991456, 13.1587294], [80.1983763, 13.158856], [80.1980754, 13.1589017], [80.1978689, 13.1588913], [80.197779, 13.1588795], [80.1975765, 13.1588012], [80.197504, 13.1587634], [80.1974612, 13.1587411], [80.1972628, 13.1586085], [80.1970696, 13.1584773]]}}, {"type": "Feature", "properties": {"osm_id": 1291718927, "highway": "footway", "name": null, "source": "osm_overpass"}, "geometry": {"type": "LineString", "coordinates": [[80.2153955, 13.0847138], [80.2153952, 13.0847063]]}}, {"type": "Feature", "properties": {"osm_id": 1292362040, "highway": "footway", "name": null, "source": "osm_overpass"}, "geometry": {"type": "LineString", "coordinates": [[80.2051669, 13.1562775], [80.2050714, 13.1561917], [80.2049974, 13.1561252], [80.2049474, 13.15607]]}}, {"type": "Feature", "properties": {"osm_id": 1292795827, "highway": "footway", "name": null, "source": "osm_overpass"}, "geometry": {"type": "LineString", "coordinates": [[80.2013631, 13.1443361], [80.2014467, 13.1443795]]}}, {"type": "Feature", "properties": {"osm_id": 1296289445, "highway": "footway", "name": null, "source": "osm_overpass"}, "geometry": {"type": "LineString", "coordinates": [[80.2230569, 12.9714526], [80.2230993, 12.9714576], [80.2231477, 12.9714608], [80.2231418, 12.9715605], [80.2234107, 12.9715737], [80.22342, 12.9714229], [80.2234327, 12.971207], [80.223168, 12.9711806], [80.2231579, 12.9713207], [80.2231477, 12.9714608]]}}, {"type": "Feature", "properties": {"osm_id": 1296289446, "highway": "footway", "name": null, "source": "osm_overpass"}, "geometry": {"type": "LineString", "coordinates": [[80.2231579, 12.9713207], [80.2232186, 12.9713242]]}}, {"type": "Feature", "properties": {"osm_id": 1296289447, "highway": "footway", "name": null, "source": "osm_overpass"}, "geometry": {"type": "LineString", "coordinates": [[80.22342, 12.9714229], [80.223464, 12.9714287]]}}, {"type": "Feature", "properties": {"osm_id": 1296289448, "highway": "footway", "name": null, "source": "osm_overpass"}, "geometry": {"type": "LineString", "coordinates": [[80.223464, 12.9714287], [80.2234972, 12.9714473]]}}, {"type": "Feature", "properties": {"osm_id": 1296797440, "highway": "path", "name": null, "source": "osm_overpass"}, "geometry": {"type": "LineString", "coordinates": [[80.2501033, 13.0785402], [80.2504446, 13.078573], [80.2504607, 13.0785733], [80.2504684, 13.0785703], [80.2504791, 13.0785583], [80.2504848, 13.0785327], [80.2505545, 13.078222], [80.2505514, 13.0782081], [80.2505364, 13.0781988], [80.2505212, 13.0781945], [80.2505038, 13.0781932], [80.2504653, 13.0781969], [80.2504407, 13.0782018], [80.250149, 13.0783181]]}}, {"type": "Feature", "properties": {"osm_id": 1296797441, "highway": "path", "name": null, "source": "osm_overpass"}, "geometry": {"type": "LineString", "coordinates": [[80.2501568, 13.0783752], [80.2504848, 13.0785327]]}}, {"type": "Feature", "properties": {"osm_id": 1296797442, "highway": "path", "name": null, "source": "osm_overpass"}, "geometry": {"type": "LineString", "coordinates": [[80.2495495, 13.0781037], [80.2500709, 13.0783345]]}}, {"type": "Feature", "properties": {"osm_id": 1296797444, "highway": "path", "name": null, "source": "osm_overpass"}, "geometry": {"type": "LineString", "coordinates": [[80.2493816, 13.0782921], [80.249692, 13.0783236], [80.2497075, 13.0783349], [80.2497993, 13.0784911], [80.24982, 13.0785087], [80.2498446, 13.0785138], [80.2501033, 13.0785402]]}}, {"type": "Feature", "properties": {"osm_id": 1296800349, "highway": "footway", "name": null, "source": "osm_overpass"}, "geometry": {"type": "LineString", "coordinates": [[80.2260303, 13.0805177], [80.226024, 13.0804839], [80.2260151, 13.0804064]]}}, {"type": "Feature", "properties": {"osm_id": 1297896358, "highway": "path", "name": null, "source": "osm_overpass"}, "geometry": {"type": "LineString", "coordinates": [[80.1913197, 13.0545359], [80.1913053, 13.0546742], [80.1913082, 13.0551759]]}}, {"type": "Feature", "properties": {"osm_id": 1298004773, "highway": "footway", "name": null, "source": "osm_overpass"}, "geometry": {"type": "LineString", "coordinates": [[80.2046625, 13.073633], [80.2046566, 13.0735914], [80.2046464, 13.0735238]]}}, {"type": "Feature", "properties": {"osm_id": 1298024770, "highway": "footway", "name": null, "source": "osm_overpass"}, "geometry": {"type": "LineString", "coordinates": [[80.1469594, 13.0442955], [80.1472104, 13.0443012]]}}, {"type": "Feature", "properties": {"osm_id": 1298047840, "highway": "footway", "name": null, "source": "osm_overpass"}, "geometry": {"type": "LineString", "coordinates": [[80.1473878, 13.1219661], [80.147412, 13.1219601], [80.1475022, 13.121938]]}}, {"type": "Feature", "properties": {"osm_id": 1298712436, "highway": "path", "name": "Welcome Colony", "source": "osm_overpass"}, "geometry": {"type": "LineString", "coordinates": [[80.2113461, 13.1032505], [80.2115918, 13.1031565]]}}, {"type": "Feature", "properties": {"osm_id": 1298732633, "highway": "path", "name": null, "source": "osm_overpass"}, "geometry": {"type": "LineString", "coordinates": [[80.1017346, 13.0448751], [80.1018545, 13.0448527]]}}, {"type": "Feature", "properties": {"osm_id": 1299016854, "highway": "path", "name": null, "source": "osm_overpass"}, "geometry": {"type": "LineString", "coordinates": [[80.2395984, 13.1540746], [80.2397977, 13.1540419]]}}, {"type": "Feature", "properties": {"osm_id": 1299017226, "highway": "path", "name": null, "source": "osm_overpass"}, "geometry": {"type": "LineString", "coordinates": [[80.2368047, 13.1528209], [80.2367923, 13.1528215], [80.2367243, 13.1528165], [80.2366761, 13.1527941], [80.2366561, 13.152749]]}}, {"type": "Feature", "properties": {"osm_id": 1299269002, "highway": "path", "name": null, "source": "osm_overpass"}, "geometry": {"type": "LineString", "coordinates": [[80.1848449, 12.8936111], [80.1848692, 12.8936902]]}}, {"type": "Feature", "properties": {"osm_id": 1300155802, "highway": "path", "name": null, "source": "osm_overpass"}, "geometry": {"type": "LineString", "coordinates": [[80.0620728, 13.1200526], [80.0621074, 13.120032], [80.0622385, 13.1199661]]}}, {"type": "Feature", "properties": {"osm_id": 1300405871, "highway": "path", "name": null, "source": "osm_overpass"}, "geometry": {"type": "LineString", "coordinates": [[80.2257531, 13.0215097], [80.2257752, 13.021456]]}}, {"type": "Feature", "properties": {"osm_id": 1300406961, "highway": "path", "name": null, "source": "osm_overpass"}, "geometry": {"type": "LineString", "coordinates": [[80.225765, 13.0726889], [80.2260296, 13.0726719]]}}, {"type": "Feature", "properties": {"osm_id": 1300659473, "highway": "path", "name": null, "source": "osm_overpass"}, "geometry": {"type": "LineString", "coordinates": [[80.0667558, 13.1284717], [80.0667757, 13.128248], [80.0667716, 13.1281683], [80.0667815, 13.1280872], [80.0667774, 13.1280419]]}}, {"type": "Feature", "properties": {"osm_id": 1301438758, "highway": "path", "name": null, "source": "osm_overpass"}, "geometry": {"type": "LineString", "coordinates": [[80.0856976, 13.0418876], [80.0858191, 13.0419105]]}}, {"type": "Feature", "properties": {"osm_id": 1301442447, "highway": "path", "name": null, "source": "osm_overpass"}, "geometry": {"type": "LineString", "coordinates": [[80.0399951, 13.1242137], [80.0400134, 13.1242291], [80.0400467, 13.1242488], [80.0400861, 13.1242565]]}}, {"type": "Feature", "properties": {"osm_id": 1301502397, "highway": "path", "name": null, "source": "osm_overpass"}, "geometry": {"type": "LineString", "coordinates": [[80.0983201, 12.9878399], [80.0985376, 12.9877899]]}}, {"type": "Feature", "properties": {"osm_id": 1301511105, "highway": "path", "name": null, "source": "osm_overpass"}, "geometry": {"type": "LineString", "coordinates": [[80.1066417, 12.9929633], [80.106886, 12.9928946], [80.1069328, 12.9928966], [80.1069612, 12.9929302], [80.1070422, 12.9932362]]}}, {"type": "Feature", "properties": {"osm_id": 1301656220, "highway": "footway", "name": null, "source": "osm_overpass"}, "geometry": {"type": "LineString", "coordinates": [[80.2609136, 12.9543406], [80.2608572, 12.9543409]]}}, {"type": "Feature", "properties": {"osm_id": 1301656355, "highway": "footway", "name": null, "source": "osm_overpass"}, "geometry": {"type": "LineString", "coordinates": [[80.2607984, 12.9546317], [80.2608549, 12.9546331]]}}, {"type": "Feature", "properties": {"osm_id": 1301674522, "highway": "path", "name": null, "source": "osm_overpass"}, "geometry": {"type": "LineString", "coordinates": [[80.0277403, 12.8117292], [80.0277492, 12.8118054], [80.0277549, 12.8118461], [80.0277567, 12.8118859], [80.0277479, 12.8119315]]}}, {"type": "Feature", "properties": {"osm_id": 1301707265, "highway": "path", "name": "Path to Birds watch", "source": "osm_overpass"}, "geometry": {"type": "LineString", "coordinates": [[80.0832297, 12.8816246], [80.0832951, 12.8821939]]}}, {"type": "Feature", "properties": {"osm_id": 1301712683, "highway": "path", "name": null, "source": "osm_overpass"}, "geometry": {"type": "LineString", "coordinates": [[80.0288721, 13.1228928], [80.0289497, 13.1228835]]}}, {"type": "Feature", "properties": {"osm_id": 1301718898, "highway": "path", "name": null, "source": "osm_overpass"}, "geometry": {"type": "LineString", "coordinates": [[80.0468664, 12.9641574], [80.0469239, 12.9643161], [80.0471058, 12.9645867], [80.0472064, 12.9647547], [80.0474697, 12.964764], [80.0475798, 12.9648667], [80.0475607, 12.9652166]]}}, {"type": "Feature", "properties": {"osm_id": 1301743249, "highway": "path", "name": null, "source": "osm_overpass"}, "geometry": {"type": "LineString", "coordinates": [[80.2624598, 13.1676047], [80.2630906, 13.1676015]]}}, {"type": "Feature", "properties": {"osm_id": 1301744453, "highway": "footway", "name": null, "source": "osm_overpass"}, "geometry": {"type": "LineString", "coordinates": [[80.1072601, 12.9908976], [80.1072506, 12.9908499], [80.107246, 12.9908266]]}}, {"type": "Feature", "properties": {"osm_id": 1301744969, "highway": "footway", "name": null, "source": "osm_overpass"}, "geometry": {"type": "LineString", "coordinates": [[80.1072601, 12.9908976], [80.1072643, 12.990917], [80.1072698, 12.9909425]]}}, {"type": "Feature", "properties": {"osm_id": 1301745748, "highway": "path", "name": null, "source": "osm_overpass"}, "geometry": {"type": "LineString", "coordinates": [[80.1094688, 12.9905472], [80.1094614, 12.990506]]}}, {"type": "Feature", "properties": {"osm_id": 1301746436, "highway": "path", "name": null, "source": "osm_overpass"}, "geometry": {"type": "LineString", "coordinates": [[80.1056364, 12.9891347], [80.1058044, 12.9891067], [80.105854, 12.9890898], [80.1058781, 12.9890767]]}}, {"type": "Feature", "properties": {"osm_id": 1301978553, "highway": "path", "name": null, "source": "osm_overpass"}, "geometry": {"type": "LineString", "coordinates": [[80.1513964, 13.0724381], [80.1509907, 13.072522]]}}, {"type": "Feature", "properties": {"osm_id": 1302189387, "highway": "path", "name": null, "source": "osm_overpass"}, "geometry": {"type": "LineString", "coordinates": [[80.0445034, 13.115875], [80.0444765, 13.115482]]}}, {"type": "Feature", "properties": {"osm_id": 1302190533, "highway": "path", "name": null, "source": "osm_overpass"}, "geometry": {"type": "LineString", "coordinates": [[80.0401403, 13.1148054], [80.0404359, 13.11483]]}}, {"type": "Feature", "properties": {"osm_id": 1302191933, "highway": "path", "name": null, "source": "osm_overpass"}, "geometry": {"type": "LineString", "coordinates": [[80.0381355, 13.1210982], [80.038153, 13.1211024], [80.0382395, 13.1211664], [80.0382744, 13.1211775], [80.0383092, 13.1211801], [80.0383205, 13.1211789]]}}, {"type": "Feature", "properties": {"osm_id": 1302194851, "highway": "path", "name": null, "source": "osm_overpass"}, "geometry": {"type": "LineString", "coordinates": [[80.0609493, 13.1146374], [80.061504, 13.1145581]]}}, {"type": "Feature", "properties": {"osm_id": 1302196212, "highway": "path", "name": null, "source": "osm_overpass"}, "geometry": {"type": "LineString", "coordinates": [[80.0401372, 13.1389109], [80.0401576, 13.1389814], [80.0401459, 13.1390865], [80.0400664, 13.1393969]]}}, {"type": "Feature", "properties": {"osm_id": 1302205154, "highway": "footway", "name": null, "source": "osm_overpass"}, "geometry": {"type": "LineString", "coordinates": [[80.1654392, 12.9216119], [80.1654043, 12.921448]]}}, {"type": "Feature", "properties": {"osm_id": 1302230685, "highway": "path", "name": null, "source": "osm_overpass"}, "geometry": {"type": "LineString", "coordinates": [[80.1332743, 13.1489742], [80.1333806, 13.1489571], [80.1335859, 13.1489048], [80.1336097, 13.1488995]]}}, {"type": "Feature", "properties": {"osm_id": 1302273444, "highway": "path", "name": null, "source": "osm_overpass"}, "geometry": {"type": "LineString", "coordinates": [[80.198721, 12.8825942], [80.1987648, 12.8830891]]}}, {"type": "Feature", "properties": {"osm_id": 1302273446, "highway": "path", "name": null, "source": "osm_overpass"}, "geometry": {"type": "LineString", "coordinates": [[80.2004117, 12.8827497], [80.2004011, 12.8827638], [80.2002232, 12.8828425]]}}, {"type": "Feature", "properties": {"osm_id": 1302525217, "highway": "path", "name": "path2", "source": "osm_overpass"}, "geometry": {"type": "LineString", "coordinates": [[80.0009464, 13.011931], [80.0010436, 13.0119446]]}}, {"type": "Feature", "properties": {"osm_id": 1302525218, "highway": "path", "name": "path4", "source": "osm_overpass"}, "geometry": {"type": "LineString", "coordinates": [[80.0009959, 13.0118333], [80.0010934, 13.0118429]]}}, {"type": "Feature", "properties": {"osm_id": 1302525219, "highway": "path", "name": "path3", "source": "osm_overpass"}, "geometry": {"type": "LineString", "coordinates": [[80.0009959, 13.0118333], [80.0009144, 13.0117683]]}}, {"type": "Feature", "properties": {"osm_id": 1302525220, "highway": "path", "name": "path6", "source": "osm_overpass"}, "geometry": {"type": "LineString", "coordinates": [[80.001054, 13.0117185], [80.0011433, 13.0117125]]}}, {"type": "Feature", "properties": {"osm_id": 1302525221, "highway": "path", "name": "path5", "source": "osm_overpass"}, "geometry": {"type": "LineString", "coordinates": [[80.001054, 13.0117185], [80.00098, 13.0116466]]}}, {"type": "Feature", "properties": {"osm_id": 1302525223, "highway": "path", "name": "path8", "source": "osm_overpass"}, "geometry": {"type": "LineString", "coordinates": [[80.0011012, 13.0116254], [80.0011744, 13.0116033]]}}, {"type": "Feature", "properties": {"osm_id": 1302525224, "highway": "path", "name": "path7", "source": "osm_overpass"}, "geometry": {"type": "LineString", "coordinates": [[80.0011012, 13.0116254], [80.0010359, 13.0115472]]}}, {"type": "Feature", "properties": {"osm_id": 1302703054, "highway": "path", "name": null, "source": "osm_overpass"}, "geometry": {"type": "LineString", "coordinates": [[80.1076586, 12.9917922], [80.1076315, 12.9916877]]}}, {"type": "Feature", "properties": {"osm_id": 1302989717, "highway": "path", "name": null, "source": "osm_overpass"}, "geometry": {"type": "LineString", "coordinates": [[80.0364373, 12.8476884], [80.0365819, 12.8476433], [80.0366543, 12.8476393], [80.0367388, 12.8476537], [80.0368381, 12.8476916], [80.0368964, 12.8477341]]}}, {"type": "Feature", "properties": {"osm_id": 1302991222, "highway": "path", "name": null, "source": "osm_overpass"}, "geometry": {"type": "LineString", "coordinates": [[80.0569774, 12.8327082], [80.0570337, 12.8326128], [80.0570302, 12.8325354], [80.0568869, 12.8322495]]}}, {"type": "Feature", "properties": {"osm_id": 1302991903, "highway": "path", "name": null, "source": "osm_overpass"}, "geometry": {"type": "LineString", "coordinates": [[80.0479236, 12.8511275], [80.0480094, 12.8515261], [80.0480329, 12.8516357], [80.0481551, 12.8518529]]}}, {"type": "Feature", "properties": {"osm_id": 1303001770, "highway": "path", "name": null, "source": "osm_overpass"}, "geometry": {"type": "LineString", "coordinates": [[80.0597066, 12.8689015], [80.05969, 12.8691945], [80.0596843, 12.8692943]]}}, {"type": "Feature", "properties": {"osm_id": 1303065204, "highway": "path", "name": null, "source": "osm_overpass"}, "geometry": {"type": "LineString", "coordinates": [[79.9980698, 13.1173191], [79.9980708, 13.1174794], [79.9980753, 13.1175731], [79.9980933, 13.1176524], [79.998123, 13.1177191]]}}, {"type": "Feature", "properties": {"osm_id": 1303069778, "highway": "path", "name": null, "source": "osm_overpass"}, "geometry": {"type": "LineString", "coordinates": [[80.2052806, 13.1903785], [80.2057763, 13.1903312]]}}, {"type": "Feature", "properties": {"osm_id": 1303069779, "highway": "path", "name": null, "source": "osm_overpass"}, "geometry": {"type": "LineString", "coordinates": [[80.2057763, 13.1903312], [80.2064148, 13.1902659]]}}, {"type": "Feature", "properties": {"osm_id": 1303076484, "highway": "path", "name": null, "source": "osm_overpass"}, "geometry": {"type": "LineString", "coordinates": [[79.9925084, 13.1137107], [79.9925352, 13.1138214], [79.9925685, 13.1138936], [79.9926017, 13.1139483], [79.9926253, 13.1139977], [79.9926489, 13.1140471]]}}, {"type": "Feature", "properties": {"osm_id": 1303190684, "highway": "path", "name": null, "source": "osm_overpass"}, "geometry": {"type": "LineString", "coordinates": [[80.2018405, 13.195312], [80.2018523, 13.1955263]]}}, {"type": "Feature", "properties": {"osm_id": 1303193864, "highway": "path", "name": null, "source": "osm_overpass"}, "geometry": {"type": "LineString", "coordinates": [[80.0635055, 13.1124952], [80.0635823, 13.1125998], [80.0636076, 13.1126304], [80.0636263, 13.1126438]]}}, {"type": "Feature", "properties": {"osm_id": 1303194393, "highway": "path", "name": null, "source": "osm_overpass"}, "geometry": {"type": "LineString", "coordinates": [[79.9833168, 13.1246691], [79.9827808, 13.1246561]]}}, {"type": "Feature", "properties": {"osm_id": 1303199566, "highway": "path", "name": null, "source": "osm_overpass"}, "geometry": {"type": "LineString", "coordinates": [[79.9987866, 13.1348982], [79.9985595, 13.1349141]]}}, {"type": "Feature", "properties": {"osm_id": 1303271318, "highway": "path", "name": null, "source": "osm_overpass"}, "geometry": {"type": "LineString", "coordinates": [[80.1283675, 13.1238916], [80.1283736, 13.123987]]}}, {"type": "Feature", "properties": {"osm_id": 1303397283, "highway": "path", "name": null, "source": "osm_overpass"}, "geometry": {"type": "LineString", "coordinates": [[80.1366439, 13.1632104], [80.1365864, 13.1632338], [80.1365652, 13.1632794], [80.1366224, 13.1635389], [80.136664, 13.1637585], [80.1366809, 13.1637789], [80.1367074, 13.1637813], [80.1369403, 13.1637197]]}}, {"type": "Feature", "properties": {"osm_id": 1303400967, "highway": "footway", "name": null, "source": "osm_overpass"}, "geometry": {"type": "LineString", "coordinates": [[80.097948, 12.97097], [80.0978281, 12.9708623], [80.0977373, 12.9707915], [80.0976555, 12.9707682], [80.0975181, 12.9707815], [80.0974386, 12.9708191], [80.0973852, 12.970901], [80.0973716, 12.9709696], [80.0973545, 12.9710416], [80.0972875, 12.9710892], [80.0971944, 12.9711025], [80.0971104, 12.9710593], [80.0970456, 12.970984], [80.096982, 12.9709187], [80.0969105, 12.97089], [80.0967879, 12.9708914], [80.0966895, 12.970926], [80.0966267, 12.9710192], [80.0965707, 12.9711031], [80.0965065, 12.9711563], [80.0964245, 12.9711643], [80.0963316, 12.9711057], [80.0962728, 12.9710312], [80.0961704, 12.9709792], [80.0961048, 12.970934], [80.0960556, 12.9708847], [80.0960419, 12.9708155], [80.0960371, 12.9706516]]}}, {"type": "Feature", "properties": {"osm_id": 1303401530, "highway": "path", "name": null, "source": "osm_overpass"}, "geometry": {"type": "LineString", "coordinates": [[80.1407619, 13.1276691], [80.1408227, 13.1276307]]}}, {"type": "Feature", "properties": {"osm_id": 1303624875, "highway": "path", "name": null, "source": "osm_overpass"}, "geometry": {"type": "LineString", "coordinates": [[80.110995, 13.0079826], [80.1109989, 13.0079649], [80.1112725, 13.007715], [80.1113512, 13.0076315]]}}, {"type": "Feature", "properties": {"osm_id": 1306698293, "highway": "path", "name": null, "source": "osm_overpass"}, "geometry": {"type": "LineString", "coordinates": [[80.0981924, 13.21396], [80.0984521, 13.213922]]}}, {"type": "Feature", "properties": {"osm_id": 1306698304, "highway": "path", "name": null, "source": "osm_overpass"}, "geometry": {"type": "LineString", "coordinates": [[80.0985113, 13.2142452], [80.0984416, 13.2142514], [80.0983531, 13.2142592], [80.0983048, 13.2142488], [80.0982217, 13.2142122], [80.0981439, 13.2141835], [80.0980929, 13.2141861], [80.0980071, 13.2142018], [80.09794, 13.2142096], [80.0978918, 13.2142122], [80.0978676, 13.2141992], [80.0978274, 13.2141469], [80.0978032, 13.2140973], [80.0977845, 13.2140477], [80.0977759, 13.2140179]]}}, {"type": "Feature", "properties": {"osm_id": 1306698305, "highway": "path", "name": null, "source": "osm_overpass"}, "geometry": {"type": "LineString", "coordinates": [[80.0978918, 13.2142122], [80.0978661, 13.2142912], [80.0978498, 13.2143957], [80.0978311, 13.2144708], [80.0977891, 13.2145503], [80.097747, 13.2146208], [80.0977167, 13.214664], [80.0977027, 13.2146935], [80.0976957, 13.214739], [80.097698, 13.2147913], [80.0977075, 13.2148895]]}}, {"type": "Feature", "properties": {"osm_id": 1306698340, "highway": "path", "name": null, "source": "osm_overpass"}, "geometry": {"type": "LineString", "coordinates": [[80.0972105, 13.2128744], [80.0972113, 13.2129955], [80.0972033, 13.2131626], [80.0971925, 13.2132775], [80.0971711, 13.2133768], [80.0971388, 13.2134962]]}}, {"type": "Feature", "properties": {"osm_id": 1306698350, "highway": "path", "name": null, "source": "osm_overpass"}, "geometry": {"type": "LineString", "coordinates": [[80.0985113, 13.2142452], [80.0986539, 13.2142362], [80.0987052, 13.2142414], [80.0987583, 13.2142552], [80.0988043, 13.2142673], [80.098845, 13.2142724], [80.0988821, 13.2142707], [80.0989334, 13.2142596]]}}, {"type": "Feature", "properties": {"osm_id": 1307643229, "highway": "footway", "name": null, "source": "osm_overpass"}, "geometry": {"type": "LineString", "coordinates": [[80.2010785, 13.0048393], [80.2011702, 13.0048074]]}}, {"type": "Feature", "properties": {"osm_id": 1307643230, "highway": "footway", "name": null, "source": "osm_overpass"}, "geometry": {"type": "LineString", "coordinates": [[80.2015298, 13.0046885], [80.201311, 13.0047913]]}}, {"type": "Feature", "properties": {"osm_id": 1307643233, "highway": "footway", "name": null, "source": "osm_overpass"}, "geometry": {"type": "LineString", "coordinates": [[80.2009976, 13.00462], [80.2012148, 13.0045439], [80.2013761, 13.0044874], [80.2014353, 13.0044666], [80.2014465, 13.0044627]]}}, {"type": "Feature", "properties": {"osm_id": 1310971068, "highway": "footway", "name": null, "source": "osm_overpass"}, "geometry": {"type": "LineString", "coordinates": [[80.2017092, 13.1294723], [80.2016889, 13.1294757], [80.2016788, 13.1294776], [80.2013724, 13.1295351]]}}, {"type": "Feature", "properties": {"osm_id": 1310971070, "highway": "footway", "name": null, "source": "osm_overpass"}, "geometry": {"type": "LineString", "coordinates": [[80.2013636, 13.1293301], [80.201363, 13.1293654], [80.2013462, 13.129381], [80.2013415, 13.1294039], [80.2013724, 13.1295351], [80.2013978, 13.129656]]}}, {"type": "Feature", "properties": {"osm_id": 1310971071, "highway": "footway", "name": null, "source": "osm_overpass"}, "geometry": {"type": "LineString", "coordinates": [[80.2014521, 13.1292751], [80.2014589, 13.129304]]}}, {"type": "Feature", "properties": {"osm_id": 1310971072, "highway": "footway", "name": null, "source": "osm_overpass"}, "geometry": {"type": "LineString", "coordinates": [[80.2013636, 13.1293301], [80.2014589, 13.129304], [80.2016493, 13.1292563]]}}, {"type": "Feature", "properties": {"osm_id": 1310971073, "highway": "footway", "name": null, "source": "osm_overpass"}, "geometry": {"type": "LineString", "coordinates": [[80.2016493, 13.1292563], [80.2016788, 13.1294776], [80.2016902, 13.1296031], [80.2013978, 13.129656]]}}, {"type": "Feature", "properties": {"osm_id": 1312030453, "highway": "footway", "name": null, "source": "osm_overpass"}, "geometry": {"type": "LineString", "coordinates": [[80.2093654, 13.1527263], [80.2093252, 13.1526441], [80.2092739, 13.152564], [80.2092097, 13.1524762]]}}, {"type": "Feature", "properties": {"osm_id": 1312030455, "highway": "footway", "name": null, "source": "osm_overpass"}, "geometry": {"type": "LineString", "coordinates": [[80.2085516, 13.1532924], [80.2085102, 13.1532424], [80.2084529, 13.1531582], [80.20841, 13.1531035]]}}, {"type": "Feature", "properties": {"osm_id": 1312030457, "highway": "footway", "name": null, "source": "osm_overpass"}, "geometry": {"type": "LineString", "coordinates": [[80.2038468, 13.1586768], [80.2037319, 13.1586418], [80.2036098, 13.1585935], [80.2034793, 13.1586632]]}}, {"type": "Feature", "properties": {"osm_id": 1312364945, "highway": "footway", "name": null, "source": "osm_overpass"}, "geometry": {"type": "LineString", "coordinates": [[80.1994297, 13.1202544], [80.1996236, 13.1204039], [80.1999508, 13.1211405], [80.2002163, 13.1216264], [80.2003129, 13.1218197], [80.2006321, 13.1222507], [80.2007562, 13.1223532], [80.2010317, 13.1226008], [80.2014207, 13.1228554], [80.2016093, 13.1229086]]}}, {"type": "Feature", "properties": {"osm_id": 1314568034, "highway": "footway", "name": null, "source": "osm_overpass"}, "geometry": {"type": "LineString", "coordinates": [[80.2260001, 13.0787794], [80.2259498, 13.0787811], [80.2258815, 13.0787833], [80.2258587, 13.0787676], [80.2258547, 13.0787494], [80.2258426, 13.0784463], [80.2258587, 13.0784228], [80.2259189, 13.0784181], [80.2259763, 13.0784136]]}}, {"type": "Feature", "properties": {"osm_id": 1314568035, "highway": "footway", "name": null, "source": "osm_overpass"}, "geometry": {"type": "LineString", "coordinates": [[80.2241867, 13.0785324], [80.2243151, 13.0785221], [80.2243392, 13.0785364], [80.2243409, 13.0785584], [80.2243633, 13.0788418], [80.2243647, 13.0788591], [80.2243499, 13.0788774], [80.2242188, 13.0788904]]}}, {"type": "Feature", "properties": {"osm_id": 1314573328, "highway": "footway", "name": null, "source": "osm_overpass"}, "geometry": {"type": "LineString", "coordinates": [[80.2251573, 13.079281], [80.2251377, 13.0792856], [80.2251214, 13.0792971], [80.2251108, 13.0793139], [80.2251077, 13.0793333], [80.2251124, 13.0793524], [80.2251242, 13.0793683], [80.2251347, 13.0793759], [80.2251613, 13.0793816], [80.2251809, 13.079377], [80.2251972, 13.0793655], [80.2252078, 13.0793488], [80.2252109, 13.0793294], [80.2252062, 13.0793103], [80.2251944, 13.0792944], [80.2251772, 13.0792841], [80.2251573, 13.079281]]}}, {"type": "Feature", "properties": {"osm_id": 1314573329, "highway": "footway", "name": null, "source": "osm_overpass"}, "geometry": {"type": "LineString", "coordinates": [[80.2251124, 13.0793524], [80.2250218, 13.0793516], [80.2249534, 13.0793581], [80.2248998, 13.0793712], [80.224826, 13.0794117], [80.2247697, 13.0794587], [80.2247295, 13.0794652], [80.2246664, 13.0794574], [80.2246249, 13.0794339], [80.2245592, 13.0793581], [80.2244975, 13.0792575], [80.2244752, 13.079196], [80.2244411, 13.0791021], [80.2244331, 13.079055], [80.2244452, 13.0790132], [80.224586, 13.0788486], [80.2246048, 13.0788277], [80.2245846, 13.078539], [80.2245364, 13.0784985], [80.2243781, 13.078364], [80.2243647, 13.0783366], [80.2243719, 13.0782476], [80.2243955, 13.0781145], [80.2244197, 13.0780204], [80.2244559, 13.0779773], [80.2244814, 13.0779708], [80.2245176, 13.0779799], [80.2246555, 13.0781213], [80.2247483, 13.0782164], [80.2248113, 13.0782425], [80.2248716, 13.078249], [80.2249109, 13.0782402], [80.2249239, 13.0782373], [80.2249695, 13.0781955], [80.2250218, 13.0781354], [80.225042, 13.0781262], [80.2250701, 13.0781236], [80.225105, 13.0781406], [80.2251492, 13.0781903], [80.2252029, 13.0782242], [80.2252324, 13.0782373], [80.2252793, 13.0782399], [80.2253249, 13.0782229], [80.2253705, 13.078185], [80.2253987, 13.0781341], [80.2254054, 13.0780727], [80.2254014, 13.0779342], [80.2254081, 13.0778963], [80.2254295, 13.0778663], [80.2254751, 13.0778493], [80.2255234, 13.0778493], [80.2255757, 13.0778637], [80.2256294, 13.0778989], [80.2256857, 13.0779682], [80.2257232, 13.0780283], [80.2257675, 13.0781942], [80.2257742, 13.0782647], [80.2257581, 13.0782935], [80.2256039, 13.0784646], [80.2256267, 13.0787637], [80.2258332, 13.078944], [80.225793, 13.0791556], [80.2257702, 13.0792222], [80.2257165, 13.0793085], [80.2256723, 13.0793725], [80.2256428, 13.0793881], [80.2255985, 13.079396], [80.2255543, 13.0793934], [80.2255092, 13.0793714], [80.225447, 13.0793411], [80.2253866, 13.0793281], [80.225345, 13.0793267], [80.2252726, 13.0793398], [80.2252078, 13.0793488]]}}, {"type": "Feature", "properties": {"osm_id": 1314581940, "highway": "footway", "name": null, "source": "osm_overpass"}, "geometry": {"type": "LineString", "coordinates": [[80.2253282, 13.0787188], [80.2253678, 13.0786658], [80.2254108, 13.078654], [80.2254336, 13.0786396], [80.2254504, 13.0786235]]}}, {"type": "Feature", "properties": {"osm_id": 1314581941, "highway": "footway", "name": null, "source": "osm_overpass"}, "geometry": {"type": "LineString", "coordinates": [[80.2247646, 13.0786656], [80.2247925, 13.0786893], [80.2248207, 13.0786997], [80.2248502, 13.0787036], [80.2248636, 13.0787167], [80.2248937, 13.0787501]]}}, {"type": "Feature", "properties": {"osm_id": 1314581942, "highway": "footway", "name": null, "source": "osm_overpass"}, "geometry": {"type": "LineString", "coordinates": [[80.2249722, 13.0785051], [80.2249414, 13.0785795], [80.2249226, 13.0786044]]}}, {"type": "Feature", "properties": {"osm_id": 1314581943, "highway": "footway", "name": null, "source": "osm_overpass"}, "geometry": {"type": "LineString", "coordinates": [[80.2249306, 13.0787036], [80.2249642, 13.0787441], [80.2249897, 13.0787964]]}}, {"type": "Feature", "properties": {"osm_id": 1314581946, "highway": "footway", "name": null, "source": "osm_overpass"}, "geometry": {"type": "LineString", "coordinates": [[80.2258016, 13.0779283], [80.2257366, 13.0778179], [80.2256267, 13.0777082], [80.225514, 13.0776325], [80.2254161, 13.0775711], [80.2253129, 13.0775306], [80.2252836, 13.0775233], [80.2251412, 13.0775005], [80.2250178, 13.0775005], [80.2249065, 13.0775175], [80.224769, 13.0775672], [80.2247509, 13.0775737], [80.224641, 13.0776285], [80.2245243, 13.0777069], [80.2244318, 13.077801], [80.2243714, 13.0778793], [80.2242976, 13.0779995], [80.2242775, 13.0780429]]}}, {"type": "Feature", "properties": {"osm_id": 1314581947, "highway": "footway", "name": null, "source": "osm_overpass"}, "geometry": {"type": "LineString", "coordinates": [[80.2244061, 13.0793508], [80.224476, 13.079443], [80.2245659, 13.0795266], [80.2246825, 13.0796102], [80.2248234, 13.0796729], [80.2249642, 13.0797121], [80.2250862, 13.0797213], [80.2251852, 13.0797199], [80.2252994, 13.0797056], [80.2254537, 13.0796625], [80.2255797, 13.0795998], [80.2256884, 13.0795188], [80.2257648, 13.0794391], [80.2258708, 13.0792993], [80.2259109, 13.0792255], [80.2259418, 13.0791047], [80.2259552, 13.0789022], [80.2259498, 13.0787811]]}}, {"type": "Feature", "properties": {"osm_id": 1314581948, "highway": "footway", "name": null, "source": "osm_overpass"}, "geometry": {"type": "LineString", "coordinates": [[80.2251425, 13.07949], [80.2252057, 13.0794854]]}}, {"type": "Feature", "properties": {"osm_id": 1314581949, "highway": "footway", "name": null, "source": "osm_overpass"}, "geometry": {"type": "LineString", "coordinates": [[80.2251851, 13.0796628], [80.225209, 13.079584], [80.2252057, 13.0794854], [80.2251972, 13.0793655]]}}, {"type": "Feature", "properties": {"osm_id": 1314581950, "highway": "footway", "name": null, "source": "osm_overpass"}, "geometry": {"type": "LineString", "coordinates": [[80.2251347, 13.0793759], [80.2251425, 13.07949], [80.2251495, 13.079588], [80.2251851, 13.0796628], [80.2251852, 13.0797199], [80.2251853, 13.0797523], [80.2251855, 13.0798066]]}}, {"type": "Feature", "properties": {"osm_id": 1314581951, "highway": "footway", "name": null, "source": "osm_overpass"}, "geometry": {"type": "LineString", "coordinates": [[80.2253222, 13.0794848], [80.2253249, 13.0795619], [80.2253088, 13.0795789], [80.225209, 13.079584], [80.2251495, 13.079588], [80.2250379, 13.0795945], [80.2250446, 13.0796677]]}}, {"type": "Feature", "properties": {"osm_id": 1314581952, "highway": "footway", "name": null, "source": "osm_overpass"}, "geometry": {"type": "LineString", "coordinates": [[80.2246678, 13.0784541], [80.2246745, 13.0785217]]}}, {"type": "Feature", "properties": {"osm_id": 1314581953, "highway": "footway", "name": null, "source": "osm_overpass"}, "geometry": {"type": "LineString", "coordinates": [[80.2255033, 13.0783875], [80.225506, 13.0784646]]}}, {"type": "Feature", "properties": {"osm_id": 1314581954, "highway": "footway", "name": null, "source": "osm_overpass"}, "geometry": {"type": "LineString", "coordinates": [[80.2255462, 13.0788774], [80.2255357, 13.0787713]]}}, {"type": "Feature", "properties": {"osm_id": 1314581955, "highway": "footway", "name": null, "source": "osm_overpass"}, "geometry": {"type": "LineString", "coordinates": [[80.2255476, 13.0793006], [80.2255092, 13.0793714]]}}, {"type": "Feature", "properties": {"osm_id": 1314581956, "highway": "footway", "name": null, "source": "osm_overpass"}, "geometry": {"type": "LineString", "coordinates": [[80.225793, 13.0791556], [80.225738, 13.0791595]]}}, {"type": "Feature", "properties": {"osm_id": 1314581958, "highway": "footway", "name": null, "source": "osm_overpass"}, "geometry": {"type": "LineString", "coordinates": [[80.2247016, 13.0788294], [80.2247053, 13.0789871], [80.2246933, 13.0790341], [80.2246892, 13.0790838], [80.2246678, 13.0791164], [80.2246316, 13.0791452], [80.22459, 13.0791556], [80.2245323, 13.0791687], [80.2245109, 13.0791752], [80.2244752, 13.079196]]}}, {"type": "Feature", "properties": {"osm_id": 1314581966, "highway": "footway", "name": null, "source": "osm_overpass"}, "geometry": {"type": "LineString", "coordinates": [[80.2249283, 13.0786304], [80.2249736, 13.0786161], [80.2252659, 13.0785991]]}}, {"type": "Feature", "properties": {"osm_id": 1314581967, "highway": "footway", "name": null, "source": "osm_overpass"}, "geometry": {"type": "LineString", "coordinates": [[80.2252766, 13.0786723], [80.2249736, 13.0786919], [80.2249324, 13.0786841]]}}, {"type": "Feature", "properties": {"osm_id": 1314581968, "highway": "footway", "name": null, "source": "osm_overpass"}, "geometry": {"type": "LineString", "coordinates": [[80.2251573, 13.079281], [80.2251329, 13.0790214]]}}, {"type": "Feature", "properties": {"osm_id": 1314581969, "highway": "footway", "name": null, "source": "osm_overpass"}, "geometry": {"type": "LineString", "coordinates": [[80.2249655, 13.0789518], [80.2249642, 13.079072], [80.224928, 13.0790877], [80.2249105, 13.0791125], [80.2248904, 13.0792183], [80.2248985, 13.0792366], [80.2249333, 13.0792667], [80.2248998, 13.0793712]]}}, {"type": "Feature", "properties": {"osm_id": 1314581970, "highway": "footway", "name": null, "source": "osm_overpass"}, "geometry": {"type": "LineString", "coordinates": [[80.2246555, 13.0781213], [80.2246235, 13.0781537], [80.2244505, 13.0782307], [80.2243719, 13.0782476]]}}, {"type": "Feature", "properties": {"osm_id": 1314581971, "highway": "footway", "name": null, "source": "osm_overpass"}, "geometry": {"type": "LineString", "coordinates": [[80.2248931, 13.0788512], [80.2248664, 13.0787741]]}}, {"type": "Feature", "properties": {"osm_id": 1314581972, "highway": "footway", "name": null, "source": "osm_overpass"}, "geometry": {"type": "LineString", "coordinates": [[80.2253492, 13.0787334], [80.225341, 13.078816]]}}, {"type": "Feature", "properties": {"osm_id": 1314581973, "highway": "footway", "name": null, "source": "osm_overpass"}, "geometry": {"type": "LineString", "coordinates": [[80.2255531, 13.0787703], [80.2255462, 13.0787089], [80.2255234, 13.0786723], [80.2254504, 13.0786235], [80.2254081, 13.0785952], [80.2253732, 13.0785665], [80.22534, 13.0785107], [80.2252968, 13.0784293]]}}, {"type": "Feature", "properties": {"osm_id": 1314581974, "highway": "footway", "name": null, "source": "osm_overpass"}, "geometry": {"type": "LineString", "coordinates": [[80.2248622, 13.0784698], [80.2248569, 13.0785586], [80.2248059, 13.0786305], [80.2247646, 13.0786656], [80.2247, 13.0787206], [80.2246785, 13.0787716], [80.2246839, 13.0788303]]}}, {"type": "Feature", "properties": {"osm_id": 1314581975, "highway": "footway", "name": null, "source": "osm_overpass"}, "geometry": {"type": "LineString", "coordinates": [[80.2254134, 13.0787781], [80.2253492, 13.0787334], [80.2253282, 13.0787188], [80.2253102, 13.0787062], [80.2252766, 13.0786723], [80.2252686, 13.0786488], [80.2252659, 13.0785991], [80.2252901, 13.078556], [80.2253142, 13.0785299], [80.22534, 13.0785107], [80.2253678, 13.0784855], [80.2253906, 13.0784685]]}}, {"type": "Feature", "properties": {"osm_id": 1314581976, "highway": "footway", "name": null, "source": "osm_overpass"}, "geometry": {"type": "LineString", "coordinates": [[80.2248099, 13.0788238], [80.2248664, 13.0787741], [80.2248937, 13.0787501], [80.2249078, 13.0787376], [80.2249306, 13.0787036], [80.2249324, 13.0786841], [80.2249347, 13.0786592], [80.2249283, 13.0786304], [80.2249226, 13.0786044], [80.2248569, 13.0785586], [80.2247885, 13.0785103]]}}, {"type": "Feature", "properties": {"osm_id": 1314581977, "highway": "footway", "name": null, "source": "osm_overpass"}, "geometry": {"type": "LineString", "coordinates": [[80.224932, 13.0783366], [80.2249109, 13.0782402]]}}, {"type": "Feature", "properties": {"osm_id": 1314581978, "highway": "footway", "name": null, "source": "osm_overpass"}, "geometry": {"type": "LineString", "coordinates": [[80.2252324, 13.0782373], [80.225219, 13.078317]]}}, {"type": "Feature", "properties": {"osm_id": 1314581979, "highway": "footway", "name": null, "source": "osm_overpass"}, "geometry": {"type": "LineString", "coordinates": [[80.2243633, 13.0788418], [80.2246048, 13.0788277], [80.2246839, 13.0788303], [80.2247016, 13.0788294], [80.2248099, 13.0788238], [80.2248529, 13.0788303], [80.2248931, 13.0788512], [80.2249655, 13.0789518], [80.2250084, 13.078991], [80.2250567, 13.0790171], [80.225105, 13.0790224], [80.2251329, 13.0790214], [80.2251613, 13.0790185], [80.2252203, 13.0789923], [80.2252686, 13.0789479], [80.2253263, 13.0788539], [80.225341, 13.078816], [80.2253839, 13.0787846], [80.2254134, 13.0787781], [80.2255357, 13.0787713], [80.2255531, 13.0787703], [80.2255771, 13.0787689], [80.2256267, 13.0787637], [80.2258547, 13.0787494]]}}, {"type": "Feature", "properties": {"osm_id": 1314581980, "highway": "footway", "name": null, "source": "osm_overpass"}, "geometry": {"type": "LineString", "coordinates": [[80.2258426, 13.0784463], [80.2256039, 13.0784646], [80.225506, 13.0784646], [80.2253906, 13.0784685], [80.2253437, 13.0784567], [80.2252968, 13.0784293], [80.2252552, 13.0783718], [80.225219, 13.078317], [80.2251653, 13.0782804], [80.2251023, 13.0782686], [80.2250554, 13.0782725], [80.2250031, 13.0782882], [80.2249601, 13.0783117], [80.224932, 13.0783366], [80.2248891, 13.078411], [80.2248622, 13.0784698], [80.2248314, 13.0784972], [80.2247885, 13.0785103], [80.2246745, 13.0785217], [80.2245846, 13.078539], [80.2243409, 13.0785584]]}}, {"type": "Feature", "properties": {"osm_id": 1314687263, "highway": "footway", "name": null, "source": "osm_overpass"}, "geometry": {"type": "LineString", "coordinates": [[80.22528, 13.077588], [80.2252875, 13.0776526]]}}, {"type": "Feature", "properties": {"osm_id": 1314687264, "highway": "footway", "name": null, "source": "osm_overpass"}, "geometry": {"type": "LineString", "coordinates": [[80.2247768, 13.0776958], [80.2247698, 13.0775802], [80.224769, 13.0775672]]}}, {"type": "Feature", "properties": {"osm_id": 1314817062, "highway": "footway", "name": null, "source": "osm_overpass"}, "geometry": {"type": "LineString", "coordinates": [[80.218665, 13.0847224], [80.2186657, 13.0847308]]}}, {"type": "Feature", "properties": {"osm_id": 1314817063, "highway": "footway", "name": null, "source": "osm_overpass"}, "geometry": {"type": "LineString", "coordinates": [[80.2191144, 13.084483], [80.2191169, 13.0845207]]}}, {"type": "Feature", "properties": {"osm_id": 1314817064, "highway": "footway", "name": null, "source": "osm_overpass"}, "geometry": {"type": "LineString", "coordinates": [[80.2205026, 13.0844826], [80.2195414, 13.0845082], [80.2193755, 13.0845111], [80.2191169, 13.0845207], [80.2190686, 13.0845225], [80.2182161, 13.0845541]]}}, {"type": "Feature", "properties": {"osm_id": 1314817065, "highway": "footway", "name": null, "source": "osm_overpass"}, "geometry": {"type": "LineString", "coordinates": [[80.2202799, 13.0846643], [80.2201939, 13.0846669], [80.2200913, 13.0846705], [80.2199385, 13.0846759], [80.2199135, 13.0846768], [80.2198994, 13.0846773], [80.2198793, 13.0846781], [80.219591, 13.0846878], [80.218665, 13.0847224], [80.2185778, 13.0847257], [80.2182593, 13.0847442]]}}, {"type": "Feature", "properties": {"osm_id": 1314817066, "highway": "footway", "name": null, "source": "osm_overpass"}, "geometry": {"type": "LineString", "coordinates": [[80.219591, 13.0846878], [80.2195923, 13.0847034]]}}, {"type": "Feature", "properties": {"osm_id": 1314817068, "highway": "footway", "name": null, "source": "osm_overpass"}, "geometry": {"type": "LineString", "coordinates": [[80.2195606, 13.0844356], [80.2195374, 13.0844363], [80.2195414, 13.0845082]]}}, {"type": "Feature", "properties": {"osm_id": 1314817072, "highway": "footway", "name": null, "source": "osm_overpass"}, "geometry": {"type": "LineString", "coordinates": [[80.2200913, 13.0846705], [80.2200899, 13.0846852], [80.2200148, 13.0846878], [80.219937, 13.0846884], [80.2199385, 13.0846759]]}}, {"type": "Feature", "properties": {"osm_id": 1314817073, "highway": "footway", "name": null, "source": "osm_overpass"}, "geometry": {"type": "LineString", "coordinates": [[80.2200618, 13.0847599], [80.2200611, 13.0847707], [80.2200175, 13.0847727], [80.2200148, 13.0846878]]}}, {"type": "Feature", "properties": {"osm_id": 1314817082, "highway": "footway", "name": null, "source": "osm_overpass"}, "geometry": {"type": "LineString", "coordinates": [[80.2251506, 13.0789166], [80.225127, 13.0786649], [80.2251023, 13.0784097]]}}, {"type": "Feature", "properties": {"osm_id": 1314817083, "highway": "footway", "name": null, "source": "osm_overpass"}, "geometry": {"type": "LineString", "coordinates": [[80.225054, 13.0784149], [80.2250784, 13.0786689], [80.225105, 13.0789218]]}}, {"type": "Feature", "properties": {"osm_id": 1314817084, "highway": "footway", "name": null, "source": "osm_overpass"}, "geometry": {"type": "LineString", "coordinates": [[80.2249563, 13.0786789], [80.2250784, 13.0786689], [80.225127, 13.0786649], [80.2252335, 13.0786562]]}}, {"type": "Feature", "properties": {"osm_id": 1314817085, "highway": "footway", "name": null, "source": "osm_overpass"}, "geometry": {"type": "LineString", "coordinates": [[80.2253257, 13.0797434], [80.2252335, 13.0786562], [80.2251776, 13.0779965]]}}, {"type": "Feature", "properties": {"osm_id": 1314817086, "highway": "footway", "name": null, "source": "osm_overpass"}, "geometry": {"type": "LineString", "coordinates": [[80.2245377, 13.0797996], [80.2245719, 13.079797]]}}, {"type": "Feature", "properties": {"osm_id": 1314817088, "highway": "footway", "name": null, "source": "osm_overpass"}, "geometry": {"type": "LineString", "coordinates": [[80.2258406, 13.0797023], [80.225864, 13.0797]]}}, {"type": "Feature", "properties": {"osm_id": 1314817092, "highway": "footway", "name": null, "source": "osm_overpass"}, "geometry": {"type": "LineString", "coordinates": [[80.2248944, 13.0780203], [80.2249563, 13.0786789], [80.2250579, 13.0797603]]}}, {"type": "Feature", "properties": {"osm_id": 1314817093, "highway": "footway", "name": null, "source": "osm_overpass"}, "geometry": {"type": "LineString", "coordinates": [[80.2253256, 13.0779839], [80.2253036, 13.0779858], [80.2251776, 13.0779965], [80.2248944, 13.0780203], [80.2248236, 13.078029], [80.2247959, 13.0780315]]}}, {"type": "Feature", "properties": {"osm_id": 1314817094, "highway": "footway", "name": null, "source": "osm_overpass"}, "geometry": {"type": "LineString", "coordinates": [[80.2247951, 13.0797803], [80.2248511, 13.079776], [80.2249425, 13.0797691], [80.2250579, 13.0797603], [80.2251853, 13.0797523], [80.2253257, 13.0797434], [80.2254282, 13.0797369], [80.225546, 13.0797295], [80.2255739, 13.0797277]]}}, {"type": "Feature", "properties": {"osm_id": 1314818325, "highway": "footway", "name": null, "source": "osm_overpass"}, "geometry": {"type": "LineString", "coordinates": [[80.2190686, 13.0845225], [80.2190653, 13.0844305], [80.2190211, 13.0844318], [80.219021, 13.0844461]]}}, {"type": "Feature", "properties": {"osm_id": 1316661862, "highway": "footway", "name": null, "source": "osm_overpass"}, "geometry": {"type": "LineString", "coordinates": [[80.2319762, 12.9851541], [80.2320133, 12.98514], [80.232103, 12.9851011]]}}, {"type": "Feature", "properties": {"osm_id": 1317040734, "highway": "footway", "name": null, "source": "osm_overpass"}, "geometry": {"type": "LineString", "coordinates": [[80.1987502, 13.0934797], [80.1987947, 13.0934301], [80.1988033, 13.0931378]]}}, {"type": "Feature", "properties": {"osm_id": 1317040735, "highway": "footway", "name": null, "source": "osm_overpass"}, "geometry": {"type": "LineString", "coordinates": [[80.1984755, 13.0929703], [80.198446, 13.0929707], [80.1978827, 13.0929781], [80.1978398, 13.0930485]]}}, {"type": "Feature", "properties": {"osm_id": 1317040736, "highway": "footway", "name": null, "source": "osm_overpass"}, "geometry": {"type": "LineString", "coordinates": [[80.1988081, 13.0929729], [80.1984755, 13.0929703]]}}, {"type": "Feature", "properties": {"osm_id": 1317040737, "highway": "footway", "name": null, "source": "osm_overpass"}, "geometry": {"type": "LineString", "coordinates": [[80.1984548, 13.0931479], [80.1984648, 13.0933465], [80.1985573, 13.0934748]]}}, {"type": "Feature", "properties": {"osm_id": 1317040738, "highway": "footway", "name": null, "source": "osm_overpass"}, "geometry": {"type": "LineString", "coordinates": [[80.198446, 13.0929707], [80.1984548, 13.0931479]]}}, {"type": "Feature", "properties": {"osm_id": 1317040739, "highway": "footway", "name": null, "source": "osm_overpass"}, "geometry": {"type": "LineString", "coordinates": [[80.1988033, 13.0931378], [80.1988081, 13.0929729]]}}, {"type": "Feature", "properties": {"osm_id": 1317040740, "highway": "footway", "name": null, "source": "osm_overpass"}, "geometry": {"type": "LineString", "coordinates": [[80.1988081, 13.0929729], [80.1991702, 13.092918], [80.1992474, 13.0929736]]}}, {"type": "Feature", "properties": {"osm_id": 1317040741, "highway": "footway", "name": null, "source": "osm_overpass"}, "geometry": {"type": "LineString", "coordinates": [[80.198446, 13.0929707], [80.1984406, 13.0926333], [80.198503, 13.0925235]]}}, {"type": "Feature", "properties": {"osm_id": 1317040742, "highway": "footway", "name": null, "source": "osm_overpass"}, "geometry": {"type": "LineString", "coordinates": [[80.1988081, 13.0929729], [80.198792, 13.0925706], [80.1987321, 13.092482]]}}, {"type": "Feature", "properties": {"osm_id": 1317040743, "highway": "footway", "name": null, "source": "osm_overpass"}, "geometry": {"type": "LineString", "coordinates": [[80.198792, 13.0925706], [80.1987571, 13.0920577], [80.1987683, 13.0910891], [80.1987566, 13.0905233], [80.1987491, 13.0901592], [80.1987518, 13.0900469], [80.198733, 13.0892292], [80.1987358, 13.0890757], [80.1987434, 13.0871057]]}}, {"type": "Feature", "properties": {"osm_id": 1318749867, "highway": "footway", "name": null, "source": "osm_overpass"}, "geometry": {"type": "LineString", "coordinates": [[80.1777205, 13.1329101], [80.1780004, 13.1329309], [80.1780124, 13.13288], [80.1781935, 13.132876], [80.1781975, 13.1328356], [80.1782122, 13.1328121], [80.1782364, 13.1327938], [80.1782713, 13.132782], [80.178455, 13.1327794], [80.1790786, 13.1327964], [80.1798122, 13.1328395], [80.1806222, 13.1328682], [80.1808006, 13.1328787], [80.1808609, 13.1328956], [80.1809065, 13.13294], [80.1809226, 13.1329988], [80.1809213, 13.1331281], [80.1809038, 13.1332861], [80.1808529, 13.1333828], [80.1808261, 13.1334089], [80.1808046, 13.1335709], [80.1807992, 13.1340515], [80.1807831, 13.1342082], [80.1807724, 13.1342526], [80.1807536, 13.1342918], [80.1807215, 13.1343283], [80.1806732, 13.1343806], [80.1806088, 13.1343884], [80.1799892, 13.1344485], [80.1796003, 13.1344929], [80.1793213, 13.1345269], [80.1791524, 13.1345504], [80.1790907, 13.1345504], [80.1790317, 13.1345373], [80.1789887, 13.1345164], [80.1789619, 13.1344903], [80.1789324, 13.134425], [80.1788922, 13.1342944], [80.1788573, 13.1341925], [80.1787232, 13.1338791], [80.1785757, 13.1336623], [80.1784416, 13.1334794], [80.1782002, 13.1329831], [80.1780205, 13.1329753], [80.1780004, 13.1329309]]}}, {"type": "Feature", "properties": {"osm_id": 1324094975, "highway": "footway", "name": null, "source": "osm_overpass"}, "geometry": {"type": "LineString", "coordinates": [[80.2015456, 13.1233736], [80.2015577, 13.1233808], [80.2017808, 13.1235133], [80.2023733, 13.1238654], [80.2027756, 13.1240926], [80.2032396, 13.1243617], [80.203658, 13.1245942], [80.2041188, 13.1248814]]}}, {"type": "Feature", "properties": {"osm_id": 1324094978, "highway": "footway", "name": null, "source": "osm_overpass"}, "geometry": {"type": "LineString", "coordinates": [[80.2015116, 13.1233891], [80.2012532, 13.1232326], [80.2008747, 13.1229575], [80.2005963, 13.1227466]]}}, {"type": "Feature", "properties": {"osm_id": 1329590557, "highway": "footway", "name": null, "source": "osm_overpass"}, "geometry": {"type": "LineString", "coordinates": [[80.1588951, 13.1260045], [80.158891, 13.1259809]]}}, {"type": "Feature", "properties": {"osm_id": 1331630765, "highway": "path", "name": null, "source": "osm_overpass"}, "geometry": {"type": "LineString", "coordinates": [[80.1561321, 12.840929], [80.1561393, 12.8409884]]}}, {"type": "Feature", "properties": {"osm_id": 1333613956, "highway": "footway", "name": null, "source": "osm_overpass"}, "geometry": {"type": "LineString", "coordinates": [[80.1588242, 12.9817143], [80.1590016, 12.9815814], [80.1590246, 12.9815209]]}}, {"type": "Feature", "properties": {"osm_id": 1333613957, "highway": "footway", "name": null, "source": "osm_overpass"}, "geometry": {"type": "LineString", "coordinates": [[80.1596065, 12.9817391], [80.1595897, 12.9817676], [80.1593568, 12.9817259]]}}, {"type": "Feature", "properties": {"osm_id": 1333613958, "highway": "footway", "name": null, "source": "osm_overpass"}, "geometry": {"type": "LineString", "coordinates": [[80.1595897, 12.9817676], [80.1595532, 12.9818068], [80.1593152, 12.9818044]]}}, {"type": "Feature", "properties": {"osm_id": 1333613959, "highway": "footway", "name": null, "source": "osm_overpass"}, "geometry": {"type": "LineString", "coordinates": [[80.1604106, 12.9819761], [80.1601752, 12.982051], [80.1601286, 12.9821651], [80.1600845, 12.9821528]]}}, {"type": "Feature", "properties": {"osm_id": 1333613963, "highway": "footway", "name": null, "source": "osm_overpass"}, "geometry": {"type": "LineString", "coordinates": [[80.1627568, 12.9828573], [80.1627625, 12.9830618], [80.1625453, 12.9830132]]}}, {"type": "Feature", "properties": {"osm_id": 1333613964, "highway": "footway", "name": null, "source": "osm_overpass"}, "geometry": {"type": "LineString", "coordinates": [[80.1633303, 12.9831877], [80.1632876, 12.9832596], [80.1628927, 12.9832009]]}}, {"type": "Feature", "properties": {"osm_id": 1333613965, "highway": "footway", "name": null, "source": "osm_overpass"}, "geometry": {"type": "LineString", "coordinates": [[80.1636071, 12.983618], [80.1639845, 12.9835394], [80.1640276, 12.9834499]]}}, {"type": "Feature", "properties": {"osm_id": 1333613966, "highway": "footway", "name": null, "source": "osm_overpass"}, "geometry": {"type": "LineString", "coordinates": [[80.1642395, 12.9838387], [80.164682, 12.9838032], [80.1647246, 12.983712]]}}, {"type": "Feature", "properties": {"osm_id": 1333613967, "highway": "footway", "name": null, "source": "osm_overpass"}, "geometry": {"type": "LineString", "coordinates": [[80.1655811, 12.9840219], [80.1654654, 12.9842318]]}}, {"type": "Feature", "properties": {"osm_id": 1333613968, "highway": "footway", "name": null, "source": "osm_overpass"}, "geometry": {"type": "LineString", "coordinates": [[80.1658936, 12.984138], [80.1658011, 12.9843205]]}}, {"type": "Feature", "properties": {"osm_id": 1333613969, "highway": "footway", "name": null, "source": "osm_overpass"}, "geometry": {"type": "LineString", "coordinates": [[80.1660526, 12.9844221], [80.1661202, 12.9844492], [80.1663009, 12.9842895]]}}, {"type": "Feature", "properties": {"osm_id": 1333613970, "highway": "footway", "name": null, "source": "osm_overpass"}, "geometry": {"type": "LineString", "coordinates": [[80.1665102, 12.9845861], [80.1666048, 12.9844024]]}}, {"type": "Feature", "properties": {"osm_id": 1333613971, "highway": "footway", "name": null, "source": "osm_overpass"}, "geometry": {"type": "LineString", "coordinates": [[80.1667993, 12.9846911], [80.1668375, 12.9847163], [80.1670322, 12.9845613]]}}, {"type": "Feature", "properties": {"osm_id": 1333613972, "highway": "footway", "name": null, "source": "osm_overpass"}, "geometry": {"type": "LineString", "coordinates": [[80.1672482, 12.9848684], [80.167328, 12.9846713]]}}, {"type": "Feature", "properties": {"osm_id": 1333613973, "highway": "footway", "name": null, "source": "osm_overpass"}, "geometry": {"type": "LineString", "coordinates": [[80.1676748, 12.9848002], [80.1675263, 12.9850112], [80.1674737, 12.985024]]}}, {"type": "Feature", "properties": {"osm_id": 1341868622, "highway": "footway", "name": null, "source": "osm_overpass"}, "geometry": {"type": "LineString", "coordinates": [[80.2155238, 12.8698999], [80.2155105, 12.8699534], [80.2154565, 12.8699652], [80.2153627, 12.8699803], [80.2152271, 12.8699932], [80.2151421, 12.8700114], [80.215119, 12.8700566], [80.215173, 12.8702415], [80.2151774, 12.870296], [80.2152163, 12.8702905]]}}, {"type": "Feature", "properties": {"osm_id": 1349154932, "highway": "footway", "name": null, "source": "osm_overpass"}, "geometry": {"type": "LineString", "coordinates": [[80.2746682, 13.0821601], [80.2747597, 13.0821768]]}}, {"type": "Feature", "properties": {"osm_id": 1353298235, "highway": "footway", "name": null, "source": "osm_overpass"}, "geometry": {"type": "LineString", "coordinates": [[80.2462354, 12.9963044], [80.2462299, 12.9964438], [80.2462774, 12.9964816], [80.2464252, 12.9964926], [80.2466983, 12.9964993], [80.2467026, 12.9963562], [80.2466662, 12.996306], [80.2466299, 12.9962897], [80.2466022, 12.9962773], [80.2465252, 12.9962627]]}}, {"type": "Feature", "properties": {"osm_id": 1353298236, "highway": "footway", "name": null, "source": "osm_overpass"}, "geometry": {"type": "LineString", "coordinates": [[80.2464661, 12.996264], [80.246467, 12.9962022], [80.2464684, 12.9960979], [80.2464686, 12.9960832], [80.2464691, 12.996047]]}}, {"type": "Feature", "properties": {"osm_id": 1354435774, "highway": "footway", "name": null, "source": "osm_overpass"}, "geometry": {"type": "LineString", "coordinates": [[80.2125924, 12.9410863], [80.2126679, 12.94146], [80.2127422, 12.9418277]]}}, {"type": "Feature", "properties": {"osm_id": 1354435775, "highway": "footway", "name": null, "source": "osm_overpass"}, "geometry": {"type": "LineString", "coordinates": [[80.213184, 12.9413481], [80.2126679, 12.94146], [80.2121593, 12.9415702]]}}, {"type": "Feature", "properties": {"osm_id": 1354443673, "highway": "footway", "name": null, "source": "osm_overpass"}, "geometry": {"type": "LineString", "coordinates": [[80.2112819, 12.9426259], [80.2113028, 12.9426087], [80.2113264, 12.942595], [80.211352, 12.9425853], [80.2113837, 12.9425792], [80.2114161, 12.9425792], [80.2114478, 12.9425853], [80.211484, 12.9425762], [80.2115179, 12.942561], [80.2115484, 12.9425402], [80.2115772, 12.9425114], [80.2115997, 12.9424776], [80.2116148, 12.9424402]]}}, {"type": "Feature", "properties": {"osm_id": 1354443674, "highway": "footway", "name": null, "source": "osm_overpass"}, "geometry": {"type": "LineString", "coordinates": [[80.2117082, 12.9424568], [80.2117648, 12.9427164], [80.2113216, 12.9428081], [80.2112819, 12.9426259], [80.2112359, 12.9424151], [80.2114059, 12.9423799], [80.2115681, 12.9423463], [80.2115702, 12.9423734], [80.2115792, 12.9423991], [80.2115943, 12.9424218], [80.2116148, 12.9424402], [80.2116362, 12.9424518], [80.2116596, 12.9424586], [80.211684, 12.9424603], [80.2117082, 12.9424568]]}}, {"type": "Feature", "properties": {"osm_id": 1354443675, "highway": "footway", "name": null, "source": "osm_overpass"}, "geometry": {"type": "LineString", "coordinates": [[80.2113897, 12.9423007], [80.2114059, 12.9423799], [80.2114478, 12.9425853]]}}, {"type": "Feature", "properties": {"osm_id": 1354443676, "highway": "path", "name": null, "source": "osm_overpass"}, "geometry": {"type": "LineString", "coordinates": [[80.2104925, 12.9433351], [80.2104414, 12.9426305]]}}, {"type": "Feature", "properties": {"osm_id": 1354575231, "highway": "path", "name": null, "source": "osm_overpass"}, "geometry": {"type": "LineString", "coordinates": [[80.2473537, 12.9968384], [80.2473837, 12.9968676], [80.247416, 12.9969058], [80.2474529, 12.996944], [80.2474713, 12.9970114], [80.247499, 12.9970653], [80.2475082, 12.9971013], [80.2475105, 12.9971485], [80.2475359, 12.9972024], [80.2475359, 12.9972473], [80.2475497, 12.9972968], [80.2475566, 12.9973215], [80.2475843, 12.9973395], [80.247612, 12.9973574], [80.2476374, 12.9973664], [80.2476696, 12.9973866], [80.2477188, 12.9974181], [80.2477184, 12.9974584], [80.2477503, 12.997481], [80.2477665, 12.9975125], [80.247771, 12.9975441]]}}, {"type": "Feature", "properties": {"osm_id": 1354576082, "highway": "footway", "name": null, "source": "osm_overpass"}, "geometry": {"type": "LineString", "coordinates": [[80.2450522, 12.9973577], [80.2455081, 12.9973634], [80.2455816, 12.9973643]]}}, {"type": "Feature", "properties": {"osm_id": 1355890356, "highway": "footway", "name": null, "source": "osm_overpass"}, "geometry": {"type": "LineString", "coordinates": [[80.2455744, 12.9981614], [80.2455328, 12.9981614], [80.2455156, 12.9981681], [80.2454777, 12.9981782], [80.2454553, 12.9982], [80.2453968, 12.998257], [80.245371, 12.9982973], [80.2453504, 12.9983241], [80.24534, 12.9983442], [80.2453228, 12.998361], [80.2453039, 12.9983878], [80.2452884, 12.9983929], [80.2452574, 12.9983996], [80.245235, 12.9984012], [80.2452127, 12.9984012], [80.245161, 12.9984012], [80.2451111, 12.9984029], [80.2449304, 12.9983945], [80.2449097, 12.9983945], [80.2448977, 12.9983694], [80.2448977, 12.9983459], [80.2449132, 12.9983392], [80.244939, 12.9983274], [80.2449562, 12.9983191], [80.2449631, 12.9982889], [80.2449631, 12.998262], [80.2449889, 12.998262], [80.2450371, 12.9982553], [80.2450905, 12.998257], [80.2451473, 12.9982604]]}}, {"type": "Feature", "properties": {"osm_id": 1356673377, "highway": "footway", "name": null, "source": "osm_overpass"}, "geometry": {"type": "LineString", "coordinates": [[80.1174532, 12.9259849], [80.1171803, 12.9262512]]}}, {"type": "Feature", "properties": {"osm_id": 1356673379, "highway": "footway", "name": null, "source": "osm_overpass"}, "geometry": {"type": "LineString", "coordinates": [[80.1174165, 12.9259504], [80.1174477, 12.925767], [80.1174485, 12.9257621], [80.1175513, 12.9256383], [80.1175622, 12.9256113], [80.1175477, 12.9255842], [80.1175503, 12.925534], [80.11758, 12.9255083]]}}, {"type": "Feature", "properties": {"osm_id": 1356673380, "highway": "footway", "name": null, "source": "osm_overpass"}, "geometry": {"type": "LineString", "coordinates": [[80.1171397, 12.9262124], [80.1170852, 12.9262201]]}}, {"type": "Feature", "properties": {"osm_id": 1356673381, "highway": "footway", "name": null, "source": "osm_overpass"}, "geometry": {"type": "LineString", "coordinates": [[80.1174485, 12.9257621], [80.1176237, 12.9259281], [80.1178467, 12.9261394], [80.117857, 12.9261685], [80.1178593, 12.9261953], [80.1178409, 12.9262267], [80.1177273, 12.9263587]]}}, {"type": "Feature", "properties": {"osm_id": 1356673382, "highway": "footway", "name": null, "source": "osm_overpass"}, "geometry": {"type": "LineString", "coordinates": [[80.1176237, 12.9259281], [80.1177434, 12.925802]]}}, {"type": "Feature", "properties": {"osm_id": 1356673383, "highway": "footway", "name": null, "source": "osm_overpass"}, "geometry": {"type": "LineString", "coordinates": [[80.1175513, 12.9256383], [80.1177434, 12.925802], [80.1178568, 12.9258987], [80.1180618, 12.9260734]]}}, {"type": "Feature", "properties": {"osm_id": 1356673384, "highway": "pedestrian", "name": null, "source": "osm_overpass"}, "geometry": {"type": "LineString", "coordinates": [[80.1174485, 12.9257621], [80.1176237, 12.9259281], [80.1177434, 12.925802], [80.1175513, 12.9256383], [80.1174485, 12.9257621]]}}, {"type": "Feature", "properties": {"osm_id": 1356673390, "highway": "footway", "name": null, "source": "osm_overpass"}, "geometry": {"type": "LineString", "coordinates": [[80.1171803, 12.9262512], [80.1172686, 12.9263305]]}}, {"type": "Feature", "properties": {"osm_id": 1356673392, "highway": "footway", "name": null, "source": "osm_overpass"}, "geometry": {"type": "LineString", "coordinates": [[80.117311, 12.9263679], [80.1173353, 12.9264256]]}}, {"type": "Feature", "properties": {"osm_id": 1356853057, "highway": "footway", "name": null, "source": "osm_overpass"}, "geometry": {"type": "LineString", "coordinates": [[80.2460374, 12.9948325], [80.2460364, 12.9948887], [80.2460385, 12.9951253]]}}, {"type": "Feature", "properties": {"osm_id": 1356853058, "highway": "footway", "name": null, "source": "osm_overpass"}, "geometry": {"type": "LineString", "coordinates": [[80.2482377, 12.9949914], [80.2482396, 12.9948392]]}}, {"type": "Feature", "properties": {"osm_id": 1356853059, "highway": "footway", "name": null, "source": "osm_overpass"}, "geometry": {"type": "LineString", "coordinates": [[80.2479765, 12.9948361], [80.2479792, 12.994988]]}}, {"type": "Feature", "properties": {"osm_id": 1358364859, "highway": "path", "name": "Vehicle Road", "source": "osm_overpass"}, "geometry": {"type": "LineString", "coordinates": [[80.0254099, 12.7966167], [80.0255396, 12.7968291], [80.0255659, 12.7968723], [80.0258376, 12.7973174], [80.0261329, 12.7978028]]}}, {"type": "Feature", "properties": {"osm_id": 1358364861, "highway": "footway", "name": null, "source": "osm_overpass"}, "geometry": {"type": "LineString", "coordinates": [[80.0253407, 12.7968601], [80.0254003, 12.7969633], [80.0255659, 12.7968723]]}}, {"type": "Feature", "properties": {"osm_id": 1358364862, "highway": "footway", "name": null, "source": "osm_overpass"}, "geometry": {"type": "LineString", "coordinates": [[80.0249962, 12.7970497], [80.0251156, 12.7972656], [80.0251396, 12.7973089]]}}, {"type": "Feature", "properties": {"osm_id": 1358364863, "highway": "footway", "name": null, "source": "osm_overpass"}, "geometry": {"type": "LineString", "coordinates": [[80.0250526, 12.7973346], [80.0251156, 12.7972656]]}}, {"type": "Feature", "properties": {"osm_id": 1358364864, "highway": "footway", "name": null, "source": "osm_overpass"}, "geometry": {"type": "LineString", "coordinates": [[80.0255396, 12.7968291], [80.0256222, 12.7967871], [80.0255781, 12.7967054]]}}, {"type": "Feature", "properties": {"osm_id": 1358399103, "highway": "path", "name": null, "source": "osm_overpass"}, "geometry": {"type": "LineString", "coordinates": [[80.0835143, 12.8802376], [80.0835201, 12.8802537], [80.0835298, 12.880302], [80.0835298, 12.8803351], [80.0835298, 12.8803739], [80.0835308, 12.8804184], [80.083558, 12.8804591], [80.0836152, 12.8804847], [80.0836366, 12.8805017], [80.0836667, 12.8805206], [80.083691, 12.8805405], [80.0837182, 12.8805727], [80.0837291, 12.880616]]}}, {"type": "Feature", "properties": {"osm_id": 1358399104, "highway": "path", "name": null, "source": "osm_overpass"}, "geometry": {"type": "LineString", "coordinates": [[80.0924866, 12.882998], [80.0925174, 12.8830191], [80.0925474, 12.8830556], [80.092584, 12.8830743], [80.0926156, 12.8830856], [80.0926489, 12.8831083], [80.0926838, 12.8831391], [80.0927204, 12.883187], [80.0927504, 12.8832405], [80.0927628, 12.8832608], [80.092752, 12.8833038], [80.0927129, 12.8833305], [80.092668, 12.8833995], [80.0926181, 12.8834035]]}}, {"type": "Feature", "properties": {"osm_id": 1358401587, "highway": "path", "name": null, "source": "osm_overpass"}, "geometry": {"type": "LineString", "coordinates": [[80.082562, 12.8793151], [80.082605, 12.8789888]]}}, {"type": "Feature", "properties": {"osm_id": 1358401589, "highway": "path", "name": null, "source": "osm_overpass"}, "geometry": {"type": "LineString", "coordinates": [[80.0851001, 12.8808635], [80.0850598, 12.8807928], [80.0850762, 12.8807387], [80.0850941, 12.8807015], [80.0851098, 12.8806239], [80.0851207, 12.8805371], [80.0851324, 12.8804215], [80.0851386, 12.880356], [80.0852111, 12.8803217]]}}, {"type": "Feature", "properties": {"osm_id": 1358402998, "highway": "path", "name": null, "source": "osm_overpass"}, "geometry": {"type": "LineString", "coordinates": [[80.0867358, 12.8794838], [80.0867371, 12.879523], [80.0867411, 12.8795779], [80.0867444, 12.8796171], [80.0867465, 12.879655], [80.0867471, 12.8796936], [80.0867478, 12.8797276], [80.0867518, 12.8797825], [80.0867619, 12.8798132], [80.08678, 12.8798576], [80.0868169, 12.8799296], [80.0868444, 12.8800191], [80.0868444, 12.8800538], [80.0868249, 12.8800766], [80.0868128, 12.8801178], [80.0867947, 12.8801505], [80.0868021, 12.8802074], [80.086778, 12.8802204], [80.0867424, 12.8802734]]}}, {"type": "Feature", "properties": {"osm_id": 1358403001, "highway": "path", "name": null, "source": "osm_overpass"}, "geometry": {"type": "LineString", "coordinates": [[80.0906311, 12.88383], [80.0906253, 12.8838549], [80.0906268, 12.8838844], [80.0906336, 12.8839256], [80.0906343, 12.8839543], [80.0906351, 12.8839831], [80.0906351, 12.884025], [80.0906052, 12.8840807]]}}, {"type": "Feature", "properties": {"osm_id": 1358403002, "highway": "path", "name": null, "source": "osm_overpass"}, "geometry": {"type": "LineString", "coordinates": [[80.0918488, 12.883219], [80.0914865, 12.8827635], [80.0916776, 12.8825419], [80.0921021, 12.8829734]]}}, {"type": "Feature", "properties": {"osm_id": 1358512552, "highway": "path", "name": null, "source": "osm_overpass"}, "geometry": {"type": "LineString", "coordinates": [[80.0924866, 12.882998], [80.0924667, 12.883037], [80.0924633, 12.8830613], [80.0924567, 12.8831205]]}}, {"type": "Feature", "properties": {"osm_id": 1358512553, "highway": "path", "name": null, "source": "osm_overpass"}, "geometry": {"type": "LineString", "coordinates": [[80.0922008, 12.8828576], [80.0924717, 12.8829786], [80.0924866, 12.882998]]}}, {"type": "Feature", "properties": {"osm_id": 1358843514, "highway": "path", "name": null, "source": "osm_overpass"}, "geometry": {"type": "LineString", "coordinates": [[80.0798955, 12.8790576], [80.0797067, 12.8791958], [80.0794313, 12.8794345], [80.0789201, 12.8797149]]}}, {"type": "Feature", "properties": {"osm_id": 1358843515, "highway": "path", "name": null, "source": "osm_overpass"}, "geometry": {"type": "LineString", "coordinates": [[80.0786411, 12.8799202], [80.0786688, 12.879874], [80.0787123, 12.8798371], [80.0789201, 12.8797149]]}}, {"type": "Feature", "properties": {"osm_id": 1360153762, "highway": "footway", "name": null, "source": "osm_overpass"}, "geometry": {"type": "LineString", "coordinates": [[80.2416356, 13.1489599], [80.2416345, 13.1489827], [80.2416213, 13.1490014], [80.2416, 13.1490107], [80.2415768, 13.1490076], [80.2415588, 13.1489931], [80.2415513, 13.1489715], [80.2415554, 13.1489516], [80.2415687, 13.1489359], [80.2415881, 13.1489282], [80.2416088, 13.1489304], [80.241626, 13.1489419], [80.2416356, 13.1489599]]}}, {"type": "Feature", "properties": {"osm_id": 1360153764, "highway": "footway", "name": null, "source": "osm_overpass"}, "geometry": {"type": "LineString", "coordinates": [[80.2423625, 13.1488991], [80.2423778, 13.1488979], [80.242423, 13.1488943], [80.2424456, 13.1489187], [80.2424842, 13.1489247], [80.2425288, 13.1489247], [80.2425612, 13.1489193], [80.2425955, 13.1488896], [80.2425955, 13.1488753], [80.2426878, 13.1488753], [80.2427465, 13.1488675], [80.2427453, 13.1488377], [80.2427331, 13.1487889], [80.2427141, 13.1487508], [80.2426872, 13.148724], [80.2426597, 13.1487061], [80.2426224, 13.1486894], [80.2425631, 13.1486894], [80.2425019, 13.148696], [80.2424725, 13.1487127], [80.2424242, 13.1487419], [80.242404, 13.1487651], [80.2423796, 13.1488103], [80.2423771, 13.1488306], [80.2423771, 13.148883], [80.2423778, 13.1488979]]}}, {"type": "Feature", "properties": {"osm_id": 1360153765, "highway": "footway", "name": null, "source": "osm_overpass"}, "geometry": {"type": "LineString", "coordinates": [[80.2423778, 13.1488979], [80.242382, 13.1489378], [80.242382, 13.1489497], [80.2424083, 13.1490033], [80.242467, 13.149073], [80.2425429, 13.1490748], [80.2426102, 13.1490658], [80.2426756, 13.1490444], [80.2427105, 13.1490099], [80.242749, 13.1489336], [80.2427465, 13.1488675]]}}, {"type": "Feature", "properties": {"osm_id": 1360153766, "highway": "footway", "name": null, "source": "osm_overpass"}, "geometry": {"type": "LineString", "coordinates": [[80.242423, 13.1488943], [80.2424438, 13.1488651], [80.2424781, 13.1488538], [80.242527, 13.1488526], [80.2425643, 13.1488473], [80.2425955, 13.1488753]]}}, {"type": "Feature", "properties": {"osm_id": 1360153767, "highway": "footway", "name": null, "source": "osm_overpass"}, "geometry": {"type": "LineString", "coordinates": [[80.2427465, 13.1488675], [80.2430468, 13.1488324], [80.2430646, 13.149154], [80.243094, 13.1495397], [80.2430994, 13.1496114], [80.2431276, 13.1498067], [80.2431435, 13.1499092], [80.2431924, 13.1499866], [80.2432542, 13.1500753], [80.2433055, 13.1501587], [80.2433392, 13.1502272], [80.2433422, 13.1503022], [80.2433367, 13.1504636], [80.2433367, 13.1506006], [80.2433471, 13.1507185]]}}, {"type": "Feature", "properties": {"osm_id": 1360153768, "highway": "footway", "name": null, "source": "osm_overpass"}, "geometry": {"type": "LineString", "coordinates": [[80.2433471, 13.1507185], [80.2433673, 13.1507721], [80.2434752, 13.1509043]]}}, {"type": "Feature", "properties": {"osm_id": 1360153769, "highway": "footway", "name": null, "source": "osm_overpass"}, "geometry": {"type": "LineString", "coordinates": [[80.243094, 13.1495397], [80.243428, 13.1494878]]}}, {"type": "Feature", "properties": {"osm_id": 1360153770, "highway": "footway", "name": null, "source": "osm_overpass"}, "geometry": {"type": "LineString", "coordinates": [[80.2430468, 13.1488324], [80.2433147, 13.1488132]]}}, {"type": "Feature", "properties": {"osm_id": 1360153771, "highway": "footway", "name": null, "source": "osm_overpass"}, "geometry": {"type": "LineString", "coordinates": [[80.2426608, 13.1477052], [80.2427099, 13.1477655], [80.2427542, 13.1478152], [80.2428069, 13.1478219], [80.2428818, 13.1478749], [80.2429787, 13.1479444]]}}, {"type": "Feature", "properties": {"osm_id": 1360153772, "highway": "footway", "name": null, "source": "osm_overpass"}, "geometry": {"type": "LineString", "coordinates": [[80.2429787, 13.1479444], [80.2430468, 13.1488324]]}}, {"type": "Feature", "properties": {"osm_id": 1360153773, "highway": "footway", "name": null, "source": "osm_overpass"}, "geometry": {"type": "LineString", "coordinates": [[80.2427181, 13.1474106], [80.2428103, 13.1472842], [80.2429617, 13.147266], [80.2431234, 13.1472726], [80.2432246, 13.1472851], [80.2433018, 13.147348]]}}, {"type": "Feature", "properties": {"osm_id": 1360153774, "highway": "footway", "name": null, "source": "osm_overpass"}, "geometry": {"type": "LineString", "coordinates": [[80.242683, 13.1468711], [80.2427227, 13.1468626], [80.2427465, 13.1468386], [80.2427822, 13.1468361], [80.2428146, 13.1468162], [80.2428265, 13.1468055]]}}, {"type": "Feature", "properties": {"osm_id": 1360553593, "highway": "footway", "name": null, "source": "osm_overpass"}, "geometry": {"type": "LineString", "coordinates": [[80.2416356, 13.1489599], [80.2417199, 13.1489529], [80.2423625, 13.1488991]]}}, {"type": "Feature", "properties": {"osm_id": 1360553594, "highway": "footway", "name": null, "source": "osm_overpass"}, "geometry": {"type": "LineString", "coordinates": [[80.2414952, 13.1489765], [80.2415513, 13.1489715]]}}, {"type": "Feature", "properties": {"osm_id": 1360874234, "highway": "footway", "name": null, "source": "osm_overpass"}, "geometry": {"type": "LineString", "coordinates": [[80.0211283, 12.7960814], [80.0206711, 12.7963535]]}}, {"type": "Feature", "properties": {"osm_id": 1363041507, "highway": "path", "name": null, "source": "osm_overpass"}, "geometry": {"type": "LineString", "coordinates": [[80.0935392, 12.9652147], [80.0924874, 12.9652178]]}}, {"type": "Feature", "properties": {"osm_id": 1363041508, "highway": "path", "name": null, "source": "osm_overpass"}, "geometry": {"type": "LineString", "coordinates": [[80.0938362, 12.9652229], [80.0937432, 12.9652208], [80.0935392, 12.9652147], [80.0935558, 12.9648086], [80.0924882, 12.9647494]]}}, {"type": "Feature", "properties": {"osm_id": 1364549856, "highway": "footway", "name": null, "source": "osm_overpass"}, "geometry": {"type": "LineString", "coordinates": [[80.2466299, 12.9962897], [80.2466356, 12.9960982], [80.2466087, 12.9960986], [80.246589, 12.9960989], [80.246527, 12.9960984], [80.2464841, 12.9960981], [80.2464684, 12.9960979]]}}, {"type": "Feature", "properties": {"osm_id": 1364549857, "highway": "footway", "name": null, "source": "osm_overpass"}, "geometry": {"type": "LineString", "coordinates": [[80.2466087, 12.9960986], [80.2466092, 12.9960538]]}}, {"type": "Feature", "properties": {"osm_id": 1364549860, "highway": "footway", "name": null, "source": "osm_overpass"}, "geometry": {"type": "LineString", "coordinates": [[80.246527, 12.9960984], [80.246526, 12.996204], [80.246467, 12.9962022]]}}, {"type": "Feature", "properties": {"osm_id": 1364549861, "highway": "footway", "name": null, "source": "osm_overpass"}, "geometry": {"type": "LineString", "coordinates": [[80.2462435, 12.9960782], [80.2464686, 12.9960832]]}}, {"type": "Feature", "properties": {"osm_id": 1364549862, "highway": "footway", "name": null, "source": "osm_overpass"}, "geometry": {"type": "LineString", "coordinates": [[80.2462455, 12.9960245], [80.2464838, 12.9960271], [80.2464841, 12.9960981]]}}, {"type": "Feature", "properties": {"osm_id": 1364549863, "highway": "footway", "name": null, "source": "osm_overpass"}, "geometry": {"type": "LineString", "coordinates": [[80.2462354, 12.9963044], [80.2464691, 12.9963118], [80.2464675, 12.9963475]]}}, {"type": "Feature", "properties": {"osm_id": 1364549864, "highway": "path", "name": null, "source": "osm_overpass"}, "geometry": {"type": "LineString", "coordinates": [[80.2455667, 12.9950305], [80.2455795, 12.9950303], [80.2455795, 12.9950069], [80.2455795, 12.9949949], [80.2455782, 12.9949791], [80.2455765, 12.9949556], [80.2455634, 12.994956]]}}, {"type": "Feature", "properties": {"osm_id": 1365363265, "highway": "footway", "name": null, "source": "osm_overpass"}, "geometry": {"type": "LineString", "coordinates": [[80.1989649, 12.7507533], [80.1989553, 12.7510121]]}}, {"type": "Feature", "properties": {"osm_id": 1365741849, "highway": "path", "name": null, "source": "osm_overpass"}, "geometry": {"type": "LineString", "coordinates": [[80.0935392, 12.9652147], [80.093427, 12.9654442]]}}, {"type": "Feature", "properties": {"osm_id": 1370915015, "highway": "footway", "name": "towards platform", "source": "osm_overpass"}, "geometry": {"type": "LineString", "coordinates": [[80.2754947, 13.0826422], [80.2755378, 13.082377]]}}, {"type": "Feature", "properties": {"osm_id": 1372587140, "highway": "footway", "name": null, "source": "osm_overpass"}, "geometry": {"type": "LineString", "coordinates": [[80.2016093, 13.1229086], [80.2019951, 13.1230661], [80.2025949, 13.1234765], [80.203318, 13.1239515], [80.2039947, 13.1243081]]}}, {"type": "Feature", "properties": {"osm_id": 1372810091, "highway": "footway", "name": null, "source": "osm_overpass"}, "geometry": {"type": "LineString", "coordinates": [[80.2041188, 13.1248814], [80.2044399, 13.1250235]]}}, {"type": "Feature", "properties": {"osm_id": 1373636350, "highway": "footway", "name": null, "source": "osm_overpass"}, "geometry": {"type": "LineString", "coordinates": [[80.2345838, 12.9515151], [80.2342174, 12.9515219]]}}, {"type": "Feature", "properties": {"osm_id": 1373636351, "highway": "footway", "name": null, "source": "osm_overpass"}, "geometry": {"type": "LineString", "coordinates": [[80.2346578, 12.9514496], [80.2346529, 12.9512109]]}}, {"type": "Feature", "properties": {"osm_id": 1373636352, "highway": "footway", "name": null, "source": "osm_overpass"}, "geometry": {"type": "LineString", "coordinates": [[80.2346557, 12.9515886], [80.2346578, 12.9518114]]}}, {"type": "Feature", "properties": {"osm_id": 1373636353, "highway": "footway", "name": null, "source": "osm_overpass"}, "geometry": {"type": "LineString", "coordinates": [[80.2350701, 12.9515151], [80.2350681, 12.951418], [80.2349647, 12.9514201], [80.2349603, 12.9512049], [80.2346529, 12.9512109], [80.2342111, 12.9512196], [80.2342174, 12.9515219], [80.2342235, 12.9518199], [80.2346578, 12.9518114], [80.235076, 12.9518032], [80.2350701, 12.9515151]]}}, {"type": "Feature", "properties": {"osm_id": 1373636354, "highway": "footway", "name": null, "source": "osm_overpass"}, "geometry": {"type": "LineString", "coordinates": [[80.2345967, 12.9514769], [80.2346155, 12.9514597], [80.2346393, 12.9514502], [80.2346578, 12.9514496], [80.2346651, 12.9514494], [80.2346895, 12.9514576], [80.2347093, 12.9514736], [80.2347211, 12.9514928], [80.234726, 12.9515147], [80.2347236, 12.951537], [80.2347141, 12.9515574], [80.2346985, 12.9515738], [80.2346783, 12.9515846], [80.2346557, 12.9515886], [80.2346295, 12.9515843], [80.2346067, 12.9515711], [80.2345904, 12.9515506], [80.2345829, 12.9515259], [80.2345838, 12.9515151], [80.234585, 12.9515001], [80.2345967, 12.9514769]]}}, {"type": "Feature", "properties": {"osm_id": 1373636355, "highway": "footway", "name": null, "source": "osm_overpass"}, "geometry": {"type": "LineString", "coordinates": [[80.2351608, 12.9515152], [80.2350701, 12.9515151], [80.234726, 12.9515147]]}}, {"type": "Feature", "properties": {"osm_id": 1373914997, "highway": "path", "name": null, "source": "osm_overpass"}, "geometry": {"type": "LineString", "coordinates": [[80.209407, 13.1104491], [80.2091721, 13.1104818], [80.2091083, 13.1104516]]}}, {"type": "Feature", "properties": {"osm_id": 1373914998, "highway": "path", "name": null, "source": "osm_overpass"}, "geometry": {"type": "LineString", "coordinates": [[80.2093684, 13.1100578], [80.2091789, 13.1100847], [80.2091083, 13.1101244]]}}, {"type": "Feature", "properties": {"osm_id": 1373914999, "highway": "path", "name": null, "source": "osm_overpass"}, "geometry": {"type": "LineString", "coordinates": [[80.209386, 13.110272], [80.2092338, 13.1102879]]}}, {"type": "Feature", "properties": {"osm_id": 1374022407, "highway": "path", "name": null, "source": "osm_overpass"}, "geometry": {"type": "LineString", "coordinates": [[80.2091083, 13.1101244], [80.2088428, 13.1101542], [80.2088216, 13.1099722], [80.208802, 13.1098382]]}}, {"type": "Feature", "properties": {"osm_id": 1374336858, "highway": "footway", "name": null, "source": "osm_overpass"}, "geometry": {"type": "LineString", "coordinates": [[80.2045878, 13.125116], [80.2046768, 13.1251988], [80.2050898, 13.1254094], [80.2057654, 13.1258086], [80.2065287, 13.1261878], [80.2077143, 13.1268923], [80.2080875, 13.127082], [80.2085665, 13.1273822], [80.2096257, 13.1279726], [80.210381, 13.1283422], [80.2107233, 13.1285586], [80.2108034, 13.1286142]]}}, {"type": "Feature", "properties": {"osm_id": 1374336859, "highway": "footway", "name": null, "source": "osm_overpass"}, "geometry": {"type": "LineString", "coordinates": [[80.2095428, 13.1273892], [80.2092094, 13.127194], [80.2084104, 13.1267326], [80.2080284, 13.1265173], [80.2068594, 13.1258267], [80.2065516, 13.1256539], [80.2060952, 13.1253642], [80.2054287, 13.1250836], [80.2050264, 13.1248733], [80.2042425, 13.1244455], [80.2041804, 13.1244077], [80.2039947, 13.1243081]]}}, {"type": "Feature", "properties": {"osm_id": 1376961938, "highway": "path", "name": null, "source": "osm_overpass"}, "geometry": {"type": "LineString", "coordinates": [[80.1969377, 13.1584091], [80.1970041, 13.158363], [80.1970174, 13.1583557], [80.197087, 13.1583186]]}}, {"type": "Feature", "properties": {"osm_id": 1376961939, "highway": "path", "name": null, "source": "osm_overpass"}, "geometry": {"type": "LineString", "coordinates": [[80.197292, 13.1585718], [80.1970672, 13.1584087], [80.1970174, 13.1583557], [80.1970028, 13.158299], [80.1969921, 13.158201], [80.1969907, 13.1581801], [80.1975124, 13.1581227], [80.1976344, 13.158376], [80.1973917, 13.158632], [80.197292, 13.1585718]]}}, {"type": "Feature", "properties": {"osm_id": 1377771542, "highway": "path", "name": null, "source": "osm_overpass"}, "geometry": {"type": "LineString", "coordinates": [[80.1994652, 13.1254959], [80.1994644, 13.1255184], [80.1994652, 13.1255487]]}}, {"type": "Feature", "properties": {"osm_id": 1383489974, "highway": "path", "name": null, "source": "osm_overpass"}, "geometry": {"type": "LineString", "coordinates": [[80.1328005, 13.0263544], [80.1328161, 13.0265566], [80.1328268, 13.0266956], [80.1328247, 13.0267321], [80.1328153, 13.0267665], [80.1327987, 13.0267968], [80.1327676, 13.026814], [80.1327333, 13.0268211], [80.1326907, 13.0268241], [80.1321421, 13.0268635], [80.1320932, 13.0268624], [80.1320706, 13.0268566], [80.1320551, 13.0268449], [80.1320479, 13.0268205], [80.1320467, 13.0267822], [80.1320479, 13.0267368], [80.1320768, 13.0263451], [80.1320828, 13.0263161], [80.1320971, 13.0262905], [80.1321174, 13.0262707], [80.1321412, 13.0262591], [80.1321699, 13.0262522], [80.1321997, 13.0262487], [80.1322414, 13.0262463], [80.1326912, 13.0262405], [80.1327222, 13.0262452], [80.1327484, 13.0262533], [80.1327675, 13.0262673], [80.1327842, 13.0262882], [80.1327926, 13.0263114], [80.1328005, 13.0263544]]}}, {"type": "Feature", "properties": {"osm_id": 1383489975, "highway": "path", "name": null, "source": "osm_overpass"}, "geometry": {"type": "LineString", "coordinates": [[80.1328161, 13.0265566], [80.1329948, 13.0265432]]}}, {"type": "Feature", "properties": {"osm_id": 1387938424, "highway": "footway", "name": null, "source": "osm_overpass"}, "geometry": {"type": "LineString", "coordinates": [[80.2555357, 13.1725126], [80.2557385, 13.1725738]]}}, {"type": "Feature", "properties": {"osm_id": 1389719902, "highway": "path", "name": null, "source": "osm_overpass"}, "geometry": {"type": "LineString", "coordinates": [[80.1114842, 13.0200723], [80.1111713, 13.0203279], [80.1109944, 13.0204441], [80.1111521, 13.0206052], [80.1112752, 13.0208488]]}}, {"type": "Feature", "properties": {"osm_id": 1391093793, "highway": "path", "name": null, "source": "osm_overpass"}, "geometry": {"type": "LineString", "coordinates": [[80.2751169, 13.1070727], [80.2753421, 13.1071501], [80.2756448, 13.1072542]]}}, {"type": "Feature", "properties": {"osm_id": 1391093794, "highway": "path", "name": null, "source": "osm_overpass"}, "geometry": {"type": "LineString", "coordinates": [[80.2751169, 13.1070727], [80.2749647, 13.1074971], [80.2748271, 13.1078808]]}}, {"type": "Feature", "properties": {"osm_id": 1391093795, "highway": "path", "name": null, "source": "osm_overpass"}, "geometry": {"type": "LineString", "coordinates": [[80.2753421, 13.1071501], [80.2751835, 13.1075791], [80.275043, 13.107959]]}}, {"type": "Feature", "properties": {"osm_id": 1391093796, "highway": "path", "name": null, "source": "osm_overpass"}, "geometry": {"type": "LineString", "coordinates": [[80.2751835, 13.1075791], [80.2749647, 13.1074971]]}}, {"type": "Feature", "properties": {"osm_id": 1391093804, "highway": "path", "name": null, "source": "osm_overpass"}, "geometry": {"type": "LineString", "coordinates": [[80.2753421, 13.1071501], [80.2756432, 13.1063628]]}}, {"type": "Feature", "properties": {"osm_id": 1391093805, "highway": "path", "name": null, "source": "osm_overpass"}, "geometry": {"type": "LineString", "coordinates": [[80.2751169, 13.1070727], [80.2754147, 13.1062736]]}}, {"type": "Feature", "properties": {"osm_id": 1391093806, "highway": "path", "name": null, "source": "osm_overpass"}, "geometry": {"type": "LineString", "coordinates": [[80.2749647, 13.1074971], [80.2743701, 13.1072978], [80.2741936, 13.1072387]]}}, {"type": "Feature", "properties": {"osm_id": 1391093807, "highway": "path", "name": null, "source": "osm_overpass"}, "geometry": {"type": "LineString", "coordinates": [[80.2743701, 13.1072978], [80.274338, 13.1076365]]}}, {"type": "Feature", "properties": {"osm_id": 1394470461, "highway": "footway", "name": null, "source": "osm_overpass"}, "geometry": {"type": "LineString", "coordinates": [[80.0106664, 13.0185796], [80.0106781, 13.0185598], [80.0106995, 13.0185232], [80.0107363, 13.0184606], [80.0108032, 13.0183466], [80.0108459, 13.0182739], [80.0108593, 13.0182511], [80.0108743, 13.0182255]]}}, {"type": "Feature", "properties": {"osm_id": 1395430746, "highway": "pedestrian", "name": null, "source": "osm_overpass"}, "geometry": {"type": "LineString", "coordinates": [[80.3129195, 13.1618047], [80.3124845, 13.1613152], [80.3116865, 13.1604055], [80.31164, 13.160354], [80.3116199, 13.1603339], [80.3115985, 13.1603207], [80.3115519, 13.1603062], [80.311508, 13.1602978], [80.3114754, 13.1602972], [80.3114394, 13.1603053], [80.3113882, 13.160323], [80.3111318, 13.1604283], [80.3097975, 13.16098], [80.3081695, 13.1616684], [80.3081813, 13.1616919], [80.3081919, 13.161713], [80.3098273, 13.1610437], [80.3111576, 13.1604871], [80.3114151, 13.1603827], [80.3114543, 13.1603705], [80.311479, 13.1603656], [80.3115007, 13.1603653], [80.3115323, 13.160369], [80.311565, 13.1603803], [80.3115867, 13.1603969], [80.3116355, 13.1604463], [80.3124344, 13.1613536], [80.3128659, 13.1618464], [80.3142012, 13.1633687], [80.3142101, 13.1633793], [80.3142164, 13.1633891], [80.3142204, 13.1634015], [80.314225, 13.1634138], [80.3142338, 13.1634288], [80.3142456, 13.1634437], [80.3142545, 13.1634524], [80.3142633, 13.1634601], [80.3142746, 13.1634676], [80.3142861, 13.1634719], [80.3142984, 13.163471], [80.3143063, 13.1634693], [80.3143194, 13.1634636], [80.3143264, 13.1634588], [80.3143328, 13.1634514], [80.3143376, 13.1634423], [80.3143406, 13.1634328], [80.3143398, 13.1634223], [80.3143367, 13.1634119], [80.3143322, 13.1634035], [80.3143277, 13.1633988], [80.3143123, 13.1633853], [80.3142961, 13.1633721], [80.3142859, 13.1633627], [80.3142734, 13.1633488], [80.3142526, 13.1633256], [80.3129195, 13.1618047]]}}, {"type": "Feature", "properties": {"osm_id": 1395430749, "highway": "pedestrian", "name": null, "source": "osm_overpass"}, "geometry": {"type": "LineString", "coordinates": [[80.3131955, 13.1642386], [80.3131846, 13.1642279], [80.3131787, 13.1642066], [80.3131804, 13.1641853], [80.3131913, 13.1641698], [80.3132073, 13.1641616], [80.313225, 13.16416], [80.3132401, 13.1641657], [80.3132544, 13.1641763], [80.313262, 13.1641903], [80.3132653, 13.1642066], [80.313262, 13.1642198], [80.3132544, 13.1642304], [80.313277, 13.1644842], [80.3133605, 13.1657399], [80.3133619, 13.165824], [80.3133473, 13.1658811], [80.3133048, 13.1659552], [80.3132506, 13.1660052], [80.3131862, 13.1660422], [80.3130968, 13.1660807], [80.3107308, 13.1670635], [80.3107172, 13.1670386], [80.3107005, 13.1670082], [80.3130751, 13.1660216], [80.3131762, 13.1659788], [80.3132274, 13.1659431], [80.3132611, 13.1659089], [80.313286, 13.1658575], [80.3132992, 13.1658048], [80.3132977, 13.1657477], [80.3131955, 13.1642386]]}}, {"type": "Feature", "properties": {"osm_id": 1395935892, "highway": "footway", "name": null, "source": "osm_overpass"}, "geometry": {"type": "LineString", "coordinates": [[80.2016568, 13.0047915], [80.2015723, 13.0046275], [80.2014935, 13.004497], [80.201451, 13.0044748], [80.2014353, 13.0044666]]}}, {"type": "Feature", "properties": {"osm_id": 1409959937, "highway": "footway", "name": null, "source": "osm_overpass"}, "geometry": {"type": "LineString", "coordinates": [[80.021031, 12.7960117], [80.0210682, 12.7959888]]}}, {"type": "Feature", "properties": {"osm_id": 1409959938, "highway": "footway", "name": null, "source": "osm_overpass"}, "geometry": {"type": "LineString", "coordinates": [[80.0206505, 12.796245], [80.0206168, 12.7962696]]}}, {"type": "Feature", "properties": {"osm_id": 1415461526, "highway": "footway", "name": "Side Entry", "source": "osm_overpass"}, "geometry": {"type": "LineString", "coordinates": [[80.2202988, 12.8279391], [80.2202398, 12.8281]]}}, {"type": "Feature", "properties": {"osm_id": 1416025803, "highway": "footway", "name": null, "source": "osm_overpass"}, "geometry": {"type": "LineString", "coordinates": [[80.2710424, 13.0811979], [80.2710054, 13.0811919], [80.2709477, 13.0811824]]}}, {"type": "Feature", "properties": {"osm_id": 1424636729, "highway": "footway", "name": null, "source": "osm_overpass"}, "geometry": {"type": "LineString", "coordinates": [[80.164181, 12.9813908], [80.1637806, 12.9812367]]}}, {"type": "Feature", "properties": {"osm_id": 1424636730, "highway": "footway", "name": null, "source": "osm_overpass"}, "geometry": {"type": "LineString", "coordinates": [[80.1658036, 12.9826854], [80.1659906, 12.9822252], [80.166025, 12.9821406], [80.1657293, 12.9820265]]}}, {"type": "Feature", "properties": {"osm_id": 1424951157, "highway": "footway", "name": null, "source": "osm_overpass"}, "geometry": {"type": "LineString", "coordinates": [[80.2716397, 13.0014963], [80.2716546, 13.0014886], [80.2731455, 13.0007217]]}}, {"type": "Feature", "properties": {"osm_id": 1428304918, "highway": "footway", "name": null, "source": "osm_overpass"}, "geometry": {"type": "LineString", "coordinates": [[80.2690333, 13.0379072], [80.2687896, 13.0371886]]}}, {"type": "Feature", "properties": {"osm_id": 1434390378, "highway": "footway", "name": null, "source": "osm_overpass"}, "geometry": {"type": "LineString", "coordinates": [[80.1989176, 13.0770151], [80.1988939, 13.0772097], [80.1988764, 13.0774309]]}}, {"type": "Feature", "properties": {"osm_id": 1434390379, "highway": "footway", "name": null, "source": "osm_overpass"}, "geometry": {"type": "LineString", "coordinates": [[80.1986981, 13.0788623], [80.1986673, 13.0791353], [80.1986015, 13.0796139], [80.1985895, 13.0797119], [80.1984916, 13.0801913], [80.1984312, 13.0806125]]}}, {"type": "Feature", "properties": {"osm_id": 1434395916, "highway": "footway", "name": null, "source": "osm_overpass"}, "geometry": {"type": "LineString", "coordinates": [[80.1987709, 13.0782461], [80.1987397, 13.0785453], [80.1986981, 13.0788623]]}}, {"type": "Feature", "properties": {"osm_id": 1434395917, "highway": "footway", "name": null, "source": "osm_overpass"}, "geometry": {"type": "LineString", "coordinates": [[80.1988764, 13.0774309], [80.1987946, 13.0780183], [80.1987709, 13.0782461]]}}, {"type": "Feature", "properties": {"osm_id": 1434395920, "highway": "footway", "name": null, "source": "osm_overpass"}, "geometry": {"type": "LineString", "coordinates": [[80.1984626, 13.0810648], [80.1984494, 13.0815006], [80.1984587, 13.082192], [80.1984512, 13.0824835]]}}, {"type": "Feature", "properties": {"osm_id": 1434868909, "highway": "footway", "name": null, "source": "osm_overpass"}, "geometry": {"type": "LineString", "coordinates": [[80.1982381, 13.1187669], [80.1981673, 13.1186113], [80.1981191, 13.1185134], [80.1980815, 13.1184389]]}}, {"type": "Feature", "properties": {"osm_id": 1434868911, "highway": "footway", "name": null, "source": "osm_overpass"}, "geometry": {"type": "LineString", "coordinates": [[80.1977899, 13.1179673], [80.1976875, 13.1176876], [80.1975692, 13.1171433], [80.1975048, 13.1168755], [80.1975183, 13.1166744], [80.1975075, 13.1166012], [80.1974931, 13.116489], [80.1974136, 13.115956], [80.1974002, 13.1158411], [80.1974029, 13.1157731], [80.1974163, 13.1157209], [80.1974156, 13.1156796]]}}, {"type": "Feature", "properties": {"osm_id": 1434868912, "highway": "footway", "name": null, "source": "osm_overpass"}, "geometry": {"type": "LineString", "coordinates": [[80.198835, 13.1189281], [80.1986421, 13.1185486]]}}, {"type": "Feature", "properties": {"osm_id": 1434868913, "highway": "footway", "name": null, "source": "osm_overpass"}, "geometry": {"type": "LineString", "coordinates": [[80.1986421, 13.1185486], [80.1985078, 13.1186026], [80.1983446, 13.1186664], [80.1982381, 13.1187669]]}}, {"type": "Feature", "properties": {"osm_id": 1443248487, "highway": "footway", "name": null, "source": "osm_overpass"}, "geometry": {"type": "LineString", "coordinates": [[80.22962, 12.9151374], [80.2296268, 12.9151993]]}}, {"type": "Feature", "properties": {"osm_id": 1444235602, "highway": "path", "name": null, "source": "osm_overpass"}, "geometry": {"type": "LineString", "coordinates": [[80.2288171, 12.9918563], [80.2288146, 12.9925221]]}}, {"type": "Feature", "properties": {"osm_id": 1445926886, "highway": "footway", "name": null, "source": "osm_overpass"}, "geometry": {"type": "LineString", "coordinates": [[80.164634, 12.9815225], [80.1644741, 12.9814852], [80.164181, 12.9813908]]}}, {"type": "Feature", "properties": {"osm_id": 1449612765, "highway": "footway", "name": null, "source": "osm_overpass"}, "geometry": {"type": "LineString", "coordinates": [[80.2015597, 13.1233671], [80.2015577, 13.1233808], [80.2015596, 13.1234302], [80.2015609, 13.1234922], [80.2015562, 13.1235477], [80.2015475, 13.1235542]]}}, {"type": "Feature", "properties": {"osm_id": 1454105763, "highway": "footway", "name": null, "source": "osm_overpass"}, "geometry": {"type": "LineString", "coordinates": [[79.9977019, 12.7763431], [79.9976852, 12.7761664], [79.9976695, 12.776037], [79.9976457, 12.7760277], [79.9971184, 12.7760588], [79.9971079, 12.7760806], [79.9971583, 12.7766234], [79.9971668, 12.7766357], [79.9977124, 12.7765954], [79.9977181, 12.7765763], [79.9977019, 12.7763431]]}}, {"type": "Feature", "properties": {"osm_id": 1457064025, "highway": "footway", "name": null, "source": "osm_overpass"}, "geometry": {"type": "LineString", "coordinates": [[80.247992, 13.0449371], [80.2478923, 13.0449548], [80.2478427, 13.0449636]]}}, {"type": "Feature", "properties": {"osm_id": 1458957624, "highway": "footway", "name": null, "source": "osm_overpass"}, "geometry": {"type": "LineString", "coordinates": [[80.2370415, 12.9852314], [80.2371846, 12.9852887]]}}, {"type": "Feature", "properties": {"osm_id": 1459117028, "highway": "footway", "name": null, "source": "osm_overpass"}, "geometry": {"type": "LineString", "coordinates": [[80.2351415, 12.9848153], [80.2351489, 12.9844945]]}}, {"type": "Feature", "properties": {"osm_id": 1459117029, "highway": "footway", "name": null, "source": "osm_overpass"}, "geometry": {"type": "LineString", "coordinates": [[80.236933, 12.9850774], [80.23694, 12.9847566]]}}, {"type": "Feature", "properties": {"osm_id": 1459117030, "highway": "footway", "name": null, "source": "osm_overpass"}, "geometry": {"type": "LineString", "coordinates": [[80.2371172, 12.9860996], [80.2371172, 12.9857787]]}}, {"type": "Feature", "properties": {"osm_id": 1459117031, "highway": "footway", "name": null, "source": "osm_overpass"}, "geometry": {"type": "LineString", "coordinates": [[80.238667, 12.9873789], [80.2386657, 12.987058]]}}, {"type": "Feature", "properties": {"osm_id": 1459117032, "highway": "footway", "name": null, "source": "osm_overpass"}, "geometry": {"type": "LineString", "coordinates": [[80.2389634, 12.9863418], [80.2389656, 12.9860209]]}}, {"type": "Feature", "properties": {"osm_id": 1459117033, "highway": "footway", "name": null, "source": "osm_overpass"}, "geometry": {"type": "LineString", "coordinates": [[80.2391245, 12.9854545], [80.2391274, 12.9851336]]}}, {"type": "Feature", "properties": {"osm_id": 1459117034, "highway": "footway", "name": null, "source": "osm_overpass"}, "geometry": {"type": "LineString", "coordinates": [[80.2353137, 12.9858568], [80.2353189, 12.9855359]]}}, {"type": "Feature", "properties": {"osm_id": 1459117038, "highway": "footway", "name": null, "source": "osm_overpass"}, "geometry": {"type": "LineString", "coordinates": [[80.2347006, 12.9840283], [80.2347086, 12.9836962]]}}, {"type": "Feature", "properties": {"osm_id": 1459219344, "highway": "footway", "name": null, "source": "osm_overpass"}, "geometry": {"type": "LineString", "coordinates": [[80.2301718, 12.9923718], [80.2302553, 12.9927879], [80.2302688, 12.9928615]]}}, {"type": "Feature", "properties": {"osm_id": 1459219349, "highway": "footway", "name": null, "source": "osm_overpass"}, "geometry": {"type": "LineString", "coordinates": [[80.2362634, 12.9927911], [80.2363038, 12.9927112]]}}, {"type": "Feature", "properties": {"osm_id": 1459219350, "highway": "footway", "name": null, "source": "osm_overpass"}, "geometry": {"type": "LineString", "coordinates": [[80.2361145, 12.992936], [80.2362634, 12.9927911]]}}, {"type": "Feature", "properties": {"osm_id": 1459227620, "highway": "footway", "name": null, "source": "osm_overpass"}, "geometry": {"type": "LineString", "coordinates": [[80.2379732, 12.9856878], [80.238059, 12.9858054]]}}, {"type": "Feature", "properties": {"osm_id": 1459251515, "highway": "footway", "name": null, "source": "osm_overpass"}, "geometry": {"type": "LineString", "coordinates": [[80.2316665, 12.9884888], [80.2314365, 12.9884632], [80.2313812, 12.9884974], [80.231324, 12.9884906]]}}, {"type": "Feature", "properties": {"osm_id": 1459251519, "highway": "footway", "name": null, "source": "osm_overpass"}, "geometry": {"type": "LineString", "coordinates": [[80.2355717, 12.9873394], [80.2355874, 12.9869742]]}}, {"type": "Feature", "properties": {"osm_id": 1459251528, "highway": "footway", "name": null, "source": "osm_overpass"}, "geometry": {"type": "LineString", "coordinates": [[80.2302553, 12.9927879], [80.2301486, 12.9928038], [80.2300546, 12.9928156]]}}, {"type": "Feature", "properties": {"osm_id": 1459251529, "highway": "footway", "name": null, "source": "osm_overpass"}, "geometry": {"type": "LineString", "coordinates": [[80.2300669, 12.9928904], [80.2296711, 12.9929565]]}}, {"type": "Feature", "properties": {"osm_id": 1462835980, "highway": "footway", "name": null, "source": "osm_overpass"}, "geometry": {"type": "LineString", "coordinates": [[80.1988163, 13.0852556], [80.1997605, 13.0852125], [80.200564, 13.0851838], [80.2024738, 13.0851211], [80.2029647, 13.0851002], [80.2038672, 13.0850532], [80.2055688, 13.0849827], [80.2062043, 13.0849695], [80.2074928, 13.0849319], [80.2078764, 13.0849123], [80.2081622, 13.0848903], [80.2101557, 13.0848392]]}}, {"type": "Feature", "properties": {"osm_id": 1465327435, "highway": "path", "name": null, "source": "osm_overpass"}, "geometry": {"type": "LineString", "coordinates": [[80.1805179, 13.0328184], [80.1804696, 13.0328242], [80.1804417, 13.0328282]]}}, {"type": "Feature", "properties": {"osm_id": 1465327436, "highway": "path", "name": null, "source": "osm_overpass"}, "geometry": {"type": "LineString", "coordinates": [[80.1801819, 13.0328615], [80.1804417, 13.0328282]]}}, {"type": "Feature", "properties": {"osm_id": 1468659200, "highway": "path", "name": "E block Path", "source": "osm_overpass"}, "geometry": {"type": "LineString", "coordinates": [[80.1586197, 12.8450688], [80.1592391, 12.8451193], [80.160332, 12.8446346]]}}, {"type": "Feature", "properties": {"osm_id": 1474984806, "highway": "path", "name": null, "source": "osm_overpass"}, "geometry": {"type": "LineString", "coordinates": [[80.2175711, 12.9032196], [80.2176312, 12.9030939]]}}, {"type": "Feature", "properties": {"osm_id": 1479151810, "highway": "pedestrian", "name": null, "source": "osm_overpass"}, "geometry": {"type": "LineString", "coordinates": [[80.0289391, 13.0291832], [80.0288686, 13.0292912]]}}, {"type": "Feature", "properties": {"osm_id": 1479151822, "highway": "footway", "name": null, "source": "osm_overpass"}, "geometry": {"type": "LineString", "coordinates": [[80.0279947, 13.0282509], [80.0277798, 13.0284202], [80.0272988, 13.0286795], [80.0271988, 13.0287164]]}}, {"type": "Feature", "properties": {"osm_id": 1479151823, "highway": "pedestrian", "name": null, "source": "osm_overpass"}, "geometry": {"type": "LineString", "coordinates": [[80.0280634, 13.0303538], [80.0281017, 13.0303361], [80.0281437, 13.030331], [80.0281852, 13.030339], [80.028222, 13.0303593], [80.0282522, 13.0303925], [80.0282692, 13.0304336], [80.028271, 13.030478], [80.0282573, 13.0305203], [80.0282298, 13.0305556], [80.0281917, 13.0305799], [80.0281474, 13.0305902], [80.0281021, 13.0305854], [80.0280611, 13.030566], [80.0280312, 13.0305369], [80.0280121, 13.0305001], [80.0280058, 13.0304593], [80.0280129, 13.0304187], [80.0280328, 13.0303823], [80.0280634, 13.0303538]]}}, {"type": "Feature", "properties": {"osm_id": 1479151824, "highway": "footway", "name": null, "source": "osm_overpass"}, "geometry": {"type": "LineString", "coordinates": [[80.0267732, 13.0284782], [80.0267277, 13.0284971], [80.0266948, 13.0285451], [80.0265098, 13.029208], [80.0262966, 13.0299465], [80.0262411, 13.0301068], [80.0262231, 13.0301528], [80.0262161, 13.0302035]]}}, {"type": "Feature", "properties": {"osm_id": 1479151825, "highway": "footway", "name": null, "source": "osm_overpass"}, "geometry": {"type": "LineString", "coordinates": [[80.0262161, 13.0302035], [80.0262373, 13.0302301], [80.0262906, 13.0302607], [80.0263977, 13.0303234], [80.0266675, 13.0304688], [80.0268014, 13.0305338], [80.0270271, 13.0306432], [80.0271412, 13.0306788], [80.0272231, 13.0306832], [80.0273, 13.0306884], [80.0273242, 13.030699], [80.02736, 13.030702], [80.0274192, 13.0306899], [80.0274651, 13.0306516], [80.0274939, 13.0306056], [80.0274965, 13.030557], [80.0274734, 13.0305045], [80.0274148, 13.0304685], [80.0273398, 13.0304515]]}}, {"type": "Feature", "properties": {"osm_id": 1479151826, "highway": "footway", "name": null, "source": "osm_overpass"}, "geometry": {"type": "LineString", "coordinates": [[80.0267904, 13.0303362], [80.0271467, 13.0304098], [80.0273398, 13.0304515]]}}, {"type": "Feature", "properties": {"osm_id": 1479151827, "highway": "footway", "name": null, "source": "osm_overpass"}, "geometry": {"type": "LineString", "coordinates": [[80.0267904, 13.0303362], [80.0267613, 13.0303476], [80.02675, 13.0303677], [80.0267515, 13.0303949], [80.0267773, 13.0304246], [80.0270626, 13.030579], [80.0271772, 13.0306321], [80.0273, 13.0306884]]}}, {"type": "Feature", "properties": {"osm_id": 1479151828, "highway": "footway", "name": null, "source": "osm_overpass"}, "geometry": {"type": "LineString", "coordinates": [[80.0265843, 13.0310201], [80.0265878, 13.0309293], [80.0266149, 13.0308891], [80.0266373, 13.0308339], [80.0267152, 13.0307029], [80.0267589, 13.030619], [80.0268014, 13.0305338]]}}, {"type": "Feature", "properties": {"osm_id": 1479151829, "highway": "footway", "name": null, "source": "osm_overpass"}, "geometry": {"type": "LineString", "coordinates": [[80.0266614, 13.0318829], [80.026749, 13.0318137], [80.026833, 13.0317833], [80.0270227, 13.0316751], [80.0271176, 13.0316196]]}}, {"type": "Feature", "properties": {"osm_id": 1484337246, "highway": "path", "name": null, "source": "osm_overpass"}, "geometry": {"type": "LineString", "coordinates": [[80.0924222, 12.8864103], [80.0926937, 12.8863883]]}}, {"type": "Feature", "properties": {"osm_id": 1485102321, "highway": "footway", "name": null, "source": "osm_overpass"}, "geometry": {"type": "LineString", "coordinates": [[80.3005174, 13.2486843], [80.3003716, 13.2485847], [80.3003408, 13.2486182], [80.3002151, 13.2485284]]}}, {"type": "Feature", "properties": {"osm_id": 1486898105, "highway": "footway", "name": null, "source": "osm_overpass"}, "geometry": {"type": "LineString", "coordinates": [[80.2418017, 12.8059165], [80.2418366, 12.805825], [80.2419895, 12.8057701], [80.2423355, 12.8056419], [80.2423596, 12.8057073], [80.2418017, 12.8059165]]}}, {"type": "Feature", "properties": {"osm_id": 1490018930, "highway": "footway", "name": null, "source": "osm_overpass"}, "geometry": {"type": "LineString", "coordinates": [[80.2248301, 13.015249], [80.2248824, 13.0151863]]}}, {"type": "Feature", "properties": {"osm_id": 1490018931, "highway": "footway", "name": "Chinnamalai metro pedestrian overbridge", "source": "osm_overpass"}, "geometry": {"type": "LineString", "coordinates": [[80.2241635, 13.014574], [80.2241047, 13.0146395]]}}, {"type": "Feature", "properties": {"osm_id": 1490019083, "highway": "path", "name": null, "source": "osm_overpass"}, "geometry": {"type": "LineString", "coordinates": [[80.2273965, 13.0159713], [80.2274457, 13.0159172], [80.2275479, 13.0158451], [80.2275119, 13.0157963], [80.2277704, 13.0157108], [80.2278028, 13.0157001], [80.227861, 13.0158059]]}}, {"type": "Feature", "properties": {"osm_id": 1497262734, "highway": "footway", "name": null, "source": "osm_overpass"}, "geometry": {"type": "LineString", "coordinates": [[80.28633, 13.0950552], [80.2863271, 13.0950328]]}}, {"type": "Feature", "properties": {"osm_id": 1500715266, "highway": "footway", "name": "Seven Hills Apartment Walk Way", "source": "osm_overpass"}, "geometry": {"type": "LineString", "coordinates": [[80.2595382, 12.9949055], [80.2595253, 12.9950929], [80.2595508, 12.9953238]]}}, {"type": "Feature", "properties": {"osm_id": 1501132748, "highway": "footway", "name": null, "source": "osm_overpass"}, "geometry": {"type": "LineString", "coordinates": [[80.2436483, 13.0398562], [80.2408099, 13.0402571], [80.2399415, 13.0403668], [80.2396205, 13.040401], [80.2382637, 13.0405954], [80.2360995, 13.0408879], [80.2340248, 13.0411799]]}}, {"type": "Feature", "properties": {"osm_id": 1501132752, "highway": "footway", "name": null, "source": "osm_overpass"}, "geometry": {"type": "LineString", "coordinates": [[80.239641, 13.040541], [80.2391051, 13.040617], [80.2390883, 13.0406195], [80.2390677, 13.0406224], [80.2383574, 13.040726], [80.2383397, 13.0407446], [80.2382879, 13.0407535], [80.2381974, 13.0407693]]}}, {"type": "Feature", "properties": {"osm_id": 1501132754, "highway": "footway", "name": null, "source": "osm_overpass"}, "geometry": {"type": "LineString", "coordinates": [[80.2382581, 13.0410154], [80.2382227, 13.0407875], [80.2381974, 13.0407693], [80.2361253, 13.0410427], [80.2341495, 13.0412707], [80.2340898, 13.0412893], [80.2340527, 13.0413244], [80.2340451, 13.0413576]]}}, {"type": "Feature", "properties": {"osm_id": 1501518996, "highway": "footway", "name": null, "source": "osm_overpass"}, "geometry": {"type": "LineString", "coordinates": [[80.2750786, 13.0818845], [80.2750571, 13.0818531]]}}, {"type": "Feature", "properties": {"osm_id": 1501518997, "highway": "footway", "name": null, "source": "osm_overpass"}, "geometry": {"type": "LineString", "coordinates": [[80.2754623, 13.081415], [80.2754587, 13.0814346]]}}, {"type": "Feature", "properties": {"osm_id": 1501518998, "highway": "footway", "name": null, "source": "osm_overpass"}, "geometry": {"type": "LineString", "coordinates": [[80.2755819, 13.0813378], [80.2755215, 13.0813248]]}}, {"type": "Feature", "properties": {"osm_id": 1501518999, "highway": "footway", "name": null, "source": "osm_overpass"}, "geometry": {"type": "LineString", "coordinates": [[80.2743587, 13.0803335], [80.2743396, 13.0803845], [80.2740381, 13.0805242], [80.273681, 13.0806468], [80.2736595, 13.0807247], [80.2734734, 13.0807886]]}}, {"type": "Feature", "properties": {"osm_id": 1501519001, "highway": "footway", "name": null, "source": "osm_overpass"}, "geometry": {"type": "LineString", "coordinates": [[80.2749685, 13.0814971], [80.274769, 13.0814742], [80.2746306, 13.0814586]]}}, {"type": "Feature", "properties": {"osm_id": 1501519004, "highway": "footway", "name": null, "source": "osm_overpass"}, "geometry": {"type": "LineString", "coordinates": [[80.2743021, 13.0802683], [80.2742776, 13.0802759], [80.2742073, 13.0802953]]}}, {"type": "Feature", "properties": {"osm_id": 1501519005, "highway": "footway", "name": null, "source": "osm_overpass"}, "geometry": {"type": "LineString", "coordinates": [[80.2750358, 13.0818265], [80.2750595, 13.081828]]}}, {"type": "Feature", "properties": {"osm_id": 1501519007, "highway": "footway", "name": null, "source": "osm_overpass"}, "geometry": {"type": "LineString", "coordinates": [[80.274288, 13.0803617], [80.2742969, 13.0803448], [80.274321, 13.0803339]]}}, {"type": "Feature", "properties": {"osm_id": 1501519012, "highway": "footway", "name": null, "source": "osm_overpass"}, "geometry": {"type": "LineString", "coordinates": [[80.2750553, 13.0818844], [80.2750571, 13.0818531]]}}, {"type": "Feature", "properties": {"osm_id": 1501519013, "highway": "footway", "name": null, "source": "osm_overpass"}, "geometry": {"type": "LineString", "coordinates": [[80.274321, 13.0803339], [80.274315, 13.0803118], [80.2743021, 13.0802683]]}}, {"type": "Feature", "properties": {"osm_id": 1501519014, "highway": "footway", "name": null, "source": "osm_overpass"}, "geometry": {"type": "LineString", "coordinates": [[80.274769, 13.0814742], [80.2748037, 13.0811391], [80.2748918, 13.080127]]}}, {"type": "Feature", "properties": {"osm_id": 1501519015, "highway": "footway", "name": null, "source": "osm_overpass"}, "geometry": {"type": "LineString", "coordinates": [[80.2754948, 13.0814412], [80.2755215, 13.0813248], [80.2755317, 13.0812819], [80.2755924, 13.0812957]]}}, {"type": "Feature", "properties": {"osm_id": 1501700887, "highway": "footway", "name": null, "source": "osm_overpass"}, "geometry": {"type": "LineString", "coordinates": [[80.2177957, 13.0851006], [80.2177842, 13.0851166], [80.2177691, 13.0851025]]}}, {"type": "Feature", "properties": {"osm_id": 1501700890, "highway": "footway", "name": null, "source": "osm_overpass"}, "geometry": {"type": "LineString", "coordinates": [[80.2177858, 13.0851514], [80.2177842, 13.0851166]]}}, {"type": "Feature", "properties": {"osm_id": 1504324968, "highway": "footway", "name": null, "source": "osm_overpass"}, "geometry": {"type": "LineString", "coordinates": [[80.2432449, 12.9553642], [80.2430171, 12.9547584]]}}, {"type": "Feature", "properties": {"osm_id": 1506796066, "highway": "path", "name": null, "source": "osm_overpass"}, "geometry": {"type": "LineString", "coordinates": [[80.2043499, 13.0146192], [80.2044293, 13.0146], [80.2045441, 13.0145723]]}}, {"type": "Feature", "properties": {"osm_id": 1506906474, "highway": "path", "name": null, "source": "osm_overpass"}, "geometry": {"type": "LineString", "coordinates": [[80.2234333, 13.0794349], [80.2233112, 13.0794387]]}}, {"type": "Feature", "properties": {"osm_id": 1508224683, "highway": "path", "name": null, "source": "osm_overpass"}, "geometry": {"type": "LineString", "coordinates": [[80.2282861, 13.0830585], [80.2283451, 13.0835552], [80.228439, 13.0849125], [80.2284443, 13.0852887], [80.2285355, 13.0855552], [80.2288198, 13.0855238], [80.2288842, 13.0854193], [80.2287984, 13.0841392], [80.2286965, 13.0830781], [80.2286968, 13.0830635]]}}, {"type": "Feature", "properties": {"osm_id": 1508224696, "highway": "path", "name": null, "source": "osm_overpass"}, "geometry": {"type": "LineString", "coordinates": [[80.2201818, 13.0825638], [80.2201939, 13.0826343], [80.2201939, 13.0827205], [80.2201764, 13.0827597], [80.2203119, 13.0827754], [80.2204225, 13.0827816]]}}, {"type": "Feature", "properties": {"osm_id": 1508224697, "highway": "path", "name": null, "source": "osm_overpass"}, "geometry": {"type": "LineString", "coordinates": [[80.2204, 13.0825594], [80.2201818, 13.0825638], [80.2197714, 13.0824397], [80.2196172, 13.0823521]]}}, {"type": "Feature", "properties": {"osm_id": 1510447366, "highway": "footway", "name": null, "source": "osm_overpass"}, "geometry": {"type": "LineString", "coordinates": [[80.1950451, 13.0739434], [80.1950482, 13.0743157], [80.1949891, 13.0752014], [80.1950222, 13.0752078], [80.1950562, 13.0752144], [80.1950991, 13.0745508], [80.1951078, 13.0739401], [80.1950451, 13.0739434]]}}, {"type": "Feature", "properties": {"osm_id": 1513938080, "highway": "footway", "name": null, "source": "osm_overpass"}, "geometry": {"type": "LineString", "coordinates": [[80.2175448, 12.9922549], [80.2175545, 12.9923598]]}}, {"type": "Feature", "properties": {"osm_id": 1519717425, "highway": "footway", "name": null, "source": "osm_overpass"}, "geometry": {"type": "LineString", "coordinates": [[80.1380844, 12.9366013], [80.1382023, 12.9366458], [80.1384065, 12.9366948], [80.1385287, 12.9367098], [80.1384336, 12.9366509], [80.1383299, 12.9365799], [80.1381963, 12.9365441], [80.1381291, 12.9365296]]}}, {"type": "Feature", "properties": {"osm_id": 1519724921, "highway": "footway", "name": null, "source": "osm_overpass"}, "geometry": {"type": "LineString", "coordinates": [[80.1369226, 12.9373643], [80.1369109, 12.9371328]]}}, {"type": "Feature", "properties": {"osm_id": 1519733325, "highway": "footway", "name": null, "source": "osm_overpass"}, "geometry": {"type": "LineString", "coordinates": [[80.1362363, 12.9371774], [80.1366414, 12.9371261], [80.1368838, 12.9371321], [80.1369109, 12.9371328], [80.1369425, 12.9371336], [80.1372074, 12.9370816], [80.1375361, 12.9369748], [80.1376605, 12.9369126]]}}, {"type": "Feature", "properties": {"osm_id": 1519747542, "highway": "footway", "name": null, "source": "osm_overpass"}, "geometry": {"type": "LineString", "coordinates": [[80.1362363, 12.9371774], [80.1360153, 12.9371705], [80.1359347, 12.9371907], [80.1357202, 12.9372217], [80.1355182, 12.9372308], [80.1353728, 12.9372703], [80.1353408, 12.9372521], [80.1352794, 12.9372332], [80.1352365, 12.9371695], [80.135213, 12.9370914], [80.1351952, 12.9369877], [80.1351662, 12.9368707], [80.1351346, 12.9367298], [80.1351126, 12.9366251], [80.135068, 12.9364174], [80.1350574, 12.9363266], [80.1350326, 12.936108], [80.1350162, 12.9359923], [80.1350126, 12.935872], [80.1350134, 12.9357208]]}}, {"type": "Feature", "properties": {"osm_id": 1520448806, "highway": "footway", "name": null, "source": "osm_overpass"}, "geometry": {"type": "LineString", "coordinates": [[80.1350134, 12.9357208], [80.1350234, 12.9355263], [80.1349703, 12.9353888], [80.1349431, 12.9353164], [80.1348633, 12.9350827], [80.1347874, 12.9349125], [80.1346708, 12.9346634], [80.1346422, 12.9344532], [80.134478, 12.9341212], [80.1343394, 12.9338061], [80.1343087, 12.9336795]]}}, {"type": "Feature", "properties": {"osm_id": 1525043901, "highway": "footway", "name": null, "source": "osm_overpass"}, "geometry": {"type": "LineString", "coordinates": [[80.1274072, 12.9366801], [80.1274498, 12.936726], [80.1274889, 12.93677], [80.1277038, 12.9370121], [80.1279095, 12.9373452]]}}, {"type": "Feature", "properties": {"osm_id": 1527743197, "highway": "path", "name": null, "source": "osm_overpass"}, "geometry": {"type": "LineString", "coordinates": [[80.1403207, 12.9338801], [80.1402776, 12.9338852], [80.1403118, 12.9340674]]}}, {"type": "Feature", "properties": {"osm_id": 1528006981, "highway": "footway", "name": null, "source": "osm_overpass"}, "geometry": {"type": "LineString", "coordinates": [[80.1369107, 12.9373863], [80.1369207, 12.9374804]]}}, {"type": "Feature", "properties": {"osm_id": 1528643151, "highway": "footway", "name": null, "source": "osm_overpass"}, "geometry": {"type": "LineString", "coordinates": [[80.0489468, 12.8314065], [80.0490312, 12.8313119], [80.0490683, 12.8312128], [80.0490666, 12.8311295]]}}, {"type": "Feature", "properties": {"osm_id": 1528643152, "highway": "footway", "name": null, "source": "osm_overpass"}, "geometry": {"type": "LineString", "coordinates": [[80.0490666, 12.8311295], [80.0493145, 12.8312872], [80.0493994, 12.8313043], [80.0495435, 12.8312964], [80.0496378, 12.831257], [80.0497267, 12.8311821], [80.0497598, 12.8311139], [80.0497375, 12.830985], [80.0496863, 12.8308537], [80.0496688, 12.8307144], [80.0496432, 12.8306304], [80.0495839, 12.8305122], [80.0495179, 12.8304425], [80.049394, 12.8304031], [80.0492741, 12.8304452], [80.0491932, 12.8305148], [80.0491299, 12.8305857], [80.0490572, 12.830746], [80.0490397, 12.8308931], [80.0490531, 12.8309982], [80.0490666, 12.8311295], [80.0487753, 12.8311584]]}}, {"type": "Feature", "properties": {"osm_id": 1528643153, "highway": "footway", "name": null, "source": "osm_overpass"}, "geometry": {"type": "LineString", "coordinates": [[80.0487753, 12.8311584], [80.0487189, 12.8311595]]}}, {"type": "Feature", "properties": {"osm_id": 1528850347, "highway": "footway", "name": null, "source": "osm_overpass"}, "geometry": {"type": "LineString", "coordinates": [[80.2355874, 12.9869742], [80.2359195, 12.9869791]]}}, {"type": "Feature", "properties": {"osm_id": 1529281763, "highway": "path", "name": null, "source": "osm_overpass"}, "geometry": {"type": "LineString", "coordinates": [[80.1986496, 13.0689002], [80.1989281, 13.0677733], [80.1989407, 13.0677222], [80.1980404, 13.0677319], [80.1980399, 13.0677619], [80.1980269, 13.0686236], [80.1986496, 13.0689002]]}}, {"type": "Feature", "properties": {"osm_id": 1529281764, "highway": "path", "name": null, "source": "osm_overpass"}, "geometry": {"type": "LineString", "coordinates": [[80.1956276, 13.068258], [80.195636, 13.0678344]]}}, {"type": "Feature", "properties": {"osm_id": 1529281765, "highway": "path", "name": null, "source": "osm_overpass"}, "geometry": {"type": "LineString", "coordinates": [[80.1965363, 13.0682836], [80.1965327, 13.0686787]]}}, {"type": "Feature", "properties": {"osm_id": 1529281766, "highway": "path", "name": null, "source": "osm_overpass"}, "geometry": {"type": "LineString", "coordinates": [[80.1967582, 13.0674597], [80.197438, 13.0674601]]}}, {"type": "Feature", "properties": {"osm_id": 1529281767, "highway": "path", "name": null, "source": "osm_overpass"}, "geometry": {"type": "LineString", "coordinates": [[80.1965327, 13.0686787], [80.1961304, 13.068673], [80.1956227, 13.0686656], [80.1956276, 13.068258], [80.1961386, 13.0682711], [80.1965363, 13.0682836], [80.1965553, 13.0678501], [80.1961523, 13.0678357], [80.195636, 13.0678344], [80.1956171, 13.0678343]]}}, {"type": "Feature", "properties": {"osm_id": 1529281768, "highway": "path", "name": null, "source": "osm_overpass"}, "geometry": {"type": "LineString", "coordinates": [[80.1961304, 13.068673], [80.1961386, 13.0682711], [80.1961523, 13.0678357]]}}, {"type": "Feature", "properties": {"osm_id": 1529282229, "highway": "footway", "name": null, "source": "osm_overpass"}, "geometry": {"type": "LineString", "coordinates": [[80.1948359, 13.0665581], [80.1948353, 13.0666053], [80.194831, 13.0669188], [80.1948266, 13.0674061], [80.1948205, 13.0677587], [80.1948185, 13.068242], [80.1948135, 13.0686482], [80.1948104, 13.0689553]]}}, {"type": "Feature", "properties": {"osm_id": 1529282230, "highway": "footway", "name": null, "source": "osm_overpass"}, "geometry": {"type": "LineString", "coordinates": [[80.1953574, 13.0669331], [80.194831, 13.0669188]]}}, {"type": "Feature", "properties": {"osm_id": 1529284252, "highway": "footway", "name": null, "source": "osm_overpass"}, "geometry": {"type": "LineString", "coordinates": [[80.195515, 13.0666046], [80.1948353, 13.0666053]]}}, {"type": "Feature", "properties": {"osm_id": 1529295379, "highway": "footway", "name": null, "source": "osm_overpass"}, "geometry": {"type": "LineString", "coordinates": [[80.1953427, 13.0686486], [80.1948135, 13.0686482], [80.1943527, 13.0686479]]}}, {"type": "Feature", "properties": {"osm_id": 1529295380, "highway": "footway", "name": null, "source": "osm_overpass"}, "geometry": {"type": "LineString", "coordinates": [[80.1953478, 13.0682422], [80.1948185, 13.068242], [80.1943652, 13.0682419]]}}, {"type": "Feature", "properties": {"osm_id": 1529295381, "highway": "footway", "name": null, "source": "osm_overpass"}, "geometry": {"type": "LineString", "coordinates": [[80.1953538, 13.0677572], [80.1948205, 13.0677587], [80.1943605, 13.0677601]]}}, {"type": "Feature", "properties": {"osm_id": 1529296780, "highway": "footway", "name": null, "source": "osm_overpass"}, "geometry": {"type": "LineString", "coordinates": [[80.1976189, 13.067369], [80.1980274, 13.0673807], [80.1988494, 13.0674043], [80.1990335, 13.0674096], [80.1991595, 13.0674729], [80.1991797, 13.0675418], [80.1992424, 13.0677403], [80.1992398, 13.0680685], [80.1991275, 13.0684501]]}}, {"type": "Feature", "properties": {"osm_id": 1529540812, "highway": "footway", "name": null, "source": "osm_overpass"}, "geometry": {"type": "LineString", "coordinates": [[80.195358, 13.067421], [80.1948266, 13.0674061], [80.1944001, 13.0674091]]}}, {"type": "Feature", "properties": {"osm_id": 1529540813, "highway": "footway", "name": null, "source": "osm_overpass"}, "geometry": {"type": "LineString", "coordinates": [[80.194831, 13.0669188], [80.1944072, 13.0669151]]}}, {"type": "Feature", "properties": {"osm_id": 1532125428, "highway": "footway", "name": "Railway Foot overbridge", "source": "osm_overpass"}, "geometry": {"type": "LineString", "coordinates": [[80.1310584, 12.9368288], [80.1306739, 12.9370816]]}}, {"type": "Feature", "properties": {"osm_id": 1532776826, "highway": "pedestrian", "name": null, "source": "osm_overpass"}, "geometry": {"type": "LineString", "coordinates": [[80.204621, 13.0685085], [80.2048396, 13.0684812], [80.204873, 13.0685147]]}}, {"type": "Feature", "properties": {"osm_id": 1533536823, "highway": "footway", "name": "Walking path", "source": "osm_overpass"}, "geometry": {"type": "LineString", "coordinates": [[80.1494477, 13.1217554], [80.1495249, 13.121888], [80.1495669, 13.1219601], [80.1495831, 13.1219879], [80.1496536, 13.1220821], [80.1497332, 13.1221756], [80.1497604, 13.1222067], [80.149789, 13.1222192], [80.1498043, 13.1222184], [80.1498152, 13.1221831], [80.1498136, 13.1221496], [80.1497955, 13.122047], [80.1497685, 13.1218934], [80.1497625, 13.1218656], [80.149752, 13.1218574], [80.1497048, 13.1218605], [80.1496739, 13.1218642], [80.1496562, 13.121858], [80.1496535, 13.121852], [80.1496462, 13.1218359], [80.1496405, 13.1218052], [80.1496203, 13.1216819], [80.1496184, 13.1216622], [80.1496203, 13.1216383], [80.1496329, 13.121615], [80.1496594, 13.1216015], [80.1496852, 13.1215965], [80.1496956, 13.1215939], [80.1497168, 13.1215886], [80.1497199, 13.1215788], [80.1497168, 13.1215419], [80.1497054, 13.1214689], [80.1496969, 13.1214215], [80.1496802, 13.1213081], [80.1496726, 13.1212449], [80.1496708, 13.1212386], [80.1496666, 13.1212328], [80.1496602, 13.1212294], [80.1496536, 13.1212309], [80.1496463, 13.1212366], [80.1496418, 13.1212461], [80.1495762, 13.1213958], [80.1495665, 13.1214195], [80.1495588, 13.1214363], [80.1495113, 13.1215468], [80.1494615, 13.1217033], [80.1494477, 13.1217554]]}}, {"type": "Feature", "properties": {"osm_id": 1533536824, "highway": "footway", "name": "Walking path in park", "source": "osm_overpass"}, "geometry": {"type": "LineString", "coordinates": [[80.1496536, 13.1220821], [80.1497955, 13.122047]]}}, {"type": "Feature", "properties": {"osm_id": 1533536825, "highway": "footway", "name": "Walking path in park", "source": "osm_overpass"}, "geometry": {"type": "LineString", "coordinates": [[80.1495669, 13.1219601], [80.1496733, 13.1219157], [80.1496798, 13.1218936], [80.1496739, 13.1218642]]}}, {"type": "Feature", "properties": {"osm_id": 1533536826, "highway": "footway", "name": "Walking path in park", "source": "osm_overpass"}, "geometry": {"type": "LineString", "coordinates": [[80.1495249, 13.121888], [80.1496535, 13.121852]]}}, {"type": "Feature", "properties": {"osm_id": 1533536827, "highway": "footway", "name": null, "source": "osm_overpass"}, "geometry": {"type": "LineString", "coordinates": [[80.1494477, 13.1217554], [80.1494128, 13.1217656], [80.1493901, 13.1217712]]}}, {"type": "Feature", "properties": {"osm_id": 1533536828, "highway": "footway", "name": "Walking path in park", "source": "osm_overpass"}, "geometry": {"type": "LineString", "coordinates": [[80.1495665, 13.1214195], [80.1495879, 13.1214169], [80.1496043, 13.1214146], [80.1496218, 13.1214175], [80.1496358, 13.1214277], [80.1496487, 13.1214328], [80.1496615, 13.121434], [80.1496785, 13.1214294], [80.1496969, 13.1214215]]}}, {"type": "Feature", "properties": {"osm_id": 1533536829, "highway": "footway", "name": null, "source": "osm_overpass"}, "geometry": {"type": "LineString", "coordinates": [[80.1496956, 13.1215939], [80.1497039, 13.1216258], [80.1497141, 13.1216304], [80.1497357, 13.1216251], [80.1497657, 13.1216176], [80.1497811, 13.1216148]]}}, {"type": "Feature", "properties": {"osm_id": 1534185972, "highway": "footway", "name": "Campus foot path", "source": "osm_overpass"}, "geometry": {"type": "LineString", "coordinates": [[80.1912366, 13.1487379], [80.1912589, 13.1487386], [80.1920858, 13.1487626], [80.192116, 13.1487634]]}}, {"type": "Feature", "properties": {"osm_id": 1534445075, "highway": "footway", "name": null, "source": "osm_overpass"}, "geometry": {"type": "LineString", "coordinates": [[80.1305041, 12.9369077], [80.1304939, 12.9369792]]}}, {"type": "Feature", "properties": {"osm_id": 1534445077, "highway": "footway", "name": null, "source": "osm_overpass"}, "geometry": {"type": "LineString", "coordinates": [[80.1308109, 12.9366177], [80.1307448, 12.9365239]]}}, {"type": "Feature", "properties": {"osm_id": 1534794762, "highway": "footway", "name": null, "source": "osm_overpass"}, "geometry": {"type": "LineString", "coordinates": [[80.1665564, 13.1320144], [80.1665563, 13.1319339], [80.1665556, 13.1318461]]}}, {"type": "Feature", "properties": {"osm_id": 1534794763, "highway": "footway", "name": "Walking path", "source": "osm_overpass"}, "geometry": {"type": "LineString", "coordinates": [[80.1669064, 13.13185], [80.1665936, 13.1318452], [80.1665556, 13.1318461], [80.1665173, 13.1318439], [80.166367, 13.1318414], [80.1663264, 13.1318577], [80.1662497, 13.1318697], [80.1661871, 13.1318654], [80.1661228, 13.1318448], [80.1660708, 13.1318122], [80.1661131, 13.1317238], [80.1661225, 13.1317031], [80.1661889, 13.1315572], [80.1662576, 13.1314061], [80.166277, 13.1313641], [80.166292, 13.1313272], [80.1664366, 13.1313787], [80.1665653, 13.1314242], [80.1666261, 13.1314424], [80.1666546, 13.1314502], [80.1666825, 13.1313898], [80.1667231, 13.1312868], [80.1668456, 13.1313289], [80.166969, 13.1313735], [80.167049, 13.131405], [80.1670773, 13.1314232], [80.1670855, 13.1314569], [80.1670627, 13.1315035], [80.1670307, 13.1315254], [80.1670148, 13.1315503], [80.1670166, 13.1315748], [80.1670417, 13.131612], [80.1670547, 13.1316533], [80.1670357, 13.1317053], [80.1669357, 13.1318166], [80.1669064, 13.13185]]}}, {"type": "Feature", "properties": {"osm_id": 1534794764, "highway": "footway", "name": "Walking path", "source": "osm_overpass"}, "geometry": {"type": "LineString", "coordinates": [[80.1665173, 13.1318439], [80.166501, 13.1317992], [80.166529, 13.1317426], [80.1665989, 13.1317477], [80.1666184, 13.1317992], [80.1665936, 13.1318452]]}}, {"type": "Feature", "properties": {"osm_id": 1534794765, "highway": "footway", "name": "Walking path", "source": "osm_overpass"}, "geometry": {"type": "LineString", "coordinates": [[80.166529, 13.1317426], [80.1662516, 13.1317157], [80.1661225, 13.1317031]]}}, {"type": "Feature", "properties": {"osm_id": 1534794766, "highway": "footway", "name": "Walking path", "source": "osm_overpass"}, "geometry": {"type": "LineString", "coordinates": [[80.1662516, 13.1317157], [80.1663392, 13.1315025], [80.1665134, 13.1315574], [80.1665653, 13.1314242]]}}, {"type": "Feature", "properties": {"osm_id": 1534794767, "highway": "footway", "name": "Walking path", "source": "osm_overpass"}, "geometry": {"type": "LineString", "coordinates": [[80.1665989, 13.1317477], [80.1666121, 13.1317432], [80.1666229, 13.1317277], [80.1666225, 13.1317094], [80.1665958, 13.1316739], [80.1666183, 13.1316173], [80.166698, 13.1315945], [80.1667344, 13.1315853], [80.1667391, 13.1315842], [80.166743, 13.131603], [80.1667588, 13.1316312], [80.166776, 13.131648], [80.1668036, 13.1316621], [80.1668332, 13.1316681], [80.1668615, 13.1316655], [80.1668925, 13.1316527], [80.1669194, 13.1316292], [80.1669352, 13.131601], [80.1669401, 13.1315842], [80.1669408, 13.1315707], [80.166937, 13.1315542], [80.1669284, 13.1315386], [80.1669111, 13.1315138], [80.1668939, 13.1314977], [80.166867, 13.1314856], [80.1668353, 13.1314842], [80.1668091, 13.1314889], [80.1667864, 13.131497], [80.166773, 13.1315101], [80.1667671, 13.1315158], [80.1667533, 13.1315339], [80.1667443, 13.1315561], [80.1667391, 13.1315842]]}}, {"type": "Feature", "properties": {"osm_id": 1534794768, "highway": "footway", "name": "Walking path", "source": "osm_overpass"}, "geometry": {"type": "LineString", "coordinates": [[80.1670148, 13.1315503], [80.166937, 13.1315542]]}}, {"type": "Feature", "properties": {"osm_id": 1534794769, "highway": "footway", "name": null, "source": "osm_overpass"}, "geometry": {"type": "LineString", "coordinates": [[80.1666546, 13.1314502], [80.166724, 13.131464], [80.166773, 13.1315101]]}}, {"type": "Feature", "properties": {"osm_id": 1534819818, "highway": "footway", "name": null, "source": "osm_overpass"}, "geometry": {"type": "LineString", "coordinates": [[80.2624737, 13.0783063], [80.2624319, 13.0783003]]}}, {"type": "Feature", "properties": {"osm_id": 1534819821, "highway": "footway", "name": "Egmore railway station overbridge", "source": "osm_overpass"}, "geometry": {"type": "LineString", "coordinates": [[80.2622248, 13.0789454], [80.261942, 13.0789237], [80.2619492, 13.0788873], [80.262303, 13.0788906], [80.2623264, 13.0787577], [80.2623533, 13.078602], [80.2623867, 13.0784097], [80.2623935, 13.0783703], [80.2624003, 13.0783314], [80.2624319, 13.0783003]]}}, {"type": "Feature", "properties": {"osm_id": 1534819822, "highway": "path", "name": null, "source": "osm_overpass"}, "geometry": {"type": "LineString", "coordinates": [[80.2615112, 13.0792466], [80.2618785, 13.0793624], [80.2619359, 13.0790119], [80.2622067, 13.0790003], [80.2622248, 13.0789454]]}}, {"type": "Feature", "properties": {"osm_id": 1536599909, "highway": "footway", "name": null, "source": "osm_overpass"}, "geometry": {"type": "LineString", "coordinates": [[80.2570819, 13.1093657], [80.2571507, 13.1092761], [80.2571587, 13.1091598], [80.2570843, 13.1091455]]}}, {"type": "Feature", "properties": {"osm_id": 1536599910, "highway": "footway", "name": null, "source": "osm_overpass"}, "geometry": {"type": "LineString", "coordinates": [[80.2576392, 13.1086882], [80.2576026, 13.1087823], [80.2572707, 13.1087974]]}}, {"type": "Feature", "properties": {"osm_id": 1536599914, "highway": "footway", "name": null, "source": "osm_overpass"}, "geometry": {"type": "LineString", "coordinates": [[80.2569549, 13.1091357], [80.2569918, 13.1088979], [80.256969, 13.1088966], [80.2569837, 13.1087614]]}}, {"type": "Feature", "properties": {"osm_id": 1536599925, "highway": "footway", "name": null, "source": "osm_overpass"}, "geometry": {"type": "LineString", "coordinates": [[80.0649107, 13.1185246], [80.0649181, 13.118688]]}}, {"type": "Feature", "properties": {"osm_id": 1536599927, "highway": "footway", "name": null, "source": "osm_overpass"}, "geometry": {"type": "LineString", "coordinates": [[80.0645948, 13.119175], [80.0645936, 13.1192013]]}}, {"type": "Feature", "properties": {"osm_id": 1539684781, "highway": "footway", "name": null, "source": "osm_overpass"}, "geometry": {"type": "LineString", "coordinates": [[80.0606403, 13.1255921], [80.06065, 13.1247202]]}}, {"type": "Feature", "properties": {"osm_id": 1539684782, "highway": "footway", "name": null, "source": "osm_overpass"}, "geometry": {"type": "LineString", "coordinates": [[80.060478, 13.1255916], [80.0604883, 13.1247221]]}}, {"type": "Feature", "properties": {"osm_id": 1539684783, "highway": "footway", "name": null, "source": "osm_overpass"}, "geometry": {"type": "LineString", "coordinates": [[80.0608191, 13.1255928], [80.0608054, 13.1247184]]}}, {"type": "Feature", "properties": {"osm_id": 1539684785, "highway": "footway", "name": null, "source": "osm_overpass"}, "geometry": {"type": "LineString", "coordinates": [[80.0611429, 13.1255939], [80.0611726, 13.1245666]]}}, {"type": "Feature", "properties": {"osm_id": 1539684786, "highway": "footway", "name": null, "source": "osm_overpass"}, "geometry": {"type": "LineString", "coordinates": [[80.0612826, 13.1255944], [80.0613172, 13.124567]]}}, {"type": "Feature", "properties": {"osm_id": 1540205475, "highway": "path", "name": null, "source": "osm_overpass"}, "geometry": {"type": "LineString", "coordinates": [[80.2135873, 12.8288999], [80.2136311, 12.8287142], [80.2142027, 12.8270962]]}}, {"type": "Feature", "properties": {"osm_id": 1540205491, "highway": "path", "name": null, "source": "osm_overpass"}, "geometry": {"type": "LineString", "coordinates": [[80.2152615, 12.8388084], [80.2153575, 12.8388103], [80.2154462, 12.8388139], [80.2154826, 12.8388388], [80.2155077, 12.8388816], [80.2155271, 12.8389087], [80.2155521, 12.838915], [80.2156607, 12.8389292], [80.2157888, 12.8389532], [80.2158783, 12.8389602]]}}, {"type": "Feature", "properties": {"osm_id": 1540746271, "highway": "footway", "name": null, "source": "osm_overpass"}, "geometry": {"type": "LineString", "coordinates": [[80.1677994, 12.8429226], [80.1678368, 12.8429385], [80.167866, 12.8429686], [80.1678937, 12.8430209], [80.1679148, 12.8430764], [80.1679257, 12.843112], [80.1679292, 12.8431487], [80.1679342, 12.8431869], [80.1679278, 12.8432461], [80.1679051, 12.8433206], [80.1678839, 12.8433777], [80.1678512, 12.8434361], [80.1678373, 12.8434745], [80.1678316, 12.8435214], [80.1678196, 12.843556], [80.1678297, 12.8436168], [80.1678337, 12.8436627], [80.1678354, 12.8437054], [80.1678285, 12.8437492], [80.1678116, 12.8438085], [80.1678276, 12.8438417], [80.1678323, 12.843896], [80.1678426, 12.8439447], [80.1678522, 12.8440143], [80.167849, 12.8440624], [80.167834, 12.8441126], [80.1678158, 12.8441387], [80.1677889, 12.8441513], [80.1677643, 12.844145], [80.1677439, 12.844121], [80.1677278, 12.8440864], [80.1677192, 12.8440341], [80.1677299, 12.8439724], [80.1677659, 12.8438891], [80.1677844, 12.8438389], [80.1678116, 12.8438085]]}}, {"type": "Feature", "properties": {"osm_id": 1540746272, "highway": "footway", "name": null, "source": "osm_overpass"}, "geometry": {"type": "LineString", "coordinates": [[80.1678196, 12.843556], [80.1678028, 12.8435263], [80.1677897, 12.843479], [80.1677695, 12.843421], [80.1677487, 12.8433642], [80.1677281, 12.8433141], [80.1677079, 12.8432625], [80.1676967, 12.8432251], [80.1676911, 12.8431965], [80.1676861, 12.8431632], [80.1676852, 12.843122], [80.1676936, 12.8430692], [80.1677113, 12.8430164], [80.1677356, 12.8429717], [80.1677646, 12.842949], [80.1677994, 12.8429226]]}}, {"type": "Feature", "properties": {"osm_id": 1540746273, "highway": "footway", "name": null, "source": "osm_overpass"}, "geometry": {"type": "LineString", "coordinates": [[80.1677897, 12.843479], [80.1678373, 12.8434745]]}}, {"type": "Feature", "properties": {"osm_id": 1540746274, "highway": "footway", "name": null, "source": "osm_overpass"}, "geometry": {"type": "LineString", "coordinates": [[80.1676911, 12.8431965], [80.1679342, 12.8431869]]}}, {"type": "Feature", "properties": {"osm_id": 1540746275, "highway": "footway", "name": null, "source": "osm_overpass"}, "geometry": {"type": "LineString", "coordinates": [[80.1677659, 12.8438891], [80.1678323, 12.843896]]}}, {"type": "Feature", "properties": {"osm_id": 1540746276, "highway": "footway", "name": null, "source": "osm_overpass"}, "geometry": {"type": "LineString", "coordinates": [[80.1678137, 12.843663], [80.1678101, 12.8436466], [80.1677985, 12.8436344], [80.167782, 12.8436296], [80.1677654, 12.8436335], [80.1677531, 12.8436452], [80.1677486, 12.8436613], [80.1677528, 12.8436769], [80.1677644, 12.8436885], [80.1677803, 12.8436931], [80.1677965, 12.8436894], [80.1678087, 12.8436784], [80.1678137, 12.843663]]}}, {"type": "Feature", "properties": {"osm_id": 1540746277, "highway": "footway", "name": null, "source": "osm_overpass"}, "geometry": {"type": "LineString", "coordinates": [[80.1678337, 12.8436627], [80.1678137, 12.843663]]}}, {"type": "Feature", "properties": {"osm_id": 1540746278, "highway": "footway", "name": null, "source": "osm_overpass"}, "geometry": {"type": "LineString", "coordinates": [[80.1677486, 12.8436613], [80.167742, 12.8436459], [80.1677306, 12.8436344], [80.167715, 12.8436298], [80.167699, 12.8436331], [80.1676866, 12.8436435], [80.167681, 12.8436585], [80.1676839, 12.8436753], [80.1676954, 12.8436882], [80.1677121, 12.8436935], [80.1677292, 12.8436897], [80.1677418, 12.8436778], [80.1677486, 12.8436613]]}}, {"type": "Feature", "properties": {"osm_id": 1540746279, "highway": "footway", "name": null, "source": "osm_overpass"}, "geometry": {"type": "LineString", "coordinates": [[80.1677994, 12.8429226], [80.1678005, 12.8428512]]}}, {"type": "Feature", "properties": {"osm_id": 1540825895, "highway": "footway", "name": null, "source": "osm_overpass"}, "geometry": {"type": "LineString", "coordinates": [[80.1658035, 12.9803157], [80.1654312, 12.9810385]]}}, {"type": "Feature", "properties": {"osm_id": 1541290587, "highway": "footway", "name": null, "source": "osm_overpass"}, "geometry": {"type": "LineString", "coordinates": [[80.2175581, 12.9900661], [80.2175513, 12.9900674], [80.2174195, 12.9900971], [80.2174096, 12.9901172], [80.2174962, 12.9905549], [80.2175404, 12.9907782], [80.2175937, 12.9910474], [80.2174596, 12.9912775], [80.2173956, 12.9914571], [80.2174063, 12.9916323], [80.2174246, 12.9917377], [80.2174611, 12.9918223], [80.2175464, 12.991852], [80.2175434, 12.9915284], [80.2175419, 12.9912701], [80.2177003, 12.9910503], [80.2177697, 12.990987], [80.2178471, 12.9909426], [80.2179112, 12.9909147], [80.2179394, 12.9908945], [80.2179913, 12.990798], [80.2179822, 12.9907668], [80.2178344, 12.9906302], [80.2177321, 12.9905445], [80.2177193, 12.990526], [80.217712, 12.9905042], [80.2175757, 12.9900802], [80.2175581, 12.9900661]]}}, {"type": "Feature", "properties": {"osm_id": 1541290588, "highway": "footway", "name": null, "source": "osm_overpass"}, "geometry": {"type": "LineString", "coordinates": [[80.2174962, 12.9905549], [80.217712, 12.9905042]]}}, {"type": "Feature", "properties": {"osm_id": 1541290589, "highway": "footway", "name": null, "source": "osm_overpass"}, "geometry": {"type": "LineString", "coordinates": [[80.2178471, 12.9909426], [80.2175404, 12.9907782]]}}, {"type": "Feature", "properties": {"osm_id": 1541290591, "highway": "footway", "name": null, "source": "osm_overpass"}, "geometry": {"type": "LineString", "coordinates": [[80.2174645, 12.9908611], [80.2173482, 12.9910775], [80.2172568, 12.9913042], [80.2172341, 12.9914305], [80.2172152, 12.9916024], [80.2172568, 12.9917761], [80.2172954, 12.9918984], [80.2173432, 12.9920166], [80.2174037, 12.9921206], [80.2174437, 12.992222], [80.217456, 12.9922669], [80.2174447, 12.9923142], [80.217409, 12.9923529], [80.2173708, 12.9924544], [80.2173788, 12.9925437], [80.2174277, 12.9926234], [80.21749, 12.9926624], [80.217555, 12.9926746], [80.2176261, 12.9926477], [80.2176964, 12.9925939], [80.2177418, 12.9925315], [80.2177729, 12.9924986], [80.2178281, 12.9924916], [80.2178922, 12.9925263], [80.2179758, 12.992587], [80.2182783, 12.9927881], [80.2184135, 12.9928841]]}}, {"type": "Feature", "properties": {"osm_id": 1541290592, "highway": "footway", "name": null, "source": "osm_overpass"}, "geometry": {"type": "LineString", "coordinates": [[80.2175513, 12.9900674], [80.2175454, 12.9900482], [80.2175253, 12.9899935]]}}, {"type": "Feature", "properties": {"osm_id": 1542783170, "highway": "footway", "name": "MEPZ Footover Bridge", "source": "osm_overpass"}, "geometry": {"type": "LineString", "coordinates": [[80.1277444, 12.9371432], [80.1274536, 12.9367993], [80.1270713, 12.9363475], [80.1269959, 12.9363392], [80.1269586, 12.9363896], [80.1269628, 12.936459], [80.1269825, 12.9364691]]}}, {"type": "Feature", "properties": {"osm_id": 1542783171, "highway": "footway", "name": "MEPZ Footover Bridge", "source": "osm_overpass"}, "geometry": {"type": "LineString", "coordinates": [[80.1275912, 12.9366852], [80.1276845, 12.9366078]]}}, {"type": "Feature", "properties": {"osm_id": 1542783172, "highway": "footway", "name": "MEPZ Footover Bridge", "source": "osm_overpass"}, "geometry": {"type": "LineString", "coordinates": [[80.1280374, 12.9368964], [80.1277364, 12.9365648], [80.1274021, 12.9361631]]}}, {"type": "Feature", "properties": {"osm_id": 1542783173, "highway": "footway", "name": "MEPZ Footover Bridge", "source": "osm_overpass"}, "geometry": {"type": "LineString", "coordinates": [[80.1274998, 12.936761], [80.1275912, 12.9366852]]}}, {"type": "Feature", "properties": {"osm_id": 1542783174, "highway": "footway", "name": "MEPZ Footover Bridge", "source": "osm_overpass"}, "geometry": {"type": "LineString", "coordinates": [[80.1274536, 12.9367993], [80.1274889, 12.93677], [80.1274998, 12.936761]]}}, {"type": "Feature", "properties": {"osm_id": 1542783175, "highway": "footway", "name": "MEPZ Footover Bridge", "source": "osm_overpass"}, "geometry": {"type": "LineString", "coordinates": [[80.1276845, 12.9366078], [80.1277364, 12.9365648]]}}, {"type": "Feature", "properties": {"osm_id": 1542783176, "highway": "footway", "name": "MEPZ Footover Bridge", "source": "osm_overpass"}, "geometry": {"type": "LineString", "coordinates": [[80.1270374, 12.936497], [80.1270934, 12.9364731], [80.1271069, 12.9364508]]}}, {"type": "Feature", "properties": {"osm_id": 1542783177, "highway": "footway", "name": "MEPZ Footover Bridge", "source": "osm_overpass"}, "geometry": {"type": "LineString", "coordinates": [[80.1269825, 12.9364691], [80.1270374, 12.936497]]}}, {"type": "Feature", "properties": {"osm_id": 1542982525, "highway": "footway", "name": null, "source": "osm_overpass"}, "geometry": {"type": "LineString", "coordinates": [[80.1901726, 13.1009249], [80.1901725, 13.1008653]]}}, {"type": "Feature", "properties": {"osm_id": 1542982526, "highway": "footway", "name": null, "source": "osm_overpass"}, "geometry": {"type": "LineString", "coordinates": [[80.1903017, 13.1009221], [80.1903012, 13.1008613]]}}, {"type": "Feature", "properties": {"osm_id": 1543118047, "highway": "footway", "name": "Walkover bridge", "source": "osm_overpass"}, "geometry": {"type": "LineString", "coordinates": [[80.0461313, 12.8313624], [80.0461744, 12.8313252], [80.0463106, 12.8312073], [80.0463262, 12.8311938], [80.0464782, 12.8310623]]}}, {"type": "Feature", "properties": {"osm_id": 1543118050, "highway": "footway", "name": null, "source": "osm_overpass"}, "geometry": {"type": "LineString", "coordinates": [[80.0464782, 12.8310623], [80.0464828, 12.8310583]]}}, {"type": "Feature", "properties": {"osm_id": 1543200658, "highway": "footway", "name": null, "source": "osm_overpass"}, "geometry": {"type": "LineString", "coordinates": [[80.2749287, 13.0785008], [80.2751006, 13.0785489]]}}, {"type": "Feature", "properties": {"osm_id": 1543200659, "highway": "path", "name": null, "source": "osm_overpass"}, "geometry": {"type": "LineString", "coordinates": [[80.2748058, 13.0779975], [80.2747107, 13.0779844], [80.2746497, 13.0779622], [80.2746086, 13.0779147], [80.2746074, 13.0779123], [80.2745842, 13.0778672], [80.2745675, 13.0778079], [80.274569, 13.0777589]]}}, {"type": "Feature", "properties": {"osm_id": 1544073587, "highway": "footway", "name": null, "source": "osm_overpass"}, "geometry": {"type": "LineString", "coordinates": [[80.2276833, 12.8996705], [80.227968, 12.8996587]]}}, {"type": "Feature", "properties": {"osm_id": 1544073592, "highway": "footway", "name": null, "source": "osm_overpass"}, "geometry": {"type": "LineString", "coordinates": [[80.2276868, 12.8997642], [80.2277324, 12.8997994]]}}, {"type": "Feature", "properties": {"osm_id": 1544073593, "highway": "footway", "name": null, "source": "osm_overpass"}, "geometry": {"type": "LineString", "coordinates": [[80.2279611, 12.8995027], [80.2279946, 12.8994831]]}}, {"type": "Feature", "properties": {"osm_id": 1544554916, "highway": "footway", "name": null, "source": "osm_overpass"}, "geometry": {"type": "LineString", "coordinates": [[80.2407366, 12.8461457], [80.2408262, 12.8461437]]}}, {"type": "Feature", "properties": {"osm_id": 1544754957, "highway": "footway", "name": null, "source": "osm_overpass"}, "geometry": {"type": "LineString", "coordinates": [[80.1541335, 13.0960435], [80.1541627, 13.0959992], [80.154185, 13.0959631], [80.1544646, 13.0961349], [80.15449, 13.0961394], [80.1545077, 13.0961281], [80.1546101, 13.0960013], [80.1546208, 13.0959823], [80.1546174, 13.0959627], [80.154575, 13.0958678], [80.1545282, 13.0957632], [80.1545149, 13.0957434], [80.154487, 13.0957369], [80.1539626, 13.0957597], [80.1539356, 13.0957666], [80.1539209, 13.0957815], [80.1539275, 13.0958023], [80.1539493, 13.0958166], [80.154185, 13.0959631]]}}, {"type": "Feature", "properties": {"osm_id": 1544754958, "highway": "footway", "name": null, "source": "osm_overpass"}, "geometry": {"type": "LineString", "coordinates": [[80.1543168, 13.0959592], [80.154205, 13.0958915], [80.1540764, 13.0958137]]}}, {"type": "Feature", "properties": {"osm_id": 1544754959, "highway": "footway", "name": null, "source": "osm_overpass"}, "geometry": {"type": "LineString", "coordinates": [[80.154185, 13.0959631], [80.154205, 13.0958915], [80.1542187, 13.0958646], [80.154241, 13.0958424], [80.154268, 13.0958305], [80.1543003, 13.0958235], [80.1543385, 13.0958292], [80.1543683, 13.0958431], [80.1543934, 13.0958621], [80.1544073, 13.0958866], [80.1544177, 13.0958977], [80.1544313, 13.095915], [80.1544658, 13.0959267], [80.1544985, 13.095923], [80.1545233, 13.0959156], [80.1545426, 13.0958999], [80.1545524, 13.0958858], [80.1545621, 13.0958767], [80.154575, 13.0958678]]}}, {"type": "Feature", "properties": {"osm_id": 1544754960, "highway": "footway", "name": null, "source": "osm_overpass"}, "geometry": {"type": "LineString", "coordinates": [[80.154575, 13.0958678], [80.1545607, 13.0958674], [80.1545462, 13.0958651], [80.1545324, 13.0958579], [80.1545179, 13.0958482], [80.1544947, 13.0958431], [80.1544716, 13.0958499], [80.1544486, 13.0958661], [80.154431, 13.0958835], [80.1544177, 13.0958977]]}}, {"type": "Feature", "properties": {"osm_id": 1544776451, "highway": "path", "name": null, "source": "osm_overpass"}, "geometry": {"type": "LineString", "coordinates": [[80.2426411, 12.7633018], [80.2426059, 12.7631511], [80.2425672, 12.7629855]]}}, {"type": "Feature", "properties": {"osm_id": 1545967227, "highway": "footway", "name": null, "source": "osm_overpass"}, "geometry": {"type": "LineString", "coordinates": [[80.1868086, 13.0161684], [80.1872656, 13.0159116], [80.1878076, 13.015607], [80.188053, 13.0154691], [80.1885265, 13.015203]]}}, {"type": "Feature", "properties": {"osm_id": 1545967228, "highway": "footway", "name": null, "source": "osm_overpass"}, "geometry": {"type": "LineString", "coordinates": [[80.1880213, 13.0160379], [80.1879487, 13.0158916], [80.1878076, 13.015607], [80.1876276, 13.0152439], [80.1875698, 13.0151273]]}}, {"type": "Feature", "properties": {"osm_id": 1545967229, "highway": "footway", "name": null, "source": "osm_overpass"}, "geometry": {"type": "LineString", "coordinates": [[80.1873722, 13.0161114], [80.1872656, 13.0159116], [80.1870843, 13.0155715], [80.1868906, 13.0152083]]}}, {"type": "Feature", "properties": {"osm_id": 1545967230, "highway": "footway", "name": null, "source": "osm_overpass"}, "geometry": {"type": "LineString", "coordinates": [[80.1876043, 13.0160851], [80.1879487, 13.0158916], [80.1882412, 13.0157273]]}}, {"type": "Feature", "properties": {"osm_id": 1545967231, "highway": "footway", "name": null, "source": "osm_overpass"}, "geometry": {"type": "LineString", "coordinates": [[80.1885947, 13.0158516], [80.1885342, 13.015847], [80.1884718, 13.0158356], [80.1884195, 13.0158255], [80.1883603, 13.0158057], [80.1882794, 13.015758], [80.1882412, 13.0157273], [80.1882095, 13.0157018], [80.1881531, 13.0156278], [80.1880919, 13.0155323], [80.188053, 13.0154691], [80.188033, 13.0154367], [80.1879607, 13.0153651], [80.1878541, 13.0152994], [80.1877278, 13.015254], [80.1876421, 13.0152433], [80.1876276, 13.0152439], [80.1875232, 13.0152481], [80.1874092, 13.0152791], [80.1873222, 13.0153245], [80.1872364, 13.0153866], [80.1871739, 13.0154582], [80.1871175, 13.0155335], [80.1870843, 13.0155715], [80.1870611, 13.0155979], [80.1869937, 13.0156517], [80.1869018, 13.0157042], [80.1868037, 13.0157436], [80.1867451, 13.0157612], [80.1866856, 13.0157724]]}}, {"type": "Feature", "properties": {"osm_id": 1545967232, "highway": "footway", "name": null, "source": "osm_overpass"}, "geometry": {"type": "LineString", "coordinates": [[80.1868702, 13.0161682], [80.1873722, 13.0161114], [80.1876043, 13.0160851], [80.1880213, 13.0160379], [80.1884264, 13.0159921], [80.1885011, 13.0159778], [80.1885552, 13.0159476], [80.1885882, 13.0158949], [80.1885947, 13.0158516], [80.1885972, 13.0158345], [80.1885265, 13.015203], [80.1885227, 13.0151689], [80.1885079, 13.0151099], [80.1884798, 13.0150711], [80.1884358, 13.0150419], [80.1883792, 13.0150309], [80.1875698, 13.0151273], [80.1868906, 13.0152083], [80.186783, 13.0152212], [80.1867101, 13.0152399], [80.1866632, 13.0152743], [80.1866432, 13.0153271], [80.1866431, 13.0153964], [80.1866856, 13.0157724], [80.1867185, 13.0160638], [80.1867319, 13.0161036], [80.1867653, 13.0161488], [80.1868086, 13.0161684], [80.1868159, 13.0161718], [80.1868702, 13.0161682]]}}, {"type": "Feature", "properties": {"osm_id": 1546671177, "highway": "footway", "name": "Railway Foot over bridge", "source": "osm_overpass"}, "geometry": {"type": "LineString", "coordinates": [[80.1525992, 13.1140905], [80.1526007, 13.1143381]]}}]}