{
"type": "FeatureCollection",
"name": "outside_gcc_roads",
"crs": { "type": "name", "properties": { "name": "urn:ogc:def:crs:OGC:1.3:CRS84" } },
"features": [
{ "type": "Feature", "properties": { "osm_id": 827876971, "road_name": "Singaperumalkoil - Reddikuppam Road", "highway": "secondary", "ref": "MDR686", "length_m": 13321.3, "unmet_length_m": 12935.3, "pct_outside_400m": 97.1, "outside_gcc": true, "need_score": 19215.5, "rank": 1 }, "geometry": { "type": "LineString", "coordinates": [ [ 80.006633218282147, 12.759208763153117, 0.0 ], [ 80.007137, 12.7590129, 0.0 ], [ 80.0079185, 12.758709, 0.0 ], [ 80.00818, 12.7586305, 0.0 ], [ 80.0085568, 12.7585377, 0.0 ], [ 80.008685600000021, 12.7583663, 0.0 ], [ 80.0087189, 12.7580898, 0.0 ], [ 80.0086936, 12.7578497, 0.0 ], [ 80.008610499999989, 12.7574036, 0.0 ], [ 80.008583699999988, 12.7571669, 0.0 ], [ 80.0085941, 12.7570212, 0.0 ], [ 80.0085984, 12.7569602, 0.0 ], [ 80.0086842, 12.7568046, 0.0 ], [ 80.0088023, 12.7566947, 0.0 ], [ 80.0090622, 12.7564884, 0.0 ], [ 80.0092247, 12.7563978, 0.0 ], [ 80.009341400000011, 12.7562565, 0.0 ], [ 80.009395, 12.7560551, 0.0 ], [ 80.009447, 12.7556804, 0.0 ], [ 80.0094862, 12.7553985, 0.0 ], [ 80.009524399999989, 12.7553206, 0.0 ], [ 80.009570699999983, 12.755252, 0.0 ], [ 80.0096995, 12.7551519, 0.0 ], [ 80.0099119, 12.7550574, 0.0 ], [ 80.0103392, 12.7548674, 0.0 ], [ 80.010438, 12.7548195, 0.0 ], [ 80.0105524, 12.7547641, 0.0 ], [ 80.0108019, 12.7546293, 0.0 ], [ 80.0163149, 12.749392, 0.0 ], [ 80.0171659, 12.748585, 0.0 ], [ 80.017755199999982, 12.7480171, 0.0 ], [ 80.018133899999981, 12.7476288, 0.0 ], [ 80.018755, 12.7468555, 0.0 ], [ 80.0189037, 12.7466536, 0.0 ], [ 80.0189709, 12.7465276, 0.0 ], [ 80.019009899999986, 12.7463723, 0.0 ], [ 80.019015399999986, 12.7463376, 0.0 ], [ 80.0190364, 12.7462048, 0.0 ], [ 80.0190541, 12.7460685, 0.0 ], [ 80.0191037, 12.7459684, 0.0 ], [ 80.0191603, 12.7459045, 0.0 ], [ 80.0193284, 12.7457371, 0.0 ], [ 80.0194222, 12.7456284, 0.0 ], [ 80.0195319, 12.7454627, 0.0 ], [ 80.0199667, 12.7446423, 0.0 ], [ 80.019992, 12.7445945, 0.0 ], [ 80.020492299999987, 12.7436675, 0.0 ], [ 80.020609599999986, 12.7434502, 0.0 ], [ 80.0207158, 12.743262, 0.0 ], [ 80.020851, 12.7430615, 0.0 ], [ 80.021098, 12.7428184, 0.0 ], [ 80.0213864, 12.7425958, 0.0 ], [ 80.02196619999998, 12.7421934, 0.0 ], [ 80.022404, 12.7419226, 0.0 ], [ 80.0234537, 12.7413625, 0.0 ], [ 80.023889399999987, 12.74113, 0.0 ], [ 80.0240107, 12.7410872, 0.0 ], [ 80.0241452, 12.7410803, 0.0 ], [ 80.0242744, 12.7411045, 0.0 ], [ 80.0273232, 12.7418158, 0.0 ], [ 80.0278171, 12.7419071, 0.0 ], [ 80.028305, 12.7419606, 0.0 ], [ 80.028862, 12.7420082, 0.0 ], [ 80.0294513, 12.7420235, 0.0 ], [ 80.030797699999979, 12.7420584, 0.0 ], [ 80.0316641, 12.742114, 0.0 ], [ 80.0335604, 12.7421768, 0.0 ], [ 80.034652099999988, 12.7421611, 0.0 ], [ 80.036396, 12.7420726, 0.0 ], [ 80.038704899999985, 12.7420015, 0.0 ], [ 80.038884600000017, 12.7419858, 0.0 ], [ 80.03902669999998, 12.7419518, 0.0 ], [ 80.0392064, 12.7418654, 0.0 ], [ 80.0393888, 12.7417529, 0.0 ], [ 80.0407496, 12.7408956, 0.0 ], [ 80.0424984, 12.740102, 0.0 ], [ 80.0429417, 12.7399146, 0.0 ], [ 80.0434096, 12.7397248, 0.0 ], [ 80.0438982, 12.7395329, 0.0 ], [ 80.044376, 12.7393439, 0.0 ], [ 80.0446733, 12.7392318, 0.0 ], [ 80.044915, 12.7391643, 0.0 ], [ 80.0454817, 12.7389643, 0.0 ], [ 80.04625369999998, 12.7387107, 0.0 ], [ 80.0468682, 12.7385154, 0.0 ], [ 80.0470506, 12.7384788, 0.0 ], [ 80.047242, 12.7384633, 0.0 ], [ 80.047462600000017, 12.7384603, 0.0 ], [ 80.047957699999984, 12.7385103, 0.0 ], [ 80.048150099999987, 12.7385041, 0.0 ], [ 80.0494015, 12.7382951, 0.0 ], [ 80.049809899999985, 12.738123, 0.0 ], [ 80.0500684, 12.7378956, 0.0 ], [ 80.0502967, 12.7376089, 0.0 ], [ 80.050376, 12.7374476, 0.0 ], [ 80.050433500000011, 12.7373069, 0.0 ], [ 80.0505916, 12.7369065, 0.0 ], [ 80.050831, 12.7363999, 0.0 ], [ 80.0509089, 12.7363088, 0.0 ], [ 80.05100539999998, 12.7362659, 0.0 ], [ 80.0512034, 12.7362419, 0.0 ], [ 80.0518808, 12.7363103, 0.0 ], [ 80.051999599999988, 12.7363224, 0.0 ], [ 80.0525637, 12.7363327, 0.0 ], [ 80.0528115, 12.7363615, 0.0 ], [ 80.0535746, 12.7365314, 0.0 ], [ 80.0538083, 12.7365847, 0.0 ], [ 80.0541523, 12.7366855, 0.0 ], [ 80.0545593, 12.7367842, 0.0 ], [ 80.0550174, 12.7368602, 0.0 ], [ 80.055162699999983, 12.7368844, 0.0 ], [ 80.055541599999984, 12.7369192, 0.0 ], [ 80.0558784, 12.7368839, 0.0 ], [ 80.055977299999981, 12.7368735, 0.0 ], [ 80.056317199999981, 12.7367789, 0.0 ], [ 80.0565531, 12.7366474, 0.0 ], [ 80.056777200000013, 12.7364698, 0.0 ], [ 80.056888, 12.7363819, 0.0 ], [ 80.057173, 12.7360964, 0.0 ], [ 80.0574419, 12.7357461, 0.0 ], [ 80.0577389, 12.7354094, 0.0 ], [ 80.0585195, 12.734543, 0.0 ], [ 80.0586502, 12.7343943, 0.0 ], [ 80.0587501, 12.7342209, 0.0 ], [ 80.0588015, 12.7340153, 0.0 ], [ 80.0588965, 12.7327472, 0.0 ], [ 80.058940399999983, 12.7324357, 0.0 ], [ 80.058955899999987, 12.7323259, 0.0 ], [ 80.0593845, 12.7310173, 0.0 ], [ 80.0595052, 12.730649, 0.0 ], [ 80.059581199999982, 12.7303134, 0.0 ], [ 80.0596234, 12.730006, 0.0 ], [ 80.0596717, 12.7291655, 0.0 ], [ 80.0597083, 12.7289989, 0.0 ], [ 80.059759, 12.7287679, 0.0 ], [ 80.0597662, 12.7284868, 0.0 ], [ 80.0597214, 12.728111, 0.0 ], [ 80.0597115, 12.728028, 0.0 ], [ 80.059689099999986, 12.7278406, 0.0 ], [ 80.0596988, 12.7276758, 0.0 ], [ 80.059709, 12.7276194, 0.0 ], [ 80.0597253, 12.7275666, 0.0 ], [ 80.0598017, 12.7274229, 0.0 ], [ 80.0602502, 12.7265791, 0.0 ], [ 80.0602898, 12.7264779, 0.0 ], [ 80.0603502, 12.7260144, 0.0 ], [ 80.0603979, 12.7259642, 0.0 ], [ 80.0604993, 12.7259381, 0.0 ], [ 80.0614253, 12.7258262, 0.0 ], [ 80.062002399999983, 12.7257565, 0.0 ], [ 80.0624225, 12.7257538, 0.0 ], [ 80.062882099999982, 12.7257495, 0.0 ], [ 80.063702, 12.7257418, 0.0 ], [ 80.063938399999984, 12.7257341, 0.0 ], [ 80.064059699999987, 12.7256994, 0.0 ], [ 80.0641263, 12.7256137, 0.0 ], [ 80.064174199999982, 12.7254814, 0.0 ], [ 80.0643288, 12.7248018, 0.0 ], [ 80.0644123, 12.7244621, 0.0 ], [ 80.064465, 12.7238921, 0.0 ], [ 80.064483899999985, 12.7237208, 0.0 ], [ 80.0645032, 12.7236573, 0.0 ], [ 80.064522199999985, 12.7236236, 0.0 ], [ 80.0645894, 12.7235046, 0.0 ], [ 80.0646305, 12.7233825, 0.0 ], [ 80.0646356, 12.7232375, 0.0 ], [ 80.064582499999986, 12.7226219, 0.0 ], [ 80.0646183, 12.7219428, 0.0 ], [ 80.064583299999981, 12.721394, 0.0 ], [ 80.064509199999989, 12.7211169, 0.0 ], [ 80.064286, 12.7205494, 0.0 ], [ 80.0639554, 12.7199043, 0.0 ], [ 80.0638077, 12.7195774, 0.0 ], [ 80.063630599999982, 12.7190542, 0.0 ], [ 80.06363469999998, 12.7188396, 0.0 ], [ 80.0636521, 12.7187807, 0.0 ], [ 80.0638211, 12.7186421, 0.0 ], [ 80.0639847, 12.7185368, 0.0 ], [ 80.0640551, 12.7184844, 0.0 ], [ 80.0641121, 12.7183857, 0.0 ], [ 80.0641215, 12.7181829, 0.0 ], [ 80.0640953, 12.7176318, 0.0 ], [ 80.064092, 12.7174712, 0.0 ], [ 80.064068, 12.7171572, 0.0 ], [ 80.064019299999984, 12.7165182, 0.0 ], [ 80.0639659, 12.7158177, 0.0 ], [ 80.06393, 12.7156227, 0.0 ], [ 80.063881399999985, 12.7153402, 0.0 ], [ 80.063805, 12.715017, 0.0 ], [ 80.06379440000002, 12.7149939, 0.0 ], [ 80.063727199999988, 12.714847, 0.0 ], [ 80.0636387, 12.714686, 0.0 ], [ 80.063597799999982, 12.7146277, 0.0 ], [ 80.0635073, 12.714499, 0.0 ], [ 80.0632339, 12.7141296, 0.0 ], [ 80.0626394, 12.7134672, 0.0 ], [ 80.06193279999998, 12.7125829, 0.0 ], [ 80.0608868, 12.7112328, 0.0 ], [ 80.060763399999985, 12.7111177, 0.0 ], [ 80.0606024, 12.7110549, 0.0 ], [ 80.0604898, 12.7110653, 0.0 ], [ 80.059669, 12.7112956, 0.0 ], [ 80.0591648, 12.7114107, 0.0 ], [ 80.0589716, 12.7114317, 0.0 ], [ 80.0588429, 12.7114107, 0.0 ], [ 80.0586337, 12.7113375, 0.0 ], [ 80.058204499999988, 12.7111438, 0.0 ], [ 80.056428899999986, 12.7102804, 0.0 ], [ 80.0556511, 12.7099559, 0.0 ], [ 80.0554687, 12.7099141, 0.0 ], [ 80.055243399999981, 12.7099402, 0.0 ], [ 80.053693, 12.7103746, 0.0 ], [ 80.053301399999981, 12.7104688, 0.0 ], [ 80.052942, 12.7104845, 0.0 ], [ 80.052684499999984, 12.7103955, 0.0 ], [ 80.0523519, 12.7100083, 0.0 ], [ 80.05225, 12.7097989, 0.0 ], [ 80.0521964, 12.709621, 0.0 ], [ 80.0519583, 12.7082505, 0.0 ], [ 80.0512616, 12.7047414, 0.0 ], [ 80.0512543, 12.7046472, 0.0 ], [ 80.051263, 12.7045145, 0.0 ], [ 80.051274, 12.7044281, 0.0 ], [ 80.0512817, 12.7043679, 0.0 ], [ 80.0513501, 12.7041978, 0.0 ], [ 80.051630399999979, 12.7036549, 0.0 ], [ 80.051642299999983, 12.7036228, 0.0 ], [ 80.0516962, 12.7034927, 0.0 ], [ 80.0517257, 12.7033566, 0.0 ], [ 80.051731, 12.7032677, 0.0 ], [ 80.051724299999989, 12.7031957, 0.0 ], [ 80.051708199999979, 12.7031224, 0.0 ], [ 80.051613, 12.7028673, 0.0 ], [ 80.051468199999988, 12.7025167, 0.0 ], [ 80.0512844, 12.7021268, 0.0 ], [ 80.0510927, 12.7015695, 0.0 ], [ 80.0510591, 12.7014086, 0.0 ], [ 80.051049699999979, 12.7012778, 0.0 ], [ 80.0510426, 12.701097, 0.0 ], [ 80.0510404, 12.7010397, 0.0 ], [ 80.051036599999989, 12.7009576, 0.0 ], [ 80.0510256, 12.7007126, 0.0 ], [ 80.0510028, 12.7004967, 0.0 ], [ 80.05095129999998, 12.7001721, 0.0 ], [ 80.0509411, 12.7001082, 0.0 ], [ 80.05092639999998, 12.6999551, 0.0 ], [ 80.0509317, 12.6998465, 0.0 ], [ 80.050947799999989, 12.6997274, 0.0 ], [ 80.050973299999981, 12.6996018, 0.0 ], [ 80.0509693, 12.6994592, 0.0 ], [ 80.050945100000021, 12.699331, 0.0 ], [ 80.05088880000001, 12.6991557, 0.0 ], [ 80.0508519, 12.6990596, 0.0 ], [ 80.050807, 12.6989464, 0.0 ], [ 80.0507399, 12.6987174, 0.0 ], [ 80.050732, 12.6986165, 0.0 ], [ 80.050725199999988, 12.6985303, 0.0 ], [ 80.0507359, 12.6983446, 0.0 ], [ 80.050748, 12.6981889, 0.0 ], [ 80.0507418, 12.6980318, 0.0 ], [ 80.0507399, 12.6979848, 0.0 ], [ 80.0506605, 12.697418, 0.0 ], [ 80.0506505, 12.6973466, 0.0 ] ] } },
{ "type": "Feature", "properties": { "osm_id": 138337624, "road_name": "Kannigaipair - Vengal - Seethancheri Road", "highway": "secondary", "ref": "MDR740", "length_m": 12843.8, "unmet_length_m": 12042.1, "pct_outside_400m": 93.8, "outside_gcc": true, "need_score": 17687.3, "rank": 2 }, "geometry": { "type": "LineString", "coordinates": [ [ 80.094325247570396, 13.271026023499994, 0.0 ], [ 80.0940819, 13.2706759, 0.0 ], [ 80.093658399999981, 13.2700668, 0.0 ], [ 80.0927609, 13.268307, 0.0 ], [ 80.0922462, 13.266303, 0.0 ], [ 80.0919163, 13.2638495, 0.0 ], [ 80.0915467, 13.2625649, 0.0 ], [ 80.0912036, 13.2612032, 0.0 ], [ 80.0913006, 13.2603805, 0.0 ], [ 80.0912889, 13.2600272, 0.0 ], [ 80.0911624, 13.2599219, 0.0 ], [ 80.090792, 13.2596226, 0.0 ], [ 80.0905874, 13.2593991, 0.0 ], [ 80.090410099999986, 13.2591557, 0.0 ], [ 80.09026, 13.2589765, 0.0 ], [ 80.0901577, 13.2588504, 0.0 ], [ 80.0900781, 13.2587176, 0.0 ], [ 80.0900418, 13.2585649, 0.0 ], [ 80.0900145, 13.2583658, 0.0 ], [ 80.0899668, 13.2582396, 0.0 ], [ 80.089853099999985, 13.2580781, 0.0 ], [ 80.0897121, 13.2579166, 0.0 ], [ 80.0895303, 13.2576068, 0.0 ], [ 80.0893893, 13.2573722, 0.0 ], [ 80.0892416, 13.2571753, 0.0 ], [ 80.0891711, 13.2570469, 0.0 ], [ 80.089134699999988, 13.2568611, 0.0 ], [ 80.0890847, 13.2567474, 0.0 ], [ 80.089002899999983, 13.2566905, 0.0 ], [ 80.0884867, 13.2567504, 0.0 ], [ 80.0881002, 13.2567316, 0.0 ], [ 80.0875161, 13.2565869, 0.0 ], [ 80.0848564, 13.2565051, 0.0 ], [ 80.0841632, 13.2570396, 0.0 ], [ 80.0833207, 13.2575907, 0.0 ], [ 80.0832058, 13.2577333, 0.0 ], [ 80.0831585, 13.2578701, 0.0 ], [ 80.0831752, 13.258605, 0.0 ], [ 80.0831581, 13.2586908, 0.0 ], [ 80.0831162, 13.2587537, 0.0 ], [ 80.082968699999981, 13.2588354, 0.0 ], [ 80.0812914, 13.2592938, 0.0 ], [ 80.0797889, 13.2593301, 0.0 ], [ 80.078902299999982, 13.259103, 0.0 ], [ 80.0783566, 13.2591882, 0.0 ], [ 80.078258199999979, 13.2591806, 0.0 ], [ 80.0782064, 13.2591363, 0.0 ], [ 80.078169599999981, 13.2590664, 0.0 ], [ 80.0780251, 13.258122, 0.0 ], [ 80.07747449999998, 13.255406, 0.0 ], [ 80.0774851, 13.2521741, 0.0 ], [ 80.0774152, 13.2520333, 0.0 ], [ 80.0767712, 13.252324, 0.0 ], [ 80.076328, 13.2524208, 0.0 ], [ 80.0734022, 13.2530598, 0.0 ], [ 80.0713305, 13.2533592, 0.0 ], [ 80.0698, 13.2535136, 0.0 ], [ 80.068381499999987, 13.2536408, 0.0 ], [ 80.0676287, 13.2536401, 0.0 ], [ 80.066733699999986, 13.2537054, 0.0 ], [ 80.064324699999986, 13.2540176, 0.0 ], [ 80.062915, 13.2541192, 0.0 ], [ 80.060245, 13.254141, 0.0 ], [ 80.058919599999982, 13.2544971, 0.0 ], [ 80.058164099999985, 13.2547, 0.0 ], [ 80.055803, 13.2555649, 0.0 ], [ 80.0556177, 13.255647, 0.0 ], [ 80.0548204, 13.2559808, 0.0 ], [ 80.053797, 13.2563406, 0.0 ], [ 80.0535698, 13.2564205, 0.0 ], [ 80.0520185, 13.2567399, 0.0 ], [ 80.0497213, 13.2570448, 0.0 ], [ 80.0494752, 13.257023, 0.0 ], [ 80.0491601, 13.2554688, 0.0 ], [ 80.0491321, 13.2545983, 0.0 ], [ 80.0489737, 13.254369, 0.0 ], [ 80.048945499999988, 13.2543281, 0.0 ], [ 80.048826299999988, 13.2541555, 0.0 ], [ 80.0487345, 13.2537575, 0.0 ], [ 80.0486548, 13.2528996, 0.0 ], [ 80.048650599999988, 13.2526679, 0.0 ], [ 80.048721799999981, 13.2514395, 0.0 ], [ 80.048757899999984, 13.2506522, 0.0 ], [ 80.0486318, 13.248947, 0.0 ], [ 80.048452, 13.2477468, 0.0 ], [ 80.0463813, 13.2477781, 0.0 ], [ 80.04607559999998, 13.2478303, 0.0 ], [ 80.0447587, 13.2480626, 0.0 ], [ 80.0444126, 13.2481541, 0.0 ], [ 80.044313399999979, 13.2483577, 0.0 ], [ 80.0441766, 13.2484517, 0.0 ], [ 80.0435919, 13.2485457, 0.0 ], [ 80.0431627, 13.2485561, 0.0 ], [ 80.04208, 13.2482854, 0.0 ], [ 80.041535399999987, 13.2481877, 0.0 ], [ 80.0410491, 13.2481528, 0.0 ], [ 80.0408866, 13.2481944, 0.0 ], [ 80.0407997, 13.2482781, 0.0 ], [ 80.0407416, 13.2484832, 0.0 ], [ 80.040692599999986, 13.2492062, 0.0 ], [ 80.040230099999988, 13.2497723, 0.0 ], [ 80.0388729, 13.2508932, 0.0 ], [ 80.0387035, 13.2509347, 0.0 ], [ 80.037709199999981, 13.2511787, 0.0 ], [ 80.0376272, 13.2511988, 0.0 ], [ 80.0362599, 13.2514748, 0.0 ], [ 80.03570449999998, 13.2517151, 0.0 ], [ 80.0354396, 13.2518297, 0.0 ], [ 80.0333432, 13.2517706, 0.0 ], [ 80.0315575, 13.2518082, 0.0 ], [ 80.0310037, 13.2518198, 0.0 ], [ 80.0306897, 13.2520466, 0.0 ], [ 80.030481400000014, 13.2525027, 0.0 ], [ 80.0300821, 13.2533774, 0.0 ], [ 80.0298066, 13.2536185, 0.0 ], [ 80.029677, 13.253683, 0.0 ], [ 80.029495499999982, 13.2536916, 0.0 ], [ 80.029154, 13.2536208, 0.0 ], [ 80.0278178, 13.2533437, 0.0 ], [ 80.0277426, 13.2533281, 0.0 ], [ 80.0273662, 13.2530189, 0.0 ], [ 80.0269627, 13.2526873, 0.0 ], [ 80.0263389, 13.2525833, 0.0 ], [ 80.026185799999979, 13.2525577, 0.0 ], [ 80.0255449, 13.2524508, 0.0 ], [ 80.024817699999986, 13.2525094, 0.0 ], [ 80.0244183, 13.2525416, 0.0 ], [ 80.0241087, 13.2525665, 0.0 ], [ 80.0239548, 13.2525789, 0.0 ], [ 80.022668599999989, 13.2528944, 0.0 ], [ 80.021898899999982, 13.2530422, 0.0 ], [ 80.0214925, 13.2530155, 0.0 ], [ 80.0204, 13.2529436, 0.0 ], [ 80.0187391, 13.2525198, 0.0 ], [ 80.017963429606965, 13.252581894357471, 0.0 ] ] } },
{ "type": "Feature", "properties": { "osm_id": 24162910, "road_name": "Singaperumalkoil - Sriperumbudur - Thiruvallur - Red Hills Road", "highway": "primary", "ref": "SH57", "length_m": 13505.2, "unmet_length_m": 11877.3, "pct_outside_400m": 87.9, "outside_gcc": true, "need_score": 17438.1, "rank": 3 }, "geometry": { "type": "LineString", "coordinates": [ [ 79.9978124, 12.7665089, 0.0 ], [ 79.9975641, 12.7665582, 0.0 ], [ 79.9970808, 12.766731, 0.0 ], [ 79.9967388, 12.7668959, 0.0 ], [ 79.996026, 12.7672285, 0.0 ], [ 79.9955443, 12.7674556, 0.0 ], [ 79.9951602, 12.767606, 0.0 ], [ 79.9947793, 12.7677095, 0.0 ], [ 79.994252599999982, 12.7678007, 0.0 ], [ 79.993861, 12.7678425, 0.0 ], [ 79.9935499, 12.7678452, 0.0 ], [ 79.993047, 12.7678098, 0.0 ], [ 79.992945, 12.7677994, 0.0 ], [ 79.9927063, 12.7677628, 0.0 ], [ 79.9924227, 12.7677173, 0.0 ], [ 79.992102499999987, 12.7676427, 0.0 ], [ 79.991211, 12.7673586, 0.0 ], [ 79.9908623, 12.767288, 0.0 ], [ 79.9905646, 12.7672513, 0.0 ], [ 79.9902293, 12.7672618, 0.0 ], [ 79.9899262, 12.7673063, 0.0 ], [ 79.9897063, 12.7673658, 0.0 ], [ 79.9894662, 12.7674541, 0.0 ], [ 79.9891765, 12.7675914, 0.0 ], [ 79.9889526, 12.7677301, 0.0 ], [ 79.9887581, 12.7678935, 0.0 ], [ 79.9885937, 12.7680576, 0.0 ], [ 79.9884644, 12.7682558, 0.0 ], [ 79.9882841, 12.7686142, 0.0 ], [ 79.9881774, 12.7690116, 0.0 ], [ 79.9881341, 12.7694398, 0.0 ], [ 79.9881399, 12.7698725, 0.0 ], [ 79.988198899999986, 12.771149, 0.0 ], [ 79.988233699999981, 12.7721012, 0.0 ], [ 79.988394099999979, 12.7749536, 0.0 ], [ 79.988461699999988, 12.7773354, 0.0 ], [ 79.98851, 12.7781097, 0.0 ], [ 79.9885172, 12.7797211, 0.0 ], [ 79.988420199999979, 12.7803593, 0.0 ], [ 79.9883536, 12.7806916, 0.0 ], [ 79.9882552, 12.7810472, 0.0 ], [ 79.988097, 12.7814683, 0.0 ], [ 79.9880058, 12.7816815, 0.0 ], [ 79.9878716, 12.7819588, 0.0 ], [ 79.9871324, 12.783391, 0.0 ], [ 79.9866499, 12.7842096, 0.0 ], [ 79.9850875, 12.7870372, 0.0 ], [ 79.98426, 12.7886091, 0.0 ], [ 79.9822108, 12.7923182, 0.0 ], [ 79.9815255, 12.7937202, 0.0 ], [ 79.981095199999984, 12.7947142, 0.0 ], [ 79.9801197, 12.7971306, 0.0 ], [ 79.9795032, 12.7985787, 0.0 ], [ 79.9790708, 12.7996187, 0.0 ], [ 79.9789573, 12.7998799, 0.0 ], [ 79.9787629, 12.8003285, 0.0 ], [ 79.9785201, 12.8007953, 0.0 ], [ 79.9783471, 12.8010595, 0.0 ], [ 79.978146, 12.8013263, 0.0 ], [ 79.9777499, 12.8016952, 0.0 ], [ 79.977058699999986, 12.8021939, 0.0 ], [ 79.9762604, 12.802723, 0.0 ], [ 79.9759144, 12.8029976, 0.0 ], [ 79.9757561, 12.8031206, 0.0 ], [ 79.9754128, 12.803505, 0.0 ], [ 79.9751546, 12.8038581, 0.0 ], [ 79.9750748, 12.8039948, 0.0 ], [ 79.974757, 12.8047265, 0.0 ], [ 79.974460599999986, 12.8058799, 0.0 ], [ 79.974317099999979, 12.806352, 0.0 ], [ 79.9741656, 12.8066619, 0.0 ], [ 79.9740663, 12.8068319, 0.0 ], [ 79.9739604, 12.8070176, 0.0 ], [ 79.9738222, 12.8072217, 0.0 ], [ 79.9736023, 12.8074832, 0.0 ], [ 79.971982, 12.809145, 0.0 ], [ 79.9719481, 12.8091804, 0.0 ], [ 79.9710311, 12.8101381, 0.0 ], [ 79.97096639999998, 12.8102057, 0.0 ], [ 79.9681024, 12.8131182, 0.0 ], [ 79.967743, 12.8134857, 0.0 ], [ 79.967467899999988, 12.8137744, 0.0 ], [ 79.9666071, 12.8146835, 0.0 ], [ 79.9656107, 12.8156944, 0.0 ], [ 79.964701399999981, 12.8166372, 0.0 ], [ 79.9645179, 12.8168587, 0.0 ], [ 79.9637452, 12.817699, 0.0 ], [ 79.9630398, 12.8189126, 0.0 ], [ 79.9626697, 12.8196139, 0.0 ], [ 79.9623645, 12.8201922, 0.0 ], [ 79.960316, 12.8242295, 0.0 ], [ 79.9596789, 12.8254613, 0.0 ], [ 79.9593383, 12.8260236, 0.0 ], [ 79.959105, 12.8263479, 0.0 ], [ 79.95859, 12.8270645, 0.0 ], [ 79.95715890000001, 12.8290198, 0.0 ], [ 79.9567312, 12.8295255, 0.0 ], [ 79.956281899999979, 12.8299478, 0.0 ], [ 79.9557026, 12.8304199, 0.0 ], [ 79.952904, 12.8327007, 0.0 ], [ 79.9516752, 12.8337046, 0.0 ], [ 79.951082, 12.8342382, 0.0 ], [ 79.9507245, 12.8346631, 0.0 ], [ 79.9499615, 12.8355609, 0.0 ], [ 79.948352, 12.8375555, 0.0 ], [ 79.9477147, 12.8383431, 0.0 ], [ 79.9476625, 12.8384122, 0.0 ], [ 79.9475302, 12.8385743, 0.0 ], [ 79.9473758, 12.8387594, 0.0 ], [ 79.947054, 12.839181, 0.0 ], [ 79.946626, 12.839679, 0.0 ], [ 79.9452916, 12.8412834, 0.0 ], [ 79.944804799999986, 12.8419358, 0.0 ], [ 79.9447138, 12.8420939, 0.0 ], [ 79.9446196, 12.8422645, 0.0 ], [ 79.944448, 12.8425935, 0.0 ], [ 79.944304499999987, 12.8429531, 0.0 ], [ 79.944149, 12.8434474, 0.0 ], [ 79.944115599999989, 12.8436162, 0.0 ], [ 79.943931699999979, 12.8445457, 0.0 ], [ 79.9437354, 12.8458244, 0.0 ], [ 79.9436755, 12.8462233, 0.0 ], [ 79.943401140807254, 12.847861165067039, 0.0 ] ] } },
{ "type": "Feature", "properties": { "osm_id": 84086843, "road_name": "Singaperumalkoil - Sriperumbudur - Thiruvallur - Red Hills Road", "highway": "primary", "ref": "SH57", "length_m": 13493.3, "unmet_length_m": 11864.8, "pct_outside_400m": 87.9, "outside_gcc": true, "need_score": 17420.0, "rank": 4 }, "geometry": { "type": "LineString", "coordinates": [ [ 79.943534106187954, 12.847893637305823, 0.0 ], [ 79.9436179, 12.8474628, 0.0 ], [ 79.943790899999982, 12.8462076, 0.0 ], [ 79.94384909999998, 12.84588, 0.0 ], [ 79.9440289, 12.8446045, 0.0 ], [ 79.9442769, 12.8434605, 0.0 ], [ 79.9444306, 12.8429557, 0.0 ], [ 79.9445027, 12.8427594, 0.0 ], [ 79.944578099999987, 12.8425543, 0.0 ], [ 79.944784, 12.8421934, 0.0 ], [ 79.945026, 12.8418312, 0.0 ], [ 79.9454351, 12.8412977, 0.0 ], [ 79.9457033, 12.8409878, 0.0 ], [ 79.9466823, 12.8397993, 0.0 ], [ 79.9471415, 12.8392434, 0.0 ], [ 79.9474679, 12.838836, 0.0 ], [ 79.9476179, 12.8386477, 0.0 ], [ 79.9483137, 12.8377768, 0.0 ], [ 79.9483818, 12.8376996, 0.0 ], [ 79.9500507, 12.8356292, 0.0 ], [ 79.9507754, 12.8347441, 0.0 ], [ 79.9509028, 12.834599, 0.0 ], [ 79.9512079, 12.8342558, 0.0 ], [ 79.9515297, 12.8339622, 0.0 ], [ 79.9529728, 12.8327842, 0.0 ], [ 79.9540544, 12.8318988, 0.0 ], [ 79.9546927, 12.8313836, 0.0 ], [ 79.955750899999984, 12.8305271, 0.0 ], [ 79.9565032, 12.8299191, 0.0 ], [ 79.9570629, 12.8292921, 0.0 ], [ 79.957233299999984, 12.8291012, 0.0 ], [ 79.9573427, 12.8289554, 0.0 ], [ 79.9580502, 12.8280008, 0.0 ], [ 79.9589058, 12.8268533, 0.0 ], [ 79.959281299999986, 12.8263067, 0.0 ], [ 79.9595623, 12.8258955, 0.0 ], [ 79.9597031, 12.8256784, 0.0 ], [ 79.9598694, 12.8253724, 0.0 ], [ 79.9604171, 12.8242916, 0.0 ], [ 79.962464399999988, 12.8202412, 0.0 ], [ 79.9627691, 12.8196638, 0.0 ], [ 79.9631382, 12.8189644, 0.0 ], [ 79.9638354, 12.8177649, 0.0 ], [ 79.9645767, 12.8169654, 0.0 ], [ 79.9647845, 12.8167196, 0.0 ], [ 79.965726, 12.8157114, 0.0 ], [ 79.9664234, 12.8150209, 0.0 ], [ 79.9675485, 12.8138904, 0.0 ], [ 79.967886099999987, 12.8135858, 0.0 ], [ 79.968182499999983, 12.8132728, 0.0 ], [ 79.971077599999987, 12.8102441, 0.0 ], [ 79.9711128, 12.8102125, 0.0 ], [ 79.972052, 12.8092918, 0.0 ], [ 79.972141799999989, 12.8091904, 0.0 ], [ 79.9735594, 12.8077147, 0.0 ], [ 79.9737874, 12.8074557, 0.0 ], [ 79.9740046, 12.8071693, 0.0 ], [ 79.974220499999987, 12.8068136, 0.0 ], [ 79.9743828, 12.8065194, 0.0 ], [ 79.9745853, 12.8059636, 0.0 ], [ 79.974905799999988, 12.8046977, 0.0 ], [ 79.9751372, 12.8041779, 0.0 ], [ 79.9752002, 12.8040464, 0.0 ], [ 79.9753109, 12.8038562, 0.0 ], [ 79.9754973, 12.80359, 0.0 ], [ 79.9756805, 12.8033896, 0.0 ], [ 79.976137, 12.8029715, 0.0 ], [ 79.9765487, 12.8026995, 0.0 ], [ 79.9775747, 12.8020172, 0.0 ], [ 79.9780472, 12.8016255, 0.0 ], [ 79.9783023, 12.8013607, 0.0 ], [ 79.9784421, 12.8011459, 0.0 ], [ 79.9787374, 12.8006574, 0.0 ], [ 79.9788683, 12.8003769, 0.0 ], [ 79.97919229999998, 12.7996369, 0.0 ], [ 79.9792166, 12.7995813, 0.0 ], [ 79.979653399999989, 12.7985813, 0.0 ], [ 79.980229099999988, 12.7971787, 0.0 ], [ 79.981207199999986, 12.7947597, 0.0 ], [ 79.9818675, 12.7932337, 0.0 ], [ 79.982323500000021, 12.7923431, 0.0 ], [ 79.982697, 12.7916939, 0.0 ], [ 79.9843747, 12.7886321, 0.0 ], [ 79.985015100000012, 12.7874125, 0.0 ], [ 79.9872325, 12.7834396, 0.0 ], [ 79.9879011, 12.7822034, 0.0 ], [ 79.98810229999998, 12.7817901, 0.0 ], [ 79.9882941, 12.7813232, 0.0 ], [ 79.9884564, 12.7808039, 0.0 ], [ 79.9885502, 12.7803854, 0.0 ], [ 79.9886495, 12.7798387, 0.0 ], [ 79.9886642, 12.7794764, 0.0 ], [ 79.9886125, 12.7780847, 0.0 ], [ 79.9885058, 12.7749481, 0.0 ], [ 79.988345099999989, 12.7717977, 0.0 ], [ 79.9883142, 12.771149, 0.0 ], [ 79.9882519, 12.7698704, 0.0 ], [ 79.988288499999982, 12.7690451, 0.0 ], [ 79.988403399999982, 12.7686518, 0.0 ], [ 79.988482499999989, 12.7684906, 0.0 ], [ 79.98857839999998, 12.7683219, 0.0 ], [ 79.9886899, 12.76814, 0.0 ], [ 79.988846899999984, 12.7679821, 0.0 ], [ 79.98908, 12.7678098, 0.0 ], [ 79.9892516, 12.7676921, 0.0 ], [ 79.9895051, 12.76756, 0.0 ], [ 79.9896888, 12.767492, 0.0 ], [ 79.990210499999989, 12.7673848, 0.0 ], [ 79.990508299999988, 12.7673717, 0.0 ], [ 79.990845, 12.7673958, 0.0 ], [ 79.99118439999998, 12.7674802, 0.0 ], [ 79.991593199999983, 12.7676189, 0.0 ], [ 79.9920718, 12.7677677, 0.0 ], [ 79.9923198, 12.7678225, 0.0 ], [ 79.992528, 12.7678608, 0.0 ], [ 79.9929558, 12.7679145, 0.0 ], [ 79.9932495, 12.7679472, 0.0 ], [ 79.993645099999981, 12.7679707, 0.0 ], [ 79.9939992, 12.7679563, 0.0 ], [ 79.994286599999981, 12.7679227, 0.0 ], [ 79.9949178, 12.7678177, 0.0 ], [ 79.9953014, 12.7677026, 0.0 ], [ 79.9955988, 12.7675793, 0.0 ], [ 79.996093299999984, 12.767337, 0.0 ], [ 79.9967871, 12.7670005, 0.0 ], [ 79.99713, 12.7668428, 0.0 ], [ 79.9975097, 12.7667061, 0.0 ], [ 79.997726200000017, 12.7666415, 0.0 ], [ 79.99783, 12.7666059, 0.0 ] ] } },
{ "type": "Feature", "properties": { "osm_id": 829202801, "road_name": "Unnamed road", "highway": "tertiary", "ref": "", "length_m": 9248.4, "unmet_length_m": 9248.4, "pct_outside_400m": 100.0, "outside_gcc": true, "need_score": 13872.6, "rank": 5 }, "geometry": { "type": "LineString", "coordinates": [ [ 79.9880425, 12.7698723, 0.0 ], [ 79.988084599999979, 12.7707597, 0.0 ], [ 79.98813, 12.7716831, 0.0 ], [ 79.988189, 12.7729043, 0.0 ], [ 79.9882293, 12.7739854, 0.0 ], [ 79.9883597, 12.7769524, 0.0 ], [ 79.9884288, 12.7782905, 0.0 ], [ 79.988452399999986, 12.7789499, 0.0 ], [ 79.9884471, 12.779333, 0.0 ], [ 79.9884339, 12.7796437, 0.0 ], [ 79.9883975, 12.7799994, 0.0 ], [ 79.98833209999998, 12.7803683, 0.0 ], [ 79.988241, 12.7807805, 0.0 ], [ 79.9881212, 12.7811746, 0.0 ], [ 79.9880528, 12.7813711, 0.0 ], [ 79.9879602, 12.7815991, 0.0 ], [ 79.9878515, 12.7818398, 0.0 ], [ 79.9875806, 12.7823302, 0.0 ], [ 79.987030299999986, 12.7833356, 0.0 ], [ 79.9864197, 12.7844535, 0.0 ], [ 79.9857902, 12.7856031, 0.0 ], [ 79.985691, 12.7857843, 0.0 ], [ 79.985611, 12.7859314, 0.0 ], [ 79.985442699999979, 12.7862383, 0.0 ], [ 79.9852314, 12.7866156, 0.0 ], [ 79.9852034, 12.7866656, 0.0 ], [ 79.984951399999986, 12.7871196, 0.0 ], [ 79.984141799999989, 12.7885853, 0.0 ], [ 79.983778499999985, 12.7892466, 0.0 ], [ 79.9828332, 12.7909819, 0.0 ], [ 79.9822564, 12.792018, 0.0 ], [ 79.9818667, 12.792768, 0.0 ], [ 79.981612499999983, 12.7932818, 0.0 ], [ 79.9814661, 12.7936123, 0.0 ], [ 79.9812086, 12.7941788, 0.0 ], [ 79.9808715, 12.7950163, 0.0 ], [ 79.9803406, 12.7963296, 0.0 ], [ 79.979685499999988, 12.797913, 0.0 ], [ 79.979256399999983, 12.7989148, 0.0 ], [ 79.9790346, 12.7994101, 0.0 ], [ 79.97896129999998, 12.7995739, 0.0 ], [ 79.978940099999988, 12.799624, 0.0 ], [ 79.9786422, 12.8003272, 0.0 ], [ 79.978502, 12.8006039, 0.0 ], [ 79.9783463, 12.800849, 0.0 ], [ 79.9781675, 12.8010992, 0.0 ], [ 79.9779823, 12.8013237, 0.0 ], [ 79.977740899999986, 12.8015538, 0.0 ], [ 79.9774754, 12.8017971, 0.0 ], [ 79.9772076, 12.8019767, 0.0 ], [ 79.976719, 12.8023045, 0.0 ], [ 79.976374, 12.8025294, 0.0 ], [ 79.9762335, 12.802621, 0.0 ], [ 79.9758741, 12.8028904, 0.0 ], [ 79.9755952, 12.8031519, 0.0 ], [ 79.975224199999985, 12.8035407, 0.0 ], [ 79.9750622, 12.8037405, 0.0 ], [ 79.9749921, 12.8038614, 0.0 ], [ 79.9749609, 12.8039422, 0.0 ], [ 79.974948899999987, 12.8039735, 0.0 ], [ 79.974871199999981, 12.8041626, 0.0 ], [ 79.974646099999987, 12.8047659, 0.0 ], [ 79.974583599999988, 12.8050036, 0.0 ], [ 79.974436499999982, 12.8056252, 0.0 ], [ 79.974289099999979, 12.8061019, 0.0 ], [ 79.9741387, 12.8064983, 0.0 ], [ 79.9739517, 12.806863, 0.0 ], [ 79.973764, 12.8071325, 0.0 ], [ 79.9734651, 12.8074604, 0.0 ], [ 79.9732536, 12.807716, 0.0 ], [ 79.9719742, 12.8090473, 0.0 ], [ 79.9718985, 12.8091228, 0.0 ], [ 79.971113799999983, 12.8099058, 0.0 ], [ 79.9701284, 12.8109167, 0.0 ], [ 79.9701101, 12.8109355, 0.0 ], [ 79.969409299999981, 12.811659, 0.0 ], [ 79.9677888, 12.8133165, 0.0 ], [ 79.9674219, 12.8136953, 0.0 ], [ 79.9669108, 12.8142113, 0.0 ], [ 79.9660116, 12.8151177, 0.0 ], [ 79.9652767, 12.8158814, 0.0 ], [ 79.964600799999985, 12.816564, 0.0 ], [ 79.9644059, 12.8167887, 0.0 ], [ 79.9638429, 12.8174218, 0.0 ], [ 79.9636514, 12.817679, 0.0 ], [ 79.9632717, 12.8181988, 0.0 ], [ 79.9627732, 12.819045, 0.0 ], [ 79.9625651, 12.819468, 0.0 ], [ 79.962223, 12.8201549, 0.0 ], [ 79.961601, 12.8214243, 0.0 ], [ 79.9609074, 12.8227937, 0.0 ], [ 79.9602473, 12.8241487, 0.0 ], [ 79.9598855, 12.8248755, 0.0 ], [ 79.95951, 12.8255817, 0.0 ], [ 79.9592176, 12.8260367, 0.0 ], [ 79.9588019, 12.8266252, 0.0 ], [ 79.95837, 12.8272162, 0.0 ], [ 79.957678, 12.8281655, 0.0 ], [ 79.957133899999988, 12.8288559, 0.0 ], [ 79.9566936, 12.8294261, 0.0 ], [ 79.9562806, 12.8298053, 0.0 ], [ 79.9556315, 12.8303545, 0.0 ], [ 79.9545318, 12.8312202, 0.0 ], [ 79.953585, 12.8320335, 0.0 ], [ 79.9528247, 12.8326356, 0.0 ], [ 79.951565299999984, 12.8336523, 0.0 ], [ 79.951047599999981, 12.8341361, 0.0 ], [ 79.9507847, 12.8344003, 0.0 ], [ 79.9503931, 12.8348814, 0.0 ], [ 79.9499279, 12.835468, 0.0 ], [ 79.948395599999984, 12.8373842, 0.0 ], [ 79.948359399999987, 12.8374417, 0.0 ], [ 79.9483398, 12.8375049, 0.0 ], [ 79.948352, 12.8375555, 0.0 ], [ 79.9483818, 12.8376996, 0.0 ] ] } },
{ "type": "Feature", "properties": { "osm_id": 829202800, "road_name": "Unnamed road", "highway": "tertiary", "ref": "", "length_m": 7387.8, "unmet_length_m": 7387.8, "pct_outside_400m": 100.0, "outside_gcc": true, "need_score": 11081.7, "rank": 6 }, "geometry": { "type": "LineString", "coordinates": [ [ 79.9605249, 12.8243622, 0.0 ], [ 79.9609986, 12.8233618, 0.0 ], [ 79.961607499999985, 12.8221661, 0.0 ], [ 79.9617979, 12.8217921, 0.0 ], [ 79.9622371, 12.8209043, 0.0 ], [ 79.9628547, 12.819624, 0.0 ], [ 79.9633208, 12.8187705, 0.0 ], [ 79.9633573, 12.8187036, 0.0 ], [ 79.9637349, 12.8181132, 0.0 ], [ 79.9638472, 12.8179375, 0.0 ], [ 79.9640712, 12.8176572, 0.0 ], [ 79.964152299999981, 12.8175558, 0.0 ], [ 79.964314099999982, 12.8173706, 0.0 ], [ 79.9646407, 12.8169968, 0.0 ], [ 79.96621279999998, 12.8153975, 0.0 ], [ 79.9676064, 12.8139739, 0.0 ], [ 79.9678189, 12.8137569, 0.0 ], [ 79.968022, 12.8135821, 0.0 ], [ 79.9685033, 12.8130593, 0.0 ], [ 79.9711358, 12.810377, 0.0 ], [ 79.9725053, 12.8089714, 0.0 ], [ 79.9735469, 12.8078976, 0.0 ], [ 79.9740069, 12.8073921, 0.0 ], [ 79.9742544, 12.8070688, 0.0 ], [ 79.974436499999982, 12.8067386, 0.0 ], [ 79.9745462, 12.8065064, 0.0 ], [ 79.9745647, 12.8064276, 0.0 ], [ 79.9746326, 12.8061375, 0.0 ], [ 79.9747642, 12.8056653, 0.0 ], [ 79.9748334, 12.805417, 0.0 ], [ 79.974959499999983, 12.8049279, 0.0 ], [ 79.975066799999979, 12.8046506, 0.0 ], [ 79.975214, 12.8043496, 0.0 ], [ 79.9752952, 12.8041472, 0.0 ], [ 79.9753624, 12.803981, 0.0 ], [ 79.9754208, 12.8038969, 0.0 ], [ 79.975536299999987, 12.8037308, 0.0 ], [ 79.97570039999998, 12.8035364, 0.0 ], [ 79.9758305, 12.8033824, 0.0 ], [ 79.9761405, 12.803105, 0.0 ], [ 79.9765596, 12.8027866, 0.0 ], [ 79.9773452, 12.8022908, 0.0 ], [ 79.9776962, 12.8020618, 0.0 ], [ 79.977974, 12.8018318, 0.0 ], [ 79.9781351, 12.8017089, 0.0 ], [ 79.978321899999983, 12.8015723, 0.0 ], [ 79.978433399999986, 12.8014612, 0.0 ], [ 79.978451299999989, 12.8013745, 0.0 ], [ 79.978529899999984, 12.8011987, 0.0 ], [ 79.9785903, 12.8010962, 0.0 ], [ 79.978688, 12.8009304, 0.0 ], [ 79.9789543, 12.8005141, 0.0 ], [ 79.9791089, 12.800188, 0.0 ], [ 79.9791706, 12.8000578, 0.0 ], [ 79.9793089, 12.7996516, 0.0 ], [ 79.979351899999983, 12.7995534, 0.0 ], [ 79.9796776, 12.7988086, 0.0 ], [ 79.979811900000016, 12.7984736, 0.0 ], [ 79.9799666, 12.7980848, 0.0 ], [ 79.9800874, 12.7977811, 0.0 ], [ 79.9803346, 12.7971806, 0.0 ], [ 79.9806619, 12.7963698, 0.0 ], [ 79.9809371, 12.7956976, 0.0 ], [ 79.9812975, 12.7947926, 0.0 ], [ 79.981546, 12.7942244, 0.0 ], [ 79.9818834, 12.7934692, 0.0 ], [ 79.982231, 12.7927642, 0.0 ], [ 79.9827128, 12.7918497, 0.0 ], [ 79.983084799999986, 12.7911916, 0.0 ], [ 79.9836491, 12.7901675, 0.0 ], [ 79.984481099999982, 12.788624, 0.0 ], [ 79.985233899999983, 12.7872894, 0.0 ], [ 79.985444199999989, 12.7868877, 0.0 ], [ 79.985477099999983, 12.7868279, 0.0 ], [ 79.985950699999989, 12.7859202, 0.0 ], [ 79.9866973, 12.7845933, 0.0 ], [ 79.9873045, 12.7834901, 0.0 ], [ 79.987841599999982, 12.7825093, 0.0 ], [ 79.9880827, 12.7820685, 0.0 ], [ 79.9882018, 12.7818296, 0.0 ], [ 79.9882922, 12.7816309, 0.0 ], [ 79.9884197, 12.7812743, 0.0 ], [ 79.9885373, 12.7808654, 0.0 ], [ 79.9886273, 12.7805074, 0.0 ], [ 79.9886979, 12.7801248, 0.0 ], [ 79.9887479, 12.7797369, 0.0 ], [ 79.9887675, 12.7794229, 0.0 ], [ 79.9887648, 12.7789548, 0.0 ], [ 79.988743, 12.7780698, 0.0 ], [ 79.988678299999989, 12.776939, 0.0 ], [ 79.9885624, 12.7739755, 0.0 ], [ 79.988505099999983, 12.7728818, 0.0 ], [ 79.988446, 12.7716741, 0.0 ], [ 79.9884083, 12.7707429, 0.0 ], [ 79.9883601, 12.769871, 0.0 ], [ 79.988362399999986, 12.7695152, 0.0 ], [ 79.988383399999989, 12.7692123, 0.0 ], [ 79.988430099999988, 12.7689482, 0.0 ], [ 79.9885165, 12.7686954, 0.0 ], [ 79.988660199999984, 12.7684122, 0.0 ] ] } },
{ "type": "Feature", "properties": { "osm_id": 30799646, "road_name": "Kolathur - Kannanthangal Road", "highway": "tertiary", "ref": "O2982", "length_m": 6807.4, "unmet_length_m": 6807.4, "pct_outside_400m": 100.0, "outside_gcc": true, "need_score": 10211.1, "rank": 7 }, "geometry": { "type": "LineString", "coordinates": [ [ 79.9910472, 12.9370859, 0.0 ], [ 79.991025899999983, 12.9370264, 0.0 ], [ 79.9909803, 12.9368826, 0.0 ], [ 79.9908844, 12.936401, 0.0 ], [ 79.9908207, 12.9361062, 0.0 ], [ 79.9906873, 12.9355468, 0.0 ], [ 79.9906383, 12.9352834, 0.0 ], [ 79.9905834, 12.9350168, 0.0 ], [ 79.9905143, 12.934888, 0.0 ], [ 79.990453299999984, 12.9348266, 0.0 ], [ 79.9903708, 12.9347887, 0.0 ], [ 79.989504399999987, 12.9344717, 0.0 ], [ 79.9882867, 12.9340084, 0.0 ], [ 79.988198200000014, 12.9339535, 0.0 ], [ 79.9881446, 12.9339031, 0.0 ], [ 79.988117099999982, 12.933843, 0.0 ], [ 79.9880721, 12.9336404, 0.0 ], [ 79.9879494, 12.9331333, 0.0 ], [ 79.9877878, 12.9324542, 0.0 ], [ 79.9877114, 12.9320968, 0.0 ], [ 79.98761279999998, 12.931651, 0.0 ], [ 79.987417, 12.9308609, 0.0 ], [ 79.987354, 12.9305681, 0.0 ], [ 79.987225899999984, 12.9293322, 0.0 ], [ 79.9872004, 12.9291669, 0.0 ], [ 79.9872112, 12.9290551, 0.0 ], [ 79.987246699999986, 12.9289414, 0.0 ], [ 79.987596, 12.9279296, 0.0 ], [ 79.9877262, 12.9271525, 0.0 ], [ 79.9877563, 12.9266461, 0.0 ], [ 79.9877085, 12.9261349, 0.0 ], [ 79.9876395, 12.9256395, 0.0 ], [ 79.9875481, 12.9251145, 0.0 ], [ 79.9874881, 12.9248878, 0.0 ], [ 79.9873428, 12.9245617, 0.0 ], [ 79.9872042, 12.9243216, 0.0 ], [ 79.9868866, 12.9239823, 0.0 ], [ 79.9866859, 12.9237203, 0.0 ], [ 79.986169799999985, 12.9232175, 0.0 ], [ 79.9858203, 12.9229326, 0.0 ], [ 79.985626199999984, 12.9227966, 0.0 ], [ 79.985396, 12.9226771, 0.0 ], [ 79.985123, 12.9225957, 0.0 ], [ 79.9849888, 12.9225501, 0.0 ], [ 79.983982, 12.9222388, 0.0 ], [ 79.9834245, 12.9220712, 0.0 ], [ 79.9832086, 12.9220032, 0.0 ], [ 79.9827446, 12.9218424, 0.0 ], [ 79.9822503, 12.9216821, 0.0 ], [ 79.9821563, 12.9216505, 0.0 ], [ 79.982043800000014, 12.921634, 0.0 ], [ 79.981964, 12.9216476, 0.0 ], [ 79.98186819999998, 12.9217211, 0.0 ], [ 79.9818066, 12.9217797, 0.0 ], [ 79.9816365, 12.9219999, 0.0 ], [ 79.9811935, 12.9227676, 0.0 ], [ 79.9808295, 12.9233757, 0.0 ], [ 79.9805039, 12.9239074, 0.0 ], [ 79.980487599999989, 12.9239313, 0.0 ], [ 79.9803884, 12.9241224, 0.0 ], [ 79.980333500000015, 12.9241987, 0.0 ], [ 79.9802828, 12.924259, 0.0 ], [ 79.9802196, 12.9243147, 0.0 ], [ 79.9801414, 12.9243611, 0.0 ], [ 79.9800316, 12.9244067, 0.0 ], [ 79.979235399999979, 12.9246123, 0.0 ], [ 79.978859500000013, 12.9247301, 0.0 ], [ 79.9786857, 12.9247846, 0.0 ], [ 79.977463899999989, 12.925142, 0.0 ], [ 79.977194299999979, 12.9252384, 0.0 ], [ 79.9766135, 12.9253577, 0.0 ], [ 79.9759876, 12.9254316, 0.0 ], [ 79.9757986, 12.9253938, 0.0 ], [ 79.975625, 12.9253172, 0.0 ], [ 79.975236899999985, 12.9250831, 0.0 ], [ 79.9750422, 12.9249208, 0.0 ], [ 79.9749347, 12.924796, 0.0 ], [ 79.9747774, 12.9245594, 0.0 ], [ 79.973467899999989, 12.922054, 0.0 ], [ 79.973374399999983, 12.9218578, 0.0 ], [ 79.973285, 12.9216042, 0.0 ], [ 79.9732643, 12.9214973, 0.0 ], [ 79.973250400000012, 12.9213685, 0.0 ], [ 79.973271, 12.9210046, 0.0 ], [ 79.973248199999986, 12.9208124, 0.0 ], [ 79.9731919, 12.9205693, 0.0 ], [ 79.9731213, 12.9203273, 0.0 ], [ 79.973049499999988, 12.9201624, 0.0 ], [ 79.9729384, 12.9199994, 0.0 ], [ 79.9728204, 12.9198425, 0.0 ], [ 79.972516, 12.9195301, 0.0 ], [ 79.972419, 12.9193753, 0.0 ], [ 79.972382400000015, 12.9193, 0.0 ], [ 79.972354, 12.9191851, 0.0 ], [ 79.9723418, 12.9190801, 0.0 ], [ 79.972130899999982, 12.9178877, 0.0 ], [ 79.9720459, 12.9174071, 0.0 ], [ 79.9720258, 12.9173366, 0.0 ], [ 79.9719811, 12.9172811, 0.0 ], [ 79.97189179999998, 12.917218, 0.0 ], [ 79.9717655, 12.917179, 0.0 ], [ 79.9716604, 12.9171639, 0.0 ], [ 79.9713624, 12.9172154, 0.0 ], [ 79.9711323, 12.9172345, 0.0 ], [ 79.970818, 12.917221, 0.0 ], [ 79.97053, 12.9171805, 0.0 ], [ 79.9703821, 12.9171565, 0.0 ], [ 79.9700532, 12.9171759, 0.0 ], [ 79.9697553, 12.9170647, 0.0 ], [ 79.969245199999989, 12.9169237, 0.0 ], [ 79.968553699999987, 12.9166816, 0.0 ], [ 79.968284399999987, 12.9166134, 0.0 ], [ 79.96796329999998, 12.9165698, 0.0 ], [ 79.9675116, 12.9165258, 0.0 ], [ 79.9660986, 12.9164842, 0.0 ], [ 79.9655118, 12.9165361, 0.0 ], [ 79.9653072, 12.9165576, 0.0 ], [ 79.964965599999985, 12.9165934, 0.0 ], [ 79.9637749, 12.9166871, 0.0 ], [ 79.9635896, 12.9166689, 0.0 ], [ 79.9634241, 12.9166276, 0.0 ], [ 79.9633374, 12.9165724, 0.0 ], [ 79.9632799, 12.9164887, 0.0 ], [ 79.9632502, 12.9163923, 0.0 ], [ 79.9632273, 12.9158695, 0.0 ], [ 79.9632186, 12.9158234, 0.0 ], [ 79.963191199999983, 12.9157836, 0.0 ], [ 79.963152799999989, 12.9157533, 0.0 ], [ 79.9630855, 12.9157426, 0.0 ], [ 79.9630528, 12.9157392, 0.0 ], [ 79.9630153, 12.9157465, 0.0 ], [ 79.9619413, 12.9160047, 0.0 ], [ 79.9616289, 12.9160868, 0.0 ], [ 79.9615485, 12.9160999, 0.0 ], [ 79.9612378, 12.9161524, 0.0 ], [ 79.960903299999984, 12.9161834, 0.0 ], [ 79.960644499999987, 12.9162047, 0.0 ], [ 79.9598557, 12.9162697, 0.0 ], [ 79.959567299999989, 12.9162912, 0.0 ], [ 79.9588226, 12.9163677, 0.0 ], [ 79.9584719, 12.9163835, 0.0 ], [ 79.9581462, 12.9163805, 0.0 ], [ 79.9568765, 12.9164566, 0.0 ], [ 79.9565784, 12.9164568, 0.0 ], [ 79.9565201, 12.9164404, 0.0 ], [ 79.9564661, 12.9164154, 0.0 ], [ 79.956429799999981, 12.9163645, 0.0 ], [ 79.956382, 12.9161748, 0.0 ], [ 79.9563655, 12.9159622, 0.0 ], [ 79.9564231, 12.9154948, 0.0 ], [ 79.9564227, 12.9154622, 0.0 ], [ 79.9564107, 12.9154269, 0.0 ], [ 79.956377099999983, 12.9153929, 0.0 ], [ 79.9563329, 12.9153746, 0.0 ], [ 79.9562854, 12.9153722, 0.0 ], [ 79.9559565, 12.9154057, 0.0 ], [ 79.955392599999982, 12.915445, 0.0 ], [ 79.955129699999986, 12.9154633, 0.0 ], [ 79.9550066, 12.9151756, 0.0 ], [ 79.9548739, 12.914657, 0.0 ], [ 79.9547548, 12.9143748, 0.0 ], [ 79.954659, 12.9142071, 0.0 ], [ 79.954411599999986, 12.9138422, 0.0 ], [ 79.9538278, 12.9131185, 0.0 ], [ 79.9532761, 12.9124356, 0.0 ], [ 79.9531915, 12.912347, 0.0 ], [ 79.9531065, 12.9122725, 0.0 ] ] } },
{ "type": "Feature", "properties": { "osm_id": 104188715, "road_name": "Anjur - Pattravakkam - Thenur Road", "highway": "tertiary", "ref": "O8787", "length_m": 6668.3, "unmet_length_m": 6668.3, "pct_outside_400m": 100.0, "outside_gcc": true, "need_score": 10002.5, "rank": 8 }, "geometry": { "type": "LineString", "coordinates": [ [ 80.0070074, 12.6780541, 0.0 ], [ 80.006793499999986, 12.6785176, 0.0 ], [ 80.006012899999988, 12.6799921, 0.0 ], [ 80.0057018, 12.6805704, 0.0 ], [ 80.0052023, 12.6814988, 0.0 ], [ 80.0050995, 12.6816863, 0.0 ], [ 80.004964, 12.682038, 0.0 ], [ 80.004854399999985, 12.6826025, 0.0 ], [ 80.0047433, 12.6831737, 0.0 ], [ 80.0047261, 12.6832623, 0.0 ], [ 80.004652599999986, 12.6838214, 0.0 ], [ 80.004608099999984, 12.6841801, 0.0 ], [ 80.0046177, 12.6843914, 0.0 ], [ 80.0046337, 12.6846641, 0.0 ], [ 80.004667, 12.684966, 0.0 ], [ 80.0046911, 12.685464, 0.0 ], [ 80.0046817, 12.6856121, 0.0 ], [ 80.0046467, 12.6858513, 0.0 ], [ 80.004621, 12.6861041, 0.0 ], [ 80.004628, 12.6862545, 0.0 ], [ 80.0047079, 12.6871008, 0.0 ], [ 80.0046891, 12.6878282, 0.0 ], [ 80.004496, 12.68899, 0.0 ], [ 80.0043833, 12.6896835, 0.0 ], [ 80.004158, 12.6903638, 0.0 ], [ 80.003781599999982, 12.6910905, 0.0 ], [ 80.003698199999988, 12.6913886, 0.0 ], [ 80.0037173, 12.6916209, 0.0 ], [ 80.0038076, 12.6919134, 0.0 ], [ 80.0039108, 12.6921584, 0.0 ], [ 80.0040642, 12.692465, 0.0 ], [ 80.0044744, 12.6928629, 0.0 ], [ 80.005077, 12.6931745, 0.0 ], [ 80.0053903, 12.6936018, 0.0 ], [ 80.005708299999981, 12.6940638, 0.0 ], [ 80.005816399999986, 12.694348, 0.0 ], [ 80.0060042, 12.6951231, 0.0 ], [ 80.006192, 12.6959993, 0.0 ], [ 80.0062676, 12.6965548, 0.0 ], [ 80.0063118, 12.6966883, 0.0 ], [ 80.006393599999981, 12.6967445, 0.0 ], [ 80.006569299999981, 12.6967982, 0.0 ], [ 80.0068228, 12.6968374, 0.0 ], [ 80.0069368, 12.6968819, 0.0 ], [ 80.0070092, 12.6969551, 0.0 ], [ 80.0070548, 12.6971278, 0.0 ], [ 80.0072466, 12.6976315, 0.0 ], [ 80.00745449999998, 12.6981405, 0.0 ], [ 80.0076932, 12.6987868, 0.0 ], [ 80.0078112, 12.6990013, 0.0 ], [ 80.0081323, 12.6996908, 0.0 ], [ 80.0081934, 12.700278, 0.0 ], [ 80.0082739, 12.7011692, 0.0 ], [ 80.008362799999986, 12.7015253, 0.0 ], [ 80.008560099999983, 12.7020578, 0.0 ], [ 80.008723099999983, 12.702395, 0.0 ], [ 80.009291299999987, 12.7030145, 0.0 ], [ 80.0095608, 12.7033523, 0.0 ], [ 80.009628, 12.7036003, 0.0 ], [ 80.0097999, 12.7042711, 0.0 ], [ 80.010135099999985, 12.7054078, 0.0 ], [ 80.0104704, 12.7065672, 0.0 ], [ 80.010678, 12.7070945, 0.0 ], [ 80.0110694, 12.7082312, 0.0 ], [ 80.0112076, 12.7087675, 0.0 ], [ 80.0113532, 12.7092968, 0.0 ], [ 80.0115667, 12.7102365, 0.0 ], [ 80.0117084, 12.7106748, 0.0 ], [ 80.0120166, 12.7113904, 0.0 ], [ 80.0122368, 12.7121651, 0.0 ], [ 80.0122938, 12.7123725, 0.0 ], [ 80.0123461, 12.712466, 0.0 ], [ 80.0123978, 12.7125072, 0.0 ], [ 80.012461499999986, 12.7125229, 0.0 ], [ 80.0143923, 12.7128278, 0.0 ], [ 80.0157901, 12.7131181, 0.0 ], [ 80.0162557, 12.7132129, 0.0 ], [ 80.017136, 12.7131434, 0.0 ], [ 80.0182071, 12.7129916, 0.0 ], [ 80.0204135, 12.7126197, 0.0 ], [ 80.021977, 12.7123124, 0.0 ], [ 80.0221919, 12.7123182, 0.0 ], [ 80.0224261, 12.7123534, 0.0 ], [ 80.022737, 12.7125284, 0.0 ], [ 80.022845, 12.7126397, 0.0 ], [ 80.0232689, 12.7139896, 0.0 ], [ 80.023571, 12.714698, 0.0 ], [ 80.0237631, 12.7158672, 0.0 ], [ 80.0237448, 12.7162433, 0.0 ], [ 80.023814299999984, 12.7165908, 0.0 ], [ 80.0239274, 12.7167298, 0.0 ], [ 80.023981800000016, 12.7167966, 0.0 ], [ 80.02447979999998, 12.7171106, 0.0 ], [ 80.0248532, 12.7175514, 0.0 ], [ 80.024934099999982, 12.7177208, 0.0 ], [ 80.025121699999985, 12.7184592, 0.0 ], [ 80.0251844, 12.7187295, 0.0 ], [ 80.0252452, 12.7189984, 0.0 ], [ 80.0253398, 12.7193536, 0.0 ], [ 80.025605700000014, 12.7199826, 0.0 ], [ 80.0256507, 12.7201366, 0.0 ], [ 80.02568, 12.7202369, 0.0 ], [ 80.0257873, 12.720824, 0.0 ], [ 80.0258325, 12.7211142, 0.0 ], [ 80.0259989, 12.7220559, 0.0 ], [ 80.0260405, 12.7223983, 0.0 ] ] } },
{ "type": "Feature", "properties": { "osm_id": 26188583, "road_name": "GST Road - Karuneelam - Melrosapuram Road", "highway": "tertiary", "ref": "O1507", "length_m": 5983.9, "unmet_length_m": 5983.9, "pct_outside_400m": 100.0, "outside_gcc": true, "need_score": 8975.9, "rank": 9 }, "geometry": { "type": "LineString", "coordinates": [ [ 80.0074357, 12.7706479, 0.0 ], [ 80.0075919, 12.7705796, 0.0 ], [ 80.007715599999983, 12.7705349, 0.0 ], [ 80.0093289, 12.7702683, 0.0 ], [ 80.010189, 12.7701184, 0.0 ], [ 80.010535, 12.770053, 0.0 ], [ 80.0111197, 12.7698999, 0.0 ], [ 80.0116769, 12.7696997, 0.0 ], [ 80.011942399999981, 12.7696043, 0.0 ], [ 80.012864099999987, 12.769273, 0.0 ], [ 80.014318, 12.7690287, 0.0 ], [ 80.0153259, 12.7688594, 0.0 ], [ 80.016944699999982, 12.7685874, 0.0 ], [ 80.0179256, 12.7684275, 0.0 ], [ 80.0191154, 12.7682196, 0.0 ], [ 80.0193849, 12.7681774, 0.0 ], [ 80.0197953, 12.7681669, 0.0 ], [ 80.0201091, 12.7681748, 0.0 ], [ 80.0203988, 12.7682245, 0.0 ], [ 80.0208199, 12.7683422, 0.0 ], [ 80.0210157, 12.7683683, 0.0 ], [ 80.021638, 12.7683343, 0.0 ], [ 80.021807, 12.7683108, 0.0 ], [ 80.0241541, 12.7679916, 0.0 ], [ 80.0244717, 12.7679484, 0.0 ], [ 80.0251543, 12.7678556, 0.0 ], [ 80.025283800000011, 12.7678405, 0.0 ], [ 80.026028699999983, 12.7677536, 0.0 ], [ 80.0261387, 12.7677261, 0.0 ], [ 80.0262219, 12.7676607, 0.0 ], [ 80.026255399999982, 12.7675548, 0.0 ], [ 80.0263211, 12.7673625, 0.0 ], [ 80.0263707, 12.767305, 0.0 ], [ 80.0264525, 12.7672749, 0.0 ], [ 80.0267892, 12.7672082, 0.0 ], [ 80.0276609, 12.7670756, 0.0 ], [ 80.028070199999988, 12.7670134, 0.0 ], [ 80.0281048, 12.7670081, 0.0 ], [ 80.0289363, 12.7668773, 0.0 ], [ 80.0291535, 12.7668276, 0.0 ], [ 80.0293869, 12.7667648, 0.0 ], [ 80.029639, 12.766668, 0.0 ], [ 80.0297946, 12.7665738, 0.0 ], [ 80.0299421, 12.7664535, 0.0 ], [ 80.030033, 12.7663929, 0.0 ], [ 80.030349799999982, 12.7661814, 0.0 ], [ 80.030787, 12.7659565, 0.0 ], [ 80.0310988, 12.7657976, 0.0 ], [ 80.0312698, 12.7657178, 0.0 ], [ 80.0314106, 12.7656753, 0.0 ], [ 80.0315782, 12.7656478, 0.0 ], [ 80.032399, 12.7655706, 0.0 ], [ 80.033056, 12.7655002, 0.0 ], [ 80.033980199999988, 12.7654011, 0.0 ], [ 80.034338199999979, 12.7653627, 0.0 ], [ 80.034423, 12.7653534, 0.0 ], [ 80.0348828, 12.7653034, 0.0 ], [ 80.0358022, 12.7652035, 0.0 ], [ 80.0358537, 12.7651979, 0.0 ], [ 80.0358537, 12.7651952, 0.0 ], [ 80.0362764, 12.7651579, 0.0 ], [ 80.036889, 12.7651037, 0.0 ], [ 80.0373289, 12.7650645, 0.0 ], [ 80.0376119, 12.7650082, 0.0 ], [ 80.0378029, 12.7649738, 0.0 ], [ 80.037975299999985, 12.7649428, 0.0 ], [ 80.0381059, 12.7649271, 0.0 ], [ 80.038344100000018, 12.7648983, 0.0 ], [ 80.0389785, 12.7648316, 0.0 ], [ 80.039775399999982, 12.7647217, 0.0 ], [ 80.0398362, 12.7647133, 0.0 ], [ 80.040275599999987, 12.764668, 0.0 ], [ 80.0412682, 12.7646256, 0.0 ], [ 80.041323, 12.7646264, 0.0 ], [ 80.0419897, 12.7646358, 0.0 ], [ 80.0421992, 12.7646255, 0.0 ], [ 80.0426102, 12.7645745, 0.0 ], [ 80.0428947, 12.7645275, 0.0 ], [ 80.0430364, 12.7645042, 0.0 ], [ 80.0433411, 12.7644539, 0.0 ], [ 80.0439147, 12.7643605, 0.0 ], [ 80.044060900000019, 12.764349, 0.0 ], [ 80.044389399999986, 12.7642958, 0.0 ], [ 80.0447597, 12.7642318, 0.0 ], [ 80.0449357, 12.7641947, 0.0 ], [ 80.0450836, 12.7641634, 0.0 ], [ 80.0453035, 12.764117, 0.0 ], [ 80.045584, 12.7640578, 0.0 ], [ 80.0456604, 12.7640389, 0.0 ], [ 80.0458185, 12.7639993, 0.0 ], [ 80.047064, 12.7637226, 0.0 ], [ 80.0494499, 12.7636534, 0.0 ], [ 80.0520123, 12.7635296, 0.0 ], [ 80.053832899999989, 12.7633002, 0.0 ], [ 80.0542252, 12.7632204, 0.0 ], [ 80.05483839999998, 12.7629289, 0.0 ], [ 80.0549789, 12.7628615, 0.0 ], [ 80.0550611, 12.7628485, 0.0 ], [ 80.0553373, 12.7628632, 0.0 ], [ 80.0559928, 12.7629113, 0.0 ], [ 80.0568187, 12.762972, 0.0 ], [ 80.0572322, 12.7629765, 0.0 ], [ 80.057455799999985, 12.7629522, 0.0 ], [ 80.0577894, 12.7628746, 0.0 ], [ 80.0580226, 12.7627915, 0.0 ], [ 80.0580452, 12.7624088, 0.0 ], [ 80.0580812, 12.7621592, 0.0 ], [ 80.058111599999989, 12.7619215, 0.0 ], [ 80.0582003, 12.7614877, 0.0 ], [ 80.0583934, 12.7612743, 0.0 ], [ 80.0584756, 12.7612089, 0.0 ], [ 80.05854, 12.7611578, 0.0 ], [ 80.058561499999982, 12.7611238, 0.0 ] ] } },
{ "type": "Feature", "properties": { "osm_id": 138337668, "road_name": "Kannigaipair - Vengal - Seethancheri Road", "highway": "secondary", "ref": "MDR740", "length_m": 10291.2, "unmet_length_m": 5793.1, "pct_outside_400m": 56.3, "outside_gcc": true, "need_score": 8344.5, "rank": 10 }, "geometry": { "type": "LineString", "coordinates": [ [ 79.962348868010793, 13.26219748274068, 0.0 ], [ 79.9633252, 13.2619514, 0.0 ], [ 79.9664838, 13.2617605, 0.0 ], [ 79.9692893, 13.2614358, 0.0 ], [ 79.9716631, 13.2611876, 0.0 ], [ 79.9732129, 13.2611112, 0.0 ], [ 79.976438799999983, 13.260431, 0.0 ], [ 79.977836599999989, 13.2601326, 0.0 ], [ 79.9788052, 13.260061, 0.0 ], [ 79.981882899999988, 13.2601685, 0.0 ], [ 79.983364399999985, 13.2601025, 0.0 ], [ 79.983758900000012, 13.2600849, 0.0 ], [ 79.9866771, 13.2599894, 0.0 ], [ 79.988013599999988, 13.2598223, 0.0 ], [ 79.9914836, 13.2592137, 0.0 ], [ 79.994095299999984, 13.2587721, 0.0 ], [ 79.996351499999989, 13.2583902, 0.0 ], [ 79.999363599999981, 13.2580389, 0.0 ], [ 80.000109199999983, 13.2580305, 0.0 ], [ 80.001661199999987, 13.257676, 0.0 ], [ 80.002016699999984, 13.2575072, 0.0 ], [ 80.0021207, 13.25733, 0.0 ], [ 80.0021034, 13.2557097, 0.0 ], [ 80.002164, 13.2548826, 0.0 ], [ 80.0023981, 13.2545873, 0.0 ], [ 80.0028316, 13.2544438, 0.0 ], [ 80.00335, 13.2544074, 0.0 ], [ 80.0053547, 13.2542666, 0.0 ], [ 80.0057882, 13.2541822, 0.0 ], [ 80.0072641, 13.2536899, 0.0 ], [ 80.007938399999986, 13.2534649, 0.0 ], [ 80.0088054, 13.2531442, 0.0 ], [ 80.009230299999984, 13.2529203, 0.0 ], [ 80.0097505, 13.2526462, 0.0 ], [ 80.010104399999989, 13.252474, 0.0 ], [ 80.0101666, 13.2524437, 0.0 ], [ 80.010798311639846, 13.252260843445073, 0.0 ] ] } },
{ "type": "Feature", "properties": { "osm_id": 31252753, "road_name": "Unnamed road", "highway": "tertiary", "ref": "", "length_m": 5826.5, "unmet_length_m": 5415.9, "pct_outside_400m": 93.0, "outside_gcc": true, "need_score": 7932.9, "rank": 11 }, "geometry": { "type": "LineString", "coordinates": [ [ 79.992350988766745, 13.091901112802999, 0.0 ], [ 79.992306699999986, 13.09153, 0.0 ], [ 79.9922685, 13.0912589, 0.0 ], [ 79.9922611, 13.0912061, 0.0 ], [ 79.992185599999985, 13.0907204, 0.0 ], [ 79.992127, 13.0903439, 0.0 ], [ 79.9921136, 13.0900122, 0.0 ], [ 79.9921498, 13.0893512, 0.0 ], [ 79.992163199999979, 13.0891748, 0.0 ], [ 79.9921779, 13.0889724, 0.0 ], [ 79.992198, 13.0885936, 0.0 ], [ 79.9921719, 13.0880593, 0.0 ], [ 79.992162599999986, 13.087983, 0.0 ], [ 79.9920661, 13.0874244, 0.0 ], [ 79.992011599999984, 13.0871085, 0.0 ], [ 79.9919419, 13.0866452, 0.0 ], [ 79.991852099999988, 13.0860557, 0.0 ], [ 79.9917313, 13.0852439, 0.0 ], [ 79.9916308, 13.084774, 0.0 ], [ 79.9916026, 13.0847244, 0.0 ], [ 79.9915553, 13.0846747, 0.0 ], [ 79.9904657, 13.0836043, 0.0 ], [ 79.9904251, 13.0835644, 0.0 ], [ 79.98972569999998, 13.0829478, 0.0 ], [ 79.989571499999983, 13.082825, 0.0 ], [ 79.98939919999998, 13.0826663, 0.0 ], [ 79.9893274, 13.0825769, 0.0 ], [ 79.9893044, 13.0824569, 0.0 ], [ 79.9892312, 13.0818098, 0.0 ], [ 79.9892078, 13.0816036, 0.0 ], [ 79.9891859, 13.0814099, 0.0 ], [ 79.989166899999987, 13.0812424, 0.0 ], [ 79.9891808, 13.081163, 0.0 ], [ 79.9891993, 13.0811177, 0.0 ], [ 79.9892628, 13.0810611, 0.0 ], [ 79.989470199999985, 13.0809596, 0.0 ], [ 79.989536, 13.0809251, 0.0 ], [ 79.98960839999998, 13.0808617, 0.0 ], [ 79.9896915, 13.0807532, 0.0 ], [ 79.9897679, 13.0805926, 0.0 ], [ 79.9899115, 13.0802111, 0.0 ], [ 79.990018, 13.0799363, 0.0 ], [ 79.990079099999988, 13.0798297, 0.0 ], [ 79.990365299999979, 13.0794503, 0.0 ], [ 79.9911198, 13.0788264, 0.0 ], [ 79.991872699999988, 13.0781936, 0.0 ], [ 79.9924923, 13.0776933, 0.0 ], [ 79.9928787, 13.0773708, 0.0 ], [ 79.9929952, 13.0772735, 0.0 ], [ 79.993152199999983, 13.0771158, 0.0 ], [ 79.99322, 13.077027, 0.0 ], [ 79.993255, 13.076976, 0.0 ], [ 79.993269799999979, 13.0769224, 0.0 ], [ 79.9932387, 13.0764633, 0.0 ], [ 79.993231, 13.0763121, 0.0 ], [ 79.99324009999998, 13.0762628, 0.0 ], [ 79.9932528, 13.0762386, 0.0 ], [ 79.9932898, 13.0762199, 0.0 ], [ 79.9940264, 13.0761428, 0.0 ], [ 79.9952276, 13.0760453, 0.0 ], [ 79.9958598, 13.075955, 0.0 ], [ 79.9959756, 13.0759385, 0.0 ], [ 79.996445599999987, 13.0758857, 0.0 ], [ 79.996590199999986, 13.0758519, 0.0 ], [ 79.9966329, 13.0758335, 0.0 ], [ 79.996741699999987, 13.0757866, 0.0 ], [ 79.9969249, 13.0756686, 0.0 ], [ 79.99723059999998, 13.0753109, 0.0 ], [ 79.9973211, 13.0752432, 0.0 ], [ 79.9974243, 13.0752275, 0.0 ], [ 79.9975544, 13.0752484, 0.0 ], [ 79.997793099999981, 13.0753451, 0.0 ], [ 79.998085499999988, 13.0755432, 0.0 ], [ 79.998324199999985, 13.0757161, 0.0 ], [ 79.999143299999986, 13.0764772, 0.0 ], [ 79.9992502, 13.0765684, 0.0 ], [ 79.999388399999987, 13.0766462, 0.0 ], [ 79.9995462, 13.0767089, 0.0 ], [ 79.9997149, 13.0767298, 0.0 ], [ 79.9999456, 13.0767102, 0.0 ], [ 80.0001588, 13.0766697, 0.0 ], [ 80.000565199999983, 13.0765338, 0.0 ], [ 80.001879499999987, 13.0759669, 0.0 ], [ 80.002024299999988, 13.0758741, 0.0 ], [ 80.002614399999985, 13.0754574, 0.0 ], [ 80.002972499999984, 13.0751988, 0.0 ], [ 80.0030529, 13.075153, 0.0 ], [ 80.0032072, 13.0751008, 0.0 ], [ 80.003468700000013, 13.0750224, 0.0 ], [ 80.003789199999986, 13.0749166, 0.0 ], [ 80.004306899999989, 13.0746815, 0.0 ], [ 80.0045563, 13.074573, 0.0 ], [ 80.0047196, 13.0745229, 0.0 ], [ 80.0049828, 13.0744868, 0.0 ], [ 80.005331499999983, 13.074445, 0.0 ], [ 80.0056775, 13.0743888, 0.0 ], [ 80.006341299999988, 13.0742582, 0.0 ], [ 80.00718759999998, 13.0741171, 0.0 ], [ 80.0074558, 13.0740505, 0.0 ], [ 80.0078053, 13.0739654, 0.0 ], [ 80.0080861, 13.0738976, 0.0 ], [ 80.0087701, 13.0737344, 0.0 ], [ 80.0093615, 13.0735371, 0.0 ], [ 80.009861699999988, 13.073366, 0.0 ], [ 80.0108198, 13.0730308, 0.0 ], [ 80.0109185, 13.0730054, 0.0 ], [ 80.0110169, 13.0730034, 0.0 ], [ 80.0115577, 13.0731862, 0.0 ], [ 80.011630699999984, 13.0732027, 0.0 ], [ 80.0117239, 13.0732126, 0.0 ], [ 80.0119244, 13.0732092, 0.0 ], [ 80.0120335, 13.0731813, 0.0 ], [ 80.013065899999987, 13.0725766, 0.0 ], [ 80.0132182, 13.0724874, 0.0 ], [ 80.0134719, 13.0722706, 0.0 ], [ 80.0135996, 13.0721616, 0.0 ], [ 80.0141399, 13.0717879, 0.0 ], [ 80.014882, 13.0713709, 0.0 ], [ 80.0154327, 13.0710243, 0.0 ], [ 80.015969, 13.0707377, 0.0 ], [ 80.016042199999987, 13.070671, 0.0 ], [ 80.0161187, 13.0705821, 0.0 ], [ 80.016246699999982, 13.070376, 0.0 ], [ 80.0165847, 13.0694558, 0.0 ], [ 80.0166245, 13.0692195, 0.0 ], [ 80.016736, 13.0686485, 0.0 ], [ 80.016783099999984, 13.0685782, 0.0 ], [ 80.0169152, 13.068511, 0.0 ], [ 80.0182501, 13.0686293, 0.0 ], [ 80.0190786, 13.0687161, 0.0 ] ] } },
{ "type": "Feature", "properties": { "osm_id": 1072688201, "road_name": "Minjur - Mouthambedu - Cheppakkam Road", "highway": "tertiary", "ref": "O3982", "length_m": 4686.0, "unmet_length_m": 4686.0, "pct_outside_400m": 100.0, "outside_gcc": true, "need_score": 7028.9, "rank": 12 }, "geometry": { "type": "LineString", "coordinates": [ [ 80.305558299999987, 13.2755753, 0.0 ], [ 80.3055462, 13.2756628, 0.0 ], [ 80.3055046, 13.2757776, 0.0 ], [ 80.3054136, 13.2759519, 0.0 ], [ 80.305371099999988, 13.2760741, 0.0 ], [ 80.3053051, 13.2762958, 0.0 ], [ 80.3052178, 13.2764968, 0.0 ], [ 80.3051177, 13.276646, 0.0 ], [ 80.305017699999979, 13.2767351, 0.0 ], [ 80.3048537, 13.2767993, 0.0 ], [ 80.304688299999981, 13.2768416, 0.0 ], [ 80.304585299999985, 13.2768811, 0.0 ], [ 80.3044788, 13.2769469, 0.0 ], [ 80.3043876, 13.277039, 0.0 ], [ 80.3042879, 13.2771754, 0.0 ], [ 80.3041662, 13.2773744, 0.0 ], [ 80.3038848, 13.2779022, 0.0 ], [ 80.303659699999983, 13.2783533, 0.0 ], [ 80.3035703, 13.2785621, 0.0 ], [ 80.30355, 13.2786378, 0.0 ], [ 80.3035348, 13.2787677, 0.0 ], [ 80.3034976, 13.2789749, 0.0 ], [ 80.3034706, 13.2790752, 0.0 ], [ 80.3034013, 13.2791607, 0.0 ], [ 80.303288099999989, 13.2792495, 0.0 ], [ 80.303142, 13.2793523, 0.0 ], [ 80.3029747, 13.2794394, 0.0 ], [ 80.302819199999988, 13.2795101, 0.0 ], [ 80.302677299999985, 13.2795628, 0.0 ], [ 80.302584399999986, 13.2795693, 0.0 ], [ 80.302439099999987, 13.2795562, 0.0 ], [ 80.302211, 13.2795184, 0.0 ], [ 80.302028199999981, 13.2794824, 0.0 ], [ 80.301866, 13.2794232, 0.0 ], [ 80.3017292, 13.2793525, 0.0 ], [ 80.3015957, 13.2792752, 0.0 ], [ 80.301462199999989, 13.2792127, 0.0 ], [ 80.3013017, 13.2791599, 0.0 ], [ 80.3010015, 13.2790916, 0.0 ], [ 80.299843, 13.2788446, 0.0 ], [ 80.299670500000019, 13.2788156, 0.0 ], [ 80.2995322, 13.2788114, 0.0 ], [ 80.299310599999984, 13.2788233, 0.0 ], [ 80.299047799999983, 13.2788859, 0.0 ], [ 80.2988734, 13.2789382, 0.0 ], [ 80.298758099999986, 13.2789564, 0.0 ], [ 80.2986374, 13.2789538, 0.0 ], [ 80.298396, 13.278899, 0.0 ], [ 80.2977739, 13.2787788, 0.0 ], [ 80.29761, 13.2787623, 0.0 ], [ 80.2974482, 13.2787623, 0.0 ], [ 80.2972225, 13.2787726, 0.0 ], [ 80.2970697, 13.2787694, 0.0 ], [ 80.2969708, 13.2787674, 0.0 ], [ 80.296625899999981, 13.2787446, 0.0 ], [ 80.2954337, 13.2786381, 0.0 ], [ 80.295308799999987, 13.2786324, 0.0 ], [ 80.2952024, 13.2786439, 0.0 ], [ 80.2951423, 13.2786548, 0.0 ], [ 80.294994500000016, 13.2786817, 0.0 ], [ 80.2948678, 13.2786883, 0.0 ], [ 80.294754600000019, 13.2786817, 0.0 ], [ 80.2945721, 13.2786554, 0.0 ], [ 80.294056199999986, 13.2785677, 0.0 ], [ 80.293937, 13.2785345, 0.0 ], [ 80.293792199999984, 13.2784786, 0.0 ], [ 80.2936389, 13.2784309, 0.0 ], [ 80.293524, 13.2784123, 0.0 ], [ 80.293370699999983, 13.2783936, 0.0 ], [ 80.2932243, 13.2783922, 0.0 ], [ 80.29299229999998, 13.278415, 0.0 ], [ 80.2926474, 13.2784792, 0.0 ], [ 80.2921212, 13.2785933, 0.0 ], [ 80.2919191, 13.2786313, 0.0 ], [ 80.291502099999988, 13.278616, 0.0 ], [ 80.2909562, 13.2785959, 0.0 ], [ 80.289921199999981, 13.2787275, 0.0 ], [ 80.2886146, 13.2789654, 0.0 ], [ 80.2879795, 13.2793664, 0.0 ], [ 80.2852329, 13.2803688, 0.0 ], [ 80.285119099999989, 13.2809749, 0.0 ], [ 80.2848464, 13.2811633, 0.0 ], [ 80.284603, 13.2812756, 0.0 ], [ 80.2833168, 13.2813415, 0.0 ], [ 80.2831214, 13.2813044, 0.0 ], [ 80.2829545, 13.2812297, 0.0 ], [ 80.282882799999982, 13.2811977, 0.0 ], [ 80.2826837, 13.2811409, 0.0 ], [ 80.282469799999987, 13.2811032, 0.0 ], [ 80.281127, 13.2812193, 0.0 ], [ 80.2788954, 13.2821131, 0.0 ], [ 80.2732629, 13.2830209, 0.0 ], [ 80.2728332, 13.2830305, 0.0 ], [ 80.2723953, 13.2830271, 0.0 ], [ 80.2719494, 13.2828429, 0.0 ], [ 80.2703919, 13.2828535, 0.0 ], [ 80.2699908, 13.2826889, 0.0 ], [ 80.2694982, 13.2826378, 0.0 ], [ 80.269236, 13.2826061, 0.0 ], [ 80.2689663, 13.282535, 0.0 ], [ 80.2683003, 13.2822289, 0.0 ], [ 80.2680877, 13.2821312, 0.0 ], [ 80.2675988, 13.2819052, 0.0 ] ] } },
{ "type": "Feature", "properties": { "osm_id": 166562076, "road_name": "Kondangi Road", "highway": "tertiary", "ref": "O3028", "length_m": 5138.9, "unmet_length_m": 4763.0, "pct_outside_400m": 92.7, "outside_gcc": true, "need_score": 6970.3, "rank": 13 }, "geometry": { "type": "LineString", "coordinates": [ [ 80.0921316, 12.7506793, 0.0 ], [ 80.09222459999998, 12.7504752, 0.0 ], [ 80.0922675, 12.75036, 0.0 ], [ 80.0924879, 12.749768, 0.0 ], [ 80.0926486, 12.7493364, 0.0 ], [ 80.092787, 12.7490893, 0.0 ], [ 80.0928567, 12.748965, 0.0 ], [ 80.093034499999987, 12.7486899, 0.0 ], [ 80.0931206, 12.748542, 0.0 ], [ 80.093208499999989, 12.7483909, 0.0 ], [ 80.0933315, 12.7482168, 0.0 ], [ 80.0934087, 12.7479487, 0.0 ], [ 80.0934221, 12.7478671, 0.0 ], [ 80.0935167, 12.7472917, 0.0 ], [ 80.0935902, 12.7468448, 0.0 ], [ 80.093586799999983, 12.7466964, 0.0 ], [ 80.0935717, 12.7466413, 0.0 ], [ 80.0935481, 12.7465556, 0.0 ], [ 80.093471699999981, 12.7463555, 0.0 ], [ 80.0933344, 12.7460823, 0.0 ], [ 80.093125499999985, 12.7456666, 0.0 ], [ 80.0930719, 12.7455549, 0.0 ], [ 80.093025899999986, 12.7454245, 0.0 ], [ 80.093021899999982, 12.7453442, 0.0 ], [ 80.09304969999998, 12.7452327, 0.0 ], [ 80.09353, 12.743989, 0.0 ], [ 80.0939905, 12.7424355, 0.0 ], [ 80.0940771, 12.7422872, 0.0 ], [ 80.094435099999984, 12.7417997, 0.0 ], [ 80.0946947, 12.7414461, 0.0 ], [ 80.094861599999987, 12.7412245, 0.0 ], [ 80.0953793, 12.7406643, 0.0 ], [ 80.0953981, 12.7406359, 0.0 ], [ 80.0954424, 12.7405337, 0.0 ], [ 80.0955503, 12.7398745, 0.0 ], [ 80.095563, 12.7397617, 0.0 ], [ 80.0955799, 12.7396108, 0.0 ], [ 80.0955744, 12.739467, 0.0 ], [ 80.09556929999998, 12.7394326, 0.0 ], [ 80.095554899999982, 12.7393347, 0.0 ], [ 80.095470299999988, 12.7389644, 0.0 ], [ 80.0954023, 12.7386661, 0.0 ], [ 80.095344, 12.7384107, 0.0 ], [ 80.0953326, 12.7382445, 0.0 ], [ 80.0953463, 12.7380987, 0.0 ], [ 80.095442899999981, 12.7376523, 0.0 ], [ 80.0955227, 12.73719, 0.0 ], [ 80.095553899999985, 12.7370913, 0.0 ], [ 80.0956639, 12.7370621, 0.0 ], [ 80.0965355, 12.7369272, 0.0 ], [ 80.0964981, 12.7367926, 0.0 ], [ 80.0964768, 12.7366302, 0.0 ], [ 80.0964017, 12.7360621, 0.0 ], [ 80.0963354, 12.7354921, 0.0 ], [ 80.0963233, 12.7353883, 0.0 ], [ 80.096322799999982, 12.7352733, 0.0 ], [ 80.0963162, 12.7338876, 0.0 ], [ 80.0963257, 12.7337987, 0.0 ], [ 80.0963379, 12.7336832, 0.0 ], [ 80.0964862, 12.7331053, 0.0 ], [ 80.0964871, 12.7329883, 0.0 ], [ 80.0964532, 12.7328556, 0.0 ], [ 80.0964021, 12.7326438, 0.0 ], [ 80.096350199999989, 12.732224, 0.0 ], [ 80.096302, 12.7317029, 0.0 ], [ 80.096290899999985, 12.7315732, 0.0 ], [ 80.09622659999998, 12.7308353, 0.0 ], [ 80.0962324, 12.7303845, 0.0 ], [ 80.096251699999982, 12.7299992, 0.0 ], [ 80.0962604, 12.7297901, 0.0 ], [ 80.096282599999981, 12.729511, 0.0 ], [ 80.0962932, 12.729394, 0.0 ], [ 80.0963002, 12.729265, 0.0 ], [ 80.0963258, 12.7285716, 0.0 ], [ 80.0963351, 12.7283438, 0.0 ], [ 80.0963725, 12.7281593, 0.0 ], [ 80.0964355, 12.7279839, 0.0 ], [ 80.0965826, 12.7276605, 0.0 ], [ 80.096634, 12.727574, 0.0 ], [ 80.09669, 12.7274214, 0.0 ], [ 80.0967577, 12.7271093, 0.0 ], [ 80.0968628, 12.7267153, 0.0 ], [ 80.0968722, 12.7266037, 0.0 ], [ 80.0968698, 12.7264739, 0.0 ], [ 80.096851099999981, 12.7263326, 0.0 ], [ 80.096816099999984, 12.726196, 0.0 ], [ 80.0967717, 12.7260616, 0.0 ], [ 80.096746, 12.7260026, 0.0 ], [ 80.0966783, 12.7258635, 0.0 ], [ 80.09662, 12.7256402, 0.0 ], [ 80.0966062, 12.7255371, 0.0 ], [ 80.0965639, 12.7252212, 0.0 ], [ 80.0965663, 12.7251551, 0.0 ], [ 80.0965873, 12.7250936, 0.0 ], [ 80.096631599999981, 12.7250526, 0.0 ], [ 80.096762399999989, 12.7250116, 0.0 ], [ 80.0972691, 12.7249228, 0.0 ], [ 80.097416199999984, 12.7248932, 0.0 ], [ 80.0975656, 12.724834, 0.0 ], [ 80.0981074, 12.7246039, 0.0 ], [ 80.0981914, 12.7245857, 0.0 ], [ 80.0982498, 12.7245834, 0.0 ], [ 80.098350199999985, 12.724629, 0.0 ], [ 80.0984996, 12.7247246, 0.0 ], [ 80.098579, 12.7247542, 0.0 ], [ 80.0986771, 12.7247565, 0.0 ], [ 80.0988896, 12.7247019, 0.0 ], [ 80.0992025, 12.7246062, 0.0 ], [ 80.0993239, 12.7245948, 0.0 ], [ 80.0994407, 12.7245857, 0.0 ], [ 80.0997839, 12.7245925, 0.0 ], [ 80.0999544, 12.724588, 0.0 ], [ 80.1001762, 12.724531, 0.0 ], [ 80.1006268, 12.7243648, 0.0 ], [ 80.1006782, 12.7243306, 0.0 ], [ 80.1006998, 12.7243003, 0.0 ], [ 80.1007086, 12.7242668, 0.0 ], [ 80.1007086, 12.7242076, 0.0 ], [ 80.100589499999984, 12.7236769, 0.0 ], [ 80.100419, 12.7230619, 0.0 ], [ 80.1002649, 12.7224834, 0.0 ], [ 80.10015749999998, 12.7221349, 0.0 ], [ 80.100122499999983, 12.7219778, 0.0 ], [ 80.100094499999983, 12.7216817, 0.0 ], [ 80.100075799999985, 12.7213355, 0.0 ], [ 80.1000524, 12.7210325, 0.0 ], [ 80.100029099999986, 12.7202217, 0.0 ], [ 80.099987, 12.7193926, 0.0 ], [ 80.099994, 12.7192172, 0.0 ], [ 80.1000057, 12.7191375, 0.0 ], [ 80.1000431, 12.7190327, 0.0 ], [ 80.100206499999985, 12.7186911, 0.0 ], [ 80.1002346, 12.7186068, 0.0 ], [ 80.1002416, 12.7185362, 0.0 ], [ 80.1002205, 12.7183471, 0.0 ], [ 80.1000898, 12.717616, 0.0 ], [ 80.0999685, 12.716821, 0.0 ], [ 80.099931, 12.7165751, 0.0 ], [ 80.099868, 12.7163063, 0.0 ], [ 80.0997512, 12.7158211, 0.0 ], [ 80.0995761, 12.715172, 0.0 ], [ 80.0995504, 12.7150649, 0.0 ], [ 80.0994919, 12.7147412, 0.0 ], [ 80.099483691990258, 12.714687617529266, 0.0 ] ] } },
{ "type": "Feature", "properties": { "osm_id": 98357601, "road_name": "Unnamed road", "highway": "tertiary", "ref": "", "length_m": 4555.0, "unmet_length_m": 4555.0, "pct_outside_400m": 100.0, "outside_gcc": true, "need_score": 6832.5, "rank": 14 }, "geometry": { "type": "LineString", "coordinates": [ [ 80.190863399999984, 12.84846, 0.0 ], [ 80.1906658, 12.84801, 0.0 ], [ 80.1897671, 12.8459254, 0.0 ], [ 80.189313, 12.8448686, 0.0 ], [ 80.1892095, 12.8444457, 0.0 ], [ 80.1892434, 12.8441551, 0.0 ], [ 80.189278299999984, 12.8437962, 0.0 ], [ 80.189248799999987, 12.8435353, 0.0 ], [ 80.189114100000012, 12.8426576, 0.0 ], [ 80.188957299999984, 12.841779, 0.0 ], [ 80.188714899999979, 12.8411215, 0.0 ], [ 80.1886386, 12.8409102, 0.0 ], [ 80.1883567, 12.8395469, 0.0 ], [ 80.188333199999988, 12.8394731, 0.0 ], [ 80.18826989999998, 12.839453, 0.0 ], [ 80.1880925, 12.8394515, 0.0 ], [ 80.1879288, 12.8394792, 0.0 ], [ 80.1875829, 12.8395136, 0.0 ], [ 80.187516, 12.8395187, 0.0 ], [ 80.1865677, 12.839592, 0.0 ], [ 80.1863661, 12.8395993, 0.0 ], [ 80.1860173, 12.8396119, 0.0 ], [ 80.1856792, 12.8396241, 0.0 ], [ 80.1852903, 12.8396489, 0.0 ], [ 80.184844400000017, 12.8396796, 0.0 ], [ 80.184725699999987, 12.8396851, 0.0 ], [ 80.184008299999988, 12.8397185, 0.0 ], [ 80.1833555, 12.83974, 0.0 ], [ 80.182626199999987, 12.839771, 0.0 ], [ 80.1819124, 12.8398014, 0.0 ], [ 80.1818718, 12.8395678, 0.0 ], [ 80.1818436, 12.8393351, 0.0 ], [ 80.181831599999981, 12.8387061, 0.0 ], [ 80.1818638, 12.8375476, 0.0 ], [ 80.181865099999982, 12.8369213, 0.0 ], [ 80.1818088, 12.8365094, 0.0 ], [ 80.181747099999981, 12.8358896, 0.0 ], [ 80.181684, 12.8356163, 0.0 ], [ 80.1816255, 12.8353811, 0.0 ], [ 80.1815841, 12.8353411, 0.0 ], [ 80.181525099999988, 12.8352672, 0.0 ], [ 80.181389, 12.834956, 0.0 ], [ 80.181183100000013, 12.8346023, 0.0 ], [ 80.181041, 12.8344323, 0.0 ], [ 80.1808687, 12.8342845, 0.0 ], [ 80.1806628, 12.8340975, 0.0 ], [ 80.1804281, 12.8339472, 0.0 ], [ 80.18025609999998, 12.8339092, 0.0 ], [ 80.1801351, 12.8338824, 0.0 ], [ 80.1797424, 12.8338239, 0.0 ], [ 80.179679099999987, 12.8338144, 0.0 ], [ 80.1792727, 12.8337739, 0.0 ], [ 80.1777533, 12.8337621, 0.0 ], [ 80.1772477, 12.8337772, 0.0 ], [ 80.1771129, 12.8337713, 0.0 ], [ 80.1770753, 12.8337506, 0.0 ], [ 80.177045199999981, 12.833734, 0.0 ], [ 80.177001599999983, 12.8336817, 0.0 ], [ 80.17698009999998, 12.8335601, 0.0 ], [ 80.1769917, 12.8332754, 0.0 ], [ 80.176955299999989, 12.8330299, 0.0 ], [ 80.1769037, 12.8327487, 0.0 ], [ 80.1769027, 12.8327141, 0.0 ], [ 80.176909, 12.8326883, 0.0 ], [ 80.1769349, 12.8326566, 0.0 ], [ 80.176983099999987, 12.8326213, 0.0 ], [ 80.1770052, 12.8326041, 0.0 ], [ 80.177045199999981, 12.8325729, 0.0 ], [ 80.1770958, 12.8325258, 0.0 ], [ 80.1771323, 12.8324415, 0.0 ], [ 80.177135, 12.8323878, 0.0 ], [ 80.177139699999984, 12.8323153, 0.0 ], [ 80.177135, 12.8322126, 0.0 ], [ 80.1771055, 12.8321636, 0.0 ], [ 80.177021, 12.8321191, 0.0 ], [ 80.1768963, 12.8320878, 0.0 ], [ 80.176685699999979, 12.8320603, 0.0 ], [ 80.1764685, 12.8320407, 0.0 ], [ 80.1762744, 12.8320309, 0.0 ], [ 80.176218, 12.8320116, 0.0 ], [ 80.1761859, 12.831988, 0.0 ], [ 80.1761657, 12.8319603, 0.0 ], [ 80.176158799999982, 12.8319224, 0.0 ], [ 80.1761889, 12.8316915, 0.0 ], [ 80.1761976, 12.8315013, 0.0 ], [ 80.1761936, 12.8313607, 0.0 ], [ 80.1761171, 12.831041, 0.0 ], [ 80.176092400000016, 12.8309185, 0.0 ], [ 80.1760761, 12.8308424, 0.0 ], [ 80.1760464, 12.8307047, 0.0 ], [ 80.1757291, 12.8289818, 0.0 ], [ 80.175563699999984, 12.8282952, 0.0 ], [ 80.1755176, 12.82791, 0.0 ], [ 80.1754313, 12.8275164, 0.0 ], [ 80.17535669999998, 12.8271404, 0.0 ], [ 80.1753556, 12.8271334, 0.0 ], [ 80.1753091, 12.8268485, 0.0 ], [ 80.175296599999982, 12.8267533, 0.0 ], [ 80.1752079, 12.8263689, 0.0 ], [ 80.1751408, 12.8259687, 0.0 ], [ 80.1750496, 12.8257726, 0.0 ], [ 80.174884599999984, 12.8256693, 0.0 ], [ 80.1745829, 12.8254901, 0.0 ], [ 80.1701391, 12.8231396, 0.0 ], [ 80.1700378, 12.8230716, 0.0 ] ] } },
{ "type": "Feature", "properties": { "osm_id": 30799571, "road_name": "SH113 - Vengadu - Irumbedu Road", "highway": "tertiary", "ref": "O1037", "length_m": 4439.5, "unmet_length_m": 4439.5, "pct_outside_400m": 100.0, "outside_gcc": true, "need_score": 6659.2, "rank": 15 }, "geometry": { "type": "LineString", "coordinates": [ [ 79.9714745, 12.9606431, 0.0 ], [ 79.9715012, 12.9605993, 0.0 ], [ 79.971517, 12.9605735, 0.0 ], [ 79.9715415, 12.9605021, 0.0 ], [ 79.9715592, 12.9604348, 0.0 ], [ 79.9715678, 12.9603895, 0.0 ], [ 79.971573299999989, 12.9603606, 0.0 ], [ 79.9715812, 12.9602614, 0.0 ], [ 79.971593, 12.9600696, 0.0 ], [ 79.97162059999998, 12.9599889, 0.0 ], [ 79.9716294, 12.9599631, 0.0 ], [ 79.971654799999982, 12.9599018, 0.0 ], [ 79.9717447, 12.9598602, 0.0 ], [ 79.971876, 12.9598574, 0.0 ], [ 79.973486, 12.9600063, 0.0 ], [ 79.9738619, 12.9600411, 0.0 ], [ 79.9741004, 12.96004, 0.0 ], [ 79.974358899999984, 12.9600055, 0.0 ], [ 79.9746263, 12.9598785, 0.0 ], [ 79.975699399999982, 12.9591029, 0.0 ], [ 79.976343499999984, 12.958762, 0.0 ], [ 79.9765437, 12.9586923, 0.0 ], [ 79.9771769, 12.9584719, 0.0 ], [ 79.977517, 12.9583344, 0.0 ], [ 79.9779287, 12.9581679, 0.0 ], [ 79.9782673, 12.957957, 0.0 ], [ 79.9784032, 12.9578306, 0.0 ], [ 79.978488699999986, 12.9576156, 0.0 ], [ 79.978618800000021, 12.9573411, 0.0 ], [ 79.9787785, 12.9570406, 0.0 ], [ 79.9789577, 12.956845, 0.0 ], [ 79.9790923, 12.9566541, 0.0 ], [ 79.9792042, 12.9565374, 0.0 ], [ 79.9793014, 12.9564749, 0.0 ], [ 79.979463100000018, 12.9564406, 0.0 ], [ 79.979711899999984, 12.9564196, 0.0 ], [ 79.9799751, 12.9564264, 0.0 ], [ 79.980217, 12.9564261, 0.0 ], [ 79.9808916, 12.9564523, 0.0 ], [ 79.981299299999989, 12.9564514, 0.0 ], [ 79.9818739, 12.9565186, 0.0 ], [ 79.9829777, 12.9567955, 0.0 ], [ 79.9831285, 12.9568333, 0.0 ], [ 79.9832604, 12.9568343, 0.0 ], [ 79.9835023, 12.9568094, 0.0 ], [ 79.9835921, 12.9567927, 0.0 ], [ 79.98382789999998, 12.956755, 0.0 ], [ 79.9846093, 12.9566195, 0.0 ], [ 79.9847518, 12.9565789, 0.0 ], [ 79.9848073, 12.9565631, 0.0 ], [ 79.9849449, 12.9565325, 0.0 ], [ 79.9851144, 12.9565269, 0.0 ], [ 79.985310899999988, 12.9565703, 0.0 ], [ 79.9855073, 12.956638, 0.0 ], [ 79.9855975, 12.9566909, 0.0 ], [ 79.985700899999983, 12.9567543, 0.0 ], [ 79.985985699999986, 12.9568034, 0.0 ], [ 79.986353, 12.9567818, 0.0 ], [ 79.9867894, 12.9567562, 0.0 ], [ 79.987002899999979, 12.9567402, 0.0 ], [ 79.9875109, 12.956561, 0.0 ], [ 79.9876825, 12.956517, 0.0 ], [ 79.9878058, 12.9565014, 0.0 ], [ 79.988163899999989, 12.9564681, 0.0 ], [ 79.9888329, 12.9563417, 0.0 ], [ 79.9889186, 12.9563205, 0.0 ], [ 79.9896639, 12.9562135, 0.0 ], [ 79.990260699999979, 12.9561596, 0.0 ], [ 79.990498099999982, 12.9561498, 0.0 ], [ 79.9908306, 12.9561273, 0.0 ], [ 79.9912762, 12.9560595, 0.0 ], [ 79.991819899999982, 12.9558739, 0.0 ], [ 79.9927958, 12.9555408, 0.0 ], [ 79.992941099999982, 12.9554912, 0.0 ], [ 79.993928699999984, 12.9551328, 0.0 ], [ 79.9941214, 12.9550099, 0.0 ], [ 79.9945691, 12.954762, 0.0 ], [ 79.995042499999983, 12.9544869, 0.0 ], [ 79.9975828, 12.9532527, 0.0 ], [ 79.99863449999998, 12.9526421, 0.0 ], [ 79.999444399999987, 12.9522037, 0.0 ], [ 79.9995828, 12.9521288, 0.0 ], [ 80.000951, 12.9515658, 0.0 ], [ 80.001120299999982, 12.9514833, 0.0 ], [ 80.001207599999987, 12.9514207, 0.0 ], [ 80.001279, 12.9513666, 0.0 ], [ 80.001466, 12.9510659, 0.0 ], [ 80.0015073, 12.9510301, 0.0 ], [ 80.0015527, 12.9510065, 0.0 ], [ 80.0016512, 12.9509702, 0.0 ], [ 80.0018924, 12.9510047, 0.0 ], [ 80.0024387, 12.9510386, 0.0 ], [ 80.0029178, 12.9510216, 0.0 ], [ 80.0030254, 12.9510016, 0.0 ], [ 80.003067, 12.9509779, 0.0 ], [ 80.003102, 12.9509468, 0.0 ], [ 80.0031591, 12.950861, 0.0 ], [ 80.003212799999986, 12.9506916, 0.0 ], [ 80.0033568, 12.9501937, 0.0 ], [ 80.0034792, 12.9498871, 0.0 ], [ 80.0037146, 12.9494734, 0.0 ], [ 80.003853399999983, 12.9492577, 0.0 ], [ 80.0038649, 12.9491856, 0.0 ], [ 80.0038996, 12.9489699, 0.0 ], [ 80.0039099, 12.9489058, 0.0 ], [ 80.003617, 12.9483268, 0.0 ], [ 80.0035639, 12.9478069, 0.0 ], [ 80.0034225, 12.9474998, 0.0 ], [ 80.00328, 12.9466857, 0.0 ] ] } },
{ "type": "Feature", "properties": { "osm_id": 831630131, "road_name": "Palur - Singaperumal Koil Road", "highway": "tertiary", "ref": "O4771", "length_m": 4406.3, "unmet_length_m": 4406.3, "pct_outside_400m": 100.0, "outside_gcc": true, "need_score": 6609.5, "rank": 16 }, "geometry": { "type": "LineString", "coordinates": [ [ 79.9883118, 12.7678779, 0.0 ], [ 79.9875047, 12.7681047, 0.0 ], [ 79.9871641, 12.7682019, 0.0 ], [ 79.9853367, 12.7686848, 0.0 ], [ 79.985289699999981, 12.7686972, 0.0 ], [ 79.9847248, 12.7688465, 0.0 ], [ 79.9838215, 12.7690812, 0.0 ], [ 79.9812787, 12.769747, 0.0 ], [ 79.9798024, 12.7699479, 0.0 ], [ 79.9786866, 12.769906, 0.0 ], [ 79.9767244, 12.7699509, 0.0 ], [ 79.975099, 12.7697626, 0.0 ], [ 79.9739588, 12.7696804, 0.0 ], [ 79.9738599, 12.7696757, 0.0 ], [ 79.9735736, 12.769662, 0.0 ], [ 79.973287899999988, 12.769596, 0.0 ], [ 79.973028899999989, 12.7695361, 0.0 ], [ 79.9716061, 12.7692072, 0.0 ], [ 79.9715768, 12.7692005, 0.0 ], [ 79.971193099999979, 12.7691118, 0.0 ], [ 79.970729, 12.7690432, 0.0 ], [ 79.968573099999986, 12.7687247, 0.0 ], [ 79.9634681, 12.7679706, 0.0 ], [ 79.9624027, 12.7678347, 0.0 ], [ 79.9623102, 12.767802, 0.0 ], [ 79.9622552, 12.7677536, 0.0 ], [ 79.9621573, 12.7675613, 0.0 ], [ 79.962074199999989, 12.7674488, 0.0 ], [ 79.9619709, 12.7673965, 0.0 ], [ 79.961802599999984, 12.7673785, 0.0 ], [ 79.9612869, 12.7674449, 0.0 ], [ 79.95916579999998, 12.767796, 0.0 ], [ 79.958933299999984, 12.7678896, 0.0 ], [ 79.9584501, 12.7680451, 0.0 ], [ 79.9581653, 12.7680751, 0.0 ], [ 79.9578526, 12.7680672, 0.0 ], [ 79.957525499999988, 12.768059, 0.0 ], [ 79.9569148, 12.7680437, 0.0 ], [ 79.9567178, 12.7680437, 0.0 ], [ 79.9565065, 12.7680563, 0.0 ], [ 79.956084299999986, 12.7680424, 0.0 ], [ 79.9556802, 12.7679488, 0.0 ], [ 79.9549109, 12.7678077, 0.0 ], [ 79.9540673, 12.7677391, 0.0 ], [ 79.9514986, 12.7670369, 0.0 ], [ 79.9507688, 12.7659646, 0.0 ], [ 79.9505702, 12.7658361, 0.0 ], [ 79.950399799999985, 12.7657982, 0.0 ], [ 79.9502434, 12.7658127, 0.0 ] ] } },
{ "type": "Feature", "properties": { "osm_id": 31018576, "road_name": "Kodungaiyur – Vazhudhugaimedu Road", "highway": "secondary", "ref": "MDR610", "length_m": 9048.1, "unmet_length_m": 4491.2, "pct_outside_400m": 49.6, "outside_gcc": true, "need_score": 6313.9, "rank": 17 }, "geometry": { "type": "LineString", "coordinates": [ [ 80.2443314, 13.2064783, 0.0 ], [ 80.2442531, 13.2066446, 0.0 ], [ 80.244054799999986, 13.2080145, 0.0 ], [ 80.2440065, 13.2082952, 0.0 ], [ 80.2439609, 13.2084376, 0.0 ], [ 80.2439113, 13.2085146, 0.0 ], [ 80.2437839, 13.2086112, 0.0 ], [ 80.2436002, 13.2087457, 0.0 ], [ 80.2435014, 13.2088814, 0.0 ], [ 80.243146899999985, 13.209469, 0.0 ], [ 80.242652, 13.2102145, 0.0 ], [ 80.2424414, 13.2105122, 0.0 ], [ 80.2422738, 13.2108556, 0.0 ], [ 80.242130299999985, 13.2112499, 0.0 ], [ 80.241964699999983, 13.2115956, 0.0 ], [ 80.2418303, 13.2122659, 0.0 ], [ 80.24188909999998, 13.2128954, 0.0 ], [ 80.2422838, 13.21395, 0.0 ], [ 80.2426785, 13.2149555, 0.0 ], [ 80.2427792, 13.2153315, 0.0 ], [ 80.2428015, 13.2158263, 0.0 ], [ 80.2428035, 13.2158715, 0.0 ], [ 80.242838, 13.2166395, 0.0 ], [ 80.2430563, 13.2168929, 0.0 ], [ 80.2436441, 13.2168602, 0.0 ], [ 80.2443075, 13.2168684, 0.0 ], [ 80.244361, 13.2169266, 0.0 ], [ 80.2444503, 13.2170237, 0.0 ], [ 80.244429699999984, 13.217456, 0.0 ], [ 80.2444241, 13.2175726, 0.0 ], [ 80.244400299999981, 13.218071, 0.0 ], [ 80.244380299999989, 13.2187328, 0.0 ], [ 80.244362599999988, 13.2193191, 0.0 ], [ 80.2443193, 13.2195188, 0.0 ], [ 80.244233899999983, 13.2199124, 0.0 ], [ 80.2443197, 13.2207563, 0.0 ], [ 80.2445171, 13.2213997, 0.0 ], [ 80.244243199999985, 13.2224827, 0.0 ], [ 80.2441397, 13.2228918, 0.0 ], [ 80.244116299999988, 13.2229844, 0.0 ], [ 80.2440965, 13.2230624, 0.0 ], [ 80.244045, 13.2233967, 0.0 ], [ 80.2442682, 13.2278083, 0.0 ], [ 80.244191, 13.2281676, 0.0 ], [ 80.24361589999998, 13.2285854, 0.0 ], [ 80.242963599999982, 13.2293541, 0.0 ], [ 80.2420709, 13.230106, 0.0 ], [ 80.241847799999988, 13.2302147, 0.0 ], [ 80.240732, 13.2302898, 0.0 ], [ 80.240577499999986, 13.2314429, 0.0 ], [ 80.2401054, 13.2319692, 0.0 ], [ 80.2398479, 13.2320027, 0.0 ], [ 80.2396963, 13.2325011, 0.0 ], [ 80.239281399999982, 13.2324706, 0.0 ], [ 80.238637699999984, 13.232646, 0.0 ], [ 80.2382958, 13.2328735, 0.0 ], [ 80.2381227, 13.2329886, 0.0 ], [ 80.2378395, 13.2330554, 0.0 ], [ 80.237453299999984, 13.2328883, 0.0 ], [ 80.2366999, 13.2329265, 0.0 ], [ 80.236694699999987, 13.2334885, 0.0 ], [ 80.2367494, 13.2341583, 0.0 ], [ 80.2369383, 13.2348852, 0.0 ], [ 80.2370928, 13.2354784, 0.0 ], [ 80.2371099, 13.23608, 0.0 ], [ 80.237273, 13.2364476, 0.0 ], [ 80.2374704, 13.2370074, 0.0 ], [ 80.23747179999998, 13.237068, 0.0 ], [ 80.2374876, 13.237776, 0.0 ], [ 80.237410867161444, 13.238206866617089, 0.0 ] ] } },
{ "type": "Feature", "properties": { "osm_id": 138337684, "road_name": "Akkarapakkam - Thirunilai - Arani Road", "highway": "secondary", "ref": "MDR601", "length_m": 7876.4, "unmet_length_m": 4466.1, "pct_outside_400m": 56.7, "outside_gcc": true, "need_score": 6241.1, "rank": 18 }, "geometry": { "type": "LineString", "coordinates": [ [ 80.098826036388033, 13.296401607651127, 0.0 ], [ 80.0990895, 13.2968919, 0.0 ], [ 80.0992624, 13.2973405, 0.0 ], [ 80.0993681, 13.297864, 0.0 ], [ 80.0993681, 13.2985744, 0.0 ], [ 80.0991664, 13.2998643, 0.0 ], [ 80.0991952, 13.3018646, 0.0 ], [ 80.0989839, 13.3034256, 0.0 ], [ 80.0991122, 13.3038927, 0.0 ], [ 80.0991994, 13.3041994, 0.0 ], [ 80.099218199999981, 13.3043091, 0.0 ], [ 80.0992008, 13.3043848, 0.0 ], [ 80.0991485, 13.3044644, 0.0 ], [ 80.099089399999983, 13.3044892, 0.0 ], [ 80.099003599999989, 13.3045101, 0.0 ], [ 80.097818099999984, 13.3044357, 0.0 ], [ 80.097726899999984, 13.3044344, 0.0 ], [ 80.097679299999982, 13.3044448, 0.0 ], [ 80.09764509999998, 13.3044631, 0.0 ], [ 80.097625, 13.3044895, 0.0 ], [ 80.0976169, 13.3045401, 0.0 ], [ 80.0976053, 13.3051263, 0.0 ], [ 80.0975834, 13.3052161, 0.0 ], [ 80.0975244, 13.3052957, 0.0 ], [ 80.0974412, 13.3053832, 0.0 ], [ 80.0974157, 13.3054302, 0.0 ], [ 80.0973916, 13.3055085, 0.0 ], [ 80.0973936, 13.3060494, 0.0 ], [ 80.0973822, 13.306101, 0.0 ], [ 80.0973634, 13.3061388, 0.0 ], [ 80.0973306, 13.3061649, 0.0 ], [ 80.0972736, 13.3061767, 0.0 ], [ 80.096255699999986, 13.3061225, 0.0 ], [ 80.096214, 13.3061246, 0.0 ], [ 80.0961866, 13.3061359, 0.0 ], [ 80.096156399999984, 13.3061623, 0.0 ], [ 80.0961377, 13.3062165, 0.0 ], [ 80.096130299999984, 13.3062968, 0.0 ], [ 80.096137, 13.3066861, 0.0 ], [ 80.0959255, 13.3075846, 0.0 ], [ 80.095778, 13.3080775, 0.0 ], [ 80.095566399999981, 13.3089136, 0.0 ], [ 80.0954189, 13.3095999, 0.0 ], [ 80.0953099, 13.3098495, 0.0 ], [ 80.095149699999979, 13.3100304, 0.0 ], [ 80.0949124, 13.3103175, 0.0 ], [ 80.094168699999983, 13.311478, 0.0 ], [ 80.094016499999981, 13.3116521, 0.0 ], [ 80.0935852, 13.3121456, 0.0 ], [ 80.0933416, 13.3124451, 0.0 ], [ 80.092300800000018, 13.313078, 0.0 ], [ 80.092170699999983, 13.3131523, 0.0 ], [ 80.0919952, 13.3132125, 0.0 ], [ 80.0912707, 13.3133622, 0.0 ], [ 80.09055, 13.3135386, 0.0 ], [ 80.090425199999984, 13.3135745, 0.0 ], [ 80.0903743, 13.3136065, 0.0 ], [ 80.090347499999979, 13.3136437, 0.0 ], [ 80.0903394, 13.3136816, 0.0 ], [ 80.090350799999982, 13.3138349, 0.0 ], [ 80.0903703, 13.3139171, 0.0 ], [ 80.090424299999981, 13.3141296, 0.0 ], [ 80.090847499999981, 13.315078, 0.0 ], [ 80.090889899999979, 13.3152156, 0.0 ], [ 80.090892399999987, 13.3153588, 0.0 ], [ 80.0908805, 13.315474, 0.0 ], [ 80.090828299999984, 13.3155834, 0.0 ], [ 80.0902961, 13.3163134, 0.0 ], [ 80.089001, 13.3179355, 0.0 ], [ 80.0886227, 13.3183972, 0.0 ], [ 80.08810339999998, 13.31894, 0.0 ], [ 80.087814899999984, 13.3196575, 0.0 ], [ 80.0876089, 13.3204417, 0.0 ], [ 80.0875935, 13.3204815, 0.0 ], [ 80.087563300000014, 13.3205206, 0.0 ], [ 80.087539899999982, 13.3205431, 0.0 ], [ 80.0875033, 13.3205604, 0.0 ], [ 80.087458, 13.3205663, 0.0 ], [ 80.0874071, 13.3205676, 0.0 ], [ 80.087189199999983, 13.3205722, 0.0 ], [ 80.087124099999983, 13.3205931, 0.0 ], [ 80.0870705, 13.3206218, 0.0 ], [ 80.0870356, 13.3206609, 0.0 ], [ 80.087019499999982, 13.3207183, 0.0 ], [ 80.087017499999988, 13.3207855, 0.0 ], [ 80.087040299999984, 13.3209134, 0.0 ], [ 80.0872378, 13.3218786, 0.0 ], [ 80.0872538, 13.3220235, 0.0 ], [ 80.087279399999986, 13.3231965, 0.0 ], [ 80.0873205, 13.3236307, 0.0 ], [ 80.0873564, 13.3239202, 0.0 ], [ 80.0872999, 13.3242196, 0.0 ], [ 80.0870537, 13.3247238, 0.0 ], [ 80.0870537, 13.3249134, 0.0 ], [ 80.0872846, 13.3254525, 0.0 ], [ 80.08730509999998, 13.325707, 0.0 ], [ 80.0873102, 13.3265505, 0.0 ], [ 80.0873256, 13.3275238, 0.0 ], [ 80.087351451622382, 13.328111986988228, 0.0 ] ] } },
{ "type": "Feature", "properties": { "osm_id": 31351535, "road_name": "Peramanur - Thirukatchur Road", "highway": "tertiary", "ref": "O1511", "length_m": 4298.0, "unmet_length_m": 3944.1, "pct_outside_400m": 91.8, "outside_gcc": true, "need_score": 5753.7, "rank": 19 }, "geometry": { "type": "LineString", "coordinates": [ [ 79.997204399999987, 12.7748303, 0.0 ], [ 79.9976313, 12.7747767, 0.0 ], [ 79.9976896, 12.7747701, 0.0 ], [ 79.9977432, 12.7747639, 0.0 ], [ 79.9984574, 12.7746825, 0.0 ], [ 79.9986613, 12.7755928, 0.0 ], [ 79.9987626, 12.7762887, 0.0 ], [ 79.9988222, 12.7767229, 0.0 ], [ 79.9991614, 12.7782086, 0.0 ], [ 79.999338099999989, 12.7792364, 0.0 ], [ 79.9994562, 12.7799231, 0.0 ], [ 79.9996479, 12.7802107, 0.0 ], [ 80.0002628, 12.7809754, 0.0 ], [ 80.0006924, 12.7814175, 0.0 ], [ 80.0007421, 12.7815007, 0.0 ], [ 80.0007917, 12.7815893, 0.0 ], [ 80.00109, 12.7823978, 0.0 ], [ 80.0013939, 12.7833371, 0.0 ], [ 80.0016023, 12.7838876, 0.0 ], [ 80.0020584, 12.7847396, 0.0 ], [ 80.0023765, 12.7852514, 0.0 ], [ 80.00251249999998, 12.7854654, 0.0 ], [ 80.0027352, 12.785765, 0.0 ], [ 80.0027795, 12.785834, 0.0 ], [ 80.002802, 12.7858817, 0.0 ], [ 80.002828399999984, 12.7860085, 0.0 ], [ 80.0028559, 12.7861406, 0.0 ], [ 80.0029121, 12.7864128, 0.0 ], [ 80.002928200000014, 12.7864613, 0.0 ], [ 80.002965, 12.7865172, 0.0 ], [ 80.0030572, 12.7866266, 0.0 ], [ 80.0036505, 12.7871646, 0.0 ], [ 80.00378259999998, 12.7873959, 0.0 ], [ 80.003957699999987, 12.7877166, 0.0 ], [ 80.004054, 12.787868, 0.0 ], [ 80.0041642, 12.7881126, 0.0 ], [ 80.0043279, 12.7884812, 0.0 ], [ 80.0044926, 12.7888522, 0.0 ], [ 80.00456029999998, 12.7891219, 0.0 ], [ 80.004605199999986, 12.7893868, 0.0 ], [ 80.004615099999981, 12.7894816, 0.0 ], [ 80.0046327, 12.7896505, 0.0 ], [ 80.004641, 12.7902167, 0.0 ], [ 80.0048494, 12.7905456, 0.0 ], [ 80.00532939999998, 12.7913479, 0.0 ], [ 80.005522, 12.79172, 0.0 ], [ 80.005672299999986, 12.7919232, 0.0 ], [ 80.005984799999979, 12.7921766, 0.0 ], [ 80.0064239, 12.7926836, 0.0 ], [ 80.006569699999986, 12.7928519, 0.0 ], [ 80.0066502, 12.7929215, 0.0 ], [ 80.006894, 12.7931323, 0.0 ], [ 80.0069648, 12.7937337, 0.0 ], [ 80.007030499999985, 12.7939292, 0.0 ], [ 80.007166799999979, 12.7943292, 0.0 ], [ 80.007312199999987, 12.7949444, 0.0 ], [ 80.00729920000002, 12.7953826, 0.0 ], [ 80.0073098, 12.795442, 0.0 ], [ 80.007523400000011, 12.7957705, 0.0 ], [ 80.0075993, 12.795833, 0.0 ], [ 80.0084218, 12.7965523, 0.0 ], [ 80.008751799999985, 12.7968395, 0.0 ], [ 80.008968199999984, 12.7970278, 0.0 ], [ 80.0091509, 12.7971868, 0.0 ], [ 80.009505799999985, 12.7974304, 0.0 ], [ 80.009636599999979, 12.7975124, 0.0 ], [ 80.009786, 12.7975739, 0.0 ], [ 80.0099472, 12.7976103, 0.0 ], [ 80.0100826, 12.7976035, 0.0 ], [ 80.0101537, 12.7975957, 0.0 ], [ 80.0102694, 12.797583, 0.0 ], [ 80.0110589, 12.7974506, 0.0 ], [ 80.011138, 12.7974373, 0.0 ], [ 80.012546, 12.7971595, 0.0 ], [ 80.0129126, 12.7970798, 0.0 ], [ 80.0133469, 12.7969591, 0.0 ], [ 80.0141058, 12.7966995, 0.0 ], [ 80.015562799999984, 12.7961667, 0.0 ], [ 80.015600099999986, 12.7961533, 0.0 ], [ 80.016649095736213, 12.795776682172399, 0.0 ] ] } },
{ "type": "Feature", "properties": { "osm_id": 829058642, "road_name": "Unnamed road", "highway": "tertiary", "ref": "", "length_m": 4822.4, "unmet_length_m": 4015.1, "pct_outside_400m": 83.3, "outside_gcc": true, "need_score": 5686.6, "rank": 20 }, "geometry": { "type": "LineString", "coordinates": [ [ 80.14590058447159, 12.709504601250178, 0.0 ], [ 80.1460175, 12.7088189, 0.0 ], [ 80.1461236, 12.7081629, 0.0 ], [ 80.1461378, 12.7079937, 0.0 ], [ 80.1461767, 12.7073792, 0.0 ], [ 80.1461806, 12.7073093, 0.0 ], [ 80.1462015, 12.7069338, 0.0 ], [ 80.1461838, 12.7067336, 0.0 ], [ 80.1460847, 12.7060396, 0.0 ], [ 80.1460174, 12.7054284, 0.0 ], [ 80.1459683, 12.7048255, 0.0 ], [ 80.145952599999987, 12.7046918, 0.0 ], [ 80.14594120000001, 12.7046081, 0.0 ], [ 80.145934699999984, 12.7045704, 0.0 ], [ 80.1458417, 12.7046061, 0.0 ], [ 80.1453402, 12.7047583, 0.0 ], [ 80.144871099999989, 12.7049007, 0.0 ], [ 80.1447602, 12.7049067, 0.0 ], [ 80.144680099999988, 12.7048916, 0.0 ], [ 80.144033099999987, 12.7045821, 0.0 ], [ 80.1439325, 12.7045497, 0.0 ], [ 80.1438809, 12.7045278, 0.0 ], [ 80.1438082, 12.7044739, 0.0 ], [ 80.1437743, 12.7044167, 0.0 ], [ 80.1435309, 12.7033227, 0.0 ], [ 80.1433273, 12.7024745, 0.0 ], [ 80.1432785, 12.7022326, 0.0 ], [ 80.1431362, 12.7012609, 0.0 ], [ 80.1431077, 12.700904, 0.0 ], [ 80.1430892, 12.7007526, 0.0 ], [ 80.143103700000012, 12.7005391, 0.0 ], [ 80.143095499999987, 12.6994485, 0.0 ], [ 80.1430834, 12.6992919, 0.0 ], [ 80.143063, 12.6990281, 0.0 ], [ 80.14306, 12.698992, 0.0 ], [ 80.1430168, 12.6984756, 0.0 ], [ 80.1429858, 12.698104, 0.0 ], [ 80.1429807, 12.6980679, 0.0 ], [ 80.14298, 12.6980631, 0.0 ], [ 80.1429277, 12.6976947, 0.0 ], [ 80.1428959, 12.6975937, 0.0 ], [ 80.1427862, 12.6972459, 0.0 ], [ 80.1427435, 12.6971478, 0.0 ], [ 80.1425221, 12.6966392, 0.0 ], [ 80.142457, 12.6964897, 0.0 ], [ 80.14218409999998, 12.6958337, 0.0 ], [ 80.1421066, 12.6956473, 0.0 ], [ 80.142039399999987, 12.6954574, 0.0 ], [ 80.1420288, 12.6952951, 0.0 ], [ 80.1420146, 12.6950224, 0.0 ], [ 80.141975700000017, 12.6948428, 0.0 ], [ 80.141873799999985, 12.6945425, 0.0 ], [ 80.1430223, 12.6944314, 0.0 ], [ 80.143113799999981, 12.6944116, 0.0 ], [ 80.143178899999981, 12.6943898, 0.0 ], [ 80.143286599999982, 12.6943501, 0.0 ], [ 80.1435244, 12.6942966, 0.0 ], [ 80.143559, 12.6942807, 0.0 ], [ 80.1435752, 12.694251, 0.0 ], [ 80.143578, 12.6942026, 0.0 ], [ 80.1434695, 12.6932773, 0.0 ], [ 80.143390299999979, 12.6926308, 0.0 ], [ 80.143372, 12.6923631, 0.0 ], [ 80.143337399999979, 12.6921013, 0.0 ], [ 80.143158499999984, 12.6913973, 0.0 ], [ 80.143162599999982, 12.6913557, 0.0 ], [ 80.143185, 12.691322, 0.0 ], [ 80.1432356, 12.6913038, 0.0 ], [ 80.144109799999981, 12.6911381, 0.0 ], [ 80.144938, 12.6909827, 0.0 ], [ 80.1450619, 12.6909585, 0.0 ], [ 80.145161, 12.6909862, 0.0 ], [ 80.1455609, 12.6911795, 0.0 ], [ 80.14569539999998, 12.6912555, 0.0 ], [ 80.1458476, 12.6912658, 0.0 ], [ 80.1460387, 12.6912451, 0.0 ], [ 80.1469518, 12.6910379, 0.0 ], [ 80.147734, 12.690857, 0.0 ], [ 80.148889, 12.6906562, 0.0 ], [ 80.1497088, 12.6905378, 0.0 ], [ 80.149757, 12.6905211, 0.0 ], [ 80.1497852, 12.6905028, 0.0 ], [ 80.1498171, 12.690477, 0.0 ], [ 80.1498509, 12.6904322, 0.0 ], [ 80.1500353, 12.6899137, 0.0 ], [ 80.1501694, 12.6894977, 0.0 ], [ 80.1503009, 12.6890842, 0.0 ], [ 80.1503646, 12.6888572, 0.0 ], [ 80.1505436, 12.688239, 0.0 ], [ 80.1505738, 12.6881612, 0.0 ], [ 80.1507132, 12.6877733, 0.0 ], [ 80.150801099999981, 12.6875371, 0.0 ], [ 80.150838, 12.687458, 0.0 ], [ 80.1508735, 12.687386, 0.0 ], [ 80.1509479, 12.6872839, 0.0 ], [ 80.1512081, 12.6869536, 0.0 ], [ 80.1514871, 12.6866075, 0.0 ], [ 80.1515474, 12.6865277, 0.0 ], [ 80.15164, 12.6864119, 0.0 ], [ 80.151796899999979, 12.6861856, 0.0 ], [ 80.1518713, 12.6860711, 0.0 ], [ 80.1519202, 12.6859697, 0.0 ], [ 80.1519759, 12.6858604, 0.0 ], [ 80.152043599999985, 12.6856989, 0.0 ], [ 80.152094199999979, 12.6855495, 0.0 ], [ 80.1521114, 12.6854987, 0.0 ], [ 80.1521422, 12.68543, 0.0 ], [ 80.152186499999985, 12.6853508, 0.0 ], [ 80.1522555, 12.6852632, 0.0 ], [ 80.1523796, 12.6851435, 0.0 ], [ 80.1525962, 12.6849413, 0.0 ], [ 80.152741163340039, 12.684814363016608, 0.0 ] ] } },
{ "type": "Feature", "properties": { "osm_id": 564676023, "road_name": "Agaram Colony Road", "highway": "tertiary", "ref": "O1451", "length_m": 4102.1, "unmet_length_m": 3852.3, "pct_outside_400m": 93.9, "outside_gcc": true, "need_score": 5661.2, "rank": 21 }, "geometry": { "type": "LineString", "coordinates": [ [ 80.1832617, 13.2757487, 0.0 ], [ 80.1826946, 13.2756695, 0.0 ], [ 80.18213990000001, 13.2756444, 0.0 ], [ 80.181632799999988, 13.2755665, 0.0 ], [ 80.1810304, 13.2754741, 0.0 ], [ 80.180456599999985, 13.275505, 0.0 ], [ 80.1803651, 13.2754828, 0.0 ], [ 80.180009, 13.2754004, 0.0 ], [ 80.179891, 13.2753704, 0.0 ], [ 80.1797891, 13.2753169, 0.0 ], [ 80.1796885, 13.2752321, 0.0 ], [ 80.1796, 13.2751316, 0.0 ], [ 80.1794192, 13.2749104, 0.0 ], [ 80.179342, 13.2747845, 0.0 ], [ 80.1790056, 13.274503, 0.0 ], [ 80.1788101, 13.2744646, 0.0 ], [ 80.1780736, 13.2746736, 0.0 ], [ 80.1780376, 13.2746838, 0.0 ], [ 80.1773322, 13.274864, 0.0 ], [ 80.1767984, 13.274911, 0.0 ], [ 80.175620899999984, 13.2752216, 0.0 ], [ 80.1744139, 13.2753495, 0.0 ], [ 80.1731667, 13.2754331, 0.0 ], [ 80.172177, 13.2754722, 0.0 ], [ 80.1709056, 13.2755819, 0.0 ], [ 80.1699534, 13.2756602, 0.0 ], [ 80.169879199999983, 13.2756652, 0.0 ], [ 80.1690951, 13.2757176, 0.0 ], [ 80.1688144, 13.2757265, 0.0 ], [ 80.1681027, 13.2757489, 0.0 ], [ 80.167698499999986, 13.2757854, 0.0 ], [ 80.1676682, 13.2757881, 0.0 ], [ 80.166895699999984, 13.2759787, 0.0 ], [ 80.1662654, 13.2761666, 0.0 ], [ 80.1652461, 13.2761666, 0.0 ], [ 80.164699, 13.2761745, 0.0 ], [ 80.1646239, 13.2761431, 0.0 ], [ 80.164243, 13.2758116, 0.0 ], [ 80.1641141, 13.2756425, 0.0 ], [ 80.1639962, 13.2754879, 0.0 ], [ 80.1639782, 13.2754309, 0.0 ], [ 80.1639104, 13.2752164, 0.0 ], [ 80.1638592, 13.2748466, 0.0 ], [ 80.1638319, 13.2746495, 0.0 ], [ 80.1637441, 13.2740156, 0.0 ], [ 80.163698399999987, 13.2736666, 0.0 ], [ 80.1635992, 13.2729087, 0.0 ], [ 80.1635241, 13.2722038, 0.0 ], [ 80.1635133, 13.2721536, 0.0 ], [ 80.163411499999981, 13.2716817, 0.0 ], [ 80.1631969, 13.2710761, 0.0 ], [ 80.162794600000012, 13.2702354, 0.0 ], [ 80.1627868, 13.2702174, 0.0 ], [ 80.1625156, 13.269588, 0.0 ], [ 80.1621669, 13.268904, 0.0 ], [ 80.162022099999987, 13.2685438, 0.0 ], [ 80.1616788, 13.2679329, 0.0 ], [ 80.1612067, 13.2672959, 0.0 ], [ 80.160995, 13.2670606, 0.0 ], [ 80.1608563, 13.2668761, 0.0 ], [ 80.1605438, 13.2664642, 0.0 ], [ 80.1603009, 13.2664824, 0.0 ], [ 80.1601123, 13.2665006, 0.0 ], [ 80.1587417, 13.2666415, 0.0 ], [ 80.158549400000012, 13.2666222, 0.0 ], [ 80.1578377, 13.2665987, 0.0 ], [ 80.1577725, 13.2665813, 0.0 ], [ 80.157093299999985, 13.2664001, 0.0 ], [ 80.1562777, 13.2661825, 0.0 ], [ 80.156257835707763, 13.266179683714064, 0.0 ] ] } },
{ "type": "Feature", "properties": { "osm_id": 31351527, "road_name": "Unnamed road", "highway": "tertiary", "ref": "", "length_m": 3735.0, "unmet_length_m": 3735.0, "pct_outside_400m": 100.0, "outside_gcc": true, "need_score": 5602.5, "rank": 22 }, "geometry": { "type": "LineString", "coordinates": [ [ 79.979351899999983, 12.7995534, 0.0 ], [ 79.9799366, 12.7994836, 0.0 ], [ 79.980421199999981, 12.7994257, 0.0 ], [ 79.9809371, 12.7993641, 0.0 ], [ 79.9815267, 12.7992948, 0.0 ], [ 79.9816381, 12.7992785, 0.0 ], [ 79.9821008, 12.799211, 0.0 ], [ 79.9824001, 12.7991673, 0.0 ], [ 79.9826316, 12.7991304, 0.0 ], [ 79.9827972, 12.799104, 0.0 ], [ 79.98319859999998, 12.7990487, 0.0 ], [ 79.9837013, 12.7989582, 0.0 ], [ 79.9838494, 12.7989177, 0.0 ], [ 79.9838801, 12.7989093, 0.0 ], [ 79.985855, 12.7982704, 0.0 ], [ 79.9877377, 12.7977787, 0.0 ], [ 79.988297799999984, 12.7976325, 0.0 ], [ 79.988595499999988, 12.7976022, 0.0 ], [ 79.9887622, 12.797626, 0.0 ], [ 79.9889838, 12.7976934, 0.0 ], [ 79.989093, 12.7976791, 0.0 ], [ 79.9892297, 12.797626, 0.0 ], [ 79.989402499999983, 12.7975388, 0.0 ], [ 79.98964359999998, 12.7974523, 0.0 ], [ 79.989987899999988, 12.7973881, 0.0 ], [ 79.9915588, 12.7972327, 0.0 ], [ 79.9916268, 12.7972308, 0.0 ], [ 79.9916431, 12.7972303, 0.0 ], [ 79.9922179, 12.7972134, 0.0 ], [ 79.9927291, 12.7972146, 0.0 ], [ 79.992933, 12.797246, 0.0 ], [ 79.9931248, 12.7973393, 0.0 ], [ 79.994892399999983, 12.7983479, 0.0 ], [ 79.995527899999985, 12.798666, 0.0 ], [ 79.995572699999983, 12.7986884, 0.0 ], [ 79.9956352, 12.7987213, 0.0 ], [ 79.9958334, 12.7987713, 0.0 ], [ 79.9967409, 12.79889, 0.0 ], [ 79.9968757, 12.7989076, 0.0 ], [ 79.9972651, 12.7989749, 0.0 ], [ 79.9973871, 12.799006, 0.0 ], [ 79.9977072, 12.7991027, 0.0 ], [ 79.9977871, 12.7991268, 0.0 ], [ 79.9980189, 12.7991716, 0.0 ], [ 79.9983109, 12.7992062, 0.0 ], [ 79.9988028, 12.799251, 0.0 ], [ 79.999337, 12.7993337, 0.0 ], [ 79.999393900000015, 12.7993425, 0.0 ], [ 80.000115899999983, 12.7994616, 0.0 ], [ 80.000378199999986, 12.7994989, 0.0 ], [ 80.0005457, 12.7995228, 0.0 ], [ 80.0016183, 12.7996755, 0.0 ], [ 80.001683699999987, 12.7996808, 0.0 ], [ 80.002481799999984, 12.7997446, 0.0 ], [ 80.002598599999985, 12.7997256, 0.0 ], [ 80.0026407, 12.7997139, 0.0 ], [ 80.0027915, 12.7996721, 0.0 ], [ 80.0029614, 12.7996427, 0.0 ], [ 80.003102899999988, 12.7996255, 0.0 ], [ 80.003391, 12.7996381, 0.0 ], [ 80.003692199999989, 12.7996514, 0.0 ], [ 80.0039702, 12.7996589, 0.0 ], [ 80.0040745, 12.7996617, 0.0 ], [ 80.0044832, 12.7996583, 0.0 ], [ 80.004535499999989, 12.7996545, 0.0 ], [ 80.0048425, 12.7996324, 0.0 ], [ 80.0052813, 12.7995939, 0.0 ], [ 80.005373299999988, 12.7995858, 0.0 ], [ 80.0054441, 12.7995858, 0.0 ], [ 80.005541500000021, 12.7995979, 0.0 ], [ 80.0060546, 12.7997377, 0.0 ], [ 80.006240399999982, 12.7997877, 0.0 ], [ 80.0063767, 12.799817, 0.0 ], [ 80.0065183, 12.7998567, 0.0 ], [ 80.007112899999981, 12.7998843, 0.0 ], [ 80.0074845, 12.7998602, 0.0 ], [ 80.0079233, 12.7997773, 0.0 ], [ 80.0082889, 12.7997085, 0.0 ], [ 80.0097685, 12.7994298, 0.0 ], [ 80.0101445, 12.7993585, 0.0 ], [ 80.0101933, 12.7993287, 0.0 ], [ 80.010213599999986, 12.7992772, 0.0 ], [ 80.010219699999979, 12.7992356, 0.0 ], [ 80.0101702, 12.7988996, 0.0 ], [ 80.0100943, 12.7985014, 0.0 ], [ 80.0099839, 12.7979216, 0.0 ], [ 80.0099697, 12.7977489, 0.0 ], [ 80.0099472, 12.7976103, 0.0 ] ] } },
{ "type": "Feature", "properties": { "osm_id": 1075752806, "road_name": "ORR Service Road", "highway": "primary", "ref": "", "length_m": 5231.1, "unmet_length_m": 4021.8, "pct_outside_400m": 76.9, "outside_gcc": true, "need_score": 5567.9, "rank": 23 }, "geometry": { "type": "LineString", "coordinates": [ [ 80.059879565261667, 13.086682202884823, 0.000000000000149 ], [ 80.0601458, 13.0864044, 0.000000000000149 ], [ 80.060485, 13.0860455, 0.000000000000149 ], [ 80.061347399999988, 13.0851329, 0.000000000000149 ], [ 80.0619759, 13.0844679, 0.000000000000149 ], [ 80.0624606, 13.08394, 0.000000000000149 ], [ 80.0627909, 13.0835669, 0.000000000000149 ], [ 80.0632763, 13.0829897, 0.000000000000149 ], [ 80.063603599999979, 13.0825999, 0.000000000000149 ], [ 80.064109299999984, 13.081981, 0.000000000000149 ], [ 80.0641209, 13.0819667, 0.000000000000149 ], [ 80.0644148, 13.0815984, 0.000000000000149 ], [ 80.064791, 13.0811152, 0.000000000000149 ], [ 80.064928199999983, 13.0809295, 0.000000000000149 ], [ 80.0654038, 13.0802854, 0.000000000000149 ], [ 80.065935, 13.0795506, 0.000000000000149 ], [ 80.066390899999988, 13.0789051, 0.000000000000149 ], [ 80.066533599999985, 13.0787343, 0.000000000000149 ], [ 80.066668599999986, 13.0785893, 0.000000000000149 ], [ 80.066802, 13.0784669, 0.000000000000149 ], [ 80.0670065, 13.0782838, 0.000000000000149 ], [ 80.0670594, 13.0782262, 0.000000000000149 ], [ 80.0671038, 13.078165, 0.000000000000149 ], [ 80.0671222, 13.0781003, 0.000000000000149 ], [ 80.0671273, 13.07806, 0.000000000000149 ], [ 80.0671284, 13.0780511, 0.000000000000149 ], [ 80.0671269, 13.0779998, 0.000000000000149 ], [ 80.067166, 13.0779309, 0.000000000000149 ], [ 80.0671967, 13.0778649, 0.000000000000149 ], [ 80.0672238, 13.0777762, 0.000000000000149 ], [ 80.0672344, 13.0777409, 0.000000000000149 ], [ 80.0672521, 13.0776821, 0.000000000000149 ], [ 80.067284099999981, 13.0775741, 0.000000000000149 ], [ 80.067330899999988, 13.0774662, 0.000000000000149 ], [ 80.067401099999984, 13.0773439, 0.000000000000149 ], [ 80.067565, 13.0770832, 0.000000000000149 ], [ 80.0679513, 13.0764575, 0.000000000000149 ], [ 80.0684537, 13.0756439, 0.000000000000149 ], [ 80.0687456, 13.0751703, 0.000000000000149 ], [ 80.0691579, 13.0745115, 0.000000000000149 ], [ 80.069537499999981, 13.073905, 0.000000000000149 ], [ 80.0699524, 13.0732407, 0.000000000000149 ], [ 80.0706138, 13.0721817, 0.000000000000149 ], [ 80.0710424, 13.0714953, 0.000000000000149 ], [ 80.0714135, 13.070898, 0.000000000000149 ], [ 80.0716779, 13.0704724, 0.000000000000149 ], [ 80.0719741, 13.0699956, 0.000000000000149 ], [ 80.073032899999987, 13.0683431, 0.000000000000149 ], [ 80.0745904, 13.0658807, 0.000000000000149 ], [ 80.0750995, 13.0650657, 0.000000000000149 ], [ 80.0752624, 13.0648085, 0.000000000000149 ], [ 80.0757148, 13.0640866, 0.000000000000149 ], [ 80.0757944, 13.0639596, 0.000000000000149 ], [ 80.0758571, 13.0638597, 0.000000000000149 ], [ 80.076085, 13.0635065, 0.000000000000149 ], [ 80.076665, 13.062595, 0.000000000000149 ], [ 80.077229399999979, 13.0617117, 0.000000000000149 ], [ 80.0775084, 13.0612953, 0.000000000000149 ], [ 80.0785423, 13.0596334, 0.000000000000149 ], [ 80.0787444, 13.0593263, 0.000000000000149 ], [ 80.0797538, 13.0578591, 0.000000000000149 ], [ 80.07995037402145, 13.05757325433011, 0.000000000000149 ] ] } },
{ "type": "Feature", "properties": { "osm_id": 96789535, "road_name": "Athur - Vadapathi Road", "highway": "tertiary", "ref": "S22", "length_m": 3701.0, "unmet_length_m": 3701.0, "pct_outside_400m": 100.0, "outside_gcc": true, "need_score": 5551.5, "rank": 24 }, "geometry": { "type": "LineString", "coordinates": [ [ 79.9501196, 12.74529, 0.0 ], [ 79.9500726, 12.7449446, 0.0 ], [ 79.9500243, 12.744598, 0.0 ], [ 79.949968, 12.7441127, 0.0 ], [ 79.9499613, 12.74394, 0.0 ], [ 79.950001499999985, 12.7437962, 0.0 ], [ 79.9501048, 12.7436366, 0.0 ], [ 79.9503851, 12.7432978, 0.0 ], [ 79.9504843, 12.7430924, 0.0 ], [ 79.9505608, 12.742857, 0.0 ], [ 79.950572799999989, 12.7425823, 0.0 ], [ 79.95055, 12.7423913, 0.0 ], [ 79.9504999, 12.7422311, 0.0 ], [ 79.950472299999987, 12.7421428, 0.0 ], [ 79.9504227, 12.7419065, 0.0 ], [ 79.950359599999985, 12.7416064, 0.0 ], [ 79.95030730000002, 12.7413173, 0.0 ], [ 79.9502535, 12.7408908, 0.0 ], [ 79.9502255, 12.7403507, 0.0 ], [ 79.95022059999998, 12.7403002, 0.0 ], [ 79.9501822, 12.7399078, 0.0 ], [ 79.9501303, 12.7393778, 0.0 ], [ 79.9501151, 12.7389096, 0.0 ], [ 79.9500768, 12.7386473, 0.0 ], [ 79.95006429999998, 12.738562, 0.0 ], [ 79.9499629, 12.7377881, 0.0 ], [ 79.9499312, 12.7375949, 0.0 ], [ 79.949826099999981, 12.7368692, 0.0 ], [ 79.949763299999987, 12.736702, 0.0 ], [ 79.9501029, 12.7366178, 0.0 ], [ 79.9505809, 12.7365029, 0.0 ], [ 79.9514078, 12.7362597, 0.0 ], [ 79.9516422, 12.7361962, 0.0 ], [ 79.951753199999985, 12.736168, 0.0 ], [ 79.951914099999982, 12.7361249, 0.0 ], [ 79.9521662, 12.7360412, 0.0 ], [ 79.9528475, 12.7358005, 0.0 ], [ 79.9531909, 12.7357429, 0.0 ], [ 79.9534752, 12.7357796, 0.0 ], [ 79.954424799999984, 12.7359614, 0.0 ], [ 79.9549841, 12.736019, 0.0 ], [ 79.9554558, 12.7359803, 0.0 ], [ 79.9558585, 12.7359104, 0.0 ], [ 79.956009, 12.7358691, 0.0 ], [ 79.9561243, 12.735822, 0.0 ], [ 79.9561968, 12.735775, 0.0 ], [ 79.9562282, 12.7357268, 0.0 ], [ 79.95632209999998, 12.7355486, 0.0 ], [ 79.9565113, 12.7352413, 0.0 ], [ 79.9565944, 12.7351235, 0.0 ], [ 79.9566575, 12.7349731, 0.0 ], [ 79.9566749, 12.7348881, 0.0 ], [ 79.9566883, 12.7347389, 0.0 ], [ 79.956692099999984, 12.7334512, 0.0 ], [ 79.9566924, 12.733357, 0.0 ], [ 79.9566936, 12.7329442, 0.0 ], [ 79.9566078, 12.7318349, 0.0 ], [ 79.9565273, 12.7313744, 0.0 ], [ 79.956468299999983, 12.7311534, 0.0 ], [ 79.9562096, 12.7305111, 0.0 ], [ 79.9561438, 12.7303744, 0.0 ], [ 79.9560258, 12.7302808, 0.0 ], [ 79.955883, 12.7302285, 0.0 ], [ 79.955443399999979, 12.7301905, 0.0 ], [ 79.955202299999982, 12.7301696, 0.0 ], [ 79.9548691, 12.7301671, 0.0 ], [ 79.9548043, 12.7301706, 0.0 ], [ 79.954722899999979, 12.7301749, 0.0 ], [ 79.9546042, 12.7301932, 0.0 ], [ 79.9543226, 12.730341, 0.0 ], [ 79.9540678, 12.7305163, 0.0 ], [ 79.953387100000015, 12.7309925, 0.0 ], [ 79.9531352, 12.731154, 0.0 ], [ 79.952888299999984, 12.7313092, 0.0 ], [ 79.952175399999987, 12.731713, 0.0 ], [ 79.9520431, 12.7317842, 0.0 ], [ 79.951890399999982, 12.7318623, 0.0 ], [ 79.9518388, 12.7318759, 0.0 ], [ 79.9517639, 12.7318706, 0.0 ], [ 79.9516088, 12.7318147, 0.0 ], [ 79.9514208, 12.731735, 0.0 ], [ 79.951343, 12.7317004, 0.0 ], [ 79.9512856, 12.7316826, 0.0 ], [ 79.9512246, 12.7316864, 0.0 ], [ 79.951207199999985, 12.7317146, 0.0 ], [ 79.951162899999986, 12.731776, 0.0 ], [ 79.9511241, 12.7318401, 0.0 ], [ 79.9509966, 12.7321161, 0.0 ], [ 79.9508411, 12.7323725, 0.0 ], [ 79.9507324, 12.7324497, 0.0 ], [ 79.950508499999984, 12.7325007, 0.0 ], [ 79.950277, 12.7325537, 0.0 ], [ 79.9498621, 12.732625, 0.0 ], [ 79.949360699999986, 12.7327606, 0.0 ], [ 79.9489675, 12.732867, 0.0 ], [ 79.9483386, 12.7330658, 0.0 ], [ 79.948071699999986, 12.7331561, 0.0 ], [ 79.9480328, 12.7331666, 0.0 ], [ 79.947955, 12.7331888, 0.0 ], [ 79.9478467, 12.7332076, 0.0 ], [ 79.9477628, 12.7328301, 0.0 ], [ 79.9477579, 12.7326355, 0.0 ], [ 79.9476881, 12.7318807, 0.0 ], [ 79.9476251, 12.7314961, 0.0 ], [ 79.9475741, 12.731088, 0.0 ], [ 79.9475681, 12.7309709, 0.0 ], [ 79.9475648, 12.7309078, 0.0 ] ] } },
{ "type": "Feature", "properties": { "osm_id": 26188838, "road_name": "Nellikuppam Road", "highway": "secondary", "ref": "MDR598", "length_m": 12335.4, "unmet_length_m": 4209.1, "pct_outside_400m": 34.1, "outside_gcc": true, "need_score": 5421.3, "rank": 25 }, "geometry": { "type": "LineString", "coordinates": [ [ 80.111034653476821, 12.714151899820367, 0.0 ], [ 80.111078899999981, 12.7144309, 0.0 ], [ 80.1112211, 12.7151243, 0.0 ], [ 80.111272, 12.7153362, 0.0 ], [ 80.1113391, 12.7155298, 0.0 ], [ 80.1113981, 12.7156581, 0.0 ], [ 80.111583199999984, 12.7159109, 0.0 ], [ 80.1122224, 12.7167163, 0.0 ], [ 80.1129183, 12.7175864, 0.0 ], [ 80.112993, 12.7176957, 0.0 ], [ 80.113077, 12.7178529, 0.0 ], [ 80.11322819999998, 12.7182904, 0.0 ], [ 80.1133797, 12.7187007, 0.0 ], [ 80.11353, 12.7191079, 0.0 ], [ 80.113558399999988, 12.7192152, 0.0 ], [ 80.1135964, 12.7193833, 0.0 ], [ 80.113625899999988, 12.7197074, 0.0 ], [ 80.113635099999982, 12.7198077, 0.0 ], [ 80.1137048, 12.7203453, 0.0 ], [ 80.11376, 12.720976, 0.0 ], [ 80.113769199999979, 12.7210792, 0.0 ], [ 80.1137846, 12.7213677, 0.0 ], [ 80.1138022, 12.7214982, 0.0 ], [ 80.1138255, 12.7216705, 0.0 ], [ 80.113850499999984, 12.721873, 0.0 ], [ 80.113857699999983, 12.7219309, 0.0 ], [ 80.113873199999986, 12.7219678, 0.0 ], [ 80.1139019, 12.7220362, 0.0 ], [ 80.113955799999985, 12.7221022, 0.0 ], [ 80.114234499999981, 12.7222649, 0.0 ], [ 80.114332399999981, 12.722322, 0.0 ], [ 80.1144354, 12.7223843, 0.0 ], [ 80.1145007, 12.7224651, 0.0 ], [ 80.1145201, 12.7225221, 0.0 ], [ 80.114533599999987, 12.7225863, 0.0 ], [ 80.1145882, 12.723266, 0.0 ], [ 80.114630599999984, 12.7237932, 0.0 ], [ 80.1146953, 12.7241719, 0.0 ], [ 80.1146984, 12.7243612, 0.0 ], [ 80.1146738, 12.7247519, 0.0 ], [ 80.114639900000014, 12.7253139, 0.0 ], [ 80.114488899999984, 12.7287671, 0.0 ], [ 80.1144519, 12.7289444, 0.0 ], [ 80.114414899999986, 12.7290827, 0.0 ], [ 80.1140374, 12.7300088, 0.0 ], [ 80.1137824, 12.7305735, 0.0 ], [ 80.1130742, 12.7321413, 0.0 ], [ 80.112631899999982, 12.7331064, 0.0 ], [ 80.1125126, 12.7333576, 0.0 ], [ 80.112458899999979, 12.7334753, 0.0 ], [ 80.1123932, 12.7336375, 0.0 ], [ 80.1123744, 12.7337605, 0.0 ], [ 80.112480599999984, 12.7348527, 0.0 ], [ 80.1125649, 12.7357383, 0.0 ], [ 80.1124924, 12.7358639, 0.0 ], [ 80.1123074, 12.736013, 0.0 ], [ 80.1118407, 12.7363061, 0.0 ], [ 80.111028, 12.7368738, 0.0 ], [ 80.1108322, 12.7370961, 0.0 ], [ 80.110631, 12.738454, 0.0 ], [ 80.1106095, 12.7389667, 0.0 ], [ 80.1106742, 12.7393575, 0.0 ], [ 80.110686, 12.7394285, 0.0 ], [ 80.1106833, 12.7395541, 0.0 ], [ 80.1105823, 12.7400896, 0.0 ], [ 80.1105441, 12.7403338, 0.0 ], [ 80.1104959, 12.7406409, 0.0 ], [ 80.1104647, 12.7408399, 0.0 ], [ 80.11039959999998, 12.7412519, 0.0 ], [ 80.1103955, 12.7412779, 0.0 ], [ 80.1103274, 12.7417088, 0.0 ], [ 80.110266599999989, 12.7420937, 0.0 ], [ 80.1102076, 12.7424668, 0.0 ], [ 80.110196799999983, 12.742535, 0.0 ], [ 80.1101166, 12.7430427, 0.0 ], [ 80.1098658, 12.7446298, 0.0 ], [ 80.1098188, 12.7452025, 0.0 ], [ 80.10981289999998, 12.7457504, 0.0 ], [ 80.10978, 12.7462894, 0.0 ], [ 80.1094058, 12.747219, 0.0 ], [ 80.1087213, 12.7477674, 0.0 ], [ 80.1083339, 12.7478888, 0.0 ], [ 80.108210591958567, 12.747888175339202, 0.0 ] ] } },
{ "type": "Feature", "properties": { "osm_id": 828812498, "road_name": "Kottamedu - Manamathy Road", "highway": "tertiary", "ref": "O3142", "length_m": 3599.3, "unmet_length_m": 3599.3, "pct_outside_400m": 100.0, "outside_gcc": true, "need_score": 5399.0, "rank": 26 }, "geometry": { "type": "LineString", "coordinates": [ [ 80.1158962, 12.6715466, 0.0 ], [ 80.115594, 12.6729008, 0.0 ], [ 80.1150655, 12.6772943, 0.0 ], [ 80.1149168, 12.6791586, 0.0 ], [ 80.114766599999982, 12.6802211, 0.0 ], [ 80.114707599999988, 12.680802, 0.0 ], [ 80.1146372, 12.6820014, 0.0 ], [ 80.1145091, 12.6832149, 0.0 ], [ 80.114232099999981, 12.6863419, 0.0 ], [ 80.1137254, 12.6918946, 0.0 ], [ 80.113343199999989, 12.6952782, 0.0 ], [ 80.112939699999984, 12.6981025, 0.0 ], [ 80.1123705, 12.7020356, 0.0 ], [ 80.1122714, 12.7028756, 0.0 ] ] } },
{ "type": "Feature", "properties": { "osm_id": 138337647, "road_name": "Unnamed road", "highway": "tertiary", "ref": "", "length_m": 3598.5, "unmet_length_m": 3598.5, "pct_outside_400m": 100.0, "outside_gcc": true, "need_score": 5397.8, "rank": 27 }, "geometry": { "type": "LineString", "coordinates": [ [ 80.125953399999986, 13.2583403, 0.0 ], [ 80.125955099999985, 13.2579017, 0.0 ], [ 80.1257972, 13.2572659, 0.0 ], [ 80.1258516, 13.2566181, 0.0 ], [ 80.1261164, 13.2563405, 0.0 ], [ 80.1268499, 13.2563206, 0.0 ], [ 80.127427199999985, 13.2563867, 0.0 ], [ 80.1277329, 13.2564991, 0.0 ], [ 80.1281539, 13.2561421, 0.0 ], [ 80.128357699999981, 13.2554943, 0.0 ], [ 80.1283305, 13.2549456, 0.0 ], [ 80.1278755, 13.2536962, 0.0 ], [ 80.127373399999982, 13.2524373, 0.0 ], [ 80.126541, 13.2511351, 0.0 ], [ 80.1257878, 13.2507204, 0.0 ], [ 80.1214077, 13.2509615, 0.0 ], [ 80.1190492, 13.2511544, 0.0 ], [ 80.118375299999983, 13.2513474, 0.0 ], [ 80.117671699999988, 13.2516946, 0.0 ], [ 80.1171564, 13.2518875, 0.0 ], [ 80.1160862, 13.2519647, 0.0 ], [ 80.1155511, 13.2519068, 0.0 ], [ 80.1155114, 13.2503924, 0.0 ], [ 80.1154916, 13.2494375, 0.0 ], [ 80.115095200000013, 13.2473346, 0.0 ], [ 80.1146096, 13.2451643, 0.0 ], [ 80.114711299999982, 13.2449536, 0.0 ], [ 80.114543199999986, 13.2445375, 0.0 ], [ 80.114417, 13.2442033, 0.0 ], [ 80.1142979, 13.2428255, 0.0 ], [ 80.11424839999998, 13.242142, 0.0 ], [ 80.1141958, 13.2412848, 0.0 ] ] } },
{ "type": "Feature", "properties": { "osm_id": 1075657699, "road_name": "ORR Service Road", "highway": "primary", "ref": "", "length_m": 7046.8, "unmet_length_m": 3809.6, "pct_outside_400m": 54.1, "outside_gcc": true, "need_score": 5368.6, "rank": 28 }, "geometry": { "type": "LineString", "coordinates": [ [ 80.087885521269271, 13.177713554527376, 0.000000000000126 ], [ 80.088164599999985, 13.1777703, 0.000000000000126 ], [ 80.0884974, 13.177837, 0.000000000000126 ], [ 80.088832599999989, 13.1778942, 0.000000000000126 ], [ 80.090154100000021, 13.178108, 0.000000000000126 ], [ 80.0917695, 13.1783323, 0.000000000000126 ], [ 80.093323199999986, 13.1785376, 0.000000000000126 ], [ 80.0944956, 13.1787028, 0.000000000000126 ], [ 80.096439, 13.1789848, 0.000000000000126 ], [ 80.097023899999982, 13.1790697, 0.000000000000126 ], [ 80.0979496, 13.1792087, 0.000000000000126 ], [ 80.098150499999988, 13.1792389, 0.000000000000126 ], [ 80.0986579, 13.1793093, 0.000000000000126 ], [ 80.099103299999982, 13.1793634, 0.000000000000126 ], [ 80.0996814, 13.1794294, 0.000000000000126 ], [ 80.102193799999981, 13.1797393, 0.000000000000126 ], [ 80.102794499999987, 13.1798113, 0.000000000000126 ], [ 80.1031944, 13.1798594, 0.000000000000126 ], [ 80.1035419, 13.1799202, 0.000000000000126 ], [ 80.1041471, 13.1800297, 0.000000000000126 ], [ 80.1048496, 13.180164, 0.000000000000126 ], [ 80.1054067, 13.1802677, 0.000000000000126 ], [ 80.1063174, 13.1804125, 0.000000000000126 ], [ 80.1071528, 13.1805343, 0.000000000000126 ], [ 80.1075782, 13.1805964, 0.000000000000126 ], [ 80.1125313, 13.1812997, 0.000000000000126 ], [ 80.1138848, 13.1815039, 0.000000000000126 ], [ 80.114570400000019, 13.1816005, 0.000000000000126 ], [ 80.1148834, 13.1816416, 0.000000000000126 ], [ 80.1150237, 13.181657, 0.000000000000126 ], [ 80.1154827, 13.1817075, 0.000000000000126 ], [ 80.115670399999985, 13.1817241, 0.000000000000126 ], [ 80.116006899999988, 13.1817539, 0.000000000000126 ], [ 80.116481899999982, 13.1817799, 0.000000000000126 ], [ 80.1169813, 13.1817928, 0.000000000000126 ], [ 80.1175192, 13.1817893, 0.000000000000126 ], [ 80.117765599999984, 13.1817828, 0.000000000000126 ], [ 80.1179574, 13.1817818, 0.000000000000126 ], [ 80.118034699999981, 13.1817839, 0.000000000000126 ], [ 80.118115, 13.1817861, 0.000000000000126 ], [ 80.1182327, 13.1817915, 0.000000000000126 ], [ 80.1183503, 13.1817947, 0.000000000000126 ], [ 80.11837, 13.1817942, 0.000000000000126 ], [ 80.118428, 13.1817926, 0.000000000000126 ], [ 80.1193085, 13.1817224, 0.000000000000126 ], [ 80.1196132, 13.1816742, 0.000000000000126 ], [ 80.1205935, 13.1815003, 0.000000000000126 ], [ 80.1215925, 13.1813644, 0.000000000000126 ], [ 80.121761516283883, 13.181341478692092, 0.000000000000126 ] ] } },
{ "type": "Feature", "properties": { "osm_id": 26189107, "road_name": "Kayarambedu - Kalivanthapattu Road", "highway": "tertiary", "ref": "O2265", "length_m": 8548.1, "unmet_length_m": 3700.9, "pct_outside_400m": 43.3, "outside_gcc": true, "need_score": 5189.1, "rank": 29 }, "geometry": { "type": "LineString", "coordinates": [ [ 80.0755384, 12.8015049, 0.0 ], [ 80.0755037, 12.8012933, 0.0 ], [ 80.075505699999979, 12.801266, 0.0 ], [ 80.0755097, 12.8012249, 0.0 ], [ 80.0755532, 12.8007834, 0.0 ], [ 80.075561799999988, 12.8006964, 0.0 ], [ 80.0756004, 12.8003038, 0.0 ], [ 80.0756046, 12.8002606, 0.0 ], [ 80.0756094, 12.8002121, 0.0 ], [ 80.075632399999989, 12.7997654, 0.0 ], [ 80.0756379, 12.799659, 0.0 ], [ 80.075650899999985, 12.7994064, 0.0 ], [ 80.075670699999989, 12.799157, 0.0 ], [ 80.07568879999998, 12.798904, 0.0 ], [ 80.0757301, 12.7983289, 0.0 ], [ 80.0757891, 12.7980568, 0.0 ], [ 80.075864199999984, 12.7978633, 0.0 ], [ 80.076001, 12.7975037, 0.0 ], [ 80.0761378, 12.7972447, 0.0 ], [ 80.076469, 12.7967451, 0.0 ], [ 80.0765589, 12.7966036, 0.0 ], [ 80.076595, 12.7965503, 0.0 ], [ 80.0767197, 12.7963659, 0.0 ], [ 80.0769509, 12.7961182, 0.0 ], [ 80.0770638, 12.7959121, 0.0 ], [ 80.077099899999979, 12.7957431, 0.0 ], [ 80.077107499999983, 12.7953469, 0.0 ], [ 80.0771351, 12.7945062, 0.0 ], [ 80.077140499999985, 12.7943414, 0.0 ], [ 80.0771357, 12.7941205, 0.0 ], [ 80.077072799999982, 12.7938194, 0.0 ], [ 80.0770405, 12.7936647, 0.0 ], [ 80.0769113, 12.7930459, 0.0 ], [ 80.07664459999998, 12.7920475, 0.0 ], [ 80.0766329, 12.7919573, 0.0 ], [ 80.076621799999984, 12.7918278, 0.0 ], [ 80.076637399999981, 12.7917078, 0.0 ], [ 80.0766478, 12.791681, 0.0 ], [ 80.076680499999981, 12.7915971, 0.0 ], [ 80.076827499999979, 12.7913768, 0.0 ], [ 80.0770293, 12.7912169, 0.0 ], [ 80.077619799999979, 12.7909784, 0.0 ], [ 80.0778178, 12.7908584, 0.0 ], [ 80.077967699999988, 12.7906844, 0.0 ], [ 80.0780491, 12.7905452, 0.0 ], [ 80.078110399999986, 12.7902819, 0.0 ], [ 80.0780526, 12.7890669, 0.0 ], [ 80.0779523, 12.7888334, 0.0 ], [ 80.0778209, 12.7886863, 0.0 ], [ 80.0776142, 12.788583, 0.0 ], [ 80.0774621, 12.7885386, 0.0 ], [ 80.0768728, 12.7884793, 0.0 ], [ 80.0766473, 12.7884103, 0.0 ], [ 80.0764512, 12.7883072, 0.0 ], [ 80.0762949, 12.7881483, 0.0 ], [ 80.0762267, 12.7880038, 0.0 ], [ 80.076181299999988, 12.7877652, 0.0 ], [ 80.0761338, 12.7874753, 0.0 ], [ 80.0760649, 12.7863303, 0.0 ], [ 80.0760493, 12.7860697, 0.0 ], [ 80.0760272, 12.7857026, 0.0 ], [ 80.076077799999979, 12.7846966, 0.0 ], [ 80.076111499999982, 12.7842544, 0.0 ], [ 80.0761283, 12.7840335, 0.0 ], [ 80.0761413, 12.7838633, 0.0 ], [ 80.0761478, 12.7837551, 0.0 ], [ 80.0762305, 12.7833086, 0.0 ], [ 80.0763286, 12.7830071, 0.0 ], [ 80.0763781, 12.782855, 0.0 ], [ 80.0764098, 12.7827346, 0.0 ], [ 80.0763741, 12.7825701, 0.0 ], [ 80.0762661, 12.7822495, 0.0 ], [ 80.076245599999979, 12.7821265, 0.0 ], [ 80.0762454, 12.7820092, 0.0 ], [ 80.0762704, 12.7817634, 0.0 ], [ 80.076278299999984, 12.7814897, 0.0 ], [ 80.076269, 12.7812503, 0.0 ], [ 80.0762169, 12.7808284, 0.0 ], [ 80.0761912, 12.7804217, 0.0 ], [ 80.076207699999983, 12.7799849, 0.0 ], [ 80.0762157, 12.7797886, 0.0 ], [ 80.076316799999987, 12.7790226, 0.0 ], [ 80.0764776, 12.7777074, 0.0 ], [ 80.076509900000019, 12.7774746, 0.0 ], [ 80.076523399999985, 12.7773772, 0.0 ], [ 80.076581599999983, 12.7769143, 0.0 ], [ 80.076595, 12.776579, 0.0 ], [ 80.0764404, 12.775554, 0.0 ], [ 80.0757226, 12.7757185, 0.0 ], [ 80.0756085, 12.7757516, 0.0 ], [ 80.075164900000019, 12.7758803, 0.0 ], [ 80.075011299999986, 12.7759249, 0.0 ], [ 80.073887, 12.7762027, 0.0 ], [ 80.0736303, 12.7762286, 0.0 ], [ 80.0734142, 12.7762463, 0.0 ], [ 80.0732397, 12.7762309, 0.0 ], [ 80.0731724, 12.776225, 0.0 ], [ 80.0726829, 12.7761839, 0.0 ], [ 80.072390086909053, 12.776220264183952, 0.0 ] ] } },
{ "type": "Feature", "properties": { "osm_id": 32067538, "road_name": "Ayyanachery - Meenachipuram Road", "highway": "tertiary", "ref": "O9003", "length_m": 3966.5, "unmet_length_m": 3533.9, "pct_outside_400m": 89.1, "outside_gcc": true, "need_score": 5108.2, "rank": 30 }, "geometry": { "type": "LineString", "coordinates": [ [ 80.082850099999987, 12.8585326, 0.0 ], [ 80.0828596, 12.8586905, 0.0 ], [ 80.083419899999981, 12.8586999, 0.0 ], [ 80.0848399, 12.8587237, 0.0 ], [ 80.086361599999989, 12.8586794, 0.0 ], [ 80.08669949999998, 12.8586703, 0.0 ], [ 80.0875453, 12.8586531, 0.0 ], [ 80.087845800000011, 12.858647, 0.0 ], [ 80.0882154, 12.8586498, 0.0 ], [ 80.0884659, 12.8586519, 0.0 ], [ 80.0885238, 12.8586653, 0.0 ], [ 80.0885573, 12.8586905, 0.0 ], [ 80.0885786, 12.8587232, 0.0 ], [ 80.0885893, 12.8587811, 0.0 ], [ 80.0885833, 12.859222, 0.0 ], [ 80.0885871, 12.8592436, 0.0 ], [ 80.0885978, 12.8592651, 0.0 ], [ 80.0886171, 12.8592807, 0.0 ], [ 80.0886569, 12.8592901, 0.0 ], [ 80.0889116, 12.8593168, 0.0 ], [ 80.089822, 12.8594815, 0.0 ], [ 80.0898738, 12.859488, 0.0 ], [ 80.0899208, 12.8595051, 0.0 ], [ 80.0899393, 12.859521, 0.0 ], [ 80.0899502, 12.8595506, 0.0 ], [ 80.0898874, 12.859898, 0.0 ], [ 80.0898217, 12.8602872, 0.0 ], [ 80.0896445, 12.861412, 0.0 ], [ 80.0895111, 12.8621795, 0.0 ], [ 80.0894338, 12.8626093, 0.0 ], [ 80.089265199999986, 12.8633622, 0.0 ], [ 80.0891401, 12.8641196, 0.0 ], [ 80.0890535, 12.8648489, 0.0 ], [ 80.089037099999985, 12.8650624, 0.0 ], [ 80.089019, 12.8652897, 0.0 ], [ 80.0890141, 12.865711, 0.0 ], [ 80.0890303, 12.866077, 0.0 ], [ 80.0890441, 12.8663499, 0.0 ], [ 80.089040299999979, 12.8667211, 0.0 ], [ 80.0890482, 12.8669961, 0.0 ], [ 80.089059400000011, 12.8673769, 0.0 ], [ 80.089091599999989, 12.8676895, 0.0 ], [ 80.0891237, 12.8680464, 0.0 ], [ 80.0891344, 12.8683158, 0.0 ], [ 80.0891076, 12.8684504, 0.0 ], [ 80.089105499999988, 12.8684566, 0.0 ], [ 80.089077100000011, 12.8685383, 0.0 ], [ 80.089003, 12.8686531, 0.0 ], [ 80.088850099999988, 12.868844, 0.0 ], [ 80.088076299999983, 12.8698653, 0.0 ], [ 80.0880078, 12.8699558, 0.0 ], [ 80.08750809999998, 12.870576, 0.0 ], [ 80.0874426, 12.8706573, 0.0 ], [ 80.0870654, 12.8704079, 0.0 ], [ 80.0862579, 12.8697791, 0.0 ], [ 80.0859208, 12.8695685, 0.0 ], [ 80.085744299999988, 12.8695155, 0.0 ], [ 80.0856276, 12.869504, 0.0 ], [ 80.0855149, 12.8695149, 0.0 ], [ 80.085308399999988, 12.8695927, 0.0 ], [ 80.0849664, 12.869808, 0.0 ], [ 80.084289400000017, 12.8701638, 0.0 ], [ 80.083910599999982, 12.870393, 0.0 ], [ 80.0837908, 12.8704655, 0.0 ], [ 80.0834564, 12.8706678, 0.0 ], [ 80.082930599999983, 12.8698649, 0.0 ], [ 80.0828462, 12.8697328, 0.0 ], [ 80.082635599999989, 12.8694107, 0.0 ], [ 80.0824306, 12.8690948, 0.0 ], [ 80.08234539999998, 12.8689635, 0.0 ], [ 80.0821365, 12.8686417, 0.0 ], [ 80.0820354, 12.8684861, 0.0 ], [ 80.081859, 12.8683554, 0.0 ], [ 80.0818208, 12.8683271, 0.0 ], [ 80.081661399999987, 12.8681673, 0.0 ], [ 80.081625500000015, 12.8681313, 0.0 ], [ 80.0815357, 12.8680243, 0.0 ], [ 80.0814848, 12.8679598, 0.0 ], [ 80.0812532, 12.8676669, 0.0 ], [ 80.0810271, 12.8672944, 0.0 ], [ 80.0808008, 12.8669256, 0.0 ], [ 80.0807881, 12.8669001, 0.0 ], [ 80.080562, 12.86654, 0.0 ], [ 80.0805447, 12.8665124, 0.0 ], [ 80.0803638, 12.8662727, 0.0 ], [ 80.0803058, 12.8661984, 0.0 ], [ 80.0799279, 12.8658523, 0.0 ], [ 80.0798821, 12.8658303, 0.0 ], [ 80.079816199999982, 12.8658254, 0.0 ], [ 80.0796545, 12.8658305, 0.0 ], [ 80.079045, 12.8659237, 0.0 ], [ 80.078890545377263, 12.865939791889176, 0.0 ] ] } },
{ "type": "Feature", "properties": { "osm_id": 32017316, "road_name": "Unnamed road", "highway": "tertiary", "ref": "", "length_m": 3957.2, "unmet_length_m": 3527.8, "pct_outside_400m": 89.1, "outside_gcc": true, "need_score": 5100.3, "rank": 31 }, "geometry": { "type": "LineString", "coordinates": [ [ 80.125999669778295, 13.225786675541169, 0.0 ], [ 80.125489200000018, 13.2253268, 0.0 ], [ 80.1243101, 13.2250678, 0.0 ], [ 80.1223736, 13.2254689, 0.0 ], [ 80.1209496, 13.2256628, 0.0 ], [ 80.120824299999981, 13.2260329, 0.0 ], [ 80.1202912, 13.2260537, 0.0 ], [ 80.1189938, 13.2262882, 0.0 ], [ 80.1185292, 13.2264959, 0.0 ], [ 80.1176988, 13.2266958, 0.0 ], [ 80.117039099999985, 13.227046, 0.0 ], [ 80.116758, 13.2270672, 0.0 ], [ 80.115054, 13.2269696, 0.0 ], [ 80.113924899999986, 13.2263699, 0.0 ], [ 80.1126413, 13.2262451, 0.0 ], [ 80.1118227, 13.2264204, 0.0 ], [ 80.111652799999987, 13.2269812, 0.0 ], [ 80.1115773, 13.227402, 0.0 ], [ 80.110954899999982, 13.228347, 0.0 ], [ 80.110040499999982, 13.2284443, 0.0 ], [ 80.109656, 13.2283315, 0.0 ], [ 80.1082769, 13.2274103, 0.0 ], [ 80.108103799999981, 13.2271116, 0.0 ], [ 80.106409, 13.2267103, 0.0 ], [ 80.106305599999985, 13.2266366, 0.0 ], [ 80.1056446, 13.226165, 0.0 ], [ 80.10526729999998, 13.2245965, 0.0 ], [ 80.105781099999987, 13.2244301, 0.0 ], [ 80.1057896, 13.2241198, 0.0 ], [ 80.105474699999988, 13.2235495, 0.0 ], [ 80.1037758, 13.2233713, 0.0 ], [ 80.1038425, 13.2226995, 0.0 ], [ 80.103939199999985, 13.2218208, 0.0 ], [ 80.103848099999979, 13.2208976, 0.0 ], [ 80.1035543, 13.2205205, 0.0 ], [ 80.103132, 13.2204216, 0.0 ] ] } },
{ "type": "Feature", "properties": { "osm_id": 34654902, "road_name": "Unnamed road", "highway": "tertiary", "ref": "", "length_m": 3896.8, "unmet_length_m": 3485.5, "pct_outside_400m": 89.4, "outside_gcc": true, "need_score": 5044.4, "rank": 32 }, "geometry": { "type": "LineString", "coordinates": [ [ 80.1037276, 13.1802825, 0.0 ], [ 80.1038819, 13.180541, 0.0 ], [ 80.1041108, 13.1809935, 0.0 ], [ 80.1042953, 13.1812881, 0.0 ], [ 80.1044559, 13.1815782, 0.0 ], [ 80.1047378, 13.1821668, 0.0 ], [ 80.1052662, 13.1831908, 0.0 ], [ 80.1054734, 13.1835923, 0.0 ], [ 80.105623, 13.1838824, 0.0 ], [ 80.1058751, 13.1843709, 0.0 ], [ 80.106177099999982, 13.184973, 0.0 ], [ 80.1062889, 13.1851961, 0.0 ], [ 80.106459199999989, 13.1855357, 0.0 ], [ 80.1069771, 13.1865683, 0.0 ], [ 80.1070576, 13.1869496, 0.0 ], [ 80.1070863, 13.1873174, 0.0 ], [ 80.1070698, 13.1877374, 0.0 ], [ 80.1070254, 13.1888664, 0.0 ], [ 80.1070391, 13.1908369, 0.0 ], [ 80.1070016, 13.191918, 0.0 ], [ 80.106994299999982, 13.1921741, 0.0 ], [ 80.1069587, 13.1934222, 0.0 ], [ 80.106956899999986, 13.196196, 0.0 ], [ 80.1069349, 13.1970365, 0.0 ], [ 80.1069061, 13.1981391, 0.0 ], [ 80.10740389999998, 13.198699, 0.0 ], [ 80.1107244, 13.1987528, 0.0 ], [ 80.114895, 13.1988204, 0.0 ], [ 80.116093788348309, 13.202465820700343, 0.0 ] ] } },
{ "type": "Feature", "properties": { "osm_id": 31341663, "road_name": "Sirukundram Road", "highway": "tertiary", "ref": "O6384", "length_m": 3298.1, "unmet_length_m": 3298.1, "pct_outside_400m": 100.0, "outside_gcc": true, "need_score": 4947.1, "rank": 33 }, "geometry": { "type": "LineString", "coordinates": [ [ 80.0639554, 12.7199043, 0.0 ], [ 80.0649909, 12.7196894, 0.0 ], [ 80.0651849, 12.7196613, 0.0 ], [ 80.065398, 12.7196305, 0.0 ], [ 80.065974899999986, 12.7195935, 0.0 ], [ 80.066999699999982, 12.7196185, 0.0 ], [ 80.067711399999979, 12.7197086, 0.0 ], [ 80.0680274, 12.7197715, 0.0 ], [ 80.068432, 12.7199144, 0.0 ], [ 80.0688696, 12.7202393, 0.0 ], [ 80.0692878, 12.7205475, 0.0 ], [ 80.0701887, 12.7211339, 0.0 ], [ 80.0703657, 12.7212228, 0.0 ], [ 80.0706232, 12.7212804, 0.0 ], [ 80.0716853, 12.7213851, 0.0 ], [ 80.0722325, 12.7214583, 0.0 ], [ 80.073359, 12.7215577, 0.0 ], [ 80.0736433, 12.7216101, 0.0 ], [ 80.073847200000017, 12.7216781, 0.0 ], [ 80.074034899999987, 12.7217985, 0.0 ], [ 80.075129299999986, 12.7226567, 0.0 ], [ 80.075365299999987, 12.7228712, 0.0 ], [ 80.0755209, 12.7230753, 0.0 ], [ 80.075714, 12.7233893, 0.0 ], [ 80.0758374, 12.7236457, 0.0 ], [ 80.075901699999989, 12.7238341, 0.0 ], [ 80.075992899999989, 12.7239858, 0.0 ], [ 80.076111, 12.7241114, 0.0 ], [ 80.0764328, 12.7243678, 0.0 ], [ 80.0765616, 12.7244568, 0.0 ], [ 80.076717099999982, 12.7245353, 0.0 ], [ 80.0767815, 12.724551, 0.0 ], [ 80.076867299999989, 12.7245458, 0.0 ], [ 80.0770283, 12.724483, 0.0 ], [ 80.077237499999981, 12.7243103, 0.0 ], [ 80.0773823, 12.7241638, 0.0 ], [ 80.0775969, 12.7239021, 0.0 ], [ 80.078116699999981, 12.7230943, 0.0 ], [ 80.0782122, 12.7228844, 0.0 ], [ 80.0782382, 12.7227467, 0.0 ], [ 80.07825219999998, 12.7226266, 0.0 ], [ 80.0783305, 12.7218039, 0.0 ], [ 80.078230799999986, 12.7212274, 0.0 ], [ 80.07778620000002, 12.7194113, 0.0 ], [ 80.0771833, 12.7169481, 0.0 ], [ 80.0770101, 12.7161892, 0.0 ], [ 80.0767221, 12.7145519, 0.0 ], [ 80.076621, 12.713977, 0.0 ], [ 80.0766123, 12.7138535, 0.0 ], [ 80.0765599, 12.713545, 0.0 ], [ 80.0762821, 12.7114891, 0.0 ], [ 80.0762716, 12.7112602, 0.0 ], [ 80.0762901, 12.710747, 0.0 ] ] } },
{ "type": "Feature", "properties": { "osm_id": 651793827, "road_name": "Poondi - Ramarajakandigai Road", "highway": "tertiary", "ref": "O5317", "length_m": 6318.0, "unmet_length_m": 3693.8, "pct_outside_400m": 58.5, "outside_gcc": true, "need_score": 4929.7, "rank": 34 }, "geometry": { "type": "LineString", "coordinates": [ [ 79.971154906108794, 13.218761306013091, 0.0 ], [ 79.9697879, 13.2182445, 0.0 ], [ 79.9694959, 13.2181122, 0.0 ], [ 79.9692854, 13.217742, 0.0 ], [ 79.969054499999984, 13.2174445, 0.0 ], [ 79.968572400000014, 13.2173652, 0.0 ], [ 79.9679069, 13.2173255, 0.0 ], [ 79.9667185, 13.2169289, 0.0 ], [ 79.9654825, 13.2162546, 0.0 ], [ 79.964592899999985, 13.2158777, 0.0 ], [ 79.9640972, 13.2156728, 0.0 ], [ 79.963255099999984, 13.2155869, 0.0 ], [ 79.9622161, 13.2155009, 0.0 ], [ 79.9616253, 13.2155009, 0.0 ], [ 79.960851199999979, 13.215415, 0.0 ], [ 79.9597511, 13.2149985, 0.0 ], [ 79.9593973, 13.2148998, 0.0 ], [ 79.9589826, 13.2147059, 0.0 ], [ 79.9586696, 13.2144566, 0.0 ], [ 79.9585679, 13.2141835, 0.0 ], [ 79.9586371, 13.2138154, 0.0 ], [ 79.95892569999998, 13.2133563, 0.0 ], [ 79.9590477, 13.2131505, 0.0 ], [ 79.959051699999989, 13.2129011, 0.0 ], [ 79.9588037, 13.2125291, 0.0 ], [ 79.9586167, 13.2123391, 0.0 ], [ 79.9585029, 13.2121412, 0.0 ], [ 79.9584948, 13.2117652, 0.0 ], [ 79.9583606, 13.2116386, 0.0 ], [ 79.9578931, 13.2116346, 0.0 ], [ 79.95758410000002, 13.2115673, 0.0 ], [ 79.9570149, 13.2115198, 0.0 ], [ 79.9566653, 13.2114565, 0.0 ], [ 79.955994499999989, 13.2112586, 0.0 ], [ 79.9554213, 13.2112111, 0.0 ], [ 79.9547545, 13.2111953, 0.0 ], [ 79.9543561, 13.211314, 0.0 ], [ 79.9537016, 13.2113259, 0.0 ], [ 79.9530755, 13.2113101, 0.0 ], [ 79.9524494, 13.211219, 0.0 ], [ 79.9518965, 13.2112467, 0.0 ], [ 79.9511647, 13.2113615, 0.0 ], [ 79.950530499999985, 13.2114882, 0.0 ], [ 79.950071099999988, 13.2117098, 0.0 ], [ 79.949306799999988, 13.2117375, 0.0 ], [ 79.9488027, 13.2117336, 0.0 ], [ 79.9486767, 13.2118048, 0.0 ], [ 79.948266099999984, 13.2123035, 0.0 ], [ 79.9479367, 13.2122916, 0.0 ], [ 79.947570899999988, 13.212442, 0.0 ], [ 79.9472689, 13.2126001, 0.0 ], [ 79.9466033, 13.2129486, 0.0 ], [ 79.945684, 13.213342, 0.0 ], [ 79.944806, 13.2137512, 0.0 ], [ 79.9442269, 13.2139785, 0.0 ], [ 79.9439561, 13.2143149, 0.0 ], [ 79.9435171, 13.2143786, 0.0 ], [ 79.943041339578471, 13.214403756742456, 0.0 ] ] } },
{ "type": "Feature", "properties": { "osm_id": 370160259, "road_name": "Unnamed road", "highway": "tertiary", "ref": "", "length_m": 3658.4, "unmet_length_m": 3367.1, "pct_outside_400m": 92.0, "outside_gcc": true, "need_score": 4916.6, "rank": 35 }, "geometry": { "type": "LineString", "coordinates": [ [ 79.943623575453856, 12.847915487106404, 0.0 ], [ 79.9439674, 12.8459108, 0.0 ], [ 79.9443877, 12.8434604, 0.0 ], [ 79.944658599999983, 12.8427635, 0.0 ], [ 79.9446661, 12.8427485, 0.0 ], [ 79.9449958, 12.8420358, 0.0 ], [ 79.945376, 12.8415204, 0.0 ], [ 79.9460909, 12.8406528, 0.0 ], [ 79.9471765, 12.839318, 0.0 ], [ 79.947538399999985, 12.8388947, 0.0 ], [ 79.9476916, 12.8387094, 0.0 ], [ 79.948576500000016, 12.8375815, 0.0 ], [ 79.9495432, 12.8363977, 0.0 ], [ 79.9501246, 12.8356859, 0.0 ], [ 79.9510001, 12.8346282, 0.0 ], [ 79.9511656, 12.8344505, 0.0 ], [ 79.9513619, 12.8342509, 0.0 ], [ 79.9530539, 12.8328514, 0.0 ], [ 79.955147, 12.8311284, 0.0 ], [ 79.9556307, 12.8307341, 0.0 ], [ 79.956721700000017, 12.829818, 0.0 ], [ 79.957044, 12.8295037, 0.0 ], [ 79.9572784, 12.8292456, 0.0 ], [ 79.957683399999979, 12.8287174, 0.0 ], [ 79.959119699999988, 12.8267258, 0.0 ], [ 79.959477799999988, 12.8262132, 0.0 ], [ 79.959945799999986, 12.8254496, 0.0 ], [ 79.9602978, 12.8247886, 0.0 ], [ 79.9605249, 12.8243622, 0.0 ] ] } },
{ "type": "Feature", "properties": { "osm_id": 138337681, "road_name": "Unnamed road", "highway": "tertiary", "ref": "", "length_m": 5543.4, "unmet_length_m": 3517.2, "pct_outside_400m": 63.4, "outside_gcc": true, "need_score": 4894.0, "rank": 36 }, "geometry": { "type": "LineString", "coordinates": [ [ 79.998965818993526, 13.276558723039459, 0.0 ], [ 79.999051, 13.2763222, 0.0 ], [ 79.9992799, 13.2762142, 0.0 ], [ 79.999473, 13.2761889, 0.0 ], [ 79.9996406, 13.2761669, 0.0 ], [ 80.0014787, 13.2761332, 0.0 ], [ 80.0017561, 13.2761872, 0.0 ], [ 80.0026995, 13.2764437, 0.0 ], [ 80.0029353, 13.2764437, 0.0 ], [ 80.004412699999989, 13.2764032, 0.0 ], [ 80.004717899999989, 13.2762075, 0.0 ], [ 80.004787199999981, 13.2759577, 0.0 ], [ 80.0048497, 13.2754649, 0.0 ], [ 80.005161799999982, 13.2750666, 0.0 ], [ 80.0054066, 13.2745209, 0.0 ], [ 80.0056362, 13.2740092, 0.0 ], [ 80.0058554, 13.2735206, 0.0 ], [ 80.0059178, 13.2731561, 0.0 ], [ 80.0059708, 13.2723823, 0.0 ], [ 80.0060011, 13.2719409, 0.0 ], [ 80.0059803, 13.2715629, 0.0 ], [ 80.0059016, 13.2713235, 0.0 ], [ 80.0058693, 13.2712253, 0.0 ], [ 80.0059594, 13.2710228, 0.0 ], [ 80.0061921, 13.2708082, 0.0 ], [ 80.0066253, 13.2704085, 0.0 ], [ 80.0074299, 13.2699831, 0.0 ], [ 80.0079501, 13.2694431, 0.0 ], [ 80.008262299999984, 13.2690853, 0.0 ], [ 80.0082692, 13.2687477, 0.0 ], [ 80.0082166, 13.26817, 0.0 ], [ 80.008172099999982, 13.2676811, 0.0 ], [ 80.00819079999998, 13.2673349, 0.0 ], [ 80.0082206, 13.2667832, 0.0 ], [ 80.0084357, 13.2666144, 0.0 ], [ 80.008505, 13.2660608, 0.0 ], [ 80.008581299999989, 13.2657368, 0.0 ], [ 80.008560499999987, 13.2644608, 0.0 ], [ 80.0087339, 13.263887, 0.0 ], [ 80.0088449, 13.2632253, 0.0 ], [ 80.009013, 13.261843, 0.0 ], [ 80.0091709, 13.2605451, 0.0 ], [ 80.009379, 13.2580472, 0.0 ], [ 80.0094345, 13.2562716, 0.0 ], [ 80.0095002, 13.2551188, 0.0 ], [ 80.0095038, 13.2550563, 0.0 ], [ 80.0095198, 13.254492, 0.0 ], [ 80.0095255, 13.2542913, 0.0 ], [ 80.0094225, 13.2535465, 0.0 ], [ 80.009230299999984, 13.2529203, 0.0 ] ] } },
{ "type": "Feature", "properties": { "osm_id": 541267138, "road_name": "Unnamed road", "highway": "tertiary", "ref": "", "length_m": 3236.5, "unmet_length_m": 3236.5, "pct_outside_400m": 100.0, "outside_gcc": true, "need_score": 4854.7, "rank": 37 }, "geometry": { "type": "LineString", "coordinates": [ [ 80.0516414, 13.1088792, 0.0 ], [ 80.0512865, 13.1086998, 0.0 ], [ 80.0512607, 13.1086876, 0.0 ], [ 80.050432799999982, 13.1083089, 0.0 ], [ 80.0502478, 13.108222, 0.0 ], [ 80.050027799999981, 13.1081417, 0.0 ], [ 80.049765, 13.1081077, 0.0 ], [ 80.0494664, 13.108076, 0.0 ], [ 80.0493593, 13.1080646, 0.0 ], [ 80.0488047, 13.1080431, 0.0 ], [ 80.0485593, 13.1080222, 0.0 ], [ 80.0484654, 13.1080039, 0.0 ], [ 80.048405099999982, 13.1079921, 0.0 ], [ 80.048281, 13.1079555, 0.0 ], [ 80.048157599999982, 13.1079088, 0.0 ], [ 80.048091299999982, 13.1078837, 0.0 ], [ 80.0476487, 13.1076982, 0.0 ], [ 80.047479599999988, 13.1076254, 0.0 ], [ 80.0473423, 13.1075663, 0.0 ], [ 80.047135899999986, 13.1074809, 0.0 ], [ 80.0470378, 13.1074403, 0.0 ], [ 80.0467897, 13.1073116, 0.0 ], [ 80.046590599999988, 13.1071823, 0.0 ], [ 80.0463961, 13.1071046, 0.0 ], [ 80.0462935, 13.1070615, 0.0 ], [ 80.0462267, 13.1070183, 0.0 ], [ 80.046217699999985, 13.1070125, 0.0 ], [ 80.046160699999987, 13.1069589, 0.0 ], [ 80.0460615, 13.1068636, 0.0 ], [ 80.045940099999981, 13.1068035, 0.0 ], [ 80.045639699999981, 13.1067473, 0.0 ], [ 80.0453779, 13.1067162, 0.0 ], [ 80.0451127, 13.1066847, 0.0 ], [ 80.0448983, 13.1066492, 0.0 ], [ 80.044274499999986, 13.1065462, 0.0 ], [ 80.0441766, 13.1065331, 0.0 ], [ 80.0440398, 13.1064861, 0.0 ], [ 80.0439499, 13.1063712, 0.0 ], [ 80.043904699999985, 13.106271, 0.0 ], [ 80.0437783, 13.1059911, 0.0 ], [ 80.0437394, 13.1059336, 0.0 ], [ 80.043703899999983, 13.1059043, 0.0 ], [ 80.0436509, 13.1058605, 0.0 ], [ 80.043540199999981, 13.1058167, 0.0 ], [ 80.043420199999986, 13.1057958, 0.0 ], [ 80.043126499999985, 13.1058043, 0.0 ], [ 80.0429153, 13.105803, 0.0 ], [ 80.0426712, 13.1057638, 0.0 ], [ 80.0425049, 13.105724, 0.0 ], [ 80.0423487, 13.1056606, 0.0 ], [ 80.0422139, 13.1055754, 0.0 ], [ 80.0421079, 13.1054448, 0.0 ], [ 80.0419195, 13.1051865, 0.0 ], [ 80.041853799999984, 13.105018, 0.0 ], [ 80.041793399999989, 13.1049644, 0.0 ], [ 80.0417398, 13.1049318, 0.0 ], [ 80.0416204, 13.1049122, 0.0 ], [ 80.0415118, 13.1048887, 0.0 ], [ 80.0413629, 13.1047607, 0.0 ], [ 80.0413326, 13.1047193, 0.0 ], [ 80.0413026, 13.1046784, 0.0 ], [ 80.041266399999984, 13.1045686, 0.0 ], [ 80.041253, 13.1044119, 0.0 ], [ 80.041250199999979, 13.1043703, 0.0 ], [ 80.041226099999989, 13.1040148, 0.0 ], [ 80.041173799999981, 13.1036818, 0.0 ], [ 80.0411576, 13.1035961, 0.0 ], [ 80.041112199999986, 13.1033552, 0.0 ], [ 80.0410431, 13.1030839, 0.0 ], [ 80.041027700000015, 13.1030234, 0.0 ], [ 80.040982099999979, 13.1027099, 0.0 ], [ 80.0410385, 13.1022215, 0.0 ], [ 80.0410813, 13.1018713, 0.0 ], [ 80.04116209999998, 13.100455, 0.0 ], [ 80.041169, 13.100335, 0.0 ], [ 80.0412637, 13.0989837, 0.0 ], [ 80.0413292, 13.0982137, 0.0 ], [ 80.0414761, 13.0969378, 0.0 ], [ 80.0415176, 13.0963024, 0.0 ], [ 80.0415977, 13.0950749, 0.0 ], [ 80.0416043, 13.0947486, 0.0 ], [ 80.0416057, 13.0946963, 0.0 ], [ 80.0415882, 13.0946441, 0.0 ], [ 80.041543399999981, 13.0945994, 0.0 ], [ 80.0408868, 13.0942392, 0.0 ], [ 80.0407441, 13.0941949, 0.0 ], [ 80.040488499999981, 13.0941347, 0.0 ], [ 80.0403826, 13.0940994, 0.0 ], [ 80.040311499999987, 13.0940458, 0.0 ], [ 80.040280699999983, 13.0939962, 0.0 ], [ 80.0402632, 13.0938956, 0.0 ], [ 80.040268600000019, 13.0938133, 0.0 ], [ 80.0402592, 13.0937167, 0.0 ], [ 80.040240399999988, 13.0936474, 0.0 ], [ 80.0402096, 13.0936096, 0.0 ], [ 80.0400084, 13.0935508, 0.0 ], [ 80.039946700000016, 13.0935351, 0.0 ], [ 80.0398663, 13.0934789, 0.0 ], [ 80.0398341, 13.0934136, 0.0 ], [ 80.0398301, 13.0933522, 0.0 ], [ 80.039875699999982, 13.0932517, 0.0 ], [ 80.0399347, 13.0931354, 0.0 ], [ 80.039938699999979, 13.0930779, 0.0 ], [ 80.039928, 13.0930139, 0.0 ], [ 80.0399105, 13.0929786, 0.0 ], [ 80.0398495, 13.0929146, 0.0 ], [ 80.039858199999983, 13.0920212, 0.0 ], [ 80.039822, 13.0914125, 0.0 ], [ 80.0397094, 13.0909592, 0.0 ], [ 80.0397192, 13.0908238, 0.0 ], [ 80.0397429, 13.0907541, 0.0 ], [ 80.0397885, 13.0907241, 0.0 ], [ 80.039865399999982, 13.0907, 0.0 ], [ 80.0400782, 13.0907606, 0.0 ], [ 80.041124199999985, 13.0911669, 0.0 ], [ 80.0412101, 13.0911982, 0.0 ], [ 80.0412872, 13.0912276, 0.0 ], [ 80.0413629, 13.0912348, 0.0 ], [ 80.0414508, 13.0912067, 0.0 ] ] } },
{ "type": "Feature", "properties": { "osm_id": 138337622, "road_name": "Unnamed road", "highway": "tertiary", "ref": "", "length_m": 5540.2, "unmet_length_m": 3475.6, "pct_outside_400m": 62.7, "outside_gcc": true, "need_score": 4834.7, "rank": 38 }, "geometry": { "type": "LineString", "coordinates": [ [ 79.954052, 13.2453306, 0.0 ], [ 79.9544405, 13.2454065, 0.0 ], [ 79.9554802, 13.2454204, 0.0 ], [ 79.9573061, 13.2447231, 0.0 ], [ 79.9584432, 13.2438653, 0.0 ], [ 79.9587689, 13.2428182, 0.0 ], [ 79.9595429, 13.241862, 0.0 ], [ 79.9600629, 13.2406985, 0.0 ], [ 79.960753, 13.2395889, 0.0 ], [ 79.961029, 13.2394645, 0.0 ], [ 79.9625727, 13.2389023, 0.0 ], [ 79.962905, 13.2386385, 0.0 ], [ 79.9631197, 13.2384146, 0.0 ], [ 79.963416099999989, 13.2382902, 0.0 ], [ 79.9639989, 13.2378623, 0.0 ], [ 79.9644231, 13.2375439, 0.0 ], [ 79.96480649999998, 13.2372702, 0.0 ], [ 79.965307399999986, 13.2369717, 0.0 ], [ 79.965609, 13.2366831, 0.0 ], [ 79.965839, 13.2362552, 0.0 ], [ 79.9660128, 13.2360163, 0.0 ], [ 79.96634, 13.2358521, 0.0 ], [ 79.966488199999986, 13.235668, 0.0 ], [ 79.9664924, 13.2355538, 0.0 ], [ 79.966639299999983, 13.235486, 0.0 ], [ 79.9681574, 13.2354286, 0.0 ], [ 79.968372, 13.2354808, 0.0 ], [ 79.968431, 13.2355644, 0.0 ], [ 79.96849, 13.2360813, 0.0 ], [ 79.9685758, 13.2362119, 0.0 ], [ 79.968742099999986, 13.2362954, 0.0 ], [ 79.968854799999988, 13.2364155, 0.0 ], [ 79.9689513, 13.2372197, 0.0 ], [ 79.9688601, 13.238191, 0.0 ], [ 79.968854799999988, 13.2386505, 0.0 ], [ 79.9689031, 13.2387706, 0.0 ], [ 79.968972799999989, 13.2388907, 0.0 ], [ 79.968972799999989, 13.2391883, 0.0 ], [ 79.9690211, 13.2394181, 0.0 ], [ 79.969182, 13.2397262, 0.0 ], [ 79.969337599999989, 13.2397784, 0.0 ], [ 79.970399699999987, 13.2397053, 0.0 ], [ 79.970587499999979, 13.2396218, 0.0 ], [ 79.971064899999988, 13.239345, 0.0 ], [ 79.97217, 13.2390369, 0.0 ], [ 79.9729317, 13.238922, 0.0 ], [ 79.9730819, 13.2388646, 0.0 ], [ 79.9734628, 13.2385095, 0.0 ], [ 79.9735969, 13.2384416, 0.0 ], [ 79.9739456, 13.2384155, 0.0 ], [ 79.9740368, 13.2383476, 0.0 ], [ 79.9740368, 13.2372771, 0.0 ], [ 79.9741602, 13.2371309, 0.0 ], [ 79.9747395, 13.2367549, 0.0 ], [ 79.975069137314193, 13.236675671387315, 0.0 ] ] } },
{ "type": "Feature", "properties": { "osm_id": 102655664, "road_name": "Thirumudivakkam Road", "highway": "tertiary", "ref": "", "length_m": 4303.7, "unmet_length_m": 3434.7, "pct_outside_400m": 79.8, "outside_gcc": true, "need_score": 4805.3, "rank": 39 }, "geometry": { "type": "LineString", "coordinates": [ [ 80.07414257915336, 12.96037037919133, 0.0 ], [ 80.0740027, 12.960061, 0.0 ], [ 80.0737278, 12.9593082, 0.0 ], [ 80.0736909, 12.9592187, 0.0 ], [ 80.0736054, 12.9590496, 0.0 ], [ 80.0735716, 12.9589828, 0.0 ], [ 80.07341, 12.9586404, 0.0 ], [ 80.0733137, 12.9584702, 0.0 ], [ 80.073249, 12.9583966, 0.0 ], [ 80.0730915, 12.9582319, 0.0 ], [ 80.0727729, 12.957947, 0.0 ], [ 80.0726737, 12.9578987, 0.0 ], [ 80.072557, 12.9578915, 0.0 ], [ 80.0724336, 12.9579143, 0.0 ], [ 80.0722948, 12.9579529, 0.0 ], [ 80.071964900000012, 12.9580405, 0.0 ], [ 80.0714627, 12.9581562, 0.0 ], [ 80.071445899999986, 12.95816, 0.0 ], [ 80.0709987, 12.9582372, 0.0 ], [ 80.0705677, 12.9582977, 0.0 ], [ 80.070338199999981, 12.95833, 0.0 ], [ 80.0698963, 12.9583835, 0.0 ], [ 80.06962, 12.9584195, 0.0 ], [ 80.0688395, 12.9585162, 0.0 ], [ 80.068333899999985, 12.9585949, 0.0 ], [ 80.0678551, 12.9586769, 0.0 ], [ 80.0674333, 12.9587253, 0.0 ], [ 80.067253, 12.9587534, 0.0 ], [ 80.0671269, 12.9587965, 0.0 ], [ 80.0670645, 12.9588331, 0.0 ], [ 80.066746699999982, 12.9599101, 0.0 ], [ 80.0665697, 12.9607511, 0.0 ], [ 80.0665026, 12.9610517, 0.0 ], [ 80.0664349, 12.9613758, 0.0 ], [ 80.0663839, 12.9616019, 0.0 ], [ 80.0663403, 12.9618469, 0.0 ], [ 80.0663041, 12.962073, 0.0 ], [ 80.066282, 12.9622037, 0.0 ], [ 80.0662015, 12.9626069, 0.0 ], [ 80.066133099999988, 12.9629186, 0.0 ], [ 80.066105, 12.9632218, 0.0 ], [ 80.066038599999985, 12.9636257, 0.0 ], [ 80.0660269, 12.9636454, 0.0 ], [ 80.065942, 12.9637531, 0.0 ], [ 80.0658555, 12.9638792, 0.0 ], [ 80.0657254, 12.963938, 0.0 ], [ 80.065573199999989, 12.9639805, 0.0 ], [ 80.06544049999998, 12.9640132, 0.0 ], [ 80.0653426, 12.9640275, 0.0 ], [ 80.0652748, 12.96404, 0.0 ], [ 80.0651313, 12.9640302, 0.0 ], [ 80.0648906, 12.9640007, 0.0 ], [ 80.064780199999987, 12.963975, 0.0 ], [ 80.0646552, 12.9639459, 0.0 ], [ 80.0645044, 12.9639295, 0.0 ], [ 80.0643133, 12.9639276, 0.0 ], [ 80.063851299999982, 12.9639622, 0.0 ], [ 80.0633389, 12.9640099, 0.0 ], [ 80.063011, 12.9640419, 0.0 ], [ 80.0627422, 12.9640694, 0.0 ], [ 80.062543, 12.9640681, 0.0 ], [ 80.0622071, 12.9640249, 0.0 ], [ 80.0618726, 12.9639252, 0.0 ], [ 80.061280699999983, 12.9638829, 0.0 ], [ 80.0608278, 12.963896, 0.0 ], [ 80.060177599999989, 12.9639193, 0.0 ], [ 80.0595588, 12.9639339, 0.0 ], [ 80.0591297, 12.9639921, 0.0 ], [ 80.0590184, 12.9640537, 0.0 ], [ 80.05891029999998, 12.9642159, 0.0 ], [ 80.058831499999982, 12.9645829, 0.0 ], [ 80.0587799, 12.9646255, 0.0 ], [ 80.0586593, 12.9647251, 0.0 ], [ 80.0580112, 12.9648161, 0.0 ], [ 80.0577864, 12.9649186, 0.0 ], [ 80.057246399999983, 12.9651974, 0.0 ], [ 80.056942799999987, 12.9652486, 0.0 ], [ 80.056519, 12.9653706, 0.0 ], [ 80.0560929, 12.9653893, 0.0 ], [ 80.0555279, 12.9653426, 0.0 ], [ 80.0549198, 12.9653799, 0.0 ], [ 80.0545607, 12.9652446, 0.0 ], [ 80.0539593, 12.9651149, 0.0 ], [ 80.0534689, 12.9650039, 0.0 ], [ 80.0531016, 12.9648489, 0.0 ], [ 80.052985, 12.964811, 0.0 ], [ 80.052647, 12.9647522, 0.0 ], [ 80.052506199999982, 12.9647352, 0.0 ], [ 80.0524592, 12.9647039, 0.0 ], [ 80.0524297, 12.9646333, 0.0 ], [ 80.0524023, 12.9639549, 0.0 ], [ 80.0523684, 12.9638833, 0.0 ], [ 80.052214599999985, 12.9638728, 0.0 ], [ 80.0516353, 12.9638262, 0.0 ], [ 80.051356399999989, 12.9638116, 0.0 ], [ 80.051316199999988, 12.9638205, 0.0 ], [ 80.0510766, 12.9639026, 0.0 ], [ 80.0510272, 12.9639195, 0.0 ], [ 80.0506106, 12.9639661, 0.0 ] ] } },
{ "type": "Feature", "properties": { "osm_id": 827247468, "road_name": "Vellerithangal Road", "highway": "tertiary", "ref": "O396", "length_m": 3200.0, "unmet_length_m": 3200.0, "pct_outside_400m": 100.0, "outside_gcc": true, "need_score": 4800.0, "rank": 40 }, "geometry": { "type": "LineString", "coordinates": [ [ 79.9446833, 13.0706839, 0.0 ], [ 79.9446989, 13.0705809, 0.0 ], [ 79.9447409, 13.0705166, 0.0 ], [ 79.9448626, 13.0704841, 0.0 ], [ 79.946418199999982, 13.070385, 0.0 ], [ 79.946625499999982, 13.0704111, 0.0 ], [ 79.9466962, 13.0704788, 0.0 ], [ 79.9467668, 13.0706879, 0.0 ], [ 79.94770819999998, 13.0706406, 0.0 ], [ 79.9482351, 13.0706266, 0.0 ], [ 79.9485216, 13.0706036, 0.0 ], [ 79.9486035, 13.0705098, 0.0 ], [ 79.9486207, 13.0695734, 0.0 ], [ 79.9487409, 13.0692891, 0.0 ], [ 79.949115299999988, 13.0691, 0.0 ], [ 79.9494705, 13.0689173, 0.0 ], [ 79.949736, 13.0687807, 0.0 ], [ 79.9498647, 13.0687114, 0.0 ], [ 79.949930499999979, 13.0686579, 0.0 ], [ 79.9499948, 13.0685625, 0.0 ], [ 79.9500471, 13.0684462, 0.0 ], [ 79.9501128, 13.0682712, 0.0 ], [ 79.950205399999987, 13.0680203, 0.0 ], [ 79.9502671, 13.0677761, 0.0 ], [ 79.9502939, 13.0676245, 0.0 ], [ 79.9503086, 13.0670262, 0.0 ], [ 79.950319399999984, 13.0665049, 0.0 ], [ 79.9503207, 13.0663599, 0.0 ], [ 79.9503301, 13.0662084, 0.0 ], [ 79.950377, 13.0659406, 0.0 ], [ 79.9504119, 13.0657812, 0.0 ], [ 79.95042669999998, 13.0656506, 0.0 ], [ 79.9504293, 13.0655578, 0.0 ], [ 79.950387799999987, 13.0652613, 0.0 ], [ 79.9503435, 13.0650536, 0.0 ], [ 79.9502724, 13.064872, 0.0 ], [ 79.9501155, 13.0646015, 0.0 ], [ 79.950028299999985, 13.0644398, 0.0 ], [ 79.949204399999985, 13.0616891, 0.0 ], [ 79.949248299999979, 13.0614514, 0.0 ], [ 79.9503851, 13.0611945, 0.0 ], [ 79.9508974, 13.0610664, 0.0 ], [ 79.9509913, 13.0610377, 0.0 ], [ 79.951024099999984, 13.0610171, 0.0 ], [ 79.951057, 13.060988, 0.0 ], [ 79.9510825, 13.0609247, 0.0 ], [ 79.951116, 13.0607594, 0.0 ], [ 79.951167, 13.0604446, 0.0 ], [ 79.951191099999988, 13.0602904, 0.0 ], [ 79.951235399999987, 13.0601454, 0.0 ], [ 79.951361399999982, 13.0599181, 0.0 ], [ 79.9515586, 13.0595954, 0.0 ], [ 79.952332899999988, 13.0582266, 0.0 ], [ 79.9528058, 13.0563154, 0.0 ], [ 79.9528594, 13.0561796, 0.0 ], [ 79.9530901, 13.0558543, 0.0 ], [ 79.9531209, 13.0557885, 0.0 ], [ 79.95313969999998, 13.0557158, 0.0 ], [ 79.9531249, 13.0552416, 0.0 ], [ 79.953123599999984, 13.0551967, 0.0 ], [ 79.953145099999986, 13.0551457, 0.0 ], [ 79.9532242, 13.0550809, 0.0 ], [ 79.953941699999987, 13.0549163, 0.0 ], [ 79.9541657, 13.0548745, 0.0 ], [ 79.9548858, 13.054719, 0.0 ], [ 79.954978299999979, 13.0547025, 0.0 ], [ 79.9556208, 13.0545883, 0.0 ], [ 79.9563487, 13.0545071, 0.0 ], [ 79.9567795, 13.0545099, 0.0 ], [ 79.9580465, 13.0545759, 0.0 ], [ 79.958142, 13.0545779, 0.0 ], [ 79.9588716, 13.0546284, 0.0 ] ] } },
{ "type": "Feature", "properties": { "osm_id": 26807497, "road_name": "Vellavedu - Sitharkadu Road", "highway": "tertiary", "ref": "O7731", "length_m": 4200.7, "unmet_length_m": 3392.5, "pct_outside_400m": 80.8, "outside_gcc": true, "need_score": 4762.4, "rank": 41 }, "geometry": { "type": "LineString", "coordinates": [ [ 80.038839675323302, 13.070988392478165, 0.0 ], [ 80.039145, 13.0714023, 0.0 ], [ 80.0394245, 13.0718214, 0.0 ], [ 80.039633599999988, 13.0721598, 0.0 ], [ 80.040413199999989, 13.0734132, 0.0 ], [ 80.0408371, 13.0740358, 0.0 ], [ 80.0409686, 13.074289, 0.0 ], [ 80.0420684, 13.0769074, 0.0 ], [ 80.042390199999986, 13.0776285, 0.0 ], [ 80.042498899999984, 13.0778473, 0.0 ], [ 80.042911, 13.0786767, 0.0 ], [ 80.0431058, 13.0791486, 0.0 ], [ 80.0434305, 13.0799356, 0.0 ], [ 80.0437354, 13.0807637, 0.0 ], [ 80.043923599999985, 13.0813959, 0.0 ], [ 80.043979399999984, 13.0814469, 0.0 ], [ 80.0440384, 13.0814887, 0.0 ], [ 80.0441084, 13.0815083, 0.0 ], [ 80.0441793, 13.0815135, 0.0 ], [ 80.0442718, 13.0815109, 0.0 ], [ 80.046094399999987, 13.0812549, 0.0 ], [ 80.0468146, 13.0811846, 0.0 ], [ 80.0471753, 13.0811425, 0.0 ], [ 80.0474531, 13.0810865, 0.0 ], [ 80.048858399999986, 13.0805753, 0.0 ], [ 80.0490421, 13.0805024, 0.0 ], [ 80.049197, 13.0804495, 0.0 ], [ 80.0493184, 13.0804267, 0.0 ], [ 80.0504831, 13.0802412, 0.0 ], [ 80.050720699999985, 13.0816456, 0.0 ], [ 80.05074759999998, 13.0817919, 0.0 ], [ 80.0508736, 13.0827063, 0.0 ], [ 80.0510078, 13.0833699, 0.0 ], [ 80.051078799999985, 13.0838441, 0.0 ], [ 80.0510959, 13.0839723, 0.0 ], [ 80.0511084, 13.0840662, 0.0 ], [ 80.0511419, 13.084223, 0.0 ], [ 80.0511553, 13.0843562, 0.0 ], [ 80.051262599999987, 13.0857892, 0.0 ], [ 80.0514021, 13.0867115, 0.0 ], [ 80.0514507, 13.0882742, 0.0 ], [ 80.0514594, 13.0883277, 0.0 ], [ 80.0514822, 13.0883643, 0.0 ], [ 80.0515677, 13.0884169, 0.0 ], [ 80.051633099999989, 13.0884224, 0.0 ], [ 80.0517149, 13.088425, 0.0 ], [ 80.0519215, 13.0884171, 0.0 ], [ 80.0519925, 13.0884277, 0.0 ], [ 80.052056899999982, 13.0884746, 0.0 ], [ 80.0520965, 13.0885217, 0.0 ], [ 80.0521327, 13.0886006, 0.0 ], [ 80.0522595, 13.0896881, 0.0 ], [ 80.052275499999979, 13.0897913, 0.0 ], [ 80.0522849, 13.0899179, 0.0 ], [ 80.052302699999984, 13.0901757, 0.0 ], [ 80.0526195, 13.0901513, 0.0 ], [ 80.0529762, 13.0900925, 0.0 ], [ 80.053316292546199, 13.090028089770932, 0.0 ] ] } },
{ "type": "Feature", "properties": { "osm_id": 177370742, "road_name": "Kondangi - Maruderi Road", "highway": "tertiary", "ref": "O8796", "length_m": 3157.8, "unmet_length_m": 3157.8, "pct_outside_400m": 100.0, "outside_gcc": true, "need_score": 4736.6, "rank": 42 }, "geometry": { "type": "LineString", "coordinates": [ [ 80.0710996, 12.7419167, 0.0 ], [ 80.0712306, 12.7419585, 0.0 ], [ 80.0715429, 12.7420581, 0.0 ], [ 80.072308699999979, 12.7423024, 0.0 ], [ 80.0723882, 12.7423278, 0.0 ], [ 80.072708, 12.7423591, 0.0 ], [ 80.073047699999989, 12.7423545, 0.0 ], [ 80.0739796, 12.7423733, 0.0 ], [ 80.0745125, 12.7423776, 0.0 ], [ 80.0750806, 12.7423631, 0.0 ], [ 80.0751663, 12.7423609, 0.0 ], [ 80.0770502, 12.742237, 0.0 ], [ 80.077113699999984, 12.7422328, 0.0 ], [ 80.07722960000001, 12.742248, 0.0 ], [ 80.077307299999987, 12.7422776, 0.0 ], [ 80.077387, 12.7423883, 0.0 ], [ 80.0782476, 12.7436238, 0.0 ], [ 80.0783096, 12.7437546, 0.0 ], [ 80.0783289, 12.7438646, 0.0 ], [ 80.0781516, 12.7451245, 0.0 ], [ 80.078132399999987, 12.7453012, 0.0 ], [ 80.078079, 12.7460234, 0.0 ], [ 80.0780987, 12.7463632, 0.0 ], [ 80.078176400000018, 12.7466538, 0.0 ], [ 80.0782551, 12.7468548, 0.0 ], [ 80.078906599999982, 12.748171, 0.0 ], [ 80.078956199999979, 12.7483567, 0.0 ], [ 80.0789856, 12.7485539, 0.0 ], [ 80.0789916, 12.7487668, 0.0 ], [ 80.0790284, 12.7500795, 0.0 ], [ 80.0802285, 12.7501255, 0.0 ], [ 80.0818375, 12.750048, 0.0 ], [ 80.0820974, 12.7500426, 0.0 ], [ 80.082352, 12.750077, 0.0 ], [ 80.083584799999983, 12.7504255, 0.0 ], [ 80.0838534, 12.7505122, 0.0 ], [ 80.085023699999979, 12.7508898, 0.0 ], [ 80.087564199999989, 12.7516637, 0.0 ], [ 80.08788389999998, 12.7517291, 0.0 ], [ 80.088168699999983, 12.7517425, 0.0 ], [ 80.08842, 12.7517321, 0.0 ], [ 80.0889262, 12.7516188, 0.0 ], [ 80.089543, 12.7514319, 0.0 ], [ 80.0899101, 12.7513016, 0.0 ], [ 80.0910805, 12.7511433, 0.0 ], [ 80.0914125, 12.7510998, 0.0 ], [ 80.09158, 12.7510353, 0.0 ], [ 80.091693599999985, 12.7509963, 0.0 ], [ 80.0917067, 12.7509668, 0.0 ], [ 80.0921316, 12.7506793, 0.0 ] ] } },
{ "type": "Feature", "properties": { "osm_id": 155244468, "road_name": "Mailai - Rayamangalam Road", "highway": "tertiary", "ref": "O8795", "length_m": 3144.0, "unmet_length_m": 3144.0, "pct_outside_400m": 100.0, "outside_gcc": true, "need_score": 4715.9, "rank": 43 }, "geometry": { "type": "LineString", "coordinates": [ [ 80.1122714, 12.7028756, 0.0 ], [ 80.112134399999988, 12.7027954, 0.0 ], [ 80.1119721, 12.7027771, 0.0 ], [ 80.111253299999987, 12.7026986, 0.0 ], [ 80.1103822, 12.7024856, 0.0 ], [ 80.108453, 12.7019921, 0.0 ], [ 80.1081097, 12.7018665, 0.0 ], [ 80.1077986, 12.7016624, 0.0 ], [ 80.107540799999981, 12.7014551, 0.0 ], [ 80.1074263, 12.7013776, 0.0 ], [ 80.1072839, 12.7012683, 0.0 ], [ 80.1072139, 12.7011863, 0.0 ], [ 80.107157799999982, 12.7010246, 0.0 ], [ 80.107092399999985, 12.7006966, 0.0 ], [ 80.106957, 12.6997399, 0.0 ], [ 80.1067469, 12.6983139, 0.0 ], [ 80.106452799999985, 12.6963827, 0.0 ], [ 80.106151399999987, 12.6942524, 0.0 ], [ 80.1059179, 12.6927194, 0.0 ], [ 80.1058885, 12.6925317, 0.0 ], [ 80.105791399999987, 12.6919143, 0.0 ], [ 80.1057815, 12.6917108, 0.0 ], [ 80.1057815, 12.6916493, 0.0 ], [ 80.105788499999989, 12.6915741, 0.0 ], [ 80.105889199999979, 12.6912061, 0.0 ], [ 80.1060464, 12.6907148, 0.0 ], [ 80.106354599999989, 12.6896965, 0.0 ], [ 80.106415299999981, 12.6895097, 0.0 ], [ 80.106436299999984, 12.6893503, 0.0 ], [ 80.106436299999984, 12.6891862, 0.0 ], [ 80.1063639, 12.6883297, 0.0 ], [ 80.1063462, 12.6881424, 0.0 ], [ 80.1062682, 12.6873183, 0.0 ], [ 80.1062725, 12.6871377, 0.0 ], [ 80.1062847, 12.6870544, 0.0 ], [ 80.106337600000018, 12.6867807, 0.0 ], [ 80.1063639, 12.6867032, 0.0 ], [ 80.1064553, 12.6863165, 0.0 ], [ 80.106470499999986, 12.6860075, 0.0 ], [ 80.106479599999986, 12.6854964, 0.0 ], [ 80.1064949, 12.6844712, 0.0 ], [ 80.1064827, 12.6838413, 0.0 ], [ 80.1064003, 12.6831187, 0.0 ], [ 80.1063776, 12.6828738, 0.0 ], [ 80.1063641, 12.6824053, 0.0 ], [ 80.1062937, 12.6818326, 0.0 ], [ 80.1062162, 12.6815612, 0.0 ], [ 80.1061068, 12.6811816, 0.0 ], [ 80.105424899999988, 12.6793203, 0.0 ] ] } },
{ "type": "Feature", "properties": { "osm_id": 138337668, "road_name": "Kannigaipair - Vengal - Seethancheri Road", "highway": "secondary", "ref": "MDR740", "length_m": 10291.2, "unmet_length_m": 3271.8, "pct_outside_400m": 31.8, "outside_gcc": true, "need_score": 4712.8, "rank": 44 }, "geometry": { "type": "LineString", "coordinates": [ [ 79.9269919, 13.2656224, 0.0 ], [ 79.9277598, 13.2654964, 0.0 ], [ 79.9280885, 13.2654299, 0.0 ], [ 79.928413, 13.2653966, 0.0 ], [ 79.9287503, 13.2654423, 0.0 ], [ 79.9301316, 13.2657436, 0.0 ], [ 79.930272499999987, 13.2657766, 0.0 ], [ 79.9311115, 13.2659729, 0.0 ], [ 79.9330875, 13.2664561, 0.0 ], [ 79.9342586, 13.2667012, 0.0 ], [ 79.935645600000015, 13.2668991, 0.0 ], [ 79.9364141, 13.2670508, 0.0 ], [ 79.9376395, 13.2672523, 0.0 ], [ 79.9393581, 13.2675515, 0.0 ], [ 79.94138, 13.2679023, 0.0 ], [ 79.942298, 13.2679646, 0.0 ], [ 79.9424346, 13.2679729, 0.0 ], [ 79.942593, 13.267947, 0.0 ], [ 79.9530684, 13.2653341, 0.0 ], [ 79.955716295227404, 13.264866005776751, 0.0 ] ] } },
{ "type": "Feature", "properties": { "osm_id": 130109228, "road_name": "Unnamed road", "highway": "tertiary", "ref": "", "length_m": 3615.8, "unmet_length_m": 3244.7, "pct_outside_400m": 89.7, "outside_gcc": true, "need_score": 4700.6, "rank": 45 }, "geometry": { "type": "LineString", "coordinates": [ [ 80.254269599999986, 13.2584942, 0.0 ], [ 80.254438899999982, 13.2559926, 0.0 ], [ 80.254327299999986, 13.2558339, 0.0 ], [ 80.254292899999982, 13.254021, 0.0 ], [ 80.2543616, 13.2530602, 0.0 ], [ 80.2542844, 13.2519992, 0.0 ], [ 80.254009699999983, 13.250345, 0.0 ], [ 80.2536664, 13.2501946, 0.0 ], [ 80.2532029, 13.2502029, 0.0 ], [ 80.2527823, 13.2503032, 0.0 ], [ 80.2519326, 13.2504035, 0.0 ], [ 80.2517438, 13.2501194, 0.0 ], [ 80.2514063, 13.2500596, 0.0 ], [ 80.2513611, 13.2499895, 0.0 ], [ 80.2513142, 13.2498642, 0.0 ], [ 80.2512901, 13.2496932, 0.0 ], [ 80.2512699, 13.2495091, 0.0 ], [ 80.2511762, 13.2489691, 0.0 ], [ 80.2511439, 13.2488903, 0.0 ], [ 80.2510862, 13.2488564, 0.0 ], [ 80.2509548, 13.2488499, 0.0 ], [ 80.250010499999988, 13.248925, 0.0 ], [ 80.249898, 13.2488903, 0.0 ], [ 80.2498403, 13.2488211, 0.0 ], [ 80.2497116, 13.2484896, 0.0 ], [ 80.2496217, 13.2482337, 0.0 ], [ 80.249613699999983, 13.248047, 0.0 ], [ 80.249607899999987, 13.2479244, 0.0 ], [ 80.2495629, 13.2477788, 0.0 ], [ 80.2495131, 13.2476972, 0.0 ], [ 80.249424599999983, 13.2476737, 0.0 ], [ 80.2493182, 13.2476854, 0.0 ], [ 80.248373, 13.2481049, 0.0 ], [ 80.248287299999987, 13.247987, 0.0 ], [ 80.247795599999989, 13.2468694, 0.0 ], [ 80.2476694, 13.2465883, 0.0 ], [ 80.2474076, 13.2460054, 0.0 ], [ 80.2472291, 13.2456079, 0.0 ], [ 80.246654, 13.245115, 0.0 ], [ 80.2459931, 13.2441124, 0.0 ], [ 80.2454867, 13.2432602, 0.0 ], [ 80.245257699999982, 13.2431446, 0.0 ], [ 80.244952, 13.243106, 0.0 ], [ 80.244812499999981, 13.2430551, 0.0 ], [ 80.2443924, 13.2428175, 0.0 ], [ 80.2443512, 13.2427942, 0.0 ], [ 80.244115099999988, 13.2425982, 0.0 ], [ 80.243855399999987, 13.2425022, 0.0 ], [ 80.243567499999983, 13.2424084, 0.0 ], [ 80.2434038, 13.242355, 0.0 ], [ 80.24278870000002, 13.2420358, 0.0 ], [ 80.242801299999982, 13.2419146, 0.0 ], [ 80.242797199999984, 13.2418174, 0.0 ], [ 80.242707199999984, 13.2417767, 0.0 ], [ 80.2425735, 13.2417533, 0.0 ], [ 80.24243989999998, 13.2417249, 0.0 ], [ 80.242214499999989, 13.2416769, 0.0 ], [ 80.2421083, 13.2416543, 0.0 ], [ 80.241867099999979, 13.241603, 0.0 ], [ 80.2417803, 13.2415845, 0.0 ], [ 80.2417585, 13.241587, 0.0 ], [ 80.2416884, 13.2415949, 0.0 ], [ 80.241581, 13.241607, 0.0 ], [ 80.241436, 13.2416233, 0.0 ], [ 80.241329, 13.2416353, 0.0 ], [ 80.2410862, 13.2416627, 0.0 ], [ 80.240965599999981, 13.2416275, 0.0 ], [ 80.240813399999979, 13.241583, 0.0 ], [ 80.2406343, 13.2415307, 0.0 ], [ 80.2401923, 13.2414015, 0.0 ], [ 80.2400164, 13.24135, 0.0 ], [ 80.239860299999989, 13.2413094, 0.0 ], [ 80.2398006, 13.2412578, 0.0 ], [ 80.2396831, 13.2411561, 0.0 ], [ 80.239525799999981, 13.2411699, 0.0 ], [ 80.2394203, 13.2411792, 0.0 ], [ 80.239254399999979, 13.2411937, 0.0 ], [ 80.239153131929001, 13.241202560156903, 0.0 ] ] } },
{ "type": "Feature", "properties": { "osm_id": 138337648, "road_name": "Kilambakkam Road", "highway": "tertiary", "ref": "O7766", "length_m": 3110.5, "unmet_length_m": 3110.5, "pct_outside_400m": 100.0, "outside_gcc": true, "need_score": 4665.8, "rank": 46 }, "geometry": { "type": "LineString", "coordinates": [ [ 80.0494752, 13.257023, 0.0 ], [ 80.0494081, 13.2579232, 0.0 ], [ 80.049423, 13.2582862, 0.0 ], [ 80.0496318, 13.2603551, 0.0 ], [ 80.0497213, 13.2605802, 0.0 ], [ 80.049781, 13.261974, 0.0 ], [ 80.050019699999979, 13.2619377, 0.0 ], [ 80.050057, 13.2632444, 0.0 ], [ 80.0498556, 13.2648559, 0.0 ], [ 80.0499078, 13.2651245, 0.0 ], [ 80.050198699999981, 13.2652044, 0.0 ], [ 80.0502956, 13.2656908, 0.0 ], [ 80.050303099999979, 13.2658795, 0.0 ], [ 80.050780399999979, 13.2660465, 0.0 ], [ 80.0518693, 13.266032, 0.0 ], [ 80.0531745, 13.2658069, 0.0 ], [ 80.054042, 13.2655983, 0.0 ], [ 80.0547637, 13.265646, 0.0 ], [ 80.0556677, 13.2654892, 0.0 ], [ 80.0565296, 13.2652368, 0.0 ], [ 80.0572567, 13.2653777, 0.0 ], [ 80.0575143, 13.2659371, 0.0 ], [ 80.057405300000013, 13.2669499, 0.0 ], [ 80.057474699999986, 13.2679433, 0.0 ], [ 80.0577026, 13.2692647, 0.0 ], [ 80.057580799999982, 13.2704167, 0.0 ], [ 80.057573799999986, 13.2708259, 0.0 ], [ 80.058337600000016, 13.2707918, 0.0 ], [ 80.059248499999981, 13.2709419, 0.0 ], [ 80.060362699999985, 13.2711192, 0.0 ], [ 80.06065, 13.2714261, 0.0 ], [ 80.061145, 13.2719499, 0.0 ], [ 80.0613787, 13.2719376, 0.0 ], [ 80.062395, 13.2720417, 0.0 ], [ 80.0624438, 13.2720467, 0.0 ], [ 80.0625793, 13.2718761, 0.0 ] ] } },
{ "type": "Feature", "properties": { "osm_id": 25451766, "road_name": "Sethambakkam Road", "highway": "tertiary", "ref": "O1532", "length_m": 3083.4, "unmet_length_m": 3083.4, "pct_outside_400m": 100.0, "outside_gcc": true, "need_score": 4625.1, "rank": 47 }, "geometry": { "type": "LineString", "coordinates": [ [ 80.0479088, 13.2311799, 0.000000000000341 ], [ 80.04904830000001, 13.2331981, 0.000000000000341 ], [ 80.0490852, 13.2341575, 0.000000000000341 ], [ 80.0491426, 13.2356502, 0.000000000000341 ], [ 80.0497121, 13.2356577, 0.000000000000341 ], [ 80.0510919, 13.2356758, 0.000000000000341 ], [ 80.0514913, 13.2355627, 0.000000000000341 ], [ 80.0521029, 13.2355804, 0.000000000000341 ], [ 80.0524175, 13.235713, 0.000000000000341 ], [ 80.052732299999988, 13.2356754, 0.000000000000341 ], [ 80.0538161, 13.2355459, 0.000000000000341 ], [ 80.0540652, 13.2356794, 0.000000000000341 ], [ 80.0558676, 13.2352784, 0.000000000000341 ], [ 80.0566752, 13.2353029, 0.000000000000341 ], [ 80.057097699999986, 13.235284, 0.000000000000341 ], [ 80.0590863, 13.2351948, 0.000000000000341 ], [ 80.0601962, 13.2350747, 0.000000000000341 ], [ 80.061262299999981, 13.2348061, 0.000000000000341 ], [ 80.061465, 13.2347041, 0.000000000000341 ], [ 80.061915499999984, 13.2346026, 0.000000000000341 ], [ 80.062459099999984, 13.2344887, 0.000000000000341 ], [ 80.0630715, 13.2343371, 0.000000000000341 ], [ 80.0633817, 13.2340627, 0.000000000000341 ], [ 80.0637981, 13.2339329, 0.000000000000341 ], [ 80.0640057, 13.2338218, 0.000000000000341 ], [ 80.0640424, 13.2337218, 0.000000000000341 ], [ 80.064068, 13.2331347, 0.000000000000341 ], [ 80.064888, 13.2329124, 0.000000000000341 ], [ 80.0650333, 13.232589, 0.000000000000341 ], [ 80.065046099999989, 13.2320496, 0.000000000000341 ], [ 80.065347, 13.2318817, 0.000000000000341 ], [ 80.0656726, 13.2317408, 0.000000000000341 ], [ 80.06635129999998, 13.2314472, 0.000000000000341 ], [ 80.0664468, 13.2313517, 0.000000000000341 ], [ 80.0666688, 13.2311297, 0.000000000000341 ], [ 80.067184899999987, 13.2309775, 0.000000000000341 ], [ 80.067235299999979, 13.2309626, 0.000000000000341 ], [ 80.0681365, 13.2308457, 0.000000000000341 ], [ 80.0688232, 13.2306953, 0.000000000000341 ], [ 80.069382399999981, 13.2302092, 0.000000000000341 ], [ 80.069534599999983, 13.2300803, 0.000000000000341 ] ] } },
{ "type": "Feature", "properties": { "osm_id": 138337674, "road_name": "Unnamed road", "highway": "tertiary", "ref": "", "length_m": 3425.9, "unmet_length_m": 3140.3, "pct_outside_400m": 91.7, "outside_gcc": true, "need_score": 4579.5, "rank": 48 }, "geometry": { "type": "LineString", "coordinates": [ [ 79.961571, 13.1680147, 0.0 ], [ 79.9619828, 13.1681965, 0.0 ], [ 79.9627077, 13.1682179, 0.0 ], [ 79.9630297, 13.1682414, 0.0 ], [ 79.9637345, 13.1682927, 0.0 ], [ 79.9640914, 13.1684959, 0.0 ], [ 79.9645651, 13.1685441, 0.0 ], [ 79.9649145, 13.1683853, 0.0 ], [ 79.965628899999984, 13.1679467, 0.0 ], [ 79.96578169999998, 13.1678903, 0.0 ], [ 79.965902499999984, 13.1675855, 0.0 ], [ 79.9661111, 13.1675534, 0.0 ], [ 79.9667371, 13.1674679, 0.0 ], [ 79.966814, 13.1673128, 0.0 ], [ 79.9667206, 13.1663451, 0.0 ], [ 79.9664955, 13.1660456, 0.0 ], [ 79.966308799999979, 13.165805, 0.0 ], [ 79.966221, 13.1653987, 0.0 ], [ 79.96621, 13.1644683, 0.0 ], [ 79.9661937, 13.1636899, 0.0 ], [ 79.9661825, 13.1631584, 0.0 ], [ 79.9657268, 13.1616987, 0.0 ], [ 79.965798099999986, 13.1615596, 0.0 ], [ 79.9662319, 13.1613725, 0.0 ], [ 79.966533899999988, 13.1614741, 0.0 ], [ 79.9668634, 13.1617094, 0.0 ], [ 79.9670172, 13.1616559, 0.0 ], [ 79.9671544, 13.1606346, 0.0 ], [ 79.967149, 13.1602283, 0.0 ], [ 79.9673082, 13.1599074, 0.0 ], [ 79.968532699999983, 13.1599128, 0.0 ], [ 79.9689191, 13.1598734, 0.0 ], [ 79.969099, 13.159699, 0.0 ], [ 79.96922189999998, 13.1594651, 0.0 ], [ 79.9692064, 13.1591097, 0.0 ], [ 79.96902, 13.15762, 0.0 ], [ 79.968763699999982, 13.1570907, 0.0 ], [ 79.968678299999979, 13.156637, 0.0 ], [ 79.9683444, 13.1552002, 0.0 ], [ 79.968282299999984, 13.154497, 0.0 ], [ 79.968134699999979, 13.153219, 0.0 ], [ 79.9678595, 13.1524327, 0.0 ], [ 79.9678111, 13.1522946, 0.0 ], [ 79.9677853, 13.1522208, 0.0 ], [ 79.967752299999987, 13.1521038, 0.0 ], [ 79.967667, 13.1518017, 0.0 ], [ 79.967575199999985, 13.1514769, 0.0 ], [ 79.967529, 13.1513134, 0.0 ], [ 79.967417, 13.150897, 0.0 ], [ 79.967244099999988, 13.1502544, 0.0 ], [ 79.9672205, 13.1501668, 0.0 ], [ 79.967148499999979, 13.1498993, 0.0 ], [ 79.9670734, 13.1496175, 0.0 ], [ 79.966950811294538, 13.149157870262309, 0.0 ] ] } },
{ "type": "Feature", "properties": { "osm_id": 99047739, "road_name": "Orathur - Kavanur Road", "highway": "tertiary", "ref": "O4600", "length_m": 3108.6, "unmet_length_m": 3024.6, "pct_outside_400m": 97.3, "outside_gcc": true, "need_score": 4496.0, "rank": 49 }, "geometry": { "type": "LineString", "coordinates": [ [ 80.0171695, 12.8453907, 0.0 ], [ 80.017222899999979, 12.8446982, 0.0 ], [ 80.017360699999983, 12.8444432, 0.0 ], [ 80.0173929, 12.8442251, 0.0 ], [ 80.0172653, 12.8433558, 0.0 ], [ 80.017131899999981, 12.842081, 0.0 ], [ 80.017038, 12.8414376, 0.0 ], [ 80.0170393, 12.8412807, 0.0 ], [ 80.017100199999987, 12.8411394, 0.0 ], [ 80.0172351, 12.8408819, 0.0 ], [ 80.01751179999998, 12.8404906, 0.0 ], [ 80.0175523, 12.8404223, 0.0 ], [ 80.0175704, 12.8403851, 0.0 ], [ 80.017582499999989, 12.8403426, 0.0 ], [ 80.01758719999998, 12.8402955, 0.0 ], [ 80.0175858, 12.840236, 0.0 ], [ 80.017571099999984, 12.8401235, 0.0 ], [ 80.016724199999985, 12.8370971, 0.0 ], [ 80.016728499999985, 12.8369718, 0.0 ], [ 80.016797899999986, 12.8368978, 0.0 ], [ 80.016884399999981, 12.8368651, 0.0 ], [ 80.0169535, 12.8368533, 0.0 ], [ 80.0171561, 12.8368297, 0.0 ], [ 80.0173089, 12.8368402, 0.0 ], [ 80.0185993, 12.8370306, 0.0 ], [ 80.019303099999988, 12.8371436, 0.0 ], [ 80.0193769, 12.8371397, 0.0 ], [ 80.0194376, 12.8370771, 0.0 ], [ 80.0195, 12.8369653, 0.0 ], [ 80.019529, 12.8368442, 0.0 ], [ 80.0195505, 12.8366751, 0.0 ], [ 80.019559299999983, 12.8364323, 0.0 ], [ 80.0195292, 12.8360754, 0.0 ], [ 80.0195324, 12.8358067, 0.0 ], [ 80.019497699999988, 12.8351747, 0.0 ], [ 80.01952009999998, 12.8349319, 0.0 ], [ 80.019552499999989, 12.8347009, 0.0 ], [ 80.019519, 12.8343087, 0.0 ], [ 80.0193635, 12.833702, 0.0 ], [ 80.01932859999998, 12.8335137, 0.0 ], [ 80.0193326, 12.8334261, 0.0 ], [ 80.0193813, 12.8333545, 0.0 ], [ 80.0194828, 12.833328, 0.0 ], [ 80.0198543, 12.8332953, 0.0 ], [ 80.020019299999987, 12.8332469, 0.0 ], [ 80.0201815, 12.8331946, 0.0 ], [ 80.02038, 12.8331267, 0.0 ], [ 80.0207005, 12.8330541, 0.0 ], [ 80.0211471, 12.8328808, 0.0 ], [ 80.0219012, 12.8324993, 0.0 ], [ 80.0223635, 12.832419, 0.0 ], [ 80.0227727, 12.832348, 0.0 ], [ 80.0228696, 12.8323312, 0.0 ], [ 80.02357619999998, 12.8323029, 0.0 ], [ 80.024013, 12.8322869, 0.0 ], [ 80.024253699999988, 12.8321604, 0.0 ], [ 80.024461699999989, 12.8317824, 0.0 ], [ 80.0245634, 12.8308466, 0.0 ], [ 80.0246277, 12.8302546, 0.0 ], [ 80.024704499999984, 12.8298851, 0.0 ], [ 80.0247785, 12.8294539, 0.0 ], [ 80.0248076, 12.829284, 0.0 ], [ 80.0248361, 12.8288925, 0.0 ], [ 80.0248605, 12.828557, 0.0 ], [ 80.024875399999985, 12.8281394, 0.0 ], [ 80.0248561, 12.827756, 0.0 ], [ 80.024787599999982, 12.8268983, 0.0 ], [ 80.024741, 12.8262842, 0.0 ], [ 80.024761484400813, 12.825970059648073, 0.0 ] ] } },
{ "type": "Feature", "properties": { "osm_id": 422434618, "road_name": "Ponmar - Thazhambur Road", "highway": "tertiary", "ref": "O10177", "length_m": 3696.3, "unmet_length_m": 3063.7, "pct_outside_400m": 82.9, "outside_gcc": true, "need_score": 4409.6, "rank": 50 }, "geometry": { "type": "LineString", "coordinates": [ [ 80.19654857073057, 12.847494607979463, 0.0 ], [ 80.196220299999979, 12.8475422, 0.0 ], [ 80.1953451, 12.8476692, 0.0 ], [ 80.194159099999979, 12.8478671, 0.0 ], [ 80.1923655, 12.8481355, 0.0 ], [ 80.190863399999984, 12.84846, 0.0 ], [ 80.1909799, 12.8489142, 0.0 ], [ 80.190975199999983, 12.8490207, 0.0 ], [ 80.190928299999982, 12.8490959, 0.0 ], [ 80.190886699999979, 12.8491188, 0.0 ], [ 80.1908042, 12.8491417, 0.0 ], [ 80.190614499999981, 12.8491521, 0.0 ], [ 80.189058799999984, 12.849432, 0.0 ], [ 80.1889971, 12.849466, 0.0 ], [ 80.1889881, 12.8494779, 0.0 ], [ 80.1889456, 12.8495349, 0.0 ], [ 80.1888857, 12.8506387, 0.0 ], [ 80.1888691, 12.8509441, 0.0 ], [ 80.1888224, 12.8512983, 0.0 ], [ 80.1888198, 12.8513359, 0.0 ], [ 80.1887972, 12.8516599, 0.0 ], [ 80.1887943, 12.8519698, 0.0 ], [ 80.188802399999986, 12.8521705, 0.0 ], [ 80.1888069, 12.8522803, 0.0 ], [ 80.1888016, 12.8526844, 0.0 ], [ 80.1869321, 12.8528932, 0.0 ], [ 80.186963, 12.8532743, 0.0 ], [ 80.186969099999985, 12.8533492, 0.0 ], [ 80.1865238, 12.8534132, 0.0 ], [ 80.1862288, 12.8535363, 0.0 ], [ 80.1860893, 12.8535776, 0.0 ], [ 80.185727499999985, 12.8535946, 0.0 ], [ 80.1856848, 12.8535948, 0.0 ], [ 80.1854095, 12.8536292, 0.0 ], [ 80.185357899999985, 12.8536356, 0.0 ], [ 80.185104, 12.8536811, 0.0 ], [ 80.1849298, 12.8537534, 0.0 ], [ 80.1846264, 12.8539776, 0.0 ], [ 80.184509099999985, 12.8540257, 0.0 ], [ 80.1839012, 12.854131, 0.0 ], [ 80.1835843, 12.8542612, 0.0 ], [ 80.1832612, 12.8544632, 0.0 ], [ 80.183093500000012, 12.8545286, 0.0 ], [ 80.1829011, 12.8545711, 0.0 ], [ 80.1817103, 12.8547255, 0.0 ], [ 80.1814571, 12.8547297, 0.0 ], [ 80.179886899999985, 12.8547534, 0.0 ], [ 80.178250399999982, 12.854778, 0.0 ], [ 80.1779335, 12.8547908, 0.0 ], [ 80.177267699999987, 12.8550338, 0.0 ], [ 80.176716399999989, 12.8552948, 0.0 ], [ 80.1765423, 12.85537, 0.0 ], [ 80.1763928, 12.8553955, 0.0 ], [ 80.1761875, 12.8554034, 0.0 ], [ 80.1751761, 12.8553571, 0.0 ], [ 80.174958299999986, 12.8553522, 0.0 ], [ 80.1746804, 12.8553459, 0.0 ], [ 80.173951067136286, 12.855354769342615, 0.0 ] ] } },
{ "type": "Feature", "properties": { "osm_id": 177370773, "road_name": "Senkundram Road", "highway": "tertiary", "ref": "O6334", "length_m": 2934.7, "unmet_length_m": 2934.7, "pct_outside_400m": 100.0, "outside_gcc": true, "need_score": 4402.0, "rank": 51 }, "geometry": { "type": "LineString", "coordinates": [ [ 80.0085568, 12.7585377, 0.0 ], [ 80.008677599999984, 12.7585698, 0.0 ], [ 80.0094267, 12.7586128, 0.0 ], [ 80.0096005, 12.7586773, 0.0 ], [ 80.0100893, 12.758752, 0.0 ], [ 80.0105682, 12.758715, 0.0 ], [ 80.010626, 12.7586933, 0.0 ], [ 80.0112083, 12.7584748, 0.0 ], [ 80.0113558, 12.7584194, 0.0 ], [ 80.0117806, 12.75826, 0.0 ], [ 80.0120294, 12.7581655, 0.0 ], [ 80.0120552, 12.7581557, 0.0 ], [ 80.0126338, 12.757936, 0.0 ], [ 80.012899299999987, 12.7578313, 0.0 ], [ 80.0132669, 12.7576578, 0.0 ], [ 80.0134495, 12.7575716, 0.0 ], [ 80.0135441, 12.7575064, 0.0 ], [ 80.0136343, 12.7574442, 0.0 ], [ 80.013891799999982, 12.7573683, 0.0 ], [ 80.0143746, 12.7572741, 0.0 ], [ 80.0148342, 12.7571509, 0.0 ], [ 80.0152959, 12.7570472, 0.0 ], [ 80.0154461, 12.7569968, 0.0 ], [ 80.0155507, 12.7569144, 0.0 ], [ 80.0156453, 12.7568183, 0.0 ], [ 80.0158846, 12.7565796, 0.0 ], [ 80.0159792, 12.756509, 0.0 ], [ 80.016067699999979, 12.7564749, 0.0 ], [ 80.0162441, 12.7563889, 0.0 ], [ 80.0165882, 12.7562427, 0.0 ], [ 80.0170962, 12.756027, 0.0 ], [ 80.017413199999979, 12.7558924, 0.0 ], [ 80.017508899999982, 12.7558518, 0.0 ], [ 80.017725, 12.75576, 0.0 ], [ 80.0179196, 12.7557131, 0.0 ], [ 80.01797879999998, 12.755715, 0.0 ], [ 80.0180302, 12.7557409, 0.0 ], [ 80.0180881, 12.7557765, 0.0 ], [ 80.0181509, 12.75583, 0.0 ], [ 80.0182155, 12.755885, 0.0 ], [ 80.018368399999986, 12.7560185, 0.0 ], [ 80.0186352, 12.7562029, 0.0 ], [ 80.018762599999988, 12.7563258, 0.0 ], [ 80.0189169, 12.7565207, 0.0 ], [ 80.018997299999981, 12.7566398, 0.0 ], [ 80.0190671, 12.7567614, 0.0 ], [ 80.0193755, 12.7572427, 0.0 ], [ 80.0194694, 12.7573748, 0.0 ], [ 80.0196411, 12.7576639, 0.0 ], [ 80.0197966, 12.7579464, 0.0 ], [ 80.020011199999985, 12.7583362, 0.0 ], [ 80.020203, 12.7586031, 0.0 ], [ 80.0202875, 12.7586855, 0.0 ], [ 80.020431, 12.7587783, 0.0 ], [ 80.0206108, 12.7588667, 0.0 ], [ 80.020754199999985, 12.7589183, 0.0 ], [ 80.0208642, 12.7589301, 0.0 ], [ 80.021027799999985, 12.7589144, 0.0 ], [ 80.0213251, 12.7588723, 0.0 ], [ 80.0214985, 12.758862, 0.0 ], [ 80.021566899999982, 12.7588817, 0.0 ], [ 80.021638, 12.7589209, 0.0 ], [ 80.021690299999989, 12.7589784, 0.0 ], [ 80.0217466, 12.7590674, 0.0 ], [ 80.021880699999983, 12.759363, 0.0 ], [ 80.021925, 12.7594572, 0.0 ], [ 80.021935699999986, 12.7595762, 0.0 ], [ 80.0219277, 12.7597057, 0.0 ], [ 80.021878, 12.7599791, 0.0 ], [ 80.0217774, 12.7604839, 0.0 ], [ 80.0217075, 12.7610261, 0.0 ], [ 80.0216905, 12.7612931, 0.0 ], [ 80.021671, 12.7616013, 0.0 ], [ 80.0216675, 12.7616559, 0.0 ], [ 80.021638, 12.7621006, 0.0 ], [ 80.0216554, 12.7622798, 0.0 ], [ 80.0216916, 12.7625218, 0.0 ], [ 80.0217614, 12.7629246, 0.0 ], [ 80.021831099999986, 12.7633942, 0.0 ], [ 80.0218351, 12.7635995, 0.0 ], [ 80.021816299999983, 12.7637238, 0.0 ], [ 80.0217789, 12.7638283, 0.0 ], [ 80.0217587, 12.7638847, 0.0 ], [ 80.0216876, 12.7640495, 0.0 ], [ 80.0215843, 12.7643464, 0.0 ], [ 80.0214918, 12.7644785, 0.0 ], [ 80.0213818, 12.7645831, 0.0 ], [ 80.0213134, 12.7646394, 0.0 ], [ 80.0212651, 12.7646969, 0.0 ], [ 80.0212423, 12.7647329, 0.0 ], [ 80.0212222, 12.7647741, 0.0 ], [ 80.0212162, 12.7648186, 0.0 ], [ 80.021216899999985, 12.764901, 0.0 ], [ 80.0212236, 12.7650631, 0.0 ], [ 80.021239699999981, 12.765173, 0.0 ], [ 80.0212893, 12.7652999, 0.0 ], [ 80.0214837, 12.7656635, 0.0 ], [ 80.021499799999987, 12.7657629, 0.0 ], [ 80.0214797, 12.7658466, 0.0 ], [ 80.0214301, 12.7659355, 0.0 ], [ 80.021302, 12.7661664, 0.0 ], [ 80.021253699999988, 12.7662148, 0.0 ], [ 80.0211887, 12.7662534, 0.0 ], [ 80.0207247, 12.7663619, 0.0 ], [ 80.0203733, 12.766443, 0.0 ], [ 80.020315599999989, 12.766477, 0.0 ], [ 80.020247399999988, 12.7665131, 0.0 ], [ 80.0202566, 12.7666052, 0.0 ], [ 80.020317, 12.7668158, 0.0 ], [ 80.0208199, 12.7683422, 0.0 ] ] } },
{ "type": "Feature", "properties": { "osm_id": 84086879, "road_name": "BDO Office Road", "highway": "tertiary", "ref": "", "length_m": 3992.5, "unmet_length_m": 3136.5, "pct_outside_400m": 78.6, "outside_gcc": true, "need_score": 4368.6, "rank": 52 }, "geometry": { "type": "LineString", "coordinates": [ [ 80.024413532914224, 12.915780482537295, 0.0 ], [ 80.0244011, 12.9157148, 0.0 ], [ 80.024315099999981, 12.915319, 0.0 ], [ 80.0240955, 12.9144449, 0.0 ], [ 80.0238186, 12.9131875, 0.0 ], [ 80.0238362, 12.9128339, 0.0 ], [ 80.023979, 12.9121224, 0.0 ], [ 80.024004099999985, 12.9119743, 0.0 ], [ 80.024088599999985, 12.9116519, 0.0 ], [ 80.0246899, 12.9093779, 0.0 ], [ 80.02517349999998, 12.9078997, 0.0 ], [ 80.0254962, 12.9062932, 0.0 ], [ 80.025540299999989, 12.9061155, 0.0 ], [ 80.0255515, 12.9057666, 0.0 ], [ 80.0255597, 12.9055091, 0.0 ], [ 80.025561699999983, 12.9054461, 0.0 ], [ 80.0255813, 12.9048331, 0.0 ], [ 80.0256051, 12.9044749, 0.0 ], [ 80.0256289, 12.9041168, 0.0 ], [ 80.025650399999989, 12.9037919, 0.0 ], [ 80.0256602, 12.9033846, 0.0 ], [ 80.0256631, 12.9032685, 0.0 ], [ 80.0256654, 12.9031727, 0.0 ], [ 80.0256812, 12.902518, 0.0 ], [ 80.0257443, 12.9020062, 0.0 ], [ 80.0257819, 12.9016622, 0.0 ], [ 80.02582, 12.9013133, 0.0 ], [ 80.0258039, 12.9007731, 0.0 ], [ 80.0258021, 12.9007112, 0.0 ], [ 80.0258651, 12.8998697, 0.0 ], [ 80.025846299999984, 12.8996435, 0.0 ], [ 80.025695099999979, 12.8992509, 0.0 ], [ 80.0254426, 12.8988254, 0.0 ], [ 80.0252309, 12.8985329, 0.0 ], [ 80.0244712, 12.8974829, 0.0 ], [ 80.0232695, 12.8959005, 0.0 ], [ 80.023109299999987, 12.8956798, 0.0 ], [ 80.0228245, 12.8952876, 0.0 ], [ 80.0225338, 12.8948533, 0.0 ], [ 80.0223301, 12.894549, 0.0 ], [ 80.0221697, 12.8943093, 0.0 ], [ 80.022105599999989, 12.8942136, 0.0 ], [ 80.021952, 12.8940012, 0.0 ], [ 80.021838099999982, 12.8938441, 0.0 ], [ 80.021679, 12.8936132, 0.0 ], [ 80.0216411, 12.8935064, 0.0 ], [ 80.0215767, 12.8933248, 0.0 ], [ 80.0215423, 12.8929216, 0.0 ], [ 80.021527399999982, 12.892747, 0.0 ], [ 80.0214895, 12.8923038, 0.0 ], [ 80.021485100000021, 12.8913656, 0.0 ], [ 80.021502, 12.8913029, 0.0 ], [ 80.021548, 12.8912846, 0.0 ], [ 80.0217723, 12.8912472, 0.0 ], [ 80.021832599999982, 12.8912239, 0.0 ], [ 80.0218535, 12.8911616, 0.0 ], [ 80.0217466, 12.890487, 0.0 ], [ 80.021719, 12.8902557, 0.0 ], [ 80.021713099999985, 12.8902065, 0.0 ], [ 80.021706401971812, 12.890150167089143, 0.0 ] ] } },
{ "type": "Feature", "properties": { "osm_id": 138337694, "road_name": "Pagalmedu Road", "highway": "tertiary", "ref": "O7920", "length_m": 3320.8, "unmet_length_m": 3003.9, "pct_outside_400m": 90.5, "outside_gcc": true, "need_score": 4362.6, "rank": 53 }, "geometry": { "type": "LineString", "coordinates": [ [ 80.041535399999987, 13.2481877, 0.0 ], [ 80.041547799999989, 13.2454174, 0.0 ], [ 80.0415408, 13.244367, 0.0 ], [ 80.04173, 13.2436508, 0.0 ], [ 80.040643799999984, 13.2433507, 0.0 ], [ 80.0404687, 13.2429687, 0.0 ], [ 80.0403495, 13.241434, 0.0 ], [ 80.040378599999983, 13.2402066, 0.0 ], [ 80.0403543, 13.2400657, 0.0 ], [ 80.0402498, 13.2400291, 0.0 ], [ 80.0398904, 13.2399716, 0.0 ], [ 80.0390396, 13.2398034, 0.0 ], [ 80.03857720000002, 13.2397891, 0.0 ], [ 80.0381735, 13.2398892, 0.0 ], [ 80.0366908, 13.2399034, 0.0 ], [ 80.0360229, 13.2400964, 0.0 ], [ 80.035043699999989, 13.2400839, 0.0 ], [ 80.034724499999982, 13.2400369, 0.0 ], [ 80.034657399999986, 13.2399847, 0.0 ], [ 80.0345582, 13.2395539, 0.0 ], [ 80.034512599999985, 13.2391701, 0.0 ], [ 80.034448199999986, 13.23905, 0.0 ], [ 80.033041, 13.2390215, 0.0 ], [ 80.032254199999983, 13.2390056, 0.0 ], [ 80.0315823, 13.2389675, 0.0 ], [ 80.0310579, 13.2388776, 0.0 ], [ 80.0304517, 13.2387393, 0.0 ], [ 80.0302613, 13.2386635, 0.0 ], [ 80.030178099999986, 13.2385643, 0.0 ], [ 80.0301272, 13.2383398, 0.0 ], [ 80.0301057, 13.2382693, 0.0 ], [ 80.0300279, 13.2382353, 0.0 ], [ 80.02878339999998, 13.2380944, 0.0 ], [ 80.0286949, 13.2381466, 0.0 ], [ 80.0285366, 13.2382327, 0.0 ], [ 80.0283408, 13.2382353, 0.0 ], [ 80.026710699999981, 13.2379832, 0.0 ], [ 80.0265556, 13.2379525, 0.0 ], [ 80.0259475, 13.2378319, 0.0 ], [ 80.0243607, 13.237665, 0.0 ], [ 80.023905118682208, 13.237638660611099, 0.0 ] ] } },
{ "type": "Feature", "properties": { "osm_id": 34658969, "road_name": "Ramapuram - Pakkam road", "highway": "tertiary", "ref": "O5612", "length_m": 5121.2, "unmet_length_m": 3187.2, "pct_outside_400m": 62.2, "outside_gcc": true, "need_score": 4354.0, "rank": 54 }, "geometry": { "type": "LineString", "coordinates": [ [ 80.010277580509367, 13.152438788185075, 0.0 ], [ 80.0100401, 13.1523702, 0.0 ], [ 80.0098121, 13.152284, 0.0 ], [ 80.0094983, 13.1521612, 0.0 ], [ 80.00907789999998, 13.1520704, 0.0 ], [ 80.0088653, 13.1520136, 0.0 ], [ 80.0087969, 13.1519483, 0.0 ], [ 80.008766799999989, 13.1518502, 0.0 ], [ 80.00875, 13.1514534, 0.0 ], [ 80.008709699999983, 13.151268, 0.0 ], [ 80.0086386, 13.1511513, 0.0 ], [ 80.008599799999985, 13.1510877, 0.0 ], [ 80.0083547, 13.1508883, 0.0 ], [ 80.0080633, 13.1507822, 0.0 ], [ 80.0077414, 13.1506098, 0.0 ], [ 80.0074142, 13.1505366, 0.0 ], [ 80.0073311, 13.1505105, 0.0 ], [ 80.007266699999988, 13.1504583, 0.0 ], [ 80.0072157, 13.1503538, 0.0 ], [ 80.0071219, 13.1502572, 0.0 ], [ 80.0070092, 13.1502128, 0.0 ], [ 80.0066015, 13.1501762, 0.0 ], [ 80.0055635, 13.1500926, 0.0 ], [ 80.0045917, 13.1499588, 0.0 ], [ 80.004241199999981, 13.1499307, 0.0 ], [ 80.003857199999985, 13.150019, 0.0 ], [ 80.0035053, 13.1501277, 0.0 ], [ 80.003026099999985, 13.150124, 0.0 ], [ 80.0026506, 13.150137, 0.0 ], [ 80.0021222, 13.1502128, 0.0 ], [ 80.0019861, 13.1501945, 0.0 ], [ 80.0019195, 13.1501757, 0.0 ], [ 80.001685, 13.1501083, 0.0 ], [ 80.0013873, 13.150043, 0.0 ], [ 80.0011155, 13.149949, 0.0 ], [ 80.000537, 13.1498915, 0.0 ], [ 80.0001374, 13.1499072, 0.0 ], [ 79.9996868, 13.1499699, 0.0 ], [ 79.9990028, 13.1501658, 0.0 ], [ 79.9986044, 13.1502363, 0.0 ], [ 79.998332399999981, 13.1502581, 0.0 ], [ 79.9981096, 13.1502859, 0.0 ], [ 79.9979219, 13.1503303, 0.0 ], [ 79.9969554, 13.1506513, 0.0 ], [ 79.9967727, 13.1502111, 0.0 ], [ 79.9967502, 13.1501568, 0.0 ], [ 79.9965298, 13.1497426, 0.0 ], [ 79.9964601, 13.1495833, 0.0 ], [ 79.996361799999988, 13.149221, 0.0 ], [ 79.996258899999987, 13.1489591, 0.0 ], [ 79.9961624, 13.1488128, 0.0 ], [ 79.9960121, 13.1486953, 0.0 ], [ 79.9944065, 13.1477266, 0.0 ], [ 79.994327700000014, 13.1476799, 0.0 ], [ 79.994044800000012, 13.1475123, 0.0 ], [ 79.9938436, 13.1474157, 0.0 ], [ 79.9937021, 13.1473575, 0.0 ], [ 79.993617799999981, 13.1473325, 0.0 ], [ 79.99353, 13.1473135, 0.0 ], [ 79.9934579, 13.1473014, 0.0 ], [ 79.993391499999987, 13.1472965, 0.0 ], [ 79.9932981, 13.1473007, 0.0 ], [ 79.993127499999986, 13.1473334, 0.0 ], [ 79.9926331, 13.1474825, 0.0 ], [ 79.9924938, 13.1475273, 0.0 ], [ 79.9924151, 13.1475436, 0.0 ], [ 79.992348, 13.1475493, 0.0 ], [ 79.992282399999979, 13.1475429, 0.0 ], [ 79.9922138, 13.1475195, 0.0 ], [ 79.9921548, 13.1474873, 0.0 ], [ 79.9920194, 13.1474084, 0.0 ], [ 79.9919187, 13.1473532, 0.0 ], [ 79.9918388, 13.1473239, 0.0 ], [ 79.9917161, 13.1472979, 0.0 ], [ 79.9916874, 13.1472928, 0.0 ], [ 79.9909984, 13.1471694, 0.0 ], [ 79.9908382, 13.1471417, 0.0 ], [ 79.990462699999981, 13.1470766, 0.0 ], [ 79.9902044, 13.1470319, 0.0 ], [ 79.990092499999989, 13.147015, 0.0 ], [ 79.9899155, 13.1469884, 0.0 ], [ 79.9898606, 13.1469801, 0.0 ], [ 79.9896312, 13.1469384, 0.0 ], [ 79.9895504, 13.1469237, 0.0 ], [ 79.989325899999983, 13.1468696, 0.0 ], [ 79.9892664, 13.1468515, 0.0 ], [ 79.989055, 13.1467873, 0.0 ], [ 79.9889177, 13.1467407, 0.0 ], [ 79.9888524, 13.1467186, 0.0 ], [ 79.988800199999986, 13.1467038, 0.0 ], [ 79.988717, 13.1466802, 0.0 ], [ 79.9883709, 13.1466205, 0.0 ], [ 79.9881313, 13.1465844, 0.0 ], [ 79.9880098, 13.1465754, 0.0 ], [ 79.9879361, 13.146575, 0.0 ], [ 79.987811799999989, 13.1465743, 0.0 ], [ 79.9874507, 13.1465777, 0.0 ], [ 79.987267799999984, 13.1465844, 0.0 ], [ 79.987094199999987, 13.1466047, 0.0 ], [ 79.9869996, 13.1466183, 0.0 ], [ 79.9866451, 13.146669, 0.0 ], [ 79.9865699, 13.1466766, 0.0 ], [ 79.9862446, 13.1467096, 0.0 ], [ 79.985966300000015, 13.1467283, 0.0 ], [ 79.984925299999986, 13.14679, 0.0 ], [ 79.984832396140007, 13.14679330041764, 0.0 ] ] } },
{ "type": "Feature", "properties": { "osm_id": 166562077, "road_name": "Kayar - Komannagar - Thaiyur Road", "highway": "tertiary", "ref": "O2452", "length_m": 5560.7, "unmet_length_m": 3262.2, "pct_outside_400m": 58.7, "outside_gcc": true, "need_score": 4341.4, "rank": 55 }, "geometry": { "type": "LineString", "coordinates": [ [ 80.155655777015028, 12.765845360572063, 0.0 ], [ 80.1556906, 12.7657485, 0.0 ], [ 80.1556157, 12.7651861, 0.0 ], [ 80.1556438, 12.7649755, 0.0 ], [ 80.1556809, 12.7648768, 0.0 ], [ 80.1557833, 12.7648042, 0.0 ], [ 80.1562542, 12.7646449, 0.0 ], [ 80.1565276, 12.7645622, 0.0 ], [ 80.156938, 12.7644236, 0.0 ], [ 80.1580043, 12.7643529, 0.0 ], [ 80.1584896, 12.7643255, 0.0 ], [ 80.158717699999983, 12.7643155, 0.0 ], [ 80.1590878, 12.7642993, 0.0 ], [ 80.1592983, 12.7642326, 0.0 ], [ 80.159484699999979, 12.7641489, 0.0 ], [ 80.1598643, 12.7639318, 0.0 ], [ 80.162627, 12.7622458, 0.0 ], [ 80.1628067, 12.7621555, 0.0 ], [ 80.162962199999981, 12.7621241, 0.0 ], [ 80.1631151, 12.7621503, 0.0 ], [ 80.163501399999987, 12.7623164, 0.0 ], [ 80.164465599999986, 12.7627454, 0.0 ], [ 80.164707, 12.7628919, 0.0 ], [ 80.1651643, 12.7632438, 0.0 ], [ 80.165970299999984, 12.763835, 0.0 ], [ 80.1661701, 12.7640011, 0.0 ], [ 80.166429, 12.7641463, 0.0 ], [ 80.166851399999985, 12.7643372, 0.0 ], [ 80.167559499999982, 12.7645884, 0.0 ], [ 80.1686834, 12.7650252, 0.0 ], [ 80.1699413, 12.7655026, 0.0 ], [ 80.17077279999998, 12.7658152, 0.0 ], [ 80.1718055, 12.766358, 0.0 ], [ 80.1726195, 12.7667949, 0.0 ], [ 80.1732512, 12.767114, 0.0 ], [ 80.174599, 12.7676712, 0.0 ], [ 80.1781355, 12.7690602, 0.0 ], [ 80.178784599999986, 12.7694395, 0.0 ], [ 80.1791755, 12.7696737, 0.0 ], [ 80.1797046, 12.7699261, 0.0 ], [ 80.1801585, 12.7701066, 0.0 ], [ 80.1805535, 12.7702132, 0.0 ], [ 80.1810457, 12.7703119, 0.0 ], [ 80.181308728778546, 12.770349946248018, 0.0 ] ] } },
{ "type": "Feature", "properties": { "osm_id": 64384653, "road_name": "Anjur Road", "highway": "tertiary", "ref": "O8998", "length_m": 2843.5, "unmet_length_m": 2843.5, "pct_outside_400m": 100.0, "outside_gcc": true, "need_score": 4265.3, "rank": 56 }, "geometry": { "type": "LineString", "coordinates": [ [ 80.004521399999987, 12.7246608, 0.0 ], [ 80.0058156, 12.7243785, 0.0 ], [ 80.0060886, 12.7243311, 0.0 ], [ 80.0066149, 12.7242398, 0.0 ], [ 80.007484, 12.7241875, 0.0 ], [ 80.007872899999981, 12.7241852, 0.0 ], [ 80.0092784, 12.724177, 0.0 ], [ 80.010242199999979, 12.7241976, 0.0 ], [ 80.0115851, 12.7242503, 0.0 ], [ 80.01165349999998, 12.724279, 0.0 ], [ 80.011687, 12.7243209, 0.0 ], [ 80.0117232, 12.7243876, 0.0 ], [ 80.011754, 12.7247094, 0.0 ], [ 80.011801, 12.7247827, 0.0 ], [ 80.011868, 12.7248245, 0.0 ], [ 80.011986, 12.7248429, 0.0 ], [ 80.0132426, 12.7249237, 0.0 ], [ 80.013510899999986, 12.724941, 0.0 ], [ 80.0140674, 12.724941, 0.0 ], [ 80.014141199999983, 12.7249763, 0.0 ], [ 80.0141801, 12.7250299, 0.0 ], [ 80.014192200000011, 12.7250822, 0.0 ], [ 80.0141975, 12.7251503, 0.0 ], [ 80.0142029, 12.7253465, 0.0 ], [ 80.014235099999979, 12.7255061, 0.0 ], [ 80.0142753, 12.7256317, 0.0 ], [ 80.0145459, 12.7262054, 0.0 ], [ 80.0146645, 12.7262326, 0.0 ], [ 80.0163067, 12.7264753, 0.0 ], [ 80.0162393, 12.7269304, 0.0 ], [ 80.0160194, 12.7276888, 0.0 ], [ 80.0159322, 12.7279261, 0.0 ], [ 80.0158881, 12.7280292, 0.0 ], [ 80.0158492, 12.7280714, 0.0 ], [ 80.0157802, 12.7280964, 0.0 ], [ 80.0157377, 12.7281117, 0.0 ], [ 80.0156436, 12.7281106, 0.0 ], [ 80.0148729, 12.7280494, 0.0 ], [ 80.0142224, 12.7280396, 0.0 ], [ 80.013659599999983, 12.7280386, 0.0 ], [ 80.012253199999989, 12.7281163, 0.0 ], [ 80.011415699999986, 12.7281357, 0.0 ], [ 80.0110964, 12.7281406, 0.0 ], [ 80.0109314, 12.7280678, 0.0 ], [ 80.0107226, 12.7277755, 0.0 ], [ 80.0102626, 12.7270056, 0.0 ], [ 80.0101072, 12.7267709, 0.0 ], [ 80.009946299999982, 12.7265794, 0.0 ], [ 80.0098206, 12.7265509, 0.0 ], [ 80.0097049, 12.7266224, 0.0 ], [ 80.0094332, 12.726825, 0.0 ], [ 80.0087185, 12.7273465, 0.0 ], [ 80.0068276, 12.7286886, 0.0 ] ] } },
{ "type": "Feature", "properties": { "osm_id": 385083687, "road_name": "Pillaipakkam - Kaduvancheri Road", "highway": "tertiary", "ref": "O5165", "length_m": 2833.3, "unmet_length_m": 2833.3, "pct_outside_400m": 100.0, "outside_gcc": true, "need_score": 4249.9, "rank": 57 }, "geometry": { "type": "LineString", "coordinates": [ [ 79.959123399999982, 12.9439484, 0.0 ], [ 79.9586031, 12.9439099, 0.0 ], [ 79.9579935, 12.9439202, 0.0 ], [ 79.9579461, 12.9438898, 0.0 ], [ 79.957909200000017, 12.9438662, 0.0 ], [ 79.95782, 12.9436783, 0.0 ], [ 79.957673, 12.9428608, 0.0 ], [ 79.9575573, 12.9420997, 0.0 ], [ 79.9575329, 12.9419505, 0.0 ], [ 79.957374099999981, 12.9409769, 0.0 ], [ 79.957260099999985, 12.940333, 0.0 ], [ 79.9571814, 12.9398881, 0.0 ], [ 79.9571716, 12.9398329, 0.0 ], [ 79.9568535, 12.9383882, 0.0 ], [ 79.9565971, 12.9372593, 0.0 ], [ 79.9563063, 12.9362082, 0.0 ], [ 79.9561593, 12.9357313, 0.0 ], [ 79.9561231, 12.935534, 0.0 ], [ 79.956034, 12.9352004, 0.0 ], [ 79.955949599999983, 12.9350031, 0.0 ], [ 79.9558869, 12.9346695, 0.0 ], [ 79.9558291, 12.9343829, 0.0 ], [ 79.9557712, 12.9342584, 0.0 ], [ 79.9556098, 12.9339624, 0.0 ], [ 79.9555543, 12.9337745, 0.0 ], [ 79.955525399999985, 12.9334479, 0.0 ], [ 79.9554989, 12.9332718, 0.0 ], [ 79.9553735, 12.9328865, 0.0 ], [ 79.9549469, 12.9317401, 0.0 ], [ 79.9546023, 12.9307863, 0.0 ], [ 79.9541875, 12.9293636, 0.0 ], [ 79.9540693, 12.9288357, 0.0 ], [ 79.95395, 12.9283447, 0.0 ], [ 79.9538654, 12.9280192, 0.0 ], [ 79.9537345, 12.9277935, 0.0 ], [ 79.953652599999984, 12.9275656, 0.0 ], [ 79.9536274, 12.9272071, 0.0 ], [ 79.953469399999989, 12.9264732, 0.0 ], [ 79.953143, 12.9254771, 0.0 ], [ 79.952931899999982, 12.9247677, 0.0 ], [ 79.9528307, 12.9243448, 0.0 ], [ 79.952652299999983, 12.9238257, 0.0 ], [ 79.95244839999998, 12.9232521, 0.0 ], [ 79.952439399999989, 12.9231913, 0.0 ], [ 79.9524378, 12.9231499, 0.0 ], [ 79.9524482, 12.9231102, 0.0 ], [ 79.9524779, 12.9230783, 0.0 ], [ 79.952517199999988, 12.9230636, 0.0 ], [ 79.953129, 12.9230804, 0.0 ], [ 79.9532659, 12.923086, 0.0 ], [ 79.9536479, 12.9230929, 0.0 ], [ 79.9540611, 12.923103, 0.0 ], [ 79.9540975, 12.9230863, 0.0 ], [ 79.9541159, 12.9230605, 0.0 ], [ 79.954143499999986, 12.9229111, 0.0 ], [ 79.9541797, 12.9228101, 0.0 ], [ 79.9542676, 12.9226553, 0.0 ] ] } },
{ "type": "Feature", "properties": { "osm_id": 27581946, "road_name": "MevalurKuppam - Nayapakkam Road", "highway": "tertiary", "ref": "O3960", "length_m": 2832.1, "unmet_length_m": 2832.1, "pct_outside_400m": 100.0, "outside_gcc": true, "need_score": 4248.1, "rank": 58 }, "geometry": { "type": "LineString", "coordinates": [ [ 80.00687809999998, 13.0229568, 0.0 ], [ 80.0068963, 13.023035, 0.0 ], [ 80.0069167, 13.0231435, 0.0 ], [ 80.0069435, 13.0233214, 0.0 ], [ 80.0069639, 13.0234631, 0.0 ], [ 80.0069882, 13.0236436, 0.0 ], [ 80.007015, 13.0238196, 0.0 ], [ 80.0070325, 13.0239292, 0.0 ], [ 80.007075799999981, 13.0241465, 0.0 ], [ 80.007134099999988, 13.024437, 0.0 ], [ 80.007183, 13.0246475, 0.0 ], [ 80.007231899999979, 13.0248457, 0.0 ], [ 80.0072798, 13.0250195, 0.0 ], [ 80.007319399999986, 13.025188, 0.0 ], [ 80.007337899999982, 13.0252668, 0.0 ], [ 80.0073498, 13.0253248, 0.0 ], [ 80.0073578, 13.0253682, 0.0 ], [ 80.0073679, 13.0254275, 0.0 ], [ 80.007384299999984, 13.0255698, 0.0 ], [ 80.0073883, 13.0257191, 0.0 ], [ 80.0073829, 13.0258629, 0.0 ], [ 80.007383399999981, 13.0259728, 0.0 ], [ 80.00739, 13.0260522, 0.0 ], [ 80.007408199999986, 13.0261823, 0.0 ], [ 80.0074706, 13.0266679, 0.0 ], [ 80.007473, 13.0266965, 0.0 ], [ 80.0074732, 13.0267304, 0.0 ], [ 80.007468, 13.0267624, 0.0 ], [ 80.0074614, 13.0267809, 0.0 ], [ 80.0074309, 13.0268208, 0.0 ], [ 80.00736329999998, 13.0268771, 0.0 ], [ 80.007229, 13.0269723, 0.0 ], [ 80.0071237, 13.0270326, 0.0 ], [ 80.0066066, 13.0271808, 0.0 ], [ 80.0065312, 13.0272344, 0.0 ], [ 80.0064905, 13.0272885, 0.0 ], [ 80.006468, 13.027369, 0.0 ], [ 80.0064512, 13.0276021, 0.0 ], [ 80.0064546, 13.0276711, 0.0 ], [ 80.0064272, 13.0278592, 0.0 ], [ 80.0063817, 13.0280721, 0.0 ], [ 80.0063592, 13.028291, 0.0 ], [ 80.0063575, 13.0283362, 0.0 ], [ 80.0064328, 13.0289915, 0.0 ], [ 80.0064327, 13.0295645, 0.0 ], [ 80.0063346, 13.0304959, 0.0 ], [ 80.006277, 13.031285, 0.0 ], [ 80.0062514, 13.0315132, 0.0 ], [ 80.0062005, 13.0316391, 0.0 ], [ 80.006143599999987, 13.0317155, 0.0 ], [ 80.0060342, 13.0317998, 0.0 ], [ 80.005957800000019, 13.0318377, 0.0 ], [ 80.0056466, 13.0319226, 0.0 ], [ 80.005524600000015, 13.0319853, 0.0 ], [ 80.005362, 13.0320767, 0.0 ], [ 80.0051518, 13.03215, 0.0 ], [ 80.005015, 13.0321643, 0.0 ], [ 80.0048467, 13.0321602, 0.0 ], [ 80.004422199999979, 13.0321565, 0.0 ], [ 80.004238499999985, 13.0321696, 0.0 ], [ 80.0040588, 13.0322101, 0.0 ], [ 80.003825399999982, 13.0322571, 0.0 ], [ 80.003289, 13.0323616, 0.0 ], [ 80.0029698, 13.032393, 0.0 ], [ 80.0025956, 13.0323917, 0.0 ], [ 80.002251, 13.0323773, 0.0 ], [ 80.00167829999998, 13.0322963, 0.0 ], [ 80.0014812, 13.0322467, 0.0 ], [ 80.0011834, 13.0321186, 0.0 ], [ 80.0009541, 13.0320663, 0.0 ], [ 80.000679199999979, 13.0320402, 0.0 ], [ 80.000472699999989, 13.0320285, 0.0 ], [ 80.000417, 13.0320316, 0.0 ], [ 80.0003801, 13.0320428, 0.0 ], [ 80.0002862, 13.0320768, 0.0 ], [ 80.0002138, 13.0321193, 0.0 ], [ 80.000031399999983, 13.0322388, 0.0 ], [ 79.999802099999982, 13.0323773, 0.0 ], [ 79.9997082, 13.0324204, 0.0 ], [ 79.9996157, 13.0324426, 0.0 ], [ 79.9994413, 13.0324729, 0.0 ], [ 79.9992764, 13.0325001, 0.0 ], [ 79.9991852, 13.0325354, 0.0 ], [ 79.9991302, 13.0325746, 0.0 ], [ 79.9990793, 13.0326465, 0.0 ], [ 79.99904979999998, 13.0327196, 0.0 ], [ 79.999031, 13.0329744, 0.0 ], [ 79.999006799999989, 13.0330804, 0.0 ], [ 79.9989746, 13.0331639, 0.0 ], [ 79.9989116, 13.03322, 0.0 ], [ 79.9988821, 13.0332359, 0.0 ], [ 79.9988177, 13.0332788, 0.0 ], [ 79.9985938, 13.0333781, 0.0 ], [ 79.9977566, 13.0337439, 0.0 ], [ 79.997739599999989, 13.0337506, 0.0 ], [ 79.9965687, 13.0342091, 0.0 ], [ 79.9956569, 13.0344953, 0.0 ], [ 79.9955623, 13.0345269, 0.0 ], [ 79.9955099, 13.0345464, 0.0 ], [ 79.9954483, 13.0345765, 0.0 ], [ 79.995394399999981, 13.0346065, 0.0 ], [ 79.9953528, 13.034638, 0.0 ], [ 79.995312699999985, 13.0346755, 0.0 ], [ 79.995281799999987, 13.0347109, 0.0 ], [ 79.9952773, 13.034716, 0.0 ], [ 79.9952511, 13.0347596, 0.0 ], [ 79.995218699999981, 13.0348226, 0.0 ], [ 79.9951879, 13.0348961, 0.0 ], [ 79.9951143, 13.0350976, 0.0 ], [ 79.9951, 13.035129, 0.0 ], [ 79.9950712, 13.0351922, 0.0 ], [ 79.995038799999989, 13.0352462, 0.0 ], [ 79.9949972, 13.0352957, 0.0 ], [ 79.9949572, 13.0353363, 0.0 ], [ 79.9948909, 13.0353918, 0.0 ], [ 79.9948401, 13.0354293, 0.0 ], [ 79.994753799999984, 13.0354833, 0.0 ], [ 79.994692200000017, 13.0355134, 0.0 ], [ 79.9946059, 13.0355419, 0.0 ], [ 79.9945289, 13.0355614, 0.0 ], [ 79.9944257, 13.0355824, 0.0 ], [ 79.9938197, 13.0356911, 0.0 ], [ 79.9937306, 13.0357067, 0.0 ], [ 79.9936792, 13.0357181, 0.0 ], [ 79.9936255, 13.0357317, 0.0 ], [ 79.9935555, 13.0357556, 0.0 ], [ 79.99335, 13.0358409, 0.0 ], [ 79.993141, 13.0359251, 0.0 ], [ 79.9930616, 13.0359535, 0.0 ], [ 79.9929694, 13.0359808, 0.0 ], [ 79.992864299999979, 13.036007, 0.0 ], [ 79.992726599999983, 13.0360365, 0.0 ], [ 79.9923424, 13.0361068, 0.0 ], [ 79.9922408, 13.0361276, 0.0 ], [ 79.992180499999989, 13.036142, 0.0 ], [ 79.9921448, 13.0361524, 0.0 ], [ 79.9921066, 13.0361677, 0.0 ] ] } },
{ "type": "Feature", "properties": { "osm_id": 98357578, "road_name": "Unnamed road", "highway": "tertiary", "ref": "", "length_m": 3334.7, "unmet_length_m": 2936.1, "pct_outside_400m": 88.0, "outside_gcc": true, "need_score": 4228.8, "rank": 59 }, "geometry": { "type": "LineString", "coordinates": [ [ 80.153654715490205, 12.865769583548012, 0.0 ], [ 80.1537861, 12.8657626, 0.0 ], [ 80.153856299999987, 12.8657605, 0.0 ], [ 80.154121299999986, 12.8657227, 0.0 ], [ 80.154401799999988, 12.8656893, 0.0 ], [ 80.1548204, 12.8656194, 0.0 ], [ 80.154950400000018, 12.8655752, 0.0 ], [ 80.1550336, 12.8655252, 0.0 ], [ 80.1552017, 12.8653528, 0.0 ], [ 80.155301399999985, 12.8652791, 0.0 ], [ 80.1553661, 12.8652514, 0.0 ], [ 80.155428, 12.8652249, 0.0 ], [ 80.1555752, 12.865192, 0.0 ], [ 80.1565084, 12.8649838, 0.0 ], [ 80.156603, 12.8654516, 0.0 ], [ 80.156613, 12.8655008, 0.0 ], [ 80.1566631, 12.8658842, 0.0 ], [ 80.15673169999998, 12.8662374, 0.0 ], [ 80.1568256, 12.8666466, 0.0 ], [ 80.156888399999985, 12.8667959, 0.0 ], [ 80.156932, 12.8668318, 0.0 ], [ 80.157016399999989, 12.8668457, 0.0 ], [ 80.1573278, 12.8667677, 0.0 ], [ 80.1580679, 12.8665822, 0.0 ], [ 80.158364, 12.8664914, 0.0 ], [ 80.1585725, 12.8664283, 0.0 ], [ 80.1587032, 12.8663887, 0.0 ], [ 80.15899, 12.8662969, 0.0 ], [ 80.15904639999998, 12.8662551, 0.0 ], [ 80.1591682, 12.866165, 0.0 ], [ 80.1592474, 12.8660016, 0.0 ], [ 80.1593178, 12.8659257, 0.0 ], [ 80.159493800000021, 12.8657237, 0.0 ], [ 80.15954259999998, 12.8656221, 0.0 ], [ 80.159534599999986, 12.8655043, 0.0 ], [ 80.159428700000021, 12.8649747, 0.0 ], [ 80.15943750000001, 12.8648412, 0.0 ], [ 80.159507199999979, 12.8647988, 0.0 ], [ 80.159592, 12.8647732, 0.0 ], [ 80.160946, 12.8645262, 0.0 ], [ 80.1623543, 12.8644434, 0.0 ], [ 80.163371, 12.864398, 0.0 ], [ 80.1649385, 12.8642525, 0.0 ], [ 80.165976699999987, 12.8642358, 0.0 ], [ 80.1660354, 12.8641725, 0.0 ], [ 80.166058199999981, 12.8640986, 0.0 ], [ 80.166061499999984, 12.8640391, 0.0 ], [ 80.166045399999987, 12.8639116, 0.0 ], [ 80.166001199999982, 12.8636404, 0.0 ], [ 80.1658557, 12.8627359, 0.0 ], [ 80.1658208, 12.8625092, 0.0 ], [ 80.165767699999989, 12.8621645, 0.0 ], [ 80.165742, 12.861997, 0.0 ], [ 80.1657338, 12.8619253, 0.0 ], [ 80.165732599999984, 12.8618696, 0.0 ], [ 80.1657362, 12.8618259, 0.0 ], [ 80.1657408, 12.8618001, 0.0 ], [ 80.165749, 12.8617717, 0.0 ], [ 80.1657606, 12.8617432, 0.0 ], [ 80.1657753, 12.8617137, 0.0 ], [ 80.1658779, 12.8615205, 0.0 ], [ 80.1660061, 12.8612924, 0.0 ], [ 80.166062699999983, 12.8611993, 0.0 ], [ 80.1660963, 12.8611475, 0.0 ], [ 80.1661129, 12.8611246, 0.0 ], [ 80.166128199999989, 12.8611044, 0.0 ], [ 80.166145, 12.8610865, 0.0 ], [ 80.166161799999983, 12.8610699, 0.0 ], [ 80.166233, 12.8610076, 0.0 ], [ 80.1670774, 12.8603328, 0.0 ], [ 80.167426099999986, 12.8600651, 0.0 ], [ 80.1675111, 12.8599965, 0.0 ], [ 80.1675924, 12.8599265, 0.0 ], [ 80.16831089999998, 12.8592329, 0.0 ], [ 80.1686664, 12.858915, 0.0 ], [ 80.1689142, 12.8586697, 0.0 ], [ 80.169080599999987, 12.8585101, 0.0 ], [ 80.1696806, 12.8579344, 0.0 ], [ 80.169771, 12.8578433, 0.0 ], [ 80.1697941, 12.85783, 0.0 ], [ 80.169862699999982, 12.8577905, 0.0 ], [ 80.170521399999984, 12.8574761, 0.0 ], [ 80.1712114, 12.8572405, 0.0 ], [ 80.1713347, 12.8571902, 0.0 ], [ 80.171736599999988, 12.8569709, 0.0 ], [ 80.1719654, 12.8568633, 0.0 ], [ 80.172170199999982, 12.8568021, 0.0 ] ] } },
{ "type": "Feature", "properties": { "osm_id": 828681175, "road_name": "Komakkambedu Road", "highway": "tertiary", "ref": "O3003", "length_m": 3738.5, "unmet_length_m": 2959.3, "pct_outside_400m": 79.2, "outside_gcc": true, "need_score": 4130.6, "rank": 60 }, "geometry": { "type": "LineString", "coordinates": [ [ 80.03199711763007, 13.196869361892343, 0.0 ], [ 80.0320664, 13.1969047, 0.0 ], [ 80.03212, 13.1969569, 0.0 ], [ 80.0322756, 13.197222, 0.0 ], [ 80.0326914, 13.1978487, 0.0 ], [ 80.0330052, 13.1982469, 0.0 ], [ 80.0333646, 13.1986739, 0.0 ], [ 80.0335845, 13.1989846, 0.0 ], [ 80.0338474, 13.199426, 0.0 ], [ 80.033948, 13.1995591, 0.0 ], [ 80.0340874, 13.1996793, 0.0 ], [ 80.0342511, 13.1997929, 0.0 ], [ 80.035378899999984, 13.2006376, 0.0 ], [ 80.0365752, 13.2013975, 0.0 ], [ 80.0370312, 13.2016299, 0.0 ], [ 80.037240399999988, 13.2017004, 0.0 ], [ 80.037449599999988, 13.2017161, 0.0 ], [ 80.0378586, 13.2016887, 0.0 ], [ 80.0379582, 13.2016946, 0.0 ], [ 80.0380088, 13.201705, 0.0 ], [ 80.038042399999981, 13.2017279, 0.0 ], [ 80.038056399999988, 13.2017563, 0.0 ], [ 80.0381014, 13.2018832, 0.0 ], [ 80.0381443, 13.2021757, 0.0 ], [ 80.0381671, 13.2022593, 0.0 ], [ 80.0382167, 13.2023258, 0.0 ], [ 80.0382918, 13.2023702, 0.0 ], [ 80.0384434, 13.2024029, 0.0 ], [ 80.0392762, 13.2025387, 0.0 ], [ 80.039649, 13.2025569, 0.0 ], [ 80.039797899999982, 13.20254, 0.0 ], [ 80.039966899999982, 13.2024982, 0.0 ], [ 80.040304799999987, 13.2024238, 0.0 ], [ 80.040472399999985, 13.2024316, 0.0 ], [ 80.040624, 13.2024629, 0.0 ], [ 80.040793, 13.2025334, 0.0 ], [ 80.040929799999986, 13.2025596, 0.0 ], [ 80.04107590000001, 13.2025596, 0.0 ], [ 80.041548, 13.2024708, 0.0 ], [ 80.0420925, 13.2024473, 0.0 ], [ 80.0423956, 13.2024708, 0.0 ], [ 80.0425753, 13.2025256, 0.0 ], [ 80.0427201, 13.2026196, 0.0 ], [ 80.042867699999988, 13.2027006, 0.0 ], [ 80.042941399999989, 13.2027254, 0.0 ], [ 80.0430125, 13.2027293, 0.0 ], [ 80.043221699999989, 13.202698, 0.0 ], [ 80.0435355, 13.2026379, 0.0 ], [ 80.0436294, 13.2026301, 0.0 ], [ 80.043693799999986, 13.2026483, 0.0 ], [ 80.0437528, 13.202698, 0.0 ], [ 80.0437944, 13.2027606, 0.0 ], [ 80.0439647, 13.2031132, 0.0 ], [ 80.044085400000014, 13.2033351, 0.0 ], [ 80.044165799999988, 13.2035545, 0.0 ], [ 80.0442409, 13.2037999, 0.0 ], [ 80.0443187, 13.2039906, 0.0 ], [ 80.044452799999988, 13.2041681, 0.0 ], [ 80.044528, 13.2042102, 0.0 ], [ 80.044560099999984, 13.2042282, 0.0 ], [ 80.0448686, 13.2042647, 0.0 ], [ 80.0453889, 13.2042882, 0.0 ], [ 80.045489500000016, 13.2043215, 0.0 ], [ 80.045533099999986, 13.2043646, 0.0 ], [ 80.045564, 13.2044175, 0.0 ], [ 80.0455968, 13.2045161, 0.0 ], [ 80.0456164, 13.2046576, 0.0 ], [ 80.045666499999982, 13.2050194, 0.0 ], [ 80.0456867, 13.2051487, 0.0 ], [ 80.045725599999983, 13.2052205, 0.0 ], [ 80.0457604, 13.2052479, 0.0 ], [ 80.0458315, 13.2052662, 0.0 ], [ 80.046535599999984, 13.2053158, 0.0 ], [ 80.046604, 13.2053354, 0.0 ], [ 80.046634699999984, 13.2053501, 0.0 ], [ 80.046661, 13.2053758, 0.0 ], [ 80.0466918, 13.2054496, 0.0 ], [ 80.0467093, 13.2055397, 0.0 ], [ 80.046735399999989, 13.2058837, 0.0 ], [ 80.046762199999989, 13.2059973, 0.0 ], [ 80.046774299999981, 13.2060809, 0.0 ], [ 80.0467703, 13.2061436, 0.0 ], [ 80.0467502, 13.2062023, 0.0 ], [ 80.0467005, 13.2062454, 0.0 ], [ 80.046590599999988, 13.2063877, 0.0 ], [ 80.0465423, 13.2065261, 0.0 ], [ 80.0465423, 13.2066332, 0.0 ], [ 80.046553, 13.2067951, 0.0 ], [ 80.0466228, 13.207004, 0.0 ], [ 80.046657, 13.2070748, 0.0 ], [ 80.046668199999985, 13.207098, 0.0 ], [ 80.0469875, 13.2077586, 0.0 ], [ 80.047220899999985, 13.2084036, 0.0 ], [ 80.047392499999987, 13.2088919, 0.0 ], [ 80.0474676, 13.2090003, 0.0 ], [ 80.047561499999986, 13.2090904, 0.0 ], [ 80.0476581, 13.2091465, 0.0 ], [ 80.0478083, 13.2091818, 0.0 ], [ 80.0480805, 13.2092262, 0.0 ], [ 80.048170399999989, 13.2092758, 0.0 ], [ 80.0482307, 13.2093384, 0.0 ], [ 80.0482884, 13.2094194, 0.0 ], [ 80.0486934, 13.2101819, 0.0 ], [ 80.048801399999988, 13.2103914, 0.0 ], [ 80.0488731, 13.2105853, 0.0 ], [ 80.048905299999987, 13.2107472, 0.0 ], [ 80.048918699999987, 13.2108686, 0.0 ], [ 80.0489911, 13.2113099, 0.0 ], [ 80.048997915102106, 13.211628897465291, 0.0 ] ] } },
{ "type": "Feature", "properties": { "osm_id": 68722794, "road_name": "Echur - Thiruporur Road", "highway": "tertiary", "ref": "O1211", "length_m": 11750.3, "unmet_length_m": 3225.3, "pct_outside_400m": 27.4, "outside_gcc": true, "need_score": 4073.4, "rank": 61 }, "geometry": { "type": "LineString", "coordinates": [ [ 80.160256461696918, 12.691621114885233, 0.0 ], [ 80.1609585, 12.6929563, 0.0 ], [ 80.1623362, 12.6954164, 0.0 ], [ 80.164050099999983, 12.6984916, 0.0 ], [ 80.1657593, 12.7016259, 0.0 ], [ 80.166623199999989, 12.703143, 0.0 ], [ 80.1693879, 12.7079355, 0.0 ], [ 80.1709006, 12.7106084, 0.0 ], [ 80.1720358, 12.7126141, 0.0 ], [ 80.1732406, 12.7147597, 0.0 ], [ 80.1734554, 12.7150285, 0.0 ], [ 80.1738384, 12.7153884, 0.0 ], [ 80.174596518788931, 12.716098189909006, 0.0 ] ] } },
{ "type": "Feature", "properties": { "osm_id": 30162692, "road_name": "Unnamed road", "highway": "tertiary", "ref": "", "length_m": 9811.6, "unmet_length_m": 3025.5, "pct_outside_400m": 30.8, "outside_gcc": true, "need_score": 4057.8, "rank": 62 }, "geometry": { "type": "LineString", "coordinates": [ [ 80.122190166977916, 12.799333128401381, 0.0 ], [ 80.122202699999988, 12.7992567, 0.0 ], [ 80.1222195, 12.7990233, 0.0 ], [ 80.1222034, 12.7988906, 0.0 ], [ 80.122191799999982, 12.7988506, 0.0 ], [ 80.1221618, 12.7987467, 0.0 ], [ 80.1220304, 12.798442, 0.0 ], [ 80.1219399, 12.7981616, 0.0 ], [ 80.1219057, 12.797934, 0.0 ], [ 80.121898299999984, 12.7977632, 0.0 ], [ 80.1219412, 12.7976351, 0.0 ], [ 80.1220673, 12.7974716, 0.0 ], [ 80.122212799999986, 12.7973951, 0.0 ], [ 80.1223724, 12.7973291, 0.0 ], [ 80.1225065, 12.7973245, 0.0 ], [ 80.122800799999979, 12.7974638, 0.0 ], [ 80.1229544, 12.7975233, 0.0 ], [ 80.1230355, 12.7975429, 0.0 ], [ 80.1231012, 12.7975435, 0.0 ], [ 80.1231549, 12.7974886, 0.0 ], [ 80.1231797, 12.7974245, 0.0 ], [ 80.1232072, 12.7972872, 0.0 ], [ 80.1232246, 12.797061, 0.0 ], [ 80.1232696, 12.7969106, 0.0 ], [ 80.12335, 12.7968197, 0.0 ], [ 80.12353779999998, 12.7966529, 0.0 ], [ 80.123639, 12.7965581, 0.0 ], [ 80.1236853, 12.7964528, 0.0 ], [ 80.1237061, 12.7963266, 0.0 ], [ 80.1237282, 12.7959644, 0.0 ], [ 80.123755, 12.7957316, 0.0 ], [ 80.1237778, 12.7954007, 0.0 ], [ 80.1237322, 12.795062, 0.0 ], [ 80.1235458, 12.7944709, 0.0 ], [ 80.1235272, 12.7942255, 0.0 ], [ 80.123527, 12.7939255, 0.0 ], [ 80.1235488, 12.7936132, 0.0 ], [ 80.123641, 12.7931735, 0.0 ], [ 80.1236343, 12.7930558, 0.0 ], [ 80.1236022, 12.7929015, 0.0 ], [ 80.1234895, 12.7925726, 0.0 ], [ 80.1233742, 12.7920998, 0.0 ], [ 80.123332499999989, 12.7917984, 0.0 ], [ 80.1232752, 12.7913841, 0.0 ], [ 80.1232293, 12.7911346, 0.0 ], [ 80.1231515, 12.7908757, 0.0 ], [ 80.1230429, 12.7906364, 0.0 ], [ 80.1228712, 12.7902989, 0.0 ], [ 80.1227769, 12.7901441, 0.0 ], [ 80.122553399999987, 12.7897758, 0.0 ], [ 80.122299899999987, 12.7894345, 0.0 ], [ 80.122019599999987, 12.7891258, 0.0 ], [ 80.1218936, 12.7890421, 0.0 ], [ 80.121641499999981, 12.7889558, 0.0 ], [ 80.1212579, 12.7888734, 0.0 ], [ 80.1210567, 12.7888616, 0.0 ], [ 80.12079390000001, 12.7888839, 0.0 ], [ 80.1203594, 12.7889231, 0.0 ], [ 80.120194399999988, 12.7889179, 0.0 ], [ 80.1200643, 12.7888969, 0.0 ], [ 80.1199195, 12.7888315, 0.0 ], [ 80.119707599999984, 12.788706, 0.0 ], [ 80.1194233, 12.7885674, 0.0 ], [ 80.119203299999981, 12.788536, 0.0 ], [ 80.118999499999987, 12.7884797, 0.0 ], [ 80.118852, 12.7884222, 0.0 ], [ 80.1187165, 12.788311, 0.0 ], [ 80.1183423, 12.7879658, 0.0 ], [ 80.118007099999986, 12.7876833, 0.0 ], [ 80.1175497, 12.7873642, 0.0 ], [ 80.1168725, 12.7869966, 0.0 ], [ 80.116295799999989, 12.7866906, 0.0 ], [ 80.1158345, 12.7863166, 0.0 ], [ 80.1152162, 12.7857751, 0.0 ], [ 80.114231899999979, 12.7849093, 0.0 ], [ 80.113479499999983, 12.7841926, 0.0 ], [ 80.110006213050838, 12.781383709444995, 0.0 ] ] } },
{ "type": "Feature", "properties": { "osm_id": 31339061, "road_name": "Kumizhi Road", "highway": "tertiary", "ref": "O2789", "length_m": 2792.8, "unmet_length_m": 2720.2, "pct_outside_400m": 97.4, "outside_gcc": true, "need_score": 4044.8, "rank": 63 }, "geometry": { "type": "LineString", "coordinates": [ [ 80.090316907638027, 12.801163886076742, 0.0 ], [ 80.09032, 12.8011635, 0.0 ], [ 80.0906586, 12.8011184, 0.0 ], [ 80.090980499999986, 12.8011007, 0.0 ], [ 80.0912312, 12.8010974, 0.0 ], [ 80.09156179999998, 12.8010981, 0.0 ], [ 80.0919045, 12.8010955, 0.0 ], [ 80.091995699999984, 12.801083, 0.0 ], [ 80.0920547, 12.8010419, 0.0 ], [ 80.0920654, 12.8009915, 0.0 ], [ 80.0920607, 12.8008941, 0.0 ], [ 80.0920466, 12.8007371, 0.0 ], [ 80.092011099999979, 12.8005129, 0.0 ], [ 80.0920003, 12.8004123, 0.0 ], [ 80.092050699999987, 12.8003448, 0.0 ], [ 80.092206899999979, 12.8002899, 0.0 ], [ 80.09242949999998, 12.8001755, 0.0 ], [ 80.0925958, 12.8000904, 0.0 ], [ 80.0926882, 12.8000636, 0.0 ], [ 80.0932449, 12.7999675, 0.0 ], [ 80.0934293, 12.7999577, 0.0 ], [ 80.0935004, 12.7999584, 0.0 ], [ 80.09405289999998, 12.7999316, 0.0 ], [ 80.0943191, 12.7999204, 0.0 ], [ 80.095346899999981, 12.7998145, 0.0 ], [ 80.0957997, 12.799787, 0.0 ], [ 80.0974184, 12.7996631, 0.0 ], [ 80.0987113, 12.7996053, 0.0 ], [ 80.0988011, 12.7996013, 0.0 ], [ 80.0993228, 12.7995737, 0.0 ], [ 80.099469, 12.799566, 0.0 ], [ 80.1001712, 12.7995802, 0.0 ], [ 80.1006572, 12.7996066, 0.0 ], [ 80.1007066, 12.7996057, 0.0 ], [ 80.102296, 12.7995791, 0.0 ], [ 80.1024248, 12.7995843, 0.0 ], [ 80.1025264, 12.7996074, 0.0 ], [ 80.10260049999998, 12.7997033, 0.0 ], [ 80.1026608, 12.7998459, 0.0 ], [ 80.102744, 12.8000159, 0.0 ], [ 80.1028521, 12.8001439, 0.0 ], [ 80.1030953, 12.8013368, 0.0 ], [ 80.1033082, 12.8024572, 0.0 ], [ 80.103370799999979, 12.8026124, 0.0 ], [ 80.1034931, 12.8026617, 0.0 ], [ 80.1036304, 12.8026995, 0.0 ], [ 80.103759199999985, 12.8028012, 0.0 ], [ 80.1039778, 12.8031166, 0.0 ], [ 80.1041003, 12.8033422, 0.0 ], [ 80.104565199999982, 12.8039562, 0.0 ], [ 80.1046824, 12.8041441, 0.0 ], [ 80.1047958, 12.8042073, 0.0 ], [ 80.1049246, 12.8042491, 0.0 ], [ 80.1051663, 12.8044164, 0.0 ], [ 80.1053444, 12.8045107, 0.0 ], [ 80.1056474, 12.8045682, 0.0 ], [ 80.106118199999983, 12.8045865, 0.0 ], [ 80.1064762, 12.8045865, 0.0 ], [ 80.106667, 12.804556, 0.0 ], [ 80.107773099999989, 12.8047095, 0.0 ], [ 80.108343099999985, 12.8047657, 0.0 ], [ 80.108827199999979, 12.8048298, 0.0 ], [ 80.109155799999982, 12.8048845, 0.0 ], [ 80.1096158, 12.805022, 0.0 ], [ 80.109951899999984, 12.8051934, 0.0 ], [ 80.1101683, 12.8052535, 0.0 ], [ 80.110516799999985, 12.8052672, 0.0 ] ] } },
{ "type": "Feature", "properties": { "osm_id": 320493832, "road_name": "Adhanur-Padappai Link Road", "highway": "tertiary", "ref": "", "length_m": 2687.6, "unmet_length_m": 2687.6, "pct_outside_400m": 100.0, "outside_gcc": true, "need_score": 4031.3, "rank": 64 }, "geometry": { "type": "LineString", "coordinates": [ [ 80.0470968, 12.8736156, 0.0 ], [ 80.047129899999987, 12.8740733, 0.0 ], [ 80.0471667, 12.8742043, 0.0 ], [ 80.047386099999983, 12.8746449, 0.0 ], [ 80.0474582, 12.8748513, 0.0 ], [ 80.0474759, 12.8749745, 0.0 ], [ 80.047479599999988, 12.8751627, 0.0 ], [ 80.0474953, 12.8752393, 0.0 ], [ 80.047544, 12.8754366, 0.0 ], [ 80.047649299999989, 12.8756734, 0.0 ], [ 80.0478301, 12.8759922, 0.0 ], [ 80.0481798, 12.8762878, 0.0 ], [ 80.048315799999983, 12.8764547, 0.0 ], [ 80.04837689999998, 12.8766073, 0.0 ], [ 80.048500299999986, 12.8771371, 0.0 ], [ 80.0486934, 12.8774323, 0.0 ], [ 80.048763199999982, 12.8775316, 0.0 ], [ 80.04879, 12.8776914, 0.0 ], [ 80.048860499999989, 12.8780834, 0.0 ], [ 80.0488844, 12.8782534, 0.0 ], [ 80.0489295, 12.8785072, 0.0 ], [ 80.048987499999981, 12.878865, 0.0 ], [ 80.049281899999983, 12.8798219, 0.0 ], [ 80.049444399999985, 12.8808918, 0.0 ], [ 80.0495394, 12.881192, 0.0 ], [ 80.0496872, 12.8812602, 0.0 ], [ 80.0504865, 12.8816293, 0.0 ], [ 80.050558599999988, 12.8816626, 0.0 ], [ 80.050759, 12.8819454, 0.0 ], [ 80.0508499, 12.8820737, 0.0 ], [ 80.051204, 12.8829208, 0.0 ], [ 80.0514384, 12.8835661, 0.0 ], [ 80.0516022, 12.8840843, 0.0 ], [ 80.051643799999979, 12.8843641, 0.0 ], [ 80.0516715, 12.884431, 0.0 ], [ 80.0517415, 12.8846002, 0.0 ], [ 80.051912099999981, 12.8850126, 0.0 ], [ 80.051941, 12.8850799, 0.0 ], [ 80.0521006, 12.885452, 0.0 ], [ 80.052158799999987, 12.8855878, 0.0 ], [ 80.0522106, 12.8858289, 0.0 ], [ 80.0523289, 12.8863795, 0.0 ], [ 80.052407099999982, 12.8866591, 0.0 ], [ 80.0525221, 12.8870348, 0.0 ], [ 80.052522, 12.8870698, 0.0 ], [ 80.0527795, 12.8877914, 0.0 ], [ 80.052977299999981, 12.8882086, 0.0 ], [ 80.053103, 12.8884739, 0.0 ], [ 80.053798699999987, 12.8897053, 0.0 ], [ 80.0542724, 12.8906388, 0.0 ], [ 80.0543688, 12.890847, 0.0 ], [ 80.0547409, 12.89165, 0.0 ], [ 80.0549939, 12.8923696, 0.0 ], [ 80.0553562, 12.8934445, 0.0 ], [ 80.0556609, 12.8943375, 0.0 ], [ 80.0557943, 12.8947149, 0.0 ], [ 80.0558697, 12.8949556, 0.0 ] ] } },
{ "type": "Feature", "properties": { "osm_id": 31255737, "road_name": "Unnamed road", "highway": "tertiary", "ref": "", "length_m": 2744.9, "unmet_length_m": 2700.4, "pct_outside_400m": 98.4, "outside_gcc": true, "need_score": 4028.7, "rank": 65 }, "geometry": { "type": "LineString", "coordinates": [ [ 79.959448307034705, 13.110021815023249, 0.0 ], [ 79.9585513, 13.1105794, 0.0 ], [ 79.9580401, 13.1110786, 0.0 ], [ 79.9575289, 13.1113944, 0.0 ], [ 79.9573106, 13.111716, 0.0 ], [ 79.956817, 13.1120712, 0.0 ], [ 79.9550039, 13.1128706, 0.0 ], [ 79.954859, 13.1130221, 0.0 ], [ 79.95351789999998, 13.1136647, 0.0 ], [ 79.9534554, 13.1136847, 0.0 ], [ 79.952783, 13.1138998, 0.0 ], [ 79.951816, 13.1143439, 0.0 ], [ 79.9514182, 13.1146966, 0.0 ], [ 79.9512327, 13.1148611, 0.0 ], [ 79.950943, 13.1150283, 0.0 ], [ 79.9506359, 13.1151648, 0.0 ], [ 79.949444699999987, 13.115712, 0.0 ], [ 79.948968899999983, 13.1158747, 0.0 ], [ 79.948849, 13.1160002, 0.0 ], [ 79.9487543, 13.1160993, 0.0 ], [ 79.9486718, 13.1161903, 0.0 ], [ 79.948309099999989, 13.1165904, 0.0 ], [ 79.9479711, 13.1167681, 0.0 ], [ 79.9472308, 13.1171756, 0.0 ], [ 79.9468499, 13.1173741, 0.0 ], [ 79.9458414, 13.1176614, 0.0 ], [ 79.9456805, 13.1177555, 0.0 ], [ 79.9455196, 13.1181055, 0.0 ], [ 79.945342499999981, 13.118257, 0.0 ], [ 79.9447042, 13.1185548, 0.0 ], [ 79.9439858, 13.1190222, 0.0 ], [ 79.942880299999985, 13.1198557, 0.0 ], [ 79.9420434, 13.1202841, 0.0 ], [ 79.9408592, 13.1210277, 0.0 ], [ 79.940652199999988, 13.1212368, 0.0 ], [ 79.9405212, 13.1212671, 0.0 ], [ 79.940228599999983, 13.1215447, 0.0 ], [ 79.9397444, 13.1220723, 0.0 ], [ 79.9393257, 13.1225124, 0.0 ] ] } },
{ "type": "Feature", "properties": { "osm_id": 138337682, "road_name": "Perathur - Nathakoil Thibbai Road", "highway": "tertiary", "ref": "O5013", "length_m": 3459.8, "unmet_length_m": 2851.1, "pct_outside_400m": 82.4, "outside_gcc": true, "need_score": 4025.9, "rank": 66 }, "geometry": { "type": "LineString", "coordinates": [ [ 79.968162655048943, 13.187565875553991, 0.0 ], [ 79.9682877, 13.186728, 0.0 ], [ 79.9684964, 13.1857656, 0.0 ], [ 79.968518299999985, 13.1850599, 0.0 ], [ 79.968803899999983, 13.1846108, 0.0 ], [ 79.9693859, 13.1845039, 0.0 ], [ 79.969979, 13.1844504, 0.0 ], [ 79.971077199999982, 13.1844611, 0.0 ], [ 79.9715385, 13.1843114, 0.0 ], [ 79.9724829, 13.1836592, 0.0 ], [ 79.973076, 13.1829107, 0.0 ], [ 79.973658, 13.1821622, 0.0 ], [ 79.9736984, 13.181861, 0.0 ], [ 79.9737239, 13.1816703, 0.0 ], [ 79.9735592, 13.1809966, 0.0 ], [ 79.973076, 13.1801626, 0.0 ], [ 79.9725488, 13.1797562, 0.0 ], [ 79.97226329999998, 13.1792964, 0.0 ], [ 79.972219399999986, 13.1788794, 0.0 ], [ 79.9723841, 13.1786014, 0.0 ], [ 79.9734384, 13.178024, 0.0 ], [ 79.9740205, 13.1774786, 0.0 ], [ 79.9743938, 13.1771044, 0.0 ], [ 79.9751736, 13.1750406, 0.0 ], [ 79.9751736, 13.1746022, 0.0 ], [ 79.9749869, 13.1734687, 0.0 ], [ 79.9748449, 13.1723376, 0.0 ], [ 79.9749226, 13.1717327, 0.0 ], [ 79.9748139, 13.1703111, 0.0 ], [ 79.974883799999986, 13.1698952, 0.0 ], [ 79.9749692, 13.1698045, 0.0 ], [ 79.975116699999987, 13.1697969, 0.0 ], [ 79.975132299999984, 13.1680049, 0.0 ], [ 79.9751957, 13.1678601, 0.0 ] ] } },
{ "type": "Feature", "properties": { "osm_id": 31018576, "road_name": "Kodungaiyur – Vazhudhugaimedu Road", "highway": "secondary", "ref": "MDR610", "length_m": 9048.1, "unmet_length_m": 2853.1, "pct_outside_400m": 31.5, "outside_gcc": true, "need_score": 4011.1, "rank": 67 }, "geometry": { "type": "LineString", "coordinates": [ [ 80.230397692216883, 13.249363365444619, 0.0 ], [ 80.2303906, 13.249378, 0.0 ], [ 80.2302944, 13.2496114, 0.0 ], [ 80.2302657, 13.249701, 0.0 ], [ 80.230241299999989, 13.2497968, 0.0 ], [ 80.2302249, 13.2498974, 0.0 ], [ 80.230214, 13.2500131, 0.0 ], [ 80.230210799999981, 13.250125, 0.0 ], [ 80.2302196, 13.2502671, 0.0 ], [ 80.2302351, 13.2504068, 0.0 ], [ 80.2302726, 13.2506517, 0.0 ], [ 80.2303059, 13.250878, 0.0 ], [ 80.2303641, 13.2511501, 0.0 ], [ 80.230432, 13.251495, 0.0 ], [ 80.230546, 13.2518121, 0.0 ], [ 80.2308035, 13.2522883, 0.0 ], [ 80.2309837, 13.2532908, 0.0 ], [ 80.230551399999982, 13.253926, 0.0 ], [ 80.230528799999988, 13.2539592, 0.0 ], [ 80.229928, 13.2544103, 0.0 ], [ 80.2295332, 13.2550202, 0.0 ], [ 80.228777899999983, 13.2557721, 0.0 ], [ 80.228726399999985, 13.2563569, 0.0 ], [ 80.2298508, 13.256783, 0.0 ], [ 80.2305031, 13.256808, 0.0 ], [ 80.2307334, 13.2593062, 0.0 ], [ 80.2306061, 13.2604254, 0.0 ], [ 80.2302799, 13.2611105, 0.0 ], [ 80.2302538, 13.261198, 0.0 ], [ 80.230005299999988, 13.2620294, 0.0 ], [ 80.229842199999979, 13.2630737, 0.0 ], [ 80.229631399999988, 13.2638982, 0.0 ], [ 80.2295675, 13.2646443, 0.0 ], [ 80.2296362, 13.2658723, 0.0 ], [ 80.229258499999986, 13.2678773, 0.0 ], [ 80.2284431, 13.2688965, 0.0 ], [ 80.2283659, 13.2702164, 0.0 ], [ 80.227224599999985, 13.2708605, 0.0 ] ] } },
{ "type": "Feature", "properties": { "osm_id": 30424374, "road_name": "Unnamed road", "highway": "tertiary", "ref": "", "length_m": 6007.2, "unmet_length_m": 2939.9, "pct_outside_400m": 48.9, "outside_gcc": true, "need_score": 4002.0, "rank": 68 }, "geometry": { "type": "LineString", "coordinates": [ [ 80.152984809532938, 12.834595251578785, 0.0 ], [ 80.1526606, 12.8342201, 0.0 ], [ 80.1524141, 12.8339972, 0.0 ], [ 80.1514086, 12.833311, 0.0 ], [ 80.151278399999981, 12.8332056, 0.0 ], [ 80.1510975, 12.8328521, 0.0 ], [ 80.1510143, 12.8327317, 0.0 ], [ 80.150932499999982, 12.8326794, 0.0 ], [ 80.1504551, 12.8325225, 0.0 ], [ 80.150259299999988, 12.8324192, 0.0 ], [ 80.150036699999987, 12.8322793, 0.0 ], [ 80.149543099999988, 12.8318243, 0.0 ], [ 80.1491985, 12.8313692, 0.0 ], [ 80.1490118, 12.8311244, 0.0 ], [ 80.1465431, 12.8278883, 0.0 ], [ 80.1455802, 12.826599, 0.0 ], [ 80.1455064, 12.8265755, 0.0 ], [ 80.145411199999984, 12.826582, 0.0 ], [ 80.1449136, 12.8267703, 0.0 ], [ 80.144337, 12.8269848, 0.0 ], [ 80.1435591, 12.8272084, 0.0 ], [ 80.143502799999979, 12.8272031, 0.0 ], [ 80.1434518, 12.8271652, 0.0 ], [ 80.1434062, 12.8271155, 0.0 ], [ 80.142982, 12.8261111, 0.0 ], [ 80.1427799, 12.8256326, 0.0 ], [ 80.1426995, 12.8255503, 0.0 ], [ 80.142572499999986, 12.8254554, 0.0 ], [ 80.142252899999988, 12.8252508, 0.0 ], [ 80.14187339999998, 12.8250449, 0.0 ], [ 80.1417815, 12.8250037, 0.0 ], [ 80.141594399999988, 12.8249997, 0.0 ], [ 80.1407924, 12.8250795, 0.0 ], [ 80.1406658, 12.8251282, 0.0 ], [ 80.140588, 12.825171, 0.0 ], [ 80.140435699999983, 12.825273, 0.0 ], [ 80.140311, 12.825311, 0.0 ], [ 80.1401608, 12.8253567, 0.0 ], [ 80.1370078, 12.825868, 0.0 ], [ 80.1355098, 12.8261818, 0.0 ], [ 80.1348339, 12.826293, 0.0 ], [ 80.1339112, 12.8264107, 0.0 ], [ 80.1336591, 12.8264774, 0.0 ], [ 80.1335666, 12.826516, 0.0 ], [ 80.1334673, 12.826582, 0.0 ], [ 80.1333627, 12.8266421, 0.0 ], [ 80.133268799999982, 12.826684, 0.0 ], [ 80.133179, 12.8267088, 0.0 ], [ 80.132896, 12.8267598, 0.0 ], [ 80.132794100000012, 12.8268291, 0.0 ], [ 80.1327552, 12.8269063, 0.0 ], [ 80.1327512, 12.8269887, 0.0 ], [ 80.132769899999985, 12.8273744, 0.0 ], [ 80.132753799999989, 12.8274529, 0.0 ], [ 80.1327203, 12.8275117, 0.0 ], [ 80.132681814058799, 12.827550352371045, 0.0 ] ] } },
{ "type": "Feature", "properties": { "osm_id": 565481053, "road_name": "Kanchivakkam - Umayalparancheri Road", "highway": "tertiary", "ref": "O1950", "length_m": 2643.1, "unmet_length_m": 2643.1, "pct_outside_400m": 100.0, "outside_gcc": true, "need_score": 3964.6, "rank": 69 }, "geometry": { "type": "LineString", "coordinates": [ [ 79.9692166, 12.835559, 0.0 ], [ 79.969246199999986, 12.8355392, 0.0 ], [ 79.969283, 12.8355169, 0.0 ], [ 79.969328799999985, 12.8354916, 0.0 ], [ 79.9693852, 12.835463, 0.0 ], [ 79.969454199999987, 12.8354306, 0.0 ], [ 79.9695374, 12.835394, 0.0 ], [ 79.969631, 12.8353555, 0.0 ], [ 79.9697288, 12.8353177, 0.0 ], [ 79.969829099999984, 12.8352808, 0.0 ], [ 79.96993, 12.8352449, 0.0 ], [ 79.9700299, 12.8352103, 0.0 ], [ 79.970127, 12.8351771, 0.0 ], [ 79.9702195, 12.8351455, 0.0 ], [ 79.9703057, 12.8351156, 0.0 ], [ 79.9703838, 12.8350877, 0.0 ], [ 79.970452, 12.8350619, 0.0 ], [ 79.9705727, 12.8350175, 0.0 ], [ 79.9707943, 12.8349396, 0.0 ], [ 79.9710943, 12.8348367, 0.0 ], [ 79.971450500000017, 12.8347176, 0.0 ], [ 79.97179749999998, 12.8346065, 0.0 ], [ 79.9721538, 12.8344931, 0.0 ], [ 79.9722417, 12.8344651, 0.0 ], [ 79.97243, 12.8344091, 0.0 ], [ 79.9726319, 12.834349, 0.0 ], [ 79.9729887, 12.8342513, 0.0 ], [ 79.9733594, 12.8341805, 0.0 ], [ 79.9735124, 12.8341453, 0.0 ], [ 79.9736885, 12.8341304, 0.0 ], [ 79.9738619, 12.834115, 0.0 ], [ 79.9740293, 12.8340996, 0.0 ], [ 79.9740854, 12.8340943, 0.0 ], [ 79.9741871, 12.8340846, 0.0 ], [ 79.974332, 12.8340706, 0.0 ], [ 79.974460599999986, 12.8340579, 0.0 ], [ 79.974569299999985, 12.8340471, 0.0 ], [ 79.974654799999982, 12.8340385, 0.0 ], [ 79.9747136, 12.8340328, 0.0 ], [ 79.9747422, 12.8340302, 0.0 ], [ 79.9747571, 12.8340286, 0.0 ], [ 79.974776, 12.8340268, 0.0 ], [ 79.9747982, 12.8340265, 0.0 ], [ 79.9748225, 12.8340298, 0.0 ], [ 79.974848, 12.8340385, 0.0 ], [ 79.9748738, 12.8340546, 0.0 ], [ 79.974899, 12.8340799, 0.0 ], [ 79.9749225, 12.8341163, 0.0 ], [ 79.974943499999981, 12.8341658, 0.0 ], [ 79.9749608, 12.8342303, 0.0 ], [ 79.9749745, 12.8343023, 0.0 ], [ 79.974985, 12.8343728, 0.0 ], [ 79.9749929, 12.8344408, 0.0 ], [ 79.9749985, 12.8345054, 0.0 ], [ 79.9750022, 12.8345657, 0.0 ], [ 79.9750045, 12.8346208, 0.0 ], [ 79.9750056, 12.8346698, 0.0 ], [ 79.9750061, 12.8347119, 0.0 ], [ 79.9750062, 12.8347461, 0.0 ], [ 79.9750064, 12.8347716, 0.0 ], [ 79.9750068, 12.8347937, 0.0 ], [ 79.975008, 12.8348176, 0.0 ], [ 79.9750109, 12.8348421, 0.0 ], [ 79.975016599999989, 12.834866, 0.0 ], [ 79.975026200000016, 12.8348881, 0.0 ], [ 79.9750407, 12.8349074, 0.0 ], [ 79.9750612, 12.8349225, 0.0 ], [ 79.9750886, 12.8349322, 0.0 ], [ 79.975124099999988, 12.8349355, 0.0 ], [ 79.9751687, 12.8349311, 0.0 ], [ 79.9752255, 12.8349209, 0.0 ], [ 79.9752962, 12.834908, 0.0 ], [ 79.9753794, 12.8348934, 0.0 ], [ 79.975473899999983, 12.8348781, 0.0 ], [ 79.9755782, 12.8348631, 0.0 ], [ 79.97569129999998, 12.8348494, 0.0 ], [ 79.9758117, 12.8348379, 0.0 ], [ 79.9759381, 12.8348296, 0.0 ], [ 79.9760694, 12.8348255, 0.0 ], [ 79.976204, 12.8348265, 0.0 ], [ 79.9763364, 12.8348288, 0.0 ], [ 79.9764612, 12.8348282, 0.0 ], [ 79.97657839999998, 12.8348256, 0.0 ], [ 79.9766876, 12.8348214, 0.0 ], [ 79.9767888, 12.8348166, 0.0 ], [ 79.9768815, 12.8348117, 0.0 ], [ 79.976965599999986, 12.8348074, 0.0 ], [ 79.977041, 12.8348045, 0.0 ], [ 79.977107299999986, 12.8348037, 0.0 ], [ 79.977164299999984, 12.8348056, 0.0 ], [ 79.977228, 12.8348091, 0.0 ], [ 79.9773123, 12.8348125, 0.0 ], [ 79.9774135, 12.8348157, 0.0 ], [ 79.9775281, 12.8348186, 0.0 ], [ 79.9776526, 12.8348211, 0.0 ], [ 79.9777834, 12.8348231, 0.0 ], [ 79.977917, 12.8348245, 0.0 ], [ 79.9780498, 12.8348251, 0.0 ], [ 79.9781783, 12.834825, 0.0 ], [ 79.9782988, 12.8348239, 0.0 ], [ 79.978410899999986, 12.8348221, 0.0 ], [ 79.978517, 12.83482, 0.0 ], [ 79.978618899999987, 12.834818, 0.0 ], [ 79.978787, 12.8348135, 0.0 ], [ 79.978815700000013, 12.8348156, 0.0 ], [ 79.9789781, 12.8348185, 0.0 ], [ 79.979013599999988, 12.8348177, 0.0 ], [ 79.9791169, 12.8348214, 0.0 ], [ 79.979225, 12.8348273, 0.0 ], [ 79.9793395, 12.8348357, 0.0 ], [ 79.979460499999988, 12.834844, 0.0 ], [ 79.9795849, 12.8348494, 0.0 ], [ 79.9797097, 12.8348519, 0.0 ], [ 79.979832099999982, 12.8348519, 0.0 ], [ 79.979949099999985, 12.8348492, 0.0 ], [ 79.9800577, 12.8348442, 0.0 ], [ 79.9801549, 12.834837, 0.0 ], [ 79.9802379, 12.8348276, 0.0 ], [ 79.9803037, 12.8348162, 0.0 ], [ 79.98034939999998, 12.834803, 0.0 ], [ 79.9803859, 12.8347894, 0.0 ], [ 79.9804258, 12.8347769, 0.0 ], [ 79.98046859999998, 12.8347657, 0.0 ], [ 79.9805138, 12.8347559, 0.0 ], [ 79.9805609, 12.8347476, 0.0 ], [ 79.9806094, 12.8347409, 0.0 ], [ 79.9806588, 12.8347359, 0.0 ], [ 79.9807084, 12.8347327, 0.0 ], [ 79.980757899999986, 12.8347315, 0.0 ], [ 79.980806699999988, 12.8347324, 0.0 ], [ 79.9808555, 12.8347346, 0.0 ], [ 79.9809043, 12.8347366, 0.0 ], [ 79.980952, 12.8347371, 0.0 ], [ 79.9809534, 12.8347389, 0.0 ], [ 79.9809574, 12.8347447, 0.0 ], [ 79.9809633, 12.8347551, 0.0 ], [ 79.9809706, 12.8347706, 0.0 ], [ 79.9809786, 12.8347918, 0.0 ], [ 79.9809868, 12.8348191, 0.0 ], [ 79.980994699999982, 12.8348532, 0.0 ], [ 79.9810016, 12.8348946, 0.0 ], [ 79.981007, 12.8349439, 0.0 ], [ 79.9810102, 12.8350015, 0.0 ], [ 79.9810123, 12.8350651, 0.0 ], [ 79.9810148, 12.835131, 0.0 ], [ 79.9810181, 12.8351981, 0.0 ], [ 79.981022899999985, 12.8352651, 0.0 ], [ 79.9810294, 12.8353308, 0.0 ], [ 79.981038199999986, 12.8353939, 0.0 ], [ 79.9810498, 12.8354533, 0.0 ], [ 79.9810646, 12.8355078, 0.0 ], [ 79.981083, 12.8355561, 0.0 ], [ 79.981105499999984, 12.8355969, 0.0 ], [ 79.9811339, 12.8356367, 0.0 ], [ 79.9811684, 12.8356828, 0.0 ], [ 79.9812076, 12.8357357, 0.0 ], [ 79.9812497, 12.8357958, 0.0 ], [ 79.9812933, 12.8358635, 0.0 ], [ 79.9813367, 12.8359394, 0.0 ], [ 79.9813783, 12.8360238, 0.0 ], [ 79.9814166, 12.8361172, 0.0 ], [ 79.981466499999982, 12.836257, 0.0 ], [ 79.9814768, 12.8363329, 0.0 ], [ 79.9815005, 12.8364593, 0.0 ], [ 79.9815254, 12.8365994, 0.0 ], [ 79.9815511, 12.836748, 0.0 ], [ 79.9815772, 12.8369002, 0.0 ], [ 79.9816035, 12.8370509, 0.0 ], [ 79.9816296, 12.837195, 0.0 ], [ 79.981655099999983, 12.8373276, 0.0 ], [ 79.981679799999981, 12.8374435, 0.0 ], [ 79.9817033, 12.8375377, 0.0 ], [ 79.9817252, 12.8376052, 0.0 ], [ 79.9817462, 12.8376596, 0.0 ], [ 79.9817669, 12.837717, 0.0 ], [ 79.9817874, 12.8377757, 0.0 ], [ 79.9818076, 12.8378341, 0.0 ], [ 79.9818274, 12.8378906, 0.0 ], [ 79.981846799999985, 12.8379437, 0.0 ], [ 79.9818658, 12.8379916, 0.0 ], [ 79.9818843, 12.8380329, 0.0 ], [ 79.9819023, 12.8380658, 0.0 ], [ 79.9819196, 12.8380887, 0.0 ], [ 79.9819523, 12.8381224, 0.0 ], [ 79.982012, 12.8381841, 0.0 ], [ 79.982092, 12.8382671, 0.0 ], [ 79.9821858, 12.8383647, 0.0 ], [ 79.9822869, 12.8384705, 0.0 ], [ 79.9823887, 12.8385776, 0.0 ], [ 79.982484699999986, 12.8386796, 0.0 ], [ 79.9825684, 12.8387696, 0.0 ], [ 79.982633199999981, 12.8388412, 0.0 ], [ 79.9826726, 12.8388876, 0.0 ], [ 79.9827012, 12.8389231, 0.0 ], [ 79.982737, 12.8389652, 0.0 ], [ 79.9827784, 12.8390121, 0.0 ], [ 79.9828236, 12.8390621, 0.0 ], [ 79.9828709, 12.8391135, 0.0 ], [ 79.9829187, 12.8391646, 0.0 ], [ 79.9829654, 12.8392135, 0.0 ], [ 79.9830091, 12.8392587, 0.0 ], [ 79.983048299999979, 12.8392982, 0.0 ], [ 79.983081299999981, 12.8393305, 0.0 ], [ 79.983111, 12.8393596, 0.0 ], [ 79.9831417, 12.8393908, 0.0 ], [ 79.9831733, 12.8394233, 0.0 ], [ 79.983205899999987, 12.8394568, 0.0 ], [ 79.9832396, 12.8394905, 0.0 ], [ 79.9832743, 12.8395241, 0.0 ], [ 79.983310299999985, 12.839557, 0.0 ], [ 79.9833474, 12.8395886, 0.0 ], [ 79.983385799999979, 12.8396183, 0.0 ], [ 79.9834255, 12.8396458, 0.0 ], [ 79.9834695, 12.8396757, 0.0 ], [ 79.9835196, 12.8397123, 0.0 ], [ 79.983573799999988, 12.8397539, 0.0 ], [ 79.9836305, 12.8397989, 0.0 ], [ 79.9836879, 12.8398455, 0.0 ], [ 79.983744099999981, 12.8398921, 0.0 ], [ 79.9837975, 12.839937, 0.0 ], [ 79.9838462, 12.8399786, 0.0 ], [ 79.9838884, 12.8400152, 0.0 ], [ 79.9839225, 12.8400452, 0.0 ], [ 79.9839572, 12.8400751, 0.0 ], [ 79.9840012, 12.8401115, 0.0 ], [ 79.9840521, 12.8401527, 0.0 ], [ 79.984107599999987, 12.8401968, 0.0 ], [ 79.9841655, 12.8402422, 0.0 ], [ 79.9842232, 12.8402871, 0.0 ], [ 79.9842786, 12.8403297, 0.0 ], [ 79.9843292, 12.8403682, 0.0 ], [ 79.984372799999989, 12.8404009, 0.0 ], [ 79.984407, 12.8404261, 0.0 ], [ 79.984442099999981, 12.8404525, 0.0 ], [ 79.984488, 12.8404885, 0.0 ], [ 79.984542, 12.8405321, 0.0 ], [ 79.984601399999988, 12.8405812, 0.0 ], [ 79.9846716, 12.8406205, 0.0 ], [ 79.9848297, 12.8407475, 0.0 ], [ 79.9849011, 12.8408056, 0.0 ], [ 79.9850763, 12.8409728, 0.0 ], [ 79.985150299999987, 12.8410494, 0.0 ], [ 79.9852092, 12.8411054, 0.0 ], [ 79.9853364, 12.8412341, 0.0 ], [ 79.9853567, 12.841254, 0.0 ], [ 79.985401699999983, 12.8412866, 0.0 ], [ 79.985455299999984, 12.8413175, 0.0 ], [ 79.9855677, 12.8413343, 0.0 ], [ 79.9856699, 12.8413368, 0.0 ], [ 79.9857776, 12.8413384, 0.0 ], [ 79.9859276, 12.8413203, 0.0 ], [ 79.9860407, 12.8413144, 0.0 ], [ 79.98617489999998, 12.8413067, 0.0 ], [ 79.9863111, 12.8413015, 0.0 ], [ 79.9863402, 12.8412991, 0.0 ], [ 79.9864211, 12.8412893, 0.0 ], [ 79.9864838, 12.8412804, 0.0 ], [ 79.9865358, 12.841273, 0.0 ], [ 79.9866287, 12.8412634, 0.0 ], [ 79.9866374, 12.8412629, 0.0 ], [ 79.986686, 12.8412598, 0.0 ], [ 79.9867324, 12.8412577, 0.0 ], [ 79.9868166, 12.8412554, 0.0 ], [ 79.9868533, 12.8412548, 0.0 ], [ 79.9868858, 12.8412543, 0.0 ], [ 79.9869134, 12.8412536, 0.0 ], [ 79.9869429, 12.8412537, 0.0 ], [ 79.986980099999982, 12.8412552, 0.0 ], [ 79.9870232, 12.8412579, 0.0 ], [ 79.987070299999985, 12.8412614, 0.0 ], [ 79.9871198, 12.8412653, 0.0 ], [ 79.987169699999981, 12.8412692, 0.0 ], [ 79.987218299999981, 12.8412728, 0.0 ], [ 79.98726379999998, 12.8412756, 0.0 ], [ 79.987304399999985, 12.8412774, 0.0 ], [ 79.9873382, 12.8412777, 0.0 ], [ 79.9873677, 12.8412776, 0.0 ], [ 79.987396599999983, 12.8412784, 0.0 ], [ 79.987425, 12.8412802, 0.0 ], [ 79.987453, 12.8412829, 0.0 ], [ 79.9874808, 12.8412866, 0.0 ], [ 79.9875087, 12.8412911, 0.0 ], [ 79.9875366, 12.8412966, 0.0 ], [ 79.9875648, 12.8413029, 0.0 ], [ 79.9876227, 12.8413183, 0.0 ], [ 79.987650499999987, 12.8413271, 0.0 ], [ 79.9876751, 12.8413361, 0.0 ], [ 79.9876971, 12.8413449, 0.0 ], [ 79.98771720000002, 12.8413532, 0.0 ], [ 79.9877361, 12.8413608, 0.0 ], [ 79.9877544, 12.8413671, 0.0 ], [ 79.9877728, 12.8413721, 0.0 ], [ 79.9877919, 12.8413752, 0.0 ], [ 79.9878125, 12.8413762, 0.0 ], [ 79.9878352, 12.8413747, 0.0 ], [ 79.9878572, 12.8413721, 0.0 ], [ 79.9878755, 12.8413697, 0.0 ], [ 79.9878906, 12.8413675, 0.0 ], [ 79.9879027, 12.8413656, 0.0 ], [ 79.9879121, 12.841364, 0.0 ], [ 79.9879192, 12.8413627, 0.0 ], [ 79.9879241, 12.8413616, 0.0 ], [ 79.9879294, 12.8413602, 0.0 ] ] } },
{ "type": "Feature", "properties": { "osm_id": 138337638, "road_name": "Unnamed road", "highway": "tertiary", "ref": "", "length_m": 2683.2, "unmet_length_m": 2618.0, "pct_outside_400m": 97.6, "outside_gcc": true, "need_score": 3895.2, "rank": 70 }, "geometry": { "type": "LineString", "coordinates": [ [ 79.980249473977409, 13.161560940184049, 0.0 ], [ 79.980047899999988, 13.1614188, 0.0 ], [ 79.979268099999985, 13.161205, 0.0 ], [ 79.97873, 13.1611622, 0.0 ], [ 79.9782687, 13.1609162, 0.0 ], [ 79.978082, 13.1607558, 0.0 ], [ 79.977917299999987, 13.1600073, 0.0 ], [ 79.9779409, 13.1590972, 0.0 ], [ 79.9776691, 13.1590216, 0.0 ], [ 79.9760384, 13.1590518, 0.0 ], [ 79.975168599999989, 13.1591728, 0.0 ], [ 79.974982199999985, 13.159067, 0.0 ], [ 79.974687099999983, 13.1586964, 0.0 ], [ 79.9743532, 13.1578268, 0.0 ], [ 79.9741047, 13.1575395, 0.0 ], [ 79.9733903, 13.1572446, 0.0 ], [ 79.972629199999986, 13.157237, 0.0 ], [ 79.972637, 13.1567682, 0.0 ], [ 79.9723574, 13.1563977, 0.0 ], [ 79.9716896, 13.1561103, 0.0 ], [ 79.971363399999987, 13.1560876, 0.0 ], [ 79.9712858, 13.1559439, 0.0 ], [ 79.970998499999979, 13.1544089, 0.0 ], [ 79.9708621, 13.1534622, 0.0 ], [ 79.9706956, 13.1523067, 0.0 ], [ 79.970634499999989, 13.151414, 0.0 ], [ 79.9705866, 13.1507141, 0.0 ], [ 79.9705636, 13.1503784, 0.0 ], [ 79.970540799999981, 13.1502857, 0.0 ], [ 79.9703972, 13.1497011, 0.0 ], [ 79.9707428, 13.1496506, 0.0 ], [ 79.971166, 13.1495888, 0.0 ], [ 79.971166, 13.1477761, 0.0 ], [ 79.971167399999985, 13.1476788, 0.0 ], [ 79.971176899999989, 13.1470382, 0.0 ], [ 79.9710177, 13.1464821, 0.0 ], [ 79.9707559, 13.1461776, 0.0 ] ] } },
{ "type": "Feature", "properties": { "osm_id": 31011637, "road_name": "Unnamed road", "highway": "tertiary", "ref": "", "length_m": 3137.8, "unmet_length_m": 2713.6, "pct_outside_400m": 86.5, "outside_gcc": true, "need_score": 3887.1, "rank": 71 }, "geometry": { "type": "LineString", "coordinates": [ [ 80.27770769225441, 13.235631660580356, 0.0 ], [ 80.27958719999998, 13.2351559, 0.0 ], [ 80.2833706, 13.2342368, 0.0 ], [ 80.284368, 13.2339945, 0.0 ], [ 80.2847543, 13.2335851, 0.0 ], [ 80.285214599999989, 13.2334778, 0.0 ], [ 80.2858414, 13.2333316, 0.0 ], [ 80.286310299999982, 13.2332223, 0.0 ], [ 80.2868843, 13.2330761, 0.0 ], [ 80.2870077, 13.2330397, 0.0 ], [ 80.2872456, 13.2329697, 0.0 ], [ 80.287312, 13.2329501, 0.0 ], [ 80.2876255, 13.2328404, 0.0 ], [ 80.2879894, 13.2327132, 0.0 ], [ 80.289759599999982, 13.2320134, 0.0 ], [ 80.289966399999983, 13.2319371, 0.0 ], [ 80.290123899999983, 13.2318609, 0.0 ], [ 80.290161, 13.2318436, 0.0 ], [ 80.2903045, 13.2317766, 0.0 ], [ 80.290414, 13.2317255, 0.0 ], [ 80.2905399, 13.2316722, 0.0 ], [ 80.2911454, 13.2314042, 0.0 ], [ 80.2916035, 13.2312206, 0.0 ], [ 80.2937279, 13.2303233, 0.0 ], [ 80.293920499999984, 13.2302497, 0.0 ], [ 80.2960144, 13.2294133, 0.0 ], [ 80.2992292, 13.2279871, 0.0 ], [ 80.299420399999988, 13.2279027, 0.0 ], [ 80.299735399999989, 13.2277855, 0.0 ], [ 80.3002439, 13.2275492, 0.0 ], [ 80.3004473, 13.2274679, 0.0 ] ] } },
{ "type": "Feature", "properties": { "osm_id": 31276097, "road_name": "Aranvoyalkuppam - Koppur - Mannur Road", "highway": "tertiary", "ref": "O395", "length_m": 7545.6, "unmet_length_m": 2872.3, "pct_outside_400m": 38.1, "outside_gcc": true, "need_score": 3851.3, "rank": 72 }, "geometry": { "type": "LineString", "coordinates": [ [ 79.968362925469563, 13.087897659862127, 0.0 ], [ 79.968098899999987, 13.0858191, 0.0 ], [ 79.9679929, 13.0849843, 0.0 ], [ 79.9679484, 13.0846343, 0.0 ], [ 79.967919099999989, 13.0844034, 0.0 ], [ 79.9675157, 13.0827815, 0.0 ], [ 79.9668977, 13.080474, 0.0 ], [ 79.9667144, 13.079652, 0.0 ], [ 79.9665366, 13.078734, 0.0 ], [ 79.9665123, 13.0785633, 0.0 ], [ 79.9664086, 13.0779839, 0.0 ], [ 79.9663912, 13.0778088, 0.0 ], [ 79.966389799999988, 13.0776063, 0.0 ], [ 79.966364399999989, 13.0774365, 0.0 ], [ 79.9663174, 13.0772275, 0.0 ], [ 79.966251700000015, 13.0767337, 0.0 ], [ 79.9662195, 13.0765704, 0.0 ], [ 79.966087, 13.0761041, 0.0 ], [ 79.9660116, 13.0757631, 0.0 ], [ 79.9659728, 13.0755254, 0.0 ], [ 79.965933299999989, 13.0750617, 0.0 ], [ 79.965907, 13.074671, 0.0 ], [ 79.9658816, 13.0742571, 0.0 ], [ 79.9657971, 13.0728787, 0.0 ], [ 79.9657702, 13.072607, 0.0 ], [ 79.965727299999983, 13.0723601, 0.0 ], [ 79.9656844, 13.072236, 0.0 ], [ 79.9639705, 13.0700113, 0.0 ], [ 79.9636003, 13.0694574, 0.0 ], [ 79.9634179, 13.0692, 0.0 ], [ 79.9632651, 13.0689283, 0.0 ], [ 79.9630867, 13.0684684, 0.0 ], [ 79.962734, 13.0676637, 0.0 ], [ 79.9623384, 13.0670536, 0.0 ], [ 79.962211, 13.0668733, 0.0 ], [ 79.962110399999986, 13.066697, 0.0 ], [ 79.9620178, 13.0664854, 0.0 ], [ 79.961961500000015, 13.0663207, 0.0 ], [ 79.9616195, 13.0649347, 0.0 ], [ 79.961569499999982, 13.064786, 0.0 ], [ 79.961493499999989, 13.0645911, 0.0 ], [ 79.961272753839935, 13.064199504314137, 0.0 ] ] } },
{ "type": "Feature", "properties": { "osm_id": 564671962, "road_name": "Bandikavanur - Natham Road", "highway": "tertiary", "ref": "O2275", "length_m": 3092.6, "unmet_length_m": 2669.4, "pct_outside_400m": 86.3, "outside_gcc": true, "need_score": 3821.5, "rank": 73 }, "geometry": { "type": "LineString", "coordinates": [ [ 80.1351260522258, 13.266521324560644, 0.0 ], [ 80.1351631, 13.2668788, 0.0 ], [ 80.135179, 13.2670292, 0.0 ], [ 80.135186899999979, 13.2671693, 0.0 ], [ 80.1351846, 13.2673412, 0.0 ], [ 80.1351936, 13.2674649, 0.0 ], [ 80.1352082, 13.2675536, 0.0 ], [ 80.1352386, 13.2676543, 0.0 ], [ 80.135257699999983, 13.2677233, 0.0 ], [ 80.135269, 13.2678295, 0.0 ], [ 80.1352723, 13.2680277, 0.0 ], [ 80.135274599999988, 13.268205, 0.0 ], [ 80.135287, 13.268286, 0.0 ], [ 80.1353252, 13.2684185, 0.0 ], [ 80.13535779999998, 13.2685335, 0.0 ], [ 80.1353803, 13.2686638, 0.0 ], [ 80.135390500000014, 13.2687919, 0.0 ], [ 80.135397199999986, 13.2689659, 0.0 ], [ 80.1353927, 13.2691258, 0.0 ], [ 80.1353803, 13.2691991, 0.0 ], [ 80.1353295, 13.2693165, 0.0 ], [ 80.1351723, 13.2695233, 0.0 ], [ 80.1345777, 13.2703731, 0.0 ], [ 80.1344974, 13.2705139, 0.0 ], [ 80.134367, 13.2707502, 0.0 ], [ 80.1342867, 13.2708632, 0.0 ], [ 80.134190299999986, 13.2709536, 0.0 ], [ 80.134086699999983, 13.2710544, 0.0 ], [ 80.1339434, 13.271212, 0.0 ], [ 80.1337407, 13.2714492, 0.0 ], [ 80.133508600000013, 13.2717062, 0.0 ], [ 80.133255599999984, 13.2722216, 0.0 ], [ 80.133238, 13.2730634, 0.0 ], [ 80.1331085, 13.2731608, 0.0 ], [ 80.132584899999983, 13.2732066, 0.0 ], [ 80.1324378, 13.2732238, 0.0 ], [ 80.1323436, 13.2734987, 0.0 ], [ 80.131784699999983, 13.2735273, 0.0 ], [ 80.131643499999981, 13.2737678, 0.0 ], [ 80.1308609, 13.2737735, 0.0 ], [ 80.13064319999998, 13.2738824, 0.0 ], [ 80.1305902, 13.2740656, 0.0 ], [ 80.130560799999984, 13.2745466, 0.0 ], [ 80.1303255, 13.2751651, 0.0 ], [ 80.1301195, 13.2759038, 0.0 ], [ 80.129860699999981, 13.2771351, 0.0 ], [ 80.1298312, 13.2778222, 0.0 ], [ 80.129513499999987, 13.2788187, 0.0 ], [ 80.1293076, 13.2790305, 0.0 ], [ 80.129084, 13.2790534, 0.0 ], [ 80.128795699999984, 13.2790706, 0.0 ], [ 80.1283544, 13.2792653, 0.0 ], [ 80.128024900000014, 13.2794658, 0.0 ], [ 80.127771899999985, 13.279964, 0.0 ], [ 80.1274718, 13.2803705, 0.0 ], [ 80.1273188, 13.2805652, 0.0 ], [ 80.1273012, 13.2806225, 0.0 ], [ 80.1273777, 13.280674, 0.0 ], [ 80.1274954, 13.2807542, 0.0 ], [ 80.127858799999984, 13.2809125, 0.0 ], [ 80.128143099999988, 13.2810639, 0.0 ], [ 80.1283041, 13.281137, 0.0 ], [ 80.1284167, 13.2812597, 0.0 ], [ 80.1284999, 13.2813641, 0.0 ], [ 80.128784199999984, 13.2815756, 0.0 ], [ 80.1289478, 13.2817192, 0.0 ], [ 80.1291543, 13.2818653, 0.0 ], [ 80.1294199, 13.2820585, 0.0 ], [ 80.1296908, 13.282236, 0.0 ], [ 80.129849, 13.2823822, 0.0 ], [ 80.1301038, 13.2824684, 0.0 ], [ 80.1304686, 13.2825284, 0.0 ], [ 80.1307127, 13.2825545, 0.0 ], [ 80.1310721, 13.2825911, 0.0 ], [ 80.1310801, 13.2829278, 0.0 ], [ 80.1310399, 13.2831941, 0.0 ], [ 80.131005, 13.2834003, 0.0 ] ] } },
{ "type": "Feature", "properties": { "osm_id": 824539739, "road_name": "Unnamed road", "highway": "tertiary", "ref": "", "length_m": 3063.6, "unmet_length_m": 2648.9, "pct_outside_400m": 86.5, "outside_gcc": true, "need_score": 3794.0, "rank": 74 }, "geometry": { "type": "LineString", "coordinates": [ [ 80.075006799999983, 13.1011009, 0.000000000000101 ], [ 80.0751521, 13.1009218, 0.000000000000101 ], [ 80.0753023, 13.1006435, 0.000000000000101 ], [ 80.07552219999998, 13.1003183, 0.000000000000101 ], [ 80.0756831, 13.1001185, 0.000000000000101 ], [ 80.0757956, 13.1000207, 0.000000000000101 ], [ 80.075901499999986, 13.0999358, 0.000000000000101 ], [ 80.0759713, 13.0998888, 0.000000000000101 ], [ 80.0760618, 13.0998523, 0.000000000000101 ], [ 80.0763421, 13.0997726, 0.000000000000101 ], [ 80.077068, 13.0995231, 0.000000000000101 ], [ 80.077127299999987, 13.0995217, 0.000000000000101 ], [ 80.0771689, 13.0995315, 0.000000000000101 ], [ 80.0772052, 13.0995606, 0.000000000000101 ], [ 80.0775283, 13.1000207, 0.000000000000101 ], [ 80.0778158, 13.1005634, 0.000000000000101 ], [ 80.0778448, 13.1005974, 0.000000000000101 ], [ 80.077889, 13.1006242, 0.000000000000101 ], [ 80.0785073, 13.1007692, 0.000000000000101 ], [ 80.0786364, 13.1008316, 0.000000000000101 ], [ 80.078884, 13.1010042, 0.000000000000101 ], [ 80.079467, 13.1014105, 0.000000000000101 ], [ 80.079586899999981, 13.1015712, 0.000000000000101 ], [ 80.0797009, 13.101771, 0.000000000000101 ], [ 80.0796948, 13.1021819, 0.000000000000101 ], [ 80.0797151, 13.1023426, 0.000000000000101 ], [ 80.079735199999988, 13.1024266, 0.000000000000101 ], [ 80.0797629, 13.1025046, 0.000000000000101 ], [ 80.079813699999988, 13.1025721, 0.000000000000101 ], [ 80.07988, 13.1026651, 0.000000000000101 ], [ 80.07992, 13.1027522, 0.000000000000101 ], [ 80.0800494, 13.1031558, 0.000000000000101 ], [ 80.080271399999987, 13.1038784, 0.000000000000101 ], [ 80.080329, 13.1040708, 0.000000000000101 ], [ 80.0804583, 13.1043275, 0.000000000000101 ], [ 80.080541599999989, 13.1044723, 0.000000000000101 ], [ 80.0808542, 13.1049202, 0.000000000000101 ], [ 80.0811225, 13.1053513, 0.000000000000101 ], [ 80.0811625, 13.1054415, 0.000000000000101 ], [ 80.0812214, 13.1055744, 0.000000000000101 ], [ 80.0812592, 13.1056868, 0.000000000000101 ], [ 80.081279, 13.1057744, 0.000000000000101 ], [ 80.0812884, 13.1058687, 0.000000000000101 ], [ 80.0813236, 13.106215, 0.000000000000101 ], [ 80.0813493, 13.1063434, 0.000000000000101 ], [ 80.081397, 13.1065812, 0.000000000000101 ], [ 80.081497899999988, 13.106843, 0.000000000000101 ], [ 80.081589899999983, 13.1070296, 0.000000000000101 ], [ 80.0816358, 13.1071274, 0.000000000000101 ], [ 80.0816866, 13.1073155, 0.000000000000101 ], [ 80.0817391, 13.1075569, 0.000000000000132 ], [ 80.0818256, 13.1079425, 0.000000000000132 ], [ 80.0818806, 13.1084981, 0.000000000000132 ], [ 80.0824321, 13.1084947, 0.000000000000132 ], [ 80.0825138, 13.1085415, 0.000000000000132 ], [ 80.0825323, 13.1086087, 0.000000000000132 ], [ 80.0825844, 13.1092352, 0.000000000000132 ], [ 80.0829826, 13.1091508, 0.000000000000132 ], [ 80.0831575, 13.1091106, 0.000000000000132 ], [ 80.0833489, 13.109025, 0.000000000000132 ], [ 80.0835117, 13.1089319, 0.000000000000132 ], [ 80.0836294, 13.1088431, 0.000000000000132 ], [ 80.0837311, 13.1087389, 0.000000000000132 ], [ 80.083759599999979, 13.1087138, 0.000000000000132 ], [ 80.0839966, 13.1085045, 0.000000000000132 ], [ 80.084116899999984, 13.1084166, 0.000000000000132 ], [ 80.0842762, 13.1083614, 0.000000000000132 ], [ 80.0845115, 13.1083132, 0.000000000000132 ], [ 80.084835500000011, 13.1083091, 0.000000000000132 ], [ 80.0850618, 13.1082812, 0.000000000000132 ], [ 80.085432299999979, 13.1082181, 0.000000000000132 ], [ 80.0856423, 13.1081571, 0.000000000000132 ], [ 80.08572, 13.1081345, 0.000000000000132 ], [ 80.085889099999989, 13.108076, 0.000000000000132 ], [ 80.085958, 13.1080522, 0.000000000000132 ], [ 80.086126, 13.1079925, 0.000000000000132 ], [ 80.0865924, 13.1078269, 0.000000000000132 ], [ 80.0868438, 13.1077335, 0.000000000000132 ], [ 80.087233400000017, 13.10758, 0.000000000000132 ], [ 80.087260599999979, 13.1075704, 0.000000000000132 ], [ 80.087401, 13.1075206, 0.000000000000132 ], [ 80.0874591, 13.1074943, 0.000000000000132 ], [ 80.0877357, 13.1073691, 0.000000000000101 ], [ 80.0878885, 13.1072822, 0.000000000000101 ], [ 80.0881226, 13.1071242, 0.000000000000101 ], [ 80.0882679, 13.1070234, 0.000000000000101 ], [ 80.0884163, 13.1069204, 0.000000000000101 ], [ 80.088488699999985, 13.1068394, 0.000000000000101 ], [ 80.0885068, 13.1067859, 0.000000000000101 ], [ 80.0884822, 13.1067128, 0.000000000000101 ], [ 80.088433899999984, 13.1064935, 0.000000000000101 ], [ 80.088428900000011, 13.1064292, 0.000000000000101 ], [ 80.08850409999998, 13.106396, 0.000000000000101 ], [ 80.0885769, 13.106385, 0.000000000000101 ], [ 80.088849, 13.1063441, 0.000000000000101 ], [ 80.0888895, 13.106338, 0.000000000000101 ], [ 80.0889292, 13.106332, 0.000000000000101 ], [ 80.0892712, 13.1063026, 0.000000000000101 ], [ 80.0893447, 13.1062999, 0.000000000000101 ], [ 80.0896809, 13.1062582, 0.000000000000101 ], [ 80.0900846, 13.1062138, 0.000000000000101 ], [ 80.090089629646627, 13.106213239981889, 0.000000000000101 ] ] } },
{ "type": "Feature", "properties": { "osm_id": 207886259, "road_name": "Adhanur Road", "highway": "tertiary", "ref": "", "length_m": 2599.6, "unmet_length_m": 2529.8, "pct_outside_400m": 97.3, "outside_gcc": true, "need_score": 3760.8, "rank": 75 }, "geometry": { "type": "LineString", "coordinates": [ [ 80.034389650156953, 12.861617368423968, 0.0 ], [ 80.034446799999984, 12.8619944, 0.0 ], [ 80.0344878, 12.8620812, 0.0 ], [ 80.034585, 12.8621159, 0.0 ], [ 80.0346829, 12.8621237, 0.0 ], [ 80.034721799999986, 12.8621577, 0.0 ], [ 80.0347895, 12.8624199, 0.0 ], [ 80.0348257, 12.8625258, 0.0 ], [ 80.034866, 12.8625689, 0.0 ], [ 80.0351523, 12.8626147, 0.0 ], [ 80.0353045, 12.86265, 0.0 ], [ 80.03545, 12.8627108, 0.0 ], [ 80.035569399999986, 12.8628023, 0.0 ], [ 80.0356069, 12.8628664, 0.0 ], [ 80.0356887, 12.8629762, 0.0 ], [ 80.0357404, 12.8630997, 0.0 ], [ 80.0357571, 12.8631396, 0.0 ], [ 80.0359786, 12.863927, 0.0 ], [ 80.0359321, 12.8640306, 0.0 ], [ 80.0358839, 12.864081, 0.0 ], [ 80.035643099999987, 12.8642483, 0.0 ], [ 80.035602299999979, 12.8642981, 0.0 ], [ 80.0355734, 12.8643333, 0.0 ], [ 80.035448, 12.864825, 0.0 ], [ 80.0353213, 12.8649347, 0.0 ], [ 80.0351496, 12.8650341, 0.0 ], [ 80.0348505, 12.8651805, 0.0 ], [ 80.0351456, 12.8673208, 0.0 ], [ 80.0351831, 12.8674019, 0.0 ], [ 80.0352301, 12.8674385, 0.0 ], [ 80.0360173, 12.8673705, 0.0 ], [ 80.03694, 12.8672554, 0.0 ], [ 80.0374094, 12.8672345, 0.0 ], [ 80.0385895, 12.867075, 0.0 ], [ 80.0387103, 12.8670765, 0.0 ], [ 80.038801400000011, 12.8670776, 0.0 ], [ 80.0389382, 12.867143, 0.0 ], [ 80.0390294, 12.8672241, 0.0 ], [ 80.0390569, 12.8673358, 0.0 ], [ 80.0391394, 12.8677732, 0.0 ], [ 80.0391957, 12.8680242, 0.0 ], [ 80.0394049, 12.8683772, 0.0 ], [ 80.0397295, 12.8690022, 0.0 ], [ 80.0399615, 12.8696127, 0.0 ], [ 80.0400875, 12.8697748, 0.0 ], [ 80.0401814, 12.8698402, 0.0 ], [ 80.0410073, 12.8702043, 0.0 ], [ 80.0413898, 12.8703148, 0.0 ], [ 80.041986599999987, 12.8705129, 0.0 ], [ 80.0420389, 12.8705527, 0.0 ], [ 80.0420657, 12.8706207, 0.0 ], [ 80.042043399999983, 12.8711663, 0.0 ], [ 80.042099199999981, 12.8713006, 0.0 ], [ 80.0421716, 12.8713385, 0.0 ], [ 80.042221200000014, 12.8713463, 0.0 ], [ 80.0423123, 12.871344, 0.0 ], [ 80.0427504, 12.8713144, 0.0 ], [ 80.0431091, 12.8712901, 0.0 ], [ 80.0437126, 12.8712784, 0.0 ], [ 80.044072, 12.871298, 0.0 ], [ 80.044468899999984, 12.8713398, 0.0 ], [ 80.0447144, 12.8714601, 0.0 ], [ 80.045213, 12.8717852, 0.0 ], [ 80.045576699999984, 12.8720772, 0.0 ], [ 80.04607559999998, 12.8724616, 0.0 ], [ 80.0462714, 12.8726681, 0.0 ], [ 80.0464538, 12.8729767, 0.0 ], [ 80.046520799999982, 12.8730551, 0.0 ], [ 80.0468244, 12.8731079, 0.0 ], [ 80.0471236, 12.8731487, 0.0 ] ] } },
{ "type": "Feature", "properties": { "osm_id": 651793830, "road_name": "Melanur - Meyyur road", "highway": "tertiary", "ref": "O3875", "length_m": 4716.3, "unmet_length_m": 2674.8, "pct_outside_400m": 56.7, "outside_gcc": true, "need_score": 3678.0, "rank": 76 }, "geometry": { "type": "LineString", "coordinates": [ [ 79.949556176690137, 13.195643186923318, 0.0 ], [ 79.9495404, 13.1957156, 0.0 ], [ 79.949379400000012, 13.1960708, 0.0 ], [ 79.9493526, 13.1963998, 0.0 ], [ 79.949492099999986, 13.1976533, 0.0 ], [ 79.94948669999998, 13.1981338, 0.0 ], [ 79.9495296, 13.1985986, 0.0 ], [ 79.949459899999979, 13.1988545, 0.0 ], [ 79.9492936, 13.1990164, 0.0 ], [ 79.9491273, 13.1992096, 0.0 ], [ 79.9488376, 13.199617, 0.0 ], [ 79.9486016, 13.2001445, 0.0 ], [ 79.9483977, 13.200484, 0.0 ], [ 79.94815629999998, 13.2008182, 0.0 ], [ 79.94799, 13.2013144, 0.0 ], [ 79.9477916, 13.2017426, 0.0 ], [ 79.9476735, 13.2018419, 0.0 ], [ 79.9474375, 13.2018575, 0.0 ], [ 79.9469815, 13.2017217, 0.0 ], [ 79.9464558, 13.2017113, 0.0 ], [ 79.9460803, 13.201633, 0.0 ], [ 79.9456673, 13.2015024, 0.0 ], [ 79.945350800000014, 13.2014606, 0.0 ], [ 79.9451898, 13.2014815, 0.0 ], [ 79.9450503, 13.2016695, 0.0 ], [ 79.94505909999998, 13.2017831, 0.0 ], [ 79.9451147, 13.2025051, 0.0 ], [ 79.945124, 13.2031462, 0.0 ], [ 79.9449591, 13.2037951, 0.0 ], [ 79.9447821, 13.203957, 0.0 ], [ 79.944471, 13.2040615, 0.0 ], [ 79.9438219, 13.2041085, 0.0 ], [ 79.943382, 13.2041294, 0.0 ], [ 79.9429636, 13.2043748, 0.0 ], [ 79.94269, 13.2049075, 0.0 ], [ 79.9425183, 13.2050381, 0.0 ], [ 79.941670799999983, 13.205294, 0.0 ], [ 79.9403833, 13.2057223, 0.0 ], [ 79.9392729, 13.2060565, 0.0 ], [ 79.939128, 13.2062915, 0.0 ], [ 79.9390958, 13.2065787, 0.0 ], [ 79.9389886, 13.2069287, 0.0 ], [ 79.9388504, 13.2070657, 0.0 ], [ 79.93860770000002, 13.2072577, 0.0 ], [ 79.938377, 13.2076337, 0.0 ], [ 79.938232199999987, 13.2083805, 0.0 ], [ 79.9381785, 13.2091378, 0.0 ], [ 79.938184199999981, 13.209278, 0.0 ], [ 79.9382096, 13.2098978, 0.0 ], [ 79.9382161, 13.2100569, 0.0 ], [ 79.938329, 13.2108644, 0.0 ], [ 79.9383555, 13.2110544, 0.0 ], [ 79.938401185361172, 13.211297976062088, 0.0 ] ] } },
{ "type": "Feature", "properties": { "osm_id": 1148067846, "road_name": "Perathur Road", "highway": "tertiary", "ref": "O6350", "length_m": 2429.0, "unmet_length_m": 2429.0, "pct_outside_400m": 100.0, "outside_gcc": true, "need_score": 3643.5, "rank": 77 }, "geometry": { "type": "LineString", "coordinates": [ [ 79.956006800000011, 13.1768788, 0.0 ], [ 79.955698, 13.1773366, 0.0 ], [ 79.955354699999987, 13.1775978, 0.0 ], [ 79.9552721, 13.177902, 0.0 ], [ 79.955301, 13.1785797, 0.0 ], [ 79.955374, 13.1790041, 0.0 ], [ 79.9553922, 13.1799482, 0.0 ], [ 79.9556277, 13.1805366, 0.0 ], [ 79.955887, 13.1811846, 0.0 ], [ 79.956438299999988, 13.1816927, 0.0 ], [ 79.956554199999985, 13.1817462, 0.0 ], [ 79.956978, 13.181741, 0.0 ], [ 79.9573213, 13.1817201, 0.0 ], [ 79.9574608, 13.1817932, 0.0 ], [ 79.957509, 13.1820857, 0.0 ], [ 79.9575412, 13.1823521, 0.0 ], [ 79.9577182, 13.1826342, 0.0 ], [ 79.9579028, 13.1829515, 0.0 ], [ 79.9580742, 13.1837577, 0.0 ], [ 79.958090499999983, 13.1838342, 0.0 ], [ 79.9581796, 13.184222, 0.0 ], [ 79.9583192, 13.1844914, 0.0 ], [ 79.9584854, 13.184692, 0.0 ], [ 79.958884499999982, 13.1852235, 0.0 ], [ 79.959083, 13.1855107, 0.0 ], [ 79.9594316, 13.1866755, 0.0 ], [ 79.9596977, 13.1872879, 0.0 ], [ 79.9597567, 13.1875333, 0.0 ], [ 79.95977449999998, 13.1876814, 0.0 ], [ 79.95920959999998, 13.1898001, 0.0 ], [ 79.958857699999982, 13.1910732, 0.0 ], [ 79.9588094, 13.1914074, 0.0 ], [ 79.9586999, 13.1915863, 0.0 ], [ 79.9584875, 13.191773, 0.0 ], [ 79.9583427, 13.1918984, 0.0 ], [ 79.9579596, 13.1927145, 0.0 ], [ 79.9577277, 13.1933121, 0.0 ], [ 79.9569086, 13.1954392, 0.0 ], [ 79.9568777, 13.1955161, 0.0 ] ] } },
{ "type": "Feature", "properties": { "osm_id": 384821567, "road_name": "Kavalcheri Road", "highway": "tertiary", "ref": "O7135", "length_m": 2975.1, "unmet_length_m": 2528.9, "pct_outside_400m": 85.0, "outside_gcc": true, "need_score": 3603.7, "rank": 78 }, "geometry": { "type": "LineString", "coordinates": [ [ 80.06261990449282, 13.057917263462908, 0.000000000000132 ], [ 80.0626101, 13.0580734, 0.000000000000132 ], [ 80.0625901, 13.0583551, 0.000000000000132 ], [ 80.0625662, 13.0587273, 0.000000000000132 ], [ 80.0625628, 13.0587794, 0.000000000000132 ], [ 80.0625445, 13.0590639, 0.000000000000132 ], [ 80.0625288, 13.059308, 0.000000000000132 ], [ 80.062518399999988, 13.0595609, 0.000000000000132 ], [ 80.062502599999988, 13.0600681, 0.000000000000132 ], [ 80.06250129999998, 13.0601089, 0.000000000000132 ], [ 80.062498800000014, 13.0604259, 0.000000000000132 ], [ 80.062496599999989, 13.060703, 0.000000000000132 ], [ 80.0624963, 13.0607464, 0.000000000000132 ], [ 80.0624937, 13.0607846, 0.000000000000132 ], [ 80.062450499999983, 13.0614111, 0.000000000000132 ], [ 80.0624242, 13.0617508, 0.000000000000132 ], [ 80.062421, 13.0617915, 0.000000000000132 ], [ 80.0624207, 13.0618404, 0.000000000000132 ], [ 80.0623736, 13.0623427, 0.000000000000132 ], [ 80.062363, 13.0626421, 0.000000000000132 ], [ 80.0623365, 13.0631157, 0.000000000000132 ], [ 80.062284299999988, 13.0642071, 0.000000000000132 ], [ 80.0622802, 13.0642925, 0.000000000000132 ], [ 80.062248, 13.0645937, 0.000000000000132 ], [ 80.0622426, 13.0650431, 0.000000000000132 ], [ 80.0622218, 13.0659162, 0.000000000000132 ], [ 80.062079, 13.0668869, 0.000000000000132 ], [ 80.062142, 13.0688564, 0.000000000000132 ], [ 80.0621326, 13.0699903, 0.000000000000132 ], [ 80.06212859999998, 13.070441, 0.000000000000132 ], [ 80.062101799999979, 13.0707232, 0.000000000000132 ], [ 80.0620669, 13.0709087, 0.000000000000132 ], [ 80.0620267, 13.0711452, 0.000000000000132 ], [ 80.0620374, 13.0712745, 0.000000000000132 ], [ 80.06206109999998, 13.0715166, 0.000000000000132 ], [ 80.0620227, 13.0715769, 0.000000000000132 ], [ 80.061975, 13.0715906, 0.000000000000132 ], [ 80.061914, 13.0715854, 0.000000000000132 ], [ 80.0617397, 13.0715253, 0.000000000000132 ], [ 80.0616512, 13.0715018, 0.000000000000132 ], [ 80.0614002, 13.0714631, 0.000000000000132 ], [ 80.0611399, 13.0714784, 0.000000000000132 ], [ 80.061106699999982, 13.0714915, 0.000000000000132 ], [ 80.0610695, 13.0715311, 0.000000000000132 ], [ 80.061057399999981, 13.071593, 0.000000000000132 ], [ 80.0610393, 13.0718353, 0.000000000000132 ], [ 80.0610213, 13.0721712, 0.000000000000132 ], [ 80.060986799999981, 13.0723769, 0.000000000000132 ], [ 80.0609931, 13.0726561, 0.000000000000132 ], [ 80.0610352, 13.0730495, 0.000000000000132 ], [ 80.060956500000017, 13.0733202, 0.000000000000132 ], [ 80.0607544, 13.0737797, 0.000000000000132 ], [ 80.0607097, 13.0739839, 0.000000000000132 ], [ 80.0607124, 13.0743131, 0.000000000000132 ], [ 80.0607797, 13.0756442, 0.000000000000132 ], [ 80.0607763, 13.0757461, 0.000000000000132 ], [ 80.060772899999989, 13.076106, 0.000000000000132 ], [ 80.0606692, 13.076162, 0.000000000000132 ], [ 80.060633, 13.0761752, 0.000000000000132 ], [ 80.0603316, 13.0762852, 0.000000000000132 ], [ 80.0602631, 13.0763457, 0.000000000000132 ], [ 80.0602323, 13.0763954, 0.000000000000132 ], [ 80.0602269, 13.0765182, 0.000000000000132 ], [ 80.0602564, 13.0766801, 0.000000000000132 ], [ 80.0603127, 13.0768212, 0.000000000000132 ], [ 80.0606266, 13.0772523, 0.000000000000132 ], [ 80.060698299999984, 13.0774774, 0.000000000000132 ], [ 80.0604763, 13.0784558, 0.000000000000132 ] ] } },
{ "type": "Feature", "properties": { "osm_id": 31010991, "road_name": "Karanodai - Minjur Road", "highway": "tertiary", "ref": "O2076", "length_m": 14282.3, "unmet_length_m": 2845.9, "pct_outside_400m": 19.9, "outside_gcc": true, "need_score": 3573.2, "rank": 79 }, "geometry": { "type": "LineString", "coordinates": [ [ 80.21562368539621, 13.275089843127915, 0.0 ], [ 80.2159462, 13.2750365, 0.0 ], [ 80.2170362, 13.2745854, 0.0 ], [ 80.2192054, 13.2744024, 0.0 ], [ 80.221096, 13.2742429, 0.0 ], [ 80.2223234, 13.2739505, 0.0 ], [ 80.2229071, 13.2732071, 0.0 ], [ 80.2241945, 13.2727476, 0.0 ], [ 80.2262459, 13.2712523, 0.0 ], [ 80.227224599999985, 13.2708605, 0.0 ], [ 80.2280323, 13.27231, 0.0 ], [ 80.228912799999989, 13.2719907, 0.0 ], [ 80.231324599999979, 13.2713307, 0.0 ], [ 80.2319169, 13.2713725, 0.0 ], [ 80.232286, 13.2714811, 0.0 ], [ 80.2332387, 13.2723249, 0.0 ], [ 80.2336592, 13.2724919, 0.0 ], [ 80.2349381, 13.2727008, 0.0 ], [ 80.2359509, 13.2727258, 0.0 ], [ 80.2364487, 13.2726005, 0.0 ], [ 80.2372641, 13.272116, 0.0 ], [ 80.238205678862926, 13.271524439168033, 0.0 ] ] } },
{ "type": "Feature", "properties": { "osm_id": 68603587, "road_name": "Melanur - Meyyur road", "highway": "tertiary", "ref": "O3875", "length_m": 5386.6, "unmet_length_m": 2621.0, "pct_outside_400m": 48.7, "outside_gcc": true, "need_score": 3542.1, "rank": 80 }, "geometry": { "type": "LineString", "coordinates": [ [ 79.948069419387508, 13.242601369621996, 0.0 ], [ 79.949856199999985, 13.243223, 0.0 ], [ 79.951787199999984, 13.2440708, 0.0 ], [ 79.9533762, 13.2447524, 0.0 ], [ 79.954052, 13.2453306, 0.0 ], [ 79.9565069, 13.2476037, 0.0 ], [ 79.956686199999979, 13.2495392, 0.0 ], [ 79.9584864, 13.2548181, 0.0 ], [ 79.960031767949758, 13.260253342470797, 0.0 ] ] } },
{ "type": "Feature", "properties": { "osm_id": 1074516469, "road_name": "Unnamed road", "highway": "tertiary", "ref": "", "length_m": 2359.6, "unmet_length_m": 2359.6, "pct_outside_400m": 100.0, "outside_gcc": true, "need_score": 3539.3, "rank": 81 }, "geometry": { "type": "LineString", "coordinates": [ [ 80.314211499999985, 13.2696432, 0.0 ], [ 80.3141044, 13.2709338, 0.0 ], [ 80.3141006, 13.2709991, 0.0 ], [ 80.3141012, 13.2710909, 0.0 ], [ 80.314109299999984, 13.271168, 0.0 ], [ 80.31412539999998, 13.2712476, 0.0 ], [ 80.314143, 13.2713193, 0.0 ], [ 80.314382199999983, 13.2722223, 0.0 ], [ 80.3147262, 13.2735149, 0.0 ], [ 80.3153645, 13.2759128, 0.0 ], [ 80.315576899999982, 13.2767778, 0.0 ], [ 80.315659699999983, 13.2770525, 0.0 ], [ 80.3157001, 13.2771582, 0.0 ], [ 80.3157895, 13.2773716, 0.0 ], [ 80.3160811, 13.2781139, 0.0 ], [ 80.3166055, 13.2794351, 0.0 ], [ 80.316697, 13.2796651, 0.0 ], [ 80.3167758, 13.2798474, 0.0 ], [ 80.3168844, 13.2800608, 0.0 ], [ 80.316968499999987, 13.2802369, 0.0 ], [ 80.317264399999985, 13.2808191, 0.0 ], [ 80.3177237, 13.281723, 0.0 ], [ 80.317856599999985, 13.2819702, 0.0 ], [ 80.318040899999986, 13.282316, 0.0 ], [ 80.3187323, 13.283636, 0.0 ], [ 80.3187846, 13.2837381, 0.0 ], [ 80.3188074, 13.2837896, 0.0 ], [ 80.3188301, 13.2838539, 0.0 ], [ 80.318867, 13.2839752, 0.0 ], [ 80.318907399999986, 13.2841094, 0.0 ], [ 80.31924859999998, 13.2854114, 0.0 ], [ 80.31985539999998, 13.2876146, 0.0 ], [ 80.3199653, 13.288075, 0.0 ], [ 80.3200055, 13.2882629, 0.0 ], [ 80.320040799999987, 13.2884603, 0.0 ], [ 80.3200485, 13.2885031, 0.0 ], [ 80.3201506, 13.2892445, 0.0 ] ] } },
{ "type": "Feature", "properties": { "osm_id": 1074516470, "road_name": "Unnamed road", "highway": "tertiary", "ref": "", "length_m": 2354.7, "unmet_length_m": 2354.7, "pct_outside_400m": 100.0, "outside_gcc": true, "need_score": 3532.1, "rank": 82 }, "geometry": { "type": "LineString", "coordinates": [ [ 80.3202758, 13.289228, 0.0 ], [ 80.320165099999983, 13.2884433, 0.0 ], [ 80.3201545, 13.2883683, 0.0 ], [ 80.320126799999983, 13.2881797, 0.0 ], [ 80.320088499999983, 13.2880036, 0.0 ], [ 80.3199754, 13.2875746, 0.0 ], [ 80.3193737, 13.2853765, 0.0 ], [ 80.319027, 13.2840784, 0.0 ], [ 80.3189921, 13.2839478, 0.0 ], [ 80.3189767, 13.2838849, 0.0 ], [ 80.3189513, 13.2837993, 0.0 ], [ 80.3189176, 13.2837188, 0.0 ], [ 80.3188475, 13.2835757, 0.0 ], [ 80.318159899999984, 13.2822601, 0.0 ], [ 80.3179606, 13.2818844, 0.0 ], [ 80.3178441, 13.2816686, 0.0 ], [ 80.3173864, 13.2807566, 0.0 ], [ 80.317101, 13.280188, 0.0 ], [ 80.3169998, 13.2799846, 0.0 ], [ 80.3169035, 13.2797807, 0.0 ], [ 80.3168275, 13.2796113, 0.0 ], [ 80.316726499999987, 13.2793707, 0.0 ], [ 80.3162088, 13.2780575, 0.0 ], [ 80.315917499999983, 13.2773194, 0.0 ], [ 80.3158344, 13.2771158, 0.0 ], [ 80.315778, 13.2769644, 0.0 ], [ 80.3157244, 13.2767764, 0.0 ], [ 80.3154918, 13.2758827, 0.0 ], [ 80.314852299999984, 13.2734803, 0.0 ], [ 80.3145093, 13.2721922, 0.0 ], [ 80.3142752, 13.2712924, 0.0 ], [ 80.314256, 13.271221, 0.0 ], [ 80.3142399, 13.2711357, 0.0 ], [ 80.314234, 13.2710631, 0.0 ], [ 80.3142321, 13.2710074, 0.0 ], [ 80.3142351, 13.2709472, 0.0 ], [ 80.3143344, 13.269665, 0.0 ] ] } },
{ "type": "Feature", "properties": { "osm_id": 831107680, "road_name": "Perunthandalam Road", "highway": "tertiary", "ref": "O2863", "length_m": 2962.6, "unmet_length_m": 2484.0, "pct_outside_400m": 83.8, "outside_gcc": true, "need_score": 3525.4, "rank": 83 }, "geometry": { "type": "LineString", "coordinates": [ [ 80.0510927, 12.7015695, 0.0 ], [ 80.051201299999988, 12.7015466, 0.0 ], [ 80.051352199999982, 12.7015048, 0.0 ], [ 80.0514266, 12.701493, 0.0 ], [ 80.0514843, 12.7015021, 0.0 ], [ 80.0515305, 12.7015178, 0.0 ], [ 80.0515848, 12.7015473, 0.0 ], [ 80.051710200000016, 12.7016794, 0.0 ], [ 80.0518531, 12.7019895, 0.0 ], [ 80.051989899999981, 12.7024578, 0.0 ], [ 80.052094499999981, 12.70273, 0.0 ], [ 80.0522366, 12.7029184, 0.0 ], [ 80.0524659, 12.7031879, 0.0 ], [ 80.0525746, 12.7032873, 0.0 ], [ 80.0526685, 12.7033331, 0.0 ], [ 80.052738199999979, 12.7033475, 0.0 ], [ 80.0528951, 12.7033383, 0.0 ], [ 80.05339, 12.703248, 0.0 ], [ 80.0536837, 12.703218, 0.0 ], [ 80.0538674, 12.7031735, 0.0 ], [ 80.0539318, 12.7031709, 0.0 ], [ 80.0539841, 12.7031918, 0.0 ], [ 80.0540109, 12.7032219, 0.0 ], [ 80.054032399999983, 12.7032755, 0.0 ], [ 80.054114199999987, 12.7034626, 0.0 ], [ 80.054163799999984, 12.7035542, 0.0 ], [ 80.054221400000017, 12.7036366, 0.0 ], [ 80.054409199999981, 12.7038446, 0.0 ], [ 80.05454469999998, 12.7039807, 0.0 ], [ 80.054637199999988, 12.7041128, 0.0 ], [ 80.0547767, 12.7043758, 0.0 ], [ 80.054859799999988, 12.7044974, 0.0 ], [ 80.0549416, 12.7045877, 0.0 ], [ 80.055149499999985, 12.7047866, 0.0 ], [ 80.055295699999988, 12.7049357, 0.0 ], [ 80.0554519, 12.7050875, 0.0 ], [ 80.0554908, 12.7051084, 0.0 ], [ 80.0555545, 12.7051189, 0.0 ], [ 80.0556082, 12.7051071, 0.0 ], [ 80.0556953, 12.7050744, 0.0 ], [ 80.0563833, 12.7047656, 0.0 ], [ 80.0567266, 12.7046322, 0.0 ], [ 80.0574213, 12.7044229, 0.0 ], [ 80.058180399999983, 12.7042319, 0.0 ], [ 80.0585371, 12.7041769, 0.0 ], [ 80.0590709, 12.7041625, 0.0 ], [ 80.059351199999981, 12.7041717, 0.0 ], [ 80.0594397, 12.704156, 0.0 ], [ 80.059555, 12.704118, 0.0 ], [ 80.0598983, 12.7039545, 0.0 ], [ 80.0600432, 12.7038943, 0.0 ], [ 80.060193399999989, 12.7038538, 0.0 ], [ 80.0604375, 12.7038171, 0.0 ], [ 80.060675299999986, 12.7038179, 0.0 ], [ 80.0609042, 12.7038054, 0.0 ], [ 80.0611348, 12.7037792, 0.0 ], [ 80.0621058, 12.7035751, 0.0 ], [ 80.06232439999998, 12.7035359, 0.0 ], [ 80.0624639, 12.7034867, 0.0 ], [ 80.0626141, 12.7034338, 0.0 ], [ 80.0627106, 12.7034181, 0.0 ], [ 80.0628877, 12.703426, 0.0 ], [ 80.0630392, 12.7034652, 0.0 ], [ 80.063235, 12.7035215, 0.0 ], [ 80.0634429, 12.703583, 0.0 ], [ 80.0635663, 12.7035934, 0.0 ], [ 80.0637715, 12.7035581, 0.0 ], [ 80.0639069, 12.7035437, 0.0 ], [ 80.0639941, 12.703566, 0.0 ], [ 80.064053099999981, 12.7035947, 0.0 ], [ 80.0641148, 12.7036536, 0.0 ], [ 80.064185899999984, 12.7037439, 0.0 ], [ 80.064307899999989, 12.7038132, 0.0 ], [ 80.0644018, 12.7038276, 0.0 ], [ 80.0644702, 12.703825, 0.0 ], [ 80.0647196, 12.7037504, 0.0 ], [ 80.064840299999986, 12.7035463, 0.0 ], [ 80.064875, 12.7034746, 0.0 ], [ 80.0649315, 12.7033579, 0.0 ], [ 80.065030799999988, 12.7031224, 0.0 ], [ 80.06506229999998, 12.7030315, 0.0 ], [ 80.0652668, 12.7024421, 0.0 ], [ 80.0653352, 12.7022302, 0.0 ], [ 80.065383499999982, 12.7020012, 0.0 ], [ 80.0654653, 12.7014295, 0.0 ], [ 80.065537699999979, 12.7008434, 0.0 ], [ 80.0656262, 12.7004169, 0.0 ], [ 80.0656852, 12.7001775, 0.0 ], [ 80.065734799999987, 12.7000336, 0.0 ], [ 80.0658133, 12.6999172, 0.0 ], [ 80.0659789, 12.6997222, 0.0 ], [ 80.066051299999984, 12.6996175, 0.0 ], [ 80.066087499999981, 12.6995181, 0.0 ], [ 80.0661304, 12.6992264, 0.0 ], [ 80.066219, 12.6987109, 0.0 ], [ 80.066282, 12.6984335, 0.0 ], [ 80.0663128, 12.6983838, 0.0 ], [ 80.0663538, 12.6983537, 0.0 ], [ 80.0665013, 12.6983086, 0.0 ], [ 80.0665784, 12.6982857, 0.0 ], [ 80.066605668023271, 12.698254979207764, 0.0 ] ] } },
{ "type": "Feature", "properties": { "osm_id": 31011255, "road_name": "Unnamed road", "highway": "tertiary", "ref": "", "length_m": 2275.3, "unmet_length_m": 2275.3, "pct_outside_400m": 100.0, "outside_gcc": true, "need_score": 3412.9, "rank": 84 }, "geometry": { "type": "LineString", "coordinates": [ [ 80.256464899999983, 13.2589434, 0.0 ], [ 80.2564584, 13.2588129, 0.0 ], [ 80.25646159999998, 13.2587641, 0.0 ], [ 80.2564665, 13.2586893, 0.0 ], [ 80.2564946, 13.2586235, 0.0 ], [ 80.256541, 13.2585644, 0.0 ], [ 80.2566239, 13.2584949, 0.0 ], [ 80.2567606, 13.2583883, 0.0 ], [ 80.2568993, 13.2582602, 0.0 ], [ 80.2569187, 13.2582423, 0.0 ], [ 80.257074399999979, 13.2580993, 0.0 ], [ 80.2572217, 13.2579939, 0.0 ], [ 80.257347199999984, 13.2579119, 0.0 ], [ 80.25756939999998, 13.2577666, 0.0 ], [ 80.2577078, 13.257687, 0.0 ], [ 80.2578456, 13.2576316, 0.0 ], [ 80.258041100000014, 13.2575758, 0.0 ], [ 80.2582719, 13.2575338, 0.0 ], [ 80.2586101, 13.257486, 0.0 ], [ 80.258693899999983, 13.2574741, 0.0 ], [ 80.25878059999998, 13.2574562, 0.0 ], [ 80.258866, 13.2574287, 0.0 ], [ 80.2589407, 13.2573943, 0.0 ], [ 80.2589501, 13.2573666, 0.0 ], [ 80.2589569, 13.2573107, 0.0 ], [ 80.2589551, 13.257212, 0.0 ], [ 80.258949499999986, 13.2571499, 0.0 ], [ 80.2587647, 13.2561012, 0.0 ], [ 80.2586703, 13.2550987, 0.0 ], [ 80.2586961, 13.254021, 0.0 ], [ 80.2584729, 13.2517402, 0.0 ], [ 80.2580952, 13.2502781, 0.0 ], [ 80.257872099999986, 13.249192, 0.0 ], [ 80.2579922, 13.2489581, 0.0 ], [ 80.258076599999981, 13.2489473, 0.0 ], [ 80.2604813, 13.2486406, 0.0 ], [ 80.2614512, 13.248532, 0.0 ], [ 80.2622924, 13.2481978, 0.0 ], [ 80.2647729, 13.2468026, 0.0 ], [ 80.2651849, 13.24666, 0.0 ], [ 80.2657887, 13.246561, 0.0 ], [ 80.2659521, 13.2465285, 0.0 ] ] } },
{ "type": "Feature", "properties": { "osm_id": 102577587, "road_name": "Unnamed road", "highway": "tertiary", "ref": "", "length_m": 2257.5, "unmet_length_m": 2257.5, "pct_outside_400m": 100.0, "outside_gcc": true, "need_score": 3386.3, "rank": 85 }, "geometry": { "type": "LineString", "coordinates": [ [ 80.0076926, 13.0147385, 0.0 ], [ 80.007754500000019, 13.0146891, 0.0 ], [ 80.007833799999986, 13.0145446, 0.0 ], [ 80.0081088, 13.0140435, 0.0 ], [ 80.0082293, 13.0133706, 0.0 ], [ 80.008451599999987, 13.0124417, 0.0 ], [ 80.0085504, 13.0120641, 0.0 ], [ 80.0087912, 13.0116731, 0.0 ], [ 80.009378199999986, 13.0115364, 0.0 ], [ 80.0100672, 13.0113759, 0.0 ], [ 80.0105475, 13.0112823, 0.0 ], [ 80.0114503, 13.0111064, 0.0 ], [ 80.0128688, 13.0106296, 0.0 ], [ 80.0132164, 13.0105535, 0.0 ], [ 80.0134537, 13.0105672, 0.0 ], [ 80.0136635, 13.01039, 0.0 ], [ 80.0137825, 13.0098856, 0.0 ], [ 80.0138454, 13.0089926, 0.0 ], [ 80.014475100000013, 13.0088222, 0.0 ], [ 80.0144738, 13.0087068, 0.0 ], [ 80.0144654, 13.0079799, 0.0 ], [ 80.0144471, 13.0063956, 0.0 ], [ 80.01391, 13.0039507, 0.0 ], [ 80.0139343, 13.0023926, 0.0 ], [ 80.0139364, 13.0023356, 0.0 ], [ 80.01399619999998, 13.0007087, 0.0 ], [ 80.0140434, 12.9994265, 0.0 ] ] } },
{ "type": "Feature", "properties": { "osm_id": 99052529, "road_name": "Unnamed road", "highway": "tertiary", "ref": "", "length_m": 2250.5, "unmet_length_m": 2250.5, "pct_outside_400m": 100.0, "outside_gcc": true, "need_score": 3375.8, "rank": 86 }, "geometry": { "type": "LineString", "coordinates": [ [ 80.017045, 12.8500286, 0.0 ], [ 80.0172692, 12.8500215, 0.0 ], [ 80.0179499, 12.8500452, 0.0 ], [ 80.0183147, 12.8500988, 0.0 ], [ 80.0187787, 12.8501629, 0.0 ], [ 80.019576699999988, 12.8502884, 0.0 ], [ 80.0197577, 12.8503328, 0.0 ], [ 80.0198476, 12.8503721, 0.0 ], [ 80.019949499999981, 12.850427, 0.0 ], [ 80.0201078, 12.8505813, 0.0 ], [ 80.0204082, 12.8509683, 0.0 ], [ 80.020471200000017, 12.851048, 0.0 ], [ 80.0205517, 12.8511095, 0.0 ], [ 80.0208226, 12.8512756, 0.0 ], [ 80.0210224, 12.8513815, 0.0 ], [ 80.0210895, 12.8514063, 0.0 ], [ 80.021183300000018, 12.8514207, 0.0 ], [ 80.021684899999983, 12.8513972, 0.0 ], [ 80.021789499999983, 12.8514063, 0.0 ], [ 80.021884699999987, 12.8514233, 0.0 ], [ 80.021921299999988, 12.8514646, 0.0 ], [ 80.0220432, 12.8517115, 0.0 ], [ 80.022220099999984, 12.8521452, 0.0 ], [ 80.022236799999988, 12.8522741, 0.0 ], [ 80.022273, 12.8526039, 0.0 ], [ 80.0223434, 12.8530786, 0.0 ], [ 80.022387699999982, 12.8533283, 0.0 ], [ 80.0224574, 12.8538866, 0.0 ], [ 80.0225204, 12.8543743, 0.0 ], [ 80.0225781, 12.8548725, 0.0 ], [ 80.0226358, 12.8553183, 0.0 ], [ 80.022684, 12.8555811, 0.0 ], [ 80.022728299999983, 12.8557237, 0.0 ], [ 80.0228409, 12.8559054, 0.0 ], [ 80.023013899999981, 12.8561512, 0.0 ], [ 80.0232553, 12.8565435, 0.0 ], [ 80.0233076, 12.8565892, 0.0 ], [ 80.023386799999983, 12.856635, 0.0 ], [ 80.0237744, 12.856737, 0.0 ], [ 80.02407479999998, 12.8568442, 0.0 ], [ 80.0241847, 12.8569082, 0.0 ], [ 80.0242612, 12.8569775, 0.0 ], [ 80.0242974, 12.8570508, 0.0 ], [ 80.024372499999984, 12.8574757, 0.0 ], [ 80.0244436, 12.8577895, 0.0 ], [ 80.0245374, 12.8581556, 0.0 ], [ 80.024611199999981, 12.8585138, 0.0 ], [ 80.0246957, 12.8588773, 0.0 ], [ 80.02470959999998, 12.858909, 0.0 ], [ 80.02475339999998, 12.8590087, 0.0 ], [ 80.0249639, 12.8593571, 0.0 ], [ 80.0252026, 12.8596644, 0.0 ], [ 80.0253543, 12.8597953, 0.0 ], [ 80.0258576, 12.8603282, 0.0 ], [ 80.025875899999988, 12.8603476, 0.0 ], [ 80.026062200000013, 12.8607, 0.0 ], [ 80.02609, 12.8607777, 0.0 ], [ 80.0264156, 12.8619364, 0.0 ], [ 80.0265856, 12.8629195, 0.0 ], [ 80.0266384, 12.8630092, 0.0 ], [ 80.026790799999986, 12.8630053, 0.0 ], [ 80.027693099999979, 12.8627134, 0.0 ], [ 80.0280865, 12.8626338, 0.0 ] ] } },
{ "type": "Feature", "properties": { "osm_id": 31255099, "road_name": "Illuppur - Papparambakkam Road", "highway": "tertiary", "ref": "O1580", "length_m": 2237.7, "unmet_length_m": 2237.7, "pct_outside_400m": 100.0, "outside_gcc": true, "need_score": 3356.5, "rank": 87 }, "geometry": { "type": "LineString", "coordinates": [ [ 79.956603799999982, 13.0456163, 0.0 ], [ 79.9561612, 13.0457117, 0.0 ], [ 79.9555202, 13.0458345, 0.0 ], [ 79.954914, 13.045973, 0.0 ], [ 79.9547327, 13.0460227, 0.0 ], [ 79.954353399999988, 13.0461285, 0.0 ], [ 79.95399, 13.046203, 0.0 ], [ 79.9538156, 13.0462461, 0.0 ], [ 79.9535018, 13.0462983, 0.0 ], [ 79.9529681, 13.0463532, 0.0 ], [ 79.9520507, 13.0464296, 0.0 ], [ 79.9519207, 13.0464224, 0.0 ], [ 79.9518442, 13.0464081, 0.0 ], [ 79.9516189, 13.0463218, 0.0 ], [ 79.9512085, 13.0461755, 0.0 ], [ 79.95079819999998, 13.0460697, 0.0 ], [ 79.9503931, 13.046037, 0.0 ], [ 79.9500364, 13.0460632, 0.0 ], [ 79.9481072, 13.0464563, 0.0 ], [ 79.9476583, 13.0466354, 0.0 ], [ 79.9472134, 13.0468128, 0.0 ], [ 79.946743499999982, 13.0470378, 0.0 ], [ 79.946593799999988, 13.0471094, 0.0 ], [ 79.9462085, 13.0472041, 0.0 ], [ 79.9425514, 13.0477188, 0.0 ], [ 79.9417014, 13.0478384, 0.0 ], [ 79.9415184, 13.0479092, 0.0 ], [ 79.94137689999998, 13.0479639, 0.0 ], [ 79.941055, 13.0481337, 0.0 ], [ 79.9406797, 13.0483075, 0.0 ], [ 79.9403442, 13.0484629, 0.0 ], [ 79.939927, 13.0485842, 0.0 ], [ 79.939553, 13.0486929, 0.0 ], [ 79.9392748, 13.048732, 0.0 ], [ 79.9380626, 13.0489027, 0.0 ], [ 79.9370985, 13.0490385, 0.0 ] ] } },
{ "type": "Feature", "properties": { "osm_id": 1124074240, "road_name": "Unnamed road", "highway": "tertiary", "ref": "", "length_m": 2233.8, "unmet_length_m": 2233.8, "pct_outside_400m": 100.0, "outside_gcc": true, "need_score": 3350.7, "rank": 88 }, "geometry": { "type": "LineString", "coordinates": [ [ 80.22650969999998, 13.2187394, 0.0 ], [ 80.2265288, 13.2185337, 0.0 ], [ 80.226495, 13.2183659, 0.0 ], [ 80.226410499999986, 13.2181718, 0.0 ], [ 80.226339599999989, 13.2179251, 0.0 ], [ 80.226322699999983, 13.2177047, 0.0 ], [ 80.226323399999984, 13.2175392, 0.0 ], [ 80.226326, 13.2168691, 0.0 ], [ 80.2263294, 13.2167506, 0.0 ], [ 80.2263467, 13.2167073, 0.0 ], [ 80.2263531, 13.2166914, 0.0 ], [ 80.226413899999983, 13.2166684, 0.0 ], [ 80.2265085, 13.2166519, 0.0 ], [ 80.226951199999988, 13.2166388, 0.0 ], [ 80.2270289, 13.2166223, 0.0 ], [ 80.2270898, 13.2165796, 0.0 ], [ 80.227279, 13.2164019, 0.0 ], [ 80.22735, 13.216346, 0.0 ], [ 80.227434499999987, 13.2163164, 0.0 ], [ 80.227525699999987, 13.2163131, 0.0 ], [ 80.2276575, 13.2163131, 0.0 ], [ 80.2277657, 13.2163098, 0.0 ], [ 80.227816299999986, 13.2163032, 0.0 ], [ 80.227843399999983, 13.216267, 0.0 ], [ 80.227853499999981, 13.2161749, 0.0 ], [ 80.2278839, 13.2159676, 0.0 ], [ 80.227904199999983, 13.2158657, 0.0 ], [ 80.2279718, 13.2157077, 0.0 ], [ 80.228044, 13.2155278, 0.0 ], [ 80.2280789, 13.2154573, 0.0 ], [ 80.2281071, 13.2153979, 0.0 ], [ 80.2281433, 13.2153705, 0.0 ], [ 80.228217099999981, 13.215345, 0.0 ], [ 80.2283486, 13.2153418, 0.0 ], [ 80.22859339999998, 13.215376, 0.0 ], [ 80.2289351, 13.2154289, 0.0 ], [ 80.2293108, 13.2155491, 0.0 ], [ 80.2299708, 13.2157543, 0.0 ], [ 80.2304508, 13.2159159, 0.0 ], [ 80.230648799999983, 13.2159719, 0.0 ], [ 80.230755299999984, 13.2159916, 0.0 ], [ 80.230961799999989, 13.2159905, 0.0 ], [ 80.2311481, 13.2159532, 0.0 ], [ 80.231558899999982, 13.2158061, 0.0 ], [ 80.2320911, 13.2156444, 0.0 ], [ 80.232204, 13.2156071, 0.0 ], [ 80.2324264, 13.2155657, 0.0 ], [ 80.2325584, 13.2155584, 0.0 ], [ 80.2329959, 13.2155532, 0.0 ], [ 80.233246099999988, 13.2155594, 0.0 ], [ 80.2334526, 13.2155916, 0.0 ], [ 80.233654799999982, 13.2156216, 0.0 ], [ 80.2339539, 13.2156403, 0.0 ], [ 80.234502, 13.2156857, 0.0 ], [ 80.2347635, 13.2157079, 0.0 ], [ 80.234905699999985, 13.2157366, 0.0 ], [ 80.235312, 13.2158515, 0.0 ], [ 80.235505099999983, 13.2158894, 0.0 ], [ 80.235945, 13.2159742, 0.0 ], [ 80.2361341, 13.2160056, 0.0 ], [ 80.236342, 13.2160199, 0.0 ], [ 80.23665579999998, 13.2160526, 0.0 ], [ 80.236701400000015, 13.2160604, 0.0 ], [ 80.236924, 13.2161218, 0.0 ], [ 80.2373367, 13.2162711, 0.0 ], [ 80.237486899999979, 13.2162909, 0.0 ], [ 80.237604, 13.2162888, 0.0 ], [ 80.2378531, 13.2162266, 0.0 ], [ 80.2384428, 13.2160815, 0.0 ], [ 80.238564199999985, 13.2160339, 0.0 ], [ 80.238855799999982, 13.2159012, 0.0 ], [ 80.239586, 13.2156629, 0.0 ], [ 80.2397478, 13.2156194, 0.0 ], [ 80.2402073, 13.2154748, 0.0 ], [ 80.2404713, 13.2154085, 0.0 ], [ 80.2406439, 13.2154085, 0.0 ], [ 80.2407183, 13.2154085, 0.0 ], [ 80.2408886, 13.2154583, 0.0 ], [ 80.241058899999985, 13.2155577, 0.0 ], [ 80.2412335, 13.2156655, 0.0 ], [ 80.2413399, 13.2156987, 0.0 ], [ 80.241476099999986, 13.2156572, 0.0 ], [ 80.2418423, 13.2154719, 0.0 ], [ 80.2419189, 13.2154353, 0.0 ], [ 80.2419551, 13.215418, 0.0 ], [ 80.242038199999982, 13.2154739, 0.0 ], [ 80.2424065, 13.2157226, 0.0 ], [ 80.242561899999984, 13.2157869, 0.0 ], [ 80.242745, 13.2158283, 0.0 ], [ 80.2428015, 13.2158263, 0.0 ] ] } },
{ "type": "Feature", "properties": { "osm_id": 1075104414, "road_name": "ORR Service Road", "highway": "primary", "ref": "", "length_m": 6285.8, "unmet_length_m": 2424.5, "pct_outside_400m": 38.6, "outside_gcc": true, "need_score": 3350.0, "rank": 89 }, "geometry": { "type": "LineString", "coordinates": [ [ 80.173870245316948, 13.214690237136017, 0.0 ], [ 80.17502, 13.2152009, 0.0 ], [ 80.1755899, 13.2154559, 0.0 ], [ 80.1766827, 13.2159449, 0.0 ], [ 80.1776186, 13.2163499, 0.0 ], [ 80.179428499999986, 13.2170997, 0.0 ], [ 80.179552699999988, 13.2171611, 0.0 ], [ 80.179642499999986, 13.2172067, 0.0 ], [ 80.179719, 13.2172411, 0.0 ], [ 80.179789, 13.2172684, 0.0 ], [ 80.1800478, 13.2173679, 0.0 ], [ 80.1802848, 13.2174535, 0.0 ], [ 80.181671, 13.2180106, 0.0 ], [ 80.1826077, 13.2184236, 0.0 ], [ 80.184802499999989, 13.2193845, 0.0 ], [ 80.186932499999983, 13.2202236, 0.0 ], [ 80.187725499999985, 13.2205544, 0.0 ], [ 80.18969749999998, 13.2213772, 0.0 ], [ 80.1904358, 13.2216858, 0.0 ], [ 80.1906673, 13.2217826, 0.0 ], [ 80.1916958, 13.2222126, 0.0 ], [ 80.1918566, 13.222282, 0.0 ], [ 80.192193399999979, 13.2224341, 0.0 ], [ 80.192481299999983, 13.222569, 0.0 ], [ 80.1929324, 13.2228034, 0.0 ], [ 80.193374399999982, 13.2230356, 0.0 ], [ 80.193781189045978, 13.223260668331804, 0.0 ] ] } },
{ "type": "Feature", "properties": { "osm_id": 385367120, "road_name": "Chokkanallur - Thirumanam Road", "highway": "tertiary", "ref": "O1021", "length_m": 2733.2, "unmet_length_m": 2337.1, "pct_outside_400m": 85.5, "outside_gcc": true, "need_score": 3336.3, "rank": 90 }, "geometry": { "type": "LineString", "coordinates": [ [ 80.0504831, 13.0802412, 0.000000000000114 ], [ 80.0505736, 13.0802307, 0.000000000000114 ], [ 80.0508606, 13.0802124, 0.000000000000114 ], [ 80.0511235, 13.0801811, 0.000000000000114 ], [ 80.0514132, 13.0801184, 0.000000000000114 ], [ 80.051668, 13.0800191, 0.000000000000114 ], [ 80.052016699999982, 13.079831, 0.000000000000114 ], [ 80.052301, 13.0796951, 0.000000000000114 ], [ 80.052660399999979, 13.0795358, 0.000000000000114 ], [ 80.0530413, 13.0793947, 0.000000000000114 ], [ 80.0537521, 13.0791726, 0.000000000000114 ], [ 80.0543395, 13.0790106, 0.000000000000114 ], [ 80.0549403, 13.0788486, 0.000000000000114 ], [ 80.055490099999986, 13.078718, 0.000000000000114 ], [ 80.0557785, 13.0786728, 0.000000000000114 ], [ 80.056624699999986, 13.0787415, 0.000000000000114 ], [ 80.057133, 13.0787807, 0.000000000000114 ], [ 80.057147700000016, 13.0785599, 0.000000000000114 ], [ 80.0571705, 13.0785234, 0.000000000000114 ], [ 80.057246799999987, 13.0785104, 0.000000000000114 ], [ 80.0585046, 13.0785954, 0.000000000000114 ], [ 80.0595513, 13.0784907, 0.000000000000114 ], [ 80.0604763, 13.0784558, 0.000000000000114 ], [ 80.0606156, 13.0784418, 0.000000000000114 ], [ 80.060848199999981, 13.0784185, 0.000000000000114 ], [ 80.0609026, 13.078413, 0.000000000000114 ], [ 80.0611362, 13.0783653, 0.000000000000114 ], [ 80.0615737, 13.0782424, 0.000000000000114 ], [ 80.0621098, 13.0781955, 0.000000000000114 ], [ 80.0629512, 13.0782161, 0.000000000000114 ], [ 80.0634373, 13.0782051, 0.000000000000114 ], [ 80.063582399999987, 13.0781889, 0.000000000000114 ], [ 80.063882800000016, 13.0781289, 0.000000000000114 ], [ 80.0640206, 13.0781255, 0.000000000000114 ], [ 80.0643508, 13.0781544, 0.000000000000114 ], [ 80.0644938, 13.078175, 0.000000000000114 ], [ 80.0645894, 13.0781862, 0.000000000000114 ], [ 80.0646564, 13.0781878, 0.000000000000114 ], [ 80.0647214, 13.0781876, 0.000000000000114 ], [ 80.064767, 13.0781855, 0.000000000000114 ], [ 80.064812099999983, 13.0781808, 0.000000000000114 ], [ 80.0649149, 13.0781663, 0.000000000000114 ], [ 80.0650653, 13.0781401, 0.000000000000114 ], [ 80.065683, 13.0780452, 0.000000000000114 ], [ 80.0659626, 13.0780056, 0.000000000000114 ], [ 80.0661574, 13.077978, 0.000000000000114 ], [ 80.066331799999986, 13.0779536, 0.000000000000114 ], [ 80.066351499999982, 13.0779508, 0.000000000000114 ], [ 80.066542199999986, 13.0779285, 0.000000000000114 ], [ 80.0666837, 13.0779184, 0.000000000000114 ], [ 80.066799, 13.0779165, 0.000000000000114 ], [ 80.0669495, 13.0779279, 0.000000000000114 ], [ 80.0670137, 13.077946, 0.000000000000114 ], [ 80.067055, 13.0779622, 0.000000000000114 ], [ 80.0671269, 13.0779998, 0.000000000000114 ], [ 80.06716059999998, 13.0780174, 0.000000000000114 ], [ 80.0672039, 13.0780498, 0.000000000000114 ], [ 80.0672348, 13.0780821, 0.000000000000114 ], [ 80.067260299999987, 13.0781144, 0.000000000000114 ], [ 80.067283700000019, 13.0781602, 0.000000000000114 ], [ 80.0673044, 13.0782233, 0.000000000000114 ], [ 80.067328599999982, 13.0782972, 0.000000000000114 ], [ 80.067397, 13.0785276, 0.000000000000114 ], [ 80.0674772, 13.0788584, 0.000000000000114 ], [ 80.0676056, 13.0793641, 0.000000000000114 ], [ 80.067754, 13.0798743, 0.000000000000114 ], [ 80.067869099999982, 13.0803294, 0.000000000000114 ], [ 80.0679182, 13.080411, 0.000000000000114 ], [ 80.0679691, 13.0804489, 0.000000000000114 ], [ 80.068037799999985, 13.0804697, 0.000000000000114 ], [ 80.069019680464933, 13.080422413455171, 0.000000000000114 ] ] } },
{ "type": "Feature", "properties": { "osm_id": 1247536187, "road_name": "Vandalur - Mambakkam - Kelambakkam Road", "highway": "primary", "ref": "SH121", "length_m": 3222.9, "unmet_length_m": 2397.2, "pct_outside_400m": 74.4, "outside_gcc": true, "need_score": 3288.8, "rank": 91 }, "geometry": { "type": "LineString", "coordinates": [ [ 80.167742960845629, 12.825310950077695, 0.0 ], [ 80.1678901, 12.8251794, 0.0 ], [ 80.168081, 12.8250086, 0.0 ], [ 80.168435299999985, 12.8246918, 0.0 ], [ 80.1685345, 12.8246088, 0.0 ], [ 80.1695129, 12.8237248, 0.0 ], [ 80.1701391, 12.8231396, 0.0 ], [ 80.170809, 12.8225544, 0.0 ], [ 80.171771299999989, 12.8216737, 0.0 ], [ 80.172765699999985, 12.8207695, 0.0 ], [ 80.1745299, 12.8191604, 0.0 ], [ 80.1808987, 12.813317, 0.0 ], [ 80.183026699999985, 12.8115097, 0.0 ], [ 80.183555199029925, 12.811059640628427, 0.0 ] ] } },
{ "type": "Feature", "properties": { "osm_id": 1075104414, "road_name": "ORR Service Road", "highway": "primary", "ref": "", "length_m": 6285.8, "unmet_length_m": 2374.4, "pct_outside_400m": 37.8, "outside_gcc": true, "need_score": 3280.8, "rank": 92 }, "geometry": { "type": "LineString", "coordinates": [ [ 80.193323802383489, 13.222397818744328, 0.0 ], [ 80.1928749, 13.2221616, 0.0 ], [ 80.1927267, 13.2220836, 0.0 ], [ 80.1923185, 13.2218917, 0.0 ], [ 80.1918885, 13.2216982, 0.0 ], [ 80.1908479, 13.2212766, 0.0 ], [ 80.1906841, 13.2212103, 0.0 ], [ 80.1898855, 13.2208868, 0.0 ], [ 80.1877853, 13.2199991, 0.0 ], [ 80.1872151, 13.2197581, 0.0 ], [ 80.1858459, 13.2191949, 0.0 ], [ 80.1854891, 13.2190476, 0.0 ], [ 80.1854041, 13.2190124, 0.0 ], [ 80.185297099999985, 13.2189585, 0.0 ], [ 80.1851805, 13.2188989, 0.0 ], [ 80.1850376, 13.2188423, 0.0 ], [ 80.1847252, 13.2187357, 0.0 ], [ 80.1843905, 13.2186021, 0.0 ], [ 80.1842255, 13.2185315, 0.0 ], [ 80.1833919, 13.2181748, 0.0 ], [ 80.1832949, 13.2181333, 0.0 ], [ 80.1825069, 13.2177836, 0.0 ], [ 80.1802692, 13.2168503, 0.0 ], [ 80.1801523, 13.216784, 0.0 ], [ 80.1800855, 13.2167383, 0.0 ], [ 80.1800193, 13.2166988, 0.0 ], [ 80.1799257, 13.2166691, 0.0 ], [ 80.1798065, 13.216641, 0.0 ], [ 80.179674, 13.2166035, 0.0 ], [ 80.1795139, 13.2165461, 0.0 ], [ 80.1792312, 13.2164337, 0.0 ], [ 80.1791422, 13.2163983, 0.0 ], [ 80.1784937, 13.21613, 0.0 ], [ 80.178428199999985, 13.2161029, 0.0 ], [ 80.1778822, 13.2158721, 0.0 ], [ 80.173802535581743, 13.214061013950355, 0.0 ] ] } },
{ "type": "Feature", "properties": { "osm_id": 28121660, "road_name": "Thazhambur - DLF Road", "highway": "tertiary", "ref": "O10179", "length_m": 2675.3, "unmet_length_m": 2276.9, "pct_outside_400m": 85.1, "outside_gcc": true, "need_score": 3245.8, "rank": 93 }, "geometry": { "type": "LineString", "coordinates": [ [ 80.206982330428715, 12.851834532574198, 0.0 ], [ 80.206933, 12.8528261, 0.0 ], [ 80.2069437, 12.8545234, 0.0 ], [ 80.2069733, 12.8548084, 0.0 ], [ 80.2070404, 12.8550774, 0.0 ], [ 80.2073197, 12.8560481, 0.0 ], [ 80.207502399999981, 12.856683, 0.0 ], [ 80.207515599999979, 12.8567728, 0.0 ], [ 80.2075596, 12.8570722, 0.0 ], [ 80.207594, 12.8573059, 0.0 ], [ 80.2077138, 12.8581208, 0.0 ], [ 80.2077641, 12.8585052, 0.0 ], [ 80.207886299999984, 12.859483, 0.0 ], [ 80.2079175, 12.8597741, 0.0 ], [ 80.2078871, 12.8599992, 0.0 ], [ 80.2077, 12.8608171, 0.0 ], [ 80.2076231, 12.8611782, 0.0 ], [ 80.2075123, 12.8616766, 0.0 ], [ 80.2074305, 12.8620035, 0.0 ], [ 80.207212499999983, 12.8629299, 0.0 ], [ 80.2071661, 12.8631271, 0.0 ], [ 80.206988, 12.8636116, 0.0 ], [ 80.2069012, 12.8639596, 0.0 ], [ 80.2068821, 12.8640365, 0.0 ], [ 80.2067878, 12.8643775, 0.0 ], [ 80.2063228, 12.8662801, 0.0 ], [ 80.2061719, 12.8669619, 0.0 ], [ 80.206156599999986, 12.8670136, 0.0 ], [ 80.2061447, 12.867063, 0.0 ], [ 80.206029099999981, 12.86753, 0.0 ], [ 80.2058923, 12.8677993, 0.0 ], [ 80.205872, 12.8678243, 0.0 ], [ 80.2057137, 12.8680184, 0.0 ], [ 80.2055588, 12.8682586, 0.0 ], [ 80.2050777, 12.868858, 0.0 ], [ 80.2049874, 12.8689706, 0.0 ], [ 80.2038957, 12.8702837, 0.0 ], [ 80.203594, 12.8706465, 0.0 ] ] } },
{ "type": "Feature", "properties": { "osm_id": 30128825, "road_name": "Malyambakkam Harijan Colony Road", "highway": "tertiary", "ref": "O3542", "length_m": 3408.8, "unmet_length_m": 2392.1, "pct_outside_400m": 70.2, "outside_gcc": true, "need_score": 3231.4, "rank": 94 }, "geometry": { "type": "LineString", "coordinates": [ [ 80.083218174427316, 13.028173150858976, 0.0 ], [ 80.083206, 13.0281345, 0.0 ], [ 80.083219299999982, 13.0280681, 0.0 ], [ 80.0832874, 13.028023, 0.0 ], [ 80.0835047, 13.0280114, 0.0 ], [ 80.0837219, 13.0279999, 0.0 ], [ 80.083789, 13.0279443, 0.0 ], [ 80.083822699999985, 13.0278736, 0.0 ], [ 80.08384239999998, 13.026938, 0.0 ], [ 80.0839006, 13.0262468, 0.0 ], [ 80.08387639999998, 13.026014, 0.0 ], [ 80.0838451, 13.0257127, 0.0 ], [ 80.0838214, 13.0254842, 0.0 ], [ 80.083785, 13.0251334, 0.0 ], [ 80.0837976, 13.0249088, 0.0 ], [ 80.0838792, 13.0248054, 0.0 ], [ 80.0840101, 13.0247359, 0.0 ], [ 80.0841061, 13.0246236, 0.0 ], [ 80.0841782, 13.0244505, 0.0 ], [ 80.0841638, 13.02424, 0.0 ], [ 80.0841612, 13.0240902, 0.0 ], [ 80.0841589, 13.0239594, 0.0 ], [ 80.0841881, 13.0236525, 0.0 ], [ 80.084255, 13.022949, 0.0 ], [ 80.0842573, 13.0229015, 0.0 ], [ 80.0843297, 13.021405, 0.0 ], [ 80.084483599999984, 13.0211789, 0.0 ], [ 80.0846508, 13.0209871, 0.0 ], [ 80.084780599999988, 13.0208148, 0.0 ], [ 80.0848363, 13.020664, 0.0 ], [ 80.084927, 13.0204423, 0.0 ], [ 80.0850569, 13.0200844, 0.0 ], [ 80.0851427, 13.0199199, 0.0 ], [ 80.085285299999981, 13.0197786, 0.0 ], [ 80.0853742, 13.019709, 0.0 ], [ 80.085442199999989, 13.0196219, 0.0 ], [ 80.0855055, 13.0194882, 0.0 ], [ 80.0855696, 13.0192564, 0.0 ], [ 80.0856123, 13.019158, 0.0 ], [ 80.085688099999985, 13.0190911, 0.0 ], [ 80.0857744, 13.0190416, 0.0 ], [ 80.085873, 13.019006, 0.0 ], [ 80.085940699999981, 13.0189604, 0.0 ], [ 80.0860149, 13.0188813, 0.0 ], [ 80.08612909999998, 13.0186777, 0.0 ], [ 80.0862886, 13.0184522, 0.0 ], [ 80.086462, 13.0182222, 0.0 ], [ 80.0865598, 13.0181209, 0.0 ], [ 80.0867052, 13.0180428, 0.0 ], [ 80.086841, 13.0180034, 0.0 ], [ 80.087004, 13.0179601, 0.0 ], [ 80.08717679999998, 13.0178946, 0.0 ], [ 80.0873209, 13.0177449, 0.0 ], [ 80.087373699999986, 13.0175765, 0.0 ], [ 80.0873404, 13.0171675, 0.0 ], [ 80.087316, 13.0169716, 0.0 ], [ 80.0872572, 13.0164985, 0.0 ], [ 80.0871156, 13.015983, 0.0 ], [ 80.0870614, 13.015199, 0.0 ], [ 80.0870543, 13.0148611, 0.0 ], [ 80.087088, 13.0144644, 0.0 ], [ 80.087073, 13.0139976, 0.0 ], [ 80.0870654, 13.0135382, 0.0 ], [ 80.08703389999998, 13.0130527, 0.0 ], [ 80.0870544, 13.0126919, 0.0 ], [ 80.0870907, 13.012439, 0.0 ], [ 80.087290699999983, 13.012041, 0.0 ], [ 80.0874454, 13.0115946, 0.0 ], [ 80.087561, 13.0112542, 0.0 ], [ 80.0876115, 13.0109547, 0.0 ], [ 80.0876434, 13.010603, 0.0 ], [ 80.0876829, 13.0100718, 0.0 ], [ 80.0876932, 13.0100253, 0.0 ], [ 80.0877069, 13.0100014, 0.0 ], [ 80.0877249, 13.0099842, 0.0 ], [ 80.0878357, 13.0099535, 0.0 ], [ 80.0883768, 13.0098396, 0.0 ], [ 80.08845271959143, 13.009793018299183, 0.0 ] ] } },
{ "type": "Feature", "properties": { "osm_id": 830693509, "road_name": "Pandikavanur Road", "highway": "tertiary", "ref": "O3104", "length_m": 2724.7, "unmet_length_m": 2276.3, "pct_outside_400m": 83.5, "outside_gcc": true, "need_score": 3227.1, "rank": 95 }, "geometry": { "type": "LineString", "coordinates": [ [ 80.008337600000019, 13.1746739, 0.0 ], [ 80.0088439, 13.1745806, 0.0 ], [ 80.0092817, 13.1745, 0.0 ], [ 80.009455399999979, 13.1745281, 0.0 ], [ 80.0100991, 13.1746261, 0.0 ], [ 80.010742799999989, 13.174724, 0.0 ], [ 80.0111157, 13.1747475, 0.0 ], [ 80.0115032, 13.1746469, 0.0 ], [ 80.012092, 13.1744236, 0.0 ], [ 80.01232, 13.1744054, 0.0 ], [ 80.0126016, 13.174515, 0.0 ], [ 80.0128725, 13.1747135, 0.0 ], [ 80.0133935, 13.1751748, 0.0 ], [ 80.0134599, 13.1755466, 0.0 ], [ 80.01350549999998, 13.1756015, 0.0 ], [ 80.0135392, 13.1756164, 0.0 ], [ 80.013579299999989, 13.1756341, 0.0 ], [ 80.013687799999985, 13.1756376, 0.0 ], [ 80.015063899999987, 13.1756824, 0.0 ], [ 80.01527040000002, 13.1757543, 0.0 ], [ 80.01538309999998, 13.1758874, 0.0 ], [ 80.015422, 13.1759997, 0.0 ], [ 80.0154367, 13.1764241, 0.0 ], [ 80.0154662, 13.1765312, 0.0 ], [ 80.0155024, 13.1765638, 0.0 ], [ 80.0155507, 13.1765782, 0.0 ], [ 80.015916799999985, 13.1765547, 0.0 ], [ 80.0160778, 13.1765704, 0.0 ], [ 80.0173196, 13.1767506, 0.0 ], [ 80.0179195, 13.1768388, 0.0 ], [ 80.0182611, 13.176889, 0.0 ], [ 80.018314099999984, 13.1769017, 0.0 ], [ 80.0184784, 13.1769412, 0.0 ], [ 80.0185012, 13.1769471, 0.0 ], [ 80.01865, 13.1769856, 0.0 ], [ 80.0189504, 13.1770953, 0.0 ], [ 80.01930179999998, 13.1772455, 0.0 ], [ 80.0197068, 13.1774753, 0.0 ], [ 80.0199763, 13.1776372, 0.0 ], [ 80.0200649, 13.1776868, 0.0 ], [ 80.0201453, 13.1777129, 0.0 ], [ 80.020354499999982, 13.1777391, 0.0 ], [ 80.0210345, 13.1778997, 0.0 ], [ 80.021279899999982, 13.1779741, 0.0 ], [ 80.0215629, 13.1780329, 0.0 ], [ 80.0216889, 13.1780498, 0.0 ], [ 80.021950499999988, 13.1780642, 0.0 ], [ 80.0223353, 13.1781125, 0.0 ], [ 80.0226022, 13.1781439, 0.0 ], [ 80.0233921, 13.1783188, 0.0 ], [ 80.023433699999984, 13.1783345, 0.0 ], [ 80.0236107, 13.1783645, 0.0 ], [ 80.0237086, 13.178375, 0.0 ], [ 80.0238347, 13.1783658, 0.0 ], [ 80.024371099999982, 13.1783201, 0.0 ], [ 80.0246932, 13.1782687, 0.0 ], [ 80.0248942, 13.1782367, 0.0 ], [ 80.0249373, 13.1782298, 0.0 ], [ 80.025214700000021, 13.1781856, 0.0 ], [ 80.0252978, 13.1781987, 0.0 ], [ 80.0253367, 13.1782039, 0.0 ], [ 80.0254051, 13.1782509, 0.0 ], [ 80.0255848, 13.1784651, 0.0 ], [ 80.0256933, 13.1786122, 0.0 ], [ 80.0258169, 13.1787798, 0.0 ], [ 80.0258665, 13.1788895, 0.0 ], [ 80.025888, 13.1789808, 0.0 ], [ 80.025904, 13.1790762, 0.0 ], [ 80.0259075, 13.1791257, 0.0 ], [ 80.0259416, 13.1796142, 0.0 ], [ 80.025956487134323, 13.179710255018772, 0.0 ] ] } },
{ "type": "Feature", "properties": { "osm_id": 26189107, "road_name": "Kayarambedu - Kalivanthapattu Road", "highway": "tertiary", "ref": "O2265", "length_m": 8548.1, "unmet_length_m": 2286.2, "pct_outside_400m": 26.7, "outside_gcc": true, "need_score": 3205.4, "rank": 96 }, "geometry": { "type": "LineString", "coordinates": [ [ 80.052486742161932, 12.772121542679624, 0.0 ], [ 80.052296299999981, 12.7721384, 0.0 ], [ 80.0519097, 12.7721726, 0.0 ], [ 80.0517748, 12.7721845, 0.0 ], [ 80.0515027, 12.7722169, 0.0 ], [ 80.05127109999998, 12.7722378, 0.0 ], [ 80.050624699999986, 12.7722436, 0.0 ], [ 80.050009599999981, 12.7722492, 0.0 ], [ 80.0489476, 12.7722948, 0.0 ], [ 80.0486645, 12.772282, 0.0 ], [ 80.0479556, 12.7722175, 0.0 ], [ 80.0475401, 12.7701691, 0.0 ], [ 80.0472037, 12.7673905, 0.0 ], [ 80.047184699999988, 12.766953, 0.0 ], [ 80.047154399999982, 12.7662572, 0.0 ], [ 80.047064, 12.7637226, 0.0 ], [ 80.0467676, 12.7622, 0.0 ], [ 80.0456869, 12.7583246, 0.0 ], [ 80.045376799999985, 12.7574566, 0.0 ], [ 80.045187899999988, 12.7569294, 0.0 ] ] } },
{ "type": "Feature", "properties": { "osm_id": 485822457, "road_name": "Thiruporur - Nemili Road", "highway": "tertiary", "ref": "O6964", "length_m": 2119.5, "unmet_length_m": 2119.5, "pct_outside_400m": 100.0, "outside_gcc": true, "need_score": 3179.2, "rank": 97 }, "geometry": { "type": "LineString", "coordinates": [ [ 80.2153617, 12.7173017, 0.0 ], [ 80.214919099999989, 12.7174485, 0.0 ], [ 80.2139, 12.7177872, 0.0 ], [ 80.2138155, 12.7178153, 0.0 ], [ 80.213316, 12.7179813, 0.0 ], [ 80.2115959, 12.7185106, 0.0 ], [ 80.21001769999998, 12.7190191, 0.0 ], [ 80.209358, 12.7192202, 0.0 ], [ 80.208996299999981, 12.7193305, 0.0 ], [ 80.2072229, 12.7199083, 0.0 ], [ 80.2053645, 12.7205241, 0.0 ], [ 80.2047014, 12.7207338, 0.0 ], [ 80.2040735, 12.7209323, 0.0 ], [ 80.2038179, 12.7210104, 0.0 ], [ 80.2028565, 12.7213041, 0.0 ], [ 80.202374699999979, 12.7214512, 0.0 ], [ 80.2006684, 12.7219717, 0.0 ], [ 80.2001971, 12.7221155, 0.0 ], [ 80.1992764, 12.7224075, 0.0 ], [ 80.199125199999983, 12.7224523, 0.0 ], [ 80.1980949, 12.7227573, 0.0 ], [ 80.197758400000012, 12.7228532, 0.0 ], [ 80.197248699999989, 12.7230213, 0.0 ] ] } },
{ "type": "Feature", "properties": { "osm_id": 1285594474, "road_name": "Unnamed road", "highway": "secondary", "ref": "", "length_m": 2117.9, "unmet_length_m": 2117.9, "pct_outside_400m": 100.0, "outside_gcc": true, "need_score": 3176.8, "rank": 98 }, "geometry": { "type": "LineString", "coordinates": [ [ 80.196231699999984, 12.7095412, 0.0 ], [ 80.1962045, 12.7085092, 0.0 ], [ 80.196172099999984, 12.7080576, 0.0 ], [ 80.196014599999984, 12.7070921, 0.0 ], [ 80.195754899999983, 12.7062075, 0.0 ], [ 80.1956864, 12.7059741, 0.0 ], [ 80.195293099999986, 12.7048279, 0.0 ], [ 80.1949246, 12.7038333, 0.0 ], [ 80.194739799999979, 12.7034625, 0.0 ], [ 80.1938098, 12.7026811, 0.0 ], [ 80.1927903, 12.7021845, 0.0 ], [ 80.1910888, 12.701442, 0.0 ], [ 80.1891596, 12.7007598, 0.0 ], [ 80.187872899999988, 12.7003663, 0.0 ], [ 80.186379599999981, 12.6999612, 0.0 ], [ 80.185491699999986, 12.699726, 0.0 ], [ 80.1847272, 12.6994899, 0.0 ], [ 80.183913599999983, 12.6992299, 0.0 ], [ 80.183456599999985, 12.6991294, 0.0 ], [ 80.1832626, 12.6991005, 0.0 ], [ 80.1831246, 12.6990886, 0.0 ] ] } },
{ "type": "Feature", "properties": { "osm_id": 34651993, "road_name": "Kollumedu - Veerapuram Road", "highway": "tertiary", "ref": "O2450", "length_m": 2107.6, "unmet_length_m": 2107.6, "pct_outside_400m": 100.0, "outside_gcc": true, "need_score": 3161.4, "rank": 99 }, "geometry": { "type": "LineString", "coordinates": [ [ 80.115796, 13.1651856, 0.0 ], [ 80.1155844, 13.1655021, 0.0 ], [ 80.1154782, 13.1655447, 0.0 ], [ 80.1149999, 13.1657269, 0.0 ], [ 80.114764199999982, 13.1657768, 0.0 ], [ 80.114480199999988, 13.1658155, 0.0 ], [ 80.1141508, 13.1658485, 0.0 ], [ 80.1137815, 13.1659533, 0.0 ], [ 80.113468900000015, 13.1660709, 0.0 ], [ 80.1131522, 13.1661404, 0.0 ], [ 80.112815199999986, 13.1662339, 0.0 ], [ 80.1124452, 13.166393, 0.0 ], [ 80.1122618, 13.1664567, 0.0 ], [ 80.11207349999998, 13.1664969, 0.0 ], [ 80.111885699999988, 13.1665472, 0.0 ], [ 80.1116927, 13.1666429, 0.0 ], [ 80.1115515, 13.166799, 0.0 ], [ 80.1113135, 13.167247, 0.0 ], [ 80.111155699999983, 13.1674774, 0.0 ], [ 80.111064, 13.1675896, 0.0 ], [ 80.1110209, 13.1676397, 0.0 ], [ 80.110746599999985, 13.1678623, 0.0 ], [ 80.11005489999998, 13.1684238, 0.0 ], [ 80.1097083, 13.1687035, 0.0 ], [ 80.10961, 13.1687828, 0.0 ], [ 80.108976, 13.1692189, 0.0 ], [ 80.1083597, 13.1695757, 0.0 ], [ 80.1080422, 13.1697595, 0.0 ], [ 80.1075249, 13.1700083, 0.0 ], [ 80.1073924, 13.1700851, 0.0 ], [ 80.1073482, 13.1702203, 0.0 ], [ 80.1073261, 13.1703493, 0.0 ], [ 80.1073198, 13.1706073, 0.0 ], [ 80.1073009, 13.1708899, 0.0 ], [ 80.107254899999987, 13.170978, 0.0 ], [ 80.107173, 13.1711349, 0.0 ], [ 80.1067994, 13.1715099, 0.0 ], [ 80.1064791, 13.1718314, 0.0 ], [ 80.1057525, 13.1725607, 0.0 ], [ 80.105639599999989, 13.1726741, 0.0 ], [ 80.105545299999989, 13.1727688, 0.0 ], [ 80.1053546, 13.1729601, 0.0 ], [ 80.1048693, 13.1735236, 0.0 ], [ 80.104811, 13.1735913, 0.0 ], [ 80.1045344, 13.1739123, 0.0 ], [ 80.104141, 13.1743248, 0.0 ], [ 80.104083299999985, 13.1743853, 0.0 ], [ 80.104026299999987, 13.1744323, 0.0 ], [ 80.1037192, 13.1746853, 0.0 ], [ 80.103610099999983, 13.1747753, 0.0 ], [ 80.1029672, 13.1755167, 0.0 ], [ 80.1028909, 13.1756046, 0.0 ], [ 80.101862699999984, 13.1759994, 0.0 ], [ 80.101594, 13.1761075, 0.0 ] ] } },
{ "type": "Feature", "properties": { "osm_id": 834419249, "road_name": "Unnamed road", "highway": "tertiary", "ref": "", "length_m": 2486.9, "unmet_length_m": 2181.2, "pct_outside_400m": 87.7, "outside_gcc": true, "need_score": 3137.7, "rank": 100 }, "geometry": { "type": "LineString", "coordinates": [ [ 79.997223963530615, 13.003155977596224, 0.0 ], [ 79.9975772, 13.0030446, 0.0 ], [ 79.999719, 13.0023468, 0.0 ], [ 80.001668899999984, 13.0017823, 0.0 ], [ 80.0032704, 13.0012647, 0.0 ], [ 80.0051934, 13.0006794, 0.0 ], [ 80.007041, 13.0001143, 0.0 ], [ 80.009216699999982, 12.9994445, 0.0 ], [ 80.009358799999987, 12.9994027, 0.0 ], [ 80.0095399, 12.9993805, 0.0 ], [ 80.0109325, 12.9993778, 0.0 ], [ 80.011359699999986, 12.9993845, 0.0 ], [ 80.0140434, 12.9994265, 0.0 ], [ 80.0162186, 12.9994481, 0.0 ] ] } },
{ "type": "Feature", "properties": { "osm_id": 30799878, "road_name": "Serapanacheri - Nattarasanpattu Road", "highway": "tertiary", "ref": "O6245", "length_m": 2089.6, "unmet_length_m": 2089.6, "pct_outside_400m": 100.0, "outside_gcc": true, "need_score": 3134.5, "rank": 101 }, "geometry": { "type": "LineString", "coordinates": [ [ 79.98791989999998, 12.8405995, 0.0 ], [ 79.987949499999985, 12.8405119, 0.0 ], [ 79.988147899999987, 12.8400124, 0.0 ], [ 79.9882311, 12.8398725, 0.0 ], [ 79.988337, 12.8397626, 0.0 ], [ 79.988433599999979, 12.8396659, 0.0 ], [ 79.988480399999986, 12.8396006, 0.0 ], [ 79.9885388, 12.8395191, 0.0 ], [ 79.988630699999987, 12.8394135, 0.0 ], [ 79.9887105, 12.8392262, 0.0 ], [ 79.9887105, 12.8381164, 0.0 ], [ 79.9887105, 12.8380881, 0.0 ], [ 79.988741299999987, 12.8374419, 0.0 ], [ 79.9887448, 12.8373684, 0.0 ], [ 79.9889083, 12.8366549, 0.0 ], [ 79.9889251, 12.8365818, 0.0 ], [ 79.988888499999987, 12.8361588, 0.0 ], [ 79.9888466, 12.8359968, 0.0 ], [ 79.988856, 12.8359027, 0.0 ], [ 79.988870799999987, 12.8358517, 0.0 ], [ 79.9889043, 12.8358164, 0.0 ], [ 79.9890049, 12.8357719, 0.0 ], [ 79.9891685, 12.8357026, 0.0 ], [ 79.989277, 12.8356027, 0.0 ], [ 79.9893973, 12.8353294, 0.0 ], [ 79.9897605, 12.8345366, 0.0 ], [ 79.989851099999981, 12.8342904, 0.0 ], [ 79.989856499999988, 12.8341309, 0.0 ], [ 79.9897006, 12.8328864, 0.0 ], [ 79.9896289, 12.8323222, 0.0 ], [ 79.9896437, 12.831838, 0.0 ], [ 79.9896503, 12.8316213, 0.0 ], [ 79.989668699999982, 12.8309089, 0.0 ], [ 79.9896526, 12.830535, 0.0 ], [ 79.989561399999985, 12.8302107, 0.0 ], [ 79.9893764, 12.8297739, 0.0 ], [ 79.9891967, 12.8295006, 0.0 ], [ 79.987708, 12.82787, 0.0 ], [ 79.986747799999989, 12.8266252, 0.0 ], [ 79.9858841, 12.8254613, 0.0 ], [ 79.985194799999988, 12.8246951, 0.0 ], [ 79.9850005, 12.8244613, 0.0 ] ] } },
{ "type": "Feature", "properties": { "osm_id": 543861737, "road_name": "Agaram Road", "highway": "tertiary", "ref": "O3102", "length_m": 2691.4, "unmet_length_m": 2219.1, "pct_outside_400m": 82.5, "outside_gcc": true, "need_score": 3134.0, "rank": 102 }, "geometry": { "type": "LineString", "coordinates": [ [ 80.0479088, 13.2311799, 0.0 ], [ 80.047290099999984, 13.2300978, 0.0 ], [ 80.0470013, 13.2295885, 0.0 ], [ 80.0458253, 13.2285197, 0.0 ], [ 80.0453779, 13.228257, 0.0 ], [ 80.0446767, 13.2280336, 0.0 ], [ 80.0412936, 13.2274078, 0.0 ], [ 80.0371332, 13.2263604, 0.0 ], [ 80.035877699999986, 13.2259372, 0.0 ], [ 80.034779, 13.2261294, 0.0 ], [ 80.0330759, 13.2269035, 0.0 ], [ 80.0319841, 13.2273997, 0.0 ], [ 80.030750399999988, 13.2279604, 0.0 ], [ 80.0304304, 13.2281058, 0.0 ], [ 80.0302806, 13.2281739, 0.0 ], [ 80.030239399673562, 13.228192849497136, 0.0 ] ] } },
{ "type": "Feature", "properties": { "osm_id": 1065760077, "road_name": "Kattupalli Road", "highway": "secondary", "ref": "", "length_m": 2658.3, "unmet_length_m": 2210.6, "pct_outside_400m": 83.2, "outside_gcc": true, "need_score": 3129.7, "rank": 103 }, "geometry": { "type": "LineString", "coordinates": [ [ 80.3307532, 13.287712, 0.0 ], [ 80.330700599999986, 13.2874342, 0.0 ], [ 80.3305376, 13.286666, 0.0 ], [ 80.3301414, 13.284768, 0.0 ], [ 80.3300119, 13.2841566, 0.0 ], [ 80.3298999, 13.2837452, 0.0 ], [ 80.329789, 13.283429, 0.0 ], [ 80.3296781, 13.2831591, 0.0 ], [ 80.3295055, 13.2828172, 0.0 ], [ 80.3289076, 13.2817725, 0.0 ], [ 80.328487900000013, 13.2810425, 0.0 ], [ 80.3273062, 13.2790433, 0.0 ], [ 80.3270219, 13.2785526, 0.0 ], [ 80.3267859, 13.2780791, 0.0 ], [ 80.3266201, 13.2777042, 0.0 ], [ 80.326536100000013, 13.2774656, 0.0 ], [ 80.3264472, 13.2771335, 0.0 ], [ 80.3263868, 13.2768063, 0.0 ], [ 80.326346099999981, 13.2764962, 0.0 ], [ 80.326327399999983, 13.2762664, 0.0 ], [ 80.3263204, 13.2759277, 0.0 ], [ 80.3263408, 13.275608, 0.0 ], [ 80.3263761, 13.2753132, 0.0 ], [ 80.3264514, 13.2749749, 0.0 ], [ 80.326554699999988, 13.2746207, 0.0 ], [ 80.3266411, 13.274373, 0.0 ], [ 80.3267672, 13.2740753, 0.0 ], [ 80.3268905, 13.2737967, 0.0 ], [ 80.3273029, 13.2729135, 0.0 ], [ 80.3278164, 13.2718561, 0.0 ], [ 80.3279542, 13.271497, 0.0 ], [ 80.3280196, 13.271272, 0.0 ], [ 80.3280466, 13.2710511, 0.0 ], [ 80.3280413, 13.2708632, 0.0 ], [ 80.3279781, 13.2704659, 0.0 ], [ 80.327857699999981, 13.2697632, 0.0 ], [ 80.327832369068702, 13.269644495441572, 0.0 ] ] } },
{ "type": "Feature", "properties": { "osm_id": 1075657801, "road_name": "ORR Service Road", "highway": "primary", "ref": "", "length_m": 2084.5, "unmet_length_m": 2084.5, "pct_outside_400m": 100.0, "outside_gcc": true, "need_score": 3126.8, "rank": 104 }, "geometry": { "type": "LineString", "coordinates": [ [ 80.068207499999986, 13.1688047, 0.000000000000179 ], [ 80.0678717, 13.1682292, 0.000000000000179 ], [ 80.0676483, 13.1678464, 0.000000000000179 ], [ 80.0675072, 13.1675962, 0.000000000000179 ], [ 80.0673373, 13.1672952, 0.000000000000179 ], [ 80.0671804, 13.1670235, 0.000000000000179 ], [ 80.0670841, 13.1668516, 0.000000000000179 ], [ 80.0667814, 13.1663284, 0.000000000000179 ], [ 80.0661406, 13.1652205, 0.000000000000179 ], [ 80.0653145, 13.1637923, 0.000000000000179 ], [ 80.0647361, 13.1627994, 0.000000000000179 ], [ 80.0644167, 13.1622333, 0.000000000000179 ], [ 80.0643087, 13.1620364, 0.000000000000179 ], [ 80.0642444, 13.1618843, 0.000000000000179 ], [ 80.0642155, 13.1617761, 0.000000000000179 ], [ 80.0641481, 13.1617134, 0.000000000000179 ], [ 80.0640569, 13.1616288, 0.000000000000179 ], [ 80.063952599999979, 13.1614991, 0.000000000000179 ], [ 80.0638195, 13.1613215, 0.000000000000179 ], [ 80.063687799999983, 13.1611411, 0.000000000000179 ], [ 80.063512599999981, 13.1609268, 0.000000000000179 ], [ 80.0633436, 13.1607236, 0.000000000000179 ], [ 80.0629373, 13.1602388, 0.000000000000179 ], [ 80.0617797, 13.1589007, 0.000000000000179 ], [ 80.060808699999981, 13.1577784, 0.000000000000179 ], [ 80.0602123, 13.1570672, 0.000000000000179 ], [ 80.0588328, 13.1554222, 0.000000000000179 ], [ 80.0578378, 13.1542047, 0.000000000000179 ], [ 80.0577669, 13.1541018, 0.000000000000179 ], [ 80.0577579, 13.1540879, 0.000000000000179 ], [ 80.057704099999981, 13.1540048, 0.000000000000179 ], [ 80.057616199999984, 13.1538662, 0.000000000000179 ] ] } },
{ "type": "Feature", "properties": { "osm_id": 384838263, "road_name": "Nariyambakkam - Kulankalcheri Road", "highway": "tertiary", "ref": "O4353", "length_m": 2084.5, "unmet_length_m": 2084.5, "pct_outside_400m": 100.0, "outside_gcc": true, "need_score": 3126.7, "rank": 105 }, "geometry": { "type": "LineString", "coordinates": [ [ 79.996911399999988, 12.8882708, 0.0 ], [ 79.996407, 12.8869762, 0.0 ], [ 79.9958644, 12.8864167, 0.0 ], [ 79.9948104, 12.8855012, 0.0 ], [ 79.9945246, 12.8853007, 0.0 ], [ 79.9943156, 12.885223, 0.0 ], [ 79.994090299999982, 12.8851978, 0.0 ], [ 79.9934014, 12.8852274, 0.0 ], [ 79.992945899999981, 12.8852998, 0.0 ], [ 79.992525199999989, 12.8854116, 0.0 ], [ 79.991982399999983, 12.8855622, 0.0 ], [ 79.9919123, 12.8855732, 0.0 ], [ 79.9900841, 12.8858589, 0.0 ], [ 79.9874716, 12.8862607, 0.0 ], [ 79.9873753, 12.8863184, 0.0 ], [ 79.9873139, 12.8863931, 0.0 ], [ 79.9869993, 12.8869363, 0.0 ], [ 79.986803599999988, 12.8872744, 0.0 ], [ 79.9867333, 12.8873526, 0.0 ], [ 79.9854811, 12.888258, 0.0 ], [ 79.9845222, 12.8885149, 0.0 ], [ 79.9843782, 12.8885766, 0.0 ], [ 79.982609299999979, 12.8891511, 0.0 ], [ 79.9824026, 12.8893055, 0.0 ], [ 79.982149299999989, 12.8895094, 0.0 ], [ 79.982088099999984, 12.8895428, 0.0 ], [ 79.9820291, 12.8895467, 0.0 ], [ 79.9819911, 12.8895186, 0.0 ], [ 79.9819911, 12.88896, 0.0 ], [ 79.9819764, 12.8886567, 0.0 ] ] } },
{ "type": "Feature", "properties": { "osm_id": 832434018, "road_name": "Unnamed road", "highway": "tertiary", "ref": "", "length_m": 2470.8, "unmet_length_m": 2164.1, "pct_outside_400m": 87.6, "outside_gcc": true, "need_score": 3111.9, "rank": 106 }, "geometry": { "type": "LineString", "coordinates": [ [ 80.0159957, 12.9991777, 0.0 ], [ 80.0158726, 12.9992603, 0.0 ], [ 80.0157291, 12.9993282, 0.0 ], [ 80.015617599999985, 12.9993597, 0.0 ], [ 80.0140466, 12.99934, 0.0 ], [ 80.010902299999984, 12.9992834, 0.0 ], [ 80.0096284, 12.999276, 0.0 ], [ 80.0094929, 12.9992904, 0.0 ], [ 80.0093058, 12.9993169, 0.0 ], [ 80.007001299999985, 13.0000135, 0.0 ], [ 80.003337599999981, 13.0011539, 0.0 ], [ 80.001642899999979, 13.0016755, 0.0 ], [ 79.9979995, 13.0027933, 0.0 ], [ 79.997194237198713, 13.003040346482011, 0.0 ] ] } },
{ "type": "Feature", "properties": { "osm_id": 30799797, "road_name": "Valathancheri - Perinjambakkam Road", "highway": "tertiary", "ref": "O7489", "length_m": 2621.1, "unmet_length_m": 2193.6, "pct_outside_400m": 83.7, "outside_gcc": true, "need_score": 3111.5, "rank": 107 }, "geometry": { "type": "LineString", "coordinates": [ [ 79.9531065, 12.9122725, 0.0 ], [ 79.953018799999981, 12.9122539, 0.0 ], [ 79.952921799999984, 12.9122359, 0.0 ], [ 79.952690700000019, 12.9121713, 0.0 ], [ 79.9503398, 12.911443, 0.0 ], [ 79.950138, 12.91138, 0.0 ], [ 79.9499378, 12.9113409, 0.0 ], [ 79.949725199999989, 12.9113289, 0.0 ], [ 79.9495257, 12.9113352, 0.0 ], [ 79.949073899999988, 12.9113778, 0.0 ], [ 79.947753899999981, 12.9114535, 0.0 ], [ 79.9471912, 12.9114851, 0.0 ], [ 79.9463697, 12.9115443, 0.0 ], [ 79.9446642, 12.9116083, 0.0 ], [ 79.9445421, 12.9116215, 0.0 ], [ 79.9444063, 12.911649, 0.0 ], [ 79.944336, 12.9117438, 0.0 ], [ 79.9442566, 12.911935, 0.0 ], [ 79.9440371, 12.9126052, 0.0 ], [ 79.943873499999981, 12.913081, 0.0 ], [ 79.943681900000016, 12.9137045, 0.0 ], [ 79.943463699999981, 12.9143537, 0.0 ], [ 79.943399299999982, 12.9144962, 0.0 ], [ 79.9433054, 12.9146125, 0.0 ], [ 79.9430542, 12.9148779, 0.0 ], [ 79.942662, 12.9152349, 0.0 ], [ 79.9425719, 12.9153261, 0.0 ], [ 79.9424252, 12.9154107, 0.0 ], [ 79.9422199, 12.9154636, 0.0 ], [ 79.941821099999984, 12.9155281, 0.0 ], [ 79.941295, 12.9156115, 0.0 ], [ 79.940912199999985, 12.9156724, 0.0 ], [ 79.9404527, 12.9157455, 0.0 ], [ 79.93993420000001, 12.9158407, 0.0 ], [ 79.9396672, 12.9159034, 0.0 ], [ 79.9393564, 12.9160146, 0.0 ], [ 79.9391225, 12.9160983, 0.0 ], [ 79.938678400000015, 12.9162332, 0.0 ], [ 79.9384867, 12.9162917, 0.0 ], [ 79.9380052, 12.9163213, 0.0 ], [ 79.937643, 12.9163181, 0.0 ], [ 79.9367997, 12.9163334, 0.0 ], [ 79.936146004994626, 12.916341306803812, 0.0 ] ] } },
{ "type": "Feature", "properties": { "osm_id": 31341407, "road_name": "Unnamed road", "highway": "tertiary", "ref": "", "length_m": 2575.5, "unmet_length_m": 2180.9, "pct_outside_400m": 84.7, "outside_gcc": true, "need_score": 3104.2, "rank": 108 }, "geometry": { "type": "LineString", "coordinates": [ [ 80.183489199999983, 12.7515633, 0.0 ], [ 80.183525399999979, 12.7520395, 0.0 ], [ 80.183536099999984, 12.7526292, 0.0 ], [ 80.183244299999984, 12.7554504, 0.0 ], [ 80.1832498, 12.7558373, 0.0 ], [ 80.1832619, 12.7559969, 0.0 ], [ 80.1834033, 12.7567483, 0.0 ], [ 80.183522699999983, 12.7572715, 0.0 ], [ 80.1835777, 12.7574873, 0.0 ], [ 80.1837507, 12.7578928, 0.0 ], [ 80.184012199999984, 12.7584631, 0.0 ], [ 80.184069899999983, 12.7586423, 0.0 ], [ 80.1841155, 12.7587953, 0.0 ], [ 80.1841369, 12.7591773, 0.0 ], [ 80.1841772, 12.7596416, 0.0 ], [ 80.18418819999998, 12.7596959, 0.0 ], [ 80.1842013, 12.759773, 0.0 ], [ 80.18421, 12.7598456, 0.0 ], [ 80.184239299999987, 12.7605872, 0.0 ], [ 80.184294099999988, 12.7607467, 0.0 ], [ 80.184138799999985, 12.7614615, 0.0 ], [ 80.1844536, 12.7615676, 0.0 ], [ 80.1846187, 12.7615867, 0.0 ], [ 80.1849188, 12.7615853, 0.0 ], [ 80.1849724, 12.7623543, 0.0 ], [ 80.184981, 12.7624114, 0.0 ], [ 80.185026099999988, 12.7627114, 0.0 ], [ 80.1850489, 12.7628736, 0.0 ], [ 80.185052899999988, 12.7629554, 0.0 ], [ 80.1850368, 12.7630168, 0.0 ], [ 80.184984499999985, 12.7630495, 0.0 ], [ 80.1848879, 12.7630881, 0.0 ], [ 80.184775299999984, 12.7631025, 0.0 ], [ 80.1845956, 12.763126, 0.0 ], [ 80.1843689, 12.7631038, 0.0 ], [ 80.184325, 12.7631004, 0.0 ], [ 80.1841678, 12.7630881, 0.0 ], [ 80.1840109, 12.7630999, 0.0 ], [ 80.1838338, 12.7631457, 0.0 ], [ 80.183444899999984, 12.7632778, 0.0 ], [ 80.1825544, 12.7635721, 0.0 ], [ 80.1824703, 12.7636067, 0.0 ], [ 80.1824186, 12.7636505, 0.0 ], [ 80.182396199999985, 12.7637002, 0.0 ], [ 80.1824002, 12.7638337, 0.0 ], [ 80.1826258, 12.7655575, 0.0 ], [ 80.1826828, 12.7660271, 0.0 ], [ 80.1827894, 12.7665086, 0.0 ], [ 80.1831499, 12.7672619, 0.0 ], [ 80.1832826266903, 12.767650285946946, 0.0 ] ] } },
{ "type": "Feature", "properties": { "osm_id": 1310001878, "road_name": "Tambaram - Mudichur - Sriperumbudur Road", "highway": "primary", "ref": "SH110", "length_m": 2035.0, "unmet_length_m": 2035.0, "pct_outside_400m": 100.0, "outside_gcc": true, "need_score": 3052.6, "rank": 109 }, "geometry": { "type": "LineString", "coordinates": [ [ 79.9759314, 12.9463263, 0.0 ], [ 79.9762426, 12.9463567, 0.0 ], [ 79.9768637, 12.9464227, 0.0 ], [ 79.9770318, 12.9464318, 0.0 ], [ 79.9770785, 12.9464298, 0.0 ], [ 79.9771345, 12.9464113, 0.0 ], [ 79.977263, 12.9463635, 0.0 ], [ 79.9774369, 12.9462678, 0.0 ], [ 79.9780927, 12.9458992, 0.0 ], [ 79.9787723, 12.9454989, 0.0 ], [ 79.979105299999986, 12.9453167, 0.0 ], [ 79.9793388, 12.9452007, 0.0 ], [ 79.979852500000021, 12.9449754, 0.0 ], [ 79.9805959, 12.9446221, 0.0 ], [ 79.9815147, 12.944123, 0.0 ], [ 79.9819272, 12.9438932, 0.0 ], [ 79.9842125, 12.9426202, 0.0 ], [ 79.984772699999979, 12.9423081, 0.0 ], [ 79.986053, 12.9415912, 0.0 ], [ 79.9868763, 12.9411359, 0.0 ], [ 79.9874167, 12.9408202, 0.0 ], [ 79.9876282, 12.9406794, 0.0 ], [ 79.987833599999988, 12.9405117, 0.0 ], [ 79.988083599999982, 12.9402706, 0.0 ], [ 79.9884319, 12.9399102, 0.0 ], [ 79.9885151, 12.9398231, 0.0 ], [ 79.9887893, 12.9395397, 0.0 ], [ 79.9890665, 12.9392606, 0.0 ], [ 79.9893278, 12.9389873, 0.0 ], [ 79.9903079, 12.9379791, 0.0 ], [ 79.9906842, 12.9375956, 0.0 ], [ 79.991075699999982, 12.9371966, 0.0 ], [ 79.9911209, 12.9371505, 0.0 ] ] } },
{ "type": "Feature", "properties": { "osm_id": 34663746, "road_name": "Unnamed road", "highway": "tertiary", "ref": "", "length_m": 2539.9, "unmet_length_m": 2144.6, "pct_outside_400m": 84.4, "outside_gcc": true, "need_score": 3050.0, "rank": 110 }, "geometry": { "type": "LineString", "coordinates": [ [ 80.085835267104969, 13.139100293318766, 0.000000000000126 ], [ 80.085779699999989, 13.1390189, 0.000000000000126 ], [ 80.0857583, 13.1389875, 0.000000000000126 ], [ 80.0848914, 13.1377839, 0.000000000000126 ], [ 80.084248800000012, 13.1372984, 0.000000000000126 ], [ 80.084129499999989, 13.1372083, 0.000000000000126 ], [ 80.083973, 13.1370901, 0.000000000000126 ], [ 80.08342660000001, 13.1370805, 0.000000000000126 ], [ 80.082638200000019, 13.1370665, 0.000000000000126 ], [ 80.0816041, 13.1370483, 0.000000000000126 ], [ 80.0807225, 13.1370532, 0.000000000000126 ], [ 80.078826, 13.1370692, 0.000000000000126 ], [ 80.0782653, 13.1370734, 0.000000000000126 ], [ 80.0752889, 13.1363245, 0.000000000000126 ], [ 80.0747143, 13.1361799, 0.000000000000126 ], [ 80.0741899, 13.1360479, 0.000000000000126 ], [ 80.0703734, 13.1350876, 0.000000000000126 ], [ 80.067861, 13.1344554, 0.000000000000126 ] ] } },
{ "type": "Feature", "properties": { "osm_id": 322015013, "road_name": "Tambaram - Mudichur - Sriperumbudur Road", "highway": "primary", "ref": "SH110", "length_m": 2023.4, "unmet_length_m": 2023.4, "pct_outside_400m": 100.0, "outside_gcc": true, "need_score": 3035.1, "rank": 111 }, "geometry": { "type": "LineString", "coordinates": [ [ 79.9910472, 12.9370859, 0.0 ], [ 79.9906311, 12.9375121, 0.0 ], [ 79.9893999, 12.9387671, 0.0 ], [ 79.9889797, 12.939207, 0.0 ], [ 79.98874619999998, 12.9394536, 0.0 ], [ 79.9884578, 12.9397449, 0.0 ], [ 79.9882259, 12.9399803, 0.0 ], [ 79.988082899999981, 12.9401266, 0.0 ], [ 79.987968899999984, 12.9402427, 0.0 ], [ 79.9878, 12.9404101, 0.0 ], [ 79.9876341, 12.940545, 0.0 ], [ 79.9875063, 12.9406425, 0.0 ], [ 79.987378, 12.9407289, 0.0 ], [ 79.986011399999981, 12.9415073, 0.0 ], [ 79.985609499999981, 12.9417278, 0.0 ], [ 79.9844867, 12.9423395, 0.0 ], [ 79.9840272, 12.9425975, 0.0 ], [ 79.9831423, 12.9430858, 0.0 ], [ 79.9824914, 12.9434547, 0.0 ], [ 79.981899, 12.9438004, 0.0 ], [ 79.980552100000011, 12.9445296, 0.0 ], [ 79.9790718, 12.9452299, 0.0 ], [ 79.9786085, 12.9454796, 0.0 ], [ 79.978054899999989, 12.9457975, 0.0 ], [ 79.977406599999981, 12.9461687, 0.0 ], [ 79.977232, 12.9462603, 0.0 ], [ 79.9770834, 12.9463103, 0.0 ], [ 79.976975600000017, 12.9463217, 0.0 ], [ 79.9768148, 12.9463126, 0.0 ], [ 79.976493799999986, 12.9462733, 0.0 ], [ 79.97618079999998, 12.9462449, 0.0 ], [ 79.9759432, 12.9462214, 0.0 ] ] } },
{ "type": "Feature", "properties": { "osm_id": 34659368, "road_name": "Unnamed road", "highway": "tertiary", "ref": "", "length_m": 2021.2, "unmet_length_m": 2021.2, "pct_outside_400m": 100.0, "outside_gcc": true, "need_score": 3031.8, "rank": 112 }, "geometry": { "type": "LineString", "coordinates": [ [ 80.0510263, 13.1646664, 0.000000000000398 ], [ 80.051038399999982, 13.1652552, 0.000000000000398 ], [ 80.051359199999979, 13.166349, 0.000000000000398 ], [ 80.051510399999984, 13.1667345, 0.000000000000398 ], [ 80.0514917, 13.1681556, 0.000000000000398 ], [ 80.051484699999989, 13.1686901, 0.000000000000398 ], [ 80.0514837, 13.1687118, 0.000000000000398 ], [ 80.051462799999982, 13.1691637, 0.000000000000398 ], [ 80.051416, 13.1701777, 0.000000000000398 ], [ 80.051420599999986, 13.1702293, 0.000000000000398 ], [ 80.0515018, 13.1711304, 0.000000000000398 ], [ 80.0518366, 13.1715817, 0.000000000000398 ], [ 80.0519396, 13.1719996, 0.000000000000398 ], [ 80.0520855, 13.1737295, 0.000000000000398 ], [ 80.0520232, 13.1751053, 0.000000000000398 ], [ 80.0518537, 13.1788524, 0.000000000000398 ], [ 80.0517042, 13.1801978, 0.000000000000398 ], [ 80.0516801, 13.1803232, 0.000000000000398 ], [ 80.051613, 13.1805922, 0.000000000000398 ], [ 80.0515848, 13.1807424, 0.000000000000398 ], [ 80.0515875, 13.1808325, 0.000000000000398 ], [ 80.051606299999989, 13.1809683, 0.000000000000398 ], [ 80.0516309, 13.1810615, 0.000000000000398 ], [ 80.0516901, 13.1812856, 0.000000000000398 ], [ 80.0517049, 13.1813939, 0.000000000000398 ], [ 80.05170219999998, 13.1814638, 0.000000000000398 ], [ 80.051692799999984, 13.181533, 0.000000000000398 ], [ 80.0516787, 13.1816009, 0.000000000000398 ], [ 80.0516492, 13.1816668, 0.000000000000398 ], [ 80.0516097, 13.1817565, 0.000000000000398 ], [ 80.051432, 13.1820442, 0.000000000000398 ] ] } },
{ "type": "Feature", "properties": { "osm_id": 565481046, "road_name": "Vattambakkam Harijan Colony Road", "highway": "tertiary", "ref": "O7607", "length_m": 2009.9, "unmet_length_m": 2009.9, "pct_outside_400m": 100.0, "outside_gcc": true, "need_score": 3014.8, "rank": 113 }, "geometry": { "type": "LineString", "coordinates": [ [ 79.9744798, 12.8491097, 0.0 ], [ 79.974505099999988, 12.8491064, 0.0 ], [ 79.97452939999998, 12.8491045, 0.0 ], [ 79.9745568, 12.8491002, 0.0 ], [ 79.9746036, 12.8490982, 0.0 ], [ 79.9746784, 12.8491039, 0.0 ], [ 79.9747688, 12.8490974, 0.0 ], [ 79.974869499999983, 12.8490926, 0.0 ], [ 79.9749785, 12.8490905, 0.0 ], [ 79.9750941, 12.8490919, 0.0 ], [ 79.9752055, 12.8490787, 0.0 ], [ 79.975394, 12.8490927, 0.0 ], [ 79.9755551, 12.8491039, 0.0 ], [ 79.975696, 12.8491009, 0.0 ], [ 79.9758218, 12.8491128, 0.0 ], [ 79.9759465, 12.849143, 0.0 ], [ 79.976091, 12.8491506, 0.0 ], [ 79.9762225, 12.8491568, 0.0 ], [ 79.976335899999981, 12.8491613, 0.0 ], [ 79.9764257, 12.8491636, 0.0 ], [ 79.9764868, 12.8491633, 0.0 ], [ 79.976528799999983, 12.8491614, 0.0 ], [ 79.976566, 12.8491587, 0.0 ], [ 79.976600499999989, 12.8491551, 0.0 ], [ 79.9766341, 12.8491505, 0.0 ], [ 79.976668599999982, 12.8491446, 0.0 ], [ 79.976706099999987, 12.8491374, 0.0 ], [ 79.9767484, 12.8491286, 0.0 ], [ 79.9767974, 12.8491181, 0.0 ], [ 79.9768549, 12.8491057, 0.0 ], [ 79.976923, 12.8490912, 0.0 ], [ 79.9770034, 12.849074, 0.0 ], [ 79.9770941, 12.8490542, 0.0 ], [ 79.9771917, 12.8490324, 0.0 ], [ 79.9772924, 12.8490097, 0.0 ], [ 79.9773928, 12.8489867, 0.0 ], [ 79.9774891, 12.8489645, 0.0 ], [ 79.9775778, 12.8489437, 0.0 ], [ 79.9776553, 12.8489253, 0.0 ], [ 79.977718, 12.8489101, 0.0 ], [ 79.977762299999981, 12.8488989, 0.0 ], [ 79.9777951, 12.8488902, 0.0 ], [ 79.9778259, 12.8488822, 0.0 ], [ 79.9778545, 12.8488761, 0.0 ], [ 79.9778808, 12.8488725, 0.0 ], [ 79.977904599999988, 12.8488724, 0.0 ], [ 79.9779259, 12.8488768, 0.0 ], [ 79.9779444, 12.8488865, 0.0 ], [ 79.97796, 12.8489023, 0.0 ], [ 79.977972699999981, 12.8489253, 0.0 ], [ 79.9779823, 12.8489562, 0.0 ], [ 79.977991, 12.8489977, 0.0 ], [ 79.978000899999984, 12.8490494, 0.0 ], [ 79.9780115, 12.8491082, 0.0 ], [ 79.9780223, 12.8491709, 0.0 ], [ 79.9780329, 12.8492343, 0.0 ], [ 79.9780428, 12.8492952, 0.0 ], [ 79.9780515, 12.8493504, 0.0 ], [ 79.9780585, 12.8493967, 0.0 ], [ 79.978063400000011, 12.849431, 0.0 ], [ 79.9780657, 12.8494499, 0.0 ], [ 79.978067199999984, 12.8494623, 0.0 ], [ 79.978070499999987, 12.849478, 0.0 ], [ 79.9780766, 12.8494958, 0.0 ], [ 79.9780864, 12.8495144, 0.0 ], [ 79.9781009, 12.8495326, 0.0 ], [ 79.978121, 12.8495491, 0.0 ], [ 79.97814769999998, 12.8495626, 0.0 ], [ 79.9781818, 12.8495719, 0.0 ], [ 79.97822429999998, 12.8495758, 0.0 ], [ 79.978276199999982, 12.8495729, 0.0 ], [ 79.9783474, 12.8495643, 0.0 ], [ 79.9784435, 12.8495524, 0.0 ], [ 79.9785593, 12.8495384, 0.0 ], [ 79.9786493, 12.8495182, 0.0 ], [ 79.978829, 12.8495084, 0.0 ], [ 79.9789724, 12.8494946, 0.0 ], [ 79.97911449999998, 12.8494831, 0.0 ], [ 79.979250100000016, 12.8494749, 0.0 ], [ 79.9793739, 12.8494712, 0.0 ], [ 79.9794806, 12.8494731, 0.0 ], [ 79.9795748, 12.8494763, 0.0 ], [ 79.9796638, 12.8494761, 0.0 ], [ 79.979746800000015, 12.8494726, 0.0 ], [ 79.979822899999988, 12.849466, 0.0 ], [ 79.979891199999983, 12.8494563, 0.0 ], [ 79.9799509, 12.8494437, 0.0 ], [ 79.9800333, 12.8494296, 0.0 ], [ 79.9801028, 12.8494155, 0.0 ], [ 79.980160199999986, 12.8492491, 0.0 ], [ 79.980192299999985, 12.8491832, 0.0 ], [ 79.9802387, 12.8490895, 0.0 ], [ 79.9802688, 12.8490216, 0.0 ], [ 79.980302199999983, 12.8489506, 0.0 ], [ 79.9803386, 12.8488774, 0.0 ], [ 79.9803783, 12.8488031, 0.0 ], [ 79.980419, 12.8487283, 0.0 ], [ 79.9804584, 12.8486528, 0.0 ], [ 79.9804959, 12.8485763, 0.0 ], [ 79.980531, 12.8484983, 0.0 ], [ 79.980563099999983, 12.8484184, 0.0 ], [ 79.980591799999985, 12.848336, 0.0 ], [ 79.9806166, 12.8482509, 0.0 ], [ 79.9806368, 12.8481626, 0.0 ], [ 79.980652099999986, 12.8480707, 0.0 ], [ 79.9806619, 12.8479747, 0.0 ], [ 79.980669599999985, 12.8478712, 0.0 ], [ 79.9806791, 12.8477589, 0.0 ], [ 79.98069, 12.8476403, 0.0 ], [ 79.980701899999985, 12.847518, 0.0 ], [ 79.9807145, 12.8473946, 0.0 ], [ 79.9807274, 12.8472727, 0.0 ], [ 79.9807403, 12.8471548, 0.0 ], [ 79.9807529, 12.8470436, 0.0 ], [ 79.9807648, 12.8469416, 0.0 ], [ 79.9807702, 12.8468944, 0.0 ], [ 79.9807858, 12.8467677, 0.0 ], [ 79.980796, 12.8466844, 0.0 ], [ 79.980806099999981, 12.8466029, 0.0 ], [ 79.9808162, 12.8465242, 0.0 ], [ 79.9808265, 12.8464497, 0.0 ], [ 79.9808369, 12.8463806, 0.0 ], [ 79.980847499999982, 12.846318, 0.0 ], [ 79.9808583, 12.8462632, 0.0 ], [ 79.9808694, 12.8462174, 0.0 ], [ 79.980880899999988, 12.8461819, 0.0 ], [ 79.9808933, 12.8461507, 0.0 ], [ 79.9809062, 12.8461162, 0.0 ], [ 79.9809185, 12.8460778, 0.0 ], [ 79.9809291, 12.8460346, 0.0 ], [ 79.9809367, 12.8459859, 0.0 ], [ 79.9809402, 12.8459309, 0.0 ], [ 79.9809384, 12.8458688, 0.0 ], [ 79.9809302, 12.8457987, 0.0 ], [ 79.980914199999987, 12.84572, 0.0 ], [ 79.9808894, 12.8456318, 0.0 ], [ 79.9808579, 12.8455317, 0.0 ], [ 79.9808233, 12.8454205, 0.0 ], [ 79.9807868, 12.8453021, 0.0 ], [ 79.980749499999988, 12.8451805, 0.0 ], [ 79.9807126, 12.8450596, 0.0 ], [ 79.9806773, 12.8449434, 0.0 ], [ 79.9806448, 12.8448359, 0.0 ], [ 79.9806162, 12.8447409, 0.0 ], [ 79.980592700000017, 12.8446625, 0.0 ], [ 79.9805756, 12.8446046, 0.0 ], [ 79.980561899999984, 12.8445583, 0.0 ], [ 79.980549, 12.8445118, 0.0 ], [ 79.9805377, 12.8444652, 0.0 ], [ 79.980529, 12.8444185, 0.0 ], [ 79.980524, 12.8443718, 0.0 ], [ 79.9805235, 12.8443249, 0.0 ], [ 79.9805286, 12.844278, 0.0 ], [ 79.9805402, 12.844231, 0.0 ], [ 79.9805593, 12.8441839, 0.0 ], [ 79.9805869, 12.8441368, 0.0 ], [ 79.9806229, 12.8440866, 0.0 ], [ 79.980665499999986, 12.8440312, 0.0 ], [ 79.980713399999985, 12.8439715, 0.0 ], [ 79.9807652, 12.8439088, 0.0 ], [ 79.9808196, 12.843844, 0.0 ], [ 79.98087529999998, 12.8437784, 0.0 ], [ 79.9809308, 12.8437129, 0.0 ], [ 79.9809848, 12.8436487, 0.0 ], [ 79.981036, 12.8435868, 0.0 ], [ 79.9810829, 12.8435284, 0.0 ], [ 79.9811274, 12.8434711, 0.0 ], [ 79.9811719, 12.843412, 0.0 ], [ 79.981216, 12.8433519, 0.0 ], [ 79.9812593, 12.8432913, 0.0 ], [ 79.9813014, 12.8432307, 0.0 ], [ 79.9813418, 12.8431708, 0.0 ], [ 79.9813802, 12.8431122, 0.0 ], [ 79.981416199999984, 12.8430554, 0.0 ], [ 79.981449399999988, 12.843001, 0.0 ], [ 79.9814793, 12.8429496, 0.0 ], [ 79.9815041, 12.8429023, 0.0 ], [ 79.981523899999985, 12.8428594, 0.0 ], [ 79.9815415, 12.8428205, 0.0 ], [ 79.9815595, 12.8427849, 0.0 ], [ 79.9815805, 12.8427522, 0.0 ], [ 79.981607299999979, 12.842722, 0.0 ], [ 79.9816425, 12.8426938, 0.0 ], [ 79.9816888, 12.842667, 0.0 ], [ 79.9817489, 12.8426412, 0.0 ], [ 79.981878899999984, 12.8425841, 0.0 ], [ 79.9819871, 12.842543, 0.0 ], [ 79.982071199999979, 12.8425304, 0.0 ], [ 79.9821454, 12.8425165, 0.0 ], [ 79.9822254, 12.8425069, 0.0 ], [ 79.982305599999989, 12.8424898, 0.0 ], [ 79.9823887, 12.8424745, 0.0 ], [ 79.982475800000017, 12.842461, 0.0 ], [ 79.982568, 12.8424496, 0.0 ], [ 79.982666599999988, 12.8424402, 0.0 ], [ 79.9827637, 12.8424321, 0.0 ], [ 79.982852, 12.8424241, 0.0 ], [ 79.982933100000011, 12.8424162, 0.0 ], [ 79.9830086, 12.8424081, 0.0 ], [ 79.9830803, 12.8423996, 0.0 ], [ 79.9831497, 12.8423905, 0.0 ], [ 79.983218599999987, 12.8423804, 0.0 ], [ 79.98328859999998, 12.8423694, 0.0 ], [ 79.983361299999984, 12.842357, 0.0 ], [ 79.9834385, 12.8423431, 0.0 ], [ 79.983526699999985, 12.842327, 0.0 ], [ 79.983629, 12.8423086, 0.0 ], [ 79.983741399999985, 12.8422884, 0.0 ], [ 79.983860099999987, 12.842267, 0.0 ], [ 79.983981, 12.842245, 0.0 ], [ 79.984100399999988, 12.8422229, 0.0 ], [ 79.984214399999985, 12.8422015, 0.0 ], [ 79.984319, 12.8421811, 0.0 ], [ 79.9844103, 12.8421625, 0.0 ], [ 79.9844845, 12.8421462, 0.0 ], [ 79.984550299999981, 12.8421314, 0.0 ], [ 79.984618199999986, 12.8421171, 0.0 ], [ 79.984686599999989, 12.8421034, 0.0 ], [ 79.984754, 12.8420904, 0.0 ], [ 79.9848186, 12.8420782, 0.0 ], [ 79.984879, 12.8420669, 0.0 ], [ 79.9849336, 12.8420565, 0.0 ], [ 79.9849809, 12.8420473, 0.0 ], [ 79.9850191, 12.8420392, 0.0 ], [ 79.9850468, 12.8420324, 0.0 ], [ 79.985070199999981, 12.8420265, 0.0 ], [ 79.985095900000019, 12.8420202, 0.0 ], [ 79.9851232, 12.842013, 0.0 ], [ 79.985151099999982, 12.8420041, 0.0 ], [ 79.985179, 12.8419928, 0.0 ], [ 79.985205899999983, 12.8419785, 0.0 ], [ 79.985231, 12.8419603, 0.0 ], [ 79.9852536, 12.8419377, 0.0 ], [ 79.9852728, 12.8419099, 0.0 ], [ 79.985287699999986, 12.8418762, 0.0 ], [ 79.985299399999988, 12.8418433, 0.0 ], [ 79.9853098, 12.8418169, 0.0 ], [ 79.9853191, 12.8417952, 0.0 ], [ 79.9853276, 12.8417759, 0.0 ], [ 79.9853357, 12.8417573, 0.0 ], [ 79.9853435, 12.8417371, 0.0 ], [ 79.985351499999979, 12.8417135, 0.0 ], [ 79.9853598, 12.8416844, 0.0 ], [ 79.985368799999989, 12.8416478, 0.0 ], [ 79.985378699999984, 12.8416016, 0.0 ], [ 79.9853893, 12.8415529, 0.0 ], [ 79.9853997, 12.8415098, 0.0 ], [ 79.985444199999989, 12.8413728, 0.0 ], [ 79.985455299999984, 12.8413175, 0.0 ] ] } },
{ "type": "Feature", "properties": { "osm_id": 173264981, "road_name": "Mambakkam - Thiruporur Road", "highway": "tertiary", "ref": "O3559", "length_m": 3821.6, "unmet_length_m": 2303.4, "pct_outside_400m": 60.3, "outside_gcc": true, "need_score": 2997.6, "rank": 114 }, "geometry": { "type": "LineString", "coordinates": [ [ 80.185293416593368, 12.730840949005657, 0.0 ], [ 80.185024499999983, 12.730836, 0.0 ], [ 80.184461299999981, 12.7308633, 0.0 ], [ 80.183758499999982, 12.7311291, 0.0 ], [ 80.183001399999981, 12.7314052, 0.0 ], [ 80.1829378, 12.7314284, 0.0 ], [ 80.182337, 12.7318051, 0.0 ], [ 80.181248, 12.7320709, 0.0 ], [ 80.178905, 12.7325625, 0.0 ], [ 80.1766292, 12.73304, 0.0 ], [ 80.175298799999979, 12.7333435, 0.0 ], [ 80.172880599999985, 12.7337181, 0.0 ], [ 80.1709846, 12.7338475, 0.0 ], [ 80.169650399999981, 12.7338651, 0.0 ], [ 80.168348399999985, 12.7338513, 0.0 ], [ 80.1675057, 12.7338981, 0.0 ], [ 80.1674453, 12.7338981, 0.0 ], [ 80.166775199999989, 12.7338275, 0.0 ], [ 80.1658575, 12.7337307, 0.0 ], [ 80.165046292178474, 12.733656915993826, 0.0 ] ] } },
{ "type": "Feature", "properties": { "osm_id": 96789479, "road_name": "Pulipakkam Road", "highway": "tertiary", "ref": "O2780", "length_m": 2645.2, "unmet_length_m": 2124.4, "pct_outside_400m": 80.3, "outside_gcc": true, "need_score": 2977.5, "rank": 115 }, "geometry": { "type": "LineString", "coordinates": [ [ 79.976325064349453, 12.714103305417453, 0.0 ], [ 79.976329299999989, 12.7144312, 0.0 ], [ 79.9763381, 12.7151165, 0.0 ], [ 79.976335, 12.7151991, 0.0 ], [ 79.976322, 12.7155403, 0.0 ], [ 79.9763596, 12.71587, 0.0 ], [ 79.976407599999987, 12.7160611, 0.0 ], [ 79.976424, 12.7161264, 0.0 ], [ 79.9764937, 12.7163959, 0.0 ], [ 79.9765018, 12.7165947, 0.0 ], [ 79.9764454, 12.7168956, 0.0 ], [ 79.9763784, 12.717343, 0.0 ], [ 79.976370800000012, 12.7175284, 0.0 ], [ 79.9763623, 12.7177381, 0.0 ], [ 79.9764052, 12.7183032, 0.0 ], [ 79.976401199999984, 12.7184288, 0.0 ], [ 79.976377, 12.7184995, 0.0 ], [ 79.9763274, 12.7185806, 0.0 ], [ 79.976120899999984, 12.7188762, 0.0 ], [ 79.975962599999988, 12.7191379, 0.0 ], [ 79.9759196, 12.7192463, 0.0 ], [ 79.975898299999983, 12.7193001, 0.0 ], [ 79.9758962, 12.719318, 0.0 ], [ 79.9758714, 12.719533, 0.0 ], [ 79.9758795, 12.7197684, 0.0 ], [ 79.9759763, 12.720505, 0.0 ], [ 79.975999, 12.7206776, 0.0 ], [ 79.9760109, 12.7207679, 0.0 ], [ 79.976021599999982, 12.7209406, 0.0 ], [ 79.9760351, 12.721197, 0.0 ], [ 79.9760109, 12.7213801, 0.0 ], [ 79.9759685, 12.7215385, 0.0 ], [ 79.975929, 12.7216859, 0.0 ], [ 79.9758714, 12.7219008, 0.0 ], [ 79.9758241, 12.7220764, 0.0 ], [ 79.975746099999981, 12.7223656, 0.0 ], [ 79.975681, 12.7226072, 0.0 ], [ 79.9755335, 12.7231723, 0.0 ], [ 79.975509299999985, 12.7238604, 0.0 ], [ 79.975434199999981, 12.7247317, 0.0 ], [ 79.975413799999984, 12.7248906, 0.0 ], [ 79.9753646, 12.7252736, 0.0 ], [ 79.9753278, 12.7255599, 0.0 ], [ 79.97530279999998, 12.7257546, 0.0 ], [ 79.975308199999986, 12.7259548, 0.0 ], [ 79.9753363, 12.7260751, 0.0 ], [ 79.975381899999988, 12.7261379, 0.0 ], [ 79.9754477, 12.7261929, 0.0 ], [ 79.9755523, 12.7262439, 0.0 ], [ 79.9756153, 12.7263067, 0.0 ], [ 79.9756408, 12.7263943, 0.0 ], [ 79.9756488, 12.7264781, 0.0 ], [ 79.9756649, 12.7267227, 0.0 ], [ 79.975715899999983, 12.7277352, 0.0 ], [ 79.9757267, 12.7280257, 0.0 ], [ 79.9757615, 12.7289622, 0.0 ], [ 79.975812399999981, 12.7297524, 0.0 ], [ 79.9759677, 12.7313604, 0.0 ], [ 79.9760212, 12.7317446, 0.0 ], [ 79.976031699999979, 12.73212, 0.0 ], [ 79.9759565, 12.7323044, 0.0 ] ] } },
{ "type": "Feature", "properties": { "osm_id": 32015946, "road_name": "Pondeswaram - Kilkondaiyur Road", "highway": "tertiary", "ref": "O5240", "length_m": 4442.3, "unmet_length_m": 2338.9, "pct_outside_400m": 52.7, "outside_gcc": true, "need_score": 2954.7, "rank": 116 }, "geometry": { "type": "LineString", "coordinates": [ [ 80.077993039910112, 13.209443170046509, 0.000000000000161 ], [ 80.0779212, 13.2086949, 0.000000000000161 ], [ 80.0771161, 13.2086957, 0.000000000000161 ], [ 80.077067199999988, 13.2086321, 0.000000000000161 ], [ 80.077047, 13.2085564, 0.000000000000161 ], [ 80.0770372, 13.2084024, 0.000000000000161 ], [ 80.0771745, 13.2076421, 0.000000000000161 ], [ 80.0774663, 13.2068482, 0.000000000000161 ], [ 80.0773891, 13.2059792, 0.000000000000161 ], [ 80.0774921, 13.2040155, 0.000000000000161 ], [ 80.077409399999979, 13.2037437, 0.000000000000161 ], [ 80.0773012, 13.2035721, 0.000000000000161 ], [ 80.0766509, 13.2031799, 0.000000000000161 ], [ 80.076104499999985, 13.2031195, 0.000000000000161 ], [ 80.0751317, 13.2013749, 0.000000000000161 ], [ 80.0751126, 13.2012401, 0.000000000000161 ], [ 80.0749898, 13.1998803, 0.000000000000161 ], [ 80.0749442, 13.1997889, 0.000000000000161 ], [ 80.0749162, 13.1997584, 0.000000000000161 ], [ 80.0748771, 13.1997158, 0.000000000000161 ], [ 80.07473229999998, 13.1996532, 0.000000000000161 ], [ 80.074578699999989, 13.1995807, 0.000000000000161 ], [ 80.0744614, 13.1994991, 0.000000000000161 ], [ 80.0739902, 13.1991522, 0.000000000000161 ], [ 80.073740199999989, 13.1990101, 0.000000000000161 ], [ 80.07363909999998, 13.1988291, 0.000000000000161 ], [ 80.0735968, 13.198548, 0.000000000000161 ], [ 80.07356470000002, 13.1983349, 0.000000000000161 ], [ 80.0735271, 13.1980858, 0.000000000000161 ], [ 80.073493699999986, 13.1978639, 0.000000000000161 ], [ 80.0733349, 13.1976267, 0.000000000000161 ], [ 80.07313, 13.1974193, 0.000000000000161 ], [ 80.0724751, 13.1969995, 0.000000000000161 ], [ 80.0723759, 13.196897, 0.000000000000161 ], [ 80.072000399999979, 13.1959652, 0.000000000000161 ], [ 80.0719194, 13.1958817, 0.000000000000161 ], [ 80.071512199999987, 13.1954624, 0.000000000000161 ], [ 80.071080199999983, 13.194956, 0.000000000000161 ], [ 80.0709296, 13.1945763, 0.000000000000161 ], [ 80.070768799999982, 13.1940013, 0.000000000000161 ], [ 80.070453799999981, 13.1928746, 0.000000000000161 ], [ 80.070384454446923, 13.192678281670947, 0.000000000000161 ] ] } },
{ "type": "Feature", "properties": { "osm_id": 34663659, "road_name": "Unnamed road", "highway": "tertiary", "ref": "", "length_m": 2899.9, "unmet_length_m": 2151.9, "pct_outside_400m": 74.2, "outside_gcc": true, "need_score": 2950.3, "rank": 117 }, "geometry": { "type": "LineString", "coordinates": [ [ 80.063220479428551, 13.127049924537181, 0.000000000000135 ], [ 80.0633063, 13.1275441, 0.000000000000135 ], [ 80.0634643, 13.1284537, 0.000000000000135 ], [ 80.063468, 13.1284885, 0.000000000000135 ], [ 80.0634948, 13.1287367, 0.000000000000135 ], [ 80.063540599999982, 13.1291642, 0.000000000000135 ], [ 80.0636488, 13.1292706, 0.000000000000135 ], [ 80.0637857, 13.1292999, 0.000000000000135 ], [ 80.0646771, 13.1294449, 0.000000000000135 ], [ 80.0652216, 13.1295335, 0.000000000000135 ], [ 80.066352, 13.1297262, 0.000000000000135 ], [ 80.0664775, 13.1297736, 0.000000000000135 ], [ 80.066927099999987, 13.1299435, 0.000000000000135 ], [ 80.0672961, 13.1304451, 0.000000000000135 ], [ 80.067442, 13.1309717, 0.000000000000135 ], [ 80.0674724, 13.1312348, 0.000000000000135 ], [ 80.0676465, 13.1327419, 0.000000000000135 ], [ 80.067662399999989, 13.1329317, 0.000000000000135 ], [ 80.0676786, 13.1331259, 0.000000000000135 ], [ 80.0677403, 13.1335725, 0.000000000000135 ], [ 80.067861, 13.1344554, 0.000000000000135 ], [ 80.0678734, 13.1345817, 0.000000000000135 ], [ 80.0679898, 13.135764, 0.000000000000135 ], [ 80.0679955, 13.1358074, 0.000000000000135 ], [ 80.0681695, 13.1371301, 0.000000000000135 ], [ 80.0679817, 13.1385589, 0.000000000000135 ], [ 80.0678456, 13.1393646, 0.000000000000135 ], [ 80.0677403, 13.1399876, 0.000000000000135 ], [ 80.06767929999998, 13.140831, 0.000000000000135 ], [ 80.067227499999987, 13.1417457, 0.000000000000135 ], [ 80.066572882602543, 13.14270733191954, 0.000000000000135 ] ] } },
{ "type": "Feature", "properties": { "osm_id": 30162692, "road_name": "Unnamed road", "highway": "tertiary", "ref": "", "length_m": 9811.6, "unmet_length_m": 2193.2, "pct_outside_400m": 22.4, "outside_gcc": true, "need_score": 2941.5, "rank": 118 }, "geometry": { "type": "LineString", "coordinates": [ [ 80.140875102009375, 12.847480853363605, 0.0 ], [ 80.1408504, 12.847446, 0.0 ], [ 80.140389399999989, 12.846796, 0.0 ], [ 80.1400993, 12.846387, 0.0 ], [ 80.1394781, 12.845529, 0.0 ], [ 80.139146899999986, 12.8450478, 0.0 ], [ 80.1390909, 12.8449688, 0.0 ], [ 80.1389746, 12.8447987, 0.0 ], [ 80.1387265, 12.8444639, 0.0 ], [ 80.1384849, 12.8441105, 0.0 ], [ 80.138391299999981, 12.8439784, 0.0 ], [ 80.138359199999982, 12.8439332, 0.0 ], [ 80.1377231, 12.8430362, 0.0 ], [ 80.1375018, 12.8427242, 0.0 ], [ 80.137316, 12.8424606, 0.0 ], [ 80.1372034, 12.8423034, 0.0 ], [ 80.137062, 12.8421091, 0.0 ], [ 80.1366393, 12.8415794, 0.0 ], [ 80.136296, 12.8411493, 0.0 ], [ 80.136265499999979, 12.8411114, 0.0 ], [ 80.1361962, 12.8410251, 0.0 ], [ 80.136030299999987, 12.8408646, 0.0 ], [ 80.1358429, 12.8407669, 0.0 ], [ 80.135186299999987, 12.8405688, 0.0 ], [ 80.1351195, 12.8405327, 0.0 ], [ 80.1349725, 12.8404533, 0.0 ], [ 80.133418, 12.8382817, 0.0 ], [ 80.1334023, 12.8382592, 0.0 ], [ 80.1333618, 12.8382036, 0.0 ], [ 80.133144, 12.8379045, 0.0 ], [ 80.1329046, 12.8375758, 0.0 ], [ 80.132373, 12.8368402, 0.0 ], [ 80.1323626, 12.8368212, 0.0 ], [ 80.1322603, 12.8366323, 0.0 ], [ 80.1321696, 12.8363926, 0.0 ], [ 80.1320392, 12.8360483, 0.0 ], [ 80.1316383, 12.8349893, 0.0 ], [ 80.1313658, 12.8342695, 0.0 ], [ 80.131234799999987, 12.8338631, 0.0 ], [ 80.131225, 12.8338328, 0.0 ], [ 80.1309997, 12.8333202, 0.0 ], [ 80.130785, 12.8329044, 0.0 ], [ 80.1304042, 12.8321669, 0.0 ], [ 80.130164832156112, 12.831742071207694, 0.0 ] ] } },
{ "type": "Feature", "properties": { "osm_id": 31019650, "road_name": "Unnamed road", "highway": "tertiary", "ref": "", "length_m": 2563.1, "unmet_length_m": 2089.5, "pct_outside_400m": 81.5, "outside_gcc": true, "need_score": 2941.2, "rank": 119 }, "geometry": { "type": "LineString", "coordinates": [ [ 80.215807074567408, 13.218171157335512, 0.0 ], [ 80.21503749999998, 13.2183225, 0.0 ], [ 80.2149976, 13.2180947, 0.0 ], [ 80.2149688, 13.2179298, 0.0 ], [ 80.21503749999998, 13.2164341, 0.0 ], [ 80.21496, 13.2157282, 0.0 ], [ 80.2149173, 13.2153395, 0.0 ], [ 80.214685599999981, 13.2150136, 0.0 ], [ 80.214595, 13.2149104, 0.0 ], [ 80.2144421, 13.2148686, 0.0 ], [ 80.214163199999987, 13.2148059, 0.0 ], [ 80.2135183, 13.2148382, 0.0 ], [ 80.2130376, 13.2149719, 0.0 ], [ 80.212213599999984, 13.2150554, 0.0 ], [ 80.211919, 13.2150225, 0.0 ], [ 80.2115962, 13.2149865, 0.0 ], [ 80.2113897, 13.2149635, 0.0 ], [ 80.210634899999988, 13.215114, 0.0 ], [ 80.210299599999985, 13.2151808, 0.0 ], [ 80.2094719, 13.2151592, 0.0 ], [ 80.2093383, 13.2151557, 0.0 ], [ 80.2086688, 13.2150805, 0.0 ], [ 80.207166799999982, 13.2151223, 0.0 ], [ 80.2071453, 13.2151276, 0.0 ], [ 80.205937299999988, 13.2154242, 0.0 ], [ 80.205743, 13.2154719, 0.0 ], [ 80.205227, 13.2155986, 0.0 ], [ 80.2048666, 13.2157243, 0.0 ], [ 80.2047721, 13.2157573, 0.0 ], [ 80.2034761, 13.2159495, 0.0 ], [ 80.202832299999983, 13.21615, 0.0 ], [ 80.2021114, 13.2164759, 0.0 ], [ 80.201693599999984, 13.2165528, 0.0 ], [ 80.2012429, 13.2166599, 0.0 ], [ 80.2009184, 13.2167747, 0.0 ], [ 80.2005917, 13.2169254, 0.0 ] ] } },
{ "type": "Feature", "properties": { "osm_id": 1347606683, "road_name": "Guruvoyal Road", "highway": "tertiary", "ref": "O1533", "length_m": 1959.4, "unmet_length_m": 1959.4, "pct_outside_400m": 100.0, "outside_gcc": true, "need_score": 2939.2, "rank": 120 }, "geometry": { "type": "LineString", "coordinates": [ [ 80.085226399999982, 13.2298347, 0.000000000000124 ], [ 80.085002799999984, 13.2298451, 0.000000000000124 ], [ 80.0848202, 13.2298536, 0.000000000000124 ], [ 80.0847867, 13.2298552, 0.000000000000124 ], [ 80.0843372, 13.2299952, 0.000000000000124 ], [ 80.0834621, 13.2301761, 0.000000000000124 ], [ 80.083204699999982, 13.2302186, 0.000000000000124 ], [ 80.0830953, 13.2302613, 0.000000000000124 ], [ 80.0824898, 13.2310652, 0.000000000000124 ], [ 80.082231, 13.2311793, 0.000000000000124 ], [ 80.0819234, 13.2312708, 0.000000000000124 ], [ 80.081722499999984, 13.2312949, 0.000000000000124 ], [ 80.0811798, 13.2312836, 0.000000000000124 ], [ 80.0802516, 13.2312292, 0.000000000000124 ], [ 80.0795148, 13.2312319, 0.000000000000124 ], [ 80.079187, 13.2311947, 0.000000000000124 ], [ 80.07883, 13.231343, 0.000000000000124 ], [ 80.078715699999989, 13.2313446, 0.000000000000124 ], [ 80.0786598, 13.2313182, 0.000000000000124 ], [ 80.0786228, 13.2312706, 0.000000000000124 ], [ 80.0785698, 13.2311049, 0.000000000000124 ], [ 80.0785369, 13.2307314, 0.000000000000124 ], [ 80.0784801, 13.2299618, 0.000000000000124 ], [ 80.078444, 13.2298952, 0.000000000000124 ], [ 80.078373499999984, 13.229856, 0.000000000000124 ], [ 80.0774497, 13.2299032, 0.000000000000124 ], [ 80.0764055, 13.2301249, 0.000000000000124 ], [ 80.075902699999986, 13.2301834, 0.000000000000124 ], [ 80.0754945, 13.2301918, 0.000000000000124 ], [ 80.0749229, 13.2301416, 0.000000000000124 ], [ 80.0740162, 13.2300412, 0.000000000000124 ], [ 80.07298489999998, 13.2300161, 0.000000000000124 ], [ 80.072000799999984, 13.2300245, 0.000000000000124 ], [ 80.0713089, 13.2301196, 0.000000000000124 ], [ 80.070778299999986, 13.2301659, 0.000000000000124 ], [ 80.070379499999987, 13.2300601, 0.000000000000124 ], [ 80.0698221, 13.2301081, 0.000000000000124 ], [ 80.0696695, 13.230096, 0.000000000000124 ], [ 80.069534599999983, 13.2300803, 0.000000000000124 ] ] } },
{ "type": "Feature", "properties": { "osm_id": 34660174, "road_name": "Unnamed road", "highway": "tertiary", "ref": "", "length_m": 3117.9, "unmet_length_m": 2157.9, "pct_outside_400m": 69.2, "outside_gcc": true, "need_score": 2904.6, "rank": 121 }, "geometry": { "type": "LineString", "coordinates": [ [ 80.025910733840476, 13.185512636108887, 0.0 ], [ 80.0258396, 13.1855185, 0.0 ], [ 80.024894299999985, 13.1855965, 0.0 ], [ 80.0248192, 13.1856162, 0.0 ], [ 80.0247289, 13.1856398, 0.0 ], [ 80.024288, 13.1857552, 0.0 ], [ 80.02416119999998, 13.1857771, 0.0 ], [ 80.023993, 13.1858061, 0.0 ], [ 80.0237862, 13.1858169, 0.0 ], [ 80.023547800000017, 13.1858294, 0.0 ], [ 80.022775199999984, 13.1858557, 0.0 ], [ 80.0225486, 13.1858335, 0.0 ], [ 80.0223997, 13.1857996, 0.0 ], [ 80.0222898, 13.1857526, 0.0 ], [ 80.0218955, 13.1855371, 0.0 ], [ 80.0217238, 13.1854836, 0.0 ], [ 80.0213698, 13.1854823, 0.0 ], [ 80.0212826, 13.1855058, 0.0 ], [ 80.0212249, 13.1855449, 0.0 ], [ 80.0211914, 13.1856311, 0.0 ], [ 80.02114109999998, 13.1859654, 0.0 ], [ 80.021123, 13.1860157, 0.0 ], [ 80.021096799999981, 13.1860431, 0.0 ], [ 80.0210526, 13.1860561, 0.0 ], [ 80.0209324, 13.186062, 0.0 ], [ 80.0200124, 13.1861245, 0.0 ], [ 80.0198556, 13.1861247, 0.0 ], [ 80.01979129999998, 13.1861221, 0.0 ], [ 80.0197229, 13.186096, 0.0 ], [ 80.01967329999998, 13.1860268, 0.0 ], [ 80.0195995, 13.185968, 0.0 ], [ 80.0195056, 13.1859471, 0.0 ], [ 80.0193366, 13.1859354, 0.0 ], [ 80.0189598, 13.1859471, 0.0 ], [ 80.018829699999984, 13.1859576, 0.0 ], [ 80.0186728, 13.1860124, 0.0 ], [ 80.0185052, 13.1860725, 0.0 ], [ 80.018368399999986, 13.1861077, 0.0 ], [ 80.018155099999987, 13.186126, 0.0 ], [ 80.0177313, 13.1861743, 0.0 ], [ 80.017561, 13.1861808, 0.0 ], [ 80.0171426, 13.1861508, 0.0 ], [ 80.0169857, 13.186126, 0.0 ], [ 80.016832099999988, 13.1860866, 0.0 ], [ 80.016558599999982, 13.1859319, 0.0 ], [ 80.015761899999987, 13.1854293, 0.0 ], [ 80.015569199999987, 13.1853591, 0.0 ], [ 80.014225599999989, 13.1848694, 0.0 ], [ 80.0137192, 13.1841424, 0.0 ], [ 80.0131613, 13.1838248, 0.0 ], [ 80.0128351, 13.1836075, 0.0 ], [ 80.0122353, 13.1829672, 0.0 ], [ 80.0121227, 13.1828471, 0.0 ], [ 80.010766599999982, 13.1829306, 0.0 ], [ 80.0100012, 13.1830993, 0.0 ], [ 80.0099543, 13.1830976, 0.0 ], [ 80.009911699999989, 13.1830852, 0.0 ], [ 80.009863699999983, 13.1830552, 0.0 ], [ 80.0098403, 13.1830039, 0.0 ], [ 80.0097023, 13.1817857, 0.0 ], [ 80.009579282370169, 13.181709465564131, 0.0 ] ] } },
{ "type": "Feature", "properties": { "osm_id": 27384704, "road_name": "GNT Road - New Erumaivettipalayam Road", "highway": "tertiary", "ref": "O1459", "length_m": 6847.1, "unmet_length_m": 2370.7, "pct_outside_400m": 34.6, "outside_gcc": true, "need_score": 2901.5, "rank": 122 }, "geometry": { "type": "LineString", "coordinates": [ [ 80.137254462240861, 13.246345702194095, 0.0 ], [ 80.137016, 13.2460214, 0.0 ], [ 80.136974099999989, 13.2459605, 0.0 ], [ 80.136749199999983, 13.2455519, 0.0 ], [ 80.1366832, 13.2453594, 0.0 ], [ 80.136674, 13.2452248, 0.0 ], [ 80.136743199999984, 13.244321, 0.0 ], [ 80.1366908, 13.2441485, 0.0 ], [ 80.1365297, 13.2438209, 0.0 ], [ 80.1364152, 13.2435416, 0.0 ], [ 80.1364011, 13.2434177, 0.0 ], [ 80.136434699999981, 13.2432786, 0.0 ], [ 80.1367547, 13.2426071, 0.0 ], [ 80.1368718, 13.242186, 0.0 ], [ 80.136845799999989, 13.2419332, 0.0 ], [ 80.1367903, 13.2416665, 0.0 ], [ 80.1367892, 13.2414387, 0.0 ], [ 80.136726699999983, 13.2412597, 0.0 ], [ 80.1366476, 13.2411198, 0.0 ], [ 80.1366241, 13.2409482, 0.0 ], [ 80.136313, 13.2402021, 0.0 ], [ 80.1362589, 13.240041, 0.0 ], [ 80.1362648, 13.2397785, 0.0 ], [ 80.1363193, 13.2392735, 0.0 ], [ 80.1362843, 13.2391533, 0.0 ], [ 80.136186599999988, 13.2390505, 0.0 ], [ 80.136047599999984, 13.2389453, 0.0 ], [ 80.1358081, 13.2385049, 0.0 ], [ 80.135764499999979, 13.238328, 0.0 ], [ 80.135767199999989, 13.2382262, 0.0 ], [ 80.135813, 13.2381458, 0.0 ], [ 80.1359228, 13.2380747, 0.0 ], [ 80.1361025, 13.2380016, 0.0 ], [ 80.1362125, 13.2379155, 0.0 ], [ 80.136303799999979, 13.237738, 0.0 ], [ 80.136322400000012, 13.2375238, 0.0 ], [ 80.1363307, 13.2374375, 0.0 ], [ 80.136406899999983, 13.23608, 0.0 ], [ 80.135914799999981, 13.2349405, 0.0 ], [ 80.1358818, 13.2346598, 0.0 ], [ 80.1358412, 13.2345804, 0.0 ], [ 80.135764099999989, 13.2344296, 0.0 ], [ 80.1354435, 13.2342189, 0.0 ], [ 80.1350937, 13.2338074, 0.0 ], [ 80.1345787, 13.2336988, 0.0 ], [ 80.134129499999986, 13.2338128, 0.0 ], [ 80.13320539999998, 13.2342419, 0.0 ], [ 80.133102799999989, 13.2342493, 0.0 ], [ 80.1322924, 13.2343358, 0.0 ], [ 80.1317587, 13.234409, 0.0 ], [ 80.1315789, 13.2344011, 0.0 ], [ 80.131463, 13.2343672, 0.0 ], [ 80.131334899999985, 13.2342915, 0.0 ], [ 80.131164, 13.234134, 0.0 ], [ 80.129566199999985, 13.2325709, 0.0 ], [ 80.1292671983133, 13.231959653559402, 0.0 ] ] } },
{ "type": "Feature", "properties": { "osm_id": 829550350, "road_name": "Chengalpattu - Thiruporur Road", "highway": "secondary", "ref": "MDR581", "length_m": 4139.7, "unmet_length_m": 2259.9, "pct_outside_400m": 54.6, "outside_gcc": true, "need_score": 2884.2, "rank": 123 }, "geometry": { "type": "LineString", "coordinates": [ [ 80.173605396166209, 12.718691899467935, 0.0 ], [ 80.1720447, 12.7184753, 0.0 ], [ 80.1688824, 12.7180792, 0.0 ], [ 80.1671889, 12.7177986, 0.0 ], [ 80.1663431, 12.7176605, 0.0 ], [ 80.165178699999984, 12.7174223, 0.0 ], [ 80.163267499999989, 12.7170253, 0.0 ], [ 80.160383, 12.7164246, 0.0 ], [ 80.159183299999981, 12.7160863, 0.0 ], [ 80.156263399999986, 12.7153302, 0.0 ], [ 80.154996399999987, 12.7150195, 0.0 ], [ 80.153730265269175, 12.714769212930907, 0.0 ] ] } },
{ "type": "Feature", "properties": { "osm_id": 1152278959, "road_name": "Unnamed road", "highway": "tertiary", "ref": "", "length_m": 1902.1, "unmet_length_m": 1902.1, "pct_outside_400m": 100.0, "outside_gcc": true, "need_score": 2853.2, "rank": 124 }, "geometry": { "type": "LineString", "coordinates": [ [ 80.0171695, 12.8453907, 0.0 ], [ 80.017168199999986, 12.8454302, 0.0 ], [ 80.0171843, 12.8460711, 0.0 ], [ 80.0171927, 12.8463116, 0.0 ], [ 80.0171739, 12.8467294, 0.0 ], [ 80.0171392, 12.8471044, 0.0 ], [ 80.0170168, 12.8479609, 0.0 ], [ 80.016962600000014, 12.8483492, 0.0 ], [ 80.016973, 12.8488082, 0.0 ], [ 80.017004899999989, 12.8492607, 0.0 ], [ 80.017009799999983, 12.8495562, 0.0 ], [ 80.01702109999998, 12.8498068, 0.0 ], [ 80.017045, 12.8500286, 0.0 ], [ 80.0170911, 12.8504752, 0.0 ], [ 80.017152300000021, 12.8510679, 0.0 ], [ 80.0171677, 12.8512167, 0.0 ], [ 80.0172187, 12.8517106, 0.0 ], [ 80.0172832, 12.8521193, 0.0 ], [ 80.0173641, 12.8526268, 0.0 ], [ 80.017428, 12.8528757, 0.0 ], [ 80.0174578, 12.8529871, 0.0 ], [ 80.0174685, 12.8530982, 0.0 ], [ 80.0174819, 12.8532329, 0.0 ], [ 80.0174669, 12.8548468, 0.0 ], [ 80.017347699999988, 12.8562486, 0.0 ], [ 80.0172378, 12.8578772, 0.0 ], [ 80.0171899, 12.8584134, 0.0 ], [ 80.0171991, 12.8588897, 0.0 ], [ 80.0173023, 12.8596985, 0.0 ], [ 80.0173408, 12.8604119, 0.0 ], [ 80.017353899999989, 12.8606536, 0.0 ], [ 80.0173625, 12.8612364, 0.0 ], [ 80.0174044, 12.8619814, 0.0 ] ] } },
{ "type": "Feature", "properties": { "osm_id": 1075657799, "road_name": "ORR Service Road", "highway": "primary", "ref": "", "length_m": 3219.8, "unmet_length_m": 1998.3, "pct_outside_400m": 62.1, "outside_gcc": true, "need_score": 2837.0, "rank": 125 }, "geometry": { "type": "LineString", "coordinates": [ [ 80.057179320019173, 13.154308118294979, 0.000000000000263 ], [ 80.058399699999981, 13.1557704, 0.000000000000263 ], [ 80.0597609, 13.1573821, 0.000000000000263 ], [ 80.0604114, 13.1581524, 0.000000000000263 ], [ 80.0613582, 13.1592497, 0.000000000000263 ], [ 80.062849299999982, 13.1609639, 0.000000000000263 ], [ 80.0630924, 13.1612571, 0.000000000000263 ], [ 80.063261, 13.1614765, 0.000000000000263 ], [ 80.0634908, 13.1618068, 0.000000000000263 ], [ 80.06369, 13.162127, 0.000000000000263 ], [ 80.0641627, 13.1629257, 0.000000000000263 ], [ 80.0644685, 13.1634493, 0.000000000000263 ], [ 80.0648117, 13.1640273, 0.000000000000263 ], [ 80.0656405, 13.1654602, 0.000000000000263 ], [ 80.0656913, 13.1655481, 0.000000000000263 ], [ 80.0662958, 13.1666036, 0.000000000000263 ], [ 80.0671243, 13.1680501, 0.000000000000263 ], [ 80.0674296, 13.1685773, 0.000000000000263 ] ] } },
{ "type": "Feature", "properties": { "osm_id": 24160185, "road_name": "Vandalur - Mambakkam - Kelambakkam Road", "highway": "primary", "ref": "SH121", "length_m": 16732.4, "unmet_length_m": 2397.2, "pct_outside_400m": 14.3, "outside_gcc": true, "need_score": 2816.1, "rank": 126 }, "geometry": { "type": "LineString", "coordinates": [ [ 80.18351909519447, 12.811020797797438, 0.0 ], [ 80.1829914, 12.8114702, 0.0 ], [ 80.1808628, 12.813278, 0.0 ], [ 80.1733526, 12.8200655, 0.0 ], [ 80.1727689, 12.8205843, 0.0 ], [ 80.171678899999989, 12.8215635, 0.0 ], [ 80.170709, 12.8224339, 0.0 ], [ 80.1700378, 12.8230716, 0.0 ], [ 80.1691297, 12.8238901, 0.0 ], [ 80.1689948, 12.8240077, 0.0 ], [ 80.1687626, 12.8242071, 0.0 ], [ 80.1684002, 12.8245261, 0.0 ], [ 80.167651714548015, 12.825214535717668, 0.0 ] ] } },
{ "type": "Feature", "properties": { "osm_id": 132192379, "road_name": "Varadharajapuram - Mudichur Road", "highway": "tertiary", "ref": "O8782", "length_m": 2518.3, "unmet_length_m": 2005.0, "pct_outside_400m": 79.6, "outside_gcc": true, "need_score": 2803.1, "rank": 127 }, "geometry": { "type": "LineString", "coordinates": [ [ 80.071707650469236, 12.938641937696731, 0.0 ], [ 80.0715212, 12.9380505, 0.0 ], [ 80.071481299999988, 12.9379281, 0.0 ], [ 80.071335099999985, 12.9374047, 0.0 ], [ 80.0713264, 12.9373672, 0.0 ], [ 80.0712813, 12.9371722, 0.0 ], [ 80.0712303, 12.9370101, 0.0 ], [ 80.0711402, 12.9366546, 0.0 ], [ 80.071109399999983, 12.9363252, 0.0 ], [ 80.071102, 12.9362422, 0.0 ], [ 80.071078499999985, 12.9360905, 0.0 ], [ 80.071027299999983, 12.9359429, 0.0 ], [ 80.0707916, 12.9353632, 0.0 ], [ 80.0699869, 12.9337633, 0.0 ], [ 80.069242, 12.932202, 0.0 ], [ 80.069184899999982, 12.9319831, 0.0 ], [ 80.0690986, 12.9317407, 0.0 ], [ 80.069055399999982, 12.9315072, 0.0 ], [ 80.0688907, 12.9305369, 0.0 ], [ 80.0688574, 12.9302943, 0.0 ], [ 80.06859679999998, 12.929481, 0.0 ], [ 80.068591899999987, 12.9294656, 0.0 ], [ 80.06852, 12.9292006, 0.0 ], [ 80.0684657, 12.9290157, 0.0 ], [ 80.0684631, 12.9290052, 0.0 ], [ 80.0684279, 12.9288639, 0.0 ], [ 80.068397099999984, 12.9287098, 0.0 ], [ 80.068369299999986, 12.9283868, 0.0 ], [ 80.0681915, 12.9266687, 0.0 ], [ 80.0681832, 12.9265885, 0.0 ], [ 80.0680875, 12.9256738, 0.0 ], [ 80.068055499999986, 12.925265, 0.0 ], [ 80.068052, 12.9252199, 0.0 ], [ 80.068037799999985, 12.9249826, 0.0 ], [ 80.0680319, 12.9248239, 0.0 ], [ 80.0681344, 12.9247693, 0.0 ], [ 80.0693961, 12.9251095, 0.0 ], [ 80.0696069, 12.9252535, 0.0 ], [ 80.069779399999987, 12.9252394, 0.0 ], [ 80.0700775, 12.9239393, 0.0 ] ] } },
{ "type": "Feature", "properties": { "osm_id": 388888504, "road_name": "Vichoor - Vellivoyal Road", "highway": "tertiary", "ref": "O1700", "length_m": 1886.6, "unmet_length_m": 1868.6, "pct_outside_400m": 99.0, "outside_gcc": true, "need_score": 2793.9, "rank": 128 }, "geometry": { "type": "LineString", "coordinates": [ [ 80.246967467221651, 13.220336810782703, 0.0 ], [ 80.246970499999989, 13.2203791, 0.0 ], [ 80.247008799999989, 13.2206506, 0.0 ], [ 80.2470429, 13.220862, 0.0 ], [ 80.2470961, 13.2213076, 0.0 ], [ 80.2471046, 13.2214257, 0.0 ], [ 80.2470884, 13.2216034, 0.0 ], [ 80.2473075, 13.2215993, 0.0 ], [ 80.2475758, 13.2215996, 0.0 ], [ 80.2477114, 13.2216174, 0.0 ], [ 80.2480543, 13.2216624, 0.0 ], [ 80.248123, 13.221675, 0.0 ], [ 80.2484582, 13.2217365, 0.0 ], [ 80.2486425, 13.2217631, 0.0 ], [ 80.248753899999983, 13.2217792, 0.0 ], [ 80.2489651, 13.2217908, 0.0 ], [ 80.2492608, 13.2218072, 0.0 ], [ 80.2494094, 13.2218483, 0.0 ], [ 80.249760899999984, 13.2219454, 0.0 ], [ 80.250182599999988, 13.2220808, 0.0 ], [ 80.2502577, 13.2221049, 0.0 ], [ 80.250289899999984, 13.2221158, 0.0 ], [ 80.2505787, 13.2222135, 0.0 ], [ 80.250700400000014, 13.2222694, 0.0 ], [ 80.2509383, 13.2224077, 0.0 ], [ 80.2512191, 13.222452, 0.0 ], [ 80.2514641, 13.2224964, 0.0 ], [ 80.2518756, 13.2225545, 0.0 ], [ 80.252127699999988, 13.2226068, 0.0 ], [ 80.2523103, 13.2226616, 0.0 ], [ 80.2523666, 13.2227, 0.0 ], [ 80.2524, 13.2227971, 0.0 ], [ 80.2524041, 13.2229655, 0.0 ], [ 80.2524331, 13.2234672, 0.0 ], [ 80.2525011, 13.2243652, 0.0 ], [ 80.2525781, 13.2248029, 0.0 ], [ 80.252628299999984, 13.2250279, 0.0 ], [ 80.2529044, 13.2250157, 0.0 ], [ 80.2532054, 13.2249761, 0.0 ], [ 80.2533068, 13.2249728, 0.0 ], [ 80.2533764, 13.2250081, 0.0 ], [ 80.2534128, 13.2250793, 0.0 ], [ 80.2534461, 13.2252412, 0.0 ], [ 80.2535909, 13.2257846, 0.0 ], [ 80.25362939999998, 13.2258445, 0.0 ], [ 80.253702499999989, 13.2258782, 0.0 ], [ 80.2538063, 13.2259006, 0.0 ], [ 80.2540294, 13.2259044, 0.0 ], [ 80.2540986, 13.2259381, 0.0 ], [ 80.254164, 13.2260092, 0.0 ], [ 80.254340899999988, 13.2264548, 0.0 ], [ 80.2544217, 13.2265858, 0.0 ], [ 80.2544717, 13.2266232, 0.0 ], [ 80.2545871, 13.2266569, 0.0 ], [ 80.254717899999989, 13.2266719, 0.0 ], [ 80.2547948, 13.2267056, 0.0 ], [ 80.2548871, 13.2267955, 0.0 ], [ 80.2549525, 13.2268441, 0.0 ], [ 80.2550602, 13.2269003, 0.0 ], [ 80.255144799999982, 13.2269415, 0.0 ], [ 80.2553448, 13.22711, 0.0 ], [ 80.255410199999986, 13.2271736, 0.0 ], [ 80.25543709999998, 13.2272373, 0.0 ], [ 80.2554448, 13.2276491, 0.0 ], [ 80.255448, 13.2277662, 0.0 ], [ 80.2554836, 13.2278701, 0.0 ], [ 80.2555856, 13.2279232, 0.0 ], [ 80.2556903, 13.227931, 0.0 ], [ 80.255785099999983, 13.2279076, 0.0 ], [ 80.255915299999984, 13.227774, 0.0 ], [ 80.256293099999979, 13.2275016, 0.0 ], [ 80.256410099999982, 13.2274082, 0.0 ], [ 80.2565826, 13.2272706, 0.0 ], [ 80.2566679, 13.2271511, 0.0 ], [ 80.2567597, 13.2270866, 0.0 ], [ 80.2568993, 13.2270218, 0.0 ], [ 80.257112, 13.2270092, 0.0 ], [ 80.2572972, 13.2270098, 0.0 ], [ 80.257567599999987, 13.2270509, 0.0 ], [ 80.2578145, 13.2270986, 0.0 ], [ 80.257925899999989, 13.2271201, 0.0 ] ] } },
{ "type": "Feature", "properties": { "osm_id": 1072688196, "road_name": "Unnamed road", "highway": "tertiary", "ref": "", "length_m": 1862.2, "unmet_length_m": 1862.2, "pct_outside_400m": 100.0, "outside_gcc": true, "need_score": 2793.4, "rank": 129 }, "geometry": { "type": "LineString", "coordinates": [ [ 80.3094119, 13.262351, 0.0 ], [ 80.3093129, 13.2623747, 0.0 ], [ 80.30919369999998, 13.2623975, 0.0 ], [ 80.3090404, 13.2624099, 0.0 ], [ 80.3086679, 13.2624016, 0.0 ], [ 80.308297499999981, 13.262383, 0.0 ], [ 80.308125, 13.2623581, 0.0 ], [ 80.307924899999989, 13.2622773, 0.0 ], [ 80.3076795, 13.2621296, 0.0 ], [ 80.307284699999983, 13.2618265, 0.0 ], [ 80.307212100000015, 13.2617711, 0.0 ], [ 80.307157, 13.2617291, 0.0 ], [ 80.3069047, 13.2615675, 0.0 ], [ 80.3067897, 13.2615115, 0.0 ], [ 80.306649199999981, 13.2614597, 0.0 ], [ 80.306540600000019, 13.2614266, 0.0 ], [ 80.3064172, 13.2614142, 0.0 ], [ 80.30591010000002, 13.2614027, 0.0 ], [ 80.3057483, 13.2613841, 0.0 ], [ 80.305627, 13.2613592, 0.0 ], [ 80.3055482, 13.261324, 0.0 ], [ 80.3054801, 13.2612577, 0.0 ], [ 80.305281, 13.2610106, 0.0 ], [ 80.3048928, 13.2605602, 0.0 ], [ 80.3045129, 13.2600862, 0.0 ], [ 80.3044149, 13.2599909, 0.0 ], [ 80.3043202, 13.2599201, 0.0 ], [ 80.304247600000011, 13.2598905, 0.0 ], [ 80.3041563, 13.2598692, 0.0 ], [ 80.3040803, 13.2598576, 0.0 ], [ 80.303928, 13.2598572, 0.0 ], [ 80.303136699999982, 13.2598572, 0.0 ], [ 80.3029745, 13.259872, 0.0 ], [ 80.3028495, 13.259895, 0.0 ], [ 80.302739699999989, 13.2599213, 0.0 ], [ 80.30264, 13.2599608, 0.0 ], [ 80.301975500000012, 13.2602782, 0.0 ], [ 80.3016411, 13.2604387, 0.0 ], [ 80.3014516, 13.2605113, 0.0 ], [ 80.3013793, 13.2605341, 0.0 ], [ 80.3013332, 13.26054, 0.0 ], [ 80.3012984, 13.2605444, 0.0 ], [ 80.3012026, 13.2605403, 0.0 ], [ 80.3010152, 13.2605092, 0.0 ], [ 80.300678499999989, 13.2604196, 0.0 ], [ 80.30051659999998, 13.2603766, 0.0 ], [ 80.3003527, 13.260342, 0.0 ], [ 80.3002006, 13.2603207, 0.0 ], [ 80.3000693, 13.2603042, 0.0 ], [ 80.2999231, 13.2602938, 0.0 ], [ 80.2993601, 13.260265, 0.0 ], [ 80.2991499, 13.2602512, 0.0 ], [ 80.2990105, 13.2602381, 0.0 ], [ 80.298972899999981, 13.2602381, 0.0 ], [ 80.2989139, 13.2602381, 0.0 ], [ 80.2987449, 13.2602721, 0.0 ], [ 80.2984794, 13.2603478, 0.0 ], [ 80.2982568, 13.2604131, 0.0 ], [ 80.2980824, 13.2604261, 0.0 ], [ 80.297894699999986, 13.2604601, 0.0 ], [ 80.2977552, 13.2605018, 0.0 ], [ 80.2976479, 13.2605723, 0.0 ], [ 80.297489699999986, 13.2606376, 0.0 ], [ 80.29724419999998, 13.2607273, 0.0 ], [ 80.2969993, 13.2607916, 0.0 ], [ 80.2967481, 13.2608372, 0.0 ], [ 80.296664399999983, 13.2608517, 0.0 ], [ 80.296276599999985, 13.260919, 0.0 ], [ 80.295933799999986, 13.2609978, 0.0 ], [ 80.2955991, 13.261063, 0.0 ], [ 80.2951767, 13.2611428, 0.0 ], [ 80.2950722, 13.2611559, 0.0 ], [ 80.2949457, 13.2611642, 0.0 ], [ 80.2947204, 13.2611775, 0.0 ], [ 80.2947017, 13.2611786, 0.0 ], [ 80.2945569, 13.2611942, 0.0 ], [ 80.2944, 13.2612229, 0.0 ], [ 80.2942739, 13.2612556, 0.0 ], [ 80.294185399999989, 13.2612843, 0.0 ], [ 80.294100899999989, 13.2613208, 0.0 ], [ 80.294008399999981, 13.2613704, 0.0 ] ] } },
{ "type": "Feature", "properties": { "osm_id": 830729580, "road_name": "Chettipunniyam - Vadagal Road", "highway": "tertiary", "ref": "O2776", "length_m": 1860.7, "unmet_length_m": 1860.7, "pct_outside_400m": 100.0, "outside_gcc": true, "need_score": 2791.0, "rank": 130 }, "geometry": { "type": "LineString", "coordinates": [ [ 79.9695723, 12.7473462, 0.0 ], [ 79.9698968, 12.7472787, 0.0 ], [ 79.9701878, 12.7479444, 0.0 ], [ 79.9703152, 12.7482531, 0.0 ], [ 79.970548599999987, 12.7485749, 0.0 ], [ 79.970617, 12.7486438, 0.0 ], [ 79.970878499999984, 12.74883, 0.0 ], [ 79.971009899999984, 12.7489189, 0.0 ], [ 79.9710572, 12.7489394, 0.0 ], [ 79.9711065, 12.748944, 0.0 ], [ 79.9711601, 12.7489473, 0.0 ], [ 79.9714163, 12.7489215, 0.0 ], [ 79.971617499999979, 12.7489355, 0.0 ], [ 79.9718233, 12.7489738, 0.0 ], [ 79.9718877, 12.7489741, 0.0 ], [ 79.971975599999979, 12.7489562, 0.0 ], [ 79.9720191, 12.7489296, 0.0 ], [ 79.972101599999988, 12.7488404, 0.0 ], [ 79.97214649999998, 12.7488008, 0.0 ], [ 79.9721915, 12.7487816, 0.0 ], [ 79.9727563, 12.7487205, 0.0 ], [ 79.9730203, 12.7487053, 0.0 ], [ 79.9731101, 12.748721, 0.0 ], [ 79.9731812, 12.7487602, 0.0 ], [ 79.9732268, 12.7488217, 0.0 ], [ 79.973326, 12.7490859, 0.0 ], [ 79.973497699999982, 12.7495882, 0.0 ], [ 79.9736237, 12.7498891, 0.0 ], [ 79.973698899999988, 12.7499989, 0.0 ], [ 79.9738182, 12.7501376, 0.0 ], [ 79.9740462, 12.7503286, 0.0 ], [ 79.9741843, 12.7504868, 0.0 ], [ 79.9742889, 12.7506216, 0.0 ], [ 79.974330499999979, 12.7507144, 0.0 ], [ 79.9743573, 12.7508426, 0.0 ], [ 79.9743815, 12.7509512, 0.0 ], [ 79.9744204, 12.7510179, 0.0 ], [ 79.974463299999982, 12.7510519, 0.0 ], [ 79.9745612, 12.7510676, 0.0 ], [ 79.974672499999983, 12.7510663, 0.0 ], [ 79.9749607, 12.7510243, 0.0 ], [ 79.9750587, 12.7510101, 0.0 ], [ 79.9753806, 12.7509878, 0.0 ], [ 79.9754785, 12.7509839, 0.0 ], [ 79.97552229999998, 12.7509687, 0.0 ], [ 79.975580399999984, 12.7509486, 0.0 ], [ 79.9756542, 12.7509002, 0.0 ], [ 79.9758191, 12.7507432, 0.0 ], [ 79.976029699999984, 12.7505954, 0.0 ], [ 79.9761437, 12.7505849, 0.0 ], [ 79.9762778, 12.7505889, 0.0 ], [ 79.977059699999984, 12.7506124, 0.0 ], [ 79.97712, 12.7506294, 0.0 ], [ 79.977156199999982, 12.7506687, 0.0 ], [ 79.9771723, 12.7507367, 0.0 ], [ 79.977179, 12.7508675, 0.0 ], [ 79.977172900000014, 12.7513891, 0.0 ], [ 79.9771785, 12.7516664, 0.0 ], [ 79.977182199999987, 12.7518479, 0.0 ], [ 79.9772745, 12.7518434, 0.0 ], [ 79.9778741, 12.7518618, 0.0 ], [ 79.9780945, 12.7518819, 0.0 ], [ 79.9788221, 12.752021, 0.0 ], [ 79.979366399999989, 12.752165, 0.0 ], [ 79.9795139, 12.7522671, 0.0 ], [ 79.9796131, 12.7524109, 0.0 ], [ 79.9796916, 12.7525904, 0.0 ], [ 79.9797848, 12.7527432, 0.0 ], [ 79.9798678, 12.7528685, 0.0 ], [ 79.979983299999986, 12.7529263, 0.0 ], [ 79.980165699999986, 12.7529891, 0.0 ], [ 79.981808, 12.7533994, 0.0 ], [ 79.9819151, 12.7534262, 0.0 ] ] } },
{ "type": "Feature", "properties": { "osm_id": 760164431, "road_name": "Central Avenue", "highway": "tertiary", "ref": "", "length_m": 1859.0, "unmet_length_m": 1859.0, "pct_outside_400m": 100.0, "outside_gcc": true, "need_score": 2788.5, "rank": 131 }, "geometry": { "type": "LineString", "coordinates": [ [ 80.0030476, 12.7376022, 0.0 ], [ 80.003112099999981, 12.7375809, 0.0 ], [ 80.0035442, 12.7374382, 0.0 ], [ 80.0041603, 12.7372347, 0.0 ], [ 80.0044102, 12.7371522, 0.0 ], [ 80.0051084, 12.736911, 0.0 ], [ 80.0061611, 12.7365473, 0.0 ], [ 80.007228399999988, 12.7361785, 0.0 ], [ 80.0075429, 12.7360794, 0.0 ], [ 80.0077424, 12.7360021, 0.0 ], [ 80.0082021, 12.7357815, 0.0 ], [ 80.009227399999986, 12.7352894, 0.0 ], [ 80.0111026, 12.7340194, 0.0 ], [ 80.0112185, 12.733951, 0.0 ], [ 80.0118594, 12.733402, 0.0 ], [ 80.0124783, 12.732872, 0.0 ], [ 80.0128193, 12.7325221, 0.0 ], [ 80.0135186, 12.7318047, 0.0 ], [ 80.0139267, 12.731386, 0.0 ], [ 80.014146599999989, 12.7310631, 0.0 ], [ 80.01437, 12.7307471, 0.0 ], [ 80.014785, 12.7301407, 0.0 ], [ 80.0149494, 12.7298609, 0.0 ], [ 80.0155802, 12.7287176, 0.0 ], [ 80.0157372, 12.7283797, 0.0 ], [ 80.0157802, 12.7280964, 0.0 ] ] } },
{ "type": "Feature", "properties": { "osm_id": 64384780, "road_name": "Central Avenue", "highway": "tertiary", "ref": "", "length_m": 1846.7, "unmet_length_m": 1846.7, "pct_outside_400m": 100.0, "outside_gcc": true, "need_score": 2770.1, "rank": 132 }, "geometry": { "type": "LineString", "coordinates": [ [ 80.0157802, 12.7280964, 0.0 ], [ 80.0156876, 12.728236, 0.0 ], [ 80.0154287, 12.7287488, 0.0 ], [ 80.014945899999987, 12.7295755, 0.0 ], [ 80.014323600000012, 12.7306116, 0.0 ], [ 80.0137979, 12.7313023, 0.0 ], [ 80.0134117, 12.7317209, 0.0 ], [ 80.013079099999985, 12.7321395, 0.0 ], [ 80.0123817, 12.7328406, 0.0 ], [ 80.012086499999981, 12.7330742, 0.0 ], [ 80.011813099999983, 12.7332906, 0.0 ], [ 80.011330200000017, 12.7336767, 0.0 ], [ 80.0110299, 12.7339185, 0.0 ], [ 80.0097853, 12.7347871, 0.0 ], [ 80.0091309, 12.7352267, 0.0 ], [ 80.0074785, 12.7360114, 0.0 ], [ 80.0071139, 12.7361371, 0.0 ], [ 80.0055045, 12.7366917, 0.0 ], [ 80.003884499999984, 12.7372464, 0.0 ], [ 80.0030155, 12.7374871, 0.0 ] ] } },
{ "type": "Feature", "properties": { "osm_id": 26807397, "road_name": "Unnamed road", "highway": "tertiary", "ref": "", "length_m": 3413.4, "unmet_length_m": 2100.0, "pct_outside_400m": 61.5, "outside_gcc": true, "need_score": 2745.9, "rank": 133 }, "geometry": { "type": "LineString", "coordinates": [ [ 80.1354236, 13.007358, 0.0 ], [ 80.135423, 13.0069836, 0.0 ], [ 80.1354463, 13.00659, 0.0 ], [ 80.1354342, 13.0060984, 0.0 ], [ 80.135437, 13.0060519, 0.0 ], [ 80.1354428, 13.0059836, 0.0 ], [ 80.135456199999979, 13.0059035, 0.0 ], [ 80.1354755, 13.0058335, 0.0 ], [ 80.1354979, 13.005782, 0.0 ], [ 80.1355183, 13.0057439, 0.0 ], [ 80.135540800000015, 13.0057132, 0.0 ], [ 80.1355668, 13.0056833, 0.0 ], [ 80.1356058, 13.0056435, 0.0 ], [ 80.135688699999989, 13.0055635, 0.0 ], [ 80.1357775, 13.005468, 0.0 ], [ 80.1358515, 13.005381, 0.0 ], [ 80.135882899999984, 13.0053368, 0.0 ], [ 80.1359043, 13.0052981, 0.0 ], [ 80.13592629999998, 13.0052516, 0.0 ], [ 80.135946299999986, 13.0051781, 0.0 ], [ 80.135964699999988, 13.0050839, 0.0 ], [ 80.1359785, 13.0049819, 0.0 ], [ 80.1359858, 13.0048472, 0.0 ], [ 80.1359868, 13.0047569, 0.0 ], [ 80.135983, 13.0046474, 0.0 ], [ 80.1359775, 13.0045589, 0.0 ], [ 80.135890299999986, 13.003877, 0.0 ], [ 80.1358605, 13.003605, 0.0 ], [ 80.135812699999988, 13.0032904, 0.0 ], [ 80.1355771, 13.0021945, 0.0 ], [ 80.13551529999998, 13.0019847, 0.0 ], [ 80.1355426, 13.0016687, 0.0 ], [ 80.135523399999983, 13.0011525, 0.0 ], [ 80.1354877, 13.0010089, 0.0 ], [ 80.135488399999986, 13.0007111, 0.0 ], [ 80.1354786, 13.0004958, 0.0 ], [ 80.1354759, 13.000436, 0.0 ], [ 80.1354627, 13.0001446, 0.0 ], [ 80.135488399999986, 12.9997077, 0.0 ], [ 80.135451, 12.9991299, 0.0 ], [ 80.135408499999983, 12.9989036, 0.0 ], [ 80.1354034, 12.9987202, 0.0 ], [ 80.1354341, 12.9984266, 0.0 ], [ 80.1354393, 12.9980241, 0.0 ], [ 80.135413, 12.9977662, 0.0 ], [ 80.1354043, 12.9968934, 0.0 ], [ 80.135369299999979, 12.9964679, 0.0 ], [ 80.1352935, 12.9960301, 0.0 ], [ 80.1352795, 12.9959496, 0.0 ], [ 80.1352712, 12.9959014, 0.0 ], [ 80.135145, 12.995104, 0.0 ], [ 80.1351283, 12.9948871, 0.0 ], [ 80.1351238, 12.9948281, 0.0 ], [ 80.135141799999985, 12.9945828, 0.0 ], [ 80.1352247, 12.9941229, 0.0 ], [ 80.1352282, 12.9939936, 0.0 ], [ 80.135207, 12.9937729, 0.0 ], [ 80.135138, 12.9935608, 0.0 ], [ 80.1350955, 12.9934935, 0.0 ], [ 80.1350406, 12.9934539, 0.0 ], [ 80.1349787, 12.9934315, 0.0 ], [ 80.134892, 12.9934263, 0.0 ], [ 80.134830099999988, 12.9934401, 0.0 ], [ 80.13475219999998, 12.9934746, 0.0 ], [ 80.1346584, 12.9935036, 0.0 ], [ 80.1345811, 12.9935725, 0.0 ], [ 80.134517099999982, 12.9936139, 0.0 ], [ 80.134435899999986, 12.9936479, 0.0 ], [ 80.1343568, 12.99367, 0.0 ], [ 80.134044099999983, 12.993723, 0.0 ], [ 80.1339391, 12.9937433, 0.0 ], [ 80.133873900000012, 12.9937495, 0.0 ], [ 80.133804799999979, 12.993748, 0.0 ], [ 80.1337627, 12.9937409, 0.0 ], [ 80.1337143, 12.9937197, 0.0 ], [ 80.1336637, 12.9936773, 0.0 ], [ 80.1336253, 12.9936263, 0.0 ], [ 80.1336004, 12.9935513, 0.0 ], [ 80.1335329, 12.9933255, 0.0 ], [ 80.133385, 12.9930193, 0.0 ], [ 80.133122199999988, 12.9924899, 0.0 ], [ 80.132951, 12.9922117, 0.0 ], [ 80.1328021, 12.9920183, 0.0 ], [ 80.1326895, 12.9919595, 0.0 ], [ 80.132546, 12.9919464, 0.0 ], [ 80.1320873, 12.9920784, 0.0 ], [ 80.1319961, 12.9920888, 0.0 ], [ 80.131942886941417, 12.992085765922113, 0.0 ] ] } },
{ "type": "Feature", "properties": { "osm_id": 31255934, "road_name": "Thirur - Sevvapet - Keelanur Road", "highway": "tertiary", "ref": "O6979", "length_m": 1904.8, "unmet_length_m": 1848.5, "pct_outside_400m": 97.0, "outside_gcc": true, "need_score": 2745.4, "rank": 134 }, "geometry": { "type": "LineString", "coordinates": [ [ 79.9633416, 13.1223024, 0.0 ], [ 79.9632733, 13.1221709, 0.0 ], [ 79.962938599999987, 13.1215269, 0.0 ], [ 79.9627044, 13.1210567, 0.0 ], [ 79.9625144, 13.1206753, 0.0 ], [ 79.9624738, 13.1205937, 0.0 ], [ 79.9622743, 13.1199924, 0.0 ], [ 79.962142, 13.1195936, 0.0 ], [ 79.962113299999984, 13.119507, 0.0 ], [ 79.9621463, 13.1182453, 0.0 ], [ 79.96214759999998, 13.1181946, 0.0 ], [ 79.9621357, 13.1181154, 0.0 ], [ 79.962116, 13.1179849, 0.0 ], [ 79.9619464, 13.1168611, 0.0 ], [ 79.9619514, 13.1167579, 0.0 ], [ 79.9619662, 13.116674, 0.0 ], [ 79.9619917, 13.1165947, 0.0 ], [ 79.9620172, 13.1165578, 0.0 ], [ 79.9620658, 13.1165366, 0.0 ], [ 79.96217, 13.1164987, 0.0 ], [ 79.962474499999985, 13.1164037, 0.0 ], [ 79.9627762, 13.1163292, 0.0 ], [ 79.963033699999983, 13.1162796, 0.0 ], [ 79.9631242, 13.1162456, 0.0 ], [ 79.9631833, 13.1161973, 0.0 ], [ 79.963209399999982, 13.116145, 0.0 ], [ 79.9632282, 13.1160771, 0.0 ], [ 79.9633343, 13.1147778, 0.0 ], [ 79.963349199999982, 13.1144497, 0.0 ], [ 79.9638042, 13.1139565, 0.0 ], [ 79.9635688, 13.1131943, 0.0 ], [ 79.9634351, 13.1127612, 0.0 ], [ 79.962675, 13.1127828, 0.0 ], [ 79.9622592, 13.1127946, 0.0 ], [ 79.9621888, 13.11251, 0.0 ], [ 79.96214759999998, 13.1123432, 0.0 ], [ 79.961649799999989, 13.1122095, 0.0 ], [ 79.961109099999987, 13.1122262, 0.0 ], [ 79.9607326, 13.1115853, 0.0 ], [ 79.9604264, 13.111064, 0.0 ], [ 79.9600905, 13.1103334, 0.0 ], [ 79.959837933547718, 13.109902390836655, 0.0 ] ] } },
{ "type": "Feature", "properties": { "osm_id": 31019596, "road_name": "Pallikuppam Union Road", "highway": "tertiary", "ref": "ODR", "length_m": 1822.0, "unmet_length_m": 1822.0, "pct_outside_400m": 100.0, "outside_gcc": true, "need_score": 2733.0, "rank": 135 }, "geometry": { "type": "LineString", "coordinates": [ [ 80.1931335, 13.1975908, 0.0 ], [ 80.193313799999984, 13.1975693, 0.0 ], [ 80.1934387, 13.1975572, 0.0 ], [ 80.193511, 13.1975368, 0.0 ], [ 80.193719299999984, 13.197465, 0.0 ], [ 80.194048699999982, 13.1973475, 0.0 ], [ 80.1947829, 13.1970856, 0.0 ], [ 80.1952331, 13.196925, 0.0 ], [ 80.1956161, 13.1968993, 0.0 ], [ 80.196453799999986, 13.1968964, 0.0 ], [ 80.1968061, 13.196889, 0.0 ], [ 80.1968528, 13.1968894, 0.0 ], [ 80.1969934, 13.1968933, 0.0 ], [ 80.197322, 13.1968626, 0.0 ], [ 80.1977994, 13.1970533, 0.0 ], [ 80.1983065, 13.1973097, 0.0 ], [ 80.1984944, 13.1974371, 0.0 ], [ 80.1987562, 13.1976147, 0.0 ], [ 80.1988892, 13.1976709, 0.0 ], [ 80.199366, 13.1978349, 0.0 ], [ 80.199799299999981, 13.1980646, 0.0 ], [ 80.2002628, 13.1984125, 0.0 ], [ 80.2008749, 13.1989822, 0.0 ], [ 80.2010325, 13.199077, 0.0 ], [ 80.2012969, 13.1991099, 0.0 ], [ 80.2014361, 13.1990605, 0.0 ], [ 80.2017534, 13.1988865, 0.0 ], [ 80.202592399999986, 13.1984102, 0.0 ], [ 80.202725, 13.1983396, 0.0 ], [ 80.203536899999989, 13.1979992, 0.0 ], [ 80.2045174, 13.1975487, 0.0 ], [ 80.2051271, 13.1972819, 0.0 ], [ 80.2060217, 13.1971729, 0.0 ], [ 80.2064033, 13.1971032, 0.0 ], [ 80.2067105, 13.1970532, 0.0 ], [ 80.2068144, 13.1970395, 0.0 ], [ 80.2069031, 13.1970407, 0.0 ], [ 80.206976699999984, 13.1970771, 0.0 ], [ 80.2070339, 13.1971521, 0.0 ], [ 80.207088, 13.1972749, 0.0 ], [ 80.207132799999982, 13.1973234, 0.0 ], [ 80.207287099999988, 13.197393, 0.0 ], [ 80.2075322, 13.1974788, 0.0 ], [ 80.207815399999987, 13.1976304, 0.0 ], [ 80.2079626, 13.1977536, 0.0 ] ] } },
{ "type": "Feature", "properties": { "osm_id": 1287366967, "road_name": "Chengalpattu - Kancheepuram Highway", "highway": "trunk", "ref": "NH132B", "length_m": 1808.9, "unmet_length_m": 1808.9, "pct_outside_400m": 100.0, "outside_gcc": true, "need_score": 2713.4, "rank": 136 }, "geometry": { "type": "LineString", "coordinates": [ [ 79.957261499999987, 12.7167902, 0.0 ], [ 79.9568322, 12.7173407, 0.0 ], [ 79.95634579999998, 12.7179644, 0.0 ], [ 79.956197099999983, 12.7181552, 0.0 ], [ 79.9559174, 12.7185251, 0.0 ], [ 79.9558039, 12.718674, 0.0 ], [ 79.955328399999985, 12.7193263, 0.0 ], [ 79.9541479, 12.7208787, 0.0 ], [ 79.9539231, 12.7212587, 0.0 ], [ 79.953686500000018, 12.7216313, 0.0 ], [ 79.953467, 12.7219483, 0.0 ], [ 79.953188299999979, 12.7222969, 0.0 ], [ 79.9530242, 12.7225648, 0.0 ], [ 79.9522619, 12.7238149, 0.0 ], [ 79.9518868, 12.7244155, 0.0 ], [ 79.9514261, 12.7251751, 0.0 ], [ 79.9511202, 12.7256509, 0.0 ], [ 79.951064699999989, 12.7257597, 0.0 ], [ 79.9499555, 12.7275518, 0.0 ], [ 79.9497494, 12.7278791, 0.0 ], [ 79.9495068, 12.7281612, 0.0 ], [ 79.949087, 12.7286127, 0.0 ], [ 79.9485019, 12.7293603, 0.0 ], [ 79.9483811, 12.7295193, 0.0 ], [ 79.9482461, 12.7297092, 0.0 ], [ 79.9481492, 12.7298801, 0.0 ] ] } },
{ "type": "Feature", "properties": { "osm_id": 1075672696, "road_name": "ORR Service Road", "highway": "primary", "ref": "", "length_m": 1805.9, "unmet_length_m": 1805.9, "pct_outside_400m": 100.0, "outside_gcc": true, "need_score": 2708.8, "rank": 137 }, "geometry": { "type": "LineString", "coordinates": [ [ 80.0523495, 13.1287842, 0.000000000000281 ], [ 80.052357200000017, 13.1291319, 0.000000000000281 ], [ 80.052355899999981, 13.1292385, 0.000000000000281 ], [ 80.052373, 13.1296718, 0.000000000000281 ], [ 80.0523765, 13.1297924, 0.000000000000281 ], [ 80.05239349999998, 13.1301034, 0.000000000000281 ], [ 80.052444199999982, 13.1305137, 0.000000000000281 ], [ 80.0524685, 13.130729, 0.000000000000281 ], [ 80.0524953, 13.1309657, 0.000000000000281 ], [ 80.0525095, 13.1311562, 0.000000000000281 ], [ 80.05252179999998, 13.1313225, 0.000000000000281 ], [ 80.052532499999984, 13.1315638, 0.000000000000281 ], [ 80.0525373, 13.1317377, 0.000000000000281 ], [ 80.0525357, 13.132165, 0.000000000000281 ], [ 80.0525283, 13.1324524, 0.000000000000281 ], [ 80.0525207, 13.1327488, 0.000000000000281 ], [ 80.052517, 13.1328572, 0.000000000000281 ], [ 80.052503499999986, 13.1332542, 0.000000000000281 ], [ 80.0524979, 13.1334202, 0.000000000000281 ], [ 80.0524857, 13.1336571, 0.000000000000281 ], [ 80.0524867, 13.1337846, 0.000000000000281 ], [ 80.0525038, 13.1341, 0.000000000000281 ], [ 80.0525246, 13.1345865, 0.000000000000281 ], [ 80.0525487, 13.1354454, 0.000000000000281 ], [ 80.0525549, 13.1355972, 0.000000000000281 ], [ 80.0525784, 13.1361757, 0.000000000000281 ], [ 80.0526167, 13.1367803, 0.000000000000281 ], [ 80.0526492, 13.1373091, 0.000000000000281 ], [ 80.052683699999989, 13.1377733, 0.000000000000281 ], [ 80.0526934, 13.137892, 0.000000000000281 ], [ 80.0527567, 13.1386717, 0.000000000000281 ], [ 80.05276, 13.1387178, 0.000000000000281 ], [ 80.0529657, 13.1416612, 0.000000000000281 ], [ 80.0530939, 13.1433658, 0.000000000000281 ], [ 80.0531471, 13.1440724, 0.000000000000281 ], [ 80.053155, 13.1441771, 0.000000000000281 ], [ 80.053184, 13.1445508, 0.000000000000281 ] ] } },
{ "type": "Feature", "properties": { "osm_id": 1287366961, "road_name": "Chengalpattu - Kancheepuram Highway", "highway": "trunk", "ref": "NH132B", "length_m": 1795.8, "unmet_length_m": 1795.8, "pct_outside_400m": 100.0, "outside_gcc": true, "need_score": 2693.6, "rank": 138 }, "geometry": { "type": "LineString", "coordinates": [ [ 79.948288099999985, 12.7298282, 0.0 ], [ 79.9485421, 12.7294646, 0.0 ], [ 79.9491346, 12.7286765, 0.0 ], [ 79.949594599999983, 12.7281898, 0.0 ], [ 79.949819099999985, 12.7279209, 0.0 ], [ 79.950024199999987, 12.7275789, 0.0 ], [ 79.9511335, 12.7257875, 0.0 ], [ 79.9512025, 12.7256881, 0.0 ], [ 79.9515062, 12.7252028, 0.0 ], [ 79.9516946, 12.7248988, 0.0 ], [ 79.9519836, 12.7244328, 0.0 ], [ 79.9523398, 12.7238207, 0.0 ], [ 79.9531021, 12.722602, 0.0 ], [ 79.953745, 12.7216617, 0.0 ], [ 79.953981299999981, 12.7212915, 0.0 ], [ 79.954205099999982, 12.7209314, 0.0 ], [ 79.9554084, 12.71935, 0.0 ], [ 79.955631699999984, 12.7190492, 0.0 ], [ 79.9558736, 12.7187311, 0.0 ], [ 79.9563072, 12.7181653, 0.0 ], [ 79.9564271, 12.7180058, 0.0 ], [ 79.95663, 12.7177517, 0.0 ], [ 79.956904199999983, 12.7173912, 0.0 ], [ 79.957011499999979, 12.7172501, 0.0 ], [ 79.9571957, 12.7169837, 0.0 ], [ 79.957261499999987, 12.7167902, 0.0 ] ] } },
{ "type": "Feature", "properties": { "osm_id": 1147874029, "road_name": "Thirukkandalam Road", "highway": "tertiary", "ref": "O6905", "length_m": 1793.4, "unmet_length_m": 1793.4, "pct_outside_400m": 100.0, "outside_gcc": true, "need_score": 2690.2, "rank": 139 }, "geometry": { "type": "LineString", "coordinates": [ [ 80.0912889, 13.2600272, 0.0 ], [ 80.0913181, 13.2596716, 0.0 ], [ 80.0914606, 13.2594067, 0.0 ], [ 80.0915889, 13.2589024, 0.0 ], [ 80.0915944, 13.2577223, 0.0 ], [ 80.0912584, 13.2571864, 0.0 ], [ 80.0912584, 13.2565324, 0.0 ], [ 80.091716, 13.2563094, 0.0 ], [ 80.0917624, 13.2561614, 0.0 ], [ 80.091715399999984, 13.2554307, 0.0 ], [ 80.0915308, 13.2545024, 0.0 ], [ 80.091465, 13.2536811, 0.0 ], [ 80.0911608, 13.252837, 0.0 ], [ 80.0911919, 13.2522871, 0.0 ], [ 80.0911437, 13.2516693, 0.0 ], [ 80.0910345, 13.2507732, 0.0 ], [ 80.0907451, 13.2490745, 0.0 ], [ 80.0906425, 13.2487112, 0.0 ], [ 80.090708699999979, 13.2485298, 0.0 ], [ 80.090889099999984, 13.2483792, 0.0 ], [ 80.0912851, 13.2482443, 0.0 ], [ 80.0914962, 13.2474542, 0.0 ], [ 80.0919714, 13.2468247, 0.0 ], [ 80.092083, 13.2454344, 0.0 ] ] } },
{ "type": "Feature", "properties": { "osm_id": 385143202, "road_name": "Unnamed road", "highway": "tertiary", "ref": "", "length_m": 1792.6, "unmet_length_m": 1792.6, "pct_outside_400m": 100.0, "outside_gcc": true, "need_score": 2689.0, "rank": 140 }, "geometry": { "type": "LineString", "coordinates": [ [ 80.114895, 13.1988204, 0.0 ], [ 80.114491, 13.1975879, 0.0 ], [ 80.1141678, 13.1965862, 0.0 ], [ 80.114144599999989, 13.1965112, 0.0 ], [ 80.114087, 13.196324, 0.0 ], [ 80.1140115, 13.1961352, 0.0 ], [ 80.11406, 13.1958415, 0.0 ], [ 80.114136, 13.1955089, 0.0 ], [ 80.1143294, 13.1946615, 0.0 ], [ 80.114571799999979, 13.1934814, 0.0 ], [ 80.1147495, 13.1925532, 0.0 ], [ 80.1147657, 13.1923486, 0.0 ], [ 80.1146741, 13.192228, 0.0 ], [ 80.1144048, 13.1921283, 0.0 ], [ 80.1122231, 13.191756, 0.0 ], [ 80.109699899999981, 13.1912965, 0.0 ], [ 80.1079225, 13.190975, 0.0 ], [ 80.1070391, 13.1908369, 0.0 ], [ 80.106328, 13.1906945, 0.0 ], [ 80.105754, 13.1905587, 0.0 ] ] } },
{ "type": "Feature", "properties": { "osm_id": 1075043290, "road_name": "ORR Service Road", "highway": "primary", "ref": "", "length_m": 3537.6, "unmet_length_m": 2051.7, "pct_outside_400m": 58.0, "outside_gcc": true, "need_score": 2677.3, "rank": 141 }, "geometry": { "type": "LineString", "coordinates": [ [ 80.07440638662554, 12.912215905696328, 0.0 ], [ 80.0742965, 12.9118844, 0.0 ], [ 80.0739605, 12.9108164, 0.0 ], [ 80.073914, 12.9106686, 0.0 ], [ 80.073898, 12.910619, 0.0 ], [ 80.0736273, 12.9097824, 0.0 ], [ 80.072905399999982, 12.9075092, 0.0 ], [ 80.0727886, 12.9071413, 0.0 ], [ 80.0723116, 12.9056809, 0.0 ], [ 80.072112599999983, 12.9050715, 0.0 ], [ 80.0719525, 12.9045831, 0.0 ], [ 80.0718182, 12.9040909, 0.0 ], [ 80.0718105, 12.9040627, 0.0 ], [ 80.0717365, 12.9037347, 0.0 ], [ 80.0716111, 12.9031127, 0.0 ], [ 80.071561599999981, 12.9028594, 0.0 ], [ 80.0715292, 12.9026934, 0.0 ], [ 80.071303, 12.9016216, 0.0 ], [ 80.0710662, 12.9005398, 0.0 ], [ 80.0709942, 12.9002154, 0.0 ], [ 80.07090909999998, 12.8998132, 0.0 ], [ 80.07086289999998, 12.8995428, 0.0 ], [ 80.0708333, 12.8993118, 0.0 ], [ 80.0708097, 12.8990625, 0.0 ], [ 80.0707967, 12.8987556, 0.0 ], [ 80.0707909, 12.8985138, 0.0 ], [ 80.0707891, 12.8981834, 0.0 ], [ 80.0707891, 12.897904, 0.0 ], [ 80.0707996, 12.8973127, 0.0 ], [ 80.070807, 12.8969705, 0.0 ], [ 80.0708144, 12.8966227, 0.0 ], [ 80.070830199999989, 12.8963706, 0.0 ], [ 80.0708384, 12.8960928, 0.0 ], [ 80.070845, 12.8956945, 0.0 ], [ 80.070850799999988, 12.8952272, 0.0 ], [ 80.07086285292965, 12.894732460213676, 0.0 ] ] } },
{ "type": "Feature", "properties": { "osm_id": 1148156622, "road_name": "Unnamed road", "highway": "tertiary", "ref": "", "length_m": 1752.5, "unmet_length_m": 1752.5, "pct_outside_400m": 100.0, "outside_gcc": true, "need_score": 2628.7, "rank": 142 }, "geometry": { "type": "LineString", "coordinates": [ [ 80.0016807, 13.1620661, 0.0 ], [ 80.001685699999982, 13.1621298, 0.0 ], [ 80.001734399999989, 13.1621894, 0.0 ], [ 80.0018473, 13.1623276, 0.0 ], [ 80.0019734, 13.1624739, 0.0 ], [ 80.0022255, 13.1626149, 0.0 ], [ 80.0029591, 13.162914, 0.0 ], [ 80.003179, 13.1630341, 0.0 ], [ 80.0033614, 13.163183, 0.0 ], [ 80.003517, 13.1632875, 0.0 ], [ 80.003766399999989, 13.1633763, 0.0 ], [ 80.0041634, 13.1634938, 0.0 ], [ 80.0042048, 13.1635282, 0.0 ], [ 80.004254599999982, 13.1635695, 0.0 ], [ 80.0043619, 13.1637785, 0.0 ], [ 80.0045228, 13.1642225, 0.0 ], [ 80.0045872, 13.1646116, 0.0 ], [ 80.0046274, 13.1647944, 0.0 ], [ 80.0047075, 13.1649454, 0.0 ], [ 80.0050091, 13.1653624, 0.0 ], [ 80.0051125, 13.1655053, 0.0 ], [ 80.0057162, 13.1663399, 0.0 ], [ 80.0065505, 13.1676438, 0.0 ], [ 80.0070494, 13.1683489, 0.0 ], [ 80.0075, 13.1689131, 0.0 ], [ 80.007738800000013, 13.1692891, 0.0 ], [ 80.008569899999983, 13.1708374, 0.0 ], [ 80.0095483, 13.1734031, 0.0 ], [ 80.009455399999979, 13.1745281, 0.0 ] ] } },
{ "type": "Feature", "properties": { "osm_id": 31275470, "road_name": "Unnamed road", "highway": "tertiary", "ref": "", "length_m": 2426.3, "unmet_length_m": 1885.7, "pct_outside_400m": 77.7, "outside_gcc": true, "need_score": 2618.5, "rank": 143 }, "geometry": { "type": "LineString", "coordinates": [ [ 80.0412637, 13.0989837, 0.0 ], [ 80.0407085, 13.0989128, 0.0 ], [ 80.0404577, 13.0988371, 0.0 ], [ 80.040378599999983, 13.0988305, 0.0 ], [ 80.040304799999987, 13.0988227, 0.0 ], [ 80.0401777, 13.0988559, 0.0 ], [ 80.0400929, 13.0988763, 0.0 ], [ 80.040004399999987, 13.0988802, 0.0 ], [ 80.0398126, 13.0988736, 0.0 ], [ 80.039641, 13.0988501, 0.0 ], [ 80.039138, 13.0987273, 0.0 ], [ 80.0389865, 13.0987143, 0.0 ], [ 80.0388899, 13.0987169, 0.0 ], [ 80.038809499999985, 13.0987456, 0.0 ], [ 80.0386888, 13.0987809, 0.0 ], [ 80.0385909, 13.0987927, 0.0 ], [ 80.0384729, 13.0987744, 0.0 ], [ 80.038293899999985, 13.0987482, 0.0 ], [ 80.0378747, 13.0986869, 0.0 ], [ 80.0372669, 13.0986372, 0.0 ], [ 80.036995, 13.098615, 0.0 ], [ 80.0368645, 13.0986002, 0.0 ], [ 80.036591299999984, 13.0985693, 0.0 ], [ 80.0359677, 13.098517, 0.0 ], [ 80.0355895, 13.0985, 0.0 ], [ 80.0353276, 13.0985085, 0.0 ], [ 80.0348988, 13.0985223, 0.0 ], [ 80.0346333, 13.0985366, 0.0 ], [ 80.0345883, 13.0985546, 0.0 ], [ 80.0345592, 13.0985824, 0.0 ], [ 80.034529, 13.0986134, 0.0 ], [ 80.034463599999981, 13.0986513, 0.0 ], [ 80.0344167, 13.0986643, 0.0 ], [ 80.0343778, 13.0986662, 0.0 ], [ 80.0342846, 13.0986542, 0.0 ], [ 80.0338702, 13.0986242, 0.0 ], [ 80.03379769999998, 13.0986244, 0.0 ], [ 80.033484, 13.0986255, 0.0 ], [ 80.0332734, 13.0985876, 0.0 ], [ 80.03312720000001, 13.0984459, 0.0 ], [ 80.0329214, 13.0982682, 0.0 ], [ 80.0328563, 13.0982075, 0.0 ], [ 80.032651099999981, 13.0979802, 0.0 ], [ 80.0324661, 13.0978352, 0.0 ], [ 80.032336, 13.0977738, 0.0 ], [ 80.032183099999983, 13.0977438, 0.0 ], [ 80.0320382, 13.0977255, 0.0 ], [ 80.0318089, 13.0977229, 0.0 ], [ 80.0315072, 13.0977203, 0.0 ], [ 80.0312068, 13.0977568, 0.0 ], [ 80.0309788, 13.0977934, 0.0 ], [ 80.0308956, 13.097813, 0.0 ], [ 80.030740699999981, 13.0979083, 0.0 ], [ 80.0306898, 13.0979808, 0.0 ], [ 80.0306692, 13.0980724, 0.0 ], [ 80.030667, 13.0980945, 0.0 ], [ 80.0306891, 13.0983636, 0.0 ], [ 80.0307501, 13.0991982, 0.0 ], [ 80.03073, 13.0992505, 0.0 ], [ 80.0306871, 13.0992903, 0.0 ], [ 80.0306214, 13.0993093, 0.0 ], [ 80.0305624, 13.0992975, 0.0 ], [ 80.030496, 13.0992642, 0.0 ], [ 80.0304068, 13.0991643, 0.0 ], [ 80.030316899999988, 13.0990578, 0.0 ], [ 80.0302395, 13.0989803, 0.0 ], [ 80.0301895, 13.0989461, 0.0 ], [ 80.0301184, 13.0989187, 0.0 ], [ 80.0300199, 13.098886, 0.0 ], [ 80.02991059999998, 13.0988606, 0.0 ], [ 80.0297785, 13.0988299, 0.0 ], [ 80.029574, 13.0988005, 0.0 ], [ 80.029380799999984, 13.0987672, 0.0 ], [ 80.029312399999981, 13.0987469, 0.0 ], [ 80.0291917, 13.098696, 0.0 ], [ 80.029134099999979, 13.0986771, 0.0 ], [ 80.0287955, 13.0986411, 0.0 ], [ 80.0286868, 13.0986255, 0.0 ], [ 80.0285802, 13.0985974, 0.0 ], [ 80.028485, 13.0985582, 0.0 ], [ 80.0284164, 13.0985328, 0.0 ], [ 80.028216799999981, 13.0984589, 0.0 ], [ 80.0280136, 13.0984308, 0.0 ], [ 80.0277799, 13.0984647, 0.0 ], [ 80.0277427, 13.098487, 0.0 ], [ 80.0275634, 13.0986044, 0.0 ], [ 80.0275013, 13.0986451, 0.0 ], [ 80.027263199999979, 13.0987744, 0.0 ], [ 80.0271278, 13.0988482, 0.0 ], [ 80.0269556, 13.0989393, 0.0 ], [ 80.0269166, 13.0989599, 0.0 ], [ 80.0266975, 13.0991281, 0.0 ], [ 80.026661042220155, 13.099156092414802, 0.0 ] ] } },
{ "type": "Feature", "properties": { "osm_id": 1060197135, "road_name": "ORR Service Road", "highway": "primary", "ref": "", "length_m": 1995.6, "unmet_length_m": 1802.0, "pct_outside_400m": 90.3, "outside_gcc": true, "need_score": 2615.6, "rank": 144 }, "geometry": { "type": "LineString", "coordinates": [ [ 80.232082496056719, 13.249474656378309, 0.0 ], [ 80.2324264, 13.2497606, 0.0 ], [ 80.2327819, 13.2500528, 0.0 ], [ 80.233295, 13.250432, 0.0 ], [ 80.2335692, 13.2506251, 0.0 ], [ 80.2336402, 13.2506751, 0.0 ], [ 80.234535699999981, 13.2512376, 0.0 ], [ 80.234735799999982, 13.2513581, 0.0 ], [ 80.2355915, 13.2518732, 0.0 ], [ 80.238008, 13.2533293, 0.0 ], [ 80.238442699999979, 13.2535885, 0.0 ], [ 80.240552899999983, 13.254847, 0.0 ], [ 80.2408031, 13.2549962, 0.0 ], [ 80.241321199999987, 13.2553227, 0.0 ], [ 80.2417958, 13.2556837, 0.0 ], [ 80.2420974, 13.2559311, 0.0 ], [ 80.2424984, 13.2562848, 0.0 ], [ 80.242808599999989, 13.2566263, 0.0 ], [ 80.2432409, 13.257163, 0.0 ], [ 80.243557699999982, 13.2576101, 0.0 ], [ 80.243791300000012, 13.2579863, 0.0 ], [ 80.243927699999986, 13.2582398, 0.0 ], [ 80.2441766, 13.2587716, 0.0 ], [ 80.2443919, 13.2592585, 0.0 ] ] } },
{ "type": "Feature", "properties": { "osm_id": 102550243, "road_name": "Kovilpadagai Main Road", "highway": "tertiary", "ref": "MDR575", "length_m": 4817.7, "unmet_length_m": 2134.2, "pct_outside_400m": 44.3, "outside_gcc": true, "need_score": 2614.7, "rank": 145 }, "geometry": { "type": "LineString", "coordinates": [ [ 80.087209988981172, 13.194964497032627, 0.0 ], [ 80.087573799999987, 13.195588, 0.0 ], [ 80.0876806, 13.1958857, 0.0 ], [ 80.0877508, 13.1966567, 0.0 ], [ 80.087758, 13.1967185, 0.0 ], [ 80.0877937, 13.1970261, 0.0 ], [ 80.0878501, 13.197574, 0.0 ], [ 80.087905300000017, 13.1980132, 0.0 ], [ 80.087908199999987, 13.1981456, 0.0 ], [ 80.087872599999983, 13.1984306, 0.0 ], [ 80.0878358, 13.1987078, 0.0 ], [ 80.087786099999988, 13.1990821, 0.0 ], [ 80.0877444, 13.1995063, 0.0 ], [ 80.087739, 13.199661, 0.0 ], [ 80.0877383, 13.2001584, 0.0 ], [ 80.0877528, 13.2002455, 0.0 ], [ 80.087804, 13.2005534, 0.0 ], [ 80.0878206, 13.2006448, 0.0 ], [ 80.087831, 13.2007026, 0.0 ], [ 80.0878484, 13.2007592, 0.0 ], [ 80.0878785, 13.200857, 0.0 ], [ 80.0880186, 13.2010763, 0.0 ], [ 80.0880837, 13.2011984, 0.0 ], [ 80.0884122, 13.2016959, 0.0 ], [ 80.088518399999984, 13.2018795, 0.0 ], [ 80.0886865, 13.2021705, 0.0 ], [ 80.0887771, 13.2023114, 0.0 ], [ 80.0888173, 13.2023739, 0.0 ], [ 80.0889769, 13.202622, 0.0 ], [ 80.0890204, 13.2026895, 0.0 ], [ 80.089157499999985, 13.2029028, 0.0 ], [ 80.0892853, 13.2031014, 0.0 ], [ 80.0894389, 13.2033234, 0.0 ], [ 80.0896407, 13.2035727, 0.0 ], [ 80.089676899999986, 13.2036132, 0.0 ], [ 80.0897688, 13.2037412, 0.0 ], [ 80.089874699999982, 13.203954, 0.0 ], [ 80.0900155, 13.2042863, 0.0 ], [ 80.0901228, 13.204518, 0.0 ], [ 80.0901134, 13.2045755, 0.0 ], [ 80.0900933, 13.2046166, 0.0 ], [ 80.0900256, 13.2046767, 0.0 ], [ 80.089963200000014, 13.2047087, 0.0 ], [ 80.0898244, 13.204742, 0.0 ], [ 80.0884075, 13.2049672, 0.0 ], [ 80.0873139, 13.2051408, 0.0 ], [ 80.087188, 13.2051646, 0.0 ], [ 80.0863295, 13.2053269, 0.0 ], [ 80.0860941, 13.2054111, 0.0 ], [ 80.0859386, 13.2055411, 0.0 ], [ 80.0858998, 13.2056912, 0.0 ], [ 80.085944799999979, 13.2067689, 0.0 ], [ 80.085954499999986, 13.2070004, 0.0 ], [ 80.086106200000017, 13.2083671, 0.0 ], [ 80.086112899999989, 13.208529, 0.0 ], [ 80.0860955, 13.2086021, 0.0 ], [ 80.0860539, 13.2086778, 0.0 ], [ 80.085868799999986, 13.2089441, 0.0 ], [ 80.0858132, 13.2090603, 0.0 ], [ 80.085758899999988, 13.2092692, 0.0 ], [ 80.085712646560623, 13.209490277554597, 0.0 ] ] } },
{ "type": "Feature", "properties": { "osm_id": 1075657699, "road_name": "ORR Service Road", "highway": "primary", "ref": "", "length_m": 7046.8, "unmet_length_m": 1850.2, "pct_outside_400m": 26.3, "outside_gcc": true, "need_score": 2607.4, "rank": 146 }, "geometry": { "type": "LineString", "coordinates": [ [ 80.0676355, 13.1689387, 0.000000000000126 ], [ 80.0676709, 13.1689994, 0.000000000000126 ], [ 80.067898, 13.169388, 0.000000000000126 ], [ 80.0682129, 13.1699443, 0.000000000000126 ], [ 80.06843, 13.1703039, 0.000000000000126 ], [ 80.0686006, 13.1706019, 0.000000000000126 ], [ 80.0687213, 13.1707954, 0.000000000000126 ], [ 80.0687741, 13.1708693, 0.000000000000126 ], [ 80.068866799999981, 13.1709925, 0.000000000000126 ], [ 80.0695261, 13.1719075, 0.000000000000126 ], [ 80.069747, 13.1721827, 0.000000000000126 ], [ 80.0699584, 13.1724243, 0.000000000000126 ], [ 80.0702157, 13.1727018, 0.000000000000126 ], [ 80.0704469, 13.1729362, 0.000000000000126 ], [ 80.0707197, 13.1732048, 0.000000000000126 ], [ 80.0710753, 13.1735381, 0.000000000000126 ], [ 80.0713795, 13.1738016, 0.000000000000126 ], [ 80.071644399999983, 13.1740031, 0.000000000000126 ], [ 80.072029699999987, 13.1742772, 0.000000000000126 ], [ 80.072390199999987, 13.1745211, 0.000000000000126 ], [ 80.072731399999981, 13.1747344, 0.000000000000126 ], [ 80.0730623, 13.1749246, 0.000000000000126 ], [ 80.0733771, 13.1750902, 0.000000000000126 ], [ 80.073822799999988, 13.1753072, 0.000000000000126 ], [ 80.0743697, 13.175551, 0.000000000000126 ], [ 80.0749433, 13.1757756, 0.000000000000126 ], [ 80.0752669, 13.1758915, 0.000000000000126 ], [ 80.075539899999981, 13.1759776, 0.000000000000126 ], [ 80.0759172, 13.1760842, 0.000000000000126 ], [ 80.0762661, 13.176173, 0.000000000000126 ], [ 80.0766135, 13.1762519, 0.000000000000126 ], [ 80.0769221, 13.1763153, 0.000000000000126 ], [ 80.0772394, 13.1763703, 0.000000000000126 ], [ 80.077551299999982, 13.1764183, 0.000000000000126 ], [ 80.077989, 13.1764733, 0.000000000000126 ], [ 80.0804297, 13.1767895, 0.000000000000126 ], [ 80.081044135502864, 13.176877122986342, 0.000000000000126 ] ] } },
{ "type": "Feature", "properties": { "osm_id": 34632908, "road_name": "Chozhambedu Main Road", "highway": "secondary", "ref": "", "length_m": 2220.6, "unmet_length_m": 1820.7, "pct_outside_400m": 82.0, "outside_gcc": true, "need_score": 2567.1, "rank": 147 }, "geometry": { "type": "LineString", "coordinates": [ [ 80.142756205020191, 13.119615209976205, 0.000000000000455 ], [ 80.1425201, 13.1197285, 0.0 ], [ 80.14155, 13.1201939, 0.0 ], [ 80.1414678, 13.1202097, 0.0 ], [ 80.141139899999985, 13.1202728, 0.0 ], [ 80.14060019999998, 13.1203767, 0.0 ], [ 80.1403937, 13.1204165, 0.0 ], [ 80.1399577, 13.1205004, 0.0 ], [ 80.139531099999985, 13.1205613, 0.0 ], [ 80.1386489, 13.1206871, 0.0 ], [ 80.1384845, 13.1206741, 0.0 ], [ 80.138039599999985, 13.1206388, 0.0 ], [ 80.137593199999984, 13.1206035, 0.0 ], [ 80.1371496, 13.1205176, 0.0 ], [ 80.1365152, 13.1203947, 0.0 ], [ 80.135838399999983, 13.1207216, 0.0 ], [ 80.1355383, 13.120925, 0.0 ], [ 80.135482599999989, 13.1209538, 0.0 ], [ 80.1347711, 13.1215889, 0.0 ], [ 80.1347276, 13.1216325, 0.0 ], [ 80.1346699, 13.1216813, 0.0 ], [ 80.1346047, 13.1217174, 0.0 ], [ 80.1345254, 13.121749, 0.0 ], [ 80.134051299999982, 13.1217844, 0.0 ], [ 80.1339602, 13.1217912, 0.0 ], [ 80.1338552, 13.1218136, 0.0 ], [ 80.1332207, 13.1220467, 0.0 ], [ 80.1327609, 13.1223505, 0.0 ], [ 80.1324135, 13.1225356, 0.0 ], [ 80.1321427, 13.1226799, 0.0 ], [ 80.1318423, 13.1230811, 0.0 ], [ 80.1317622, 13.1233378, 0.0 ], [ 80.131668199999979, 13.1236391, 0.0 ], [ 80.131636299999982, 13.1237414, 0.0 ], [ 80.1317247, 13.124352, 0.0 ], [ 80.1317412, 13.1244731, 0.0 ], [ 80.131808399999983, 13.1249834, 0.0 ], [ 80.1319261, 13.125876, 0.0 ], [ 80.131868399999988, 13.1262373, 0.0 ], [ 80.1318644, 13.1262622, 0.0 ], [ 80.131708390395573, 13.12723824027451, 0.0 ] ] } },
{ "type": "Feature", "properties": { "osm_id": 201376842, "road_name": "Chettipedu – Nemam Road", "highway": "tertiary", "ref": "MDR1165", "length_m": 3655.0, "unmet_length_m": 1957.0, "pct_outside_400m": 53.5, "outside_gcc": true, "need_score": 2561.7, "rank": 148 }, "geometry": { "type": "LineString", "coordinates": [ [ 80.026043854113709, 13.043865934930375, 0.0 ], [ 80.0257442, 13.0429707, 0.0 ], [ 80.0256398, 13.0425591, 0.0 ], [ 80.0253487, 13.0415132, 0.0 ], [ 80.0252938, 13.0413519, 0.0 ], [ 80.0252394, 13.0411886, 0.0 ], [ 80.0248378, 13.0403041, 0.0 ], [ 80.0243786, 13.0389903, 0.0 ], [ 80.0239191, 13.0378157, 0.0 ], [ 80.023648, 13.0372321, 0.0 ], [ 80.02294449999998, 13.0359351, 0.0 ], [ 80.022914, 13.0358789, 0.0 ], [ 80.0222214, 13.034657, 0.0 ], [ 80.0220188, 13.0342914, 0.0 ], [ 80.0217828, 13.0338968, 0.0 ], [ 80.02156020000001, 13.0334526, 0.0 ], [ 80.021529799999982, 13.0333667, 0.0 ], [ 80.021528, 13.0332645, 0.0 ], [ 80.0215192, 13.0327027, 0.0 ], [ 80.021514599999989, 13.0324126, 0.0 ], [ 80.0216103, 13.0313295, 0.0 ], [ 80.0218061, 13.0301003, 0.0 ], [ 80.0219598, 13.0293475, 0.0 ], [ 80.0220482, 13.0289693, 0.0 ], [ 80.0221896, 13.0283645, 0.0 ], [ 80.0222899, 13.0279559, 0.0 ], [ 80.0223277, 13.0278018, 0.0 ], [ 80.022347246771162, 13.027744388582928, 0.0 ] ] } },
{ "type": "Feature", "properties": { "osm_id": 26807462, "road_name": "Unnamed road", "highway": "tertiary", "ref": "", "length_m": 1702.5, "unmet_length_m": 1702.5, "pct_outside_400m": 100.0, "outside_gcc": true, "need_score": 2553.7, "rank": 149 }, "geometry": { "type": "LineString", "coordinates": [ [ 80.043923599999985, 13.0813959, 0.0 ], [ 80.0433961, 13.0813855, 0.0 ], [ 80.0428556, 13.0813711, 0.0 ], [ 80.0425391, 13.0814038, 0.0 ], [ 80.041853799999984, 13.081524, 0.0 ], [ 80.0415748, 13.0816115, 0.0 ], [ 80.041464799999986, 13.0816809, 0.0 ], [ 80.041328099999987, 13.081797, 0.0 ], [ 80.041082599999982, 13.0820517, 0.0 ], [ 80.040838599999987, 13.0823221, 0.0 ], [ 80.0406025, 13.0825298, 0.0 ], [ 80.0403719, 13.0827127, 0.0 ], [ 80.040134499999979, 13.0829008, 0.0 ], [ 80.039926, 13.083034, 0.0 ], [ 80.0394961, 13.0834063, 0.0 ], [ 80.039382099999983, 13.0834886, 0.0 ], [ 80.03902, 13.0836702, 0.0 ], [ 80.0387706, 13.083776, 0.0 ], [ 80.038531899999981, 13.0838779, 0.0 ], [ 80.037581, 13.0844083, 0.0 ], [ 80.0372846, 13.0845389, 0.0 ], [ 80.0370043, 13.0846486, 0.0 ], [ 80.0369501, 13.0846593, 0.0 ], [ 80.0364263, 13.0847628, 0.0 ], [ 80.0357769, 13.084891, 0.0 ], [ 80.0357378, 13.0849173, 0.0 ], [ 80.0349029, 13.0854784, 0.0 ], [ 80.03465079999998, 13.0855925, 0.0 ], [ 80.0342133, 13.0857768, 0.0 ], [ 80.0338017, 13.0858848, 0.0 ], [ 80.0334571, 13.0859345, 0.0 ], [ 80.032274900000019, 13.0859926, 0.0 ], [ 80.032257, 13.0859942, 0.0 ], [ 80.0310445, 13.086028, 0.0 ], [ 80.029977, 13.0860254, 0.0 ] ] } },
{ "type": "Feature", "properties": { "osm_id": 34618375, "road_name": "Unnamed road", "highway": "tertiary", "ref": "", "length_m": 2229.7, "unmet_length_m": 1808.4, "pct_outside_400m": 81.1, "outside_gcc": true, "need_score": 2541.8, "rank": 150 }, "geometry": { "type": "LineString", "coordinates": [ [ 80.046325, 12.9318478, 0.0 ], [ 80.046264, 12.9318584, 0.0 ], [ 80.0452168, 12.9324174, 0.0 ], [ 80.0451962, 12.9324284, 0.0 ], [ 80.04515, 12.9324459, 0.0 ], [ 80.0445353, 12.9326793, 0.0 ], [ 80.043511, 12.9298738, 0.0 ], [ 80.043427, 12.9296437, 0.0 ], [ 80.043264, 12.929423, 0.0 ], [ 80.0431114, 12.9292499, 0.0 ], [ 80.04294130000001, 12.9289306, 0.0 ], [ 80.0418189, 12.9266286, 0.0 ], [ 80.041763, 12.926514, 0.0 ], [ 80.041316699999982, 12.925736, 0.0 ], [ 80.0406128, 12.9235777, 0.0 ], [ 80.0406297, 12.9234128, 0.0 ], [ 80.0406729, 12.9229921, 0.0 ], [ 80.040653299999988, 12.9228918, 0.0 ], [ 80.0403983, 12.9215866, 0.0 ], [ 80.0406558, 12.9198549, 0.0 ], [ 80.040678813082067, 12.919643483272248, 0.0 ] ] } }
]
}
