{
"type": "FeatureCollection",
"name": "schools",
"crs": { "type": "name", "properties": { "name": "urn:ogc:def:crs:OGC:1.3:CRS84" } },
"features": [
{ "type": "Feature", "properties": { "name": null, "layer": "schools", "id": null, "Name": null, "description": null, "timestamp": null, "begin": null, "end": null, "altitudeMode": null, "tessellate": -1, "extrude": 0, "visibility": -1, "drawOrder": null, "icon": null }, "geometry": { "type": "Point", "coordinates": [ 80.25177, 13.0802 ] } },
{ "type": "Feature", "properties": { "name": null, "layer": "schools", "id": null, "Name": null, "description": null, "timestamp": null, "begin": null, "end": null, "altitudeMode": null, "tessellate": -1, "extrude": 0, "visibility": -1, "drawOrder": null, "icon": null }, "geometry": { "type": "Point", "coordinates": [ 80.24644, 13.07786 ] } },
{ "type": "Feature", "properties": { "name": null, "layer": "schools", "id": null, "Name": null, "description": null, "timestamp": null, "begin": null, "end": null, "altitudeMode": null, "tessellate": -1, "extrude": 0, "visibility": -1, "drawOrder": null, "icon": null }, "geometry": { "type": "Point", "coordinates": [ 80.25161, 13.08018 ] } },
{ "type": "Feature", "properties": { "name": null, "layer": "schools", "id": null, "Name": null, "description": null, "timestamp": null, "begin": null, "end": null, "altitudeMode": null, "tessellate": -1, "extrude": 0, "visibility": -1, "drawOrder": null, "icon": null }, "geometry": { "type": "Point", "coordinates": [ 80.25407, 13.08984 ] } },
{ "type": "Feature", "properties": { "name": null, "layer": "schools", "id": null, "Name": null, "description": null, "timestamp": null, "begin": null, "end": null, "altitudeMode": null, "tessellate": -1, "extrude": 0, "visibility": -1, "drawOrder": null, "icon": null }, "geometry": { "type": "Point", "coordinates": [ 80.2442, 13.07501 ] } },
{ "type": "Feature", "properties": { "name": null, "layer": "schools", "id": null, "Name": null, "description": null, "timestamp": null, "begin": null, "end": null, "altitudeMode": null, "tessellate": -1, "extrude": 0, "visibility": -1, "drawOrder": null, "icon": null }, "geometry": { "type": "Point", "coordinates": [ 80.25292, 13.08865 ] } },
{ "type": "Feature", "properties": { "name": null, "layer": "schools", "id": null, "Name": null, "description": null, "timestamp": null, "begin": null, "end": null, "altitudeMode": null, "tessellate": -1, "extrude": 0, "visibility": -1, "drawOrder": null, "icon": null }, "geometry": { "type": "Point", "coordinates": [ 80.25112, 13.08301 ] } },
{ "type": "Feature", "properties": { "name": null, "layer": "schools", "id": null, "Name": null, "description": null, "timestamp": null, "begin": null, "end": null, "altitudeMode": null, "tessellate": -1, "extrude": 0, "visibility": -1, "drawOrder": null, "icon": null }, "geometry": { "type": "Point", "coordinates": [ 80.25485, 13.08447 ] } },
{ "type": "Feature", "properties": { "name": null, "layer": "schools", "id": null, "Name": null, "description": null, "timestamp": null, "begin": null, "end": null, "altitudeMode": null, "tessellate": -1, "extrude": 0, "visibility": -1, "drawOrder": null, "icon": null }, "geometry": { "type": "Point", "coordinates": [ 80.25397, 13.08196 ] } },
{ "type": "Feature", "properties": { "name": null, "layer": "schools", "id": null, "Name": null, "description": null, "timestamp": null, "begin": null, "end": null, "altitudeMode": null, "tessellate": -1, "extrude": 0, "visibility": -1, "drawOrder": null, "icon": null }, "geometry": { "type": "Point", "coordinates": [ 80.25343, 13.08544 ] } },
{ "type": "Feature", "properties": { "name": null, "layer": "schools", "id": null, "Name": null, "description": null, "timestamp": null, "begin": null, "end": null, "altitudeMode": null, "tessellate": -1, "extrude": 0, "visibility": -1, "drawOrder": null, "icon": null }, "geometry": { "type": "Point", "coordinates": [ 80.25507, 13.08281 ] } },
{ "type": "Feature", "properties": { "name": null, "layer": "schools", "id": null, "Name": null, "description": null, "timestamp": null, "begin": null, "end": null, "altitudeMode": null, "tessellate": -1, "extrude": 0, "visibility": -1, "drawOrder": null, "icon": null }, "geometry": { "type": "Point", "coordinates": [ 80.25161, 13.08018 ] } },
{ "type": "Feature", "properties": { "name": null, "layer": "schools", "id": null, "Name": null, "description": null, "timestamp": null, "begin": null, "end": null, "altitudeMode": null, "tessellate": -1, "extrude": 0, "visibility": -1, "drawOrder": null, "icon": null }, "geometry": { "type": "Point", "coordinates": [ 80.25177, 13.0802 ] } },
{ "type": "Feature", "properties": { "name": null, "layer": "schools", "id": null, "Name": null, "description": null, "timestamp": null, "begin": null, "end": null, "altitudeMode": null, "tessellate": -1, "extrude": 0, "visibility": -1, "drawOrder": null, "icon": null }, "geometry": { "type": "Point", "coordinates": [ 80.2442, 13.07501 ] } },
{ "type": "Feature", "properties": { "name": null, "layer": "schools", "id": null, "Name": null, "description": null, "timestamp": null, "begin": null, "end": null, "altitudeMode": null, "tessellate": -1, "extrude": 0, "visibility": -1, "drawOrder": null, "icon": null }, "geometry": { "type": "Point", "coordinates": [ 80.21477, 13.06948 ] } },
{ "type": "Feature", "properties": { "name": null, "layer": "schools", "id": null, "Name": null, "description": null, "timestamp": null, "begin": null, "end": null, "altitudeMode": null, "tessellate": -1, "extrude": 0, "visibility": -1, "drawOrder": null, "icon": null }, "geometry": { "type": "Point", "coordinates": [ 80.2139, 13.07435 ] } },
{ "type": "Feature", "properties": { "name": null, "layer": "schools", "id": null, "Name": null, "description": null, "timestamp": null, "begin": null, "end": null, "altitudeMode": null, "tessellate": -1, "extrude": 0, "visibility": -1, "drawOrder": null, "icon": null }, "geometry": { "type": "Point", "coordinates": [ 80.20613, 13.07362 ] } },
{ "type": "Feature", "properties": { "name": null, "layer": "schools", "id": null, "Name": null, "description": null, "timestamp": null, "begin": null, "end": null, "altitudeMode": null, "tessellate": -1, "extrude": 0, "visibility": -1, "drawOrder": null, "icon": null }, "geometry": { "type": "Point", "coordinates": [ 80.2119, 13.06434 ] } },
{ "type": "Feature", "properties": { "name": null, "layer": "schools", "id": null, "Name": null, "description": null, "timestamp": null, "begin": null, "end": null, "altitudeMode": null, "tessellate": -1, "extrude": 0, "visibility": -1, "drawOrder": null, "icon": null }, "geometry": { "type": "Point", "coordinates": [ 80.208, 13.07528 ] } },
{ "type": "Feature", "properties": { "name": null, "layer": "schools", "id": null, "Name": null, "description": null, "timestamp": null, "begin": null, "end": null, "altitudeMode": null, "tessellate": -1, "extrude": 0, "visibility": -1, "drawOrder": null, "icon": null }, "geometry": { "type": "Point", "coordinates": [ 80.20687, 13.07368 ] } },
{ "type": "Feature", "properties": { "name": null, "layer": "schools", "id": null, "Name": null, "description": null, "timestamp": null, "begin": null, "end": null, "altitudeMode": null, "tessellate": -1, "extrude": 0, "visibility": -1, "drawOrder": null, "icon": null }, "geometry": { "type": "Point", "coordinates": [ 80.20912, 13.0753 ] } },
{ "type": "Feature", "properties": { "name": null, "layer": "schools", "id": null, "Name": null, "description": null, "timestamp": null, "begin": null, "end": null, "altitudeMode": null, "tessellate": -1, "extrude": 0, "visibility": -1, "drawOrder": null, "icon": null }, "geometry": { "type": "Point", "coordinates": [ 80.2137, 13.06757 ] } },
{ "type": "Feature", "properties": { "name": null, "layer": "schools", "id": null, "Name": null, "description": null, "timestamp": null, "begin": null, "end": null, "altitudeMode": null, "tessellate": -1, "extrude": 0, "visibility": -1, "drawOrder": null, "icon": null }, "geometry": { "type": "Point", "coordinates": [ 80.21316, 13.07452 ] } },
{ "type": "Feature", "properties": { "name": null, "layer": "schools", "id": null, "Name": null, "description": null, "timestamp": null, "begin": null, "end": null, "altitudeMode": null, "tessellate": -1, "extrude": 0, "visibility": -1, "drawOrder": null, "icon": null }, "geometry": { "type": "Point", "coordinates": [ 80.208, 13.07522 ] } },
{ "type": "Feature", "properties": { "name": null, "layer": "schools", "id": null, "Name": null, "description": null, "timestamp": null, "begin": null, "end": null, "altitudeMode": null, "tessellate": -1, "extrude": 0, "visibility": -1, "drawOrder": null, "icon": null }, "geometry": { "type": "Point", "coordinates": [ 80.21178, 13.06959 ] } },
{ "type": "Feature", "properties": { "name": null, "layer": "schools", "id": null, "Name": null, "description": null, "timestamp": null, "begin": null, "end": null, "altitudeMode": null, "tessellate": -1, "extrude": 0, "visibility": -1, "drawOrder": null, "icon": null }, "geometry": { "type": "Point", "coordinates": [ 80.22298, 13.06866 ] } },
{ "type": "Feature", "properties": { "name": null, "layer": "schools", "id": null, "Name": null, "description": null, "timestamp": null, "begin": null, "end": null, "altitudeMode": null, "tessellate": -1, "extrude": 0, "visibility": -1, "drawOrder": null, "icon": null }, "geometry": { "type": "Point", "coordinates": [ 80.22318, 13.06919 ] } },
{ "type": "Feature", "properties": { "name": null, "layer": "schools", "id": null, "Name": null, "description": null, "timestamp": null, "begin": null, "end": null, "altitudeMode": null, "tessellate": -1, "extrude": 0, "visibility": -1, "drawOrder": null, "icon": null }, "geometry": { "type": "Point", "coordinates": [ 80.21659, 13.07375 ] } },
{ "type": "Feature", "properties": { "name": null, "layer": "schools", "id": null, "Name": null, "description": null, "timestamp": null, "begin": null, "end": null, "altitudeMode": null, "tessellate": -1, "extrude": 0, "visibility": -1, "drawOrder": null, "icon": null }, "geometry": { "type": "Point", "coordinates": [ 80.22655, 13.06935 ] } },
{ "type": "Feature", "properties": { "name": null, "layer": "schools", "id": null, "Name": null, "description": null, "timestamp": null, "begin": null, "end": null, "altitudeMode": null, "tessellate": -1, "extrude": 0, "visibility": -1, "drawOrder": null, "icon": null }, "geometry": { "type": "Point", "coordinates": [ 80.21673, 13.07294 ] } },
{ "type": "Feature", "properties": { "name": null, "layer": "schools", "id": null, "Name": null, "description": null, "timestamp": null, "begin": null, "end": null, "altitudeMode": null, "tessellate": -1, "extrude": 0, "visibility": -1, "drawOrder": null, "icon": null }, "geometry": { "type": "Point", "coordinates": [ 80.22794, 13.07071 ] } },
{ "type": "Feature", "properties": { "name": null, "layer": "schools", "id": null, "Name": null, "description": null, "timestamp": null, "begin": null, "end": null, "altitudeMode": null, "tessellate": -1, "extrude": 0, "visibility": -1, "drawOrder": null, "icon": null }, "geometry": { "type": "Point", "coordinates": [ 80.22794, 13.07088 ] } },
{ "type": "Feature", "properties": { "name": null, "layer": "schools", "id": null, "Name": null, "description": null, "timestamp": null, "begin": null, "end": null, "altitudeMode": null, "tessellate": -1, "extrude": 0, "visibility": -1, "drawOrder": null, "icon": null }, "geometry": { "type": "Point", "coordinates": [ 80.21655, 13.0735 ] } },
{ "type": "Feature", "properties": { "name": null, "layer": "schools", "id": null, "Name": null, "description": null, "timestamp": null, "begin": null, "end": null, "altitudeMode": null, "tessellate": -1, "extrude": 0, "visibility": -1, "drawOrder": null, "icon": null }, "geometry": { "type": "Point", "coordinates": [ 80.22253, 13.06813 ] } },
{ "type": "Feature", "properties": { "name": null, "layer": "schools", "id": null, "Name": null, "description": null, "timestamp": null, "begin": null, "end": null, "altitudeMode": null, "tessellate": -1, "extrude": 0, "visibility": -1, "drawOrder": null, "icon": null }, "geometry": { "type": "Point", "coordinates": [ 80.21874, 13.06874 ] } },
{ "type": "Feature", "properties": { "name": null, "layer": "schools", "id": null, "Name": null, "description": null, "timestamp": null, "begin": null, "end": null, "altitudeMode": null, "tessellate": -1, "extrude": 0, "visibility": -1, "drawOrder": null, "icon": null }, "geometry": { "type": "Point", "coordinates": [ 80.21959, 13.07213 ] } },
{ "type": "Feature", "properties": { "name": null, "layer": "schools", "id": null, "Name": null, "description": null, "timestamp": null, "begin": null, "end": null, "altitudeMode": null, "tessellate": -1, "extrude": 0, "visibility": -1, "drawOrder": null, "icon": null }, "geometry": { "type": "Point", "coordinates": [ 80.23604, 13.07328 ] } },
{ "type": "Feature", "properties": { "name": null, "layer": "schools", "id": null, "Name": null, "description": null, "timestamp": null, "begin": null, "end": null, "altitudeMode": null, "tessellate": -1, "extrude": 0, "visibility": -1, "drawOrder": null, "icon": null }, "geometry": { "type": "Point", "coordinates": [ 80.23712, 13.07369 ] } },
{ "type": "Feature", "properties": { "name": null, "layer": "schools", "id": null, "Name": null, "description": null, "timestamp": null, "begin": null, "end": null, "altitudeMode": null, "tessellate": -1, "extrude": 0, "visibility": -1, "drawOrder": null, "icon": null }, "geometry": { "type": "Point", "coordinates": [ 80.23704, 13.07092 ] } },
{ "type": "Feature", "properties": { "name": null, "layer": "schools", "id": null, "Name": null, "description": null, "timestamp": null, "begin": null, "end": null, "altitudeMode": null, "tessellate": -1, "extrude": 0, "visibility": -1, "drawOrder": null, "icon": null }, "geometry": { "type": "Point", "coordinates": [ 80.23888, 13.07453 ] } },
{ "type": "Feature", "properties": { "name": null, "layer": "schools", "id": null, "Name": null, "description": null, "timestamp": null, "begin": null, "end": null, "altitudeMode": null, "tessellate": -1, "extrude": 0, "visibility": -1, "drawOrder": null, "icon": null }, "geometry": { "type": "Point", "coordinates": [ 80.24175, 13.072 ] } },
{ "type": "Feature", "properties": { "name": null, "layer": "schools", "id": null, "Name": null, "description": null, "timestamp": null, "begin": null, "end": null, "altitudeMode": null, "tessellate": -1, "extrude": 0, "visibility": -1, "drawOrder": null, "icon": null }, "geometry": { "type": "Point", "coordinates": [ 80.24486, 13.072 ] } },
{ "type": "Feature", "properties": { "name": null, "layer": "schools", "id": null, "Name": null, "description": null, "timestamp": null, "begin": null, "end": null, "altitudeMode": null, "tessellate": -1, "extrude": 0, "visibility": -1, "drawOrder": null, "icon": null }, "geometry": { "type": "Point", "coordinates": [ 80.24807, 13.07413 ] } },
{ "type": "Feature", "properties": { "name": null, "layer": "schools", "id": null, "Name": null, "description": null, "timestamp": null, "begin": null, "end": null, "altitudeMode": null, "tessellate": -1, "extrude": 0, "visibility": -1, "drawOrder": null, "icon": null }, "geometry": { "type": "Point", "coordinates": [ 80.24432, 13.07202 ] } },
{ "type": "Feature", "properties": { "name": null, "layer": "schools", "id": null, "Name": null, "description": null, "timestamp": null, "begin": null, "end": null, "altitudeMode": null, "tessellate": -1, "extrude": 0, "visibility": -1, "drawOrder": null, "icon": null }, "geometry": { "type": "Point", "coordinates": [ 80.32687, 13.22725 ] } },
{ "type": "Feature", "properties": { "name": null, "layer": "schools", "id": null, "Name": null, "description": null, "timestamp": null, "begin": null, "end": null, "altitudeMode": null, "tessellate": -1, "extrude": 0, "visibility": -1, "drawOrder": null, "icon": null }, "geometry": { "type": "Point", "coordinates": [ 80.32841, 13.22994 ] } },
{ "type": "Feature", "properties": { "name": null, "layer": "schools", "id": null, "Name": null, "description": null, "timestamp": null, "begin": null, "end": null, "altitudeMode": null, "tessellate": -1, "extrude": 0, "visibility": -1, "drawOrder": null, "icon": null }, "geometry": { "type": "Point", "coordinates": [ 80.31985, 13.22423 ] } },
{ "type": "Feature", "properties": { "name": null, "layer": "schools", "id": null, "Name": null, "description": null, "timestamp": null, "begin": null, "end": null, "altitudeMode": null, "tessellate": -1, "extrude": 0, "visibility": -1, "drawOrder": null, "icon": null }, "geometry": { "type": "Point", "coordinates": [ 80.32576, 13.22974 ] } },
{ "type": "Feature", "properties": { "name": null, "layer": "schools", "id": null, "Name": null, "description": null, "timestamp": null, "begin": null, "end": null, "altitudeMode": null, "tessellate": -1, "extrude": 0, "visibility": -1, "drawOrder": null, "icon": null }, "geometry": { "type": "Point", "coordinates": [ 80.32644, 13.23015 ] } },
{ "type": "Feature", "properties": { "name": null, "layer": "schools", "id": null, "Name": null, "description": null, "timestamp": null, "begin": null, "end": null, "altitudeMode": null, "tessellate": -1, "extrude": 0, "visibility": -1, "drawOrder": null, "icon": null }, "geometry": { "type": "Point", "coordinates": [ 80.32486, 13.22257 ] } },
{ "type": "Feature", "properties": { "name": null, "layer": "schools", "id": null, "Name": null, "description": null, "timestamp": null, "begin": null, "end": null, "altitudeMode": null, "tessellate": -1, "extrude": 0, "visibility": -1, "drawOrder": null, "icon": null }, "geometry": { "type": "Point", "coordinates": [ 80.32615, 13.22029 ] } },
{ "type": "Feature", "properties": { "name": null, "layer": "schools", "id": null, "Name": null, "description": null, "timestamp": null, "begin": null, "end": null, "altitudeMode": null, "tessellate": -1, "extrude": 0, "visibility": -1, "drawOrder": null, "icon": null }, "geometry": { "type": "Point", "coordinates": [ 80.3219, 13.22287 ] } },
{ "type": "Feature", "properties": { "name": null, "layer": "schools", "id": null, "Name": null, "description": null, "timestamp": null, "begin": null, "end": null, "altitudeMode": null, "tessellate": -1, "extrude": 0, "visibility": -1, "drawOrder": null, "icon": null }, "geometry": { "type": "Point", "coordinates": [ 80.32021, 13.22275 ] } },
{ "type": "Feature", "properties": { "name": null, "layer": "schools", "id": null, "Name": null, "description": null, "timestamp": null, "begin": null, "end": null, "altitudeMode": null, "tessellate": -1, "extrude": 0, "visibility": -1, "drawOrder": null, "icon": null }, "geometry": { "type": "Point", "coordinates": [ 80.32037, 13.2225 ] } },
{ "type": "Feature", "properties": { "name": null, "layer": "schools", "id": null, "Name": null, "description": null, "timestamp": null, "begin": null, "end": null, "altitudeMode": null, "tessellate": -1, "extrude": 0, "visibility": -1, "drawOrder": null, "icon": null }, "geometry": { "type": "Point", "coordinates": [ 80.32176, 13.22543 ] } },
{ "type": "Feature", "properties": { "name": null, "layer": "schools", "id": null, "Name": null, "description": null, "timestamp": null, "begin": null, "end": null, "altitudeMode": null, "tessellate": -1, "extrude": 0, "visibility": -1, "drawOrder": null, "icon": null }, "geometry": { "type": "Point", "coordinates": [ 80.29696, 13.15931 ] } },
{ "type": "Feature", "properties": { "name": null, "layer": "schools", "id": null, "Name": null, "description": null, "timestamp": null, "begin": null, "end": null, "altitudeMode": null, "tessellate": -1, "extrude": 0, "visibility": -1, "drawOrder": null, "icon": null }, "geometry": { "type": "Point", "coordinates": [ 80.29716, 13.15922 ] } },
{ "type": "Feature", "properties": { "name": null, "layer": "schools", "id": null, "Name": null, "description": null, "timestamp": null, "begin": null, "end": null, "altitudeMode": null, "tessellate": -1, "extrude": 0, "visibility": -1, "drawOrder": null, "icon": null }, "geometry": { "type": "Point", "coordinates": [ 80.29924, 13.1627 ] } },
{ "type": "Feature", "properties": { "name": null, "layer": "schools", "id": null, "Name": null, "description": null, "timestamp": null, "begin": null, "end": null, "altitudeMode": null, "tessellate": -1, "extrude": 0, "visibility": -1, "drawOrder": null, "icon": null }, "geometry": { "type": "Point", "coordinates": [ 80.30141, 13.15996 ] } },
{ "type": "Feature", "properties": { "name": null, "layer": "schools", "id": null, "Name": null, "description": null, "timestamp": null, "begin": null, "end": null, "altitudeMode": null, "tessellate": -1, "extrude": 0, "visibility": -1, "drawOrder": null, "icon": null }, "geometry": { "type": "Point", "coordinates": [ 80.30164, 13.16097 ] } },
{ "type": "Feature", "properties": { "name": null, "layer": "schools", "id": null, "Name": null, "description": null, "timestamp": null, "begin": null, "end": null, "altitudeMode": null, "tessellate": -1, "extrude": 0, "visibility": -1, "drawOrder": null, "icon": null }, "geometry": { "type": "Point", "coordinates": [ 80.30148, 13.15907 ] } },
{ "type": "Feature", "properties": { "name": null, "layer": "schools", "id": null, "Name": null, "description": null, "timestamp": null, "begin": null, "end": null, "altitudeMode": null, "tessellate": -1, "extrude": 0, "visibility": -1, "drawOrder": null, "icon": null }, "geometry": { "type": "Point", "coordinates": [ 80.30083, 13.16134 ] } },
{ "type": "Feature", "properties": { "name": null, "layer": "schools", "id": null, "Name": null, "description": null, "timestamp": null, "begin": null, "end": null, "altitudeMode": null, "tessellate": -1, "extrude": 0, "visibility": -1, "drawOrder": null, "icon": null }, "geometry": { "type": "Point", "coordinates": [ 80.30075, 13.16073 ] } },
{ "type": "Feature", "properties": { "name": null, "layer": "schools", "id": null, "Name": null, "description": null, "timestamp": null, "begin": null, "end": null, "altitudeMode": null, "tessellate": -1, "extrude": 0, "visibility": -1, "drawOrder": null, "icon": null }, "geometry": { "type": "Point", "coordinates": [ 80.30093, 13.16097 ] } },
{ "type": "Feature", "properties": { "name": null, "layer": "schools", "id": null, "Name": null, "description": null, "timestamp": null, "begin": null, "end": null, "altitudeMode": null, "tessellate": -1, "extrude": 0, "visibility": -1, "drawOrder": null, "icon": null }, "geometry": { "type": "Point", "coordinates": [ 80.29707, 13.15949 ] } },
{ "type": "Feature", "properties": { "name": null, "layer": "schools", "id": null, "Name": null, "description": null, "timestamp": null, "begin": null, "end": null, "altitudeMode": null, "tessellate": -1, "extrude": 0, "visibility": -1, "drawOrder": null, "icon": null }, "geometry": { "type": "Point", "coordinates": [ 80.30073, 13.16625 ] } },
{ "type": "Feature", "properties": { "name": null, "layer": "schools", "id": null, "Name": null, "description": null, "timestamp": null, "begin": null, "end": null, "altitudeMode": null, "tessellate": -1, "extrude": 0, "visibility": -1, "drawOrder": null, "icon": null }, "geometry": { "type": "Point", "coordinates": [ 80.21418, 13.08944 ] } },
{ "type": "Feature", "properties": { "name": null, "layer": "schools", "id": null, "Name": null, "description": null, "timestamp": null, "begin": null, "end": null, "altitudeMode": null, "tessellate": -1, "extrude": 0, "visibility": -1, "drawOrder": null, "icon": null }, "geometry": { "type": "Point", "coordinates": [ 80.20991, 13.07993 ] } },
{ "type": "Feature", "properties": { "name": null, "layer": "schools", "id": null, "Name": null, "description": null, "timestamp": null, "begin": null, "end": null, "altitudeMode": null, "tessellate": -1, "extrude": 0, "visibility": -1, "drawOrder": null, "icon": null }, "geometry": { "type": "Point", "coordinates": [ 80.20988, 13.08009 ] } },
{ "type": "Feature", "properties": { "name": null, "layer": "schools", "id": null, "Name": null, "description": null, "timestamp": null, "begin": null, "end": null, "altitudeMode": null, "tessellate": -1, "extrude": 0, "visibility": -1, "drawOrder": null, "icon": null }, "geometry": { "type": "Point", "coordinates": [ 80.2094, 13.08772 ] } },
{ "type": "Feature", "properties": { "name": null, "layer": "schools", "id": null, "Name": null, "description": null, "timestamp": null, "begin": null, "end": null, "altitudeMode": null, "tessellate": -1, "extrude": 0, "visibility": -1, "drawOrder": null, "icon": null }, "geometry": { "type": "Point", "coordinates": [ 80.21182, 13.08357 ] } },
{ "type": "Feature", "properties": { "name": null, "layer": "schools", "id": null, "Name": null, "description": null, "timestamp": null, "begin": null, "end": null, "altitudeMode": null, "tessellate": -1, "extrude": 0, "visibility": -1, "drawOrder": null, "icon": null }, "geometry": { "type": "Point", "coordinates": [ 80.21463, 13.08052 ] } },
{ "type": "Feature", "properties": { "name": null, "layer": "schools", "id": null, "Name": null, "description": null, "timestamp": null, "begin": null, "end": null, "altitudeMode": null, "tessellate": -1, "extrude": 0, "visibility": -1, "drawOrder": null, "icon": null }, "geometry": { "type": "Point", "coordinates": [ 80.21708, 13.07996 ] } },
{ "type": "Feature", "properties": { "name": null, "layer": "schools", "id": null, "Name": null, "description": null, "timestamp": null, "begin": null, "end": null, "altitudeMode": null, "tessellate": -1, "extrude": 0, "visibility": -1, "drawOrder": null, "icon": null }, "geometry": { "type": "Point", "coordinates": [ 80.21614, 13.07566 ] } },
{ "type": "Feature", "properties": { "name": null, "layer": "schools", "id": null, "Name": null, "description": null, "timestamp": null, "begin": null, "end": null, "altitudeMode": null, "tessellate": -1, "extrude": 0, "visibility": -1, "drawOrder": null, "icon": null }, "geometry": { "type": "Point", "coordinates": [ 80.22223, 13.07948 ] } },
{ "type": "Feature", "properties": { "name": null, "layer": "schools", "id": null, "Name": null, "description": null, "timestamp": null, "begin": null, "end": null, "altitudeMode": null, "tessellate": -1, "extrude": 0, "visibility": -1, "drawOrder": null, "icon": null }, "geometry": { "type": "Point", "coordinates": [ 80.22338, 13.08035 ] } },
{ "type": "Feature", "properties": { "name": null, "layer": "schools", "id": null, "Name": null, "description": null, "timestamp": null, "begin": null, "end": null, "altitudeMode": null, "tessellate": -1, "extrude": 0, "visibility": -1, "drawOrder": null, "icon": null }, "geometry": { "type": "Point", "coordinates": [ 80.22306, 13.08571 ] } },
{ "type": "Feature", "properties": { "name": null, "layer": "schools", "id": null, "Name": null, "description": null, "timestamp": null, "begin": null, "end": null, "altitudeMode": null, "tessellate": -1, "extrude": 0, "visibility": -1, "drawOrder": null, "icon": null }, "geometry": { "type": "Point", "coordinates": [ 80.2232, 13.07931 ] } },
{ "type": "Feature", "properties": { "name": null, "layer": "schools", "id": null, "Name": null, "description": null, "timestamp": null, "begin": null, "end": null, "altitudeMode": null, "tessellate": -1, "extrude": 0, "visibility": -1, "drawOrder": null, "icon": null }, "geometry": { "type": "Point", "coordinates": [ 80.21858, 13.09248 ] } },
{ "type": "Feature", "properties": { "name": null, "layer": "schools", "id": null, "Name": null, "description": null, "timestamp": null, "begin": null, "end": null, "altitudeMode": null, "tessellate": -1, "extrude": 0, "visibility": -1, "drawOrder": null, "icon": null }, "geometry": { "type": "Point", "coordinates": [ 80.2265, 13.07483 ] } },
{ "type": "Feature", "properties": { "name": null, "layer": "schools", "id": null, "Name": null, "description": null, "timestamp": null, "begin": null, "end": null, "altitudeMode": null, "tessellate": -1, "extrude": 0, "visibility": -1, "drawOrder": null, "icon": null }, "geometry": { "type": "Point", "coordinates": [ 80.22922, 13.07923 ] } },
{ "type": "Feature", "properties": { "name": null, "layer": "schools", "id": null, "Name": null, "description": null, "timestamp": null, "begin": null, "end": null, "altitudeMode": null, "tessellate": -1, "extrude": 0, "visibility": -1, "drawOrder": null, "icon": null }, "geometry": { "type": "Point", "coordinates": [ 80.22789, 13.09068 ] } },
{ "type": "Feature", "properties": { "name": null, "layer": "schools", "id": null, "Name": null, "description": null, "timestamp": null, "begin": null, "end": null, "altitudeMode": null, "tessellate": -1, "extrude": 0, "visibility": -1, "drawOrder": null, "icon": null }, "geometry": { "type": "Point", "coordinates": [ 80.22433, 13.07398 ] } },
{ "type": "Feature", "properties": { "name": null, "layer": "schools", "id": null, "Name": null, "description": null, "timestamp": null, "begin": null, "end": null, "altitudeMode": null, "tessellate": -1, "extrude": 0, "visibility": -1, "drawOrder": null, "icon": null }, "geometry": { "type": "Point", "coordinates": [ 80.22669, 13.07538 ] } },
{ "type": "Feature", "properties": { "name": null, "layer": "schools", "id": null, "Name": null, "description": null, "timestamp": null, "begin": null, "end": null, "altitudeMode": null, "tessellate": -1, "extrude": 0, "visibility": -1, "drawOrder": null, "icon": null }, "geometry": { "type": "Point", "coordinates": [ 80.23104, 13.0849 ] } },
{ "type": "Feature", "properties": { "name": null, "layer": "schools", "id": null, "Name": null, "description": null, "timestamp": null, "begin": null, "end": null, "altitudeMode": null, "tessellate": -1, "extrude": 0, "visibility": -1, "drawOrder": null, "icon": null }, "geometry": { "type": "Point", "coordinates": [ 80.22377, 13.07649 ] } },
{ "type": "Feature", "properties": { "name": null, "layer": "schools", "id": null, "Name": null, "description": null, "timestamp": null, "begin": null, "end": null, "altitudeMode": null, "tessellate": -1, "extrude": 0, "visibility": -1, "drawOrder": null, "icon": null }, "geometry": { "type": "Point", "coordinates": [ 80.22673, 13.08235 ] } },
{ "type": "Feature", "properties": { "name": null, "layer": "schools", "id": null, "Name": null, "description": null, "timestamp": null, "begin": null, "end": null, "altitudeMode": null, "tessellate": -1, "extrude": 0, "visibility": -1, "drawOrder": null, "icon": null }, "geometry": { "type": "Point", "coordinates": [ 80.23897, 13.08118 ] } },
{ "type": "Feature", "properties": { "name": null, "layer": "schools", "id": null, "Name": null, "description": null, "timestamp": null, "begin": null, "end": null, "altitudeMode": null, "tessellate": -1, "extrude": 0, "visibility": -1, "drawOrder": null, "icon": null }, "geometry": { "type": "Point", "coordinates": [ 80.23864, 13.08314 ] } },
{ "type": "Feature", "properties": { "name": null, "layer": "schools", "id": null, "Name": null, "description": null, "timestamp": null, "begin": null, "end": null, "altitudeMode": null, "tessellate": -1, "extrude": 0, "visibility": -1, "drawOrder": null, "icon": null }, "geometry": { "type": "Point", "coordinates": [ 80.24926, 13.08164 ] } },
{ "type": "Feature", "properties": { "name": null, "layer": "schools", "id": null, "Name": null, "description": null, "timestamp": null, "begin": null, "end": null, "altitudeMode": null, "tessellate": -1, "extrude": 0, "visibility": -1, "drawOrder": null, "icon": null }, "geometry": { "type": "Point", "coordinates": [ 80.2396, 13.07954 ] } },
{ "type": "Feature", "properties": { "name": null, "layer": "schools", "id": null, "Name": null, "description": null, "timestamp": null, "begin": null, "end": null, "altitudeMode": null, "tessellate": -1, "extrude": 0, "visibility": -1, "drawOrder": null, "icon": null }, "geometry": { "type": "Point", "coordinates": [ 80.24389, 13.08572 ] } },
{ "type": "Feature", "properties": { "name": null, "layer": "schools", "id": null, "Name": null, "description": null, "timestamp": null, "begin": null, "end": null, "altitudeMode": null, "tessellate": -1, "extrude": 0, "visibility": -1, "drawOrder": null, "icon": null }, "geometry": { "type": "Point", "coordinates": [ 80.23559, 13.08145 ] } },
{ "type": "Feature", "properties": { "name": null, "layer": "schools", "id": null, "Name": null, "description": null, "timestamp": null, "begin": null, "end": null, "altitudeMode": null, "tessellate": -1, "extrude": 0, "visibility": -1, "drawOrder": null, "icon": null }, "geometry": { "type": "Point", "coordinates": [ 80.24613, 13.0797 ] } },
{ "type": "Feature", "properties": { "name": null, "layer": "schools", "id": null, "Name": null, "description": null, "timestamp": null, "begin": null, "end": null, "altitudeMode": null, "tessellate": -1, "extrude": 0, "visibility": -1, "drawOrder": null, "icon": null }, "geometry": { "type": "Point", "coordinates": [ 80.24591, 13.08213 ] } },
{ "type": "Feature", "properties": { "name": null, "layer": "schools", "id": null, "Name": null, "description": null, "timestamp": null, "begin": null, "end": null, "altitudeMode": null, "tessellate": -1, "extrude": 0, "visibility": -1, "drawOrder": null, "icon": null }, "geometry": { "type": "Point", "coordinates": [ 80.2493, 13.0861 ] } },
{ "type": "Feature", "properties": { "name": null, "layer": "schools", "id": null, "Name": null, "description": null, "timestamp": null, "begin": null, "end": null, "altitudeMode": null, "tessellate": -1, "extrude": 0, "visibility": -1, "drawOrder": null, "icon": null }, "geometry": { "type": "Point", "coordinates": [ 80.23596, 13.08235 ] } },
{ "type": "Feature", "properties": { "name": null, "layer": "schools", "id": null, "Name": null, "description": null, "timestamp": null, "begin": null, "end": null, "altitudeMode": null, "tessellate": -1, "extrude": 0, "visibility": -1, "drawOrder": null, "icon": null }, "geometry": { "type": "Point", "coordinates": [ 80.23125, 13.07606 ] } },
{ "type": "Feature", "properties": { "name": null, "layer": "schools", "id": null, "Name": null, "description": null, "timestamp": null, "begin": null, "end": null, "altitudeMode": null, "tessellate": -1, "extrude": 0, "visibility": -1, "drawOrder": null, "icon": null }, "geometry": { "type": "Point", "coordinates": [ 80.24048, 13.08388 ] } },
{ "type": "Feature", "properties": { "name": null, "layer": "schools", "id": null, "Name": null, "description": null, "timestamp": null, "begin": null, "end": null, "altitudeMode": null, "tessellate": -1, "extrude": 0, "visibility": -1, "drawOrder": null, "icon": null }, "geometry": { "type": "Point", "coordinates": [ 80.23131, 13.08182 ] } },
{ "type": "Feature", "properties": { "name": null, "layer": "schools", "id": null, "Name": null, "description": null, "timestamp": null, "begin": null, "end": null, "altitudeMode": null, "tessellate": -1, "extrude": 0, "visibility": -1, "drawOrder": null, "icon": null }, "geometry": { "type": "Point", "coordinates": [ 80.23793, 13.07778 ] } },
{ "type": "Feature", "properties": { "name": null, "layer": "schools", "id": null, "Name": null, "description": null, "timestamp": null, "begin": null, "end": null, "altitudeMode": null, "tessellate": -1, "extrude": 0, "visibility": -1, "drawOrder": null, "icon": null }, "geometry": { "type": "Point", "coordinates": [ 80.24615, 13.07917 ] } },
{ "type": "Feature", "properties": { "name": null, "layer": "schools", "id": null, "Name": null, "description": null, "timestamp": null, "begin": null, "end": null, "altitudeMode": null, "tessellate": -1, "extrude": 0, "visibility": -1, "drawOrder": null, "icon": null }, "geometry": { "type": "Point", "coordinates": [ 80.24056, 13.08445 ] } },
{ "type": "Feature", "properties": { "name": null, "layer": "schools", "id": null, "Name": null, "description": null, "timestamp": null, "begin": null, "end": null, "altitudeMode": null, "tessellate": -1, "extrude": 0, "visibility": -1, "drawOrder": null, "icon": null }, "geometry": { "type": "Point", "coordinates": [ 80.23596, 13.08235 ] } },
{ "type": "Feature", "properties": { "name": null, "layer": "schools", "id": null, "Name": null, "description": null, "timestamp": null, "begin": null, "end": null, "altitudeMode": null, "tessellate": -1, "extrude": 0, "visibility": -1, "drawOrder": null, "icon": null }, "geometry": { "type": "Point", "coordinates": [ 80.24374, 13.08396 ] } },
{ "type": "Feature", "properties": { "name": null, "layer": "schools", "id": null, "Name": null, "description": null, "timestamp": null, "begin": null, "end": null, "altitudeMode": null, "tessellate": -1, "extrude": 0, "visibility": -1, "drawOrder": null, "icon": null }, "geometry": { "type": "Point", "coordinates": [ 80.23889, 13.07816 ] } },
{ "type": "Feature", "properties": { "name": null, "layer": "schools", "id": null, "Name": null, "description": null, "timestamp": null, "begin": null, "end": null, "altitudeMode": null, "tessellate": -1, "extrude": 0, "visibility": -1, "drawOrder": null, "icon": null }, "geometry": { "type": "Point", "coordinates": [ 80.24598, 13.08199 ] } },
{ "type": "Feature", "properties": { "name": null, "layer": "schools", "id": null, "Name": null, "description": null, "timestamp": null, "begin": null, "end": null, "altitudeMode": null, "tessellate": -1, "extrude": 0, "visibility": -1, "drawOrder": null, "icon": null }, "geometry": { "type": "Point", "coordinates": [ 80.25596, 13.08421 ] } },
{ "type": "Feature", "properties": { "name": null, "layer": "schools", "id": null, "Name": null, "description": null, "timestamp": null, "begin": null, "end": null, "altitudeMode": null, "tessellate": -1, "extrude": 0, "visibility": -1, "drawOrder": null, "icon": null }, "geometry": { "type": "Point", "coordinates": [ 80.24611, 13.07625 ] } },
{ "type": "Feature", "properties": { "name": null, "layer": "schools", "id": null, "Name": null, "description": null, "timestamp": null, "begin": null, "end": null, "altitudeMode": null, "tessellate": -1, "extrude": 0, "visibility": -1, "drawOrder": null, "icon": null }, "geometry": { "type": "Point", "coordinates": [ 80.26184, 13.05719 ] } },
{ "type": "Feature", "properties": { "name": null, "layer": "schools", "id": null, "Name": null, "description": null, "timestamp": null, "begin": null, "end": null, "altitudeMode": null, "tessellate": -1, "extrude": 0, "visibility": -1, "drawOrder": null, "icon": null }, "geometry": { "type": "Point", "coordinates": [ 80.26469, 13.05766 ] } },
{ "type": "Feature", "properties": { "name": null, "layer": "schools", "id": null, "Name": null, "description": null, "timestamp": null, "begin": null, "end": null, "altitudeMode": null, "tessellate": -1, "extrude": 0, "visibility": -1, "drawOrder": null, "icon": null }, "geometry": { "type": "Point", "coordinates": [ 80.26161, 13.05456 ] } },
{ "type": "Feature", "properties": { "name": null, "layer": "schools", "id": null, "Name": null, "description": null, "timestamp": null, "begin": null, "end": null, "altitudeMode": null, "tessellate": -1, "extrude": 0, "visibility": -1, "drawOrder": null, "icon": null }, "geometry": { "type": "Point", "coordinates": [ 80.27033, 13.0554 ] } },
{ "type": "Feature", "properties": { "name": null, "layer": "schools", "id": null, "Name": null, "description": null, "timestamp": null, "begin": null, "end": null, "altitudeMode": null, "tessellate": -1, "extrude": 0, "visibility": -1, "drawOrder": null, "icon": null }, "geometry": { "type": "Point", "coordinates": [ 80.2686, 13.05611 ] } },
{ "type": "Feature", "properties": { "name": null, "layer": "schools", "id": null, "Name": null, "description": null, "timestamp": null, "begin": null, "end": null, "altitudeMode": null, "tessellate": -1, "extrude": 0, "visibility": -1, "drawOrder": null, "icon": null }, "geometry": { "type": "Point", "coordinates": [ 80.27367, 13.05472 ] } },
{ "type": "Feature", "properties": { "name": null, "layer": "schools", "id": null, "Name": null, "description": null, "timestamp": null, "begin": null, "end": null, "altitudeMode": null, "tessellate": -1, "extrude": 0, "visibility": -1, "drawOrder": null, "icon": null }, "geometry": { "type": "Point", "coordinates": [ 80.27278, 13.05544 ] } },
{ "type": "Feature", "properties": { "name": null, "layer": "schools", "id": null, "Name": null, "description": null, "timestamp": null, "begin": null, "end": null, "altitudeMode": null, "tessellate": -1, "extrude": 0, "visibility": -1, "drawOrder": null, "icon": null }, "geometry": { "type": "Point", "coordinates": [ 80.27289, 13.05305 ] } },
{ "type": "Feature", "properties": { "name": null, "layer": "schools", "id": null, "Name": null, "description": null, "timestamp": null, "begin": null, "end": null, "altitudeMode": null, "tessellate": -1, "extrude": 0, "visibility": -1, "drawOrder": null, "icon": null }, "geometry": { "type": "Point", "coordinates": [ 80.27293, 13.05305 ] } },
{ "type": "Feature", "properties": { "name": null, "layer": "schools", "id": null, "Name": null, "description": null, "timestamp": null, "begin": null, "end": null, "altitudeMode": null, "tessellate": -1, "extrude": 0, "visibility": -1, "drawOrder": null, "icon": null }, "geometry": { "type": "Point", "coordinates": [ 80.2676, 13.05519 ] } },
{ "type": "Feature", "properties": { "name": null, "layer": "schools", "id": null, "Name": null, "description": null, "timestamp": null, "begin": null, "end": null, "altitudeMode": null, "tessellate": -1, "extrude": 0, "visibility": -1, "drawOrder": null, "icon": null }, "geometry": { "type": "Point", "coordinates": [ 80.2723, 13.05469 ] } },
{ "type": "Feature", "properties": { "name": null, "layer": "schools", "id": null, "Name": null, "description": null, "timestamp": null, "begin": null, "end": null, "altitudeMode": null, "tessellate": -1, "extrude": 0, "visibility": -1, "drawOrder": null, "icon": null }, "geometry": { "type": "Point", "coordinates": [ 80.26989, 13.05644 ] } },
{ "type": "Feature", "properties": { "name": null, "layer": "schools", "id": null, "Name": null, "description": null, "timestamp": null, "begin": null, "end": null, "altitudeMode": null, "tessellate": -1, "extrude": 0, "visibility": -1, "drawOrder": null, "icon": null }, "geometry": { "type": "Point", "coordinates": [ 80.26461, 13.05739 ] } },
{ "type": "Feature", "properties": { "name": null, "layer": "schools", "id": null, "Name": null, "description": null, "timestamp": null, "begin": null, "end": null, "altitudeMode": null, "tessellate": -1, "extrude": 0, "visibility": -1, "drawOrder": null, "icon": null }, "geometry": { "type": "Point", "coordinates": [ 80.27842, 13.05402 ] } },
{ "type": "Feature", "properties": { "name": null, "layer": "schools", "id": null, "Name": null, "description": null, "timestamp": null, "begin": null, "end": null, "altitudeMode": null, "tessellate": -1, "extrude": 0, "visibility": -1, "drawOrder": null, "icon": null }, "geometry": { "type": "Point", "coordinates": [ 80.27527, 13.0567 ] } },
{ "type": "Feature", "properties": { "name": null, "layer": "schools", "id": null, "Name": null, "description": null, "timestamp": null, "begin": null, "end": null, "altitudeMode": null, "tessellate": -1, "extrude": 0, "visibility": -1, "drawOrder": null, "icon": null }, "geometry": { "type": "Point", "coordinates": [ 80.27918, 13.05618 ] } },
{ "type": "Feature", "properties": { "name": null, "layer": "schools", "id": null, "Name": null, "description": null, "timestamp": null, "begin": null, "end": null, "altitudeMode": null, "tessellate": -1, "extrude": 0, "visibility": -1, "drawOrder": null, "icon": null }, "geometry": { "type": "Point", "coordinates": [ 80.27536, 13.05599 ] } },
{ "type": "Feature", "properties": { "name": null, "layer": "schools", "id": null, "Name": null, "description": null, "timestamp": null, "begin": null, "end": null, "altitudeMode": null, "tessellate": -1, "extrude": 0, "visibility": -1, "drawOrder": null, "icon": null }, "geometry": { "type": "Point", "coordinates": [ 80.2743, 13.0527 ] } },
{ "type": "Feature", "properties": { "name": null, "layer": "schools", "id": null, "Name": null, "description": null, "timestamp": null, "begin": null, "end": null, "altitudeMode": null, "tessellate": -1, "extrude": 0, "visibility": -1, "drawOrder": null, "icon": null }, "geometry": { "type": "Point", "coordinates": [ 80.2749, 13.05503 ] } },
{ "type": "Feature", "properties": { "name": null, "layer": "schools", "id": null, "Name": null, "description": null, "timestamp": null, "begin": null, "end": null, "altitudeMode": null, "tessellate": -1, "extrude": 0, "visibility": -1, "drawOrder": null, "icon": null }, "geometry": { "type": "Point", "coordinates": [ 80.27564, 13.05748 ] } },
{ "type": "Feature", "properties": { "name": null, "layer": "schools", "id": null, "Name": null, "description": null, "timestamp": null, "begin": null, "end": null, "altitudeMode": null, "tessellate": -1, "extrude": 0, "visibility": -1, "drawOrder": null, "icon": null }, "geometry": { "type": "Point", "coordinates": [ 80.27526, 13.05251 ] } },
{ "type": "Feature", "properties": { "name": null, "layer": "schools", "id": null, "Name": null, "description": null, "timestamp": null, "begin": null, "end": null, "altitudeMode": null, "tessellate": -1, "extrude": 0, "visibility": -1, "drawOrder": null, "icon": null }, "geometry": { "type": "Point", "coordinates": [ 80.27767, 13.05652 ] } },
{ "type": "Feature", "properties": { "name": null, "layer": "schools", "id": null, "Name": null, "description": null, "timestamp": null, "begin": null, "end": null, "altitudeMode": null, "tessellate": -1, "extrude": 0, "visibility": -1, "drawOrder": null, "icon": null }, "geometry": { "type": "Point", "coordinates": [ 80.27771, 13.05278 ] } },
{ "type": "Feature", "properties": { "name": null, "layer": "schools", "id": null, "Name": null, "description": null, "timestamp": null, "begin": null, "end": null, "altitudeMode": null, "tessellate": -1, "extrude": 0, "visibility": -1, "drawOrder": null, "icon": null }, "geometry": { "type": "Point", "coordinates": [ 80.24537, 13.04507 ] } },
{ "type": "Feature", "properties": { "name": null, "layer": "schools", "id": null, "Name": null, "description": null, "timestamp": null, "begin": null, "end": null, "altitudeMode": null, "tessellate": -1, "extrude": 0, "visibility": -1, "drawOrder": null, "icon": null }, "geometry": { "type": "Point", "coordinates": [ 80.2481, 13.04593 ] } },
{ "type": "Feature", "properties": { "name": null, "layer": "schools", "id": null, "Name": null, "description": null, "timestamp": null, "begin": null, "end": null, "altitudeMode": null, "tessellate": -1, "extrude": 0, "visibility": -1, "drawOrder": null, "icon": null }, "geometry": { "type": "Point", "coordinates": [ 80.24525, 13.04771 ] } },
{ "type": "Feature", "properties": { "name": null, "layer": "schools", "id": null, "Name": null, "description": null, "timestamp": null, "begin": null, "end": null, "altitudeMode": null, "tessellate": -1, "extrude": 0, "visibility": -1, "drawOrder": null, "icon": null }, "geometry": { "type": "Point", "coordinates": [ 80.246, 13.04724 ] } },
{ "type": "Feature", "properties": { "name": null, "layer": "schools", "id": null, "Name": null, "description": null, "timestamp": null, "begin": null, "end": null, "altitudeMode": null, "tessellate": -1, "extrude": 0, "visibility": -1, "drawOrder": null, "icon": null }, "geometry": { "type": "Point", "coordinates": [ 80.24552, 13.03997 ] } },
{ "type": "Feature", "properties": { "name": null, "layer": "schools", "id": null, "Name": null, "description": null, "timestamp": null, "begin": null, "end": null, "altitudeMode": null, "tessellate": -1, "extrude": 0, "visibility": -1, "drawOrder": null, "icon": null }, "geometry": { "type": "Point", "coordinates": [ 80.2457, 13.04083 ] } },
{ "type": "Feature", "properties": { "name": null, "layer": "schools", "id": null, "Name": null, "description": null, "timestamp": null, "begin": null, "end": null, "altitudeMode": null, "tessellate": -1, "extrude": 0, "visibility": -1, "drawOrder": null, "icon": null }, "geometry": { "type": "Point", "coordinates": [ 80.23915, 13.03256 ] } },
{ "type": "Feature", "properties": { "name": null, "layer": "schools", "id": null, "Name": null, "description": null, "timestamp": null, "begin": null, "end": null, "altitudeMode": null, "tessellate": -1, "extrude": 0, "visibility": -1, "drawOrder": null, "icon": null }, "geometry": { "type": "Point", "coordinates": [ 80.2451, 13.04746 ] } },
{ "type": "Feature", "properties": { "name": null, "layer": "schools", "id": null, "Name": null, "description": null, "timestamp": null, "begin": null, "end": null, "altitudeMode": null, "tessellate": -1, "extrude": 0, "visibility": -1, "drawOrder": null, "icon": null }, "geometry": { "type": "Point", "coordinates": [ 80.24535, 13.0434 ] } },
{ "type": "Feature", "properties": { "name": null, "layer": "schools", "id": null, "Name": null, "description": null, "timestamp": null, "begin": null, "end": null, "altitudeMode": null, "tessellate": -1, "extrude": 0, "visibility": -1, "drawOrder": null, "icon": null }, "geometry": { "type": "Point", "coordinates": [ 80.24588, 13.04047 ] } },
{ "type": "Feature", "properties": { "name": null, "layer": "schools", "id": null, "Name": null, "description": null, "timestamp": null, "begin": null, "end": null, "altitudeMode": null, "tessellate": -1, "extrude": 0, "visibility": -1, "drawOrder": null, "icon": null }, "geometry": { "type": "Point", "coordinates": [ 80.23774, 13.0497 ] } },
{ "type": "Feature", "properties": { "name": null, "layer": "schools", "id": null, "Name": null, "description": null, "timestamp": null, "begin": null, "end": null, "altitudeMode": null, "tessellate": -1, "extrude": 0, "visibility": -1, "drawOrder": null, "icon": null }, "geometry": { "type": "Point", "coordinates": [ 80.2427, 13.04939 ] } },
{ "type": "Feature", "properties": { "name": null, "layer": "schools", "id": null, "Name": null, "description": null, "timestamp": null, "begin": null, "end": null, "altitudeMode": null, "tessellate": -1, "extrude": 0, "visibility": -1, "drawOrder": null, "icon": null }, "geometry": { "type": "Point", "coordinates": [ 80.23919, 13.03515 ] } },
{ "type": "Feature", "properties": { "name": null, "layer": "schools", "id": null, "Name": null, "description": null, "timestamp": null, "begin": null, "end": null, "altitudeMode": null, "tessellate": -1, "extrude": 0, "visibility": -1, "drawOrder": null, "icon": null }, "geometry": { "type": "Point", "coordinates": [ 80.24007, 13.04927 ] } },
{ "type": "Feature", "properties": { "name": null, "layer": "schools", "id": null, "Name": null, "description": null, "timestamp": null, "begin": null, "end": null, "altitudeMode": null, "tessellate": -1, "extrude": 0, "visibility": -1, "drawOrder": null, "icon": null }, "geometry": { "type": "Point", "coordinates": [ 80.24578, 13.03963 ] } },
{ "type": "Feature", "properties": { "name": null, "layer": "schools", "id": null, "Name": null, "description": null, "timestamp": null, "begin": null, "end": null, "altitudeMode": null, "tessellate": -1, "extrude": 0, "visibility": -1, "drawOrder": null, "icon": null }, "geometry": { "type": "Point", "coordinates": [ 80.25815, 13.05329 ] } },
{ "type": "Feature", "properties": { "name": null, "layer": "schools", "id": null, "Name": null, "description": null, "timestamp": null, "begin": null, "end": null, "altitudeMode": null, "tessellate": -1, "extrude": 0, "visibility": -1, "drawOrder": null, "icon": null }, "geometry": { "type": "Point", "coordinates": [ 80.25228, 13.04836 ] } },
{ "type": "Feature", "properties": { "name": null, "layer": "schools", "id": null, "Name": null, "description": null, "timestamp": null, "begin": null, "end": null, "altitudeMode": null, "tessellate": -1, "extrude": 0, "visibility": -1, "drawOrder": null, "icon": null }, "geometry": { "type": "Point", "coordinates": [ 80.24844, 13.04213 ] } },
{ "type": "Feature", "properties": { "name": null, "layer": "schools", "id": null, "Name": null, "description": null, "timestamp": null, "begin": null, "end": null, "altitudeMode": null, "tessellate": -1, "extrude": 0, "visibility": -1, "drawOrder": null, "icon": null }, "geometry": { "type": "Point", "coordinates": [ 80.25822, 13.05129 ] } },
{ "type": "Feature", "properties": { "name": null, "layer": "schools", "id": null, "Name": null, "description": null, "timestamp": null, "begin": null, "end": null, "altitudeMode": null, "tessellate": -1, "extrude": 0, "visibility": -1, "drawOrder": null, "icon": null }, "geometry": { "type": "Point", "coordinates": [ 80.2489, 13.05042 ] } },
{ "type": "Feature", "properties": { "name": null, "layer": "schools", "id": null, "Name": null, "description": null, "timestamp": null, "begin": null, "end": null, "altitudeMode": null, "tessellate": -1, "extrude": 0, "visibility": -1, "drawOrder": null, "icon": null }, "geometry": { "type": "Point", "coordinates": [ 80.25935, 13.0494 ] } },
{ "type": "Feature", "properties": { "name": null, "layer": "schools", "id": null, "Name": null, "description": null, "timestamp": null, "begin": null, "end": null, "altitudeMode": null, "tessellate": -1, "extrude": 0, "visibility": -1, "drawOrder": null, "icon": null }, "geometry": { "type": "Point", "coordinates": [ 80.25805, 13.05129 ] } },
{ "type": "Feature", "properties": { "name": null, "layer": "schools", "id": null, "Name": null, "description": null, "timestamp": null, "begin": null, "end": null, "altitudeMode": null, "tessellate": -1, "extrude": 0, "visibility": -1, "drawOrder": null, "icon": null }, "geometry": { "type": "Point", "coordinates": [ 80.23596, 13.07097 ] } },
{ "type": "Feature", "properties": { "name": null, "layer": "schools", "id": null, "Name": null, "description": null, "timestamp": null, "begin": null, "end": null, "altitudeMode": null, "tessellate": -1, "extrude": 0, "visibility": -1, "drawOrder": null, "icon": null }, "geometry": { "type": "Point", "coordinates": [ 80.24175, 13.072 ] } },
{ "type": "Feature", "properties": { "name": null, "layer": "schools", "id": null, "Name": null, "description": null, "timestamp": null, "begin": null, "end": null, "altitudeMode": null, "tessellate": -1, "extrude": 0, "visibility": -1, "drawOrder": null, "icon": null }, "geometry": { "type": "Point", "coordinates": [ 80.23449, 13.07459 ] } },
{ "type": "Feature", "properties": { "name": null, "layer": "schools", "id": null, "Name": null, "description": null, "timestamp": null, "begin": null, "end": null, "altitudeMode": null, "tessellate": -1, "extrude": 0, "visibility": -1, "drawOrder": null, "icon": null }, "geometry": { "type": "Point", "coordinates": [ 80.23463, 13.07439 ] } },
{ "type": "Feature", "properties": { "name": null, "layer": "schools", "id": null, "Name": null, "description": null, "timestamp": null, "begin": null, "end": null, "altitudeMode": null, "tessellate": -1, "extrude": 0, "visibility": -1, "drawOrder": null, "icon": null }, "geometry": { "type": "Point", "coordinates": [ 80.23915, 13.07507 ] } },
{ "type": "Feature", "properties": { "name": null, "layer": "schools", "id": null, "Name": null, "description": null, "timestamp": null, "begin": null, "end": null, "altitudeMode": null, "tessellate": -1, "extrude": 0, "visibility": -1, "drawOrder": null, "icon": null }, "geometry": { "type": "Point", "coordinates": [ 80.23707, 13.07128 ] } },
{ "type": "Feature", "properties": { "name": null, "layer": "schools", "id": null, "Name": null, "description": null, "timestamp": null, "begin": null, "end": null, "altitudeMode": null, "tessellate": -1, "extrude": 0, "visibility": -1, "drawOrder": null, "icon": null }, "geometry": { "type": "Point", "coordinates": [ 80.24367, 13.07345 ] } },
{ "type": "Feature", "properties": { "name": null, "layer": "schools", "id": null, "Name": null, "description": null, "timestamp": null, "begin": null, "end": null, "altitudeMode": null, "tessellate": -1, "extrude": 0, "visibility": -1, "drawOrder": null, "icon": null }, "geometry": { "type": "Point", "coordinates": [ 80.23821, 13.071 ] } },
{ "type": "Feature", "properties": { "name": null, "layer": "schools", "id": null, "Name": null, "description": null, "timestamp": null, "begin": null, "end": null, "altitudeMode": null, "tessellate": -1, "extrude": 0, "visibility": -1, "drawOrder": null, "icon": null }, "geometry": { "type": "Point", "coordinates": [ 80.23625, 13.07062 ] } },
{ "type": "Feature", "properties": { "name": null, "layer": "schools", "id": null, "Name": null, "description": null, "timestamp": null, "begin": null, "end": null, "altitudeMode": null, "tessellate": -1, "extrude": 0, "visibility": -1, "drawOrder": null, "icon": null }, "geometry": { "type": "Point", "coordinates": [ 80.22007, 13.06186 ] } },
{ "type": "Feature", "properties": { "name": null, "layer": "schools", "id": null, "Name": null, "description": null, "timestamp": null, "begin": null, "end": null, "altitudeMode": null, "tessellate": -1, "extrude": 0, "visibility": -1, "drawOrder": null, "icon": null }, "geometry": { "type": "Point", "coordinates": [ 80.21559, 13.0591 ] } },
{ "type": "Feature", "properties": { "name": null, "layer": "schools", "id": null, "Name": null, "description": null, "timestamp": null, "begin": null, "end": null, "altitudeMode": null, "tessellate": -1, "extrude": 0, "visibility": -1, "drawOrder": null, "icon": null }, "geometry": { "type": "Point", "coordinates": [ 80.21611, 13.06285 ] } },
{ "type": "Feature", "properties": { "name": null, "layer": "schools", "id": null, "Name": null, "description": null, "timestamp": null, "begin": null, "end": null, "altitudeMode": null, "tessellate": -1, "extrude": 0, "visibility": -1, "drawOrder": null, "icon": null }, "geometry": { "type": "Point", "coordinates": [ 80.21466, 13.06683 ] } },
{ "type": "Feature", "properties": { "name": null, "layer": "schools", "id": null, "Name": null, "description": null, "timestamp": null, "begin": null, "end": null, "altitudeMode": null, "tessellate": -1, "extrude": 0, "visibility": -1, "drawOrder": null, "icon": null }, "geometry": { "type": "Point", "coordinates": [ 80.21674, 13.06275 ] } },
{ "type": "Feature", "properties": { "name": null, "layer": "schools", "id": null, "Name": null, "description": null, "timestamp": null, "begin": null, "end": null, "altitudeMode": null, "tessellate": -1, "extrude": 0, "visibility": -1, "drawOrder": null, "icon": null }, "geometry": { "type": "Point", "coordinates": [ 80.21821, 13.06856 ] } },
{ "type": "Feature", "properties": { "name": null, "layer": "schools", "id": null, "Name": null, "description": null, "timestamp": null, "begin": null, "end": null, "altitudeMode": null, "tessellate": -1, "extrude": 0, "visibility": -1, "drawOrder": null, "icon": null }, "geometry": { "type": "Point", "coordinates": [ 80.21684, 13.0687 ] } },
{ "type": "Feature", "properties": { "name": null, "layer": "schools", "id": null, "Name": null, "description": null, "timestamp": null, "begin": null, "end": null, "altitudeMode": null, "tessellate": -1, "extrude": 0, "visibility": -1, "drawOrder": null, "icon": null }, "geometry": { "type": "Point", "coordinates": [ 80.21506, 13.0653 ] } },
{ "type": "Feature", "properties": { "name": null, "layer": "schools", "id": null, "Name": null, "description": null, "timestamp": null, "begin": null, "end": null, "altitudeMode": null, "tessellate": -1, "extrude": 0, "visibility": -1, "drawOrder": null, "icon": null }, "geometry": { "type": "Point", "coordinates": [ 80.21558, 13.06612 ] } },
{ "type": "Feature", "properties": { "name": null, "layer": "schools", "id": null, "Name": null, "description": null, "timestamp": null, "begin": null, "end": null, "altitudeMode": null, "tessellate": -1, "extrude": 0, "visibility": -1, "drawOrder": null, "icon": null }, "geometry": { "type": "Point", "coordinates": [ 80.2194, 13.06663 ] } },
{ "type": "Feature", "properties": { "name": null, "layer": "schools", "id": null, "Name": null, "description": null, "timestamp": null, "begin": null, "end": null, "altitudeMode": null, "tessellate": -1, "extrude": 0, "visibility": -1, "drawOrder": null, "icon": null }, "geometry": { "type": "Point", "coordinates": [ 80.21486, 13.06655 ] } },
{ "type": "Feature", "properties": { "name": null, "layer": "schools", "id": null, "Name": null, "description": null, "timestamp": null, "begin": null, "end": null, "altitudeMode": null, "tessellate": -1, "extrude": 0, "visibility": -1, "drawOrder": null, "icon": null }, "geometry": { "type": "Point", "coordinates": [ 80.22168, 13.06206 ] } },
{ "type": "Feature", "properties": { "name": null, "layer": "schools", "id": null, "Name": null, "description": null, "timestamp": null, "begin": null, "end": null, "altitudeMode": null, "tessellate": -1, "extrude": 0, "visibility": -1, "drawOrder": null, "icon": null }, "geometry": { "type": "Point", "coordinates": [ 80.21664, 13.06025 ] } },
{ "type": "Feature", "properties": { "name": null, "layer": "schools", "id": null, "Name": null, "description": null, "timestamp": null, "begin": null, "end": null, "altitudeMode": null, "tessellate": -1, "extrude": 0, "visibility": -1, "drawOrder": null, "icon": null }, "geometry": { "type": "Point", "coordinates": [ 80.21416, 13.06068 ] } },
{ "type": "Feature", "properties": { "name": null, "layer": "schools", "id": null, "Name": null, "description": null, "timestamp": null, "begin": null, "end": null, "altitudeMode": null, "tessellate": -1, "extrude": 0, "visibility": -1, "drawOrder": null, "icon": null }, "geometry": { "type": "Point", "coordinates": [ 80.2203, 13.06239 ] } },
{ "type": "Feature", "properties": { "name": null, "layer": "schools", "id": null, "Name": null, "description": null, "timestamp": null, "begin": null, "end": null, "altitudeMode": null, "tessellate": -1, "extrude": 0, "visibility": -1, "drawOrder": null, "icon": null }, "geometry": { "type": "Point", "coordinates": [ 80.22245, 13.06554 ] } },
{ "type": "Feature", "properties": { "name": null, "layer": "schools", "id": null, "Name": null, "description": null, "timestamp": null, "begin": null, "end": null, "altitudeMode": null, "tessellate": -1, "extrude": 0, "visibility": -1, "drawOrder": null, "icon": null }, "geometry": { "type": "Point", "coordinates": [ 80.21588, 13.06628 ] } },
{ "type": "Feature", "properties": { "name": null, "layer": "schools", "id": null, "Name": null, "description": null, "timestamp": null, "begin": null, "end": null, "altitudeMode": null, "tessellate": -1, "extrude": 0, "visibility": -1, "drawOrder": null, "icon": null }, "geometry": { "type": "Point", "coordinates": [ 80.21228, 13.05858 ] } },
{ "type": "Feature", "properties": { "name": null, "layer": "schools", "id": null, "Name": null, "description": null, "timestamp": null, "begin": null, "end": null, "altitudeMode": null, "tessellate": -1, "extrude": 0, "visibility": -1, "drawOrder": null, "icon": null }, "geometry": { "type": "Point", "coordinates": [ 80.22859, 13.06519 ] } },
{ "type": "Feature", "properties": { "name": null, "layer": "schools", "id": null, "Name": null, "description": null, "timestamp": null, "begin": null, "end": null, "altitudeMode": null, "tessellate": -1, "extrude": 0, "visibility": -1, "drawOrder": null, "icon": null }, "geometry": { "type": "Point", "coordinates": [ 80.22818, 13.06382 ] } },
{ "type": "Feature", "properties": { "name": null, "layer": "schools", "id": null, "Name": null, "description": null, "timestamp": null, "begin": null, "end": null, "altitudeMode": null, "tessellate": -1, "extrude": 0, "visibility": -1, "drawOrder": null, "icon": null }, "geometry": { "type": "Point", "coordinates": [ 80.22963, 13.06282 ] } },
{ "type": "Feature", "properties": { "name": null, "layer": "schools", "id": null, "Name": null, "description": null, "timestamp": null, "begin": null, "end": null, "altitudeMode": null, "tessellate": -1, "extrude": 0, "visibility": -1, "drawOrder": null, "icon": null }, "geometry": { "type": "Point", "coordinates": [ 80.22302, 13.06131 ] } },
{ "type": "Feature", "properties": { "name": null, "layer": "schools", "id": null, "Name": null, "description": null, "timestamp": null, "begin": null, "end": null, "altitudeMode": null, "tessellate": -1, "extrude": 0, "visibility": -1, "drawOrder": null, "icon": null }, "geometry": { "type": "Point", "coordinates": [ 80.22818, 13.06382 ] } },
{ "type": "Feature", "properties": { "name": null, "layer": "schools", "id": null, "Name": null, "description": null, "timestamp": null, "begin": null, "end": null, "altitudeMode": null, "tessellate": -1, "extrude": 0, "visibility": -1, "drawOrder": null, "icon": null }, "geometry": { "type": "Point", "coordinates": [ 80.22493, 13.06544 ] } },
{ "type": "Feature", "properties": { "name": null, "layer": "schools", "id": null, "Name": null, "description": null, "timestamp": null, "begin": null, "end": null, "altitudeMode": null, "tessellate": -1, "extrude": 0, "visibility": -1, "drawOrder": null, "icon": null }, "geometry": { "type": "Point", "coordinates": [ 80.23005, 13.06257 ] } },
{ "type": "Feature", "properties": { "name": null, "layer": "schools", "id": null, "Name": null, "description": null, "timestamp": null, "begin": null, "end": null, "altitudeMode": null, "tessellate": -1, "extrude": 0, "visibility": -1, "drawOrder": null, "icon": null }, "geometry": { "type": "Point", "coordinates": [ 80.22784, 13.0637 ] } },
{ "type": "Feature", "properties": { "name": null, "layer": "schools", "id": null, "Name": null, "description": null, "timestamp": null, "begin": null, "end": null, "altitudeMode": null, "tessellate": -1, "extrude": 0, "visibility": -1, "drawOrder": null, "icon": null }, "geometry": { "type": "Point", "coordinates": [ 80.22802, 13.06322 ] } },
{ "type": "Feature", "properties": { "name": null, "layer": "schools", "id": null, "Name": null, "description": null, "timestamp": null, "begin": null, "end": null, "altitudeMode": null, "tessellate": -1, "extrude": 0, "visibility": -1, "drawOrder": null, "icon": null }, "geometry": { "type": "Point", "coordinates": [ 80.2292, 13.06008 ] } },
{ "type": "Feature", "properties": { "name": null, "layer": "schools", "id": null, "Name": null, "description": null, "timestamp": null, "begin": null, "end": null, "altitudeMode": null, "tessellate": -1, "extrude": 0, "visibility": -1, "drawOrder": null, "icon": null }, "geometry": { "type": "Point", "coordinates": [ 80.30231, 13.1548 ] } },
{ "type": "Feature", "properties": { "name": null, "layer": "schools", "id": null, "Name": null, "description": null, "timestamp": null, "begin": null, "end": null, "altitudeMode": null, "tessellate": -1, "extrude": 0, "visibility": -1, "drawOrder": null, "icon": null }, "geometry": { "type": "Point", "coordinates": [ 80.29976, 13.15244 ] } },
{ "type": "Feature", "properties": { "name": null, "layer": "schools", "id": null, "Name": null, "description": null, "timestamp": null, "begin": null, "end": null, "altitudeMode": null, "tessellate": -1, "extrude": 0, "visibility": -1, "drawOrder": null, "icon": null }, "geometry": { "type": "Point", "coordinates": [ 80.30277, 13.15683 ] } },
{ "type": "Feature", "properties": { "name": null, "layer": "schools", "id": null, "Name": null, "description": null, "timestamp": null, "begin": null, "end": null, "altitudeMode": null, "tessellate": -1, "extrude": 0, "visibility": -1, "drawOrder": null, "icon": null }, "geometry": { "type": "Point", "coordinates": [ 80.30233, 13.15523 ] } },
{ "type": "Feature", "properties": { "name": null, "layer": "schools", "id": null, "Name": null, "description": null, "timestamp": null, "begin": null, "end": null, "altitudeMode": null, "tessellate": -1, "extrude": 0, "visibility": -1, "drawOrder": null, "icon": null }, "geometry": { "type": "Point", "coordinates": [ 80.30323, 13.15962 ] } },
{ "type": "Feature", "properties": { "name": null, "layer": "schools", "id": null, "Name": null, "description": null, "timestamp": null, "begin": null, "end": null, "altitudeMode": null, "tessellate": -1, "extrude": 0, "visibility": -1, "drawOrder": null, "icon": null }, "geometry": { "type": "Point", "coordinates": [ 80.30186, 13.15516 ] } },
{ "type": "Feature", "properties": { "name": null, "layer": "schools", "id": null, "Name": null, "description": null, "timestamp": null, "begin": null, "end": null, "altitudeMode": null, "tessellate": -1, "extrude": 0, "visibility": -1, "drawOrder": null, "icon": null }, "geometry": { "type": "Point", "coordinates": [ 80.30223, 13.15282 ] } },
{ "type": "Feature", "properties": { "name": null, "layer": "schools", "id": null, "Name": null, "description": null, "timestamp": null, "begin": null, "end": null, "altitudeMode": null, "tessellate": -1, "extrude": 0, "visibility": -1, "drawOrder": null, "icon": null }, "geometry": { "type": "Point", "coordinates": [ 80.23323, 13.06932 ] } },
{ "type": "Feature", "properties": { "name": null, "layer": "schools", "id": null, "Name": null, "description": null, "timestamp": null, "begin": null, "end": null, "altitudeMode": null, "tessellate": -1, "extrude": 0, "visibility": -1, "drawOrder": null, "icon": null }, "geometry": { "type": "Point", "coordinates": [ 80.23801, 13.05344 ] } },
{ "type": "Feature", "properties": { "name": null, "layer": "schools", "id": null, "Name": null, "description": null, "timestamp": null, "begin": null, "end": null, "altitudeMode": null, "tessellate": -1, "extrude": 0, "visibility": -1, "drawOrder": null, "icon": null }, "geometry": { "type": "Point", "coordinates": [ 80.23695, 13.05823 ] } },
{ "type": "Feature", "properties": { "name": null, "layer": "schools", "id": null, "Name": null, "description": null, "timestamp": null, "begin": null, "end": null, "altitudeMode": null, "tessellate": -1, "extrude": 0, "visibility": -1, "drawOrder": null, "icon": null }, "geometry": { "type": "Point", "coordinates": [ 80.23897, 13.06898 ] } },
{ "type": "Feature", "properties": { "name": null, "layer": "schools", "id": null, "Name": null, "description": null, "timestamp": null, "begin": null, "end": null, "altitudeMode": null, "tessellate": -1, "extrude": 0, "visibility": -1, "drawOrder": null, "icon": null }, "geometry": { "type": "Point", "coordinates": [ 80.24038, 13.06121 ] } },
{ "type": "Feature", "properties": { "name": null, "layer": "schools", "id": null, "Name": null, "description": null, "timestamp": null, "begin": null, "end": null, "altitudeMode": null, "tessellate": -1, "extrude": 0, "visibility": -1, "drawOrder": null, "icon": null }, "geometry": { "type": "Point", "coordinates": [ 80.23861, 13.06901 ] } },
{ "type": "Feature", "properties": { "name": null, "layer": "schools", "id": null, "Name": null, "description": null, "timestamp": null, "begin": null, "end": null, "altitudeMode": null, "tessellate": -1, "extrude": 0, "visibility": -1, "drawOrder": null, "icon": null }, "geometry": { "type": "Point", "coordinates": [ 80.24112, 13.06184 ] } },
{ "type": "Feature", "properties": { "name": null, "layer": "schools", "id": null, "Name": null, "description": null, "timestamp": null, "begin": null, "end": null, "altitudeMode": null, "tessellate": -1, "extrude": 0, "visibility": -1, "drawOrder": null, "icon": null }, "geometry": { "type": "Point", "coordinates": [ 80.2396, 13.05703 ] } },
{ "type": "Feature", "properties": { "name": null, "layer": "schools", "id": null, "Name": null, "description": null, "timestamp": null, "begin": null, "end": null, "altitudeMode": null, "tessellate": -1, "extrude": 0, "visibility": -1, "drawOrder": null, "icon": null }, "geometry": { "type": "Point", "coordinates": [ 80.23778, 13.05743 ] } },
{ "type": "Feature", "properties": { "name": null, "layer": "schools", "id": null, "Name": null, "description": null, "timestamp": null, "begin": null, "end": null, "altitudeMode": null, "tessellate": -1, "extrude": 0, "visibility": -1, "drawOrder": null, "icon": null }, "geometry": { "type": "Point", "coordinates": [ 80.24114, 13.05477 ] } },
{ "type": "Feature", "properties": { "name": null, "layer": "schools", "id": null, "Name": null, "description": null, "timestamp": null, "begin": null, "end": null, "altitudeMode": null, "tessellate": -1, "extrude": 0, "visibility": -1, "drawOrder": null, "icon": null }, "geometry": { "type": "Point", "coordinates": [ 80.23818, 13.05745 ] } },
{ "type": "Feature", "properties": { "name": null, "layer": "schools", "id": null, "Name": null, "description": null, "timestamp": null, "begin": null, "end": null, "altitudeMode": null, "tessellate": -1, "extrude": 0, "visibility": -1, "drawOrder": null, "icon": null }, "geometry": { "type": "Point", "coordinates": [ 80.23895, 13.06898 ] } },
{ "type": "Feature", "properties": { "name": null, "layer": "schools", "id": null, "Name": null, "description": null, "timestamp": null, "begin": null, "end": null, "altitudeMode": null, "tessellate": -1, "extrude": 0, "visibility": -1, "drawOrder": null, "icon": null }, "geometry": { "type": "Point", "coordinates": [ 80.25396, 13.05421 ] } },
{ "type": "Feature", "properties": { "name": null, "layer": "schools", "id": null, "Name": null, "description": null, "timestamp": null, "begin": null, "end": null, "altitudeMode": null, "tessellate": -1, "extrude": 0, "visibility": -1, "drawOrder": null, "icon": null }, "geometry": { "type": "Point", "coordinates": [ 80.25201, 13.0576 ] } },
{ "type": "Feature", "properties": { "name": null, "layer": "schools", "id": null, "Name": null, "description": null, "timestamp": null, "begin": null, "end": null, "altitudeMode": null, "tessellate": -1, "extrude": 0, "visibility": -1, "drawOrder": null, "icon": null }, "geometry": { "type": "Point", "coordinates": [ 80.24394, 13.06455 ] } },
{ "type": "Feature", "properties": { "name": null, "layer": "schools", "id": null, "Name": null, "description": null, "timestamp": null, "begin": null, "end": null, "altitudeMode": null, "tessellate": -1, "extrude": 0, "visibility": -1, "drawOrder": null, "icon": null }, "geometry": { "type": "Point", "coordinates": [ 80.25496, 13.05658 ] } },
{ "type": "Feature", "properties": { "name": null, "layer": "schools", "id": null, "Name": null, "description": null, "timestamp": null, "begin": null, "end": null, "altitudeMode": null, "tessellate": -1, "extrude": 0, "visibility": -1, "drawOrder": null, "icon": null }, "geometry": { "type": "Point", "coordinates": [ 80.25394, 13.05415 ] } },
{ "type": "Feature", "properties": { "name": null, "layer": "schools", "id": null, "Name": null, "description": null, "timestamp": null, "begin": null, "end": null, "altitudeMode": null, "tessellate": -1, "extrude": 0, "visibility": -1, "drawOrder": null, "icon": null }, "geometry": { "type": "Point", "coordinates": [ 80.25478, 13.06217 ] } },
{ "type": "Feature", "properties": { "name": null, "layer": "schools", "id": null, "Name": null, "description": null, "timestamp": null, "begin": null, "end": null, "altitudeMode": null, "tessellate": -1, "extrude": 0, "visibility": -1, "drawOrder": null, "icon": null }, "geometry": { "type": "Point", "coordinates": [ 80.25459, 13.06091 ] } },
{ "type": "Feature", "properties": { "name": null, "layer": "schools", "id": null, "Name": null, "description": null, "timestamp": null, "begin": null, "end": null, "altitudeMode": null, "tessellate": -1, "extrude": 0, "visibility": -1, "drawOrder": null, "icon": null }, "geometry": { "type": "Point", "coordinates": [ 80.25374, 13.05345 ] } },
{ "type": "Feature", "properties": { "name": null, "layer": "schools", "id": null, "Name": null, "description": null, "timestamp": null, "begin": null, "end": null, "altitudeMode": null, "tessellate": -1, "extrude": 0, "visibility": -1, "drawOrder": null, "icon": null }, "geometry": { "type": "Point", "coordinates": [ 80.25243, 13.0587 ] } },
{ "type": "Feature", "properties": { "name": null, "layer": "schools", "id": null, "Name": null, "description": null, "timestamp": null, "begin": null, "end": null, "altitudeMode": null, "tessellate": -1, "extrude": 0, "visibility": -1, "drawOrder": null, "icon": null }, "geometry": { "type": "Point", "coordinates": [ 80.25157, 13.06397 ] } },
{ "type": "Feature", "properties": { "name": null, "layer": "schools", "id": null, "Name": null, "description": null, "timestamp": null, "begin": null, "end": null, "altitudeMode": null, "tessellate": -1, "extrude": 0, "visibility": -1, "drawOrder": null, "icon": null }, "geometry": { "type": "Point", "coordinates": [ 80.25179, 13.06406 ] } },
{ "type": "Feature", "properties": { "name": null, "layer": "schools", "id": null, "Name": null, "description": null, "timestamp": null, "begin": null, "end": null, "altitudeMode": null, "tessellate": -1, "extrude": 0, "visibility": -1, "drawOrder": null, "icon": null }, "geometry": { "type": "Point", "coordinates": [ 80.25632, 13.04857 ] } },
{ "type": "Feature", "properties": { "name": null, "layer": "schools", "id": null, "Name": null, "description": null, "timestamp": null, "begin": null, "end": null, "altitudeMode": null, "tessellate": -1, "extrude": 0, "visibility": -1, "drawOrder": null, "icon": null }, "geometry": { "type": "Point", "coordinates": [ 80.25456, 13.06238 ] } },
{ "type": "Feature", "properties": { "name": null, "layer": "schools", "id": null, "Name": null, "description": null, "timestamp": null, "begin": null, "end": null, "altitudeMode": null, "tessellate": -1, "extrude": 0, "visibility": -1, "drawOrder": null, "icon": null }, "geometry": { "type": "Point", "coordinates": [ 80.2574, 13.05112 ] } },
{ "type": "Feature", "properties": { "name": null, "layer": "schools", "id": null, "Name": null, "description": null, "timestamp": null, "begin": null, "end": null, "altitudeMode": null, "tessellate": -1, "extrude": 0, "visibility": -1, "drawOrder": null, "icon": null }, "geometry": { "type": "Point", "coordinates": [ 80.25166, 13.06404 ] } },
{ "type": "Feature", "properties": { "name": null, "layer": "schools", "id": null, "Name": null, "description": null, "timestamp": null, "begin": null, "end": null, "altitudeMode": null, "tessellate": -1, "extrude": 0, "visibility": -1, "drawOrder": null, "icon": null }, "geometry": { "type": "Point", "coordinates": [ 80.2538, 13.05409 ] } },
{ "type": "Feature", "properties": { "name": null, "layer": "schools", "id": null, "Name": null, "description": null, "timestamp": null, "begin": null, "end": null, "altitudeMode": null, "tessellate": -1, "extrude": 0, "visibility": -1, "drawOrder": null, "icon": null }, "geometry": { "type": "Point", "coordinates": [ 80.25402, 13.05903 ] } },
{ "type": "Feature", "properties": { "name": null, "layer": "schools", "id": null, "Name": null, "description": null, "timestamp": null, "begin": null, "end": null, "altitudeMode": null, "tessellate": -1, "extrude": 0, "visibility": -1, "drawOrder": null, "icon": null }, "geometry": { "type": "Point", "coordinates": [ 80.24535, 13.06257 ] } },
{ "type": "Feature", "properties": { "name": null, "layer": "schools", "id": null, "Name": null, "description": null, "timestamp": null, "begin": null, "end": null, "altitudeMode": null, "tessellate": -1, "extrude": 0, "visibility": -1, "drawOrder": null, "icon": null }, "geometry": { "type": "Point", "coordinates": [ 80.23158, 13.0663 ] } },
{ "type": "Feature", "properties": { "name": null, "layer": "schools", "id": null, "Name": null, "description": null, "timestamp": null, "begin": null, "end": null, "altitudeMode": null, "tessellate": -1, "extrude": 0, "visibility": -1, "drawOrder": null, "icon": null }, "geometry": { "type": "Point", "coordinates": [ 80.23223, 13.06579 ] } },
{ "type": "Feature", "properties": { "name": null, "layer": "schools", "id": null, "Name": null, "description": null, "timestamp": null, "begin": null, "end": null, "altitudeMode": null, "tessellate": -1, "extrude": 0, "visibility": -1, "drawOrder": null, "icon": null }, "geometry": { "type": "Point", "coordinates": [ 80.22984, 13.05701 ] } },
{ "type": "Feature", "properties": { "name": null, "layer": "schools", "id": null, "Name": null, "description": null, "timestamp": null, "begin": null, "end": null, "altitudeMode": null, "tessellate": -1, "extrude": 0, "visibility": -1, "drawOrder": null, "icon": null }, "geometry": { "type": "Point", "coordinates": [ 80.22705, 13.05643 ] } },
{ "type": "Feature", "properties": { "name": null, "layer": "schools", "id": null, "Name": null, "description": null, "timestamp": null, "begin": null, "end": null, "altitudeMode": null, "tessellate": -1, "extrude": 0, "visibility": -1, "drawOrder": null, "icon": null }, "geometry": { "type": "Point", "coordinates": [ 80.2211, 13.05633 ] } },
{ "type": "Feature", "properties": { "name": null, "layer": "schools", "id": null, "Name": null, "description": null, "timestamp": null, "begin": null, "end": null, "altitudeMode": null, "tessellate": -1, "extrude": 0, "visibility": -1, "drawOrder": null, "icon": null }, "geometry": { "type": "Point", "coordinates": [ 80.22168, 13.05519 ] } },
{ "type": "Feature", "properties": { "name": null, "layer": "schools", "id": null, "Name": null, "description": null, "timestamp": null, "begin": null, "end": null, "altitudeMode": null, "tessellate": -1, "extrude": 0, "visibility": -1, "drawOrder": null, "icon": null }, "geometry": { "type": "Point", "coordinates": [ 80.22283, 13.05364 ] } },
{ "type": "Feature", "properties": { "name": null, "layer": "schools", "id": null, "Name": null, "description": null, "timestamp": null, "begin": null, "end": null, "altitudeMode": null, "tessellate": -1, "extrude": 0, "visibility": -1, "drawOrder": null, "icon": null }, "geometry": { "type": "Point", "coordinates": [ 80.23187, 13.06418 ] } },
{ "type": "Feature", "properties": { "name": null, "layer": "schools", "id": null, "Name": null, "description": null, "timestamp": null, "begin": null, "end": null, "altitudeMode": null, "tessellate": -1, "extrude": 0, "visibility": -1, "drawOrder": null, "icon": null }, "geometry": { "type": "Point", "coordinates": [ 80.23097, 13.05929 ] } },
{ "type": "Feature", "properties": { "name": null, "layer": "schools", "id": null, "Name": null, "description": null, "timestamp": null, "begin": null, "end": null, "altitudeMode": null, "tessellate": -1, "extrude": 0, "visibility": -1, "drawOrder": null, "icon": null }, "geometry": { "type": "Point", "coordinates": [ 80.23079, 13.06202 ] } },
{ "type": "Feature", "properties": { "name": null, "layer": "schools", "id": null, "Name": null, "description": null, "timestamp": null, "begin": null, "end": null, "altitudeMode": null, "tessellate": -1, "extrude": 0, "visibility": -1, "drawOrder": null, "icon": null }, "geometry": { "type": "Point", "coordinates": [ 80.22208, 13.05751 ] } },
{ "type": "Feature", "properties": { "name": null, "layer": "schools", "id": null, "Name": null, "description": null, "timestamp": null, "begin": null, "end": null, "altitudeMode": null, "tessellate": -1, "extrude": 0, "visibility": -1, "drawOrder": null, "icon": null }, "geometry": { "type": "Point", "coordinates": [ 80.23045, 13.0612 ] } },
{ "type": "Feature", "properties": { "name": null, "layer": "schools", "id": null, "Name": null, "description": null, "timestamp": null, "begin": null, "end": null, "altitudeMode": null, "tessellate": -1, "extrude": 0, "visibility": -1, "drawOrder": null, "icon": null }, "geometry": { "type": "Point", "coordinates": [ 80.21932, 13.05331 ] } },
{ "type": "Feature", "properties": { "name": null, "layer": "schools", "id": null, "Name": null, "description": null, "timestamp": null, "begin": null, "end": null, "altitudeMode": null, "tessellate": -1, "extrude": 0, "visibility": -1, "drawOrder": null, "icon": null }, "geometry": { "type": "Point", "coordinates": [ 80.2191, 13.05305 ] } },
{ "type": "Feature", "properties": { "name": null, "layer": "schools", "id": null, "Name": null, "description": null, "timestamp": null, "begin": null, "end": null, "altitudeMode": null, "tessellate": -1, "extrude": 0, "visibility": -1, "drawOrder": null, "icon": null }, "geometry": { "type": "Point", "coordinates": [ 80.22996, 13.05558 ] } },
{ "type": "Feature", "properties": { "name": null, "layer": "schools", "id": null, "Name": null, "description": null, "timestamp": null, "begin": null, "end": null, "altitudeMode": null, "tessellate": -1, "extrude": 0, "visibility": -1, "drawOrder": null, "icon": null }, "geometry": { "type": "Point", "coordinates": [ 80.23994, 13.04997 ] } },
{ "type": "Feature", "properties": { "name": null, "layer": "schools", "id": null, "Name": null, "description": null, "timestamp": null, "begin": null, "end": null, "altitudeMode": null, "tessellate": -1, "extrude": 0, "visibility": -1, "drawOrder": null, "icon": null }, "geometry": { "type": "Point", "coordinates": [ 80.24774, 13.05413 ] } },
{ "type": "Feature", "properties": { "name": null, "layer": "schools", "id": null, "Name": null, "description": null, "timestamp": null, "begin": null, "end": null, "altitudeMode": null, "tessellate": -1, "extrude": 0, "visibility": -1, "drawOrder": null, "icon": null }, "geometry": { "type": "Point", "coordinates": [ 80.24364, 13.05605 ] } },
{ "type": "Feature", "properties": { "name": null, "layer": "schools", "id": null, "Name": null, "description": null, "timestamp": null, "begin": null, "end": null, "altitudeMode": null, "tessellate": -1, "extrude": 0, "visibility": -1, "drawOrder": null, "icon": null }, "geometry": { "type": "Point", "coordinates": [ 80.24334, 13.05914 ] } },
{ "type": "Feature", "properties": { "name": null, "layer": "schools", "id": null, "Name": null, "description": null, "timestamp": null, "begin": null, "end": null, "altitudeMode": null, "tessellate": -1, "extrude": 0, "visibility": -1, "drawOrder": null, "icon": null }, "geometry": { "type": "Point", "coordinates": [ 80.24247, 13.06026 ] } },
{ "type": "Feature", "properties": { "name": null, "layer": "schools", "id": null, "Name": null, "description": null, "timestamp": null, "begin": null, "end": null, "altitudeMode": null, "tessellate": -1, "extrude": 0, "visibility": -1, "drawOrder": null, "icon": null }, "geometry": { "type": "Point", "coordinates": [ 80.24841, 13.05519 ] } },
{ "type": "Feature", "properties": { "name": null, "layer": "schools", "id": null, "Name": null, "description": null, "timestamp": null, "begin": null, "end": null, "altitudeMode": null, "tessellate": -1, "extrude": 0, "visibility": -1, "drawOrder": null, "icon": null }, "geometry": { "type": "Point", "coordinates": [ 80.24323, 13.05772 ] } },
{ "type": "Feature", "properties": { "name": null, "layer": "schools", "id": null, "Name": null, "description": null, "timestamp": null, "begin": null, "end": null, "altitudeMode": null, "tessellate": -1, "extrude": 0, "visibility": -1, "drawOrder": null, "icon": null }, "geometry": { "type": "Point", "coordinates": [ 80.24248, 13.05987 ] } },
{ "type": "Feature", "properties": { "name": null, "layer": "schools", "id": null, "Name": null, "description": null, "timestamp": null, "begin": null, "end": null, "altitudeMode": null, "tessellate": -1, "extrude": 0, "visibility": -1, "drawOrder": null, "icon": null }, "geometry": { "type": "Point", "coordinates": [ 80.24488, 13.05329 ] } },
{ "type": "Feature", "properties": { "name": null, "layer": "schools", "id": null, "Name": null, "description": null, "timestamp": null, "begin": null, "end": null, "altitudeMode": null, "tessellate": -1, "extrude": 0, "visibility": -1, "drawOrder": null, "icon": null }, "geometry": { "type": "Point", "coordinates": [ 80.24381, 13.05689 ] } },
{ "type": "Feature", "properties": { "name": null, "layer": "schools", "id": null, "Name": null, "description": null, "timestamp": null, "begin": null, "end": null, "altitudeMode": null, "tessellate": -1, "extrude": 0, "visibility": -1, "drawOrder": null, "icon": null }, "geometry": { "type": "Point", "coordinates": [ 80.23774, 13.05029 ] } },
{ "type": "Feature", "properties": { "name": null, "layer": "schools", "id": null, "Name": null, "description": null, "timestamp": null, "begin": null, "end": null, "altitudeMode": null, "tessellate": -1, "extrude": 0, "visibility": -1, "drawOrder": null, "icon": null }, "geometry": { "type": "Point", "coordinates": [ 80.2422, 13.05925 ] } },
{ "type": "Feature", "properties": { "name": null, "layer": "schools", "id": null, "Name": null, "description": null, "timestamp": null, "begin": null, "end": null, "altitudeMode": null, "tessellate": -1, "extrude": 0, "visibility": -1, "drawOrder": null, "icon": null }, "geometry": { "type": "Point", "coordinates": [ 80.24283, 13.05967 ] } },
{ "type": "Feature", "properties": { "name": null, "layer": "schools", "id": null, "Name": null, "description": null, "timestamp": null, "begin": null, "end": null, "altitudeMode": null, "tessellate": -1, "extrude": 0, "visibility": -1, "drawOrder": null, "icon": null }, "geometry": { "type": "Point", "coordinates": [ 80.24836, 13.05513 ] } },
{ "type": "Feature", "properties": { "name": null, "layer": "schools", "id": null, "Name": null, "description": null, "timestamp": null, "begin": null, "end": null, "altitudeMode": null, "tessellate": -1, "extrude": 0, "visibility": -1, "drawOrder": null, "icon": null }, "geometry": { "type": "Point", "coordinates": [ 80.24848, 13.05513 ] } },
{ "type": "Feature", "properties": { "name": null, "layer": "schools", "id": null, "Name": null, "description": null, "timestamp": null, "begin": null, "end": null, "altitudeMode": null, "tessellate": -1, "extrude": 0, "visibility": -1, "drawOrder": null, "icon": null }, "geometry": { "type": "Point", "coordinates": [ 80.24223, 13.05937 ] } },
{ "type": "Feature", "properties": { "name": null, "layer": "schools", "id": null, "Name": null, "description": null, "timestamp": null, "begin": null, "end": null, "altitudeMode": null, "tessellate": -1, "extrude": 0, "visibility": -1, "drawOrder": null, "icon": null }, "geometry": { "type": "Point", "coordinates": [ 80.23635, 13.05072 ] } },
{ "type": "Feature", "properties": { "name": null, "layer": "schools", "id": null, "Name": null, "description": null, "timestamp": null, "begin": null, "end": null, "altitudeMode": null, "tessellate": -1, "extrude": 0, "visibility": -1, "drawOrder": null, "icon": null }, "geometry": { "type": "Point", "coordinates": [ 80.23722, 13.05229 ] } },
{ "type": "Feature", "properties": { "name": null, "layer": "schools", "id": null, "Name": null, "description": null, "timestamp": null, "begin": null, "end": null, "altitudeMode": null, "tessellate": -1, "extrude": 0, "visibility": -1, "drawOrder": null, "icon": null }, "geometry": { "type": "Point", "coordinates": [ 80.24512, 13.0571 ] } },
{ "type": "Feature", "properties": { "name": null, "layer": "schools", "id": null, "Name": null, "description": null, "timestamp": null, "begin": null, "end": null, "altitudeMode": null, "tessellate": -1, "extrude": 0, "visibility": -1, "drawOrder": null, "icon": null }, "geometry": { "type": "Point", "coordinates": [ 80.24469, 13.05688 ] } },
{ "type": "Feature", "properties": { "name": null, "layer": "schools", "id": null, "Name": null, "description": null, "timestamp": null, "begin": null, "end": null, "altitudeMode": null, "tessellate": -1, "extrude": 0, "visibility": -1, "drawOrder": null, "icon": null }, "geometry": { "type": "Point", "coordinates": [ 80.2454, 13.05702 ] } },
{ "type": "Feature", "properties": { "name": null, "layer": "schools", "id": null, "Name": null, "description": null, "timestamp": null, "begin": null, "end": null, "altitudeMode": null, "tessellate": -1, "extrude": 0, "visibility": -1, "drawOrder": null, "icon": null }, "geometry": { "type": "Point", "coordinates": [ 80.24568, 13.04918 ] } },
{ "type": "Feature", "properties": { "name": null, "layer": "schools", "id": null, "Name": null, "description": null, "timestamp": null, "begin": null, "end": null, "altitudeMode": null, "tessellate": -1, "extrude": 0, "visibility": -1, "drawOrder": null, "icon": null }, "geometry": { "type": "Point", "coordinates": [ 80.23987, 13.05174 ] } },
{ "type": "Feature", "properties": { "name": null, "layer": "schools", "id": null, "Name": null, "description": null, "timestamp": null, "begin": null, "end": null, "altitudeMode": null, "tessellate": -1, "extrude": 0, "visibility": -1, "drawOrder": null, "icon": null }, "geometry": { "type": "Point", "coordinates": [ 80.27495, 13.06528 ] } },
{ "type": "Feature", "properties": { "name": null, "layer": "schools", "id": null, "Name": null, "description": null, "timestamp": null, "begin": null, "end": null, "altitudeMode": null, "tessellate": -1, "extrude": 0, "visibility": -1, "drawOrder": null, "icon": null }, "geometry": { "type": "Point", "coordinates": [ 80.27797, 13.06426 ] } },
{ "type": "Feature", "properties": { "name": null, "layer": "schools", "id": null, "Name": null, "description": null, "timestamp": null, "begin": null, "end": null, "altitudeMode": null, "tessellate": -1, "extrude": 0, "visibility": -1, "drawOrder": null, "icon": null }, "geometry": { "type": "Point", "coordinates": [ 80.27069, 13.06115 ] } },
{ "type": "Feature", "properties": { "name": null, "layer": "schools", "id": null, "Name": null, "description": null, "timestamp": null, "begin": null, "end": null, "altitudeMode": null, "tessellate": -1, "extrude": 0, "visibility": -1, "drawOrder": null, "icon": null }, "geometry": { "type": "Point", "coordinates": [ 80.27742, 13.05965 ] } },
{ "type": "Feature", "properties": { "name": null, "layer": "schools", "id": null, "Name": null, "description": null, "timestamp": null, "begin": null, "end": null, "altitudeMode": null, "tessellate": -1, "extrude": 0, "visibility": -1, "drawOrder": null, "icon": null }, "geometry": { "type": "Point", "coordinates": [ 80.27458, 13.0652 ] } },
{ "type": "Feature", "properties": { "name": null, "layer": "schools", "id": null, "Name": null, "description": null, "timestamp": null, "begin": null, "end": null, "altitudeMode": null, "tessellate": -1, "extrude": 0, "visibility": -1, "drawOrder": null, "icon": null }, "geometry": { "type": "Point", "coordinates": [ 80.27384, 13.06285 ] } },
{ "type": "Feature", "properties": { "name": null, "layer": "schools", "id": null, "Name": null, "description": null, "timestamp": null, "begin": null, "end": null, "altitudeMode": null, "tessellate": -1, "extrude": 0, "visibility": -1, "drawOrder": null, "icon": null }, "geometry": { "type": "Point", "coordinates": [ 80.27041, 13.06201 ] } },
{ "type": "Feature", "properties": { "name": null, "layer": "schools", "id": null, "Name": null, "description": null, "timestamp": null, "begin": null, "end": null, "altitudeMode": null, "tessellate": -1, "extrude": 0, "visibility": -1, "drawOrder": null, "icon": null }, "geometry": { "type": "Point", "coordinates": [ 80.27418, 13.06087 ] } },
{ "type": "Feature", "properties": { "name": null, "layer": "schools", "id": null, "Name": null, "description": null, "timestamp": null, "begin": null, "end": null, "altitudeMode": null, "tessellate": -1, "extrude": 0, "visibility": -1, "drawOrder": null, "icon": null }, "geometry": { "type": "Point", "coordinates": [ 80.27423, 13.05986 ] } },
{ "type": "Feature", "properties": { "name": null, "layer": "schools", "id": null, "Name": null, "description": null, "timestamp": null, "begin": null, "end": null, "altitudeMode": null, "tessellate": -1, "extrude": 0, "visibility": -1, "drawOrder": null, "icon": null }, "geometry": { "type": "Point", "coordinates": [ 80.27077, 13.06343 ] } },
{ "type": "Feature", "properties": { "name": null, "layer": "schools", "id": null, "Name": null, "description": null, "timestamp": null, "begin": null, "end": null, "altitudeMode": null, "tessellate": -1, "extrude": 0, "visibility": -1, "drawOrder": null, "icon": null }, "geometry": { "type": "Point", "coordinates": [ 80.27421, 13.05965 ] } },
{ "type": "Feature", "properties": { "name": null, "layer": "schools", "id": null, "Name": null, "description": null, "timestamp": null, "begin": null, "end": null, "altitudeMode": null, "tessellate": -1, "extrude": 0, "visibility": -1, "drawOrder": null, "icon": null }, "geometry": { "type": "Point", "coordinates": [ 80.27587, 13.05968 ] } },
{ "type": "Feature", "properties": { "name": null, "layer": "schools", "id": null, "Name": null, "description": null, "timestamp": null, "begin": null, "end": null, "altitudeMode": null, "tessellate": -1, "extrude": 0, "visibility": -1, "drawOrder": null, "icon": null }, "geometry": { "type": "Point", "coordinates": [ 80.27577, 13.06103 ] } },
{ "type": "Feature", "properties": { "name": null, "layer": "schools", "id": null, "Name": null, "description": null, "timestamp": null, "begin": null, "end": null, "altitudeMode": null, "tessellate": -1, "extrude": 0, "visibility": -1, "drawOrder": null, "icon": null }, "geometry": { "type": "Point", "coordinates": [ 80.27566, 13.05915 ] } },
{ "type": "Feature", "properties": { "name": null, "layer": "schools", "id": null, "Name": null, "description": null, "timestamp": null, "begin": null, "end": null, "altitudeMode": null, "tessellate": -1, "extrude": 0, "visibility": -1, "drawOrder": null, "icon": null }, "geometry": { "type": "Point", "coordinates": [ 80.27507, 13.06452 ] } },
{ "type": "Feature", "properties": { "name": null, "layer": "schools", "id": null, "Name": null, "description": null, "timestamp": null, "begin": null, "end": null, "altitudeMode": null, "tessellate": -1, "extrude": 0, "visibility": -1, "drawOrder": null, "icon": null }, "geometry": { "type": "Point", "coordinates": [ 80.27586, 13.06102 ] } },
{ "type": "Feature", "properties": { "name": null, "layer": "schools", "id": null, "Name": null, "description": null, "timestamp": null, "begin": null, "end": null, "altitudeMode": null, "tessellate": -1, "extrude": 0, "visibility": -1, "drawOrder": null, "icon": null }, "geometry": { "type": "Point", "coordinates": [ 80.28205, 13.06744 ] } },
{ "type": "Feature", "properties": { "name": null, "layer": "schools", "id": null, "Name": null, "description": null, "timestamp": null, "begin": null, "end": null, "altitudeMode": null, "tessellate": -1, "extrude": 0, "visibility": -1, "drawOrder": null, "icon": null }, "geometry": { "type": "Point", "coordinates": [ 80.27575, 13.0599 ] } },
{ "type": "Feature", "properties": { "name": null, "layer": "schools", "id": null, "Name": null, "description": null, "timestamp": null, "begin": null, "end": null, "altitudeMode": null, "tessellate": -1, "extrude": 0, "visibility": -1, "drawOrder": null, "icon": null }, "geometry": { "type": "Point", "coordinates": [ 80.25148, 13.03861 ] } },
{ "type": "Feature", "properties": { "name": null, "layer": "schools", "id": null, "Name": null, "description": null, "timestamp": null, "begin": null, "end": null, "altitudeMode": null, "tessellate": -1, "extrude": 0, "visibility": -1, "drawOrder": null, "icon": null }, "geometry": { "type": "Point", "coordinates": [ 80.25958, 13.03331 ] } },
{ "type": "Feature", "properties": { "name": null, "layer": "schools", "id": null, "Name": null, "description": null, "timestamp": null, "begin": null, "end": null, "altitudeMode": null, "tessellate": -1, "extrude": 0, "visibility": -1, "drawOrder": null, "icon": null }, "geometry": { "type": "Point", "coordinates": [ 80.25715, 13.02868 ] } },
{ "type": "Feature", "properties": { "name": null, "layer": "schools", "id": null, "Name": null, "description": null, "timestamp": null, "begin": null, "end": null, "altitudeMode": null, "tessellate": -1, "extrude": 0, "visibility": -1, "drawOrder": null, "icon": null }, "geometry": { "type": "Point", "coordinates": [ 80.25069, 13.02946 ] } },
{ "type": "Feature", "properties": { "name": null, "layer": "schools", "id": null, "Name": null, "description": null, "timestamp": null, "begin": null, "end": null, "altitudeMode": null, "tessellate": -1, "extrude": 0, "visibility": -1, "drawOrder": null, "icon": null }, "geometry": { "type": "Point", "coordinates": [ 80.25711, 13.03158 ] } },
{ "type": "Feature", "properties": { "name": null, "layer": "schools", "id": null, "Name": null, "description": null, "timestamp": null, "begin": null, "end": null, "altitudeMode": null, "tessellate": -1, "extrude": 0, "visibility": -1, "drawOrder": null, "icon": null }, "geometry": { "type": "Point", "coordinates": [ 80.25115, 13.03698 ] } },
{ "type": "Feature", "properties": { "name": null, "layer": "schools", "id": null, "Name": null, "description": null, "timestamp": null, "begin": null, "end": null, "altitudeMode": null, "tessellate": -1, "extrude": 0, "visibility": -1, "drawOrder": null, "icon": null }, "geometry": { "type": "Point", "coordinates": [ 80.25522, 13.03813 ] } },
{ "type": "Feature", "properties": { "name": null, "layer": "schools", "id": null, "Name": null, "description": null, "timestamp": null, "begin": null, "end": null, "altitudeMode": null, "tessellate": -1, "extrude": 0, "visibility": -1, "drawOrder": null, "icon": null }, "geometry": { "type": "Point", "coordinates": [ 80.25571, 13.03366 ] } },
{ "type": "Feature", "properties": { "name": null, "layer": "schools", "id": null, "Name": null, "description": null, "timestamp": null, "begin": null, "end": null, "altitudeMode": null, "tessellate": -1, "extrude": 0, "visibility": -1, "drawOrder": null, "icon": null }, "geometry": { "type": "Point", "coordinates": [ 80.26017, 13.038 ] } },
{ "type": "Feature", "properties": { "name": null, "layer": "schools", "id": null, "Name": null, "description": null, "timestamp": null, "begin": null, "end": null, "altitudeMode": null, "tessellate": -1, "extrude": 0, "visibility": -1, "drawOrder": null, "icon": null }, "geometry": { "type": "Point", "coordinates": [ 80.25958, 13.03331 ] } },
{ "type": "Feature", "properties": { "name": null, "layer": "schools", "id": null, "Name": null, "description": null, "timestamp": null, "begin": null, "end": null, "altitudeMode": null, "tessellate": -1, "extrude": 0, "visibility": -1, "drawOrder": null, "icon": null }, "geometry": { "type": "Point", "coordinates": [ 80.26143, 13.03589 ] } },
{ "type": "Feature", "properties": { "name": null, "layer": "schools", "id": null, "Name": null, "description": null, "timestamp": null, "begin": null, "end": null, "altitudeMode": null, "tessellate": -1, "extrude": 0, "visibility": -1, "drawOrder": null, "icon": null }, "geometry": { "type": "Point", "coordinates": [ 80.26949, 13.03686 ] } },
{ "type": "Feature", "properties": { "name": null, "layer": "schools", "id": null, "Name": null, "description": null, "timestamp": null, "begin": null, "end": null, "altitudeMode": null, "tessellate": -1, "extrude": 0, "visibility": -1, "drawOrder": null, "icon": null }, "geometry": { "type": "Point", "coordinates": [ 80.27122, 13.03385 ] } },
{ "type": "Feature", "properties": { "name": null, "layer": "schools", "id": null, "Name": null, "description": null, "timestamp": null, "begin": null, "end": null, "altitudeMode": null, "tessellate": -1, "extrude": 0, "visibility": -1, "drawOrder": null, "icon": null }, "geometry": { "type": "Point", "coordinates": [ 80.2664, 13.03076 ] } },
{ "type": "Feature", "properties": { "name": null, "layer": "schools", "id": null, "Name": null, "description": null, "timestamp": null, "begin": null, "end": null, "altitudeMode": null, "tessellate": -1, "extrude": 0, "visibility": -1, "drawOrder": null, "icon": null }, "geometry": { "type": "Point", "coordinates": [ 80.27371, 13.02961 ] } },
{ "type": "Feature", "properties": { "name": null, "layer": "schools", "id": null, "Name": null, "description": null, "timestamp": null, "begin": null, "end": null, "altitudeMode": null, "tessellate": -1, "extrude": 0, "visibility": -1, "drawOrder": null, "icon": null }, "geometry": { "type": "Point", "coordinates": [ 80.27029, 13.03988 ] } },
{ "type": "Feature", "properties": { "name": null, "layer": "schools", "id": null, "Name": null, "description": null, "timestamp": null, "begin": null, "end": null, "altitudeMode": null, "tessellate": -1, "extrude": 0, "visibility": -1, "drawOrder": null, "icon": null }, "geometry": { "type": "Point", "coordinates": [ 80.26855, 13.03127 ] } },
{ "type": "Feature", "properties": { "name": null, "layer": "schools", "id": null, "Name": null, "description": null, "timestamp": null, "begin": null, "end": null, "altitudeMode": null, "tessellate": -1, "extrude": 0, "visibility": -1, "drawOrder": null, "icon": null }, "geometry": { "type": "Point", "coordinates": [ 80.27256, 13.04017 ] } },
{ "type": "Feature", "properties": { "name": null, "layer": "schools", "id": null, "Name": null, "description": null, "timestamp": null, "begin": null, "end": null, "altitudeMode": null, "tessellate": -1, "extrude": 0, "visibility": -1, "drawOrder": null, "icon": null }, "geometry": { "type": "Point", "coordinates": [ 80.26861, 13.03795 ] } },
{ "type": "Feature", "properties": { "name": null, "layer": "schools", "id": null, "Name": null, "description": null, "timestamp": null, "begin": null, "end": null, "altitudeMode": null, "tessellate": -1, "extrude": 0, "visibility": -1, "drawOrder": null, "icon": null }, "geometry": { "type": "Point", "coordinates": [ 80.26711, 13.03205 ] } },
{ "type": "Feature", "properties": { "name": null, "layer": "schools", "id": null, "Name": null, "description": null, "timestamp": null, "begin": null, "end": null, "altitudeMode": null, "tessellate": -1, "extrude": 0, "visibility": -1, "drawOrder": null, "icon": null }, "geometry": { "type": "Point", "coordinates": [ 80.26635, 13.03104 ] } },
{ "type": "Feature", "properties": { "name": null, "layer": "schools", "id": null, "Name": null, "description": null, "timestamp": null, "begin": null, "end": null, "altitudeMode": null, "tessellate": -1, "extrude": 0, "visibility": -1, "drawOrder": null, "icon": null }, "geometry": { "type": "Point", "coordinates": [ 80.27609, 13.03304 ] } },
{ "type": "Feature", "properties": { "name": null, "layer": "schools", "id": null, "Name": null, "description": null, "timestamp": null, "begin": null, "end": null, "altitudeMode": null, "tessellate": -1, "extrude": 0, "visibility": -1, "drawOrder": null, "icon": null }, "geometry": { "type": "Point", "coordinates": [ 80.26098, 13.02798 ] } },
{ "type": "Feature", "properties": { "name": null, "layer": "schools", "id": null, "Name": null, "description": null, "timestamp": null, "begin": null, "end": null, "altitudeMode": null, "tessellate": -1, "extrude": 0, "visibility": -1, "drawOrder": null, "icon": null }, "geometry": { "type": "Point", "coordinates": [ 80.27425, 13.02858 ] } },
{ "type": "Feature", "properties": { "name": null, "layer": "schools", "id": null, "Name": null, "description": null, "timestamp": null, "begin": null, "end": null, "altitudeMode": null, "tessellate": -1, "extrude": 0, "visibility": -1, "drawOrder": null, "icon": null }, "geometry": { "type": "Point", "coordinates": [ 80.26025, 13.02574 ] } },
{ "type": "Feature", "properties": { "name": null, "layer": "schools", "id": null, "Name": null, "description": null, "timestamp": null, "begin": null, "end": null, "altitudeMode": null, "tessellate": -1, "extrude": 0, "visibility": -1, "drawOrder": null, "icon": null }, "geometry": { "type": "Point", "coordinates": [ 80.27502, 13.02695 ] } },
{ "type": "Feature", "properties": { "name": null, "layer": "schools", "id": null, "Name": null, "description": null, "timestamp": null, "begin": null, "end": null, "altitudeMode": null, "tessellate": -1, "extrude": 0, "visibility": -1, "drawOrder": null, "icon": null }, "geometry": { "type": "Point", "coordinates": [ 80.27149, 13.02597 ] } },
{ "type": "Feature", "properties": { "name": null, "layer": "schools", "id": null, "Name": null, "description": null, "timestamp": null, "begin": null, "end": null, "altitudeMode": null, "tessellate": -1, "extrude": 0, "visibility": -1, "drawOrder": null, "icon": null }, "geometry": { "type": "Point", "coordinates": [ 80.27388, 13.02855 ] } },
{ "type": "Feature", "properties": { "name": null, "layer": "schools", "id": null, "Name": null, "description": null, "timestamp": null, "begin": null, "end": null, "altitudeMode": null, "tessellate": -1, "extrude": 0, "visibility": -1, "drawOrder": null, "icon": null }, "geometry": { "type": "Point", "coordinates": [ 80.27422, 13.02626 ] } },
{ "type": "Feature", "properties": { "name": null, "layer": "schools", "id": null, "Name": null, "description": null, "timestamp": null, "begin": null, "end": null, "altitudeMode": null, "tessellate": -1, "extrude": 0, "visibility": -1, "drawOrder": null, "icon": null }, "geometry": { "type": "Point", "coordinates": [ 80.26025, 13.02574 ] } },
{ "type": "Feature", "properties": { "name": null, "layer": "schools", "id": null, "Name": null, "description": null, "timestamp": null, "begin": null, "end": null, "altitudeMode": null, "tessellate": -1, "extrude": 0, "visibility": -1, "drawOrder": null, "icon": null }, "geometry": { "type": "Point", "coordinates": [ 80.26913, 13.0289 ] } },
{ "type": "Feature", "properties": { "name": null, "layer": "schools", "id": null, "Name": null, "description": null, "timestamp": null, "begin": null, "end": null, "altitudeMode": null, "tessellate": -1, "extrude": 0, "visibility": -1, "drawOrder": null, "icon": null }, "geometry": { "type": "Point", "coordinates": [ 80.26847, 13.02607 ] } },
{ "type": "Feature", "properties": { "name": null, "layer": "schools", "id": null, "Name": null, "description": null, "timestamp": null, "begin": null, "end": null, "altitudeMode": null, "tessellate": -1, "extrude": 0, "visibility": -1, "drawOrder": null, "icon": null }, "geometry": { "type": "Point", "coordinates": [ 80.19581, 13.0623 ] } },
{ "type": "Feature", "properties": { "name": null, "layer": "schools", "id": null, "Name": null, "description": null, "timestamp": null, "begin": null, "end": null, "altitudeMode": null, "tessellate": -1, "extrude": 0, "visibility": -1, "drawOrder": null, "icon": null }, "geometry": { "type": "Point", "coordinates": [ 80.19549, 13.06451 ] } },
{ "type": "Feature", "properties": { "name": null, "layer": "schools", "id": null, "Name": null, "description": null, "timestamp": null, "begin": null, "end": null, "altitudeMode": null, "tessellate": -1, "extrude": 0, "visibility": -1, "drawOrder": null, "icon": null }, "geometry": { "type": "Point", "coordinates": [ 80.19263, 13.07456 ] } },
{ "type": "Feature", "properties": { "name": null, "layer": "schools", "id": null, "Name": null, "description": null, "timestamp": null, "begin": null, "end": null, "altitudeMode": null, "tessellate": -1, "extrude": 0, "visibility": -1, "drawOrder": null, "icon": null }, "geometry": { "type": "Point", "coordinates": [ 80.20052, 13.07338 ] } },
{ "type": "Feature", "properties": { "name": null, "layer": "schools", "id": null, "Name": null, "description": null, "timestamp": null, "begin": null, "end": null, "altitudeMode": null, "tessellate": -1, "extrude": 0, "visibility": -1, "drawOrder": null, "icon": null }, "geometry": { "type": "Point", "coordinates": [ 80.19649, 13.05958 ] } },
{ "type": "Feature", "properties": { "name": null, "layer": "schools", "id": null, "Name": null, "description": null, "timestamp": null, "begin": null, "end": null, "altitudeMode": null, "tessellate": -1, "extrude": 0, "visibility": -1, "drawOrder": null, "icon": null }, "geometry": { "type": "Point", "coordinates": [ 80.20017, 13.07299 ] } },
{ "type": "Feature", "properties": { "name": null, "layer": "schools", "id": null, "Name": null, "description": null, "timestamp": null, "begin": null, "end": null, "altitudeMode": null, "tessellate": -1, "extrude": 0, "visibility": -1, "drawOrder": null, "icon": null }, "geometry": { "type": "Point", "coordinates": [ 80.1965, 13.07094 ] } },
{ "type": "Feature", "properties": { "name": null, "layer": "schools", "id": null, "Name": null, "description": null, "timestamp": null, "begin": null, "end": null, "altitudeMode": null, "tessellate": -1, "extrude": 0, "visibility": -1, "drawOrder": null, "icon": null }, "geometry": { "type": "Point", "coordinates": [ 80.19366, 13.06008 ] } },
{ "type": "Feature", "properties": { "name": null, "layer": "schools", "id": null, "Name": null, "description": null, "timestamp": null, "begin": null, "end": null, "altitudeMode": null, "tessellate": -1, "extrude": 0, "visibility": -1, "drawOrder": null, "icon": null }, "geometry": { "type": "Point", "coordinates": [ 80.19304, 13.06086 ] } },
{ "type": "Feature", "properties": { "name": null, "layer": "schools", "id": null, "Name": null, "description": null, "timestamp": null, "begin": null, "end": null, "altitudeMode": null, "tessellate": -1, "extrude": 0, "visibility": -1, "drawOrder": null, "icon": null }, "geometry": { "type": "Point", "coordinates": [ 80.19705, 13.05778 ] } },
{ "type": "Feature", "properties": { "name": null, "layer": "schools", "id": null, "Name": null, "description": null, "timestamp": null, "begin": null, "end": null, "altitudeMode": null, "tessellate": -1, "extrude": 0, "visibility": -1, "drawOrder": null, "icon": null }, "geometry": { "type": "Point", "coordinates": [ 80.19442, 13.05392 ] } },
{ "type": "Feature", "properties": { "name": null, "layer": "schools", "id": null, "Name": null, "description": null, "timestamp": null, "begin": null, "end": null, "altitudeMode": null, "tessellate": -1, "extrude": 0, "visibility": -1, "drawOrder": null, "icon": null }, "geometry": { "type": "Point", "coordinates": [ 80.19266, 13.05476 ] } },
{ "type": "Feature", "properties": { "name": null, "layer": "schools", "id": null, "Name": null, "description": null, "timestamp": null, "begin": null, "end": null, "altitudeMode": null, "tessellate": -1, "extrude": 0, "visibility": -1, "drawOrder": null, "icon": null }, "geometry": { "type": "Point", "coordinates": [ 80.19334, 13.05338 ] } },
{ "type": "Feature", "properties": { "name": null, "layer": "schools", "id": null, "Name": null, "description": null, "timestamp": null, "begin": null, "end": null, "altitudeMode": null, "tessellate": -1, "extrude": 0, "visibility": -1, "drawOrder": null, "icon": null }, "geometry": { "type": "Point", "coordinates": [ 80.19105, 13.03601 ] } },
{ "type": "Feature", "properties": { "name": null, "layer": "schools", "id": null, "Name": null, "description": null, "timestamp": null, "begin": null, "end": null, "altitudeMode": null, "tessellate": -1, "extrude": 0, "visibility": -1, "drawOrder": null, "icon": null }, "geometry": { "type": "Point", "coordinates": [ 80.18579, 13.05076 ] } },
{ "type": "Feature", "properties": { "name": null, "layer": "schools", "id": null, "Name": null, "description": null, "timestamp": null, "begin": null, "end": null, "altitudeMode": null, "tessellate": -1, "extrude": 0, "visibility": -1, "drawOrder": null, "icon": null }, "geometry": { "type": "Point", "coordinates": [ 80.18633, 13.049 ] } },
{ "type": "Feature", "properties": { "name": null, "layer": "schools", "id": null, "Name": null, "description": null, "timestamp": null, "begin": null, "end": null, "altitudeMode": null, "tessellate": -1, "extrude": 0, "visibility": -1, "drawOrder": null, "icon": null }, "geometry": { "type": "Point", "coordinates": [ 80.1893, 13.05008 ] } },
{ "type": "Feature", "properties": { "name": null, "layer": "schools", "id": null, "Name": null, "description": null, "timestamp": null, "begin": null, "end": null, "altitudeMode": null, "tessellate": -1, "extrude": 0, "visibility": -1, "drawOrder": null, "icon": null }, "geometry": { "type": "Point", "coordinates": [ 80.18816, 13.04583 ] } },
{ "type": "Feature", "properties": { "name": null, "layer": "schools", "id": null, "Name": null, "description": null, "timestamp": null, "begin": null, "end": null, "altitudeMode": null, "tessellate": -1, "extrude": 0, "visibility": -1, "drawOrder": null, "icon": null }, "geometry": { "type": "Point", "coordinates": [ 80.19071, 13.0368 ] } },
{ "type": "Feature", "properties": { "name": null, "layer": "schools", "id": null, "Name": null, "description": null, "timestamp": null, "begin": null, "end": null, "altitudeMode": null, "tessellate": -1, "extrude": 0, "visibility": -1, "drawOrder": null, "icon": null }, "geometry": { "type": "Point", "coordinates": [ 80.19266, 13.05476 ] } },
{ "type": "Feature", "properties": { "name": null, "layer": "schools", "id": null, "Name": null, "description": null, "timestamp": null, "begin": null, "end": null, "altitudeMode": null, "tessellate": -1, "extrude": 0, "visibility": -1, "drawOrder": null, "icon": null }, "geometry": { "type": "Point", "coordinates": [ 80.18733, 13.04781 ] } },
{ "type": "Feature", "properties": { "name": null, "layer": "schools", "id": null, "Name": null, "description": null, "timestamp": null, "begin": null, "end": null, "altitudeMode": null, "tessellate": -1, "extrude": 0, "visibility": -1, "drawOrder": null, "icon": null }, "geometry": { "type": "Point", "coordinates": [ 80.19261, 13.04929 ] } },
{ "type": "Feature", "properties": { "name": null, "layer": "schools", "id": null, "Name": null, "description": null, "timestamp": null, "begin": null, "end": null, "altitudeMode": null, "tessellate": -1, "extrude": 0, "visibility": -1, "drawOrder": null, "icon": null }, "geometry": { "type": "Point", "coordinates": [ 80.19261, 13.04929 ] } },
{ "type": "Feature", "properties": { "name": null, "layer": "schools", "id": null, "Name": null, "description": null, "timestamp": null, "begin": null, "end": null, "altitudeMode": null, "tessellate": -1, "extrude": 0, "visibility": -1, "drawOrder": null, "icon": null }, "geometry": { "type": "Point", "coordinates": [ 80.18879, 13.05397 ] } },
{ "type": "Feature", "properties": { "name": null, "layer": "schools", "id": null, "Name": null, "description": null, "timestamp": null, "begin": null, "end": null, "altitudeMode": null, "tessellate": -1, "extrude": 0, "visibility": -1, "drawOrder": null, "icon": null }, "geometry": { "type": "Point", "coordinates": [ 80.1902, 13.03591 ] } },
{ "type": "Feature", "properties": { "name": null, "layer": "schools", "id": null, "Name": null, "description": null, "timestamp": null, "begin": null, "end": null, "altitudeMode": null, "tessellate": -1, "extrude": 0, "visibility": -1, "drawOrder": null, "icon": null }, "geometry": { "type": "Point", "coordinates": [ 80.18966, 13.04149 ] } },
{ "type": "Feature", "properties": { "name": null, "layer": "schools", "id": null, "Name": null, "description": null, "timestamp": null, "begin": null, "end": null, "altitudeMode": null, "tessellate": -1, "extrude": 0, "visibility": -1, "drawOrder": null, "icon": null }, "geometry": { "type": "Point", "coordinates": [ 80.19165, 13.03515 ] } },
{ "type": "Feature", "properties": { "name": null, "layer": "schools", "id": null, "Name": null, "description": null, "timestamp": null, "begin": null, "end": null, "altitudeMode": null, "tessellate": -1, "extrude": 0, "visibility": -1, "drawOrder": null, "icon": null }, "geometry": { "type": "Point", "coordinates": [ 80.1968, 13.05338 ] } },
{ "type": "Feature", "properties": { "name": null, "layer": "schools", "id": null, "Name": null, "description": null, "timestamp": null, "begin": null, "end": null, "altitudeMode": null, "tessellate": -1, "extrude": 0, "visibility": -1, "drawOrder": null, "icon": null }, "geometry": { "type": "Point", "coordinates": [ 80.19441, 13.05431 ] } },
{ "type": "Feature", "properties": { "name": null, "layer": "schools", "id": null, "Name": null, "description": null, "timestamp": null, "begin": null, "end": null, "altitudeMode": null, "tessellate": -1, "extrude": 0, "visibility": -1, "drawOrder": null, "icon": null }, "geometry": { "type": "Point", "coordinates": [ 80.20698, 13.05265 ] } },
{ "type": "Feature", "properties": { "name": null, "layer": "schools", "id": null, "Name": null, "description": null, "timestamp": null, "begin": null, "end": null, "altitudeMode": null, "tessellate": -1, "extrude": 0, "visibility": -1, "drawOrder": null, "icon": null }, "geometry": { "type": "Point", "coordinates": [ 80.19798, 13.0514 ] } },
{ "type": "Feature", "properties": { "name": null, "layer": "schools", "id": null, "Name": null, "description": null, "timestamp": null, "begin": null, "end": null, "altitudeMode": null, "tessellate": -1, "extrude": 0, "visibility": -1, "drawOrder": null, "icon": null }, "geometry": { "type": "Point", "coordinates": [ 80.20519, 13.04872 ] } },
{ "type": "Feature", "properties": { "name": null, "layer": "schools", "id": null, "Name": null, "description": null, "timestamp": null, "begin": null, "end": null, "altitudeMode": null, "tessellate": -1, "extrude": 0, "visibility": -1, "drawOrder": null, "icon": null }, "geometry": { "type": "Point", "coordinates": [ 80.20244, 13.04848 ] } },
{ "type": "Feature", "properties": { "name": null, "layer": "schools", "id": null, "Name": null, "description": null, "timestamp": null, "begin": null, "end": null, "altitudeMode": null, "tessellate": -1, "extrude": 0, "visibility": -1, "drawOrder": null, "icon": null }, "geometry": { "type": "Point", "coordinates": [ 80.2664, 13.03076 ] } },
{ "type": "Feature", "properties": { "name": null, "layer": "schools", "id": null, "Name": null, "description": null, "timestamp": null, "begin": null, "end": null, "altitudeMode": null, "tessellate": -1, "extrude": 0, "visibility": -1, "drawOrder": null, "icon": null }, "geometry": { "type": "Point", "coordinates": [ 80.27495, 13.03992 ] } },
{ "type": "Feature", "properties": { "name": null, "layer": "schools", "id": null, "Name": null, "description": null, "timestamp": null, "begin": null, "end": null, "altitudeMode": null, "tessellate": -1, "extrude": 0, "visibility": -1, "drawOrder": null, "icon": null }, "geometry": { "type": "Point", "coordinates": [ 80.2762, 13.03548 ] } },
{ "type": "Feature", "properties": { "name": null, "layer": "schools", "id": null, "Name": null, "description": null, "timestamp": null, "begin": null, "end": null, "altitudeMode": null, "tessellate": -1, "extrude": 0, "visibility": -1, "drawOrder": null, "icon": null }, "geometry": { "type": "Point", "coordinates": [ 80.27782, 13.03513 ] } },
{ "type": "Feature", "properties": { "name": null, "layer": "schools", "id": null, "Name": null, "description": null, "timestamp": null, "begin": null, "end": null, "altitudeMode": null, "tessellate": -1, "extrude": 0, "visibility": -1, "drawOrder": null, "icon": null }, "geometry": { "type": "Point", "coordinates": [ 80.27718, 13.03422 ] } },
{ "type": "Feature", "properties": { "name": null, "layer": "schools", "id": null, "Name": null, "description": null, "timestamp": null, "begin": null, "end": null, "altitudeMode": null, "tessellate": -1, "extrude": 0, "visibility": -1, "drawOrder": null, "icon": null }, "geometry": { "type": "Point", "coordinates": [ 80.27634, 13.03231 ] } },
{ "type": "Feature", "properties": { "name": null, "layer": "schools", "id": null, "Name": null, "description": null, "timestamp": null, "begin": null, "end": null, "altitudeMode": null, "tessellate": -1, "extrude": 0, "visibility": -1, "drawOrder": null, "icon": null }, "geometry": { "type": "Point", "coordinates": [ 80.27627, 13.03434 ] } },
{ "type": "Feature", "properties": { "name": null, "layer": "schools", "id": null, "Name": null, "description": null, "timestamp": null, "begin": null, "end": null, "altitudeMode": null, "tessellate": -1, "extrude": 0, "visibility": -1, "drawOrder": null, "icon": null }, "geometry": { "type": "Point", "coordinates": [ 80.27361, 13.04245 ] } },
{ "type": "Feature", "properties": { "name": null, "layer": "schools", "id": null, "Name": null, "description": null, "timestamp": null, "begin": null, "end": null, "altitudeMode": null, "tessellate": -1, "extrude": 0, "visibility": -1, "drawOrder": null, "icon": null }, "geometry": { "type": "Point", "coordinates": [ 80.27317, 13.03633 ] } },
{ "type": "Feature", "properties": { "name": null, "layer": "schools", "id": null, "Name": null, "description": null, "timestamp": null, "begin": null, "end": null, "altitudeMode": null, "tessellate": -1, "extrude": 0, "visibility": -1, "drawOrder": null, "icon": null }, "geometry": { "type": "Point", "coordinates": [ 80.27648, 13.03384 ] } },
{ "type": "Feature", "properties": { "name": null, "layer": "schools", "id": null, "Name": null, "description": null, "timestamp": null, "begin": null, "end": null, "altitudeMode": null, "tessellate": -1, "extrude": 0, "visibility": -1, "drawOrder": null, "icon": null }, "geometry": { "type": "Point", "coordinates": [ 80.27822, 13.03808 ] } },
{ "type": "Feature", "properties": { "name": null, "layer": "schools", "id": null, "Name": null, "description": null, "timestamp": null, "begin": null, "end": null, "altitudeMode": null, "tessellate": -1, "extrude": 0, "visibility": -1, "drawOrder": null, "icon": null }, "geometry": { "type": "Point", "coordinates": [ 80.27182, 13.03282 ] } },
{ "type": "Feature", "properties": { "name": null, "layer": "schools", "id": null, "Name": null, "description": null, "timestamp": null, "begin": null, "end": null, "altitudeMode": null, "tessellate": -1, "extrude": 0, "visibility": -1, "drawOrder": null, "icon": null }, "geometry": { "type": "Point", "coordinates": [ 80.27657, 13.032 ] } },
{ "type": "Feature", "properties": { "name": null, "layer": "schools", "id": null, "Name": null, "description": null, "timestamp": null, "begin": null, "end": null, "altitudeMode": null, "tessellate": -1, "extrude": 0, "visibility": -1, "drawOrder": null, "icon": null }, "geometry": { "type": "Point", "coordinates": [ 80.27781, 13.03792 ] } },
{ "type": "Feature", "properties": { "name": null, "layer": "schools", "id": null, "Name": null, "description": null, "timestamp": null, "begin": null, "end": null, "altitudeMode": null, "tessellate": -1, "extrude": 0, "visibility": -1, "drawOrder": null, "icon": null }, "geometry": { "type": "Point", "coordinates": [ 80.27756, 13.03628 ] } },
{ "type": "Feature", "properties": { "name": null, "layer": "schools", "id": null, "Name": null, "description": null, "timestamp": null, "begin": null, "end": null, "altitudeMode": null, "tessellate": -1, "extrude": 0, "visibility": -1, "drawOrder": null, "icon": null }, "geometry": { "type": "Point", "coordinates": [ 80.27143, 13.032 ] } },
{ "type": "Feature", "properties": { "name": null, "layer": "schools", "id": null, "Name": null, "description": null, "timestamp": null, "begin": null, "end": null, "altitudeMode": null, "tessellate": -1, "extrude": 0, "visibility": -1, "drawOrder": null, "icon": null }, "geometry": { "type": "Point", "coordinates": [ 80.2774, 13.03515 ] } },
{ "type": "Feature", "properties": { "name": null, "layer": "schools", "id": null, "Name": null, "description": null, "timestamp": null, "begin": null, "end": null, "altitudeMode": null, "tessellate": -1, "extrude": 0, "visibility": -1, "drawOrder": null, "icon": null }, "geometry": { "type": "Point", "coordinates": [ 80.27196, 13.03255 ] } },
{ "type": "Feature", "properties": { "name": null, "layer": "schools", "id": null, "Name": null, "description": null, "timestamp": null, "begin": null, "end": null, "altitudeMode": null, "tessellate": -1, "extrude": 0, "visibility": -1, "drawOrder": null, "icon": null }, "geometry": { "type": "Point", "coordinates": [ 80.27623, 13.03401 ] } },
{ "type": "Feature", "properties": { "name": null, "layer": "schools", "id": null, "Name": null, "description": null, "timestamp": null, "begin": null, "end": null, "altitudeMode": null, "tessellate": -1, "extrude": 0, "visibility": -1, "drawOrder": null, "icon": null }, "geometry": { "type": "Point", "coordinates": [ 80.27771, 13.0329 ] } },
{ "type": "Feature", "properties": { "name": null, "layer": "schools", "id": null, "Name": null, "description": null, "timestamp": null, "begin": null, "end": null, "altitudeMode": null, "tessellate": -1, "extrude": 0, "visibility": -1, "drawOrder": null, "icon": null }, "geometry": { "type": "Point", "coordinates": [ 80.27801, 13.0342 ] } },
{ "type": "Feature", "properties": { "name": null, "layer": "schools", "id": null, "Name": null, "description": null, "timestamp": null, "begin": null, "end": null, "altitudeMode": null, "tessellate": -1, "extrude": 0, "visibility": -1, "drawOrder": null, "icon": null }, "geometry": { "type": "Point", "coordinates": [ 80.25774, 13.05116 ] } },
{ "type": "Feature", "properties": { "name": null, "layer": "schools", "id": null, "Name": null, "description": null, "timestamp": null, "begin": null, "end": null, "altitudeMode": null, "tessellate": -1, "extrude": 0, "visibility": -1, "drawOrder": null, "icon": null }, "geometry": { "type": "Point", "coordinates": [ 80.25626, 13.03926 ] } },
{ "type": "Feature", "properties": { "name": null, "layer": "schools", "id": null, "Name": null, "description": null, "timestamp": null, "begin": null, "end": null, "altitudeMode": null, "tessellate": -1, "extrude": 0, "visibility": -1, "drawOrder": null, "icon": null }, "geometry": { "type": "Point", "coordinates": [ 80.25789, 13.05294 ] } },
{ "type": "Feature", "properties": { "name": null, "layer": "schools", "id": null, "Name": null, "description": null, "timestamp": null, "begin": null, "end": null, "altitudeMode": null, "tessellate": -1, "extrude": 0, "visibility": -1, "drawOrder": null, "icon": null }, "geometry": { "type": "Point", "coordinates": [ 80.26879, 13.04995 ] } },
{ "type": "Feature", "properties": { "name": null, "layer": "schools", "id": null, "Name": null, "description": null, "timestamp": null, "begin": null, "end": null, "altitudeMode": null, "tessellate": -1, "extrude": 0, "visibility": -1, "drawOrder": null, "icon": null }, "geometry": { "type": "Point", "coordinates": [ 80.26645, 13.05347 ] } },
{ "type": "Feature", "properties": { "name": null, "layer": "schools", "id": null, "Name": null, "description": null, "timestamp": null, "begin": null, "end": null, "altitudeMode": null, "tessellate": -1, "extrude": 0, "visibility": -1, "drawOrder": null, "icon": null }, "geometry": { "type": "Point", "coordinates": [ 80.26821, 13.0462 ] } },
{ "type": "Feature", "properties": { "name": null, "layer": "schools", "id": null, "Name": null, "description": null, "timestamp": null, "begin": null, "end": null, "altitudeMode": null, "tessellate": -1, "extrude": 0, "visibility": -1, "drawOrder": null, "icon": null }, "geometry": { "type": "Point", "coordinates": [ 80.26779, 13.04957 ] } },
{ "type": "Feature", "properties": { "name": null, "layer": "schools", "id": null, "Name": null, "description": null, "timestamp": null, "begin": null, "end": null, "altitudeMode": null, "tessellate": -1, "extrude": 0, "visibility": -1, "drawOrder": null, "icon": null }, "geometry": { "type": "Point", "coordinates": [ 80.26995, 13.05026 ] } },
{ "type": "Feature", "properties": { "name": null, "layer": "schools", "id": null, "Name": null, "description": null, "timestamp": null, "begin": null, "end": null, "altitudeMode": null, "tessellate": -1, "extrude": 0, "visibility": -1, "drawOrder": null, "icon": null }, "geometry": { "type": "Point", "coordinates": [ 80.2642, 13.0519 ] } },
{ "type": "Feature", "properties": { "name": null, "layer": "schools", "id": null, "Name": null, "description": null, "timestamp": null, "begin": null, "end": null, "altitudeMode": null, "tessellate": -1, "extrude": 0, "visibility": -1, "drawOrder": null, "icon": null }, "geometry": { "type": "Point", "coordinates": [ 80.26334, 13.0513 ] } },
{ "type": "Feature", "properties": { "name": null, "layer": "schools", "id": null, "Name": null, "description": null, "timestamp": null, "begin": null, "end": null, "altitudeMode": null, "tessellate": -1, "extrude": 0, "visibility": -1, "drawOrder": null, "icon": null }, "geometry": { "type": "Point", "coordinates": [ 80.26777, 13.05311 ] } },
{ "type": "Feature", "properties": { "name": null, "layer": "schools", "id": null, "Name": null, "description": null, "timestamp": null, "begin": null, "end": null, "altitudeMode": null, "tessellate": -1, "extrude": 0, "visibility": -1, "drawOrder": null, "icon": null }, "geometry": { "type": "Point", "coordinates": [ 80.26362, 13.04771 ] } },
{ "type": "Feature", "properties": { "name": null, "layer": "schools", "id": null, "Name": null, "description": null, "timestamp": null, "begin": null, "end": null, "altitudeMode": null, "tessellate": -1, "extrude": 0, "visibility": -1, "drawOrder": null, "icon": null }, "geometry": { "type": "Point", "coordinates": [ 80.26897, 13.04536 ] } },
{ "type": "Feature", "properties": { "name": null, "layer": "schools", "id": null, "Name": null, "description": null, "timestamp": null, "begin": null, "end": null, "altitudeMode": null, "tessellate": -1, "extrude": 0, "visibility": -1, "drawOrder": null, "icon": null }, "geometry": { "type": "Point", "coordinates": [ 80.2683, 13.05345 ] } },
{ "type": "Feature", "properties": { "name": null, "layer": "schools", "id": null, "Name": null, "description": null, "timestamp": null, "begin": null, "end": null, "altitudeMode": null, "tessellate": -1, "extrude": 0, "visibility": -1, "drawOrder": null, "icon": null }, "geometry": { "type": "Point", "coordinates": [ 80.26225, 13.04402 ] } },
{ "type": "Feature", "properties": { "name": null, "layer": "schools", "id": null, "Name": null, "description": null, "timestamp": null, "begin": null, "end": null, "altitudeMode": null, "tessellate": -1, "extrude": 0, "visibility": -1, "drawOrder": null, "icon": null }, "geometry": { "type": "Point", "coordinates": [ 80.26974, 13.05194 ] } },
{ "type": "Feature", "properties": { "name": null, "layer": "schools", "id": null, "Name": null, "description": null, "timestamp": null, "begin": null, "end": null, "altitudeMode": null, "tessellate": -1, "extrude": 0, "visibility": -1, "drawOrder": null, "icon": null }, "geometry": { "type": "Point", "coordinates": [ 80.26633, 13.0478 ] } },
{ "type": "Feature", "properties": { "name": null, "layer": "schools", "id": null, "Name": null, "description": null, "timestamp": null, "begin": null, "end": null, "altitudeMode": null, "tessellate": -1, "extrude": 0, "visibility": -1, "drawOrder": null, "icon": null }, "geometry": { "type": "Point", "coordinates": [ 80.26419, 13.05295 ] } },
{ "type": "Feature", "properties": { "name": null, "layer": "schools", "id": null, "Name": null, "description": null, "timestamp": null, "begin": null, "end": null, "altitudeMode": null, "tessellate": -1, "extrude": 0, "visibility": -1, "drawOrder": null, "icon": null }, "geometry": { "type": "Point", "coordinates": [ 80.26426, 13.04168 ] } },
{ "type": "Feature", "properties": { "name": null, "layer": "schools", "id": null, "Name": null, "description": null, "timestamp": null, "begin": null, "end": null, "altitudeMode": null, "tessellate": -1, "extrude": 0, "visibility": -1, "drawOrder": null, "icon": null }, "geometry": { "type": "Point", "coordinates": [ 80.26899, 13.04516 ] } },
{ "type": "Feature", "properties": { "name": null, "layer": "schools", "id": null, "Name": null, "description": null, "timestamp": null, "begin": null, "end": null, "altitudeMode": null, "tessellate": -1, "extrude": 0, "visibility": -1, "drawOrder": null, "icon": null }, "geometry": { "type": "Point", "coordinates": [ 80.27079, 13.05232 ] } },
{ "type": "Feature", "properties": { "name": null, "layer": "schools", "id": null, "Name": null, "description": null, "timestamp": null, "begin": null, "end": null, "altitudeMode": null, "tessellate": -1, "extrude": 0, "visibility": -1, "drawOrder": null, "icon": null }, "geometry": { "type": "Point", "coordinates": [ 80.26324, 13.04495 ] } },
{ "type": "Feature", "properties": { "name": null, "layer": "schools", "id": null, "Name": null, "description": null, "timestamp": null, "begin": null, "end": null, "altitudeMode": null, "tessellate": -1, "extrude": 0, "visibility": -1, "drawOrder": null, "icon": null }, "geometry": { "type": "Point", "coordinates": [ 80.26261, 13.04787 ] } },
{ "type": "Feature", "properties": { "name": null, "layer": "schools", "id": null, "Name": null, "description": null, "timestamp": null, "begin": null, "end": null, "altitudeMode": null, "tessellate": -1, "extrude": 0, "visibility": -1, "drawOrder": null, "icon": null }, "geometry": { "type": "Point", "coordinates": [ 80.27015, 13.04653 ] } },
{ "type": "Feature", "properties": { "name": null, "layer": "schools", "id": null, "Name": null, "description": null, "timestamp": null, "begin": null, "end": null, "altitudeMode": null, "tessellate": -1, "extrude": 0, "visibility": -1, "drawOrder": null, "icon": null }, "geometry": { "type": "Point", "coordinates": [ 80.26539, 13.04903 ] } },
{ "type": "Feature", "properties": { "name": null, "layer": "schools", "id": null, "Name": null, "description": null, "timestamp": null, "begin": null, "end": null, "altitudeMode": null, "tessellate": -1, "extrude": 0, "visibility": -1, "drawOrder": null, "icon": null }, "geometry": { "type": "Point", "coordinates": [ 80.29803, 13.15244 ] } },
{ "type": "Feature", "properties": { "name": null, "layer": "schools", "id": null, "Name": null, "description": null, "timestamp": null, "begin": null, "end": null, "altitudeMode": null, "tessellate": -1, "extrude": 0, "visibility": -1, "drawOrder": null, "icon": null }, "geometry": { "type": "Point", "coordinates": [ 80.29771, 13.15327 ] } },
{ "type": "Feature", "properties": { "name": null, "layer": "schools", "id": null, "Name": null, "description": null, "timestamp": null, "begin": null, "end": null, "altitudeMode": null, "tessellate": -1, "extrude": 0, "visibility": -1, "drawOrder": null, "icon": null }, "geometry": { "type": "Point", "coordinates": [ 80.2993, 13.15088 ] } },
{ "type": "Feature", "properties": { "name": null, "layer": "schools", "id": null, "Name": null, "description": null, "timestamp": null, "begin": null, "end": null, "altitudeMode": null, "tessellate": -1, "extrude": 0, "visibility": -1, "drawOrder": null, "icon": null }, "geometry": { "type": "Point", "coordinates": [ 80.29626, 13.15392 ] } },
{ "type": "Feature", "properties": { "name": null, "layer": "schools", "id": null, "Name": null, "description": null, "timestamp": null, "begin": null, "end": null, "altitudeMode": null, "tessellate": -1, "extrude": 0, "visibility": -1, "drawOrder": null, "icon": null }, "geometry": { "type": "Point", "coordinates": [ 80.29929, 13.15007 ] } },
{ "type": "Feature", "properties": { "name": null, "layer": "schools", "id": null, "Name": null, "description": null, "timestamp": null, "begin": null, "end": null, "altitudeMode": null, "tessellate": -1, "extrude": 0, "visibility": -1, "drawOrder": null, "icon": null }, "geometry": { "type": "Point", "coordinates": [ 80.27501, 13.04792 ] } },
{ "type": "Feature", "properties": { "name": null, "layer": "schools", "id": null, "Name": null, "description": null, "timestamp": null, "begin": null, "end": null, "altitudeMode": null, "tessellate": -1, "extrude": 0, "visibility": -1, "drawOrder": null, "icon": null }, "geometry": { "type": "Point", "coordinates": [ 80.27826, 13.051 ] } },
{ "type": "Feature", "properties": { "name": null, "layer": "schools", "id": null, "Name": null, "description": null, "timestamp": null, "begin": null, "end": null, "altitudeMode": null, "tessellate": -1, "extrude": 0, "visibility": -1, "drawOrder": null, "icon": null }, "geometry": { "type": "Point", "coordinates": [ 80.2794, 13.05047 ] } },
{ "type": "Feature", "properties": { "name": null, "layer": "schools", "id": null, "Name": null, "description": null, "timestamp": null, "begin": null, "end": null, "altitudeMode": null, "tessellate": -1, "extrude": 0, "visibility": -1, "drawOrder": null, "icon": null }, "geometry": { "type": "Point", "coordinates": [ 80.27501, 13.05099 ] } },
{ "type": "Feature", "properties": { "name": null, "layer": "schools", "id": null, "Name": null, "description": null, "timestamp": null, "begin": null, "end": null, "altitudeMode": null, "tessellate": -1, "extrude": 0, "visibility": -1, "drawOrder": null, "icon": null }, "geometry": { "type": "Point", "coordinates": [ 80.27215, 13.05286 ] } },
{ "type": "Feature", "properties": { "name": null, "layer": "schools", "id": null, "Name": null, "description": null, "timestamp": null, "begin": null, "end": null, "altitudeMode": null, "tessellate": -1, "extrude": 0, "visibility": -1, "drawOrder": null, "icon": null }, "geometry": { "type": "Point", "coordinates": [ 80.27488, 13.05219 ] } },
{ "type": "Feature", "properties": { "name": null, "layer": "schools", "id": null, "Name": null, "description": null, "timestamp": null, "begin": null, "end": null, "altitudeMode": null, "tessellate": -1, "extrude": 0, "visibility": -1, "drawOrder": null, "icon": null }, "geometry": { "type": "Point", "coordinates": [ 80.27469, 13.05082 ] } },
{ "type": "Feature", "properties": { "name": null, "layer": "schools", "id": null, "Name": null, "description": null, "timestamp": null, "begin": null, "end": null, "altitudeMode": null, "tessellate": -1, "extrude": 0, "visibility": -1, "drawOrder": null, "icon": null }, "geometry": { "type": "Point", "coordinates": [ 80.27466, 13.05053 ] } },
{ "type": "Feature", "properties": { "name": null, "layer": "schools", "id": null, "Name": null, "description": null, "timestamp": null, "begin": null, "end": null, "altitudeMode": null, "tessellate": -1, "extrude": 0, "visibility": -1, "drawOrder": null, "icon": null }, "geometry": { "type": "Point", "coordinates": [ 80.2797, 13.04671 ] } },
{ "type": "Feature", "properties": { "name": null, "layer": "schools", "id": null, "Name": null, "description": null, "timestamp": null, "begin": null, "end": null, "altitudeMode": null, "tessellate": -1, "extrude": 0, "visibility": -1, "drawOrder": null, "icon": null }, "geometry": { "type": "Point", "coordinates": [ 80.2746, 13.05043 ] } },
{ "type": "Feature", "properties": { "name": null, "layer": "schools", "id": null, "Name": null, "description": null, "timestamp": null, "begin": null, "end": null, "altitudeMode": null, "tessellate": -1, "extrude": 0, "visibility": -1, "drawOrder": null, "icon": null }, "geometry": { "type": "Point", "coordinates": [ 80.26951, 13.04192 ] } },
{ "type": "Feature", "properties": { "name": null, "layer": "schools", "id": null, "Name": null, "description": null, "timestamp": null, "begin": null, "end": null, "altitudeMode": null, "tessellate": -1, "extrude": 0, "visibility": -1, "drawOrder": null, "icon": null }, "geometry": { "type": "Point", "coordinates": [ 80.26472, 13.04181 ] } },
{ "type": "Feature", "properties": { "name": null, "layer": "schools", "id": null, "Name": null, "description": null, "timestamp": null, "begin": null, "end": null, "altitudeMode": null, "tessellate": -1, "extrude": 0, "visibility": -1, "drawOrder": null, "icon": null }, "geometry": { "type": "Point", "coordinates": [ 80.26603, 13.03942 ] } },
{ "type": "Feature", "properties": { "name": null, "layer": "schools", "id": null, "Name": null, "description": null, "timestamp": null, "begin": null, "end": null, "altitudeMode": null, "tessellate": -1, "extrude": 0, "visibility": -1, "drawOrder": null, "icon": null }, "geometry": { "type": "Point", "coordinates": [ 80.27902, 13.04443 ] } },
{ "type": "Feature", "properties": { "name": null, "layer": "schools", "id": null, "Name": null, "description": null, "timestamp": null, "begin": null, "end": null, "altitudeMode": null, "tessellate": -1, "extrude": 0, "visibility": -1, "drawOrder": null, "icon": null }, "geometry": { "type": "Point", "coordinates": [ 80.2722, 13.04715 ] } },
{ "type": "Feature", "properties": { "name": null, "layer": "schools", "id": null, "Name": null, "description": null, "timestamp": null, "begin": null, "end": null, "altitudeMode": null, "tessellate": -1, "extrude": 0, "visibility": -1, "drawOrder": null, "icon": null }, "geometry": { "type": "Point", "coordinates": [ 80.27191, 13.04716 ] } },
{ "type": "Feature", "properties": { "name": null, "layer": "schools", "id": null, "Name": null, "description": null, "timestamp": null, "begin": null, "end": null, "altitudeMode": null, "tessellate": -1, "extrude": 0, "visibility": -1, "drawOrder": null, "icon": null }, "geometry": { "type": "Point", "coordinates": [ 80.26842, 13.04021 ] } },
{ "type": "Feature", "properties": { "name": null, "layer": "schools", "id": null, "Name": null, "description": null, "timestamp": null, "begin": null, "end": null, "altitudeMode": null, "tessellate": -1, "extrude": 0, "visibility": -1, "drawOrder": null, "icon": null }, "geometry": { "type": "Point", "coordinates": [ 80.26603, 13.0433 ] } },
{ "type": "Feature", "properties": { "name": null, "layer": "schools", "id": null, "Name": null, "description": null, "timestamp": null, "begin": null, "end": null, "altitudeMode": null, "tessellate": -1, "extrude": 0, "visibility": -1, "drawOrder": null, "icon": null }, "geometry": { "type": "Point", "coordinates": [ 80.27379, 13.04818 ] } },
{ "type": "Feature", "properties": { "name": null, "layer": "schools", "id": null, "Name": null, "description": null, "timestamp": null, "begin": null, "end": null, "altitudeMode": null, "tessellate": -1, "extrude": 0, "visibility": -1, "drawOrder": null, "icon": null }, "geometry": { "type": "Point", "coordinates": [ 80.26521, 13.0399 ] } },
{ "type": "Feature", "properties": { "name": null, "layer": "schools", "id": null, "Name": null, "description": null, "timestamp": null, "begin": null, "end": null, "altitudeMode": null, "tessellate": -1, "extrude": 0, "visibility": -1, "drawOrder": null, "icon": null }, "geometry": { "type": "Point", "coordinates": [ 80.27232, 13.04449 ] } },
{ "type": "Feature", "properties": { "name": null, "layer": "schools", "id": null, "Name": null, "description": null, "timestamp": null, "begin": null, "end": null, "altitudeMode": null, "tessellate": -1, "extrude": 0, "visibility": -1, "drawOrder": null, "icon": null }, "geometry": { "type": "Point", "coordinates": [ 80.26931, 13.04017 ] } },
{ "type": "Feature", "properties": { "name": null, "layer": "schools", "id": null, "Name": null, "description": null, "timestamp": null, "begin": null, "end": null, "altitudeMode": null, "tessellate": -1, "extrude": 0, "visibility": -1, "drawOrder": null, "icon": null }, "geometry": { "type": "Point", "coordinates": [ 80.27175, 13.04719 ] } },
{ "type": "Feature", "properties": { "name": null, "layer": "schools", "id": null, "Name": null, "description": null, "timestamp": null, "begin": null, "end": null, "altitudeMode": null, "tessellate": -1, "extrude": 0, "visibility": -1, "drawOrder": null, "icon": null }, "geometry": { "type": "Point", "coordinates": [ 80.24666, 13.03546 ] } },
{ "type": "Feature", "properties": { "name": null, "layer": "schools", "id": null, "Name": null, "description": null, "timestamp": null, "begin": null, "end": null, "altitudeMode": null, "tessellate": -1, "extrude": 0, "visibility": -1, "drawOrder": null, "icon": null }, "geometry": { "type": "Point", "coordinates": [ 80.24971, 13.03537 ] } },
{ "type": "Feature", "properties": { "name": null, "layer": "schools", "id": null, "Name": null, "description": null, "timestamp": null, "begin": null, "end": null, "altitudeMode": null, "tessellate": -1, "extrude": 0, "visibility": -1, "drawOrder": null, "icon": null }, "geometry": { "type": "Point", "coordinates": [ 80.25039, 13.0222 ] } },
{ "type": "Feature", "properties": { "name": null, "layer": "schools", "id": null, "Name": null, "description": null, "timestamp": null, "begin": null, "end": null, "altitudeMode": null, "tessellate": -1, "extrude": 0, "visibility": -1, "drawOrder": null, "icon": null }, "geometry": { "type": "Point", "coordinates": [ 80.2438, 13.02937 ] } },
{ "type": "Feature", "properties": { "name": null, "layer": "schools", "id": null, "Name": null, "description": null, "timestamp": null, "begin": null, "end": null, "altitudeMode": null, "tessellate": -1, "extrude": 0, "visibility": -1, "drawOrder": null, "icon": null }, "geometry": { "type": "Point", "coordinates": [ 80.24362, 13.02943 ] } },
{ "type": "Feature", "properties": { "name": null, "layer": "schools", "id": null, "Name": null, "description": null, "timestamp": null, "begin": null, "end": null, "altitudeMode": null, "tessellate": -1, "extrude": 0, "visibility": -1, "drawOrder": null, "icon": null }, "geometry": { "type": "Point", "coordinates": [ 80.24357, 13.02901 ] } },
{ "type": "Feature", "properties": { "name": null, "layer": "schools", "id": null, "Name": null, "description": null, "timestamp": null, "begin": null, "end": null, "altitudeMode": null, "tessellate": -1, "extrude": 0, "visibility": -1, "drawOrder": null, "icon": null }, "geometry": { "type": "Point", "coordinates": [ 80.24666, 13.03546 ] } },
{ "type": "Feature", "properties": { "name": null, "layer": "schools", "id": null, "Name": null, "description": null, "timestamp": null, "begin": null, "end": null, "altitudeMode": null, "tessellate": -1, "extrude": 0, "visibility": -1, "drawOrder": null, "icon": null }, "geometry": { "type": "Point", "coordinates": [ 80.26088, 13.03809 ] } },
{ "type": "Feature", "properties": { "name": null, "layer": "schools", "id": null, "Name": null, "description": null, "timestamp": null, "begin": null, "end": null, "altitudeMode": null, "tessellate": -1, "extrude": 0, "visibility": -1, "drawOrder": null, "icon": null }, "geometry": { "type": "Point", "coordinates": [ 80.25921, 13.02899 ] } },
{ "type": "Feature", "properties": { "name": null, "layer": "schools", "id": null, "Name": null, "description": null, "timestamp": null, "begin": null, "end": null, "altitudeMode": null, "tessellate": -1, "extrude": 0, "visibility": -1, "drawOrder": null, "icon": null }, "geometry": { "type": "Point", "coordinates": [ 80.2557, 13.03355 ] } },
{ "type": "Feature", "properties": { "name": null, "layer": "schools", "id": null, "Name": null, "description": null, "timestamp": null, "begin": null, "end": null, "altitudeMode": null, "tessellate": -1, "extrude": 0, "visibility": -1, "drawOrder": null, "icon": null }, "geometry": { "type": "Point", "coordinates": [ 80.25896, 13.03796 ] } },
{ "type": "Feature", "properties": { "name": null, "layer": "schools", "id": null, "Name": null, "description": null, "timestamp": null, "begin": null, "end": null, "altitudeMode": null, "tessellate": -1, "extrude": 0, "visibility": -1, "drawOrder": null, "icon": null }, "geometry": { "type": "Point", "coordinates": [ 80.25169, 13.03801 ] } },
{ "type": "Feature", "properties": { "name": null, "layer": "schools", "id": null, "Name": null, "description": null, "timestamp": null, "begin": null, "end": null, "altitudeMode": null, "tessellate": -1, "extrude": 0, "visibility": -1, "drawOrder": null, "icon": null }, "geometry": { "type": "Point", "coordinates": [ 80.25076, 13.02926 ] } },
{ "type": "Feature", "properties": { "name": null, "layer": "schools", "id": null, "Name": null, "description": null, "timestamp": null, "begin": null, "end": null, "altitudeMode": null, "tessellate": -1, "extrude": 0, "visibility": -1, "drawOrder": null, "icon": null }, "geometry": { "type": "Point", "coordinates": [ 80.21125, 13.03012 ] } },
{ "type": "Feature", "properties": { "name": null, "layer": "schools", "id": null, "Name": null, "description": null, "timestamp": null, "begin": null, "end": null, "altitudeMode": null, "tessellate": -1, "extrude": 0, "visibility": -1, "drawOrder": null, "icon": null }, "geometry": { "type": "Point", "coordinates": [ 80.21235, 13.02978 ] } },
{ "type": "Feature", "properties": { "name": null, "layer": "schools", "id": null, "Name": null, "description": null, "timestamp": null, "begin": null, "end": null, "altitudeMode": null, "tessellate": -1, "extrude": 0, "visibility": -1, "drawOrder": null, "icon": null }, "geometry": { "type": "Point", "coordinates": [ 80.2114, 13.02615 ] } },
{ "type": "Feature", "properties": { "name": null, "layer": "schools", "id": null, "Name": null, "description": null, "timestamp": null, "begin": null, "end": null, "altitudeMode": null, "tessellate": -1, "extrude": 0, "visibility": -1, "drawOrder": null, "icon": null }, "geometry": { "type": "Point", "coordinates": [ 80.21235, 13.02978 ] } },
{ "type": "Feature", "properties": { "name": null, "layer": "schools", "id": null, "Name": null, "description": null, "timestamp": null, "begin": null, "end": null, "altitudeMode": null, "tessellate": -1, "extrude": 0, "visibility": -1, "drawOrder": null, "icon": null }, "geometry": { "type": "Point", "coordinates": [ 80.21128, 13.02554 ] } },
{ "type": "Feature", "properties": { "name": null, "layer": "schools", "id": null, "Name": null, "description": null, "timestamp": null, "begin": null, "end": null, "altitudeMode": null, "tessellate": -1, "extrude": 0, "visibility": -1, "drawOrder": null, "icon": null }, "geometry": { "type": "Point", "coordinates": [ 80.21315, 13.02969 ] } },
{ "type": "Feature", "properties": { "name": null, "layer": "schools", "id": null, "Name": null, "description": null, "timestamp": null, "begin": null, "end": null, "altitudeMode": null, "tessellate": -1, "extrude": 0, "visibility": -1, "drawOrder": null, "icon": null }, "geometry": { "type": "Point", "coordinates": [ 80.30236, 13.14923 ] } },
{ "type": "Feature", "properties": { "name": null, "layer": "schools", "id": null, "Name": null, "description": null, "timestamp": null, "begin": null, "end": null, "altitudeMode": null, "tessellate": -1, "extrude": 0, "visibility": -1, "drawOrder": null, "icon": null }, "geometry": { "type": "Point", "coordinates": [ 80.30214, 13.15155 ] } },
{ "type": "Feature", "properties": { "name": null, "layer": "schools", "id": null, "Name": null, "description": null, "timestamp": null, "begin": null, "end": null, "altitudeMode": null, "tessellate": -1, "extrude": 0, "visibility": -1, "drawOrder": null, "icon": null }, "geometry": { "type": "Point", "coordinates": [ 80.2979, 13.14604 ] } },
{ "type": "Feature", "properties": { "name": null, "layer": "schools", "id": null, "Name": null, "description": null, "timestamp": null, "begin": null, "end": null, "altitudeMode": null, "tessellate": -1, "extrude": 0, "visibility": -1, "drawOrder": null, "icon": null }, "geometry": { "type": "Point", "coordinates": [ 80.29876, 13.14759 ] } },
{ "type": "Feature", "properties": { "name": null, "layer": "schools", "id": null, "Name": null, "description": null, "timestamp": null, "begin": null, "end": null, "altitudeMode": null, "tessellate": -1, "extrude": 0, "visibility": -1, "drawOrder": null, "icon": null }, "geometry": { "type": "Point", "coordinates": [ 80.30236, 13.15128 ] } },
{ "type": "Feature", "properties": { "name": null, "layer": "schools", "id": null, "Name": null, "description": null, "timestamp": null, "begin": null, "end": null, "altitudeMode": null, "tessellate": -1, "extrude": 0, "visibility": -1, "drawOrder": null, "icon": null }, "geometry": { "type": "Point", "coordinates": [ 80.22472, 13.02876 ] } },
{ "type": "Feature", "properties": { "name": null, "layer": "schools", "id": null, "Name": null, "description": null, "timestamp": null, "begin": null, "end": null, "altitudeMode": null, "tessellate": -1, "extrude": 0, "visibility": -1, "drawOrder": null, "icon": null }, "geometry": { "type": "Point", "coordinates": [ 80.22155, 13.02832 ] } },
{ "type": "Feature", "properties": { "name": null, "layer": "schools", "id": null, "Name": null, "description": null, "timestamp": null, "begin": null, "end": null, "altitudeMode": null, "tessellate": -1, "extrude": 0, "visibility": -1, "drawOrder": null, "icon": null }, "geometry": { "type": "Point", "coordinates": [ 80.22397, 13.02906 ] } },
{ "type": "Feature", "properties": { "name": null, "layer": "schools", "id": null, "Name": null, "description": null, "timestamp": null, "begin": null, "end": null, "altitudeMode": null, "tessellate": -1, "extrude": 0, "visibility": -1, "drawOrder": null, "icon": null }, "geometry": { "type": "Point", "coordinates": [ 80.22221, 13.03358 ] } },
{ "type": "Feature", "properties": { "name": null, "layer": "schools", "id": null, "Name": null, "description": null, "timestamp": null, "begin": null, "end": null, "altitudeMode": null, "tessellate": -1, "extrude": 0, "visibility": -1, "drawOrder": null, "icon": null }, "geometry": { "type": "Point", "coordinates": [ 80.22403, 13.03128 ] } },
{ "type": "Feature", "properties": { "name": null, "layer": "schools", "id": null, "Name": null, "description": null, "timestamp": null, "begin": null, "end": null, "altitudeMode": null, "tessellate": -1, "extrude": 0, "visibility": -1, "drawOrder": null, "icon": null }, "geometry": { "type": "Point", "coordinates": [ 80.22604, 13.03456 ] } },
{ "type": "Feature", "properties": { "name": null, "layer": "schools", "id": null, "Name": null, "description": null, "timestamp": null, "begin": null, "end": null, "altitudeMode": null, "tessellate": -1, "extrude": 0, "visibility": -1, "drawOrder": null, "icon": null }, "geometry": { "type": "Point", "coordinates": [ 80.22601, 13.03527 ] } },
{ "type": "Feature", "properties": { "name": null, "layer": "schools", "id": null, "Name": null, "description": null, "timestamp": null, "begin": null, "end": null, "altitudeMode": null, "tessellate": -1, "extrude": 0, "visibility": -1, "drawOrder": null, "icon": null }, "geometry": { "type": "Point", "coordinates": [ 80.22594, 13.03505 ] } },
{ "type": "Feature", "properties": { "name": null, "layer": "schools", "id": null, "Name": null, "description": null, "timestamp": null, "begin": null, "end": null, "altitudeMode": null, "tessellate": -1, "extrude": 0, "visibility": -1, "drawOrder": null, "icon": null }, "geometry": { "type": "Point", "coordinates": [ 80.22594, 13.03505 ] } },
{ "type": "Feature", "properties": { "name": null, "layer": "schools", "id": null, "Name": null, "description": null, "timestamp": null, "begin": null, "end": null, "altitudeMode": null, "tessellate": -1, "extrude": 0, "visibility": -1, "drawOrder": null, "icon": null }, "geometry": { "type": "Point", "coordinates": [ 80.22731, 13.03362 ] } },
{ "type": "Feature", "properties": { "name": null, "layer": "schools", "id": null, "Name": null, "description": null, "timestamp": null, "begin": null, "end": null, "altitudeMode": null, "tessellate": -1, "extrude": 0, "visibility": -1, "drawOrder": null, "icon": null }, "geometry": { "type": "Point", "coordinates": [ 80.22873, 13.03422 ] } },
{ "type": "Feature", "properties": { "name": null, "layer": "schools", "id": null, "Name": null, "description": null, "timestamp": null, "begin": null, "end": null, "altitudeMode": null, "tessellate": -1, "extrude": 0, "visibility": -1, "drawOrder": null, "icon": null }, "geometry": { "type": "Point", "coordinates": [ 80.22609, 13.03079 ] } },
{ "type": "Feature", "properties": { "name": null, "layer": "schools", "id": null, "Name": null, "description": null, "timestamp": null, "begin": null, "end": null, "altitudeMode": null, "tessellate": -1, "extrude": 0, "visibility": -1, "drawOrder": null, "icon": null }, "geometry": { "type": "Point", "coordinates": [ 80.23875, 13.03233 ] } },
{ "type": "Feature", "properties": { "name": null, "layer": "schools", "id": null, "Name": null, "description": null, "timestamp": null, "begin": null, "end": null, "altitudeMode": null, "tessellate": -1, "extrude": 0, "visibility": -1, "drawOrder": null, "icon": null }, "geometry": { "type": "Point", "coordinates": [ 80.22838, 13.03482 ] } },
{ "type": "Feature", "properties": { "name": null, "layer": "schools", "id": null, "Name": null, "description": null, "timestamp": null, "begin": null, "end": null, "altitudeMode": null, "tessellate": -1, "extrude": 0, "visibility": -1, "drawOrder": null, "icon": null }, "geometry": { "type": "Point", "coordinates": [ 80.22632, 13.03075 ] } },
{ "type": "Feature", "properties": { "name": null, "layer": "schools", "id": null, "Name": null, "description": null, "timestamp": null, "begin": null, "end": null, "altitudeMode": null, "tessellate": -1, "extrude": 0, "visibility": -1, "drawOrder": null, "icon": null }, "geometry": { "type": "Point", "coordinates": [ 80.2341, 13.02843 ] } },
{ "type": "Feature", "properties": { "name": null, "layer": "schools", "id": null, "Name": null, "description": null, "timestamp": null, "begin": null, "end": null, "altitudeMode": null, "tessellate": -1, "extrude": 0, "visibility": -1, "drawOrder": null, "icon": null }, "geometry": { "type": "Point", "coordinates": [ 80.2341, 13.02843 ] } },
{ "type": "Feature", "properties": { "name": null, "layer": "schools", "id": null, "Name": null, "description": null, "timestamp": null, "begin": null, "end": null, "altitudeMode": null, "tessellate": -1, "extrude": 0, "visibility": -1, "drawOrder": null, "icon": null }, "geometry": { "type": "Point", "coordinates": [ 80.22202, 13.02003 ] } },
{ "type": "Feature", "properties": { "name": null, "layer": "schools", "id": null, "Name": null, "description": null, "timestamp": null, "begin": null, "end": null, "altitudeMode": null, "tessellate": -1, "extrude": 0, "visibility": -1, "drawOrder": null, "icon": null }, "geometry": { "type": "Point", "coordinates": [ 80.21847, 13.02502 ] } },
{ "type": "Feature", "properties": { "name": null, "layer": "schools", "id": null, "Name": null, "description": null, "timestamp": null, "begin": null, "end": null, "altitudeMode": null, "tessellate": -1, "extrude": 0, "visibility": -1, "drawOrder": null, "icon": null }, "geometry": { "type": "Point", "coordinates": [ 80.21674, 13.02168 ] } },
{ "type": "Feature", "properties": { "name": null, "layer": "schools", "id": null, "Name": null, "description": null, "timestamp": null, "begin": null, "end": null, "altitudeMode": null, "tessellate": -1, "extrude": 0, "visibility": -1, "drawOrder": null, "icon": null }, "geometry": { "type": "Point", "coordinates": [ 80.21738, 13.0242 ] } },
{ "type": "Feature", "properties": { "name": null, "layer": "schools", "id": null, "Name": null, "description": null, "timestamp": null, "begin": null, "end": null, "altitudeMode": null, "tessellate": -1, "extrude": 0, "visibility": -1, "drawOrder": null, "icon": null }, "geometry": { "type": "Point", "coordinates": [ 80.21673, 13.02258 ] } },
{ "type": "Feature", "properties": { "name": null, "layer": "schools", "id": null, "Name": null, "description": null, "timestamp": null, "begin": null, "end": null, "altitudeMode": null, "tessellate": -1, "extrude": 0, "visibility": -1, "drawOrder": null, "icon": null }, "geometry": { "type": "Point", "coordinates": [ 80.22074, 13.02215 ] } },
{ "type": "Feature", "properties": { "name": null, "layer": "schools", "id": null, "Name": null, "description": null, "timestamp": null, "begin": null, "end": null, "altitudeMode": null, "tessellate": -1, "extrude": 0, "visibility": -1, "drawOrder": null, "icon": null }, "geometry": { "type": "Point", "coordinates": [ 80.22514, 13.02374 ] } },
{ "type": "Feature", "properties": { "name": null, "layer": "schools", "id": null, "Name": null, "description": null, "timestamp": null, "begin": null, "end": null, "altitudeMode": null, "tessellate": -1, "extrude": 0, "visibility": -1, "drawOrder": null, "icon": null }, "geometry": { "type": "Point", "coordinates": [ 80.22051, 13.01999 ] } },
{ "type": "Feature", "properties": { "name": null, "layer": "schools", "id": null, "Name": null, "description": null, "timestamp": null, "begin": null, "end": null, "altitudeMode": null, "tessellate": -1, "extrude": 0, "visibility": -1, "drawOrder": null, "icon": null }, "geometry": { "type": "Point", "coordinates": [ 80.22245, 13.01975 ] } },
{ "type": "Feature", "properties": { "name": null, "layer": "schools", "id": null, "Name": null, "description": null, "timestamp": null, "begin": null, "end": null, "altitudeMode": null, "tessellate": -1, "extrude": 0, "visibility": -1, "drawOrder": null, "icon": null }, "geometry": { "type": "Point", "coordinates": [ 80.22635, 13.02279 ] } },
{ "type": "Feature", "properties": { "name": null, "layer": "schools", "id": null, "Name": null, "description": null, "timestamp": null, "begin": null, "end": null, "altitudeMode": null, "tessellate": -1, "extrude": 0, "visibility": -1, "drawOrder": null, "icon": null }, "geometry": { "type": "Point", "coordinates": [ 80.21859, 13.02187 ] } },
{ "type": "Feature", "properties": { "name": null, "layer": "schools", "id": null, "Name": null, "description": null, "timestamp": null, "begin": null, "end": null, "altitudeMode": null, "tessellate": -1, "extrude": 0, "visibility": -1, "drawOrder": null, "icon": null }, "geometry": { "type": "Point", "coordinates": [ 80.2261, 13.02389 ] } },
{ "type": "Feature", "properties": { "name": null, "layer": "schools", "id": null, "Name": null, "description": null, "timestamp": null, "begin": null, "end": null, "altitudeMode": null, "tessellate": -1, "extrude": 0, "visibility": -1, "drawOrder": null, "icon": null }, "geometry": { "type": "Point", "coordinates": [ 80.22297, 13.02493 ] } },
{ "type": "Feature", "properties": { "name": null, "layer": "schools", "id": null, "Name": null, "description": null, "timestamp": null, "begin": null, "end": null, "altitudeMode": null, "tessellate": -1, "extrude": 0, "visibility": -1, "drawOrder": null, "icon": null }, "geometry": { "type": "Point", "coordinates": [ 80.21956, 13.02536 ] } },
{ "type": "Feature", "properties": { "name": null, "layer": "schools", "id": null, "Name": null, "description": null, "timestamp": null, "begin": null, "end": null, "altitudeMode": null, "tessellate": -1, "extrude": 0, "visibility": -1, "drawOrder": null, "icon": null }, "geometry": { "type": "Point", "coordinates": [ 80.21975, 13.0219 ] } },
{ "type": "Feature", "properties": { "name": null, "layer": "schools", "id": null, "Name": null, "description": null, "timestamp": null, "begin": null, "end": null, "altitudeMode": null, "tessellate": -1, "extrude": 0, "visibility": -1, "drawOrder": null, "icon": null }, "geometry": { "type": "Point", "coordinates": [ 80.21847, 13.02553 ] } },
{ "type": "Feature", "properties": { "name": null, "layer": "schools", "id": null, "Name": null, "description": null, "timestamp": null, "begin": null, "end": null, "altitudeMode": null, "tessellate": -1, "extrude": 0, "visibility": -1, "drawOrder": null, "icon": null }, "geometry": { "type": "Point", "coordinates": [ 80.21765, 13.0242 ] } },
{ "type": "Feature", "properties": { "name": null, "layer": "schools", "id": null, "Name": null, "description": null, "timestamp": null, "begin": null, "end": null, "altitudeMode": null, "tessellate": -1, "extrude": 0, "visibility": -1, "drawOrder": null, "icon": null }, "geometry": { "type": "Point", "coordinates": [ 80.22176, 13.02341 ] } },
{ "type": "Feature", "properties": { "name": null, "layer": "schools", "id": null, "Name": null, "description": null, "timestamp": null, "begin": null, "end": null, "altitudeMode": null, "tessellate": -1, "extrude": 0, "visibility": -1, "drawOrder": null, "icon": null }, "geometry": { "type": "Point", "coordinates": [ 80.20368, 13.05425 ] } },
{ "type": "Feature", "properties": { "name": null, "layer": "schools", "id": null, "Name": null, "description": null, "timestamp": null, "begin": null, "end": null, "altitudeMode": null, "tessellate": -1, "extrude": 0, "visibility": -1, "drawOrder": null, "icon": null }, "geometry": { "type": "Point", "coordinates": [ 80.20718, 13.05311 ] } },
{ "type": "Feature", "properties": { "name": null, "layer": "schools", "id": null, "Name": null, "description": null, "timestamp": null, "begin": null, "end": null, "altitudeMode": null, "tessellate": -1, "extrude": 0, "visibility": -1, "drawOrder": null, "icon": null }, "geometry": { "type": "Point", "coordinates": [ 80.20476, 13.04645 ] } },
{ "type": "Feature", "properties": { "name": null, "layer": "schools", "id": null, "Name": null, "description": null, "timestamp": null, "begin": null, "end": null, "altitudeMode": null, "tessellate": -1, "extrude": 0, "visibility": -1, "drawOrder": null, "icon": null }, "geometry": { "type": "Point", "coordinates": [ 80.20261, 13.05404 ] } },
{ "type": "Feature", "properties": { "name": null, "layer": "schools", "id": null, "Name": null, "description": null, "timestamp": null, "begin": null, "end": null, "altitudeMode": null, "tessellate": -1, "extrude": 0, "visibility": -1, "drawOrder": null, "icon": null }, "geometry": { "type": "Point", "coordinates": [ 80.20328, 13.05742 ] } },
{ "type": "Feature", "properties": { "name": null, "layer": "schools", "id": null, "Name": null, "description": null, "timestamp": null, "begin": null, "end": null, "altitudeMode": null, "tessellate": -1, "extrude": 0, "visibility": -1, "drawOrder": null, "icon": null }, "geometry": { "type": "Point", "coordinates": [ 80.20013, 13.05464 ] } },
{ "type": "Feature", "properties": { "name": null, "layer": "schools", "id": null, "Name": null, "description": null, "timestamp": null, "begin": null, "end": null, "altitudeMode": null, "tessellate": -1, "extrude": 0, "visibility": -1, "drawOrder": null, "icon": null }, "geometry": { "type": "Point", "coordinates": [ 80.19795, 13.05137 ] } },
{ "type": "Feature", "properties": { "name": null, "layer": "schools", "id": null, "Name": null, "description": null, "timestamp": null, "begin": null, "end": null, "altitudeMode": null, "tessellate": -1, "extrude": 0, "visibility": -1, "drawOrder": null, "icon": null }, "geometry": { "type": "Point", "coordinates": [ 80.19982, 13.0546 ] } },
{ "type": "Feature", "properties": { "name": null, "layer": "schools", "id": null, "Name": null, "description": null, "timestamp": null, "begin": null, "end": null, "altitudeMode": null, "tessellate": -1, "extrude": 0, "visibility": -1, "drawOrder": null, "icon": null }, "geometry": { "type": "Point", "coordinates": [ 80.20275, 13.05432 ] } },
{ "type": "Feature", "properties": { "name": null, "layer": "schools", "id": null, "Name": null, "description": null, "timestamp": null, "begin": null, "end": null, "altitudeMode": null, "tessellate": -1, "extrude": 0, "visibility": -1, "drawOrder": null, "icon": null }, "geometry": { "type": "Point", "coordinates": [ 80.20052, 13.05638 ] } },
{ "type": "Feature", "properties": { "name": null, "layer": "schools", "id": null, "Name": null, "description": null, "timestamp": null, "begin": null, "end": null, "altitudeMode": null, "tessellate": -1, "extrude": 0, "visibility": -1, "drawOrder": null, "icon": null }, "geometry": { "type": "Point", "coordinates": [ 80.19781, 13.04861 ] } },
{ "type": "Feature", "properties": { "name": null, "layer": "schools", "id": null, "Name": null, "description": null, "timestamp": null, "begin": null, "end": null, "altitudeMode": null, "tessellate": -1, "extrude": 0, "visibility": -1, "drawOrder": null, "icon": null }, "geometry": { "type": "Point", "coordinates": [ 80.29257, 13.14818 ] } },
{ "type": "Feature", "properties": { "name": null, "layer": "schools", "id": null, "Name": null, "description": null, "timestamp": null, "begin": null, "end": null, "altitudeMode": null, "tessellate": -1, "extrude": 0, "visibility": -1, "drawOrder": null, "icon": null }, "geometry": { "type": "Point", "coordinates": [ 80.29616, 13.15036 ] } },
{ "type": "Feature", "properties": { "name": null, "layer": "schools", "id": null, "Name": null, "description": null, "timestamp": null, "begin": null, "end": null, "altitudeMode": null, "tessellate": -1, "extrude": 0, "visibility": -1, "drawOrder": null, "icon": null }, "geometry": { "type": "Point", "coordinates": [ 80.29329, 13.14555 ] } },
{ "type": "Feature", "properties": { "name": null, "layer": "schools", "id": null, "Name": null, "description": null, "timestamp": null, "begin": null, "end": null, "altitudeMode": null, "tessellate": -1, "extrude": 0, "visibility": -1, "drawOrder": null, "icon": null }, "geometry": { "type": "Point", "coordinates": [ 80.29031, 13.1449 ] } },
{ "type": "Feature", "properties": { "name": null, "layer": "schools", "id": null, "Name": null, "description": null, "timestamp": null, "begin": null, "end": null, "altitudeMode": null, "tessellate": -1, "extrude": 0, "visibility": -1, "drawOrder": null, "icon": null }, "geometry": { "type": "Point", "coordinates": [ 80.29604, 13.14856 ] } },
{ "type": "Feature", "properties": { "name": null, "layer": "schools", "id": null, "Name": null, "description": null, "timestamp": null, "begin": null, "end": null, "altitudeMode": null, "tessellate": -1, "extrude": 0, "visibility": -1, "drawOrder": null, "icon": null }, "geometry": { "type": "Point", "coordinates": [ 80.29559, 13.15044 ] } },
{ "type": "Feature", "properties": { "name": null, "layer": "schools", "id": null, "Name": null, "description": null, "timestamp": null, "begin": null, "end": null, "altitudeMode": null, "tessellate": -1, "extrude": 0, "visibility": -1, "drawOrder": null, "icon": null }, "geometry": { "type": "Point", "coordinates": [ 80.29356, 13.14634 ] } },
{ "type": "Feature", "properties": { "name": null, "layer": "schools", "id": null, "Name": null, "description": null, "timestamp": null, "begin": null, "end": null, "altitudeMode": null, "tessellate": -1, "extrude": 0, "visibility": -1, "drawOrder": null, "icon": null }, "geometry": { "type": "Point", "coordinates": [ 80.29624, 13.15016 ] } },
{ "type": "Feature", "properties": { "name": null, "layer": "schools", "id": null, "Name": null, "description": null, "timestamp": null, "begin": null, "end": null, "altitudeMode": null, "tessellate": -1, "extrude": 0, "visibility": -1, "drawOrder": null, "icon": null }, "geometry": { "type": "Point", "coordinates": [ 80.29458, 13.1469 ] } },
{ "type": "Feature", "properties": { "name": null, "layer": "schools", "id": null, "Name": null, "description": null, "timestamp": null, "begin": null, "end": null, "altitudeMode": null, "tessellate": -1, "extrude": 0, "visibility": -1, "drawOrder": null, "icon": null }, "geometry": { "type": "Point", "coordinates": [ 80.29624, 13.1505 ] } },
{ "type": "Feature", "properties": { "name": null, "layer": "schools", "id": null, "Name": null, "description": null, "timestamp": null, "begin": null, "end": null, "altitudeMode": null, "tessellate": -1, "extrude": 0, "visibility": -1, "drawOrder": null, "icon": null }, "geometry": { "type": "Point", "coordinates": [ 80.29501, 13.14966 ] } },
{ "type": "Feature", "properties": { "name": null, "layer": "schools", "id": null, "Name": null, "description": null, "timestamp": null, "begin": null, "end": null, "altitudeMode": null, "tessellate": -1, "extrude": 0, "visibility": -1, "drawOrder": null, "icon": null }, "geometry": { "type": "Point", "coordinates": [ 80.29248, 13.1485 ] } },
{ "type": "Feature", "properties": { "name": null, "layer": "schools", "id": null, "Name": null, "description": null, "timestamp": null, "begin": null, "end": null, "altitudeMode": null, "tessellate": -1, "extrude": 0, "visibility": -1, "drawOrder": null, "icon": null }, "geometry": { "type": "Point", "coordinates": [ 80.21424, 13.04774 ] } },
{ "type": "Feature", "properties": { "name": null, "layer": "schools", "id": null, "Name": null, "description": null, "timestamp": null, "begin": null, "end": null, "altitudeMode": null, "tessellate": -1, "extrude": 0, "visibility": -1, "drawOrder": null, "icon": null }, "geometry": { "type": "Point", "coordinates": [ 80.21506, 13.05348 ] } },
{ "type": "Feature", "properties": { "name": null, "layer": "schools", "id": null, "Name": null, "description": null, "timestamp": null, "begin": null, "end": null, "altitudeMode": null, "tessellate": -1, "extrude": 0, "visibility": -1, "drawOrder": null, "icon": null }, "geometry": { "type": "Point", "coordinates": [ 80.21713, 13.05181 ] } },
{ "type": "Feature", "properties": { "name": null, "layer": "schools", "id": null, "Name": null, "description": null, "timestamp": null, "begin": null, "end": null, "altitudeMode": null, "tessellate": -1, "extrude": 0, "visibility": -1, "drawOrder": null, "icon": null }, "geometry": { "type": "Point", "coordinates": [ 80.21239, 13.05176 ] } },
{ "type": "Feature", "properties": { "name": null, "layer": "schools", "id": null, "Name": null, "description": null, "timestamp": null, "begin": null, "end": null, "altitudeMode": null, "tessellate": -1, "extrude": 0, "visibility": -1, "drawOrder": null, "icon": null }, "geometry": { "type": "Point", "coordinates": [ 80.21154, 13.04908 ] } },
{ "type": "Feature", "properties": { "name": null, "layer": "schools", "id": null, "Name": null, "description": null, "timestamp": null, "begin": null, "end": null, "altitudeMode": null, "tessellate": -1, "extrude": 0, "visibility": -1, "drawOrder": null, "icon": null }, "geometry": { "type": "Point", "coordinates": [ 80.20829, 13.05329 ] } },
{ "type": "Feature", "properties": { "name": null, "layer": "schools", "id": null, "Name": null, "description": null, "timestamp": null, "begin": null, "end": null, "altitudeMode": null, "tessellate": -1, "extrude": 0, "visibility": -1, "drawOrder": null, "icon": null }, "geometry": { "type": "Point", "coordinates": [ 80.21203, 13.05588 ] } },
{ "type": "Feature", "properties": { "name": null, "layer": "schools", "id": null, "Name": null, "description": null, "timestamp": null, "begin": null, "end": null, "altitudeMode": null, "tessellate": -1, "extrude": 0, "visibility": -1, "drawOrder": null, "icon": null }, "geometry": { "type": "Point", "coordinates": [ 80.21446, 13.05067 ] } },
{ "type": "Feature", "properties": { "name": null, "layer": "schools", "id": null, "Name": null, "description": null, "timestamp": null, "begin": null, "end": null, "altitudeMode": null, "tessellate": -1, "extrude": 0, "visibility": -1, "drawOrder": null, "icon": null }, "geometry": { "type": "Point", "coordinates": [ 80.21691, 13.05178 ] } },
{ "type": "Feature", "properties": { "name": null, "layer": "schools", "id": null, "Name": null, "description": null, "timestamp": null, "begin": null, "end": null, "altitudeMode": null, "tessellate": -1, "extrude": 0, "visibility": -1, "drawOrder": null, "icon": null }, "geometry": { "type": "Point", "coordinates": [ 80.21571, 13.05694 ] } },
{ "type": "Feature", "properties": { "name": null, "layer": "schools", "id": null, "Name": null, "description": null, "timestamp": null, "begin": null, "end": null, "altitudeMode": null, "tessellate": -1, "extrude": 0, "visibility": -1, "drawOrder": null, "icon": null }, "geometry": { "type": "Point", "coordinates": [ 80.21383, 13.05342 ] } },
{ "type": "Feature", "properties": { "name": null, "layer": "schools", "id": null, "Name": null, "description": null, "timestamp": null, "begin": null, "end": null, "altitudeMode": null, "tessellate": -1, "extrude": 0, "visibility": -1, "drawOrder": null, "icon": null }, "geometry": { "type": "Point", "coordinates": [ 80.19904, 13.04378 ] } },
{ "type": "Feature", "properties": { "name": null, "layer": "schools", "id": null, "Name": null, "description": null, "timestamp": null, "begin": null, "end": null, "altitudeMode": null, "tessellate": -1, "extrude": 0, "visibility": -1, "drawOrder": null, "icon": null }, "geometry": { "type": "Point", "coordinates": [ 80.19763, 13.04723 ] } },
{ "type": "Feature", "properties": { "name": null, "layer": "schools", "id": null, "Name": null, "description": null, "timestamp": null, "begin": null, "end": null, "altitudeMode": null, "tessellate": -1, "extrude": 0, "visibility": -1, "drawOrder": null, "icon": null }, "geometry": { "type": "Point", "coordinates": [ 80.20121, 13.04011 ] } },
{ "type": "Feature", "properties": { "name": null, "layer": "schools", "id": null, "Name": null, "description": null, "timestamp": null, "begin": null, "end": null, "altitudeMode": null, "tessellate": -1, "extrude": 0, "visibility": -1, "drawOrder": null, "icon": null }, "geometry": { "type": "Point", "coordinates": [ 80.20891, 13.04262 ] } },
{ "type": "Feature", "properties": { "name": null, "layer": "schools", "id": null, "Name": null, "description": null, "timestamp": null, "begin": null, "end": null, "altitudeMode": null, "tessellate": -1, "extrude": 0, "visibility": -1, "drawOrder": null, "icon": null }, "geometry": { "type": "Point", "coordinates": [ 80.20772, 13.04129 ] } },
{ "type": "Feature", "properties": { "name": null, "layer": "schools", "id": null, "Name": null, "description": null, "timestamp": null, "begin": null, "end": null, "altitudeMode": null, "tessellate": -1, "extrude": 0, "visibility": -1, "drawOrder": null, "icon": null }, "geometry": { "type": "Point", "coordinates": [ 80.2065, 13.04262 ] } },
{ "type": "Feature", "properties": { "name": null, "layer": "schools", "id": null, "Name": null, "description": null, "timestamp": null, "begin": null, "end": null, "altitudeMode": null, "tessellate": -1, "extrude": 0, "visibility": -1, "drawOrder": null, "icon": null }, "geometry": { "type": "Point", "coordinates": [ 80.19881, 13.0451 ] } },
{ "type": "Feature", "properties": { "name": null, "layer": "schools", "id": null, "Name": null, "description": null, "timestamp": null, "begin": null, "end": null, "altitudeMode": null, "tessellate": -1, "extrude": 0, "visibility": -1, "drawOrder": null, "icon": null }, "geometry": { "type": "Point", "coordinates": [ 80.20867, 13.0386 ] } },
{ "type": "Feature", "properties": { "name": null, "layer": "schools", "id": null, "Name": null, "description": null, "timestamp": null, "begin": null, "end": null, "altitudeMode": null, "tessellate": -1, "extrude": 0, "visibility": -1, "drawOrder": null, "icon": null }, "geometry": { "type": "Point", "coordinates": [ 80.21207, 13.03982 ] } },
{ "type": "Feature", "properties": { "name": null, "layer": "schools", "id": null, "Name": null, "description": null, "timestamp": null, "begin": null, "end": null, "altitudeMode": null, "tessellate": -1, "extrude": 0, "visibility": -1, "drawOrder": null, "icon": null }, "geometry": { "type": "Point", "coordinates": [ 80.21127, 13.04667 ] } },
{ "type": "Feature", "properties": { "name": null, "layer": "schools", "id": null, "Name": null, "description": null, "timestamp": null, "begin": null, "end": null, "altitudeMode": null, "tessellate": -1, "extrude": 0, "visibility": -1, "drawOrder": null, "icon": null }, "geometry": { "type": "Point", "coordinates": [ 80.20968, 13.04135 ] } },
{ "type": "Feature", "properties": { "name": null, "layer": "schools", "id": null, "Name": null, "description": null, "timestamp": null, "begin": null, "end": null, "altitudeMode": null, "tessellate": -1, "extrude": 0, "visibility": -1, "drawOrder": null, "icon": null }, "geometry": { "type": "Point", "coordinates": [ 80.21616, 13.03914 ] } },
{ "type": "Feature", "properties": { "name": null, "layer": "schools", "id": null, "Name": null, "description": null, "timestamp": null, "begin": null, "end": null, "altitudeMode": null, "tessellate": -1, "extrude": 0, "visibility": -1, "drawOrder": null, "icon": null }, "geometry": { "type": "Point", "coordinates": [ 80.20941, 13.03957 ] } },
{ "type": "Feature", "properties": { "name": null, "layer": "schools", "id": null, "Name": null, "description": null, "timestamp": null, "begin": null, "end": null, "altitudeMode": null, "tessellate": -1, "extrude": 0, "visibility": -1, "drawOrder": null, "icon": null }, "geometry": { "type": "Point", "coordinates": [ 80.21032, 13.04489 ] } },
{ "type": "Feature", "properties": { "name": null, "layer": "schools", "id": null, "Name": null, "description": null, "timestamp": null, "begin": null, "end": null, "altitudeMode": null, "tessellate": -1, "extrude": 0, "visibility": -1, "drawOrder": null, "icon": null }, "geometry": { "type": "Point", "coordinates": [ 80.21327, 13.04277 ] } },
{ "type": "Feature", "properties": { "name": null, "layer": "schools", "id": null, "Name": null, "description": null, "timestamp": null, "begin": null, "end": null, "altitudeMode": null, "tessellate": -1, "extrude": 0, "visibility": -1, "drawOrder": null, "icon": null }, "geometry": { "type": "Point", "coordinates": [ 80.21535, 13.03243 ] } },
{ "type": "Feature", "properties": { "name": null, "layer": "schools", "id": null, "Name": null, "description": null, "timestamp": null, "begin": null, "end": null, "altitudeMode": null, "tessellate": -1, "extrude": 0, "visibility": -1, "drawOrder": null, "icon": null }, "geometry": { "type": "Point", "coordinates": [ 80.20929, 13.03896 ] } },
{ "type": "Feature", "properties": { "name": null, "layer": "schools", "id": null, "Name": null, "description": null, "timestamp": null, "begin": null, "end": null, "altitudeMode": null, "tessellate": -1, "extrude": 0, "visibility": -1, "drawOrder": null, "icon": null }, "geometry": { "type": "Point", "coordinates": [ 80.2155, 13.04277 ] } },
{ "type": "Feature", "properties": { "name": null, "layer": "schools", "id": null, "Name": null, "description": null, "timestamp": null, "begin": null, "end": null, "altitudeMode": null, "tessellate": -1, "extrude": 0, "visibility": -1, "drawOrder": null, "icon": null }, "geometry": { "type": "Point", "coordinates": [ 80.20995, 13.03694 ] } },
{ "type": "Feature", "properties": { "name": null, "layer": "schools", "id": null, "Name": null, "description": null, "timestamp": null, "begin": null, "end": null, "altitudeMode": null, "tessellate": -1, "extrude": 0, "visibility": -1, "drawOrder": null, "icon": null }, "geometry": { "type": "Point", "coordinates": [ 80.21404, 13.03264 ] } },
{ "type": "Feature", "properties": { "name": null, "layer": "schools", "id": null, "Name": null, "description": null, "timestamp": null, "begin": null, "end": null, "altitudeMode": null, "tessellate": -1, "extrude": 0, "visibility": -1, "drawOrder": null, "icon": null }, "geometry": { "type": "Point", "coordinates": [ 80.21262, 13.03762 ] } },
{ "type": "Feature", "properties": { "name": null, "layer": "schools", "id": null, "Name": null, "description": null, "timestamp": null, "begin": null, "end": null, "altitudeMode": null, "tessellate": -1, "extrude": 0, "visibility": -1, "drawOrder": null, "icon": null }, "geometry": { "type": "Point", "coordinates": [ 80.2087, 13.039 ] } },
{ "type": "Feature", "properties": { "name": null, "layer": "schools", "id": null, "Name": null, "description": null, "timestamp": null, "begin": null, "end": null, "altitudeMode": null, "tessellate": -1, "extrude": 0, "visibility": -1, "drawOrder": null, "icon": null }, "geometry": { "type": "Point", "coordinates": [ 80.21393, 13.03294 ] } },
{ "type": "Feature", "properties": { "name": null, "layer": "schools", "id": null, "Name": null, "description": null, "timestamp": null, "begin": null, "end": null, "altitudeMode": null, "tessellate": -1, "extrude": 0, "visibility": -1, "drawOrder": null, "icon": null }, "geometry": { "type": "Point", "coordinates": [ 80.21348, 13.03847 ] } },
{ "type": "Feature", "properties": { "name": null, "layer": "schools", "id": null, "Name": null, "description": null, "timestamp": null, "begin": null, "end": null, "altitudeMode": null, "tessellate": -1, "extrude": 0, "visibility": -1, "drawOrder": null, "icon": null }, "geometry": { "type": "Point", "coordinates": [ 80.20855, 13.03746 ] } },
{ "type": "Feature", "properties": { "name": null, "layer": "schools", "id": null, "Name": null, "description": null, "timestamp": null, "begin": null, "end": null, "altitudeMode": null, "tessellate": -1, "extrude": 0, "visibility": -1, "drawOrder": null, "icon": null }, "geometry": { "type": "Point", "coordinates": [ 80.21455, 13.0477 ] } },
{ "type": "Feature", "properties": { "name": null, "layer": "schools", "id": null, "Name": null, "description": null, "timestamp": null, "begin": null, "end": null, "altitudeMode": null, "tessellate": -1, "extrude": 0, "visibility": -1, "drawOrder": null, "icon": null }, "geometry": { "type": "Point", "coordinates": [ 80.21669, 13.03238 ] } },
{ "type": "Feature", "properties": { "name": null, "layer": "schools", "id": null, "Name": null, "description": null, "timestamp": null, "begin": null, "end": null, "altitudeMode": null, "tessellate": -1, "extrude": 0, "visibility": -1, "drawOrder": null, "icon": null }, "geometry": { "type": "Point", "coordinates": [ 80.21836, 13.03515 ] } },
{ "type": "Feature", "properties": { "name": null, "layer": "schools", "id": null, "Name": null, "description": null, "timestamp": null, "begin": null, "end": null, "altitudeMode": null, "tessellate": -1, "extrude": 0, "visibility": -1, "drawOrder": null, "icon": null }, "geometry": { "type": "Point", "coordinates": [ 80.21779, 13.04327 ] } },
{ "type": "Feature", "properties": { "name": null, "layer": "schools", "id": null, "Name": null, "description": null, "timestamp": null, "begin": null, "end": null, "altitudeMode": null, "tessellate": -1, "extrude": 0, "visibility": -1, "drawOrder": null, "icon": null }, "geometry": { "type": "Point", "coordinates": [ 80.21783, 13.04686 ] } },
{ "type": "Feature", "properties": { "name": null, "layer": "schools", "id": null, "Name": null, "description": null, "timestamp": null, "begin": null, "end": null, "altitudeMode": null, "tessellate": -1, "extrude": 0, "visibility": -1, "drawOrder": null, "icon": null }, "geometry": { "type": "Point", "coordinates": [ 80.22861, 13.05015 ] } },
{ "type": "Feature", "properties": { "name": null, "layer": "schools", "id": null, "Name": null, "description": null, "timestamp": null, "begin": null, "end": null, "altitudeMode": null, "tessellate": -1, "extrude": 0, "visibility": -1, "drawOrder": null, "icon": null }, "geometry": { "type": "Point", "coordinates": [ 80.2269, 13.0494 ] } },
{ "type": "Feature", "properties": { "name": null, "layer": "schools", "id": null, "Name": null, "description": null, "timestamp": null, "begin": null, "end": null, "altitudeMode": null, "tessellate": -1, "extrude": 0, "visibility": -1, "drawOrder": null, "icon": null }, "geometry": { "type": "Point", "coordinates": [ 80.22555, 13.05092 ] } },
{ "type": "Feature", "properties": { "name": null, "layer": "schools", "id": null, "Name": null, "description": null, "timestamp": null, "begin": null, "end": null, "altitudeMode": null, "tessellate": -1, "extrude": 0, "visibility": -1, "drawOrder": null, "icon": null }, "geometry": { "type": "Point", "coordinates": [ 80.23006, 13.05108 ] } },
{ "type": "Feature", "properties": { "name": null, "layer": "schools", "id": null, "Name": null, "description": null, "timestamp": null, "begin": null, "end": null, "altitudeMode": null, "tessellate": -1, "extrude": 0, "visibility": -1, "drawOrder": null, "icon": null }, "geometry": { "type": "Point", "coordinates": [ 80.22957, 13.05111 ] } },
{ "type": "Feature", "properties": { "name": null, "layer": "schools", "id": null, "Name": null, "description": null, "timestamp": null, "begin": null, "end": null, "altitudeMode": null, "tessellate": -1, "extrude": 0, "visibility": -1, "drawOrder": null, "icon": null }, "geometry": { "type": "Point", "coordinates": [ 80.22308, 13.04767 ] } },
{ "type": "Feature", "properties": { "name": null, "layer": "schools", "id": null, "Name": null, "description": null, "timestamp": null, "begin": null, "end": null, "altitudeMode": null, "tessellate": -1, "extrude": 0, "visibility": -1, "drawOrder": null, "icon": null }, "geometry": { "type": "Point", "coordinates": [ 80.22375, 13.05088 ] } },
{ "type": "Feature", "properties": { "name": null, "layer": "schools", "id": null, "Name": null, "description": null, "timestamp": null, "begin": null, "end": null, "altitudeMode": null, "tessellate": -1, "extrude": 0, "visibility": -1, "drawOrder": null, "icon": null }, "geometry": { "type": "Point", "coordinates": [ 80.22125, 13.05157 ] } },
{ "type": "Feature", "properties": { "name": null, "layer": "schools", "id": null, "Name": null, "description": null, "timestamp": null, "begin": null, "end": null, "altitudeMode": null, "tessellate": -1, "extrude": 0, "visibility": -1, "drawOrder": null, "icon": null }, "geometry": { "type": "Point", "coordinates": [ 80.22298, 13.04768 ] } },
{ "type": "Feature", "properties": { "name": null, "layer": "schools", "id": null, "Name": null, "description": null, "timestamp": null, "begin": null, "end": null, "altitudeMode": null, "tessellate": -1, "extrude": 0, "visibility": -1, "drawOrder": null, "icon": null }, "geometry": { "type": "Point", "coordinates": [ 80.22503, 13.05286 ] } },
{ "type": "Feature", "properties": { "name": null, "layer": "schools", "id": null, "Name": null, "description": null, "timestamp": null, "begin": null, "end": null, "altitudeMode": null, "tessellate": -1, "extrude": 0, "visibility": -1, "drawOrder": null, "icon": null }, "geometry": { "type": "Point", "coordinates": [ 80.22318, 13.05278 ] } },
{ "type": "Feature", "properties": { "name": null, "layer": "schools", "id": null, "Name": null, "description": null, "timestamp": null, "begin": null, "end": null, "altitudeMode": null, "tessellate": -1, "extrude": 0, "visibility": -1, "drawOrder": null, "icon": null }, "geometry": { "type": "Point", "coordinates": [ 80.22188, 13.05165 ] } },
{ "type": "Feature", "properties": { "name": null, "layer": "schools", "id": null, "Name": null, "description": null, "timestamp": null, "begin": null, "end": null, "altitudeMode": null, "tessellate": -1, "extrude": 0, "visibility": -1, "drawOrder": null, "icon": null }, "geometry": { "type": "Point", "coordinates": [ 80.22073, 13.0359 ] } },
{ "type": "Feature", "properties": { "name": null, "layer": "schools", "id": null, "Name": null, "description": null, "timestamp": null, "begin": null, "end": null, "altitudeMode": null, "tessellate": -1, "extrude": 0, "visibility": -1, "drawOrder": null, "icon": null }, "geometry": { "type": "Point", "coordinates": [ 80.2247, 13.04157 ] } },
{ "type": "Feature", "properties": { "name": null, "layer": "schools", "id": null, "Name": null, "description": null, "timestamp": null, "begin": null, "end": null, "altitudeMode": null, "tessellate": -1, "extrude": 0, "visibility": -1, "drawOrder": null, "icon": null }, "geometry": { "type": "Point", "coordinates": [ 80.2246, 13.03594 ] } },
{ "type": "Feature", "properties": { "name": null, "layer": "schools", "id": null, "Name": null, "description": null, "timestamp": null, "begin": null, "end": null, "altitudeMode": null, "tessellate": -1, "extrude": 0, "visibility": -1, "drawOrder": null, "icon": null }, "geometry": { "type": "Point", "coordinates": [ 80.2262, 13.03548 ] } },
{ "type": "Feature", "properties": { "name": null, "layer": "schools", "id": null, "Name": null, "description": null, "timestamp": null, "begin": null, "end": null, "altitudeMode": null, "tessellate": -1, "extrude": 0, "visibility": -1, "drawOrder": null, "icon": null }, "geometry": { "type": "Point", "coordinates": [ 80.22805, 13.04159 ] } },
{ "type": "Feature", "properties": { "name": null, "layer": "schools", "id": null, "Name": null, "description": null, "timestamp": null, "begin": null, "end": null, "altitudeMode": null, "tessellate": -1, "extrude": 0, "visibility": -1, "drawOrder": null, "icon": null }, "geometry": { "type": "Point", "coordinates": [ 80.22699, 13.04413 ] } },
{ "type": "Feature", "properties": { "name": null, "layer": "schools", "id": null, "Name": null, "description": null, "timestamp": null, "begin": null, "end": null, "altitudeMode": null, "tessellate": -1, "extrude": 0, "visibility": -1, "drawOrder": null, "icon": null }, "geometry": { "type": "Point", "coordinates": [ 80.22244, 13.04166 ] } },
{ "type": "Feature", "properties": { "name": null, "layer": "schools", "id": null, "Name": null, "description": null, "timestamp": null, "begin": null, "end": null, "altitudeMode": null, "tessellate": -1, "extrude": 0, "visibility": -1, "drawOrder": null, "icon": null }, "geometry": { "type": "Point", "coordinates": [ 80.22334, 13.03781 ] } },
{ "type": "Feature", "properties": { "name": null, "layer": "schools", "id": null, "Name": null, "description": null, "timestamp": null, "begin": null, "end": null, "altitudeMode": null, "tessellate": -1, "extrude": 0, "visibility": -1, "drawOrder": null, "icon": null }, "geometry": { "type": "Point", "coordinates": [ 80.22264, 13.0418 ] } },
{ "type": "Feature", "properties": { "name": null, "layer": "schools", "id": null, "Name": null, "description": null, "timestamp": null, "begin": null, "end": null, "altitudeMode": null, "tessellate": -1, "extrude": 0, "visibility": -1, "drawOrder": null, "icon": null }, "geometry": { "type": "Point", "coordinates": [ 80.22651, 13.03553 ] } },
{ "type": "Feature", "properties": { "name": null, "layer": "schools", "id": null, "Name": null, "description": null, "timestamp": null, "begin": null, "end": null, "altitudeMode": null, "tessellate": -1, "extrude": 0, "visibility": -1, "drawOrder": null, "icon": null }, "geometry": { "type": "Point", "coordinates": [ 80.24154, 13.04082 ] } },
{ "type": "Feature", "properties": { "name": null, "layer": "schools", "id": null, "Name": null, "description": null, "timestamp": null, "begin": null, "end": null, "altitudeMode": null, "tessellate": -1, "extrude": 0, "visibility": -1, "drawOrder": null, "icon": null }, "geometry": { "type": "Point", "coordinates": [ 80.23661, 13.03518 ] } },
{ "type": "Feature", "properties": { "name": null, "layer": "schools", "id": null, "Name": null, "description": null, "timestamp": null, "begin": null, "end": null, "altitudeMode": null, "tessellate": -1, "extrude": 0, "visibility": -1, "drawOrder": null, "icon": null }, "geometry": { "type": "Point", "coordinates": [ 80.23138, 13.04742 ] } },
{ "type": "Feature", "properties": { "name": null, "layer": "schools", "id": null, "Name": null, "description": null, "timestamp": null, "begin": null, "end": null, "altitudeMode": null, "tessellate": -1, "extrude": 0, "visibility": -1, "drawOrder": null, "icon": null }, "geometry": { "type": "Point", "coordinates": [ 80.23105, 13.04746 ] } },
{ "type": "Feature", "properties": { "name": null, "layer": "schools", "id": null, "Name": null, "description": null, "timestamp": null, "begin": null, "end": null, "altitudeMode": null, "tessellate": -1, "extrude": 0, "visibility": -1, "drawOrder": null, "icon": null }, "geometry": { "type": "Point", "coordinates": [ 80.23411, 13.0424 ] } },
{ "type": "Feature", "properties": { "name": null, "layer": "schools", "id": null, "Name": null, "description": null, "timestamp": null, "begin": null, "end": null, "altitudeMode": null, "tessellate": -1, "extrude": 0, "visibility": -1, "drawOrder": null, "icon": null }, "geometry": { "type": "Point", "coordinates": [ 80.23683, 13.03601 ] } },
{ "type": "Feature", "properties": { "name": null, "layer": "schools", "id": null, "Name": null, "description": null, "timestamp": null, "begin": null, "end": null, "altitudeMode": null, "tessellate": -1, "extrude": 0, "visibility": -1, "drawOrder": null, "icon": null }, "geometry": { "type": "Point", "coordinates": [ 80.2322, 13.03495 ] } },
{ "type": "Feature", "properties": { "name": null, "layer": "schools", "id": null, "Name": null, "description": null, "timestamp": null, "begin": null, "end": null, "altitudeMode": null, "tessellate": -1, "extrude": 0, "visibility": -1, "drawOrder": null, "icon": null }, "geometry": { "type": "Point", "coordinates": [ 80.24002, 13.04388 ] } },
{ "type": "Feature", "properties": { "name": null, "layer": "schools", "id": null, "Name": null, "description": null, "timestamp": null, "begin": null, "end": null, "altitudeMode": null, "tessellate": -1, "extrude": 0, "visibility": -1, "drawOrder": null, "icon": null }, "geometry": { "type": "Point", "coordinates": [ 80.23698, 13.03494 ] } },
{ "type": "Feature", "properties": { "name": null, "layer": "schools", "id": null, "Name": null, "description": null, "timestamp": null, "begin": null, "end": null, "altitudeMode": null, "tessellate": -1, "extrude": 0, "visibility": -1, "drawOrder": null, "icon": null }, "geometry": { "type": "Point", "coordinates": [ 80.23207, 13.04227 ] } },
{ "type": "Feature", "properties": { "name": null, "layer": "schools", "id": null, "Name": null, "description": null, "timestamp": null, "begin": null, "end": null, "altitudeMode": null, "tessellate": -1, "extrude": 0, "visibility": -1, "drawOrder": null, "icon": null }, "geometry": { "type": "Point", "coordinates": [ 80.23146, 13.04284 ] } },
{ "type": "Feature", "properties": { "name": null, "layer": "schools", "id": null, "Name": null, "description": null, "timestamp": null, "begin": null, "end": null, "altitudeMode": null, "tessellate": -1, "extrude": 0, "visibility": -1, "drawOrder": null, "icon": null }, "geometry": { "type": "Point", "coordinates": [ 80.23406, 13.0409 ] } },
{ "type": "Feature", "properties": { "name": null, "layer": "schools", "id": null, "Name": null, "description": null, "timestamp": null, "begin": null, "end": null, "altitudeMode": null, "tessellate": -1, "extrude": 0, "visibility": -1, "drawOrder": null, "icon": null }, "geometry": { "type": "Point", "coordinates": [ 80.23437, 13.03824 ] } },
{ "type": "Feature", "properties": { "name": null, "layer": "schools", "id": null, "Name": null, "description": null, "timestamp": null, "begin": null, "end": null, "altitudeMode": null, "tessellate": -1, "extrude": 0, "visibility": -1, "drawOrder": null, "icon": null }, "geometry": { "type": "Point", "coordinates": [ 80.23059, 13.03761 ] } },
{ "type": "Feature", "properties": { "name": null, "layer": "schools", "id": null, "Name": null, "description": null, "timestamp": null, "begin": null, "end": null, "altitudeMode": null, "tessellate": -1, "extrude": 0, "visibility": -1, "drawOrder": null, "icon": null }, "geometry": { "type": "Point", "coordinates": [ 80.23399, 13.04089 ] } },
{ "type": "Feature", "properties": { "name": null, "layer": "schools", "id": null, "Name": null, "description": null, "timestamp": null, "begin": null, "end": null, "altitudeMode": null, "tessellate": -1, "extrude": 0, "visibility": -1, "drawOrder": null, "icon": null }, "geometry": { "type": "Point", "coordinates": [ 80.23673, 13.03603 ] } },
{ "type": "Feature", "properties": { "name": null, "layer": "schools", "id": null, "Name": null, "description": null, "timestamp": null, "begin": null, "end": null, "altitudeMode": null, "tessellate": -1, "extrude": 0, "visibility": -1, "drawOrder": null, "icon": null }, "geometry": { "type": "Point", "coordinates": [ 80.23659, 13.03617 ] } },
{ "type": "Feature", "properties": { "name": null, "layer": "schools", "id": null, "Name": null, "description": null, "timestamp": null, "begin": null, "end": null, "altitudeMode": null, "tessellate": -1, "extrude": 0, "visibility": -1, "drawOrder": null, "icon": null }, "geometry": { "type": "Point", "coordinates": [ 80.23261, 13.0348 ] } },
{ "type": "Feature", "properties": { "name": null, "layer": "schools", "id": null, "Name": null, "description": null, "timestamp": null, "begin": null, "end": null, "altitudeMode": null, "tessellate": -1, "extrude": 0, "visibility": -1, "drawOrder": null, "icon": null }, "geometry": { "type": "Point", "coordinates": [ 80.23214, 13.0351 ] } },
{ "type": "Feature", "properties": { "name": null, "layer": "schools", "id": null, "Name": null, "description": null, "timestamp": null, "begin": null, "end": null, "altitudeMode": null, "tessellate": -1, "extrude": 0, "visibility": -1, "drawOrder": null, "icon": null }, "geometry": { "type": "Point", "coordinates": [ 80.24154, 13.04082 ] } },
{ "type": "Feature", "properties": { "name": null, "layer": "schools", "id": null, "Name": null, "description": null, "timestamp": null, "begin": null, "end": null, "altitudeMode": null, "tessellate": -1, "extrude": 0, "visibility": -1, "drawOrder": null, "icon": null }, "geometry": { "type": "Point", "coordinates": [ 80.233, 13.04 ] } },
{ "type": "Feature", "properties": { "name": null, "layer": "schools", "id": null, "Name": null, "description": null, "timestamp": null, "begin": null, "end": null, "altitudeMode": null, "tessellate": -1, "extrude": 0, "visibility": -1, "drawOrder": null, "icon": null }, "geometry": { "type": "Point", "coordinates": [ 80.19784, 13.03834 ] } },
{ "type": "Feature", "properties": { "name": null, "layer": "schools", "id": null, "Name": null, "description": null, "timestamp": null, "begin": null, "end": null, "altitudeMode": null, "tessellate": -1, "extrude": 0, "visibility": -1, "drawOrder": null, "icon": null }, "geometry": { "type": "Point", "coordinates": [ 80.19605, 13.04197 ] } },
{ "type": "Feature", "properties": { "name": null, "layer": "schools", "id": null, "Name": null, "description": null, "timestamp": null, "begin": null, "end": null, "altitudeMode": null, "tessellate": -1, "extrude": 0, "visibility": -1, "drawOrder": null, "icon": null }, "geometry": { "type": "Point", "coordinates": [ 80.18876, 13.02557 ] } },
{ "type": "Feature", "properties": { "name": null, "layer": "schools", "id": null, "Name": null, "description": null, "timestamp": null, "begin": null, "end": null, "altitudeMode": null, "tessellate": -1, "extrude": 0, "visibility": -1, "drawOrder": null, "icon": null }, "geometry": { "type": "Point", "coordinates": [ 80.19841, 13.04375 ] } },
{ "type": "Feature", "properties": { "name": null, "layer": "schools", "id": null, "Name": null, "description": null, "timestamp": null, "begin": null, "end": null, "altitudeMode": null, "tessellate": -1, "extrude": 0, "visibility": -1, "drawOrder": null, "icon": null }, "geometry": { "type": "Point", "coordinates": [ 80.19629, 13.03596 ] } },
{ "type": "Feature", "properties": { "name": null, "layer": "schools", "id": null, "Name": null, "description": null, "timestamp": null, "begin": null, "end": null, "altitudeMode": null, "tessellate": -1, "extrude": 0, "visibility": -1, "drawOrder": null, "icon": null }, "geometry": { "type": "Point", "coordinates": [ 80.19589, 13.03173 ] } },
{ "type": "Feature", "properties": { "name": null, "layer": "schools", "id": null, "Name": null, "description": null, "timestamp": null, "begin": null, "end": null, "altitudeMode": null, "tessellate": -1, "extrude": 0, "visibility": -1, "drawOrder": null, "icon": null }, "geometry": { "type": "Point", "coordinates": [ 80.19727, 13.03572 ] } },
{ "type": "Feature", "properties": { "name": null, "layer": "schools", "id": null, "Name": null, "description": null, "timestamp": null, "begin": null, "end": null, "altitudeMode": null, "tessellate": -1, "extrude": 0, "visibility": -1, "drawOrder": null, "icon": null }, "geometry": { "type": "Point", "coordinates": [ 80.19835, 13.04261 ] } },
{ "type": "Feature", "properties": { "name": null, "layer": "schools", "id": null, "Name": null, "description": null, "timestamp": null, "begin": null, "end": null, "altitudeMode": null, "tessellate": -1, "extrude": 0, "visibility": -1, "drawOrder": null, "icon": null }, "geometry": { "type": "Point", "coordinates": [ 80.19692, 13.03387 ] } },
{ "type": "Feature", "properties": { "name": null, "layer": "schools", "id": null, "Name": null, "description": null, "timestamp": null, "begin": null, "end": null, "altitudeMode": null, "tessellate": -1, "extrude": 0, "visibility": -1, "drawOrder": null, "icon": null }, "geometry": { "type": "Point", "coordinates": [ 80.18993, 13.02472 ] } },
{ "type": "Feature", "properties": { "name": null, "layer": "schools", "id": null, "Name": null, "description": null, "timestamp": null, "begin": null, "end": null, "altitudeMode": null, "tessellate": -1, "extrude": 0, "visibility": -1, "drawOrder": null, "icon": null }, "geometry": { "type": "Point", "coordinates": [ 80.19945, 13.03985 ] } },
{ "type": "Feature", "properties": { "name": null, "layer": "schools", "id": null, "Name": null, "description": null, "timestamp": null, "begin": null, "end": null, "altitudeMode": null, "tessellate": -1, "extrude": 0, "visibility": -1, "drawOrder": null, "icon": null }, "geometry": { "type": "Point", "coordinates": [ 80.19703, 13.03007 ] } },
{ "type": "Feature", "properties": { "name": null, "layer": "schools", "id": null, "Name": null, "description": null, "timestamp": null, "begin": null, "end": null, "altitudeMode": null, "tessellate": -1, "extrude": 0, "visibility": -1, "drawOrder": null, "icon": null }, "geometry": { "type": "Point", "coordinates": [ 80.19325, 13.0306 ] } },
{ "type": "Feature", "properties": { "name": null, "layer": "schools", "id": null, "Name": null, "description": null, "timestamp": null, "begin": null, "end": null, "altitudeMode": null, "tessellate": -1, "extrude": 0, "visibility": -1, "drawOrder": null, "icon": null }, "geometry": { "type": "Point", "coordinates": [ 80.1992, 13.03859 ] } },
{ "type": "Feature", "properties": { "name": null, "layer": "schools", "id": null, "Name": null, "description": null, "timestamp": null, "begin": null, "end": null, "altitudeMode": null, "tessellate": -1, "extrude": 0, "visibility": -1, "drawOrder": null, "icon": null }, "geometry": { "type": "Point", "coordinates": [ 80.18873, 13.02502 ] } },
{ "type": "Feature", "properties": { "name": null, "layer": "schools", "id": null, "Name": null, "description": null, "timestamp": null, "begin": null, "end": null, "altitudeMode": null, "tessellate": -1, "extrude": 0, "visibility": -1, "drawOrder": null, "icon": null }, "geometry": { "type": "Point", "coordinates": [ 80.20517, 13.03249 ] } },
{ "type": "Feature", "properties": { "name": null, "layer": "schools", "id": null, "Name": null, "description": null, "timestamp": null, "begin": null, "end": null, "altitudeMode": null, "tessellate": -1, "extrude": 0, "visibility": -1, "drawOrder": null, "icon": null }, "geometry": { "type": "Point", "coordinates": [ 80.20439, 13.0286 ] } },
{ "type": "Feature", "properties": { "name": null, "layer": "schools", "id": null, "Name": null, "description": null, "timestamp": null, "begin": null, "end": null, "altitudeMode": null, "tessellate": -1, "extrude": 0, "visibility": -1, "drawOrder": null, "icon": null }, "geometry": { "type": "Point", "coordinates": [ 80.20675, 13.02939 ] } },
{ "type": "Feature", "properties": { "name": null, "layer": "schools", "id": null, "Name": null, "description": null, "timestamp": null, "begin": null, "end": null, "altitudeMode": null, "tessellate": -1, "extrude": 0, "visibility": -1, "drawOrder": null, "icon": null }, "geometry": { "type": "Point", "coordinates": [ 80.19921, 13.03516 ] } },
{ "type": "Feature", "properties": { "name": null, "layer": "schools", "id": null, "Name": null, "description": null, "timestamp": null, "begin": null, "end": null, "altitudeMode": null, "tessellate": -1, "extrude": 0, "visibility": -1, "drawOrder": null, "icon": null }, "geometry": { "type": "Point", "coordinates": [ 80.19949, 13.03104 ] } },
{ "type": "Feature", "properties": { "name": null, "layer": "schools", "id": null, "Name": null, "description": null, "timestamp": null, "begin": null, "end": null, "altitudeMode": null, "tessellate": -1, "extrude": 0, "visibility": -1, "drawOrder": null, "icon": null }, "geometry": { "type": "Point", "coordinates": [ 80.19984, 13.03209 ] } },
{ "type": "Feature", "properties": { "name": null, "layer": "schools", "id": null, "Name": null, "description": null, "timestamp": null, "begin": null, "end": null, "altitudeMode": null, "tessellate": -1, "extrude": 0, "visibility": -1, "drawOrder": null, "icon": null }, "geometry": { "type": "Point", "coordinates": [ 80.20261, 13.03422 ] } },
{ "type": "Feature", "properties": { "name": null, "layer": "schools", "id": null, "Name": null, "description": null, "timestamp": null, "begin": null, "end": null, "altitudeMode": null, "tessellate": -1, "extrude": 0, "visibility": -1, "drawOrder": null, "icon": null }, "geometry": { "type": "Point", "coordinates": [ 80.20054, 13.03031 ] } },
{ "type": "Feature", "properties": { "name": null, "layer": "schools", "id": null, "Name": null, "description": null, "timestamp": null, "begin": null, "end": null, "altitudeMode": null, "tessellate": -1, "extrude": 0, "visibility": -1, "drawOrder": null, "icon": null }, "geometry": { "type": "Point", "coordinates": [ 80.20244, 13.03343 ] } },
{ "type": "Feature", "properties": { "name": null, "layer": "schools", "id": null, "Name": null, "description": null, "timestamp": null, "begin": null, "end": null, "altitudeMode": null, "tessellate": -1, "extrude": 0, "visibility": -1, "drawOrder": null, "icon": null }, "geometry": { "type": "Point", "coordinates": [ 80.20284, 13.0357 ] } },
{ "type": "Feature", "properties": { "name": null, "layer": "schools", "id": null, "Name": null, "description": null, "timestamp": null, "begin": null, "end": null, "altitudeMode": null, "tessellate": -1, "extrude": 0, "visibility": -1, "drawOrder": null, "icon": null }, "geometry": { "type": "Point", "coordinates": [ 80.16581, 13.04546 ] } },
{ "type": "Feature", "properties": { "name": null, "layer": "schools", "id": null, "Name": null, "description": null, "timestamp": null, "begin": null, "end": null, "altitudeMode": null, "tessellate": -1, "extrude": 0, "visibility": -1, "drawOrder": null, "icon": null }, "geometry": { "type": "Point", "coordinates": [ 80.16522, 13.04549 ] } },
{ "type": "Feature", "properties": { "name": null, "layer": "schools", "id": null, "Name": null, "description": null, "timestamp": null, "begin": null, "end": null, "altitudeMode": null, "tessellate": -1, "extrude": 0, "visibility": -1, "drawOrder": null, "icon": null }, "geometry": { "type": "Point", "coordinates": [ 80.17135, 13.05507 ] } },
{ "type": "Feature", "properties": { "name": null, "layer": "schools", "id": null, "Name": null, "description": null, "timestamp": null, "begin": null, "end": null, "altitudeMode": null, "tessellate": -1, "extrude": 0, "visibility": -1, "drawOrder": null, "icon": null }, "geometry": { "type": "Point", "coordinates": [ 80.16531, 13.04566 ] } },
{ "type": "Feature", "properties": { "name": null, "layer": "schools", "id": null, "Name": null, "description": null, "timestamp": null, "begin": null, "end": null, "altitudeMode": null, "tessellate": -1, "extrude": 0, "visibility": -1, "drawOrder": null, "icon": null }, "geometry": { "type": "Point", "coordinates": [ 80.17207, 13.06416 ] } },
{ "type": "Feature", "properties": { "name": null, "layer": "schools", "id": null, "Name": null, "description": null, "timestamp": null, "begin": null, "end": null, "altitudeMode": null, "tessellate": -1, "extrude": 0, "visibility": -1, "drawOrder": null, "icon": null }, "geometry": { "type": "Point", "coordinates": [ 80.17352, 13.0504 ] } },
{ "type": "Feature", "properties": { "name": null, "layer": "schools", "id": null, "Name": null, "description": null, "timestamp": null, "begin": null, "end": null, "altitudeMode": null, "tessellate": -1, "extrude": 0, "visibility": -1, "drawOrder": null, "icon": null }, "geometry": { "type": "Point", "coordinates": [ 80.16845, 13.05829 ] } },
{ "type": "Feature", "properties": { "name": null, "layer": "schools", "id": null, "Name": null, "description": null, "timestamp": null, "begin": null, "end": null, "altitudeMode": null, "tessellate": -1, "extrude": 0, "visibility": -1, "drawOrder": null, "icon": null }, "geometry": { "type": "Point", "coordinates": [ 80.16871, 13.04914 ] } },
{ "type": "Feature", "properties": { "name": null, "layer": "schools", "id": null, "Name": null, "description": null, "timestamp": null, "begin": null, "end": null, "altitudeMode": null, "tessellate": -1, "extrude": 0, "visibility": -1, "drawOrder": null, "icon": null }, "geometry": { "type": "Point", "coordinates": [ 80.1725, 13.06276 ] } },
{ "type": "Feature", "properties": { "name": null, "layer": "schools", "id": null, "Name": null, "description": null, "timestamp": null, "begin": null, "end": null, "altitudeMode": null, "tessellate": -1, "extrude": 0, "visibility": -1, "drawOrder": null, "icon": null }, "geometry": { "type": "Point", "coordinates": [ 80.17613, 13.05344 ] } },
{ "type": "Feature", "properties": { "name": null, "layer": "schools", "id": null, "Name": null, "description": null, "timestamp": null, "begin": null, "end": null, "altitudeMode": null, "tessellate": -1, "extrude": 0, "visibility": -1, "drawOrder": null, "icon": null }, "geometry": { "type": "Point", "coordinates": [ 80.18138, 13.0573 ] } },
{ "type": "Feature", "properties": { "name": null, "layer": "schools", "id": null, "Name": null, "description": null, "timestamp": null, "begin": null, "end": null, "altitudeMode": null, "tessellate": -1, "extrude": 0, "visibility": -1, "drawOrder": null, "icon": null }, "geometry": { "type": "Point", "coordinates": [ 80.18571, 13.05332 ] } },
{ "type": "Feature", "properties": { "name": null, "layer": "schools", "id": null, "Name": null, "description": null, "timestamp": null, "begin": null, "end": null, "altitudeMode": null, "tessellate": -1, "extrude": 0, "visibility": -1, "drawOrder": null, "icon": null }, "geometry": { "type": "Point", "coordinates": [ 80.18476, 13.05609 ] } },
{ "type": "Feature", "properties": { "name": null, "layer": "schools", "id": null, "Name": null, "description": null, "timestamp": null, "begin": null, "end": null, "altitudeMode": null, "tessellate": -1, "extrude": 0, "visibility": -1, "drawOrder": null, "icon": null }, "geometry": { "type": "Point", "coordinates": [ 80.18258, 13.05719 ] } },
{ "type": "Feature", "properties": { "name": null, "layer": "schools", "id": null, "Name": null, "description": null, "timestamp": null, "begin": null, "end": null, "altitudeMode": null, "tessellate": -1, "extrude": 0, "visibility": -1, "drawOrder": null, "icon": null }, "geometry": { "type": "Point", "coordinates": [ 80.17831, 13.05426 ] } },
{ "type": "Feature", "properties": { "name": null, "layer": "schools", "id": null, "Name": null, "description": null, "timestamp": null, "begin": null, "end": null, "altitudeMode": null, "tessellate": -1, "extrude": 0, "visibility": -1, "drawOrder": null, "icon": null }, "geometry": { "type": "Point", "coordinates": [ 80.18288, 13.05465 ] } },
{ "type": "Feature", "properties": { "name": null, "layer": "schools", "id": null, "Name": null, "description": null, "timestamp": null, "begin": null, "end": null, "altitudeMode": null, "tessellate": -1, "extrude": 0, "visibility": -1, "drawOrder": null, "icon": null }, "geometry": { "type": "Point", "coordinates": [ 80.17859, 13.05558 ] } },
{ "type": "Feature", "properties": { "name": null, "layer": "schools", "id": null, "Name": null, "description": null, "timestamp": null, "begin": null, "end": null, "altitudeMode": null, "tessellate": -1, "extrude": 0, "visibility": -1, "drawOrder": null, "icon": null }, "geometry": { "type": "Point", "coordinates": [ 80.17984, 13.05049 ] } },
{ "type": "Feature", "properties": { "name": null, "layer": "schools", "id": null, "Name": null, "description": null, "timestamp": null, "begin": null, "end": null, "altitudeMode": null, "tessellate": -1, "extrude": 0, "visibility": -1, "drawOrder": null, "icon": null }, "geometry": { "type": "Point", "coordinates": [ 80.18175, 13.04334 ] } },
{ "type": "Feature", "properties": { "name": null, "layer": "schools", "id": null, "Name": null, "description": null, "timestamp": null, "begin": null, "end": null, "altitudeMode": null, "tessellate": -1, "extrude": 0, "visibility": -1, "drawOrder": null, "icon": null }, "geometry": { "type": "Point", "coordinates": [ 80.16101, 13.03403 ] } },
{ "type": "Feature", "properties": { "name": null, "layer": "schools", "id": null, "Name": null, "description": null, "timestamp": null, "begin": null, "end": null, "altitudeMode": null, "tessellate": -1, "extrude": 0, "visibility": -1, "drawOrder": null, "icon": null }, "geometry": { "type": "Point", "coordinates": [ 80.17091, 13.03655 ] } },
{ "type": "Feature", "properties": { "name": null, "layer": "schools", "id": null, "Name": null, "description": null, "timestamp": null, "begin": null, "end": null, "altitudeMode": null, "tessellate": -1, "extrude": 0, "visibility": -1, "drawOrder": null, "icon": null }, "geometry": { "type": "Point", "coordinates": [ 80.1687, 13.03673 ] } },
{ "type": "Feature", "properties": { "name": null, "layer": "schools", "id": null, "Name": null, "description": null, "timestamp": null, "begin": null, "end": null, "altitudeMode": null, "tessellate": -1, "extrude": 0, "visibility": -1, "drawOrder": null, "icon": null }, "geometry": { "type": "Point", "coordinates": [ 80.18098, 13.03734 ] } },
{ "type": "Feature", "properties": { "name": null, "layer": "schools", "id": null, "Name": null, "description": null, "timestamp": null, "begin": null, "end": null, "altitudeMode": null, "tessellate": -1, "extrude": 0, "visibility": -1, "drawOrder": null, "icon": null }, "geometry": { "type": "Point", "coordinates": [ 80.17206, 13.03975 ] } },
{ "type": "Feature", "properties": { "name": null, "layer": "schools", "id": null, "Name": null, "description": null, "timestamp": null, "begin": null, "end": null, "altitudeMode": null, "tessellate": -1, "extrude": 0, "visibility": -1, "drawOrder": null, "icon": null }, "geometry": { "type": "Point", "coordinates": [ 80.17444, 13.0363 ] } },
{ "type": "Feature", "properties": { "name": null, "layer": "schools", "id": null, "Name": null, "description": null, "timestamp": null, "begin": null, "end": null, "altitudeMode": null, "tessellate": -1, "extrude": 0, "visibility": -1, "drawOrder": null, "icon": null }, "geometry": { "type": "Point", "coordinates": [ 80.17091, 13.03744 ] } },
{ "type": "Feature", "properties": { "name": null, "layer": "schools", "id": null, "Name": null, "description": null, "timestamp": null, "begin": null, "end": null, "altitudeMode": null, "tessellate": -1, "extrude": 0, "visibility": -1, "drawOrder": null, "icon": null }, "geometry": { "type": "Point", "coordinates": [ 80.1734, 13.04128 ] } },
{ "type": "Feature", "properties": { "name": null, "layer": "schools", "id": null, "Name": null, "description": null, "timestamp": null, "begin": null, "end": null, "altitudeMode": null, "tessellate": -1, "extrude": 0, "visibility": -1, "drawOrder": null, "icon": null }, "geometry": { "type": "Point", "coordinates": [ 80.18494, 13.0439 ] } },
{ "type": "Feature", "properties": { "name": null, "layer": "schools", "id": null, "Name": null, "description": null, "timestamp": null, "begin": null, "end": null, "altitudeMode": null, "tessellate": -1, "extrude": 0, "visibility": -1, "drawOrder": null, "icon": null }, "geometry": { "type": "Point", "coordinates": [ 80.17111, 13.0412 ] } },
{ "type": "Feature", "properties": { "name": null, "layer": "schools", "id": null, "Name": null, "description": null, "timestamp": null, "begin": null, "end": null, "altitudeMode": null, "tessellate": -1, "extrude": 0, "visibility": -1, "drawOrder": null, "icon": null }, "geometry": { "type": "Point", "coordinates": [ 80.18182, 13.04149 ] } },
{ "type": "Feature", "properties": { "name": null, "layer": "schools", "id": null, "Name": null, "description": null, "timestamp": null, "begin": null, "end": null, "altitudeMode": null, "tessellate": -1, "extrude": 0, "visibility": -1, "drawOrder": null, "icon": null }, "geometry": { "type": "Point", "coordinates": [ 80.18325, 13.04187 ] } },
{ "type": "Feature", "properties": { "name": null, "layer": "schools", "id": null, "Name": null, "description": null, "timestamp": null, "begin": null, "end": null, "altitudeMode": null, "tessellate": -1, "extrude": 0, "visibility": -1, "drawOrder": null, "icon": null }, "geometry": { "type": "Point", "coordinates": [ 80.17281, 13.04113 ] } },
{ "type": "Feature", "properties": { "name": null, "layer": "schools", "id": null, "Name": null, "description": null, "timestamp": null, "begin": null, "end": null, "altitudeMode": null, "tessellate": -1, "extrude": 0, "visibility": -1, "drawOrder": null, "icon": null }, "geometry": { "type": "Point", "coordinates": [ 80.15272, 13.02803 ] } },
{ "type": "Feature", "properties": { "name": null, "layer": "schools", "id": null, "Name": null, "description": null, "timestamp": null, "begin": null, "end": null, "altitudeMode": null, "tessellate": -1, "extrude": 0, "visibility": -1, "drawOrder": null, "icon": null }, "geometry": { "type": "Point", "coordinates": [ 80.15844, 13.03248 ] } },
{ "type": "Feature", "properties": { "name": null, "layer": "schools", "id": null, "Name": null, "description": null, "timestamp": null, "begin": null, "end": null, "altitudeMode": null, "tessellate": -1, "extrude": 0, "visibility": -1, "drawOrder": null, "icon": null }, "geometry": { "type": "Point", "coordinates": [ 80.15963, 13.03411 ] } },
{ "type": "Feature", "properties": { "name": null, "layer": "schools", "id": null, "Name": null, "description": null, "timestamp": null, "begin": null, "end": null, "altitudeMode": null, "tessellate": -1, "extrude": 0, "visibility": -1, "drawOrder": null, "icon": null }, "geometry": { "type": "Point", "coordinates": [ 80.15539, 13.02672 ] } },
{ "type": "Feature", "properties": { "name": null, "layer": "schools", "id": null, "Name": null, "description": null, "timestamp": null, "begin": null, "end": null, "altitudeMode": null, "tessellate": -1, "extrude": 0, "visibility": -1, "drawOrder": null, "icon": null }, "geometry": { "type": "Point", "coordinates": [ 80.15998, 13.03384 ] } },
{ "type": "Feature", "properties": { "name": null, "layer": "schools", "id": null, "Name": null, "description": null, "timestamp": null, "begin": null, "end": null, "altitudeMode": null, "tessellate": -1, "extrude": 0, "visibility": -1, "drawOrder": null, "icon": null }, "geometry": { "type": "Point", "coordinates": [ 80.17745, 13.03019 ] } },
{ "type": "Feature", "properties": { "name": null, "layer": "schools", "id": null, "Name": null, "description": null, "timestamp": null, "begin": null, "end": null, "altitudeMode": null, "tessellate": -1, "extrude": 0, "visibility": -1, "drawOrder": null, "icon": null }, "geometry": { "type": "Point", "coordinates": [ 80.18217, 13.02676 ] } },
{ "type": "Feature", "properties": { "name": null, "layer": "schools", "id": null, "Name": null, "description": null, "timestamp": null, "begin": null, "end": null, "altitudeMode": null, "tessellate": -1, "extrude": 0, "visibility": -1, "drawOrder": null, "icon": null }, "geometry": { "type": "Point", "coordinates": [ 80.17444, 13.03345 ] } },
{ "type": "Feature", "properties": { "name": null, "layer": "schools", "id": null, "Name": null, "description": null, "timestamp": null, "begin": null, "end": null, "altitudeMode": null, "tessellate": -1, "extrude": 0, "visibility": -1, "drawOrder": null, "icon": null }, "geometry": { "type": "Point", "coordinates": [ 80.17517, 13.0323 ] } },
{ "type": "Feature", "properties": { "name": null, "layer": "schools", "id": null, "Name": null, "description": null, "timestamp": null, "begin": null, "end": null, "altitudeMode": null, "tessellate": -1, "extrude": 0, "visibility": -1, "drawOrder": null, "icon": null }, "geometry": { "type": "Point", "coordinates": [ 80.17232, 13.028 ] } },
{ "type": "Feature", "properties": { "name": null, "layer": "schools", "id": null, "Name": null, "description": null, "timestamp": null, "begin": null, "end": null, "altitudeMode": null, "tessellate": -1, "extrude": 0, "visibility": -1, "drawOrder": null, "icon": null }, "geometry": { "type": "Point", "coordinates": [ 80.17145, 13.02827 ] } },
{ "type": "Feature", "properties": { "name": null, "layer": "schools", "id": null, "Name": null, "description": null, "timestamp": null, "begin": null, "end": null, "altitudeMode": null, "tessellate": -1, "extrude": 0, "visibility": -1, "drawOrder": null, "icon": null }, "geometry": { "type": "Point", "coordinates": [ 80.17409, 13.03164 ] } },
{ "type": "Feature", "properties": { "name": null, "layer": "schools", "id": null, "Name": null, "description": null, "timestamp": null, "begin": null, "end": null, "altitudeMode": null, "tessellate": -1, "extrude": 0, "visibility": -1, "drawOrder": null, "icon": null }, "geometry": { "type": "Point", "coordinates": [ 80.17838, 13.03037 ] } },
{ "type": "Feature", "properties": { "name": null, "layer": "schools", "id": null, "Name": null, "description": null, "timestamp": null, "begin": null, "end": null, "altitudeMode": null, "tessellate": -1, "extrude": 0, "visibility": -1, "drawOrder": null, "icon": null }, "geometry": { "type": "Point", "coordinates": [ 80.18777, 13.02794 ] } },
{ "type": "Feature", "properties": { "name": null, "layer": "schools", "id": null, "Name": null, "description": null, "timestamp": null, "begin": null, "end": null, "altitudeMode": null, "tessellate": -1, "extrude": 0, "visibility": -1, "drawOrder": null, "icon": null }, "geometry": { "type": "Point", "coordinates": [ 80.18757, 13.03299 ] } },
{ "type": "Feature", "properties": { "name": null, "layer": "schools", "id": null, "Name": null, "description": null, "timestamp": null, "begin": null, "end": null, "altitudeMode": null, "tessellate": -1, "extrude": 0, "visibility": -1, "drawOrder": null, "icon": null }, "geometry": { "type": "Point", "coordinates": [ 80.17828, 13.03042 ] } },
{ "type": "Feature", "properties": { "name": null, "layer": "schools", "id": null, "Name": null, "description": null, "timestamp": null, "begin": null, "end": null, "altitudeMode": null, "tessellate": -1, "extrude": 0, "visibility": -1, "drawOrder": null, "icon": null }, "geometry": { "type": "Point", "coordinates": [ 80.18187, 13.03334 ] } },
{ "type": "Feature", "properties": { "name": null, "layer": "schools", "id": null, "Name": null, "description": null, "timestamp": null, "begin": null, "end": null, "altitudeMode": null, "tessellate": -1, "extrude": 0, "visibility": -1, "drawOrder": null, "icon": null }, "geometry": { "type": "Point", "coordinates": [ 80.17875, 13.03023 ] } },
{ "type": "Feature", "properties": { "name": null, "layer": "schools", "id": null, "Name": null, "description": null, "timestamp": null, "begin": null, "end": null, "altitudeMode": null, "tessellate": -1, "extrude": 0, "visibility": -1, "drawOrder": null, "icon": null }, "geometry": { "type": "Point", "coordinates": [ 80.18817, 13.03671 ] } },
{ "type": "Feature", "properties": { "name": null, "layer": "schools", "id": null, "Name": null, "description": null, "timestamp": null, "begin": null, "end": null, "altitudeMode": null, "tessellate": -1, "extrude": 0, "visibility": -1, "drawOrder": null, "icon": null }, "geometry": { "type": "Point", "coordinates": [ 80.1849, 13.03614 ] } },
{ "type": "Feature", "properties": { "name": null, "layer": "schools", "id": null, "Name": null, "description": null, "timestamp": null, "begin": null, "end": null, "altitudeMode": null, "tessellate": -1, "extrude": 0, "visibility": -1, "drawOrder": null, "icon": null }, "geometry": { "type": "Point", "coordinates": [ 80.15368, 13.02385 ] } },
{ "type": "Feature", "properties": { "name": null, "layer": "schools", "id": null, "Name": null, "description": null, "timestamp": null, "begin": null, "end": null, "altitudeMode": null, "tessellate": -1, "extrude": 0, "visibility": -1, "drawOrder": null, "icon": null }, "geometry": { "type": "Point", "coordinates": [ 80.16267, 13.02316 ] } },
{ "type": "Feature", "properties": { "name": null, "layer": "schools", "id": null, "Name": null, "description": null, "timestamp": null, "begin": null, "end": null, "altitudeMode": null, "tessellate": -1, "extrude": 0, "visibility": -1, "drawOrder": null, "icon": null }, "geometry": { "type": "Point", "coordinates": [ 80.15236, 13.02098 ] } },
{ "type": "Feature", "properties": { "name": null, "layer": "schools", "id": null, "Name": null, "description": null, "timestamp": null, "begin": null, "end": null, "altitudeMode": null, "tessellate": -1, "extrude": 0, "visibility": -1, "drawOrder": null, "icon": null }, "geometry": { "type": "Point", "coordinates": [ 80.16756, 13.0209 ] } },
{ "type": "Feature", "properties": { "name": null, "layer": "schools", "id": null, "Name": null, "description": null, "timestamp": null, "begin": null, "end": null, "altitudeMode": null, "tessellate": -1, "extrude": 0, "visibility": -1, "drawOrder": null, "icon": null }, "geometry": { "type": "Point", "coordinates": [ 80.1505, 13.02219 ] } },
{ "type": "Feature", "properties": { "name": null, "layer": "schools", "id": null, "Name": null, "description": null, "timestamp": null, "begin": null, "end": null, "altitudeMode": null, "tessellate": -1, "extrude": 0, "visibility": -1, "drawOrder": null, "icon": null }, "geometry": { "type": "Point", "coordinates": [ 80.16717, 13.02134 ] } },
{ "type": "Feature", "properties": { "name": null, "layer": "schools", "id": null, "Name": null, "description": null, "timestamp": null, "begin": null, "end": null, "altitudeMode": null, "tessellate": -1, "extrude": 0, "visibility": -1, "drawOrder": null, "icon": null }, "geometry": { "type": "Point", "coordinates": [ 80.16652, 13.0189 ] } },
{ "type": "Feature", "properties": { "name": null, "layer": "schools", "id": null, "Name": null, "description": null, "timestamp": null, "begin": null, "end": null, "altitudeMode": null, "tessellate": -1, "extrude": 0, "visibility": -1, "drawOrder": null, "icon": null }, "geometry": { "type": "Point", "coordinates": [ 80.16932, 13.02098 ] } },
{ "type": "Feature", "properties": { "name": null, "layer": "schools", "id": null, "Name": null, "description": null, "timestamp": null, "begin": null, "end": null, "altitudeMode": null, "tessellate": -1, "extrude": 0, "visibility": -1, "drawOrder": null, "icon": null }, "geometry": { "type": "Point", "coordinates": [ 80.18196, 13.04329 ] } },
{ "type": "Feature", "properties": { "name": null, "layer": "schools", "id": null, "Name": null, "description": null, "timestamp": null, "begin": null, "end": null, "altitudeMode": null, "tessellate": -1, "extrude": 0, "visibility": -1, "drawOrder": null, "icon": null }, "geometry": { "type": "Point", "coordinates": [ 80.18308, 13.04667 ] } },
{ "type": "Feature", "properties": { "name": null, "layer": "schools", "id": null, "Name": null, "description": null, "timestamp": null, "begin": null, "end": null, "altitudeMode": null, "tessellate": -1, "extrude": 0, "visibility": -1, "drawOrder": null, "icon": null }, "geometry": { "type": "Point", "coordinates": [ 80.27463, 13.20694 ] } },
{ "type": "Feature", "properties": { "name": null, "layer": "schools", "id": null, "Name": null, "description": null, "timestamp": null, "begin": null, "end": null, "altitudeMode": null, "tessellate": -1, "extrude": 0, "visibility": -1, "drawOrder": null, "icon": null }, "geometry": { "type": "Point", "coordinates": [ 80.27915, 13.20544 ] } },
{ "type": "Feature", "properties": { "name": null, "layer": "schools", "id": null, "Name": null, "description": null, "timestamp": null, "begin": null, "end": null, "altitudeMode": null, "tessellate": -1, "extrude": 0, "visibility": -1, "drawOrder": null, "icon": null }, "geometry": { "type": "Point", "coordinates": [ 80.27365, 13.22299 ] } },
{ "type": "Feature", "properties": { "name": null, "layer": "schools", "id": null, "Name": null, "description": null, "timestamp": null, "begin": null, "end": null, "altitudeMode": null, "tessellate": -1, "extrude": 0, "visibility": -1, "drawOrder": null, "icon": null }, "geometry": { "type": "Point", "coordinates": [ 80.27394, 13.21836 ] } },
{ "type": "Feature", "properties": { "name": null, "layer": "schools", "id": null, "Name": null, "description": null, "timestamp": null, "begin": null, "end": null, "altitudeMode": null, "tessellate": -1, "extrude": 0, "visibility": -1, "drawOrder": null, "icon": null }, "geometry": { "type": "Point", "coordinates": [ 80.27316, 13.20912 ] } },
{ "type": "Feature", "properties": { "name": null, "layer": "schools", "id": null, "Name": null, "description": null, "timestamp": null, "begin": null, "end": null, "altitudeMode": null, "tessellate": -1, "extrude": 0, "visibility": -1, "drawOrder": null, "icon": null }, "geometry": { "type": "Point", "coordinates": [ 80.27275, 13.22471 ] } },
{ "type": "Feature", "properties": { "name": null, "layer": "schools", "id": null, "Name": null, "description": null, "timestamp": null, "begin": null, "end": null, "altitudeMode": null, "tessellate": -1, "extrude": 0, "visibility": -1, "drawOrder": null, "icon": null }, "geometry": { "type": "Point", "coordinates": [ 80.27259, 13.20941 ] } },
{ "type": "Feature", "properties": { "name": null, "layer": "schools", "id": null, "Name": null, "description": null, "timestamp": null, "begin": null, "end": null, "altitudeMode": null, "tessellate": -1, "extrude": 0, "visibility": -1, "drawOrder": null, "icon": null }, "geometry": { "type": "Point", "coordinates": [ 80.27463, 13.20694 ] } },
{ "type": "Feature", "properties": { "name": null, "layer": "schools", "id": null, "Name": null, "description": null, "timestamp": null, "begin": null, "end": null, "altitudeMode": null, "tessellate": -1, "extrude": 0, "visibility": -1, "drawOrder": null, "icon": null }, "geometry": { "type": "Point", "coordinates": [ 80.15465, 13.04041 ] } },
{ "type": "Feature", "properties": { "name": null, "layer": "schools", "id": null, "Name": null, "description": null, "timestamp": null, "begin": null, "end": null, "altitudeMode": null, "tessellate": -1, "extrude": 0, "visibility": -1, "drawOrder": null, "icon": null }, "geometry": { "type": "Point", "coordinates": [ 80.15687, 13.04072 ] } },
{ "type": "Feature", "properties": { "name": null, "layer": "schools", "id": null, "Name": null, "description": null, "timestamp": null, "begin": null, "end": null, "altitudeMode": null, "tessellate": -1, "extrude": 0, "visibility": -1, "drawOrder": null, "icon": null }, "geometry": { "type": "Point", "coordinates": [ 80.15553, 13.04038 ] } },
{ "type": "Feature", "properties": { "name": null, "layer": "schools", "id": null, "Name": null, "description": null, "timestamp": null, "begin": null, "end": null, "altitudeMode": null, "tessellate": -1, "extrude": 0, "visibility": -1, "drawOrder": null, "icon": null }, "geometry": { "type": "Point", "coordinates": [ 80.15285, 13.03964 ] } },
{ "type": "Feature", "properties": { "name": null, "layer": "schools", "id": null, "Name": null, "description": null, "timestamp": null, "begin": null, "end": null, "altitudeMode": null, "tessellate": -1, "extrude": 0, "visibility": -1, "drawOrder": null, "icon": null }, "geometry": { "type": "Point", "coordinates": [ 80.15452, 13.03449 ] } },
{ "type": "Feature", "properties": { "name": null, "layer": "schools", "id": null, "Name": null, "description": null, "timestamp": null, "begin": null, "end": null, "altitudeMode": null, "tessellate": -1, "extrude": 0, "visibility": -1, "drawOrder": null, "icon": null }, "geometry": { "type": "Point", "coordinates": [ 80.15817, 13.03841 ] } },
{ "type": "Feature", "properties": { "name": null, "layer": "schools", "id": null, "Name": null, "description": null, "timestamp": null, "begin": null, "end": null, "altitudeMode": null, "tessellate": -1, "extrude": 0, "visibility": -1, "drawOrder": null, "icon": null }, "geometry": { "type": "Point", "coordinates": [ 80.1582, 13.03824 ] } },
{ "type": "Feature", "properties": { "name": null, "layer": "schools", "id": null, "Name": null, "description": null, "timestamp": null, "begin": null, "end": null, "altitudeMode": null, "tessellate": -1, "extrude": 0, "visibility": -1, "drawOrder": null, "icon": null }, "geometry": { "type": "Point", "coordinates": [ 80.15763, 13.04107 ] } },
{ "type": "Feature", "properties": { "name": null, "layer": "schools", "id": null, "Name": null, "description": null, "timestamp": null, "begin": null, "end": null, "altitudeMode": null, "tessellate": -1, "extrude": 0, "visibility": -1, "drawOrder": null, "icon": null }, "geometry": { "type": "Point", "coordinates": [ 80.17154, 13.03633 ] } },
{ "type": "Feature", "properties": { "name": null, "layer": "schools", "id": null, "Name": null, "description": null, "timestamp": null, "begin": null, "end": null, "altitudeMode": null, "tessellate": -1, "extrude": 0, "visibility": -1, "drawOrder": null, "icon": null }, "geometry": { "type": "Point", "coordinates": [ 80.16081, 13.03526 ] } },
{ "type": "Feature", "properties": { "name": null, "layer": "schools", "id": null, "Name": null, "description": null, "timestamp": null, "begin": null, "end": null, "altitudeMode": null, "tessellate": -1, "extrude": 0, "visibility": -1, "drawOrder": null, "icon": null }, "geometry": { "type": "Point", "coordinates": [ 80.16033, 13.03648 ] } },
{ "type": "Feature", "properties": { "name": null, "layer": "schools", "id": null, "Name": null, "description": null, "timestamp": null, "begin": null, "end": null, "altitudeMode": null, "tessellate": -1, "extrude": 0, "visibility": -1, "drawOrder": null, "icon": null }, "geometry": { "type": "Point", "coordinates": [ 80.21797, 13.02314 ] } },
{ "type": "Feature", "properties": { "name": null, "layer": "schools", "id": null, "Name": null, "description": null, "timestamp": null, "begin": null, "end": null, "altitudeMode": null, "tessellate": -1, "extrude": 0, "visibility": -1, "drawOrder": null, "icon": null }, "geometry": { "type": "Point", "coordinates": [ 80.21252, 13.02083 ] } },
{ "type": "Feature", "properties": { "name": null, "layer": "schools", "id": null, "Name": null, "description": null, "timestamp": null, "begin": null, "end": null, "altitudeMode": null, "tessellate": -1, "extrude": 0, "visibility": -1, "drawOrder": null, "icon": null }, "geometry": { "type": "Point", "coordinates": [ 80.22635, 13.02279 ] } },
{ "type": "Feature", "properties": { "name": null, "layer": "schools", "id": null, "Name": null, "description": null, "timestamp": null, "begin": null, "end": null, "altitudeMode": null, "tessellate": -1, "extrude": 0, "visibility": -1, "drawOrder": null, "icon": null }, "geometry": { "type": "Point", "coordinates": [ 80.22052, 13.02 ] } },
{ "type": "Feature", "properties": { "name": null, "layer": "schools", "id": null, "Name": null, "description": null, "timestamp": null, "begin": null, "end": null, "altitudeMode": null, "tessellate": -1, "extrude": 0, "visibility": -1, "drawOrder": null, "icon": null }, "geometry": { "type": "Point", "coordinates": [ 80.16616, 13.07074 ] } },
{ "type": "Feature", "properties": { "name": null, "layer": "schools", "id": null, "Name": null, "description": null, "timestamp": null, "begin": null, "end": null, "altitudeMode": null, "tessellate": -1, "extrude": 0, "visibility": -1, "drawOrder": null, "icon": null }, "geometry": { "type": "Point", "coordinates": [ 80.16272, 13.06901 ] } },
{ "type": "Feature", "properties": { "name": null, "layer": "schools", "id": null, "Name": null, "description": null, "timestamp": null, "begin": null, "end": null, "altitudeMode": null, "tessellate": -1, "extrude": 0, "visibility": -1, "drawOrder": null, "icon": null }, "geometry": { "type": "Point", "coordinates": [ 80.16789, 13.0799 ] } },
{ "type": "Feature", "properties": { "name": null, "layer": "schools", "id": null, "Name": null, "description": null, "timestamp": null, "begin": null, "end": null, "altitudeMode": null, "tessellate": -1, "extrude": 0, "visibility": -1, "drawOrder": null, "icon": null }, "geometry": { "type": "Point", "coordinates": [ 80.16831, 13.08102 ] } },
{ "type": "Feature", "properties": { "name": null, "layer": "schools", "id": null, "Name": null, "description": null, "timestamp": null, "begin": null, "end": null, "altitudeMode": null, "tessellate": -1, "extrude": 0, "visibility": -1, "drawOrder": null, "icon": null }, "geometry": { "type": "Point", "coordinates": [ 80.1695, 13.08218 ] } },
{ "type": "Feature", "properties": { "name": null, "layer": "schools", "id": null, "Name": null, "description": null, "timestamp": null, "begin": null, "end": null, "altitudeMode": null, "tessellate": -1, "extrude": 0, "visibility": -1, "drawOrder": null, "icon": null }, "geometry": { "type": "Point", "coordinates": [ 80.16963, 13.07957 ] } },
{ "type": "Feature", "properties": { "name": null, "layer": "schools", "id": null, "Name": null, "description": null, "timestamp": null, "begin": null, "end": null, "altitudeMode": null, "tessellate": -1, "extrude": 0, "visibility": -1, "drawOrder": null, "icon": null }, "geometry": { "type": "Point", "coordinates": [ 80.1671, 13.0811 ] } },
{ "type": "Feature", "properties": { "name": null, "layer": "schools", "id": null, "Name": null, "description": null, "timestamp": null, "begin": null, "end": null, "altitudeMode": null, "tessellate": -1, "extrude": 0, "visibility": -1, "drawOrder": null, "icon": null }, "geometry": { "type": "Point", "coordinates": [ 80.1629, 13.07553 ] } },
{ "type": "Feature", "properties": { "name": null, "layer": "schools", "id": null, "Name": null, "description": null, "timestamp": null, "begin": null, "end": null, "altitudeMode": null, "tessellate": -1, "extrude": 0, "visibility": -1, "drawOrder": null, "icon": null }, "geometry": { "type": "Point", "coordinates": [ 80.17089, 13.08117 ] } },
{ "type": "Feature", "properties": { "name": null, "layer": "schools", "id": null, "Name": null, "description": null, "timestamp": null, "begin": null, "end": null, "altitudeMode": null, "tessellate": -1, "extrude": 0, "visibility": -1, "drawOrder": null, "icon": null }, "geometry": { "type": "Point", "coordinates": [ 80.1653, 13.0799 ] } },
{ "type": "Feature", "properties": { "name": null, "layer": "schools", "id": null, "Name": null, "description": null, "timestamp": null, "begin": null, "end": null, "altitudeMode": null, "tessellate": -1, "extrude": 0, "visibility": -1, "drawOrder": null, "icon": null }, "geometry": { "type": "Point", "coordinates": [ 80.17245, 13.07844 ] } },
{ "type": "Feature", "properties": { "name": null, "layer": "schools", "id": null, "Name": null, "description": null, "timestamp": null, "begin": null, "end": null, "altitudeMode": null, "tessellate": -1, "extrude": 0, "visibility": -1, "drawOrder": null, "icon": null }, "geometry": { "type": "Point", "coordinates": [ 80.17279, 13.08032 ] } },
{ "type": "Feature", "properties": { "name": null, "layer": "schools", "id": null, "Name": null, "description": null, "timestamp": null, "begin": null, "end": null, "altitudeMode": null, "tessellate": -1, "extrude": 0, "visibility": -1, "drawOrder": null, "icon": null }, "geometry": { "type": "Point", "coordinates": [ 80.16279, 13.06912 ] } },
{ "type": "Feature", "properties": { "name": null, "layer": "schools", "id": null, "Name": null, "description": null, "timestamp": null, "begin": null, "end": null, "altitudeMode": null, "tessellate": -1, "extrude": 0, "visibility": -1, "drawOrder": null, "icon": null }, "geometry": { "type": "Point", "coordinates": [ 80.17294, 13.07624 ] } },
{ "type": "Feature", "properties": { "name": null, "layer": "schools", "id": null, "Name": null, "description": null, "timestamp": null, "begin": null, "end": null, "altitudeMode": null, "tessellate": -1, "extrude": 0, "visibility": -1, "drawOrder": null, "icon": null }, "geometry": { "type": "Point", "coordinates": [ 80.16342, 13.07699 ] } },
{ "type": "Feature", "properties": { "name": null, "layer": "schools", "id": null, "Name": null, "description": null, "timestamp": null, "begin": null, "end": null, "altitudeMode": null, "tessellate": -1, "extrude": 0, "visibility": -1, "drawOrder": null, "icon": null }, "geometry": { "type": "Point", "coordinates": [ 80.17588, 13.06358 ] } },
{ "type": "Feature", "properties": { "name": null, "layer": "schools", "id": null, "Name": null, "description": null, "timestamp": null, "begin": null, "end": null, "altitudeMode": null, "tessellate": -1, "extrude": 0, "visibility": -1, "drawOrder": null, "icon": null }, "geometry": { "type": "Point", "coordinates": [ 80.17434, 13.06578 ] } },
{ "type": "Feature", "properties": { "name": null, "layer": "schools", "id": null, "Name": null, "description": null, "timestamp": null, "begin": null, "end": null, "altitudeMode": null, "tessellate": -1, "extrude": 0, "visibility": -1, "drawOrder": null, "icon": null }, "geometry": { "type": "Point", "coordinates": [ 80.1776, 13.0605 ] } },
{ "type": "Feature", "properties": { "name": null, "layer": "schools", "id": null, "Name": null, "description": null, "timestamp": null, "begin": null, "end": null, "altitudeMode": null, "tessellate": -1, "extrude": 0, "visibility": -1, "drawOrder": null, "icon": null }, "geometry": { "type": "Point", "coordinates": [ 80.17861, 13.06683 ] } },
{ "type": "Feature", "properties": { "name": null, "layer": "schools", "id": null, "Name": null, "description": null, "timestamp": null, "begin": null, "end": null, "altitudeMode": null, "tessellate": -1, "extrude": 0, "visibility": -1, "drawOrder": null, "icon": null }, "geometry": { "type": "Point", "coordinates": [ 80.1726, 13.05906 ] } },
{ "type": "Feature", "properties": { "name": null, "layer": "schools", "id": null, "Name": null, "description": null, "timestamp": null, "begin": null, "end": null, "altitudeMode": null, "tessellate": -1, "extrude": 0, "visibility": -1, "drawOrder": null, "icon": null }, "geometry": { "type": "Point", "coordinates": [ 80.18917, 13.07154 ] } },
{ "type": "Feature", "properties": { "name": null, "layer": "schools", "id": null, "Name": null, "description": null, "timestamp": null, "begin": null, "end": null, "altitudeMode": null, "tessellate": -1, "extrude": 0, "visibility": -1, "drawOrder": null, "icon": null }, "geometry": { "type": "Point", "coordinates": [ 80.19031, 13.06267 ] } },
{ "type": "Feature", "properties": { "name": null, "layer": "schools", "id": null, "Name": null, "description": null, "timestamp": null, "begin": null, "end": null, "altitudeMode": null, "tessellate": -1, "extrude": 0, "visibility": -1, "drawOrder": null, "icon": null }, "geometry": { "type": "Point", "coordinates": [ 80.18642, 13.07014 ] } },
{ "type": "Feature", "properties": { "name": null, "layer": "schools", "id": null, "Name": null, "description": null, "timestamp": null, "begin": null, "end": null, "altitudeMode": null, "tessellate": -1, "extrude": 0, "visibility": -1, "drawOrder": null, "icon": null }, "geometry": { "type": "Point", "coordinates": [ 80.18218, 13.06949 ] } },
{ "type": "Feature", "properties": { "name": null, "layer": "schools", "id": null, "Name": null, "description": null, "timestamp": null, "begin": null, "end": null, "altitudeMode": null, "tessellate": -1, "extrude": 0, "visibility": -1, "drawOrder": null, "icon": null }, "geometry": { "type": "Point", "coordinates": [ 80.18721, 13.06947 ] } },
{ "type": "Feature", "properties": { "name": null, "layer": "schools", "id": null, "Name": null, "description": null, "timestamp": null, "begin": null, "end": null, "altitudeMode": null, "tessellate": -1, "extrude": 0, "visibility": -1, "drawOrder": null, "icon": null }, "geometry": { "type": "Point", "coordinates": [ 80.18952, 13.05933 ] } },
{ "type": "Feature", "properties": { "name": null, "layer": "schools", "id": null, "Name": null, "description": null, "timestamp": null, "begin": null, "end": null, "altitudeMode": null, "tessellate": -1, "extrude": 0, "visibility": -1, "drawOrder": null, "icon": null }, "geometry": { "type": "Point", "coordinates": [ 80.17996, 13.064 ] } },
{ "type": "Feature", "properties": { "name": null, "layer": "schools", "id": null, "Name": null, "description": null, "timestamp": null, "begin": null, "end": null, "altitudeMode": null, "tessellate": -1, "extrude": 0, "visibility": -1, "drawOrder": null, "icon": null }, "geometry": { "type": "Point", "coordinates": [ 80.18526, 13.0648 ] } },
{ "type": "Feature", "properties": { "name": null, "layer": "schools", "id": null, "Name": null, "description": null, "timestamp": null, "begin": null, "end": null, "altitudeMode": null, "tessellate": -1, "extrude": 0, "visibility": -1, "drawOrder": null, "icon": null }, "geometry": { "type": "Point", "coordinates": [ 80.18256, 13.06633 ] } },
{ "type": "Feature", "properties": { "name": null, "layer": "schools", "id": null, "Name": null, "description": null, "timestamp": null, "begin": null, "end": null, "altitudeMode": null, "tessellate": -1, "extrude": 0, "visibility": -1, "drawOrder": null, "icon": null }, "geometry": { "type": "Point", "coordinates": [ 80.1855, 13.0598 ] } },
{ "type": "Feature", "properties": { "name": null, "layer": "schools", "id": null, "Name": null, "description": null, "timestamp": null, "begin": null, "end": null, "altitudeMode": null, "tessellate": -1, "extrude": 0, "visibility": -1, "drawOrder": null, "icon": null }, "geometry": { "type": "Point", "coordinates": [ 80.1863, 13.06999 ] } },
{ "type": "Feature", "properties": { "name": null, "layer": "schools", "id": null, "Name": null, "description": null, "timestamp": null, "begin": null, "end": null, "altitudeMode": null, "tessellate": -1, "extrude": 0, "visibility": -1, "drawOrder": null, "icon": null }, "geometry": { "type": "Point", "coordinates": [ 80.1822, 13.06939 ] } },
{ "type": "Feature", "properties": { "name": null, "layer": "schools", "id": null, "Name": null, "description": null, "timestamp": null, "begin": null, "end": null, "altitudeMode": null, "tessellate": -1, "extrude": 0, "visibility": -1, "drawOrder": null, "icon": null }, "geometry": { "type": "Point", "coordinates": [ 80.18183, 13.06242 ] } },
{ "type": "Feature", "properties": { "name": null, "layer": "schools", "id": null, "Name": null, "description": null, "timestamp": null, "begin": null, "end": null, "altitudeMode": null, "tessellate": -1, "extrude": 0, "visibility": -1, "drawOrder": null, "icon": null }, "geometry": { "type": "Point", "coordinates": [ 80.184, 13.06273 ] } },
{ "type": "Feature", "properties": { "name": null, "layer": "schools", "id": null, "Name": null, "description": null, "timestamp": null, "begin": null, "end": null, "altitudeMode": null, "tessellate": -1, "extrude": 0, "visibility": -1, "drawOrder": null, "icon": null }, "geometry": { "type": "Point", "coordinates": [ 80.18041, 13.06813 ] } },
{ "type": "Feature", "properties": { "name": null, "layer": "schools", "id": null, "Name": null, "description": null, "timestamp": null, "begin": null, "end": null, "altitudeMode": null, "tessellate": -1, "extrude": 0, "visibility": -1, "drawOrder": null, "icon": null }, "geometry": { "type": "Point", "coordinates": [ 80.18461, 13.06966 ] } },
{ "type": "Feature", "properties": { "name": null, "layer": "schools", "id": null, "Name": null, "description": null, "timestamp": null, "begin": null, "end": null, "altitudeMode": null, "tessellate": -1, "extrude": 0, "visibility": -1, "drawOrder": null, "icon": null }, "geometry": { "type": "Point", "coordinates": [ 80.16553, 13.05928 ] } },
{ "type": "Feature", "properties": { "name": null, "layer": "schools", "id": null, "Name": null, "description": null, "timestamp": null, "begin": null, "end": null, "altitudeMode": null, "tessellate": -1, "extrude": 0, "visibility": -1, "drawOrder": null, "icon": null }, "geometry": { "type": "Point", "coordinates": [ 80.16145, 13.05427 ] } },
{ "type": "Feature", "properties": { "name": null, "layer": "schools", "id": null, "Name": null, "description": null, "timestamp": null, "begin": null, "end": null, "altitudeMode": null, "tessellate": -1, "extrude": 0, "visibility": -1, "drawOrder": null, "icon": null }, "geometry": { "type": "Point", "coordinates": [ 80.16128, 13.05668 ] } },
{ "type": "Feature", "properties": { "name": null, "layer": "schools", "id": null, "Name": null, "description": null, "timestamp": null, "begin": null, "end": null, "altitudeMode": null, "tessellate": -1, "extrude": 0, "visibility": -1, "drawOrder": null, "icon": null }, "geometry": { "type": "Point", "coordinates": [ 80.16326, 13.06019 ] } },
{ "type": "Feature", "properties": { "name": null, "layer": "schools", "id": null, "Name": null, "description": null, "timestamp": null, "begin": null, "end": null, "altitudeMode": null, "tessellate": -1, "extrude": 0, "visibility": -1, "drawOrder": null, "icon": null }, "geometry": { "type": "Point", "coordinates": [ 80.16676, 13.06331 ] } },
{ "type": "Feature", "properties": { "name": null, "layer": "schools", "id": null, "Name": null, "description": null, "timestamp": null, "begin": null, "end": null, "altitudeMode": null, "tessellate": -1, "extrude": 0, "visibility": -1, "drawOrder": null, "icon": null }, "geometry": { "type": "Point", "coordinates": [ 80.16428, 13.04531 ] } },
{ "type": "Feature", "properties": { "name": null, "layer": "schools", "id": null, "Name": null, "description": null, "timestamp": null, "begin": null, "end": null, "altitudeMode": null, "tessellate": -1, "extrude": 0, "visibility": -1, "drawOrder": null, "icon": null }, "geometry": { "type": "Point", "coordinates": [ 80.1645, 13.05151 ] } },
{ "type": "Feature", "properties": { "name": null, "layer": "schools", "id": null, "Name": null, "description": null, "timestamp": null, "begin": null, "end": null, "altitudeMode": null, "tessellate": -1, "extrude": 0, "visibility": -1, "drawOrder": null, "icon": null }, "geometry": { "type": "Point", "coordinates": [ 80.16604, 13.06377 ] } },
{ "type": "Feature", "properties": { "name": null, "layer": "schools", "id": null, "Name": null, "description": null, "timestamp": null, "begin": null, "end": null, "altitudeMode": null, "tessellate": -1, "extrude": 0, "visibility": -1, "drawOrder": null, "icon": null }, "geometry": { "type": "Point", "coordinates": [ 80.1613, 13.05151 ] } },
{ "type": "Feature", "properties": { "name": null, "layer": "schools", "id": null, "Name": null, "description": null, "timestamp": null, "begin": null, "end": null, "altitudeMode": null, "tessellate": -1, "extrude": 0, "visibility": -1, "drawOrder": null, "icon": null }, "geometry": { "type": "Point", "coordinates": [ 80.1644, 13.05613 ] } },
{ "type": "Feature", "properties": { "name": null, "layer": "schools", "id": null, "Name": null, "description": null, "timestamp": null, "begin": null, "end": null, "altitudeMode": null, "tessellate": -1, "extrude": 0, "visibility": -1, "drawOrder": null, "icon": null }, "geometry": { "type": "Point", "coordinates": [ 80.1725, 13.06283 ] } },
{ "type": "Feature", "properties": { "name": null, "layer": "schools", "id": null, "Name": null, "description": null, "timestamp": null, "begin": null, "end": null, "altitudeMode": null, "tessellate": -1, "extrude": 0, "visibility": -1, "drawOrder": null, "icon": null }, "geometry": { "type": "Point", "coordinates": [ 80.17207, 13.06061 ] } },
{ "type": "Feature", "properties": { "name": null, "layer": "schools", "id": null, "Name": null, "description": null, "timestamp": null, "begin": null, "end": null, "altitudeMode": null, "tessellate": -1, "extrude": 0, "visibility": -1, "drawOrder": null, "icon": null }, "geometry": { "type": "Point", "coordinates": [ 80.17604, 13.05333 ] } },
{ "type": "Feature", "properties": { "name": null, "layer": "schools", "id": null, "Name": null, "description": null, "timestamp": null, "begin": null, "end": null, "altitudeMode": null, "tessellate": -1, "extrude": 0, "visibility": -1, "drawOrder": null, "icon": null }, "geometry": { "type": "Point", "coordinates": [ 80.17248, 13.05465 ] } },
{ "type": "Feature", "properties": { "name": null, "layer": "schools", "id": null, "Name": null, "description": null, "timestamp": null, "begin": null, "end": null, "altitudeMode": null, "tessellate": -1, "extrude": 0, "visibility": -1, "drawOrder": null, "icon": null }, "geometry": { "type": "Point", "coordinates": [ 80.17182, 13.06246 ] } },
{ "type": "Feature", "properties": { "name": null, "layer": "schools", "id": null, "Name": null, "description": null, "timestamp": null, "begin": null, "end": null, "altitudeMode": null, "tessellate": -1, "extrude": 0, "visibility": -1, "drawOrder": null, "icon": null }, "geometry": { "type": "Point", "coordinates": [ 80.17202, 13.06412 ] } },
{ "type": "Feature", "properties": { "name": null, "layer": "schools", "id": null, "Name": null, "description": null, "timestamp": null, "begin": null, "end": null, "altitudeMode": null, "tessellate": -1, "extrude": 0, "visibility": -1, "drawOrder": null, "icon": null }, "geometry": { "type": "Point", "coordinates": [ 80.16995, 13.04607 ] } },
{ "type": "Feature", "properties": { "name": null, "layer": "schools", "id": null, "Name": null, "description": null, "timestamp": null, "begin": null, "end": null, "altitudeMode": null, "tessellate": -1, "extrude": 0, "visibility": -1, "drawOrder": null, "icon": null }, "geometry": { "type": "Point", "coordinates": [ 80.16492, 13.0417 ] } },
{ "type": "Feature", "properties": { "name": null, "layer": "schools", "id": null, "Name": null, "description": null, "timestamp": null, "begin": null, "end": null, "altitudeMode": null, "tessellate": -1, "extrude": 0, "visibility": -1, "drawOrder": null, "icon": null }, "geometry": { "type": "Point", "coordinates": [ 80.17295, 13.0503 ] } },
{ "type": "Feature", "properties": { "name": null, "layer": "schools", "id": null, "Name": null, "description": null, "timestamp": null, "begin": null, "end": null, "altitudeMode": null, "tessellate": -1, "extrude": 0, "visibility": -1, "drawOrder": null, "icon": null }, "geometry": { "type": "Point", "coordinates": [ 80.17741, 13.05441 ] } },
{ "type": "Feature", "properties": { "name": null, "layer": "schools", "id": null, "Name": null, "description": null, "timestamp": null, "begin": null, "end": null, "altitudeMode": null, "tessellate": -1, "extrude": 0, "visibility": -1, "drawOrder": null, "icon": null }, "geometry": { "type": "Point", "coordinates": [ 80.2459, 13.01336 ] } },
{ "type": "Feature", "properties": { "name": null, "layer": "schools", "id": null, "Name": null, "description": null, "timestamp": null, "begin": null, "end": null, "altitudeMode": null, "tessellate": -1, "extrude": 0, "visibility": -1, "drawOrder": null, "icon": null }, "geometry": { "type": "Point", "coordinates": [ 80.24417, 13.01661 ] } },
{ "type": "Feature", "properties": { "name": null, "layer": "schools", "id": null, "Name": null, "description": null, "timestamp": null, "begin": null, "end": null, "altitudeMode": null, "tessellate": -1, "extrude": 0, "visibility": -1, "drawOrder": null, "icon": null }, "geometry": { "type": "Point", "coordinates": [ 80.24546, 13.00375 ] } },
{ "type": "Feature", "properties": { "name": null, "layer": "schools", "id": null, "Name": null, "description": null, "timestamp": null, "begin": null, "end": null, "altitudeMode": null, "tessellate": -1, "extrude": 0, "visibility": -1, "drawOrder": null, "icon": null }, "geometry": { "type": "Point", "coordinates": [ 80.246, 13.0108 ] } },
{ "type": "Feature", "properties": { "name": null, "layer": "schools", "id": null, "Name": null, "description": null, "timestamp": null, "begin": null, "end": null, "altitudeMode": null, "tessellate": -1, "extrude": 0, "visibility": -1, "drawOrder": null, "icon": null }, "geometry": { "type": "Point", "coordinates": [ 80.24362, 13.00821 ] } },
{ "type": "Feature", "properties": { "name": null, "layer": "schools", "id": null, "Name": null, "description": null, "timestamp": null, "begin": null, "end": null, "altitudeMode": null, "tessellate": -1, "extrude": 0, "visibility": -1, "drawOrder": null, "icon": null }, "geometry": { "type": "Point", "coordinates": [ 80.26953, 13.01726 ] } },
{ "type": "Feature", "properties": { "name": null, "layer": "schools", "id": null, "Name": null, "description": null, "timestamp": null, "begin": null, "end": null, "altitudeMode": null, "tessellate": -1, "extrude": 0, "visibility": -1, "drawOrder": null, "icon": null }, "geometry": { "type": "Point", "coordinates": [ 80.25887, 13.02241 ] } },
{ "type": "Feature", "properties": { "name": null, "layer": "schools", "id": null, "Name": null, "description": null, "timestamp": null, "begin": null, "end": null, "altitudeMode": null, "tessellate": -1, "extrude": 0, "visibility": -1, "drawOrder": null, "icon": null }, "geometry": { "type": "Point", "coordinates": [ 80.2673, 13.02493 ] } },
{ "type": "Feature", "properties": { "name": null, "layer": "schools", "id": null, "Name": null, "description": null, "timestamp": null, "begin": null, "end": null, "altitudeMode": null, "tessellate": -1, "extrude": 0, "visibility": -1, "drawOrder": null, "icon": null }, "geometry": { "type": "Point", "coordinates": [ 80.26183, 13.02263 ] } },
{ "type": "Feature", "properties": { "name": null, "layer": "schools", "id": null, "Name": null, "description": null, "timestamp": null, "begin": null, "end": null, "altitudeMode": null, "tessellate": -1, "extrude": 0, "visibility": -1, "drawOrder": null, "icon": null }, "geometry": { "type": "Point", "coordinates": [ 80.2634, 13.02413 ] } },
{ "type": "Feature", "properties": { "name": null, "layer": "schools", "id": null, "Name": null, "description": null, "timestamp": null, "begin": null, "end": null, "altitudeMode": null, "tessellate": -1, "extrude": 0, "visibility": -1, "drawOrder": null, "icon": null }, "geometry": { "type": "Point", "coordinates": [ 80.26063, 13.02266 ] } },
{ "type": "Feature", "properties": { "name": null, "layer": "schools", "id": null, "Name": null, "description": null, "timestamp": null, "begin": null, "end": null, "altitudeMode": null, "tessellate": -1, "extrude": 0, "visibility": -1, "drawOrder": null, "icon": null }, "geometry": { "type": "Point", "coordinates": [ 80.26274, 13.02243 ] } },
{ "type": "Feature", "properties": { "name": null, "layer": "schools", "id": null, "Name": null, "description": null, "timestamp": null, "begin": null, "end": null, "altitudeMode": null, "tessellate": -1, "extrude": 0, "visibility": -1, "drawOrder": null, "icon": null }, "geometry": { "type": "Point", "coordinates": [ 80.26152, 13.02257 ] } },
{ "type": "Feature", "properties": { "name": null, "layer": "schools", "id": null, "Name": null, "description": null, "timestamp": null, "begin": null, "end": null, "altitudeMode": null, "tessellate": -1, "extrude": 0, "visibility": -1, "drawOrder": null, "icon": null }, "geometry": { "type": "Point", "coordinates": [ 80.26014, 13.02442 ] } },
{ "type": "Feature", "properties": { "name": null, "layer": "schools", "id": null, "Name": null, "description": null, "timestamp": null, "begin": null, "end": null, "altitudeMode": null, "tessellate": -1, "extrude": 0, "visibility": -1, "drawOrder": null, "icon": null }, "geometry": { "type": "Point", "coordinates": [ 80.2619, 13.01993 ] } },
{ "type": "Feature", "properties": { "name": null, "layer": "schools", "id": null, "Name": null, "description": null, "timestamp": null, "begin": null, "end": null, "altitudeMode": null, "tessellate": -1, "extrude": 0, "visibility": -1, "drawOrder": null, "icon": null }, "geometry": { "type": "Point", "coordinates": [ 80.26173, 13.02137 ] } },
{ "type": "Feature", "properties": { "name": null, "layer": "schools", "id": null, "Name": null, "description": null, "timestamp": null, "begin": null, "end": null, "altitudeMode": null, "tessellate": -1, "extrude": 0, "visibility": -1, "drawOrder": null, "icon": null }, "geometry": { "type": "Point", "coordinates": [ 80.26016, 13.01774 ] } },
{ "type": "Feature", "properties": { "name": null, "layer": "schools", "id": null, "Name": null, "description": null, "timestamp": null, "begin": null, "end": null, "altitudeMode": null, "tessellate": -1, "extrude": 0, "visibility": -1, "drawOrder": null, "icon": null }, "geometry": { "type": "Point", "coordinates": [ 80.23901, 12.99908 ] } },
{ "type": "Feature", "properties": { "name": null, "layer": "schools", "id": null, "Name": null, "description": null, "timestamp": null, "begin": null, "end": null, "altitudeMode": null, "tessellate": -1, "extrude": 0, "visibility": -1, "drawOrder": null, "icon": null }, "geometry": { "type": "Point", "coordinates": [ 80.21746, 12.99476 ] } },
{ "type": "Feature", "properties": { "name": null, "layer": "schools", "id": null, "Name": null, "description": null, "timestamp": null, "begin": null, "end": null, "altitudeMode": null, "tessellate": -1, "extrude": 0, "visibility": -1, "drawOrder": null, "icon": null }, "geometry": { "type": "Point", "coordinates": [ 80.22052, 12.99068 ] } },
{ "type": "Feature", "properties": { "name": null, "layer": "schools", "id": null, "Name": null, "description": null, "timestamp": null, "begin": null, "end": null, "altitudeMode": null, "tessellate": -1, "extrude": 0, "visibility": -1, "drawOrder": null, "icon": null }, "geometry": { "type": "Point", "coordinates": [ 80.21387, 12.99912 ] } },
{ "type": "Feature", "properties": { "name": null, "layer": "schools", "id": null, "Name": null, "description": null, "timestamp": null, "begin": null, "end": null, "altitudeMode": null, "tessellate": -1, "extrude": 0, "visibility": -1, "drawOrder": null, "icon": null }, "geometry": { "type": "Point", "coordinates": [ 80.20802, 12.99803 ] } },
{ "type": "Feature", "properties": { "name": null, "layer": "schools", "id": null, "Name": null, "description": null, "timestamp": null, "begin": null, "end": null, "altitudeMode": null, "tessellate": -1, "extrude": 0, "visibility": -1, "drawOrder": null, "icon": null }, "geometry": { "type": "Point", "coordinates": [ 80.21492, 12.99477 ] } },
{ "type": "Feature", "properties": { "name": null, "layer": "schools", "id": null, "Name": null, "description": null, "timestamp": null, "begin": null, "end": null, "altitudeMode": null, "tessellate": -1, "extrude": 0, "visibility": -1, "drawOrder": null, "icon": null }, "geometry": { "type": "Point", "coordinates": [ 80.22175, 13.00905 ] } },
{ "type": "Feature", "properties": { "name": null, "layer": "schools", "id": null, "Name": null, "description": null, "timestamp": null, "begin": null, "end": null, "altitudeMode": null, "tessellate": -1, "extrude": 0, "visibility": -1, "drawOrder": null, "icon": null }, "geometry": { "type": "Point", "coordinates": [ 80.2215, 13.00708 ] } },
{ "type": "Feature", "properties": { "name": null, "layer": "schools", "id": null, "Name": null, "description": null, "timestamp": null, "begin": null, "end": null, "altitudeMode": null, "tessellate": -1, "extrude": 0, "visibility": -1, "drawOrder": null, "icon": null }, "geometry": { "type": "Point", "coordinates": [ 80.2141, 12.99546 ] } },
{ "type": "Feature", "properties": { "name": null, "layer": "schools", "id": null, "Name": null, "description": null, "timestamp": null, "begin": null, "end": null, "altitudeMode": null, "tessellate": -1, "extrude": 0, "visibility": -1, "drawOrder": null, "icon": null }, "geometry": { "type": "Point", "coordinates": [ 80.20876, 12.9969 ] } },
{ "type": "Feature", "properties": { "name": null, "layer": "schools", "id": null, "Name": null, "description": null, "timestamp": null, "begin": null, "end": null, "altitudeMode": null, "tessellate": -1, "extrude": 0, "visibility": -1, "drawOrder": null, "icon": null }, "geometry": { "type": "Point", "coordinates": [ 80.21653, 12.99316 ] } },
{ "type": "Feature", "properties": { "name": null, "layer": "schools", "id": null, "Name": null, "description": null, "timestamp": null, "begin": null, "end": null, "altitudeMode": null, "tessellate": -1, "extrude": 0, "visibility": -1, "drawOrder": null, "icon": null }, "geometry": { "type": "Point", "coordinates": [ 80.23246, 12.99292 ] } },
{ "type": "Feature", "properties": { "name": null, "layer": "schools", "id": null, "Name": null, "description": null, "timestamp": null, "begin": null, "end": null, "altitudeMode": null, "tessellate": -1, "extrude": 0, "visibility": -1, "drawOrder": null, "icon": null }, "geometry": { "type": "Point", "coordinates": [ 80.21437, 12.99931 ] } },
{ "type": "Feature", "properties": { "name": null, "layer": "schools", "id": null, "Name": null, "description": null, "timestamp": null, "begin": null, "end": null, "altitudeMode": null, "tessellate": -1, "extrude": 0, "visibility": -1, "drawOrder": null, "icon": null }, "geometry": { "type": "Point", "coordinates": [ 80.22119, 13.00854 ] } },
{ "type": "Feature", "properties": { "name": null, "layer": "schools", "id": null, "Name": null, "description": null, "timestamp": null, "begin": null, "end": null, "altitudeMode": null, "tessellate": -1, "extrude": 0, "visibility": -1, "drawOrder": null, "icon": null }, "geometry": { "type": "Point", "coordinates": [ 80.21276, 13.00584 ] } },
{ "type": "Feature", "properties": { "name": null, "layer": "schools", "id": null, "Name": null, "description": null, "timestamp": null, "begin": null, "end": null, "altitudeMode": null, "tessellate": -1, "extrude": 0, "visibility": -1, "drawOrder": null, "icon": null }, "geometry": { "type": "Point", "coordinates": [ 80.2125, 12.99693 ] } },
{ "type": "Feature", "properties": { "name": null, "layer": "schools", "id": null, "Name": null, "description": null, "timestamp": null, "begin": null, "end": null, "altitudeMode": null, "tessellate": -1, "extrude": 0, "visibility": -1, "drawOrder": null, "icon": null }, "geometry": { "type": "Point", "coordinates": [ 80.25164, 13.01211 ] } },
{ "type": "Feature", "properties": { "name": null, "layer": "schools", "id": null, "Name": null, "description": null, "timestamp": null, "begin": null, "end": null, "altitudeMode": null, "tessellate": -1, "extrude": 0, "visibility": -1, "drawOrder": null, "icon": null }, "geometry": { "type": "Point", "coordinates": [ 80.25576, 13.00145 ] } },
{ "type": "Feature", "properties": { "name": null, "layer": "schools", "id": null, "Name": null, "description": null, "timestamp": null, "begin": null, "end": null, "altitudeMode": null, "tessellate": -1, "extrude": 0, "visibility": -1, "drawOrder": null, "icon": null }, "geometry": { "type": "Point", "coordinates": [ 80.25223, 13.01089 ] } },
{ "type": "Feature", "properties": { "name": null, "layer": "schools", "id": null, "Name": null, "description": null, "timestamp": null, "begin": null, "end": null, "altitudeMode": null, "tessellate": -1, "extrude": 0, "visibility": -1, "drawOrder": null, "icon": null }, "geometry": { "type": "Point", "coordinates": [ 80.25202, 13.01146 ] } },
{ "type": "Feature", "properties": { "name": null, "layer": "schools", "id": null, "Name": null, "description": null, "timestamp": null, "begin": null, "end": null, "altitudeMode": null, "tessellate": -1, "extrude": 0, "visibility": -1, "drawOrder": null, "icon": null }, "geometry": { "type": "Point", "coordinates": [ 80.25371, 13.00187 ] } },
{ "type": "Feature", "properties": { "name": null, "layer": "schools", "id": null, "Name": null, "description": null, "timestamp": null, "begin": null, "end": null, "altitudeMode": null, "tessellate": -1, "extrude": 0, "visibility": -1, "drawOrder": null, "icon": null }, "geometry": { "type": "Point", "coordinates": [ 80.25462, 12.98997 ] } },
{ "type": "Feature", "properties": { "name": null, "layer": "schools", "id": null, "Name": null, "description": null, "timestamp": null, "begin": null, "end": null, "altitudeMode": null, "tessellate": -1, "extrude": 0, "visibility": -1, "drawOrder": null, "icon": null }, "geometry": { "type": "Point", "coordinates": [ 80.2553, 12.99226 ] } },
{ "type": "Feature", "properties": { "name": null, "layer": "schools", "id": null, "Name": null, "description": null, "timestamp": null, "begin": null, "end": null, "altitudeMode": null, "tessellate": -1, "extrude": 0, "visibility": -1, "drawOrder": null, "icon": null }, "geometry": { "type": "Point", "coordinates": [ 80.25345, 12.99761 ] } },
{ "type": "Feature", "properties": { "name": null, "layer": "schools", "id": null, "Name": null, "description": null, "timestamp": null, "begin": null, "end": null, "altitudeMode": null, "tessellate": -1, "extrude": 0, "visibility": -1, "drawOrder": null, "icon": null }, "geometry": { "type": "Point", "coordinates": [ 80.24914, 13.01084 ] } },
{ "type": "Feature", "properties": { "name": null, "layer": "schools", "id": null, "Name": null, "description": null, "timestamp": null, "begin": null, "end": null, "altitudeMode": null, "tessellate": -1, "extrude": 0, "visibility": -1, "drawOrder": null, "icon": null }, "geometry": { "type": "Point", "coordinates": [ 80.25734, 13.0101 ] } },
{ "type": "Feature", "properties": { "name": null, "layer": "schools", "id": null, "Name": null, "description": null, "timestamp": null, "begin": null, "end": null, "altitudeMode": null, "tessellate": -1, "extrude": 0, "visibility": -1, "drawOrder": null, "icon": null }, "geometry": { "type": "Point", "coordinates": [ 80.14771, 13.02401 ] } },
{ "type": "Feature", "properties": { "name": null, "layer": "schools", "id": null, "Name": null, "description": null, "timestamp": null, "begin": null, "end": null, "altitudeMode": null, "tessellate": -1, "extrude": 0, "visibility": -1, "drawOrder": null, "icon": null }, "geometry": { "type": "Point", "coordinates": [ 80.14845, 13.02166 ] } },
{ "type": "Feature", "properties": { "name": null, "layer": "schools", "id": null, "Name": null, "description": null, "timestamp": null, "begin": null, "end": null, "altitudeMode": null, "tessellate": -1, "extrude": 0, "visibility": -1, "drawOrder": null, "icon": null }, "geometry": { "type": "Point", "coordinates": [ 80.15373, 13.02388 ] } },
{ "type": "Feature", "properties": { "name": null, "layer": "schools", "id": null, "Name": null, "description": null, "timestamp": null, "begin": null, "end": null, "altitudeMode": null, "tessellate": -1, "extrude": 0, "visibility": -1, "drawOrder": null, "icon": null }, "geometry": { "type": "Point", "coordinates": [ 80.15685, 13.02298 ] } },
{ "type": "Feature", "properties": { "name": null, "layer": "schools", "id": null, "Name": null, "description": null, "timestamp": null, "begin": null, "end": null, "altitudeMode": null, "tessellate": -1, "extrude": 0, "visibility": -1, "drawOrder": null, "icon": null }, "geometry": { "type": "Point", "coordinates": [ 80.18159, 13.02355 ] } },
{ "type": "Feature", "properties": { "name": null, "layer": "schools", "id": null, "Name": null, "description": null, "timestamp": null, "begin": null, "end": null, "altitudeMode": null, "tessellate": -1, "extrude": 0, "visibility": -1, "drawOrder": null, "icon": null }, "geometry": { "type": "Point", "coordinates": [ 80.17461, 13.01492 ] } },
{ "type": "Feature", "properties": { "name": null, "layer": "schools", "id": null, "Name": null, "description": null, "timestamp": null, "begin": null, "end": null, "altitudeMode": null, "tessellate": -1, "extrude": 0, "visibility": -1, "drawOrder": null, "icon": null }, "geometry": { "type": "Point", "coordinates": [ 80.16554, 13.01531 ] } },
{ "type": "Feature", "properties": { "name": null, "layer": "schools", "id": null, "Name": null, "description": null, "timestamp": null, "begin": null, "end": null, "altitudeMode": null, "tessellate": -1, "extrude": 0, "visibility": -1, "drawOrder": null, "icon": null }, "geometry": { "type": "Point", "coordinates": [ 80.19378, 13.01126 ] } },
{ "type": "Feature", "properties": { "name": null, "layer": "schools", "id": null, "Name": null, "description": null, "timestamp": null, "begin": null, "end": null, "altitudeMode": null, "tessellate": -1, "extrude": 0, "visibility": -1, "drawOrder": null, "icon": null }, "geometry": { "type": "Point", "coordinates": [ 80.19122, 13.01595 ] } },
{ "type": "Feature", "properties": { "name": null, "layer": "schools", "id": null, "Name": null, "description": null, "timestamp": null, "begin": null, "end": null, "altitudeMode": null, "tessellate": -1, "extrude": 0, "visibility": -1, "drawOrder": null, "icon": null }, "geometry": { "type": "Point", "coordinates": [ 80.19215, 13.01499 ] } },
{ "type": "Feature", "properties": { "name": null, "layer": "schools", "id": null, "Name": null, "description": null, "timestamp": null, "begin": null, "end": null, "altitudeMode": null, "tessellate": -1, "extrude": 0, "visibility": -1, "drawOrder": null, "icon": null }, "geometry": { "type": "Point", "coordinates": [ 80.17282, 12.98728 ] } },
{ "type": "Feature", "properties": { "name": null, "layer": "schools", "id": null, "Name": null, "description": null, "timestamp": null, "begin": null, "end": null, "altitudeMode": null, "tessellate": -1, "extrude": 0, "visibility": -1, "drawOrder": null, "icon": null }, "geometry": { "type": "Point", "coordinates": [ 80.17282, 12.98728 ] } },
{ "type": "Feature", "properties": { "name": null, "layer": "schools", "id": null, "Name": null, "description": null, "timestamp": null, "begin": null, "end": null, "altitudeMode": null, "tessellate": -1, "extrude": 0, "visibility": -1, "drawOrder": null, "icon": null }, "geometry": { "type": "Point", "coordinates": [ 80.17276, 12.98585 ] } },
{ "type": "Feature", "properties": { "name": null, "layer": "schools", "id": null, "Name": null, "description": null, "timestamp": null, "begin": null, "end": null, "altitudeMode": null, "tessellate": -1, "extrude": 0, "visibility": -1, "drawOrder": null, "icon": null }, "geometry": { "type": "Point", "coordinates": [ 80.29216, 13.18406 ] } },
{ "type": "Feature", "properties": { "name": null, "layer": "schools", "id": null, "Name": null, "description": null, "timestamp": null, "begin": null, "end": null, "altitudeMode": null, "tessellate": -1, "extrude": 0, "visibility": -1, "drawOrder": null, "icon": null }, "geometry": { "type": "Point", "coordinates": [ 80.26739, 13.20294 ] } },
{ "type": "Feature", "properties": { "name": null, "layer": "schools", "id": null, "Name": null, "description": null, "timestamp": null, "begin": null, "end": null, "altitudeMode": null, "tessellate": -1, "extrude": 0, "visibility": -1, "drawOrder": null, "icon": null }, "geometry": { "type": "Point", "coordinates": [ 80.27781, 13.20056 ] } },
{ "type": "Feature", "properties": { "name": null, "layer": "schools", "id": null, "Name": null, "description": null, "timestamp": null, "begin": null, "end": null, "altitudeMode": null, "tessellate": -1, "extrude": 0, "visibility": -1, "drawOrder": null, "icon": null }, "geometry": { "type": "Point", "coordinates": [ 80.26295, 13.19284 ] } },
{ "type": "Feature", "properties": { "name": null, "layer": "schools", "id": null, "Name": null, "description": null, "timestamp": null, "begin": null, "end": null, "altitudeMode": null, "tessellate": -1, "extrude": 0, "visibility": -1, "drawOrder": null, "icon": null }, "geometry": { "type": "Point", "coordinates": [ 80.27163, 13.19336 ] } },
{ "type": "Feature", "properties": { "name": null, "layer": "schools", "id": null, "Name": null, "description": null, "timestamp": null, "begin": null, "end": null, "altitudeMode": null, "tessellate": -1, "extrude": 0, "visibility": -1, "drawOrder": null, "icon": null }, "geometry": { "type": "Point", "coordinates": [ 80.25541, 13.19351 ] } },
{ "type": "Feature", "properties": { "name": null, "layer": "schools", "id": null, "Name": null, "description": null, "timestamp": null, "begin": null, "end": null, "altitudeMode": null, "tessellate": -1, "extrude": 0, "visibility": -1, "drawOrder": null, "icon": null }, "geometry": { "type": "Point", "coordinates": [ 80.27295, 13.1955 ] } },
{ "type": "Feature", "properties": { "name": null, "layer": "schools", "id": null, "Name": null, "description": null, "timestamp": null, "begin": null, "end": null, "altitudeMode": null, "tessellate": -1, "extrude": 0, "visibility": -1, "drawOrder": null, "icon": null }, "geometry": { "type": "Point", "coordinates": [ 80.204, 13.00142 ] } },
{ "type": "Feature", "properties": { "name": null, "layer": "schools", "id": null, "Name": null, "description": null, "timestamp": null, "begin": null, "end": null, "altitudeMode": null, "tessellate": -1, "extrude": 0, "visibility": -1, "drawOrder": null, "icon": null }, "geometry": { "type": "Point", "coordinates": [ 80.20476, 13.00277 ] } },
{ "type": "Feature", "properties": { "name": null, "layer": "schools", "id": null, "Name": null, "description": null, "timestamp": null, "begin": null, "end": null, "altitudeMode": null, "tessellate": -1, "extrude": 0, "visibility": -1, "drawOrder": null, "icon": null }, "geometry": { "type": "Point", "coordinates": [ 80.20512, 13.00417 ] } },
{ "type": "Feature", "properties": { "name": null, "layer": "schools", "id": null, "Name": null, "description": null, "timestamp": null, "begin": null, "end": null, "altitudeMode": null, "tessellate": -1, "extrude": 0, "visibility": -1, "drawOrder": null, "icon": null }, "geometry": { "type": "Point", "coordinates": [ 80.21232, 13.00835 ] } },
{ "type": "Feature", "properties": { "name": null, "layer": "schools", "id": null, "Name": null, "description": null, "timestamp": null, "begin": null, "end": null, "altitudeMode": null, "tessellate": -1, "extrude": 0, "visibility": -1, "drawOrder": null, "icon": null }, "geometry": { "type": "Point", "coordinates": [ 80.2044, 13.00214 ] } },
{ "type": "Feature", "properties": { "name": null, "layer": "schools", "id": null, "Name": null, "description": null, "timestamp": null, "begin": null, "end": null, "altitudeMode": null, "tessellate": -1, "extrude": 0, "visibility": -1, "drawOrder": null, "icon": null }, "geometry": { "type": "Point", "coordinates": [ 80.2016, 13.00075 ] } },
{ "type": "Feature", "properties": { "name": null, "layer": "schools", "id": null, "Name": null, "description": null, "timestamp": null, "begin": null, "end": null, "altitudeMode": null, "tessellate": -1, "extrude": 0, "visibility": -1, "drawOrder": null, "icon": null }, "geometry": { "type": "Point", "coordinates": [ 80.20468, 13.00277 ] } },
{ "type": "Feature", "properties": { "name": null, "layer": "schools", "id": null, "Name": null, "description": null, "timestamp": null, "begin": null, "end": null, "altitudeMode": null, "tessellate": -1, "extrude": 0, "visibility": -1, "drawOrder": null, "icon": null }, "geometry": { "type": "Point", "coordinates": [ 80.2021, 12.99565 ] } },
{ "type": "Feature", "properties": { "name": null, "layer": "schools", "id": null, "Name": null, "description": null, "timestamp": null, "begin": null, "end": null, "altitudeMode": null, "tessellate": -1, "extrude": 0, "visibility": -1, "drawOrder": null, "icon": null }, "geometry": { "type": "Point", "coordinates": [ 80.19871, 12.99715 ] } },
{ "type": "Feature", "properties": { "name": null, "layer": "schools", "id": null, "Name": null, "description": null, "timestamp": null, "begin": null, "end": null, "altitudeMode": null, "tessellate": -1, "extrude": 0, "visibility": -1, "drawOrder": null, "icon": null }, "geometry": { "type": "Point", "coordinates": [ 80.20504, 13.00108 ] } },
{ "type": "Feature", "properties": { "name": null, "layer": "schools", "id": null, "Name": null, "description": null, "timestamp": null, "begin": null, "end": null, "altitudeMode": null, "tessellate": -1, "extrude": 0, "visibility": -1, "drawOrder": null, "icon": null }, "geometry": { "type": "Point", "coordinates": [ 80.20384, 13.00052 ] } },
{ "type": "Feature", "properties": { "name": null, "layer": "schools", "id": null, "Name": null, "description": null, "timestamp": null, "begin": null, "end": null, "altitudeMode": null, "tessellate": -1, "extrude": 0, "visibility": -1, "drawOrder": null, "icon": null }, "geometry": { "type": "Point", "coordinates": [ 80.2047, 12.99578 ] } },
{ "type": "Feature", "properties": { "name": null, "layer": "schools", "id": null, "Name": null, "description": null, "timestamp": null, "begin": null, "end": null, "altitudeMode": null, "tessellate": -1, "extrude": 0, "visibility": -1, "drawOrder": null, "icon": null }, "geometry": { "type": "Point", "coordinates": [ 80.20369, 12.99488 ] } },
{ "type": "Feature", "properties": { "name": null, "layer": "schools", "id": null, "Name": null, "description": null, "timestamp": null, "begin": null, "end": null, "altitudeMode": null, "tessellate": -1, "extrude": 0, "visibility": -1, "drawOrder": null, "icon": null }, "geometry": { "type": "Point", "coordinates": [ 80.20193, 12.99692 ] } },
{ "type": "Feature", "properties": { "name": null, "layer": "schools", "id": null, "Name": null, "description": null, "timestamp": null, "begin": null, "end": null, "altitudeMode": null, "tessellate": -1, "extrude": 0, "visibility": -1, "drawOrder": null, "icon": null }, "geometry": { "type": "Point", "coordinates": [ 80.20291, 12.99665 ] } },
{ "type": "Feature", "properties": { "name": null, "layer": "schools", "id": null, "Name": null, "description": null, "timestamp": null, "begin": null, "end": null, "altitudeMode": null, "tessellate": -1, "extrude": 0, "visibility": -1, "drawOrder": null, "icon": null }, "geometry": { "type": "Point", "coordinates": [ 80.18951, 12.99572 ] } },
{ "type": "Feature", "properties": { "name": null, "layer": "schools", "id": null, "Name": null, "description": null, "timestamp": null, "begin": null, "end": null, "altitudeMode": null, "tessellate": -1, "extrude": 0, "visibility": -1, "drawOrder": null, "icon": null }, "geometry": { "type": "Point", "coordinates": [ 80.18572, 12.99219 ] } },
{ "type": "Feature", "properties": { "name": null, "layer": "schools", "id": null, "Name": null, "description": null, "timestamp": null, "begin": null, "end": null, "altitudeMode": null, "tessellate": -1, "extrude": 0, "visibility": -1, "drawOrder": null, "icon": null }, "geometry": { "type": "Point", "coordinates": [ 80.2016, 12.99239 ] } },
{ "type": "Feature", "properties": { "name": null, "layer": "schools", "id": null, "Name": null, "description": null, "timestamp": null, "begin": null, "end": null, "altitudeMode": null, "tessellate": -1, "extrude": 0, "visibility": -1, "drawOrder": null, "icon": null }, "geometry": { "type": "Point", "coordinates": [ 80.20144, 12.99282 ] } },
{ "type": "Feature", "properties": { "name": null, "layer": "schools", "id": null, "Name": null, "description": null, "timestamp": null, "begin": null, "end": null, "altitudeMode": null, "tessellate": -1, "extrude": 0, "visibility": -1, "drawOrder": null, "icon": null }, "geometry": { "type": "Point", "coordinates": [ 80.19941, 12.98932 ] } },
{ "type": "Feature", "properties": { "name": null, "layer": "schools", "id": null, "Name": null, "description": null, "timestamp": null, "begin": null, "end": null, "altitudeMode": null, "tessellate": -1, "extrude": 0, "visibility": -1, "drawOrder": null, "icon": null }, "geometry": { "type": "Point", "coordinates": [ 80.2009, 12.98926 ] } },
{ "type": "Feature", "properties": { "name": null, "layer": "schools", "id": null, "Name": null, "description": null, "timestamp": null, "begin": null, "end": null, "altitudeMode": null, "tessellate": -1, "extrude": 0, "visibility": -1, "drawOrder": null, "icon": null }, "geometry": { "type": "Point", "coordinates": [ 80.20018, 12.98688 ] } },
{ "type": "Feature", "properties": { "name": null, "layer": "schools", "id": null, "Name": null, "description": null, "timestamp": null, "begin": null, "end": null, "altitudeMode": null, "tessellate": -1, "extrude": 0, "visibility": -1, "drawOrder": null, "icon": null }, "geometry": { "type": "Point", "coordinates": [ 80.18576, 12.98773 ] } },
{ "type": "Feature", "properties": { "name": null, "layer": "schools", "id": null, "Name": null, "description": null, "timestamp": null, "begin": null, "end": null, "altitudeMode": null, "tessellate": -1, "extrude": 0, "visibility": -1, "drawOrder": null, "icon": null }, "geometry": { "type": "Point", "coordinates": [ 80.18835, 12.98681 ] } },
{ "type": "Feature", "properties": { "name": null, "layer": "schools", "id": null, "Name": null, "description": null, "timestamp": null, "begin": null, "end": null, "altitudeMode": null, "tessellate": -1, "extrude": 0, "visibility": -1, "drawOrder": null, "icon": null }, "geometry": { "type": "Point", "coordinates": [ 80.18526, 12.98546 ] } },
{ "type": "Feature", "properties": { "name": null, "layer": "schools", "id": null, "Name": null, "description": null, "timestamp": null, "begin": null, "end": null, "altitudeMode": null, "tessellate": -1, "extrude": 0, "visibility": -1, "drawOrder": null, "icon": null }, "geometry": { "type": "Point", "coordinates": [ 80.18568, 12.98557 ] } },
{ "type": "Feature", "properties": { "name": null, "layer": "schools", "id": null, "Name": null, "description": null, "timestamp": null, "begin": null, "end": null, "altitudeMode": null, "tessellate": -1, "extrude": 0, "visibility": -1, "drawOrder": null, "icon": null }, "geometry": { "type": "Point", "coordinates": [ 80.18355, 12.98301 ] } },
{ "type": "Feature", "properties": { "name": null, "layer": "schools", "id": null, "Name": null, "description": null, "timestamp": null, "begin": null, "end": null, "altitudeMode": null, "tessellate": -1, "extrude": 0, "visibility": -1, "drawOrder": null, "icon": null }, "geometry": { "type": "Point", "coordinates": [ 80.18891, 12.98315 ] } },
{ "type": "Feature", "properties": { "name": null, "layer": "schools", "id": null, "Name": null, "description": null, "timestamp": null, "begin": null, "end": null, "altitudeMode": null, "tessellate": -1, "extrude": 0, "visibility": -1, "drawOrder": null, "icon": null }, "geometry": { "type": "Point", "coordinates": [ 80.20296, 12.98549 ] } },
{ "type": "Feature", "properties": { "name": null, "layer": "schools", "id": null, "Name": null, "description": null, "timestamp": null, "begin": null, "end": null, "altitudeMode": null, "tessellate": -1, "extrude": 0, "visibility": -1, "drawOrder": null, "icon": null }, "geometry": { "type": "Point", "coordinates": [ 80.19611, 12.98142 ] } },
{ "type": "Feature", "properties": { "name": null, "layer": "schools", "id": null, "Name": null, "description": null, "timestamp": null, "begin": null, "end": null, "altitudeMode": null, "tessellate": -1, "extrude": 0, "visibility": -1, "drawOrder": null, "icon": null }, "geometry": { "type": "Point", "coordinates": [ 80.19315, 12.98411 ] } },
{ "type": "Feature", "properties": { "name": null, "layer": "schools", "id": null, "Name": null, "description": null, "timestamp": null, "begin": null, "end": null, "altitudeMode": null, "tessellate": -1, "extrude": 0, "visibility": -1, "drawOrder": null, "icon": null }, "geometry": { "type": "Point", "coordinates": [ 80.20276, 12.98141 ] } },
{ "type": "Feature", "properties": { "name": null, "layer": "schools", "id": null, "Name": null, "description": null, "timestamp": null, "begin": null, "end": null, "altitudeMode": null, "tessellate": -1, "extrude": 0, "visibility": -1, "drawOrder": null, "icon": null }, "geometry": { "type": "Point", "coordinates": [ 80.20288, 12.98472 ] } },
{ "type": "Feature", "properties": { "name": null, "layer": "schools", "id": null, "Name": null, "description": null, "timestamp": null, "begin": null, "end": null, "altitudeMode": null, "tessellate": -1, "extrude": 0, "visibility": -1, "drawOrder": null, "icon": null }, "geometry": { "type": "Point", "coordinates": [ 80.18128, 12.97453 ] } },
{ "type": "Feature", "properties": { "name": null, "layer": "schools", "id": null, "Name": null, "description": null, "timestamp": null, "begin": null, "end": null, "altitudeMode": null, "tessellate": -1, "extrude": 0, "visibility": -1, "drawOrder": null, "icon": null }, "geometry": { "type": "Point", "coordinates": [ 80.18217, 12.98532 ] } },
{ "type": "Feature", "properties": { "name": null, "layer": "schools", "id": null, "Name": null, "description": null, "timestamp": null, "begin": null, "end": null, "altitudeMode": null, "tessellate": -1, "extrude": 0, "visibility": -1, "drawOrder": null, "icon": null }, "geometry": { "type": "Point", "coordinates": [ 80.18307, 12.98607 ] } },
{ "type": "Feature", "properties": { "name": null, "layer": "schools", "id": null, "Name": null, "description": null, "timestamp": null, "begin": null, "end": null, "altitudeMode": null, "tessellate": -1, "extrude": 0, "visibility": -1, "drawOrder": null, "icon": null }, "geometry": { "type": "Point", "coordinates": [ 80.17851, 12.97664 ] } },
{ "type": "Feature", "properties": { "name": null, "layer": "schools", "id": null, "Name": null, "description": null, "timestamp": null, "begin": null, "end": null, "altitudeMode": null, "tessellate": -1, "extrude": 0, "visibility": -1, "drawOrder": null, "icon": null }, "geometry": { "type": "Point", "coordinates": [ 80.17756, 12.98064 ] } },
{ "type": "Feature", "properties": { "name": null, "layer": "schools", "id": null, "Name": null, "description": null, "timestamp": null, "begin": null, "end": null, "altitudeMode": null, "tessellate": -1, "extrude": 0, "visibility": -1, "drawOrder": null, "icon": null }, "geometry": { "type": "Point", "coordinates": [ 80.18398, 12.98375 ] } },
{ "type": "Feature", "properties": { "name": null, "layer": "schools", "id": null, "Name": null, "description": null, "timestamp": null, "begin": null, "end": null, "altitudeMode": null, "tessellate": -1, "extrude": 0, "visibility": -1, "drawOrder": null, "icon": null }, "geometry": { "type": "Point", "coordinates": [ 80.17937, 12.98342 ] } },
{ "type": "Feature", "properties": { "name": null, "layer": "schools", "id": null, "Name": null, "description": null, "timestamp": null, "begin": null, "end": null, "altitudeMode": null, "tessellate": -1, "extrude": 0, "visibility": -1, "drawOrder": null, "icon": null }, "geometry": { "type": "Point", "coordinates": [ 80.18097, 12.98475 ] } },
{ "type": "Feature", "properties": { "name": null, "layer": "schools", "id": null, "Name": null, "description": null, "timestamp": null, "begin": null, "end": null, "altitudeMode": null, "tessellate": -1, "extrude": 0, "visibility": -1, "drawOrder": null, "icon": null }, "geometry": { "type": "Point", "coordinates": [ 80.18663, 12.97045 ] } },
{ "type": "Feature", "properties": { "name": null, "layer": "schools", "id": null, "Name": null, "description": null, "timestamp": null, "begin": null, "end": null, "altitudeMode": null, "tessellate": -1, "extrude": 0, "visibility": -1, "drawOrder": null, "icon": null }, "geometry": { "type": "Point", "coordinates": [ 80.19201, 12.9688 ] } },
{ "type": "Feature", "properties": { "name": null, "layer": "schools", "id": null, "Name": null, "description": null, "timestamp": null, "begin": null, "end": null, "altitudeMode": null, "tessellate": -1, "extrude": 0, "visibility": -1, "drawOrder": null, "icon": null }, "geometry": { "type": "Point", "coordinates": [ 80.18757, 12.98192 ] } },
{ "type": "Feature", "properties": { "name": null, "layer": "schools", "id": null, "Name": null, "description": null, "timestamp": null, "begin": null, "end": null, "altitudeMode": null, "tessellate": -1, "extrude": 0, "visibility": -1, "drawOrder": null, "icon": null }, "geometry": { "type": "Point", "coordinates": [ 80.1879, 12.98206 ] } },
{ "type": "Feature", "properties": { "name": null, "layer": "schools", "id": null, "Name": null, "description": null, "timestamp": null, "begin": null, "end": null, "altitudeMode": null, "tessellate": -1, "extrude": 0, "visibility": -1, "drawOrder": null, "icon": null }, "geometry": { "type": "Point", "coordinates": [ 80.18431, 12.97039 ] } },
{ "type": "Feature", "properties": { "name": null, "layer": "schools", "id": null, "Name": null, "description": null, "timestamp": null, "begin": null, "end": null, "altitudeMode": null, "tessellate": -1, "extrude": 0, "visibility": -1, "drawOrder": null, "icon": null }, "geometry": { "type": "Point", "coordinates": [ 80.18373, 12.97867 ] } },
{ "type": "Feature", "properties": { "name": null, "layer": "schools", "id": null, "Name": null, "description": null, "timestamp": null, "begin": null, "end": null, "altitudeMode": null, "tessellate": -1, "extrude": 0, "visibility": -1, "drawOrder": null, "icon": null }, "geometry": { "type": "Point", "coordinates": [ 80.1909, 12.96875 ] } },
{ "type": "Feature", "properties": { "name": null, "layer": "schools", "id": null, "Name": null, "description": null, "timestamp": null, "begin": null, "end": null, "altitudeMode": null, "tessellate": -1, "extrude": 0, "visibility": -1, "drawOrder": null, "icon": null }, "geometry": { "type": "Point", "coordinates": [ 80.18, 12.98088 ] } },
{ "type": "Feature", "properties": { "name": null, "layer": "schools", "id": null, "Name": null, "description": null, "timestamp": null, "begin": null, "end": null, "altitudeMode": null, "tessellate": -1, "extrude": 0, "visibility": -1, "drawOrder": null, "icon": null }, "geometry": { "type": "Point", "coordinates": [ 80.18216, 12.97713 ] } },
{ "type": "Feature", "properties": { "name": null, "layer": "schools", "id": null, "Name": null, "description": null, "timestamp": null, "begin": null, "end": null, "altitudeMode": null, "tessellate": -1, "extrude": 0, "visibility": -1, "drawOrder": null, "icon": null }, "geometry": { "type": "Point", "coordinates": [ 80.19671, 12.97738 ] } },
{ "type": "Feature", "properties": { "name": null, "layer": "schools", "id": null, "Name": null, "description": null, "timestamp": null, "begin": null, "end": null, "altitudeMode": null, "tessellate": -1, "extrude": 0, "visibility": -1, "drawOrder": null, "icon": null }, "geometry": { "type": "Point", "coordinates": [ 80.19569, 12.97847 ] } },
{ "type": "Feature", "properties": { "name": null, "layer": "schools", "id": null, "Name": null, "description": null, "timestamp": null, "begin": null, "end": null, "altitudeMode": null, "tessellate": -1, "extrude": 0, "visibility": -1, "drawOrder": null, "icon": null }, "geometry": { "type": "Point", "coordinates": [ 80.19146, 12.98023 ] } },
{ "type": "Feature", "properties": { "name": null, "layer": "schools", "id": null, "Name": null, "description": null, "timestamp": null, "begin": null, "end": null, "altitudeMode": null, "tessellate": -1, "extrude": 0, "visibility": -1, "drawOrder": null, "icon": null }, "geometry": { "type": "Point", "coordinates": [ 80.19674, 12.97719 ] } },
{ "type": "Feature", "properties": { "name": null, "layer": "schools", "id": null, "Name": null, "description": null, "timestamp": null, "begin": null, "end": null, "altitudeMode": null, "tessellate": -1, "extrude": 0, "visibility": -1, "drawOrder": null, "icon": null }, "geometry": { "type": "Point", "coordinates": [ 80.20507, 12.97675 ] } },
{ "type": "Feature", "properties": { "name": null, "layer": "schools", "id": null, "Name": null, "description": null, "timestamp": null, "begin": null, "end": null, "altitudeMode": null, "tessellate": -1, "extrude": 0, "visibility": -1, "drawOrder": null, "icon": null }, "geometry": { "type": "Point", "coordinates": [ 80.20121, 12.97715 ] } },
{ "type": "Feature", "properties": { "name": null, "layer": "schools", "id": null, "Name": null, "description": null, "timestamp": null, "begin": null, "end": null, "altitudeMode": null, "tessellate": -1, "extrude": 0, "visibility": -1, "drawOrder": null, "icon": null }, "geometry": { "type": "Point", "coordinates": [ 80.20056, 12.97105 ] } },
{ "type": "Feature", "properties": { "name": null, "layer": "schools", "id": null, "Name": null, "description": null, "timestamp": null, "begin": null, "end": null, "altitudeMode": null, "tessellate": -1, "extrude": 0, "visibility": -1, "drawOrder": null, "icon": null }, "geometry": { "type": "Point", "coordinates": [ 80.19438, 12.96946 ] } },
{ "type": "Feature", "properties": { "name": null, "layer": "schools", "id": null, "Name": null, "description": null, "timestamp": null, "begin": null, "end": null, "altitudeMode": null, "tessellate": -1, "extrude": 0, "visibility": -1, "drawOrder": null, "icon": null }, "geometry": { "type": "Point", "coordinates": [ 80.19798, 12.96937 ] } },
{ "type": "Feature", "properties": { "name": null, "layer": "schools", "id": null, "Name": null, "description": null, "timestamp": null, "begin": null, "end": null, "altitudeMode": null, "tessellate": -1, "extrude": 0, "visibility": -1, "drawOrder": null, "icon": null }, "geometry": { "type": "Point", "coordinates": [ 80.19706, 12.97072 ] } },
{ "type": "Feature", "properties": { "name": null, "layer": "schools", "id": null, "Name": null, "description": null, "timestamp": null, "begin": null, "end": null, "altitudeMode": null, "tessellate": -1, "extrude": 0, "visibility": -1, "drawOrder": null, "icon": null }, "geometry": { "type": "Point", "coordinates": [ 80.1951, 12.96947 ] } },
{ "type": "Feature", "properties": { "name": null, "layer": "schools", "id": null, "Name": null, "description": null, "timestamp": null, "begin": null, "end": null, "altitudeMode": null, "tessellate": -1, "extrude": 0, "visibility": -1, "drawOrder": null, "icon": null }, "geometry": { "type": "Point", "coordinates": [ 80.19419, 12.96909 ] } },
{ "type": "Feature", "properties": { "name": null, "layer": "schools", "id": null, "Name": null, "description": null, "timestamp": null, "begin": null, "end": null, "altitudeMode": null, "tessellate": -1, "extrude": 0, "visibility": -1, "drawOrder": null, "icon": null }, "geometry": { "type": "Point", "coordinates": [ 80.20928, 12.97357 ] } },
{ "type": "Feature", "properties": { "name": null, "layer": "schools", "id": null, "Name": null, "description": null, "timestamp": null, "begin": null, "end": null, "altitudeMode": null, "tessellate": -1, "extrude": 0, "visibility": -1, "drawOrder": null, "icon": null }, "geometry": { "type": "Point", "coordinates": [ 80.19424, 12.96912 ] } },
{ "type": "Feature", "properties": { "name": null, "layer": "schools", "id": null, "Name": null, "description": null, "timestamp": null, "begin": null, "end": null, "altitudeMode": null, "tessellate": -1, "extrude": 0, "visibility": -1, "drawOrder": null, "icon": null }, "geometry": { "type": "Point", "coordinates": [ 80.20973, 12.97498 ] } },
{ "type": "Feature", "properties": { "name": null, "layer": "schools", "id": null, "Name": null, "description": null, "timestamp": null, "begin": null, "end": null, "altitudeMode": null, "tessellate": -1, "extrude": 0, "visibility": -1, "drawOrder": null, "icon": null }, "geometry": { "type": "Point", "coordinates": [ 80.25144, 13.19183 ] } },
{ "type": "Feature", "properties": { "name": null, "layer": "schools", "id": null, "Name": null, "description": null, "timestamp": null, "begin": null, "end": null, "altitudeMode": null, "tessellate": -1, "extrude": 0, "visibility": -1, "drawOrder": null, "icon": null }, "geometry": { "type": "Point", "coordinates": [ 80.23346, 13.19473 ] } },
{ "type": "Feature", "properties": { "name": null, "layer": "schools", "id": null, "Name": null, "description": null, "timestamp": null, "begin": null, "end": null, "altitudeMode": null, "tessellate": -1, "extrude": 0, "visibility": -1, "drawOrder": null, "icon": null }, "geometry": { "type": "Point", "coordinates": [ 80.21934, 13.17466 ] } },
{ "type": "Feature", "properties": { "name": null, "layer": "schools", "id": null, "Name": null, "description": null, "timestamp": null, "begin": null, "end": null, "altitudeMode": null, "tessellate": -1, "extrude": 0, "visibility": -1, "drawOrder": null, "icon": null }, "geometry": { "type": "Point", "coordinates": [ 80.2349, 13.1825 ] } },
{ "type": "Feature", "properties": { "name": null, "layer": "schools", "id": null, "Name": null, "description": null, "timestamp": null, "begin": null, "end": null, "altitudeMode": null, "tessellate": -1, "extrude": 0, "visibility": -1, "drawOrder": null, "icon": null }, "geometry": { "type": "Point", "coordinates": [ 80.21498, 13.17527 ] } },
{ "type": "Feature", "properties": { "name": null, "layer": "schools", "id": null, "Name": null, "description": null, "timestamp": null, "begin": null, "end": null, "altitudeMode": null, "tessellate": -1, "extrude": 0, "visibility": -1, "drawOrder": null, "icon": null }, "geometry": { "type": "Point", "coordinates": [ 80.23652, 13.19336 ] } },
{ "type": "Feature", "properties": { "name": null, "layer": "schools", "id": null, "Name": null, "description": null, "timestamp": null, "begin": null, "end": null, "altitudeMode": null, "tessellate": -1, "extrude": 0, "visibility": -1, "drawOrder": null, "icon": null }, "geometry": { "type": "Point", "coordinates": [ 80.21457, 13.01887 ] } },
{ "type": "Feature", "properties": { "name": null, "layer": "schools", "id": null, "Name": null, "description": null, "timestamp": null, "begin": null, "end": null, "altitudeMode": null, "tessellate": -1, "extrude": 0, "visibility": -1, "drawOrder": null, "icon": null }, "geometry": { "type": "Point", "coordinates": [ 80.21128, 13.01529 ] } },
{ "type": "Feature", "properties": { "name": null, "layer": "schools", "id": null, "Name": null, "description": null, "timestamp": null, "begin": null, "end": null, "altitudeMode": null, "tessellate": -1, "extrude": 0, "visibility": -1, "drawOrder": null, "icon": null }, "geometry": { "type": "Point", "coordinates": [ 80.19989, 13.01686 ] } },
{ "type": "Feature", "properties": { "name": null, "layer": "schools", "id": null, "Name": null, "description": null, "timestamp": null, "begin": null, "end": null, "altitudeMode": null, "tessellate": -1, "extrude": 0, "visibility": -1, "drawOrder": null, "icon": null }, "geometry": { "type": "Point", "coordinates": [ 80.20508, 13.02088 ] } },
{ "type": "Feature", "properties": { "name": null, "layer": "schools", "id": null, "Name": null, "description": null, "timestamp": null, "begin": null, "end": null, "altitudeMode": null, "tessellate": -1, "extrude": 0, "visibility": -1, "drawOrder": null, "icon": null }, "geometry": { "type": "Point", "coordinates": [ 80.20607, 13.02136 ] } },
{ "type": "Feature", "properties": { "name": null, "layer": "schools", "id": null, "Name": null, "description": null, "timestamp": null, "begin": null, "end": null, "altitudeMode": null, "tessellate": -1, "extrude": 0, "visibility": -1, "drawOrder": null, "icon": null }, "geometry": { "type": "Point", "coordinates": [ 80.20414, 13.00901 ] } },
{ "type": "Feature", "properties": { "name": null, "layer": "schools", "id": null, "Name": null, "description": null, "timestamp": null, "begin": null, "end": null, "altitudeMode": null, "tessellate": -1, "extrude": 0, "visibility": -1, "drawOrder": null, "icon": null }, "geometry": { "type": "Point", "coordinates": [ 80.20565, 13.01773 ] } },
{ "type": "Feature", "properties": { "name": null, "layer": "schools", "id": null, "Name": null, "description": null, "timestamp": null, "begin": null, "end": null, "altitudeMode": null, "tessellate": -1, "extrude": 0, "visibility": -1, "drawOrder": null, "icon": null }, "geometry": { "type": "Point", "coordinates": [ 80.21075, 13.0163 ] } },
{ "type": "Feature", "properties": { "name": null, "layer": "schools", "id": null, "Name": null, "description": null, "timestamp": null, "begin": null, "end": null, "altitudeMode": null, "tessellate": -1, "extrude": 0, "visibility": -1, "drawOrder": null, "icon": null }, "geometry": { "type": "Point", "coordinates": [ 80.21079, 13.01638 ] } },
{ "type": "Feature", "properties": { "name": null, "layer": "schools", "id": null, "Name": null, "description": null, "timestamp": null, "begin": null, "end": null, "altitudeMode": null, "tessellate": -1, "extrude": 0, "visibility": -1, "drawOrder": null, "icon": null }, "geometry": { "type": "Point", "coordinates": [ 80.22789, 13.02272 ] } },
{ "type": "Feature", "properties": { "name": null, "layer": "schools", "id": null, "Name": null, "description": null, "timestamp": null, "begin": null, "end": null, "altitudeMode": null, "tessellate": -1, "extrude": 0, "visibility": -1, "drawOrder": null, "icon": null }, "geometry": { "type": "Point", "coordinates": [ 80.23775, 13.0162 ] } },
{ "type": "Feature", "properties": { "name": null, "layer": "schools", "id": null, "Name": null, "description": null, "timestamp": null, "begin": null, "end": null, "altitudeMode": null, "tessellate": -1, "extrude": 0, "visibility": -1, "drawOrder": null, "icon": null }, "geometry": { "type": "Point", "coordinates": [ 80.22959, 13.02691 ] } },
{ "type": "Feature", "properties": { "name": null, "layer": "schools", "id": null, "Name": null, "description": null, "timestamp": null, "begin": null, "end": null, "altitudeMode": null, "tessellate": -1, "extrude": 0, "visibility": -1, "drawOrder": null, "icon": null }, "geometry": { "type": "Point", "coordinates": [ 80.22831, 13.0174 ] } },
{ "type": "Feature", "properties": { "name": null, "layer": "schools", "id": null, "Name": null, "description": null, "timestamp": null, "begin": null, "end": null, "altitudeMode": null, "tessellate": -1, "extrude": 0, "visibility": -1, "drawOrder": null, "icon": null }, "geometry": { "type": "Point", "coordinates": [ 80.22568, 13.01355 ] } },
{ "type": "Feature", "properties": { "name": null, "layer": "schools", "id": null, "Name": null, "description": null, "timestamp": null, "begin": null, "end": null, "altitudeMode": null, "tessellate": -1, "extrude": 0, "visibility": -1, "drawOrder": null, "icon": null }, "geometry": { "type": "Point", "coordinates": [ 80.22845, 13.01724 ] } },
{ "type": "Feature", "properties": { "name": null, "layer": "schools", "id": null, "Name": null, "description": null, "timestamp": null, "begin": null, "end": null, "altitudeMode": null, "tessellate": -1, "extrude": 0, "visibility": -1, "drawOrder": null, "icon": null }, "geometry": { "type": "Point", "coordinates": [ 80.22803, 13.01657 ] } },
{ "type": "Feature", "properties": { "name": null, "layer": "schools", "id": null, "Name": null, "description": null, "timestamp": null, "begin": null, "end": null, "altitudeMode": null, "tessellate": -1, "extrude": 0, "visibility": -1, "drawOrder": null, "icon": null }, "geometry": { "type": "Point", "coordinates": [ 80.22831, 13.0174 ] } },
{ "type": "Feature", "properties": { "name": null, "layer": "schools", "id": null, "Name": null, "description": null, "timestamp": null, "begin": null, "end": null, "altitudeMode": null, "tessellate": -1, "extrude": 0, "visibility": -1, "drawOrder": null, "icon": null }, "geometry": { "type": "Point", "coordinates": [ 80.2294, 13.02128 ] } },
{ "type": "Feature", "properties": { "name": null, "layer": "schools", "id": null, "Name": null, "description": null, "timestamp": null, "begin": null, "end": null, "altitudeMode": null, "tessellate": -1, "extrude": 0, "visibility": -1, "drawOrder": null, "icon": null }, "geometry": { "type": "Point", "coordinates": [ 80.23844, 13.02729 ] } },
{ "type": "Feature", "properties": { "name": null, "layer": "schools", "id": null, "Name": null, "description": null, "timestamp": null, "begin": null, "end": null, "altitudeMode": null, "tessellate": -1, "extrude": 0, "visibility": -1, "drawOrder": null, "icon": null }, "geometry": { "type": "Point", "coordinates": [ 80.22936, 13.02711 ] } },
{ "type": "Feature", "properties": { "name": null, "layer": "schools", "id": null, "Name": null, "description": null, "timestamp": null, "begin": null, "end": null, "altitudeMode": null, "tessellate": -1, "extrude": 0, "visibility": -1, "drawOrder": null, "icon": null }, "geometry": { "type": "Point", "coordinates": [ 80.24008, 13.02464 ] } },
{ "type": "Feature", "properties": { "name": null, "layer": "schools", "id": null, "Name": null, "description": null, "timestamp": null, "begin": null, "end": null, "altitudeMode": null, "tessellate": -1, "extrude": 0, "visibility": -1, "drawOrder": null, "icon": null }, "geometry": { "type": "Point", "coordinates": [ 80.2442, 13.01663 ] } },
{ "type": "Feature", "properties": { "name": null, "layer": "schools", "id": null, "Name": null, "description": null, "timestamp": null, "begin": null, "end": null, "altitudeMode": null, "tessellate": -1, "extrude": 0, "visibility": -1, "drawOrder": null, "icon": null }, "geometry": { "type": "Point", "coordinates": [ 80.24273, 13.0185 ] } },
{ "type": "Feature", "properties": { "name": null, "layer": "schools", "id": null, "Name": null, "description": null, "timestamp": null, "begin": null, "end": null, "altitudeMode": null, "tessellate": -1, "extrude": 0, "visibility": -1, "drawOrder": null, "icon": null }, "geometry": { "type": "Point", "coordinates": [ 80.24501, 13.01857 ] } },
{ "type": "Feature", "properties": { "name": null, "layer": "schools", "id": null, "Name": null, "description": null, "timestamp": null, "begin": null, "end": null, "altitudeMode": null, "tessellate": -1, "extrude": 0, "visibility": -1, "drawOrder": null, "icon": null }, "geometry": { "type": "Point", "coordinates": [ 80.24546, 13.00375 ] } },
{ "type": "Feature", "properties": { "name": null, "layer": "schools", "id": null, "Name": null, "description": null, "timestamp": null, "begin": null, "end": null, "altitudeMode": null, "tessellate": -1, "extrude": 0, "visibility": -1, "drawOrder": null, "icon": null }, "geometry": { "type": "Point", "coordinates": [ 80.2409, 13.01958 ] } },
{ "type": "Feature", "properties": { "name": null, "layer": "schools", "id": null, "Name": null, "description": null, "timestamp": null, "begin": null, "end": null, "altitudeMode": null, "tessellate": -1, "extrude": 0, "visibility": -1, "drawOrder": null, "icon": null }, "geometry": { "type": "Point", "coordinates": [ 80.24499, 13.01856 ] } },
{ "type": "Feature", "properties": { "name": null, "layer": "schools", "id": null, "Name": null, "description": null, "timestamp": null, "begin": null, "end": null, "altitudeMode": null, "tessellate": -1, "extrude": 0, "visibility": -1, "drawOrder": null, "icon": null }, "geometry": { "type": "Point", "coordinates": [ 80.24677, 13.00737 ] } },
{ "type": "Feature", "properties": { "name": null, "layer": "schools", "id": null, "Name": null, "description": null, "timestamp": null, "begin": null, "end": null, "altitudeMode": null, "tessellate": -1, "extrude": 0, "visibility": -1, "drawOrder": null, "icon": null }, "geometry": { "type": "Point", "coordinates": [ 80.25874, 13.17215 ] } },
{ "type": "Feature", "properties": { "name": null, "layer": "schools", "id": null, "Name": null, "description": null, "timestamp": null, "begin": null, "end": null, "altitudeMode": null, "tessellate": -1, "extrude": 0, "visibility": -1, "drawOrder": null, "icon": null }, "geometry": { "type": "Point", "coordinates": [ 80.26016, 13.17053 ] } },
{ "type": "Feature", "properties": { "name": null, "layer": "schools", "id": null, "Name": null, "description": null, "timestamp": null, "begin": null, "end": null, "altitudeMode": null, "tessellate": -1, "extrude": 0, "visibility": -1, "drawOrder": null, "icon": null }, "geometry": { "type": "Point", "coordinates": [ 80.25658, 13.17315 ] } },
{ "type": "Feature", "properties": { "name": null, "layer": "schools", "id": null, "Name": null, "description": null, "timestamp": null, "begin": null, "end": null, "altitudeMode": null, "tessellate": -1, "extrude": 0, "visibility": -1, "drawOrder": null, "icon": null }, "geometry": { "type": "Point", "coordinates": [ 80.23901, 12.9822 ] } },
{ "type": "Feature", "properties": { "name": null, "layer": "schools", "id": null, "Name": null, "description": null, "timestamp": null, "begin": null, "end": null, "altitudeMode": null, "tessellate": -1, "extrude": 0, "visibility": -1, "drawOrder": null, "icon": null }, "geometry": { "type": "Point", "coordinates": [ 80.24204, 12.9945 ] } },
{ "type": "Feature", "properties": { "name": null, "layer": "schools", "id": null, "Name": null, "description": null, "timestamp": null, "begin": null, "end": null, "altitudeMode": null, "tessellate": -1, "extrude": 0, "visibility": -1, "drawOrder": null, "icon": null }, "geometry": { "type": "Point", "coordinates": [ 80.24021, 12.98279 ] } },
{ "type": "Feature", "properties": { "name": null, "layer": "schools", "id": null, "Name": null, "description": null, "timestamp": null, "begin": null, "end": null, "altitudeMode": null, "tessellate": -1, "extrude": 0, "visibility": -1, "drawOrder": null, "icon": null }, "geometry": { "type": "Point", "coordinates": [ 80.25396, 12.98423 ] } },
{ "type": "Feature", "properties": { "name": null, "layer": "schools", "id": null, "Name": null, "description": null, "timestamp": null, "begin": null, "end": null, "altitudeMode": null, "tessellate": -1, "extrude": 0, "visibility": -1, "drawOrder": null, "icon": null }, "geometry": { "type": "Point", "coordinates": [ 80.24133, 12.98822 ] } },
{ "type": "Feature", "properties": { "name": null, "layer": "schools", "id": null, "Name": null, "description": null, "timestamp": null, "begin": null, "end": null, "altitudeMode": null, "tessellate": -1, "extrude": 0, "visibility": -1, "drawOrder": null, "icon": null }, "geometry": { "type": "Point", "coordinates": [ 80.25017, 12.98594 ] } },
{ "type": "Feature", "properties": { "name": null, "layer": "schools", "id": null, "Name": null, "description": null, "timestamp": null, "begin": null, "end": null, "altitudeMode": null, "tessellate": -1, "extrude": 0, "visibility": -1, "drawOrder": null, "icon": null }, "geometry": { "type": "Point", "coordinates": [ 80.23965, 12.98383 ] } },
{ "type": "Feature", "properties": { "name": null, "layer": "schools", "id": null, "Name": null, "description": null, "timestamp": null, "begin": null, "end": null, "altitudeMode": null, "tessellate": -1, "extrude": 0, "visibility": -1, "drawOrder": null, "icon": null }, "geometry": { "type": "Point", "coordinates": [ 80.23708, 12.98202 ] } },
{ "type": "Feature", "properties": { "name": null, "layer": "schools", "id": null, "Name": null, "description": null, "timestamp": null, "begin": null, "end": null, "altitudeMode": null, "tessellate": -1, "extrude": 0, "visibility": -1, "drawOrder": null, "icon": null }, "geometry": { "type": "Point", "coordinates": [ 80.24311, 12.98087 ] } },
{ "type": "Feature", "properties": { "name": null, "layer": "schools", "id": null, "Name": null, "description": null, "timestamp": null, "begin": null, "end": null, "altitudeMode": null, "tessellate": -1, "extrude": 0, "visibility": -1, "drawOrder": null, "icon": null }, "geometry": { "type": "Point", "coordinates": [ 80.23914, 12.98222 ] } },
{ "type": "Feature", "properties": { "name": null, "layer": "schools", "id": null, "Name": null, "description": null, "timestamp": null, "begin": null, "end": null, "altitudeMode": null, "tessellate": -1, "extrude": 0, "visibility": -1, "drawOrder": null, "icon": null }, "geometry": { "type": "Point", "coordinates": [ 80.24152, 12.97937 ] } },
{ "type": "Feature", "properties": { "name": null, "layer": "schools", "id": null, "Name": null, "description": null, "timestamp": null, "begin": null, "end": null, "altitudeMode": null, "tessellate": -1, "extrude": 0, "visibility": -1, "drawOrder": null, "icon": null }, "geometry": { "type": "Point", "coordinates": [ 80.26036, 12.98637 ] } },
{ "type": "Feature", "properties": { "name": null, "layer": "schools", "id": null, "Name": null, "description": null, "timestamp": null, "begin": null, "end": null, "altitudeMode": null, "tessellate": -1, "extrude": 0, "visibility": -1, "drawOrder": null, "icon": null }, "geometry": { "type": "Point", "coordinates": [ 80.25851, 12.99289 ] } },
{ "type": "Feature", "properties": { "name": null, "layer": "schools", "id": null, "Name": null, "description": null, "timestamp": null, "begin": null, "end": null, "altitudeMode": null, "tessellate": -1, "extrude": 0, "visibility": -1, "drawOrder": null, "icon": null }, "geometry": { "type": "Point", "coordinates": [ 80.26292, 12.99372 ] } },
{ "type": "Feature", "properties": { "name": null, "layer": "schools", "id": null, "Name": null, "description": null, "timestamp": null, "begin": null, "end": null, "altitudeMode": null, "tessellate": -1, "extrude": 0, "visibility": -1, "drawOrder": null, "icon": null }, "geometry": { "type": "Point", "coordinates": [ 80.26666, 12.98401 ] } },
{ "type": "Feature", "properties": { "name": null, "layer": "schools", "id": null, "Name": null, "description": null, "timestamp": null, "begin": null, "end": null, "altitudeMode": null, "tessellate": -1, "extrude": 0, "visibility": -1, "drawOrder": null, "icon": null }, "geometry": { "type": "Point", "coordinates": [ 80.27025, 12.99303 ] } },
{ "type": "Feature", "properties": { "name": null, "layer": "schools", "id": null, "Name": null, "description": null, "timestamp": null, "begin": null, "end": null, "altitudeMode": null, "tessellate": -1, "extrude": 0, "visibility": -1, "drawOrder": null, "icon": null }, "geometry": { "type": "Point", "coordinates": [ 80.25169, 13.01093 ] } },
{ "type": "Feature", "properties": { "name": null, "layer": "schools", "id": null, "Name": null, "description": null, "timestamp": null, "begin": null, "end": null, "altitudeMode": null, "tessellate": -1, "extrude": 0, "visibility": -1, "drawOrder": null, "icon": null }, "geometry": { "type": "Point", "coordinates": [ 80.25071, 13.00984 ] } },
{ "type": "Feature", "properties": { "name": null, "layer": "schools", "id": null, "Name": null, "description": null, "timestamp": null, "begin": null, "end": null, "altitudeMode": null, "tessellate": -1, "extrude": 0, "visibility": -1, "drawOrder": null, "icon": null }, "geometry": { "type": "Point", "coordinates": [ 80.25025, 13.01068 ] } },
{ "type": "Feature", "properties": { "name": null, "layer": "schools", "id": null, "Name": null, "description": null, "timestamp": null, "begin": null, "end": null, "altitudeMode": null, "tessellate": -1, "extrude": 0, "visibility": -1, "drawOrder": null, "icon": null }, "geometry": { "type": "Point", "coordinates": [ 80.25377, 13.00177 ] } },
{ "type": "Feature", "properties": { "name": null, "layer": "schools", "id": null, "Name": null, "description": null, "timestamp": null, "begin": null, "end": null, "altitudeMode": null, "tessellate": -1, "extrude": 0, "visibility": -1, "drawOrder": null, "icon": null }, "geometry": { "type": "Point", "coordinates": [ 80.25751, 13.0085 ] } },
{ "type": "Feature", "properties": { "name": null, "layer": "schools", "id": null, "Name": null, "description": null, "timestamp": null, "begin": null, "end": null, "altitudeMode": null, "tessellate": -1, "extrude": 0, "visibility": -1, "drawOrder": null, "icon": null }, "geometry": { "type": "Point", "coordinates": [ 80.25025, 13.01068 ] } },
{ "type": "Feature", "properties": { "name": null, "layer": "schools", "id": null, "Name": null, "description": null, "timestamp": null, "begin": null, "end": null, "altitudeMode": null, "tessellate": -1, "extrude": 0, "visibility": -1, "drawOrder": null, "icon": null }, "geometry": { "type": "Point", "coordinates": [ 80.25096, 13.0133 ] } },
{ "type": "Feature", "properties": { "name": null, "layer": "schools", "id": null, "Name": null, "description": null, "timestamp": null, "begin": null, "end": null, "altitudeMode": null, "tessellate": -1, "extrude": 0, "visibility": -1, "drawOrder": null, "icon": null }, "geometry": { "type": "Point", "coordinates": [ 80.25808, 13.00013 ] } },
{ "type": "Feature", "properties": { "name": null, "layer": "schools", "id": null, "Name": null, "description": null, "timestamp": null, "begin": null, "end": null, "altitudeMode": null, "tessellate": -1, "extrude": 0, "visibility": -1, "drawOrder": null, "icon": null }, "geometry": { "type": "Point", "coordinates": [ 80.26091, 13.00928 ] } },
{ "type": "Feature", "properties": { "name": null, "layer": "schools", "id": null, "Name": null, "description": null, "timestamp": null, "begin": null, "end": null, "altitudeMode": null, "tessellate": -1, "extrude": 0, "visibility": -1, "drawOrder": null, "icon": null }, "geometry": { "type": "Point", "coordinates": [ 80.25792, 12.9987 ] } },
{ "type": "Feature", "properties": { "name": null, "layer": "schools", "id": null, "Name": null, "description": null, "timestamp": null, "begin": null, "end": null, "altitudeMode": null, "tessellate": -1, "extrude": 0, "visibility": -1, "drawOrder": null, "icon": null }, "geometry": { "type": "Point", "coordinates": [ 80.27221, 13.00501 ] } },
{ "type": "Feature", "properties": { "name": null, "layer": "schools", "id": null, "Name": null, "description": null, "timestamp": null, "begin": null, "end": null, "altitudeMode": null, "tessellate": -1, "extrude": 0, "visibility": -1, "drawOrder": null, "icon": null }, "geometry": { "type": "Point", "coordinates": [ 80.26094, 13.00813 ] } },
{ "type": "Feature", "properties": { "name": null, "layer": "schools", "id": null, "Name": null, "description": null, "timestamp": null, "begin": null, "end": null, "altitudeMode": null, "tessellate": -1, "extrude": 0, "visibility": -1, "drawOrder": null, "icon": null }, "geometry": { "type": "Point", "coordinates": [ 80.26095, 13.00012 ] } },
{ "type": "Feature", "properties": { "name": null, "layer": "schools", "id": null, "Name": null, "description": null, "timestamp": null, "begin": null, "end": null, "altitudeMode": null, "tessellate": -1, "extrude": 0, "visibility": -1, "drawOrder": null, "icon": null }, "geometry": { "type": "Point", "coordinates": [ 80.26254, 13.00163 ] } },
{ "type": "Feature", "properties": { "name": null, "layer": "schools", "id": null, "Name": null, "description": null, "timestamp": null, "begin": null, "end": null, "altitudeMode": null, "tessellate": -1, "extrude": 0, "visibility": -1, "drawOrder": null, "icon": null }, "geometry": { "type": "Point", "coordinates": [ 80.26625, 12.99659 ] } },
{ "type": "Feature", "properties": { "name": null, "layer": "schools", "id": null, "Name": null, "description": null, "timestamp": null, "begin": null, "end": null, "altitudeMode": null, "tessellate": -1, "extrude": 0, "visibility": -1, "drawOrder": null, "icon": null }, "geometry": { "type": "Point", "coordinates": [ 80.2701, 12.99691 ] } },
{ "type": "Feature", "properties": { "name": null, "layer": "schools", "id": null, "Name": null, "description": null, "timestamp": null, "begin": null, "end": null, "altitudeMode": null, "tessellate": -1, "extrude": 0, "visibility": -1, "drawOrder": null, "icon": null }, "geometry": { "type": "Point", "coordinates": [ 80.26425, 13.00042 ] } },
{ "type": "Feature", "properties": { "name": null, "layer": "schools", "id": null, "Name": null, "description": null, "timestamp": null, "begin": null, "end": null, "altitudeMode": null, "tessellate": -1, "extrude": 0, "visibility": -1, "drawOrder": null, "icon": null }, "geometry": { "type": "Point", "coordinates": [ 80.25646, 12.99919 ] } },
{ "type": "Feature", "properties": { "name": null, "layer": "schools", "id": null, "Name": null, "description": null, "timestamp": null, "begin": null, "end": null, "altitudeMode": null, "tessellate": -1, "extrude": 0, "visibility": -1, "drawOrder": null, "icon": null }, "geometry": { "type": "Point", "coordinates": [ 80.26247, 12.99893 ] } },
{ "type": "Feature", "properties": { "name": null, "layer": "schools", "id": null, "Name": null, "description": null, "timestamp": null, "begin": null, "end": null, "altitudeMode": null, "tessellate": -1, "extrude": 0, "visibility": -1, "drawOrder": null, "icon": null }, "geometry": { "type": "Point", "coordinates": [ 80.26223, 13.00796 ] } },
{ "type": "Feature", "properties": { "name": null, "layer": "schools", "id": null, "Name": null, "description": null, "timestamp": null, "begin": null, "end": null, "altitudeMode": null, "tessellate": -1, "extrude": 0, "visibility": -1, "drawOrder": null, "icon": null }, "geometry": { "type": "Point", "coordinates": [ 80.26842, 13.0008 ] } },
{ "type": "Feature", "properties": { "name": null, "layer": "schools", "id": null, "Name": null, "description": null, "timestamp": null, "begin": null, "end": null, "altitudeMode": null, "tessellate": -1, "extrude": 0, "visibility": -1, "drawOrder": null, "icon": null }, "geometry": { "type": "Point", "coordinates": [ 80.26858, 13.00336 ] } },
{ "type": "Feature", "properties": { "name": null, "layer": "schools", "id": null, "Name": null, "description": null, "timestamp": null, "begin": null, "end": null, "altitudeMode": null, "tessellate": -1, "extrude": 0, "visibility": -1, "drawOrder": null, "icon": null }, "geometry": { "type": "Point", "coordinates": [ 80.2595, 13.00502 ] } },
{ "type": "Feature", "properties": { "name": null, "layer": "schools", "id": null, "Name": null, "description": null, "timestamp": null, "begin": null, "end": null, "altitudeMode": null, "tessellate": -1, "extrude": 0, "visibility": -1, "drawOrder": null, "icon": null }, "geometry": { "type": "Point", "coordinates": [ 80.26659, 13.00191 ] } },
{ "type": "Feature", "properties": { "name": null, "layer": "schools", "id": null, "Name": null, "description": null, "timestamp": null, "begin": null, "end": null, "altitudeMode": null, "tessellate": -1, "extrude": 0, "visibility": -1, "drawOrder": null, "icon": null }, "geometry": { "type": "Point", "coordinates": [ 80.25969, 13.00116 ] } },
{ "type": "Feature", "properties": { "name": null, "layer": "schools", "id": null, "Name": null, "description": null, "timestamp": null, "begin": null, "end": null, "altitudeMode": null, "tessellate": -1, "extrude": 0, "visibility": -1, "drawOrder": null, "icon": null }, "geometry": { "type": "Point", "coordinates": [ 80.26174, 13.00323 ] } },
{ "type": "Feature", "properties": { "name": null, "layer": "schools", "id": null, "Name": null, "description": null, "timestamp": null, "begin": null, "end": null, "altitudeMode": null, "tessellate": -1, "extrude": 0, "visibility": -1, "drawOrder": null, "icon": null }, "geometry": { "type": "Point", "coordinates": [ 80.20658, 12.98663 ] } },
{ "type": "Feature", "properties": { "name": null, "layer": "schools", "id": null, "Name": null, "description": null, "timestamp": null, "begin": null, "end": null, "altitudeMode": null, "tessellate": -1, "extrude": 0, "visibility": -1, "drawOrder": null, "icon": null }, "geometry": { "type": "Point", "coordinates": [ 80.21194, 12.99136 ] } },
{ "type": "Feature", "properties": { "name": null, "layer": "schools", "id": null, "Name": null, "description": null, "timestamp": null, "begin": null, "end": null, "altitudeMode": null, "tessellate": -1, "extrude": 0, "visibility": -1, "drawOrder": null, "icon": null }, "geometry": { "type": "Point", "coordinates": [ 80.21047, 12.98317 ] } },
{ "type": "Feature", "properties": { "name": null, "layer": "schools", "id": null, "Name": null, "description": null, "timestamp": null, "begin": null, "end": null, "altitudeMode": null, "tessellate": -1, "extrude": 0, "visibility": -1, "drawOrder": null, "icon": null }, "geometry": { "type": "Point", "coordinates": [ 80.21324, 12.99464 ] } },
{ "type": "Feature", "properties": { "name": null, "layer": "schools", "id": null, "Name": null, "description": null, "timestamp": null, "begin": null, "end": null, "altitudeMode": null, "tessellate": -1, "extrude": 0, "visibility": -1, "drawOrder": null, "icon": null }, "geometry": { "type": "Point", "coordinates": [ 80.20448, 12.98739 ] } },
{ "type": "Feature", "properties": { "name": null, "layer": "schools", "id": null, "Name": null, "description": null, "timestamp": null, "begin": null, "end": null, "altitudeMode": null, "tessellate": -1, "extrude": 0, "visibility": -1, "drawOrder": null, "icon": null }, "geometry": { "type": "Point", "coordinates": [ 80.21488, 12.99264 ] } },
{ "type": "Feature", "properties": { "name": null, "layer": "schools", "id": null, "Name": null, "description": null, "timestamp": null, "begin": null, "end": null, "altitudeMode": null, "tessellate": -1, "extrude": 0, "visibility": -1, "drawOrder": null, "icon": null }, "geometry": { "type": "Point", "coordinates": [ 80.21594, 12.98183 ] } },
{ "type": "Feature", "properties": { "name": null, "layer": "schools", "id": null, "Name": null, "description": null, "timestamp": null, "begin": null, "end": null, "altitudeMode": null, "tessellate": -1, "extrude": 0, "visibility": -1, "drawOrder": null, "icon": null }, "geometry": { "type": "Point", "coordinates": [ 80.21019, 12.99599 ] } },
{ "type": "Feature", "properties": { "name": null, "layer": "schools", "id": null, "Name": null, "description": null, "timestamp": null, "begin": null, "end": null, "altitudeMode": null, "tessellate": -1, "extrude": 0, "visibility": -1, "drawOrder": null, "icon": null }, "geometry": { "type": "Point", "coordinates": [ 80.20658, 12.98663 ] } },
{ "type": "Feature", "properties": { "name": null, "layer": "schools", "id": null, "Name": null, "description": null, "timestamp": null, "begin": null, "end": null, "altitudeMode": null, "tessellate": -1, "extrude": 0, "visibility": -1, "drawOrder": null, "icon": null }, "geometry": { "type": "Point", "coordinates": [ 80.21019, 12.99305 ] } },
{ "type": "Feature", "properties": { "name": null, "layer": "schools", "id": null, "Name": null, "description": null, "timestamp": null, "begin": null, "end": null, "altitudeMode": null, "tessellate": -1, "extrude": 0, "visibility": -1, "drawOrder": null, "icon": null }, "geometry": { "type": "Point", "coordinates": [ 80.20564, 12.9845 ] } },
{ "type": "Feature", "properties": { "name": null, "layer": "schools", "id": null, "Name": null, "description": null, "timestamp": null, "begin": null, "end": null, "altitudeMode": null, "tessellate": -1, "extrude": 0, "visibility": -1, "drawOrder": null, "icon": null }, "geometry": { "type": "Point", "coordinates": [ 80.21208, 12.99183 ] } },
{ "type": "Feature", "properties": { "name": null, "layer": "schools", "id": null, "Name": null, "description": null, "timestamp": null, "begin": null, "end": null, "altitudeMode": null, "tessellate": -1, "extrude": 0, "visibility": -1, "drawOrder": null, "icon": null }, "geometry": { "type": "Point", "coordinates": [ 80.20907, 12.97833 ] } },
{ "type": "Feature", "properties": { "name": null, "layer": "schools", "id": null, "Name": null, "description": null, "timestamp": null, "begin": null, "end": null, "altitudeMode": null, "tessellate": -1, "extrude": 0, "visibility": -1, "drawOrder": null, "icon": null }, "geometry": { "type": "Point", "coordinates": [ 80.21859, 12.9877 ] } },
{ "type": "Feature", "properties": { "name": null, "layer": "schools", "id": null, "Name": null, "description": null, "timestamp": null, "begin": null, "end": null, "altitudeMode": null, "tessellate": -1, "extrude": 0, "visibility": -1, "drawOrder": null, "icon": null }, "geometry": { "type": "Point", "coordinates": [ 80.21896, 12.9852 ] } },
{ "type": "Feature", "properties": { "name": null, "layer": "schools", "id": null, "Name": null, "description": null, "timestamp": null, "begin": null, "end": null, "altitudeMode": null, "tessellate": -1, "extrude": 0, "visibility": -1, "drawOrder": null, "icon": null }, "geometry": { "type": "Point", "coordinates": [ 80.21517, 12.97699 ] } },
{ "type": "Feature", "properties": { "name": null, "layer": "schools", "id": null, "Name": null, "description": null, "timestamp": null, "begin": null, "end": null, "altitudeMode": null, "tessellate": -1, "extrude": 0, "visibility": -1, "drawOrder": null, "icon": null }, "geometry": { "type": "Point", "coordinates": [ 80.21943, 12.98406 ] } },
{ "type": "Feature", "properties": { "name": null, "layer": "schools", "id": null, "Name": null, "description": null, "timestamp": null, "begin": null, "end": null, "altitudeMode": null, "tessellate": -1, "extrude": 0, "visibility": -1, "drawOrder": null, "icon": null }, "geometry": { "type": "Point", "coordinates": [ 80.21985, 12.98794 ] } },
{ "type": "Feature", "properties": { "name": null, "layer": "schools", "id": null, "Name": null, "description": null, "timestamp": null, "begin": null, "end": null, "altitudeMode": null, "tessellate": -1, "extrude": 0, "visibility": -1, "drawOrder": null, "icon": null }, "geometry": { "type": "Point", "coordinates": [ 80.21895, 12.98527 ] } },
{ "type": "Feature", "properties": { "name": null, "layer": "schools", "id": null, "Name": null, "description": null, "timestamp": null, "begin": null, "end": null, "altitudeMode": null, "tessellate": -1, "extrude": 0, "visibility": -1, "drawOrder": null, "icon": null }, "geometry": { "type": "Point", "coordinates": [ 80.21244, 12.97565 ] } },
{ "type": "Feature", "properties": { "name": null, "layer": "schools", "id": null, "Name": null, "description": null, "timestamp": null, "begin": null, "end": null, "altitudeMode": null, "tessellate": -1, "extrude": 0, "visibility": -1, "drawOrder": null, "icon": null }, "geometry": { "type": "Point", "coordinates": [ 80.22608, 12.98158 ] } },
{ "type": "Feature", "properties": { "name": null, "layer": "schools", "id": null, "Name": null, "description": null, "timestamp": null, "begin": null, "end": null, "altitudeMode": null, "tessellate": -1, "extrude": 0, "visibility": -1, "drawOrder": null, "icon": null }, "geometry": { "type": "Point", "coordinates": [ 80.21991, 12.97269 ] } },
{ "type": "Feature", "properties": { "name": null, "layer": "schools", "id": null, "Name": null, "description": null, "timestamp": null, "begin": null, "end": null, "altitudeMode": null, "tessellate": -1, "extrude": 0, "visibility": -1, "drawOrder": null, "icon": null }, "geometry": { "type": "Point", "coordinates": [ 80.22608, 12.97636 ] } },
{ "type": "Feature", "properties": { "name": null, "layer": "schools", "id": null, "Name": null, "description": null, "timestamp": null, "begin": null, "end": null, "altitudeMode": null, "tessellate": -1, "extrude": 0, "visibility": -1, "drawOrder": null, "icon": null }, "geometry": { "type": "Point", "coordinates": [ 80.23058, 12.9856 ] } },
{ "type": "Feature", "properties": { "name": null, "layer": "schools", "id": null, "Name": null, "description": null, "timestamp": null, "begin": null, "end": null, "altitudeMode": null, "tessellate": -1, "extrude": 0, "visibility": -1, "drawOrder": null, "icon": null }, "geometry": { "type": "Point", "coordinates": [ 80.23193, 12.97993 ] } },
{ "type": "Feature", "properties": { "name": null, "layer": "schools", "id": null, "Name": null, "description": null, "timestamp": null, "begin": null, "end": null, "altitudeMode": null, "tessellate": -1, "extrude": 0, "visibility": -1, "drawOrder": null, "icon": null }, "geometry": { "type": "Point", "coordinates": [ 80.22313, 12.97581 ] } },
{ "type": "Feature", "properties": { "name": null, "layer": "schools", "id": null, "Name": null, "description": null, "timestamp": null, "begin": null, "end": null, "altitudeMode": null, "tessellate": -1, "extrude": 0, "visibility": -1, "drawOrder": null, "icon": null }, "geometry": { "type": "Point", "coordinates": [ 80.22621, 12.98455 ] } },
{ "type": "Feature", "properties": { "name": null, "layer": "schools", "id": null, "Name": null, "description": null, "timestamp": null, "begin": null, "end": null, "altitudeMode": null, "tessellate": -1, "extrude": 0, "visibility": -1, "drawOrder": null, "icon": null }, "geometry": { "type": "Point", "coordinates": [ 80.22775, 12.98562 ] } },
{ "type": "Feature", "properties": { "name": null, "layer": "schools", "id": null, "Name": null, "description": null, "timestamp": null, "begin": null, "end": null, "altitudeMode": null, "tessellate": -1, "extrude": 0, "visibility": -1, "drawOrder": null, "icon": null }, "geometry": { "type": "Point", "coordinates": [ 80.22259, 12.97873 ] } },
{ "type": "Feature", "properties": { "name": null, "layer": "schools", "id": null, "Name": null, "description": null, "timestamp": null, "begin": null, "end": null, "altitudeMode": null, "tessellate": -1, "extrude": 0, "visibility": -1, "drawOrder": null, "icon": null }, "geometry": { "type": "Point", "coordinates": [ 80.22244, 12.97253 ] } },
{ "type": "Feature", "properties": { "name": null, "layer": "schools", "id": null, "Name": null, "description": null, "timestamp": null, "begin": null, "end": null, "altitudeMode": null, "tessellate": -1, "extrude": 0, "visibility": -1, "drawOrder": null, "icon": null }, "geometry": { "type": "Point", "coordinates": [ 80.22834, 12.98484 ] } },
{ "type": "Feature", "properties": { "name": null, "layer": "schools", "id": null, "Name": null, "description": null, "timestamp": null, "begin": null, "end": null, "altitudeMode": null, "tessellate": -1, "extrude": 0, "visibility": -1, "drawOrder": null, "icon": null }, "geometry": { "type": "Point", "coordinates": [ 80.22611, 12.97626 ] } },
{ "type": "Feature", "properties": { "name": null, "layer": "schools", "id": null, "Name": null, "description": null, "timestamp": null, "begin": null, "end": null, "altitudeMode": null, "tessellate": -1, "extrude": 0, "visibility": -1, "drawOrder": null, "icon": null }, "geometry": { "type": "Point", "coordinates": [ 80.22621, 12.98455 ] } },
{ "type": "Feature", "properties": { "name": null, "layer": "schools", "id": null, "Name": null, "description": null, "timestamp": null, "begin": null, "end": null, "altitudeMode": null, "tessellate": -1, "extrude": 0, "visibility": -1, "drawOrder": null, "icon": null }, "geometry": { "type": "Point", "coordinates": [ 80.22571, 12.97631 ] } },
{ "type": "Feature", "properties": { "name": null, "layer": "schools", "id": null, "Name": null, "description": null, "timestamp": null, "begin": null, "end": null, "altitudeMode": null, "tessellate": -1, "extrude": 0, "visibility": -1, "drawOrder": null, "icon": null }, "geometry": { "type": "Point", "coordinates": [ 80.22032, 12.97272 ] } },
{ "type": "Feature", "properties": { "name": null, "layer": "schools", "id": null, "Name": null, "description": null, "timestamp": null, "begin": null, "end": null, "altitudeMode": null, "tessellate": -1, "extrude": 0, "visibility": -1, "drawOrder": null, "icon": null }, "geometry": { "type": "Point", "coordinates": [ 80.22828, 12.98154 ] } },
{ "type": "Feature", "properties": { "name": null, "layer": "schools", "id": null, "Name": null, "description": null, "timestamp": null, "begin": null, "end": null, "altitudeMode": null, "tessellate": -1, "extrude": 0, "visibility": -1, "drawOrder": null, "icon": null }, "geometry": { "type": "Point", "coordinates": [ 80.228, 12.98165 ] } },
{ "type": "Feature", "properties": { "name": null, "layer": "schools", "id": null, "Name": null, "description": null, "timestamp": null, "begin": null, "end": null, "altitudeMode": null, "tessellate": -1, "extrude": 0, "visibility": -1, "drawOrder": null, "icon": null }, "geometry": { "type": "Point", "coordinates": [ 80.25949, 13.16784 ] } },
{ "type": "Feature", "properties": { "name": null, "layer": "schools", "id": null, "Name": null, "description": null, "timestamp": null, "begin": null, "end": null, "altitudeMode": null, "tessellate": -1, "extrude": 0, "visibility": -1, "drawOrder": null, "icon": null }, "geometry": { "type": "Point", "coordinates": [ 80.26267, 12.98917 ] } },
{ "type": "Feature", "properties": { "name": null, "layer": "schools", "id": null, "Name": null, "description": null, "timestamp": null, "begin": null, "end": null, "altitudeMode": null, "tessellate": -1, "extrude": 0, "visibility": -1, "drawOrder": null, "icon": null }, "geometry": { "type": "Point", "coordinates": [ 80.26572, 12.99255 ] } },
{ "type": "Feature", "properties": { "name": null, "layer": "schools", "id": null, "Name": null, "description": null, "timestamp": null, "begin": null, "end": null, "altitudeMode": null, "tessellate": -1, "extrude": 0, "visibility": -1, "drawOrder": null, "icon": null }, "geometry": { "type": "Point", "coordinates": [ 80.25188, 12.97491 ] } },
{ "type": "Feature", "properties": { "name": null, "layer": "schools", "id": null, "Name": null, "description": null, "timestamp": null, "begin": null, "end": null, "altitudeMode": null, "tessellate": -1, "extrude": 0, "visibility": -1, "drawOrder": null, "icon": null }, "geometry": { "type": "Point", "coordinates": [ 80.24692, 12.97727 ] } },
{ "type": "Feature", "properties": { "name": null, "layer": "schools", "id": null, "Name": null, "description": null, "timestamp": null, "begin": null, "end": null, "altitudeMode": null, "tessellate": -1, "extrude": 0, "visibility": -1, "drawOrder": null, "icon": null }, "geometry": { "type": "Point", "coordinates": [ 80.24439, 12.96382 ] } },
{ "type": "Feature", "properties": { "name": null, "layer": "schools", "id": null, "Name": null, "description": null, "timestamp": null, "begin": null, "end": null, "altitudeMode": null, "tessellate": -1, "extrude": 0, "visibility": -1, "drawOrder": null, "icon": null }, "geometry": { "type": "Point", "coordinates": [ 80.24576, 12.96399 ] } },
{ "type": "Feature", "properties": { "name": null, "layer": "schools", "id": null, "Name": null, "description": null, "timestamp": null, "begin": null, "end": null, "altitudeMode": null, "tessellate": -1, "extrude": 0, "visibility": -1, "drawOrder": null, "icon": null }, "geometry": { "type": "Point", "coordinates": [ 80.24178, 12.9663 ] } },
{ "type": "Feature", "properties": { "name": null, "layer": "schools", "id": null, "Name": null, "description": null, "timestamp": null, "begin": null, "end": null, "altitudeMode": null, "tessellate": -1, "extrude": 0, "visibility": -1, "drawOrder": null, "icon": null }, "geometry": { "type": "Point", "coordinates": [ 80.23239, 12.97444 ] } },
{ "type": "Feature", "properties": { "name": null, "layer": "schools", "id": null, "Name": null, "description": null, "timestamp": null, "begin": null, "end": null, "altitudeMode": null, "tessellate": -1, "extrude": 0, "visibility": -1, "drawOrder": null, "icon": null }, "geometry": { "type": "Point", "coordinates": [ 80.25467, 12.96503 ] } },
{ "type": "Feature", "properties": { "name": null, "layer": "schools", "id": null, "Name": null, "description": null, "timestamp": null, "begin": null, "end": null, "altitudeMode": null, "tessellate": -1, "extrude": 0, "visibility": -1, "drawOrder": null, "icon": null }, "geometry": { "type": "Point", "coordinates": [ 80.24617, 12.96332 ] } },
{ "type": "Feature", "properties": { "name": null, "layer": "schools", "id": null, "Name": null, "description": null, "timestamp": null, "begin": null, "end": null, "altitudeMode": null, "tessellate": -1, "extrude": 0, "visibility": -1, "drawOrder": null, "icon": null }, "geometry": { "type": "Point", "coordinates": [ 80.25502, 12.96403 ] } },
{ "type": "Feature", "properties": { "name": null, "layer": "schools", "id": null, "Name": null, "description": null, "timestamp": null, "begin": null, "end": null, "altitudeMode": null, "tessellate": -1, "extrude": 0, "visibility": -1, "drawOrder": null, "icon": null }, "geometry": { "type": "Point", "coordinates": [ 80.25843, 12.96607 ] } },
{ "type": "Feature", "properties": { "name": null, "layer": "schools", "id": null, "Name": null, "description": null, "timestamp": null, "begin": null, "end": null, "altitudeMode": null, "tessellate": -1, "extrude": 0, "visibility": -1, "drawOrder": null, "icon": null }, "geometry": { "type": "Point", "coordinates": [ 80.25236, 12.96627 ] } },
{ "type": "Feature", "properties": { "name": null, "layer": "schools", "id": null, "Name": null, "description": null, "timestamp": null, "begin": null, "end": null, "altitudeMode": null, "tessellate": -1, "extrude": 0, "visibility": -1, "drawOrder": null, "icon": null }, "geometry": { "type": "Point", "coordinates": [ 80.2568, 12.96665 ] } },
{ "type": "Feature", "properties": { "name": null, "layer": "schools", "id": null, "Name": null, "description": null, "timestamp": null, "begin": null, "end": null, "altitudeMode": null, "tessellate": -1, "extrude": 0, "visibility": -1, "drawOrder": null, "icon": null }, "geometry": { "type": "Point", "coordinates": [ 80.25631, 12.96449 ] } },
{ "type": "Feature", "properties": { "name": null, "layer": "schools", "id": null, "Name": null, "description": null, "timestamp": null, "begin": null, "end": null, "altitudeMode": null, "tessellate": -1, "extrude": 0, "visibility": -1, "drawOrder": null, "icon": null }, "geometry": { "type": "Point", "coordinates": [ 80.25558, 12.95704 ] } },
{ "type": "Feature", "properties": { "name": null, "layer": "schools", "id": null, "Name": null, "description": null, "timestamp": null, "begin": null, "end": null, "altitudeMode": null, "tessellate": -1, "extrude": 0, "visibility": -1, "drawOrder": null, "icon": null }, "geometry": { "type": "Point", "coordinates": [ 80.23507, 12.96279 ] } },
{ "type": "Feature", "properties": { "name": null, "layer": "schools", "id": null, "Name": null, "description": null, "timestamp": null, "begin": null, "end": null, "altitudeMode": null, "tessellate": -1, "extrude": 0, "visibility": -1, "drawOrder": null, "icon": null }, "geometry": { "type": "Point", "coordinates": [ 80.23982, 12.95961 ] } },
{ "type": "Feature", "properties": { "name": null, "layer": "schools", "id": null, "Name": null, "description": null, "timestamp": null, "begin": null, "end": null, "altitudeMode": null, "tessellate": -1, "extrude": 0, "visibility": -1, "drawOrder": null, "icon": null }, "geometry": { "type": "Point", "coordinates": [ 80.23887, 12.96003 ] } },
{ "type": "Feature", "properties": { "name": null, "layer": "schools", "id": null, "Name": null, "description": null, "timestamp": null, "begin": null, "end": null, "altitudeMode": null, "tessellate": -1, "extrude": 0, "visibility": -1, "drawOrder": null, "icon": null }, "geometry": { "type": "Point", "coordinates": [ 80.23896, 12.96044 ] } },
{ "type": "Feature", "properties": { "name": null, "layer": "schools", "id": null, "Name": null, "description": null, "timestamp": null, "begin": null, "end": null, "altitudeMode": null, "tessellate": -1, "extrude": 0, "visibility": -1, "drawOrder": null, "icon": null }, "geometry": { "type": "Point", "coordinates": [ 80.24015, 12.96048 ] } },
{ "type": "Feature", "properties": { "name": null, "layer": "schools", "id": null, "Name": null, "description": null, "timestamp": null, "begin": null, "end": null, "altitudeMode": null, "tessellate": -1, "extrude": 0, "visibility": -1, "drawOrder": null, "icon": null }, "geometry": { "type": "Point", "coordinates": [ 80.24463, 12.95747 ] } },
{ "type": "Feature", "properties": { "name": null, "layer": "schools", "id": null, "Name": null, "description": null, "timestamp": null, "begin": null, "end": null, "altitudeMode": null, "tessellate": -1, "extrude": 0, "visibility": -1, "drawOrder": null, "icon": null }, "geometry": { "type": "Point", "coordinates": [ 80.23673, 12.95565 ] } },
{ "type": "Feature", "properties": { "name": null, "layer": "schools", "id": null, "Name": null, "description": null, "timestamp": null, "begin": null, "end": null, "altitudeMode": null, "tessellate": -1, "extrude": 0, "visibility": -1, "drawOrder": null, "icon": null }, "geometry": { "type": "Point", "coordinates": [ 80.24315, 12.95111 ] } },
{ "type": "Feature", "properties": { "name": null, "layer": "schools", "id": null, "Name": null, "description": null, "timestamp": null, "begin": null, "end": null, "altitudeMode": null, "tessellate": -1, "extrude": 0, "visibility": -1, "drawOrder": null, "icon": null }, "geometry": { "type": "Point", "coordinates": [ 80.24111, 12.9536 ] } },
{ "type": "Feature", "properties": { "name": null, "layer": "schools", "id": null, "Name": null, "description": null, "timestamp": null, "begin": null, "end": null, "altitudeMode": null, "tessellate": -1, "extrude": 0, "visibility": -1, "drawOrder": null, "icon": null }, "geometry": { "type": "Point", "coordinates": [ 80.19143, 12.96821 ] } },
{ "type": "Feature", "properties": { "name": null, "layer": "schools", "id": null, "Name": null, "description": null, "timestamp": null, "begin": null, "end": null, "altitudeMode": null, "tessellate": -1, "extrude": 0, "visibility": -1, "drawOrder": null, "icon": null }, "geometry": { "type": "Point", "coordinates": [ 80.19281, 12.95787 ] } },
{ "type": "Feature", "properties": { "name": null, "layer": "schools", "id": null, "Name": null, "description": null, "timestamp": null, "begin": null, "end": null, "altitudeMode": null, "tessellate": -1, "extrude": 0, "visibility": -1, "drawOrder": null, "icon": null }, "geometry": { "type": "Point", "coordinates": [ 80.19776, 12.96289 ] } },
{ "type": "Feature", "properties": { "name": null, "layer": "schools", "id": null, "Name": null, "description": null, "timestamp": null, "begin": null, "end": null, "altitudeMode": null, "tessellate": -1, "extrude": 0, "visibility": -1, "drawOrder": null, "icon": null }, "geometry": { "type": "Point", "coordinates": [ 80.19772, 12.96495 ] } },
{ "type": "Feature", "properties": { "name": null, "layer": "schools", "id": null, "Name": null, "description": null, "timestamp": null, "begin": null, "end": null, "altitudeMode": null, "tessellate": -1, "extrude": 0, "visibility": -1, "drawOrder": null, "icon": null }, "geometry": { "type": "Point", "coordinates": [ 80.19878, 12.96361 ] } },
{ "type": "Feature", "properties": { "name": null, "layer": "schools", "id": null, "Name": null, "description": null, "timestamp": null, "begin": null, "end": null, "altitudeMode": null, "tessellate": -1, "extrude": 0, "visibility": -1, "drawOrder": null, "icon": null }, "geometry": { "type": "Point", "coordinates": [ 80.21122, 12.95464 ] } },
{ "type": "Feature", "properties": { "name": null, "layer": "schools", "id": null, "Name": null, "description": null, "timestamp": null, "begin": null, "end": null, "altitudeMode": null, "tessellate": -1, "extrude": 0, "visibility": -1, "drawOrder": null, "icon": null }, "geometry": { "type": "Point", "coordinates": [ 80.21104, 12.95351 ] } },
{ "type": "Feature", "properties": { "name": null, "layer": "schools", "id": null, "Name": null, "description": null, "timestamp": null, "begin": null, "end": null, "altitudeMode": null, "tessellate": -1, "extrude": 0, "visibility": -1, "drawOrder": null, "icon": null }, "geometry": { "type": "Point", "coordinates": [ 80.20442, 12.94841 ] } },
{ "type": "Feature", "properties": { "name": null, "layer": "schools", "id": null, "Name": null, "description": null, "timestamp": null, "begin": null, "end": null, "altitudeMode": null, "tessellate": -1, "extrude": 0, "visibility": -1, "drawOrder": null, "icon": null }, "geometry": { "type": "Point", "coordinates": [ 80.21574, 12.96641 ] } },
{ "type": "Feature", "properties": { "name": null, "layer": "schools", "id": null, "Name": null, "description": null, "timestamp": null, "begin": null, "end": null, "altitudeMode": null, "tessellate": -1, "extrude": 0, "visibility": -1, "drawOrder": null, "icon": null }, "geometry": { "type": "Point", "coordinates": [ 80.20493, 12.94073 ] } },
{ "type": "Feature", "properties": { "name": null, "layer": "schools", "id": null, "Name": null, "description": null, "timestamp": null, "begin": null, "end": null, "altitudeMode": null, "tessellate": -1, "extrude": 0, "visibility": -1, "drawOrder": null, "icon": null }, "geometry": { "type": "Point", "coordinates": [ 80.20579, 12.9422 ] } },
{ "type": "Feature", "properties": { "name": null, "layer": "schools", "id": null, "Name": null, "description": null, "timestamp": null, "begin": null, "end": null, "altitudeMode": null, "tessellate": -1, "extrude": 0, "visibility": -1, "drawOrder": null, "icon": null }, "geometry": { "type": "Point", "coordinates": [ 80.20464, 12.95387 ] } },
{ "type": "Feature", "properties": { "name": null, "layer": "schools", "id": null, "Name": null, "description": null, "timestamp": null, "begin": null, "end": null, "altitudeMode": null, "tessellate": -1, "extrude": 0, "visibility": -1, "drawOrder": null, "icon": null }, "geometry": { "type": "Point", "coordinates": [ 80.20443, 12.94839 ] } },
{ "type": "Feature", "properties": { "name": null, "layer": "schools", "id": null, "Name": null, "description": null, "timestamp": null, "begin": null, "end": null, "altitudeMode": null, "tessellate": -1, "extrude": 0, "visibility": -1, "drawOrder": null, "icon": null }, "geometry": { "type": "Point", "coordinates": [ 80.21235, 12.93157 ] } },
{ "type": "Feature", "properties": { "name": null, "layer": "schools", "id": null, "Name": null, "description": null, "timestamp": null, "begin": null, "end": null, "altitudeMode": null, "tessellate": -1, "extrude": 0, "visibility": -1, "drawOrder": null, "icon": null }, "geometry": { "type": "Point", "coordinates": [ 80.20704, 12.9352 ] } },
{ "type": "Feature", "properties": { "name": null, "layer": "schools", "id": null, "Name": null, "description": null, "timestamp": null, "begin": null, "end": null, "altitudeMode": null, "tessellate": -1, "extrude": 0, "visibility": -1, "drawOrder": null, "icon": null }, "geometry": { "type": "Point", "coordinates": [ 80.26935, 12.99294 ] } },
{ "type": "Feature", "properties": { "name": null, "layer": "schools", "id": null, "Name": null, "description": null, "timestamp": null, "begin": null, "end": null, "altitudeMode": null, "tessellate": -1, "extrude": 0, "visibility": -1, "drawOrder": null, "icon": null }, "geometry": { "type": "Point", "coordinates": [ 80.26019, 12.99637 ] } },
{ "type": "Feature", "properties": { "name": null, "layer": "schools", "id": null, "Name": null, "description": null, "timestamp": null, "begin": null, "end": null, "altitudeMode": null, "tessellate": -1, "extrude": 0, "visibility": -1, "drawOrder": null, "icon": null }, "geometry": { "type": "Point", "coordinates": [ 80.25676, 12.98554 ] } },
{ "type": "Feature", "properties": { "name": null, "layer": "schools", "id": null, "Name": null, "description": null, "timestamp": null, "begin": null, "end": null, "altitudeMode": null, "tessellate": -1, "extrude": 0, "visibility": -1, "drawOrder": null, "icon": null }, "geometry": { "type": "Point", "coordinates": [ 80.2601, 12.97665 ] } },
{ "type": "Feature", "properties": { "name": null, "layer": "schools", "id": null, "Name": null, "description": null, "timestamp": null, "begin": null, "end": null, "altitudeMode": null, "tessellate": -1, "extrude": 0, "visibility": -1, "drawOrder": null, "icon": null }, "geometry": { "type": "Point", "coordinates": [ 80.26126, 12.98109 ] } },
{ "type": "Feature", "properties": { "name": null, "layer": "schools", "id": null, "Name": null, "description": null, "timestamp": null, "begin": null, "end": null, "altitudeMode": null, "tessellate": -1, "extrude": 0, "visibility": -1, "drawOrder": null, "icon": null }, "geometry": { "type": "Point", "coordinates": [ 80.25871, 12.9774 ] } },
{ "type": "Feature", "properties": { "name": null, "layer": "schools", "id": null, "Name": null, "description": null, "timestamp": null, "begin": null, "end": null, "altitudeMode": null, "tessellate": -1, "extrude": 0, "visibility": -1, "drawOrder": null, "icon": null }, "geometry": { "type": "Point", "coordinates": [ 80.26065, 12.98439 ] } },
{ "type": "Feature", "properties": { "name": null, "layer": "schools", "id": null, "Name": null, "description": null, "timestamp": null, "begin": null, "end": null, "altitudeMode": null, "tessellate": -1, "extrude": 0, "visibility": -1, "drawOrder": null, "icon": null }, "geometry": { "type": "Point", "coordinates": [ 80.26093, 12.9814 ] } },
{ "type": "Feature", "properties": { "name": null, "layer": "schools", "id": null, "Name": null, "description": null, "timestamp": null, "begin": null, "end": null, "altitudeMode": null, "tessellate": -1, "extrude": 0, "visibility": -1, "drawOrder": null, "icon": null }, "geometry": { "type": "Point", "coordinates": [ 80.26536, 12.98353 ] } },
{ "type": "Feature", "properties": { "name": null, "layer": "schools", "id": null, "Name": null, "description": null, "timestamp": null, "begin": null, "end": null, "altitudeMode": null, "tessellate": -1, "extrude": 0, "visibility": -1, "drawOrder": null, "icon": null }, "geometry": { "type": "Point", "coordinates": [ 80.26058, 12.98372 ] } },
{ "type": "Feature", "properties": { "name": null, "layer": "schools", "id": null, "Name": null, "description": null, "timestamp": null, "begin": null, "end": null, "altitudeMode": null, "tessellate": -1, "extrude": 0, "visibility": -1, "drawOrder": null, "icon": null }, "geometry": { "type": "Point", "coordinates": [ 80.25814, 12.96835 ] } },
{ "type": "Feature", "properties": { "name": null, "layer": "schools", "id": null, "Name": null, "description": null, "timestamp": null, "begin": null, "end": null, "altitudeMode": null, "tessellate": -1, "extrude": 0, "visibility": -1, "drawOrder": null, "icon": null }, "geometry": { "type": "Point", "coordinates": [ 80.25543, 12.97211 ] } },
{ "type": "Feature", "properties": { "name": null, "layer": "schools", "id": null, "Name": null, "description": null, "timestamp": null, "begin": null, "end": null, "altitudeMode": null, "tessellate": -1, "extrude": 0, "visibility": -1, "drawOrder": null, "icon": null }, "geometry": { "type": "Point", "coordinates": [ 80.26212, 12.97223 ] } },
{ "type": "Feature", "properties": { "name": null, "layer": "schools", "id": null, "Name": null, "description": null, "timestamp": null, "begin": null, "end": null, "altitudeMode": null, "tessellate": -1, "extrude": 0, "visibility": -1, "drawOrder": null, "icon": null }, "geometry": { "type": "Point", "coordinates": [ 80.26437, 12.96868 ] } },
{ "type": "Feature", "properties": { "name": null, "layer": "schools", "id": null, "Name": null, "description": null, "timestamp": null, "begin": null, "end": null, "altitudeMode": null, "tessellate": -1, "extrude": 0, "visibility": -1, "drawOrder": null, "icon": null }, "geometry": { "type": "Point", "coordinates": [ 80.25037, 12.9759 ] } },
{ "type": "Feature", "properties": { "name": null, "layer": "schools", "id": null, "Name": null, "description": null, "timestamp": null, "begin": null, "end": null, "altitudeMode": null, "tessellate": -1, "extrude": 0, "visibility": -1, "drawOrder": null, "icon": null }, "geometry": { "type": "Point", "coordinates": [ 80.25513, 12.97214 ] } },
{ "type": "Feature", "properties": { "name": null, "layer": "schools", "id": null, "Name": null, "description": null, "timestamp": null, "begin": null, "end": null, "altitudeMode": null, "tessellate": -1, "extrude": 0, "visibility": -1, "drawOrder": null, "icon": null }, "geometry": { "type": "Point", "coordinates": [ 80.26252, 12.97176 ] } },
{ "type": "Feature", "properties": { "name": null, "layer": "schools", "id": null, "Name": null, "description": null, "timestamp": null, "begin": null, "end": null, "altitudeMode": null, "tessellate": -1, "extrude": 0, "visibility": -1, "drawOrder": null, "icon": null }, "geometry": { "type": "Point", "coordinates": [ 80.26393, 12.96877 ] } },
{ "type": "Feature", "properties": { "name": null, "layer": "schools", "id": null, "Name": null, "description": null, "timestamp": null, "begin": null, "end": null, "altitudeMode": null, "tessellate": -1, "extrude": 0, "visibility": -1, "drawOrder": null, "icon": null }, "geometry": { "type": "Point", "coordinates": [ 80.25873, 12.97147 ] } },
{ "type": "Feature", "properties": { "name": null, "layer": "schools", "id": null, "Name": null, "description": null, "timestamp": null, "begin": null, "end": null, "altitudeMode": null, "tessellate": -1, "extrude": 0, "visibility": -1, "drawOrder": null, "icon": null }, "geometry": { "type": "Point", "coordinates": [ 80.26255, 12.97234 ] } },
{ "type": "Feature", "properties": { "name": null, "layer": "schools", "id": null, "Name": null, "description": null, "timestamp": null, "begin": null, "end": null, "altitudeMode": null, "tessellate": -1, "extrude": 0, "visibility": -1, "drawOrder": null, "icon": null }, "geometry": { "type": "Point", "coordinates": [ 80.20942, 12.87739 ] } },
{ "type": "Feature", "properties": { "name": null, "layer": "schools", "id": null, "Name": null, "description": null, "timestamp": null, "begin": null, "end": null, "altitudeMode": null, "tessellate": -1, "extrude": 0, "visibility": -1, "drawOrder": null, "icon": null }, "geometry": { "type": "Point", "coordinates": [ 80.2587, 13.1662 ] } },
{ "type": "Feature", "properties": { "name": null, "layer": "schools", "id": null, "Name": null, "description": null, "timestamp": null, "begin": null, "end": null, "altitudeMode": null, "tessellate": -1, "extrude": 0, "visibility": -1, "drawOrder": null, "icon": null }, "geometry": { "type": "Point", "coordinates": [ 80.25867, 13.16606 ] } },
{ "type": "Feature", "properties": { "name": null, "layer": "schools", "id": null, "Name": null, "description": null, "timestamp": null, "begin": null, "end": null, "altitudeMode": null, "tessellate": -1, "extrude": 0, "visibility": -1, "drawOrder": null, "icon": null }, "geometry": { "type": "Point", "coordinates": [ 80.2586, 13.16686 ] } },
{ "type": "Feature", "properties": { "name": null, "layer": "schools", "id": null, "Name": null, "description": null, "timestamp": null, "begin": null, "end": null, "altitudeMode": null, "tessellate": -1, "extrude": 0, "visibility": -1, "drawOrder": null, "icon": null }, "geometry": { "type": "Point", "coordinates": [ 80.19522, 13.17144 ] } },
{ "type": "Feature", "properties": { "name": null, "layer": "schools", "id": null, "Name": null, "description": null, "timestamp": null, "begin": null, "end": null, "altitudeMode": null, "tessellate": -1, "extrude": 0, "visibility": -1, "drawOrder": null, "icon": null }, "geometry": { "type": "Point", "coordinates": [ 80.2033, 13.16474 ] } },
{ "type": "Feature", "properties": { "name": null, "layer": "schools", "id": null, "Name": null, "description": null, "timestamp": null, "begin": null, "end": null, "altitudeMode": null, "tessellate": -1, "extrude": 0, "visibility": -1, "drawOrder": null, "icon": null }, "geometry": { "type": "Point", "coordinates": [ 80.1931, 13.16836 ] } },
{ "type": "Feature", "properties": { "name": null, "layer": "schools", "id": null, "Name": null, "description": null, "timestamp": null, "begin": null, "end": null, "altitudeMode": null, "tessellate": -1, "extrude": 0, "visibility": -1, "drawOrder": null, "icon": null }, "geometry": { "type": "Point", "coordinates": [ 80.20321, 13.16774 ] } },
{ "type": "Feature", "properties": { "name": null, "layer": "schools", "id": null, "Name": null, "description": null, "timestamp": null, "begin": null, "end": null, "altitudeMode": null, "tessellate": -1, "extrude": 0, "visibility": -1, "drawOrder": null, "icon": null }, "geometry": { "type": "Point", "coordinates": [ 80.19264, 13.17115 ] } },
{ "type": "Feature", "properties": { "name": null, "layer": "schools", "id": null, "Name": null, "description": null, "timestamp": null, "begin": null, "end": null, "altitudeMode": null, "tessellate": -1, "extrude": 0, "visibility": -1, "drawOrder": null, "icon": null }, "geometry": { "type": "Point", "coordinates": [ 80.19693, 13.17042 ] } },
{ "type": "Feature", "properties": { "name": null, "layer": "schools", "id": null, "Name": null, "description": null, "timestamp": null, "begin": null, "end": null, "altitudeMode": null, "tessellate": -1, "extrude": 0, "visibility": -1, "drawOrder": null, "icon": null }, "geometry": { "type": "Point", "coordinates": [ 80.19254, 13.1712 ] } },
{ "type": "Feature", "properties": { "name": null, "layer": "schools", "id": null, "Name": null, "description": null, "timestamp": null, "begin": null, "end": null, "altitudeMode": null, "tessellate": -1, "extrude": 0, "visibility": -1, "drawOrder": null, "icon": null }, "geometry": { "type": "Point", "coordinates": [ 80.20097, 13.15519 ] } },
{ "type": "Feature", "properties": { "name": null, "layer": "schools", "id": null, "Name": null, "description": null, "timestamp": null, "begin": null, "end": null, "altitudeMode": null, "tessellate": -1, "extrude": 0, "visibility": -1, "drawOrder": null, "icon": null }, "geometry": { "type": "Point", "coordinates": [ 80.20228, 13.15385 ] } },
{ "type": "Feature", "properties": { "name": null, "layer": "schools", "id": null, "Name": null, "description": null, "timestamp": null, "begin": null, "end": null, "altitudeMode": null, "tessellate": -1, "extrude": 0, "visibility": -1, "drawOrder": null, "icon": null }, "geometry": { "type": "Point", "coordinates": [ 80.20911, 13.16386 ] } },
{ "type": "Feature", "properties": { "name": null, "layer": "schools", "id": null, "Name": null, "description": null, "timestamp": null, "begin": null, "end": null, "altitudeMode": null, "tessellate": -1, "extrude": 0, "visibility": -1, "drawOrder": null, "icon": null }, "geometry": { "type": "Point", "coordinates": [ 80.2053, 13.15834 ] } },
{ "type": "Feature", "properties": { "name": null, "layer": "schools", "id": null, "Name": null, "description": null, "timestamp": null, "begin": null, "end": null, "altitudeMode": null, "tessellate": -1, "extrude": 0, "visibility": -1, "drawOrder": null, "icon": null }, "geometry": { "type": "Point", "coordinates": [ 80.20716, 13.16114 ] } },
{ "type": "Feature", "properties": { "name": null, "layer": "schools", "id": null, "Name": null, "description": null, "timestamp": null, "begin": null, "end": null, "altitudeMode": null, "tessellate": -1, "extrude": 0, "visibility": -1, "drawOrder": null, "icon": null }, "geometry": { "type": "Point", "coordinates": [ 80.20461, 13.16121 ] } },
{ "type": "Feature", "properties": { "name": null, "layer": "schools", "id": null, "Name": null, "description": null, "timestamp": null, "begin": null, "end": null, "altitudeMode": null, "tessellate": -1, "extrude": 0, "visibility": -1, "drawOrder": null, "icon": null }, "geometry": { "type": "Point", "coordinates": [ 80.20637, 13.15735 ] } },
{ "type": "Feature", "properties": { "name": null, "layer": "schools", "id": null, "Name": null, "description": null, "timestamp": null, "begin": null, "end": null, "altitudeMode": null, "tessellate": -1, "extrude": 0, "visibility": -1, "drawOrder": null, "icon": null }, "geometry": { "type": "Point", "coordinates": [ 80.20097, 13.15519 ] } },
{ "type": "Feature", "properties": { "name": null, "layer": "schools", "id": null, "Name": null, "description": null, "timestamp": null, "begin": null, "end": null, "altitudeMode": null, "tessellate": -1, "extrude": 0, "visibility": -1, "drawOrder": null, "icon": null }, "geometry": { "type": "Point", "coordinates": [ 80.2021, 13.1579 ] } },
{ "type": "Feature", "properties": { "name": null, "layer": "schools", "id": null, "Name": null, "description": null, "timestamp": null, "begin": null, "end": null, "altitudeMode": null, "tessellate": -1, "extrude": 0, "visibility": -1, "drawOrder": null, "icon": null }, "geometry": { "type": "Point", "coordinates": [ 80.20595, 13.16161 ] } },
{ "type": "Feature", "properties": { "name": null, "layer": "schools", "id": null, "Name": null, "description": null, "timestamp": null, "begin": null, "end": null, "altitudeMode": null, "tessellate": -1, "extrude": 0, "visibility": -1, "drawOrder": null, "icon": null }, "geometry": { "type": "Point", "coordinates": [ 80.19738, 13.15848 ] } },
{ "type": "Feature", "properties": { "name": null, "layer": "schools", "id": null, "Name": null, "description": null, "timestamp": null, "begin": null, "end": null, "altitudeMode": null, "tessellate": -1, "extrude": 0, "visibility": -1, "drawOrder": null, "icon": null }, "geometry": { "type": "Point", "coordinates": [ 80.20529, 13.13883 ] } },
{ "type": "Feature", "properties": { "name": null, "layer": "schools", "id": null, "Name": null, "description": null, "timestamp": null, "begin": null, "end": null, "altitudeMode": null, "tessellate": -1, "extrude": 0, "visibility": -1, "drawOrder": null, "icon": null }, "geometry": { "type": "Point", "coordinates": [ 80.19257, 13.14346 ] } },
{ "type": "Feature", "properties": { "name": null, "layer": "schools", "id": null, "Name": null, "description": null, "timestamp": null, "begin": null, "end": null, "altitudeMode": null, "tessellate": -1, "extrude": 0, "visibility": -1, "drawOrder": null, "icon": null }, "geometry": { "type": "Point", "coordinates": [ 80.19819, 13.13368 ] } },
{ "type": "Feature", "properties": { "name": null, "layer": "schools", "id": null, "Name": null, "description": null, "timestamp": null, "begin": null, "end": null, "altitudeMode": null, "tessellate": -1, "extrude": 0, "visibility": -1, "drawOrder": null, "icon": null }, "geometry": { "type": "Point", "coordinates": [ 80.19502, 13.14657 ] } },
{ "type": "Feature", "properties": { "name": null, "layer": "schools", "id": null, "Name": null, "description": null, "timestamp": null, "begin": null, "end": null, "altitudeMode": null, "tessellate": -1, "extrude": 0, "visibility": -1, "drawOrder": null, "icon": null }, "geometry": { "type": "Point", "coordinates": [ 80.19358, 13.15073 ] } },
{ "type": "Feature", "properties": { "name": null, "layer": "schools", "id": null, "Name": null, "description": null, "timestamp": null, "begin": null, "end": null, "altitudeMode": null, "tessellate": -1, "extrude": 0, "visibility": -1, "drawOrder": null, "icon": null }, "geometry": { "type": "Point", "coordinates": [ 80.18184, 13.14256 ] } },
{ "type": "Feature", "properties": { "name": null, "layer": "schools", "id": null, "Name": null, "description": null, "timestamp": null, "begin": null, "end": null, "altitudeMode": null, "tessellate": -1, "extrude": 0, "visibility": -1, "drawOrder": null, "icon": null }, "geometry": { "type": "Point", "coordinates": [ 80.198, 13.1392 ] } },
{ "type": "Feature", "properties": { "name": null, "layer": "schools", "id": null, "Name": null, "description": null, "timestamp": null, "begin": null, "end": null, "altitudeMode": null, "tessellate": -1, "extrude": 0, "visibility": -1, "drawOrder": null, "icon": null }, "geometry": { "type": "Point", "coordinates": [ 80.19477, 13.1534 ] } },
{ "type": "Feature", "properties": { "name": null, "layer": "schools", "id": null, "Name": null, "description": null, "timestamp": null, "begin": null, "end": null, "altitudeMode": null, "tessellate": -1, "extrude": 0, "visibility": -1, "drawOrder": null, "icon": null }, "geometry": { "type": "Point", "coordinates": [ 80.19421, 13.14272 ] } },
{ "type": "Feature", "properties": { "name": null, "layer": "schools", "id": null, "Name": null, "description": null, "timestamp": null, "begin": null, "end": null, "altitudeMode": null, "tessellate": -1, "extrude": 0, "visibility": -1, "drawOrder": null, "icon": null }, "geometry": { "type": "Point", "coordinates": [ 80.20385, 13.15147 ] } },
{ "type": "Feature", "properties": { "name": null, "layer": "schools", "id": null, "Name": null, "description": null, "timestamp": null, "begin": null, "end": null, "altitudeMode": null, "tessellate": -1, "extrude": 0, "visibility": -1, "drawOrder": null, "icon": null }, "geometry": { "type": "Point", "coordinates": [ 80.19956, 13.14123 ] } },
{ "type": "Feature", "properties": { "name": null, "layer": "schools", "id": null, "Name": null, "description": null, "timestamp": null, "begin": null, "end": null, "altitudeMode": null, "tessellate": -1, "extrude": 0, "visibility": -1, "drawOrder": null, "icon": null }, "geometry": { "type": "Point", "coordinates": [ 80.2035, 13.15176 ] } },
{ "type": "Feature", "properties": { "name": null, "layer": "schools", "id": null, "Name": null, "description": null, "timestamp": null, "begin": null, "end": null, "altitudeMode": null, "tessellate": -1, "extrude": 0, "visibility": -1, "drawOrder": null, "icon": null }, "geometry": { "type": "Point", "coordinates": [ 80.19987, 13.14126 ] } },
{ "type": "Feature", "properties": { "name": null, "layer": "schools", "id": null, "Name": null, "description": null, "timestamp": null, "begin": null, "end": null, "altitudeMode": null, "tessellate": -1, "extrude": 0, "visibility": -1, "drawOrder": null, "icon": null }, "geometry": { "type": "Point", "coordinates": [ 80.20651, 13.14444 ] } },
{ "type": "Feature", "properties": { "name": null, "layer": "schools", "id": null, "Name": null, "description": null, "timestamp": null, "begin": null, "end": null, "altitudeMode": null, "tessellate": -1, "extrude": 0, "visibility": -1, "drawOrder": null, "icon": null }, "geometry": { "type": "Point", "coordinates": [ 80.19595, 13.14156 ] } },
{ "type": "Feature", "properties": { "name": null, "layer": "schools", "id": null, "Name": null, "description": null, "timestamp": null, "begin": null, "end": null, "altitudeMode": null, "tessellate": -1, "extrude": 0, "visibility": -1, "drawOrder": null, "icon": null }, "geometry": { "type": "Point", "coordinates": [ 80.20744, 13.13844 ] } },
{ "type": "Feature", "properties": { "name": null, "layer": "schools", "id": null, "Name": null, "description": null, "timestamp": null, "begin": null, "end": null, "altitudeMode": null, "tessellate": -1, "extrude": 0, "visibility": -1, "drawOrder": null, "icon": null }, "geometry": { "type": "Point", "coordinates": [ 80.22737, 13.15106 ] } },
{ "type": "Feature", "properties": { "name": null, "layer": "schools", "id": null, "Name": null, "description": null, "timestamp": null, "begin": null, "end": null, "altitudeMode": null, "tessellate": -1, "extrude": 0, "visibility": -1, "drawOrder": null, "icon": null }, "geometry": { "type": "Point", "coordinates": [ 80.2176, 13.13515 ] } },
{ "type": "Feature", "properties": { "name": null, "layer": "schools", "id": null, "Name": null, "description": null, "timestamp": null, "begin": null, "end": null, "altitudeMode": null, "tessellate": -1, "extrude": 0, "visibility": -1, "drawOrder": null, "icon": null }, "geometry": { "type": "Point", "coordinates": [ 80.2205, 13.13334 ] } },
{ "type": "Feature", "properties": { "name": null, "layer": "schools", "id": null, "Name": null, "description": null, "timestamp": null, "begin": null, "end": null, "altitudeMode": null, "tessellate": -1, "extrude": 0, "visibility": -1, "drawOrder": null, "icon": null }, "geometry": { "type": "Point", "coordinates": [ 80.21891, 13.13236 ] } },
{ "type": "Feature", "properties": { "name": null, "layer": "schools", "id": null, "Name": null, "description": null, "timestamp": null, "begin": null, "end": null, "altitudeMode": null, "tessellate": -1, "extrude": 0, "visibility": -1, "drawOrder": null, "icon": null }, "geometry": { "type": "Point", "coordinates": [ 80.2047, 12.93589 ] } },
{ "type": "Feature", "properties": { "name": null, "layer": "schools", "id": null, "Name": null, "description": null, "timestamp": null, "begin": null, "end": null, "altitudeMode": null, "tessellate": -1, "extrude": 0, "visibility": -1, "drawOrder": null, "icon": null }, "geometry": { "type": "Point", "coordinates": [ 80.21266, 12.93172 ] } },
{ "type": "Feature", "properties": { "name": null, "layer": "schools", "id": null, "Name": null, "description": null, "timestamp": null, "begin": null, "end": null, "altitudeMode": null, "tessellate": -1, "extrude": 0, "visibility": -1, "drawOrder": null, "icon": null }, "geometry": { "type": "Point", "coordinates": [ 80.20855, 12.94364 ] } },
{ "type": "Feature", "properties": { "name": null, "layer": "schools", "id": null, "Name": null, "description": null, "timestamp": null, "begin": null, "end": null, "altitudeMode": null, "tessellate": -1, "extrude": 0, "visibility": -1, "drawOrder": null, "icon": null }, "geometry": { "type": "Point", "coordinates": [ 80.20434, 12.93336 ] } },
{ "type": "Feature", "properties": { "name": null, "layer": "schools", "id": null, "Name": null, "description": null, "timestamp": null, "begin": null, "end": null, "altitudeMode": null, "tessellate": -1, "extrude": 0, "visibility": -1, "drawOrder": null, "icon": null }, "geometry": { "type": "Point", "coordinates": [ 80.21205, 12.94178 ] } },
{ "type": "Feature", "properties": { "name": null, "layer": "schools", "id": null, "Name": null, "description": null, "timestamp": null, "begin": null, "end": null, "altitudeMode": null, "tessellate": -1, "extrude": 0, "visibility": -1, "drawOrder": null, "icon": null }, "geometry": { "type": "Point", "coordinates": [ 80.23116, 13.16879 ] } },
{ "type": "Feature", "properties": { "name": null, "layer": "schools", "id": null, "Name": null, "description": null, "timestamp": null, "begin": null, "end": null, "altitudeMode": null, "tessellate": -1, "extrude": 0, "visibility": -1, "drawOrder": null, "icon": null }, "geometry": { "type": "Point", "coordinates": [ 80.25004, 13.17094 ] } },
{ "type": "Feature", "properties": { "name": null, "layer": "schools", "id": null, "Name": null, "description": null, "timestamp": null, "begin": null, "end": null, "altitudeMode": null, "tessellate": -1, "extrude": 0, "visibility": -1, "drawOrder": null, "icon": null }, "geometry": { "type": "Point", "coordinates": [ 80.25041, 13.17683 ] } },
{ "type": "Feature", "properties": { "name": null, "layer": "schools", "id": null, "Name": null, "description": null, "timestamp": null, "begin": null, "end": null, "altitudeMode": null, "tessellate": -1, "extrude": 0, "visibility": -1, "drawOrder": null, "icon": null }, "geometry": { "type": "Point", "coordinates": [ 80.24353, 13.17187 ] } },
{ "type": "Feature", "properties": { "name": null, "layer": "schools", "id": null, "Name": null, "description": null, "timestamp": null, "begin": null, "end": null, "altitudeMode": null, "tessellate": -1, "extrude": 0, "visibility": -1, "drawOrder": null, "icon": null }, "geometry": { "type": "Point", "coordinates": [ 80.24983, 13.17095 ] } },
{ "type": "Feature", "properties": { "name": null, "layer": "schools", "id": null, "Name": null, "description": null, "timestamp": null, "begin": null, "end": null, "altitudeMode": null, "tessellate": -1, "extrude": 0, "visibility": -1, "drawOrder": null, "icon": null }, "geometry": { "type": "Point", "coordinates": [ 80.24456, 13.16768 ] } },
{ "type": "Feature", "properties": { "name": null, "layer": "schools", "id": null, "Name": null, "description": null, "timestamp": null, "begin": null, "end": null, "altitudeMode": null, "tessellate": -1, "extrude": 0, "visibility": -1, "drawOrder": null, "icon": null }, "geometry": { "type": "Point", "coordinates": [ 80.24846, 13.17112 ] } },
{ "type": "Feature", "properties": { "name": null, "layer": "schools", "id": null, "Name": null, "description": null, "timestamp": null, "begin": null, "end": null, "altitudeMode": null, "tessellate": -1, "extrude": 0, "visibility": -1, "drawOrder": null, "icon": null }, "geometry": { "type": "Point", "coordinates": [ 80.25011, 13.17167 ] } },
{ "type": "Feature", "properties": { "name": null, "layer": "schools", "id": null, "Name": null, "description": null, "timestamp": null, "begin": null, "end": null, "altitudeMode": null, "tessellate": -1, "extrude": 0, "visibility": -1, "drawOrder": null, "icon": null }, "geometry": { "type": "Point", "coordinates": [ 80.24762, 13.16861 ] } },
{ "type": "Feature", "properties": { "name": null, "layer": "schools", "id": null, "Name": null, "description": null, "timestamp": null, "begin": null, "end": null, "altitudeMode": null, "tessellate": -1, "extrude": 0, "visibility": -1, "drawOrder": null, "icon": null }, "geometry": { "type": "Point", "coordinates": [ 80.20248, 12.92845 ] } },
{ "type": "Feature", "properties": { "name": null, "layer": "schools", "id": null, "Name": null, "description": null, "timestamp": null, "begin": null, "end": null, "altitudeMode": null, "tessellate": -1, "extrude": 0, "visibility": -1, "drawOrder": null, "icon": null }, "geometry": { "type": "Point", "coordinates": [ 80.20463, 12.9299 ] } },
{ "type": "Feature", "properties": { "name": null, "layer": "schools", "id": null, "Name": null, "description": null, "timestamp": null, "begin": null, "end": null, "altitudeMode": null, "tessellate": -1, "extrude": 0, "visibility": -1, "drawOrder": null, "icon": null }, "geometry": { "type": "Point", "coordinates": [ 80.20425, 12.93595 ] } },
{ "type": "Feature", "properties": { "name": null, "layer": "schools", "id": null, "Name": null, "description": null, "timestamp": null, "begin": null, "end": null, "altitudeMode": null, "tessellate": -1, "extrude": 0, "visibility": -1, "drawOrder": null, "icon": null }, "geometry": { "type": "Point", "coordinates": [ 80.21014, 12.92139 ] } },
{ "type": "Feature", "properties": { "name": null, "layer": "schools", "id": null, "Name": null, "description": null, "timestamp": null, "begin": null, "end": null, "altitudeMode": null, "tessellate": -1, "extrude": 0, "visibility": -1, "drawOrder": null, "icon": null }, "geometry": { "type": "Point", "coordinates": [ 80.19873, 12.92621 ] } },
{ "type": "Feature", "properties": { "name": null, "layer": "schools", "id": null, "Name": null, "description": null, "timestamp": null, "begin": null, "end": null, "altitudeMode": null, "tessellate": -1, "extrude": 0, "visibility": -1, "drawOrder": null, "icon": null }, "geometry": { "type": "Point", "coordinates": [ 80.2034, 12.93325 ] } },
{ "type": "Feature", "properties": { "name": null, "layer": "schools", "id": null, "Name": null, "description": null, "timestamp": null, "begin": null, "end": null, "altitudeMode": null, "tessellate": -1, "extrude": 0, "visibility": -1, "drawOrder": null, "icon": null }, "geometry": { "type": "Point", "coordinates": [ 80.20342, 12.93889 ] } },
{ "type": "Feature", "properties": { "name": null, "layer": "schools", "id": null, "Name": null, "description": null, "timestamp": null, "begin": null, "end": null, "altitudeMode": null, "tessellate": -1, "extrude": 0, "visibility": -1, "drawOrder": null, "icon": null }, "geometry": { "type": "Point", "coordinates": [ 80.20244, 12.91898 ] } },
{ "type": "Feature", "properties": { "name": null, "layer": "schools", "id": null, "Name": null, "description": null, "timestamp": null, "begin": null, "end": null, "altitudeMode": null, "tessellate": -1, "extrude": 0, "visibility": -1, "drawOrder": null, "icon": null }, "geometry": { "type": "Point", "coordinates": [ 80.20849, 12.92307 ] } },
{ "type": "Feature", "properties": { "name": null, "layer": "schools", "id": null, "Name": null, "description": null, "timestamp": null, "begin": null, "end": null, "altitudeMode": null, "tessellate": -1, "extrude": 0, "visibility": -1, "drawOrder": null, "icon": null }, "geometry": { "type": "Point", "coordinates": [ 80.20298, 12.92693 ] } },
{ "type": "Feature", "properties": { "name": null, "layer": "schools", "id": null, "Name": null, "description": null, "timestamp": null, "begin": null, "end": null, "altitudeMode": null, "tessellate": -1, "extrude": 0, "visibility": -1, "drawOrder": null, "icon": null }, "geometry": { "type": "Point", "coordinates": [ 80.20934, 12.92274 ] } },
{ "type": "Feature", "properties": { "name": null, "layer": "schools", "id": null, "Name": null, "description": null, "timestamp": null, "begin": null, "end": null, "altitudeMode": null, "tessellate": -1, "extrude": 0, "visibility": -1, "drawOrder": null, "icon": null }, "geometry": { "type": "Point", "coordinates": [ 80.20177, 12.91437 ] } },
{ "type": "Feature", "properties": { "name": null, "layer": "schools", "id": null, "Name": null, "description": null, "timestamp": null, "begin": null, "end": null, "altitudeMode": null, "tessellate": -1, "extrude": 0, "visibility": -1, "drawOrder": null, "icon": null }, "geometry": { "type": "Point", "coordinates": [ 80.20252, 12.92012 ] } },
{ "type": "Feature", "properties": { "name": null, "layer": "schools", "id": null, "Name": null, "description": null, "timestamp": null, "begin": null, "end": null, "altitudeMode": null, "tessellate": -1, "extrude": 0, "visibility": -1, "drawOrder": null, "icon": null }, "geometry": { "type": "Point", "coordinates": [ 80.19931, 12.92499 ] } },
{ "type": "Feature", "properties": { "name": null, "layer": "schools", "id": null, "Name": null, "description": null, "timestamp": null, "begin": null, "end": null, "altitudeMode": null, "tessellate": -1, "extrude": 0, "visibility": -1, "drawOrder": null, "icon": null }, "geometry": { "type": "Point", "coordinates": [ 80.24901, 12.94971 ] } },
{ "type": "Feature", "properties": { "name": null, "layer": "schools", "id": null, "Name": null, "description": null, "timestamp": null, "begin": null, "end": null, "altitudeMode": null, "tessellate": -1, "extrude": 0, "visibility": -1, "drawOrder": null, "icon": null }, "geometry": { "type": "Point", "coordinates": [ 80.25536, 12.94975 ] } },
{ "type": "Feature", "properties": { "name": null, "layer": "schools", "id": null, "Name": null, "description": null, "timestamp": null, "begin": null, "end": null, "altitudeMode": null, "tessellate": -1, "extrude": 0, "visibility": -1, "drawOrder": null, "icon": null }, "geometry": { "type": "Point", "coordinates": [ 80.26221, 12.95557 ] } },
{ "type": "Feature", "properties": { "name": null, "layer": "schools", "id": null, "Name": null, "description": null, "timestamp": null, "begin": null, "end": null, "altitudeMode": null, "tessellate": -1, "extrude": 0, "visibility": -1, "drawOrder": null, "icon": null }, "geometry": { "type": "Point", "coordinates": [ 80.25413, 12.95691 ] } },
{ "type": "Feature", "properties": { "name": null, "layer": "schools", "id": null, "Name": null, "description": null, "timestamp": null, "begin": null, "end": null, "altitudeMode": null, "tessellate": -1, "extrude": 0, "visibility": -1, "drawOrder": null, "icon": null }, "geometry": { "type": "Point", "coordinates": [ 80.24932, 12.95079 ] } },
{ "type": "Feature", "properties": { "name": null, "layer": "schools", "id": null, "Name": null, "description": null, "timestamp": null, "begin": null, "end": null, "altitudeMode": null, "tessellate": -1, "extrude": 0, "visibility": -1, "drawOrder": null, "icon": null }, "geometry": { "type": "Point", "coordinates": [ 80.25382, 12.95562 ] } },
{ "type": "Feature", "properties": { "name": null, "layer": "schools", "id": null, "Name": null, "description": null, "timestamp": null, "begin": null, "end": null, "altitudeMode": null, "tessellate": -1, "extrude": 0, "visibility": -1, "drawOrder": null, "icon": null }, "geometry": { "type": "Point", "coordinates": [ 80.25434, 12.94622 ] } },
{ "type": "Feature", "properties": { "name": null, "layer": "schools", "id": null, "Name": null, "description": null, "timestamp": null, "begin": null, "end": null, "altitudeMode": null, "tessellate": -1, "extrude": 0, "visibility": -1, "drawOrder": null, "icon": null }, "geometry": { "type": "Point", "coordinates": [ 80.25318, 12.94375 ] } },
{ "type": "Feature", "properties": { "name": null, "layer": "schools", "id": null, "Name": null, "description": null, "timestamp": null, "begin": null, "end": null, "altitudeMode": null, "tessellate": -1, "extrude": 0, "visibility": -1, "drawOrder": null, "icon": null }, "geometry": { "type": "Point", "coordinates": [ 80.25368, 12.94314 ] } },
{ "type": "Feature", "properties": { "name": null, "layer": "schools", "id": null, "Name": null, "description": null, "timestamp": null, "begin": null, "end": null, "altitudeMode": null, "tessellate": -1, "extrude": 0, "visibility": -1, "drawOrder": null, "icon": null }, "geometry": { "type": "Point", "coordinates": [ 80.2525, 12.94254 ] } },
{ "type": "Feature", "properties": { "name": null, "layer": "schools", "id": null, "Name": null, "description": null, "timestamp": null, "begin": null, "end": null, "altitudeMode": null, "tessellate": -1, "extrude": 0, "visibility": -1, "drawOrder": null, "icon": null }, "geometry": { "type": "Point", "coordinates": [ 80.2492, 12.9444 ] } },
{ "type": "Feature", "properties": { "name": null, "layer": "schools", "id": null, "Name": null, "description": null, "timestamp": null, "begin": null, "end": null, "altitudeMode": null, "tessellate": -1, "extrude": 0, "visibility": -1, "drawOrder": null, "icon": null }, "geometry": { "type": "Point", "coordinates": [ 80.23478, 12.95083 ] } },
{ "type": "Feature", "properties": { "name": null, "layer": "schools", "id": null, "Name": null, "description": null, "timestamp": null, "begin": null, "end": null, "altitudeMode": null, "tessellate": -1, "extrude": 0, "visibility": -1, "drawOrder": null, "icon": null }, "geometry": { "type": "Point", "coordinates": [ 80.24063, 12.94361 ] } },
{ "type": "Feature", "properties": { "name": null, "layer": "schools", "id": null, "Name": null, "description": null, "timestamp": null, "begin": null, "end": null, "altitudeMode": null, "tessellate": -1, "extrude": 0, "visibility": -1, "drawOrder": null, "icon": null }, "geometry": { "type": "Point", "coordinates": [ 80.23669, 12.94936 ] } },
{ "type": "Feature", "properties": { "name": null, "layer": "schools", "id": null, "Name": null, "description": null, "timestamp": null, "begin": null, "end": null, "altitudeMode": null, "tessellate": -1, "extrude": 0, "visibility": -1, "drawOrder": null, "icon": null }, "geometry": { "type": "Point", "coordinates": [ 80.24107, 12.94886 ] } },
{ "type": "Feature", "properties": { "name": null, "layer": "schools", "id": null, "Name": null, "description": null, "timestamp": null, "begin": null, "end": null, "altitudeMode": null, "tessellate": -1, "extrude": 0, "visibility": -1, "drawOrder": null, "icon": null }, "geometry": { "type": "Point", "coordinates": [ 80.23859, 12.94529 ] } },
{ "type": "Feature", "properties": { "name": null, "layer": "schools", "id": null, "Name": null, "description": null, "timestamp": null, "begin": null, "end": null, "altitudeMode": null, "tessellate": -1, "extrude": 0, "visibility": -1, "drawOrder": null, "icon": null }, "geometry": { "type": "Point", "coordinates": [ 80.24147, 12.94942 ] } },
{ "type": "Feature", "properties": { "name": null, "layer": "schools", "id": null, "Name": null, "description": null, "timestamp": null, "begin": null, "end": null, "altitudeMode": null, "tessellate": -1, "extrude": 0, "visibility": -1, "drawOrder": null, "icon": null }, "geometry": { "type": "Point", "coordinates": [ 80.24005, 12.94615 ] } },
{ "type": "Feature", "properties": { "name": null, "layer": "schools", "id": null, "Name": null, "description": null, "timestamp": null, "begin": null, "end": null, "altitudeMode": null, "tessellate": -1, "extrude": 0, "visibility": -1, "drawOrder": null, "icon": null }, "geometry": { "type": "Point", "coordinates": [ 80.23512, 12.94333 ] } },
{ "type": "Feature", "properties": { "name": null, "layer": "schools", "id": null, "Name": null, "description": null, "timestamp": null, "begin": null, "end": null, "altitudeMode": null, "tessellate": -1, "extrude": 0, "visibility": -1, "drawOrder": null, "icon": null }, "geometry": { "type": "Point", "coordinates": [ 80.23763, 12.93204 ] } },
{ "type": "Feature", "properties": { "name": null, "layer": "schools", "id": null, "Name": null, "description": null, "timestamp": null, "begin": null, "end": null, "altitudeMode": null, "tessellate": -1, "extrude": 0, "visibility": -1, "drawOrder": null, "icon": null }, "geometry": { "type": "Point", "coordinates": [ 80.24163, 12.93319 ] } },
{ "type": "Feature", "properties": { "name": null, "layer": "schools", "id": null, "Name": null, "description": null, "timestamp": null, "begin": null, "end": null, "altitudeMode": null, "tessellate": -1, "extrude": 0, "visibility": -1, "drawOrder": null, "icon": null }, "geometry": { "type": "Point", "coordinates": [ 80.24046, 12.93199 ] } },
{ "type": "Feature", "properties": { "name": null, "layer": "schools", "id": null, "Name": null, "description": null, "timestamp": null, "begin": null, "end": null, "altitudeMode": null, "tessellate": -1, "extrude": 0, "visibility": -1, "drawOrder": null, "icon": null }, "geometry": { "type": "Point", "coordinates": [ 80.24154, 12.93449 ] } },
{ "type": "Feature", "properties": { "name": null, "layer": "schools", "id": null, "Name": null, "description": null, "timestamp": null, "begin": null, "end": null, "altitudeMode": null, "tessellate": -1, "extrude": 0, "visibility": -1, "drawOrder": null, "icon": null }, "geometry": { "type": "Point", "coordinates": [ 80.23196, 12.92786 ] } },
{ "type": "Feature", "properties": { "name": null, "layer": "schools", "id": null, "Name": null, "description": null, "timestamp": null, "begin": null, "end": null, "altitudeMode": null, "tessellate": -1, "extrude": 0, "visibility": -1, "drawOrder": null, "icon": null }, "geometry": { "type": "Point", "coordinates": [ 80.23343, 12.92837 ] } },
{ "type": "Feature", "properties": { "name": null, "layer": "schools", "id": null, "Name": null, "description": null, "timestamp": null, "begin": null, "end": null, "altitudeMode": null, "tessellate": -1, "extrude": 0, "visibility": -1, "drawOrder": null, "icon": null }, "geometry": { "type": "Point", "coordinates": [ 80.23257, 12.92794 ] } },
{ "type": "Feature", "properties": { "name": null, "layer": "schools", "id": null, "Name": null, "description": null, "timestamp": null, "begin": null, "end": null, "altitudeMode": null, "tessellate": -1, "extrude": 0, "visibility": -1, "drawOrder": null, "icon": null }, "geometry": { "type": "Point", "coordinates": [ 80.23739, 12.92644 ] } },
{ "type": "Feature", "properties": { "name": null, "layer": "schools", "id": null, "Name": null, "description": null, "timestamp": null, "begin": null, "end": null, "altitudeMode": null, "tessellate": -1, "extrude": 0, "visibility": -1, "drawOrder": null, "icon": null }, "geometry": { "type": "Point", "coordinates": [ 80.23041, 12.92953 ] } },
{ "type": "Feature", "properties": { "name": null, "layer": "schools", "id": null, "Name": null, "description": null, "timestamp": null, "begin": null, "end": null, "altitudeMode": null, "tessellate": -1, "extrude": 0, "visibility": -1, "drawOrder": null, "icon": null }, "geometry": { "type": "Point", "coordinates": [ 80.23928, 12.92738 ] } },
{ "type": "Feature", "properties": { "name": null, "layer": "schools", "id": null, "Name": null, "description": null, "timestamp": null, "begin": null, "end": null, "altitudeMode": null, "tessellate": -1, "extrude": 0, "visibility": -1, "drawOrder": null, "icon": null }, "geometry": { "type": "Point", "coordinates": [ 80.24088, 12.92896 ] } },
{ "type": "Feature", "properties": { "name": null, "layer": "schools", "id": null, "Name": null, "description": null, "timestamp": null, "begin": null, "end": null, "altitudeMode": null, "tessellate": -1, "extrude": 0, "visibility": -1, "drawOrder": null, "icon": null }, "geometry": { "type": "Point", "coordinates": [ 80.23719, 12.9277 ] } },
{ "type": "Feature", "properties": { "name": null, "layer": "schools", "id": null, "Name": null, "description": null, "timestamp": null, "begin": null, "end": null, "altitudeMode": null, "tessellate": -1, "extrude": 0, "visibility": -1, "drawOrder": null, "icon": null }, "geometry": { "type": "Point", "coordinates": [ 80.24244, 12.92792 ] } },
{ "type": "Feature", "properties": { "name": null, "layer": "schools", "id": null, "Name": null, "description": null, "timestamp": null, "begin": null, "end": null, "altitudeMode": null, "tessellate": -1, "extrude": 0, "visibility": -1, "drawOrder": null, "icon": null }, "geometry": { "type": "Point", "coordinates": [ 80.2502, 12.92081 ] } },
{ "type": "Feature", "properties": { "name": null, "layer": "schools", "id": null, "Name": null, "description": null, "timestamp": null, "begin": null, "end": null, "altitudeMode": null, "tessellate": -1, "extrude": 0, "visibility": -1, "drawOrder": null, "icon": null }, "geometry": { "type": "Point", "coordinates": [ 80.2513, 12.91917 ] } },
{ "type": "Feature", "properties": { "name": null, "layer": "schools", "id": null, "Name": null, "description": null, "timestamp": null, "begin": null, "end": null, "altitudeMode": null, "tessellate": -1, "extrude": 0, "visibility": -1, "drawOrder": null, "icon": null }, "geometry": { "type": "Point", "coordinates": [ 80.25223, 12.93852 ] } },
{ "type": "Feature", "properties": { "name": null, "layer": "schools", "id": null, "Name": null, "description": null, "timestamp": null, "begin": null, "end": null, "altitudeMode": null, "tessellate": -1, "extrude": 0, "visibility": -1, "drawOrder": null, "icon": null }, "geometry": { "type": "Point", "coordinates": [ 80.25027, 12.91815 ] } },
{ "type": "Feature", "properties": { "name": null, "layer": "schools", "id": null, "Name": null, "description": null, "timestamp": null, "begin": null, "end": null, "altitudeMode": null, "tessellate": -1, "extrude": 0, "visibility": -1, "drawOrder": null, "icon": null }, "geometry": { "type": "Point", "coordinates": [ 80.25453, 12.93875 ] } },
{ "type": "Feature", "properties": { "name": null, "layer": "schools", "id": null, "Name": null, "description": null, "timestamp": null, "begin": null, "end": null, "altitudeMode": null, "tessellate": -1, "extrude": 0, "visibility": -1, "drawOrder": null, "icon": null }, "geometry": { "type": "Point", "coordinates": [ 80.25137, 12.93134 ] } },
{ "type": "Feature", "properties": { "name": null, "layer": "schools", "id": null, "Name": null, "description": null, "timestamp": null, "begin": null, "end": null, "altitudeMode": null, "tessellate": -1, "extrude": 0, "visibility": -1, "drawOrder": null, "icon": null }, "geometry": { "type": "Point", "coordinates": [ 80.25315, 12.93776 ] } },
{ "type": "Feature", "properties": { "name": null, "layer": "schools", "id": null, "Name": null, "description": null, "timestamp": null, "begin": null, "end": null, "altitudeMode": null, "tessellate": -1, "extrude": 0, "visibility": -1, "drawOrder": null, "icon": null }, "geometry": { "type": "Point", "coordinates": [ 80.25027, 12.91815 ] } },
{ "type": "Feature", "properties": { "name": null, "layer": "schools", "id": null, "Name": null, "description": null, "timestamp": null, "begin": null, "end": null, "altitudeMode": null, "tessellate": -1, "extrude": 0, "visibility": -1, "drawOrder": null, "icon": null }, "geometry": { "type": "Point", "coordinates": [ 80.24762, 12.91782 ] } },
{ "type": "Feature", "properties": { "name": null, "layer": "schools", "id": null, "Name": null, "description": null, "timestamp": null, "begin": null, "end": null, "altitudeMode": null, "tessellate": -1, "extrude": 0, "visibility": -1, "drawOrder": null, "icon": null }, "geometry": { "type": "Point", "coordinates": [ 80.24987, 12.91241 ] } },
{ "type": "Feature", "properties": { "name": null, "layer": "schools", "id": null, "Name": null, "description": null, "timestamp": null, "begin": null, "end": null, "altitudeMode": null, "tessellate": -1, "extrude": 0, "visibility": -1, "drawOrder": null, "icon": null }, "geometry": { "type": "Point", "coordinates": [ 80.25097, 12.91981 ] } },
{ "type": "Feature", "properties": { "name": null, "layer": "schools", "id": null, "Name": null, "description": null, "timestamp": null, "begin": null, "end": null, "altitudeMode": null, "tessellate": -1, "extrude": 0, "visibility": -1, "drawOrder": null, "icon": null }, "geometry": { "type": "Point", "coordinates": [ 80.25651, 12.93714 ] } },
{ "type": "Feature", "properties": { "name": null, "layer": "schools", "id": null, "Name": null, "description": null, "timestamp": null, "begin": null, "end": null, "altitudeMode": null, "tessellate": -1, "extrude": 0, "visibility": -1, "drawOrder": null, "icon": null }, "geometry": { "type": "Point", "coordinates": [ 80.24732, 12.92635 ] } },
{ "type": "Feature", "properties": { "name": null, "layer": "schools", "id": null, "Name": null, "description": null, "timestamp": null, "begin": null, "end": null, "altitudeMode": null, "tessellate": -1, "extrude": 0, "visibility": -1, "drawOrder": null, "icon": null }, "geometry": { "type": "Point", "coordinates": [ 80.2326, 12.902 ] } },
{ "type": "Feature", "properties": { "name": null, "layer": "schools", "id": null, "Name": null, "description": null, "timestamp": null, "begin": null, "end": null, "altitudeMode": null, "tessellate": -1, "extrude": 0, "visibility": -1, "drawOrder": null, "icon": null }, "geometry": { "type": "Point", "coordinates": [ 80.23281, 12.89957 ] } },
{ "type": "Feature", "properties": { "name": null, "layer": "schools", "id": null, "Name": null, "description": null, "timestamp": null, "begin": null, "end": null, "altitudeMode": null, "tessellate": -1, "extrude": 0, "visibility": -1, "drawOrder": null, "icon": null }, "geometry": { "type": "Point", "coordinates": [ 80.23058, 12.90255 ] } },
{ "type": "Feature", "properties": { "name": null, "layer": "schools", "id": null, "Name": null, "description": null, "timestamp": null, "begin": null, "end": null, "altitudeMode": null, "tessellate": -1, "extrude": 0, "visibility": -1, "drawOrder": null, "icon": null }, "geometry": { "type": "Point", "coordinates": [ 80.2323, 12.91884 ] } },
{ "type": "Feature", "properties": { "name": null, "layer": "schools", "id": null, "Name": null, "description": null, "timestamp": null, "begin": null, "end": null, "altitudeMode": null, "tessellate": -1, "extrude": 0, "visibility": -1, "drawOrder": null, "icon": null }, "geometry": { "type": "Point", "coordinates": [ 80.23094, 12.90277 ] } },
{ "type": "Feature", "properties": { "name": null, "layer": "schools", "id": null, "Name": null, "description": null, "timestamp": null, "begin": null, "end": null, "altitudeMode": null, "tessellate": -1, "extrude": 0, "visibility": -1, "drawOrder": null, "icon": null }, "geometry": { "type": "Point", "coordinates": [ 80.23264, 12.90106 ] } },
{ "type": "Feature", "properties": { "name": null, "layer": "schools", "id": null, "Name": null, "description": null, "timestamp": null, "begin": null, "end": null, "altitudeMode": null, "tessellate": -1, "extrude": 0, "visibility": -1, "drawOrder": null, "icon": null }, "geometry": { "type": "Point", "coordinates": [ 80.23052, 12.91348 ] } },
{ "type": "Feature", "properties": { "name": null, "layer": "schools", "id": null, "Name": null, "description": null, "timestamp": null, "begin": null, "end": null, "altitudeMode": null, "tessellate": -1, "extrude": 0, "visibility": -1, "drawOrder": null, "icon": null }, "geometry": { "type": "Point", "coordinates": [ 80.23124, 12.89801 ] } },
{ "type": "Feature", "properties": { "name": null, "layer": "schools", "id": null, "Name": null, "description": null, "timestamp": null, "begin": null, "end": null, "altitudeMode": null, "tessellate": -1, "extrude": 0, "visibility": -1, "drawOrder": null, "icon": null }, "geometry": { "type": "Point", "coordinates": [ 80.2313, 12.91385 ] } },
{ "type": "Feature", "properties": { "name": null, "layer": "schools", "id": null, "Name": null, "description": null, "timestamp": null, "begin": null, "end": null, "altitudeMode": null, "tessellate": -1, "extrude": 0, "visibility": -1, "drawOrder": null, "icon": null }, "geometry": { "type": "Point", "coordinates": [ 80.23554, 12.91403 ] } },
{ "type": "Feature", "properties": { "name": null, "layer": "schools", "id": null, "Name": null, "description": null, "timestamp": null, "begin": null, "end": null, "altitudeMode": null, "tessellate": -1, "extrude": 0, "visibility": -1, "drawOrder": null, "icon": null }, "geometry": { "type": "Point", "coordinates": [ 80.23259, 12.90094 ] } },
{ "type": "Feature", "properties": { "name": null, "layer": "schools", "id": null, "Name": null, "description": null, "timestamp": null, "begin": null, "end": null, "altitudeMode": null, "tessellate": -1, "extrude": 0, "visibility": -1, "drawOrder": null, "icon": null }, "geometry": { "type": "Point", "coordinates": [ 80.22663, 12.89475 ] } },
{ "type": "Feature", "properties": { "name": null, "layer": "schools", "id": null, "Name": null, "description": null, "timestamp": null, "begin": null, "end": null, "altitudeMode": null, "tessellate": -1, "extrude": 0, "visibility": -1, "drawOrder": null, "icon": null }, "geometry": { "type": "Point", "coordinates": [ 80.23962, 12.91854 ] } },
{ "type": "Feature", "properties": { "name": null, "layer": "schools", "id": null, "Name": null, "description": null, "timestamp": null, "begin": null, "end": null, "altitudeMode": null, "tessellate": -1, "extrude": 0, "visibility": -1, "drawOrder": null, "icon": null }, "geometry": { "type": "Point", "coordinates": [ 80.21803, 12.89598 ] } },
{ "type": "Feature", "properties": { "name": null, "layer": "schools", "id": null, "Name": null, "description": null, "timestamp": null, "begin": null, "end": null, "altitudeMode": null, "tessellate": -1, "extrude": 0, "visibility": -1, "drawOrder": null, "icon": null }, "geometry": { "type": "Point", "coordinates": [ 80.228, 12.89843 ] } },
{ "type": "Feature", "properties": { "name": null, "layer": "schools", "id": null, "Name": null, "description": null, "timestamp": null, "begin": null, "end": null, "altitudeMode": null, "tessellate": -1, "extrude": 0, "visibility": -1, "drawOrder": null, "icon": null }, "geometry": { "type": "Point", "coordinates": [ 80.23101, 12.90878 ] } },
{ "type": "Feature", "properties": { "name": null, "layer": "schools", "id": null, "Name": null, "description": null, "timestamp": null, "begin": null, "end": null, "altitudeMode": null, "tessellate": -1, "extrude": 0, "visibility": -1, "drawOrder": null, "icon": null }, "geometry": { "type": "Point", "coordinates": [ 80.23513, 12.90179 ] } },
{ "type": "Feature", "properties": { "name": null, "layer": "schools", "id": null, "Name": null, "description": null, "timestamp": null, "begin": null, "end": null, "altitudeMode": null, "tessellate": -1, "extrude": 0, "visibility": -1, "drawOrder": null, "icon": null }, "geometry": { "type": "Point", "coordinates": [ 80.24398, 12.88773 ] } },
{ "type": "Feature", "properties": { "name": null, "layer": "schools", "id": null, "Name": null, "description": null, "timestamp": null, "begin": null, "end": null, "altitudeMode": null, "tessellate": -1, "extrude": 0, "visibility": -1, "drawOrder": null, "icon": null }, "geometry": { "type": "Point", "coordinates": [ 80.24753, 12.88725 ] } },
{ "type": "Feature", "properties": { "name": null, "layer": "schools", "id": null, "Name": null, "description": null, "timestamp": null, "begin": null, "end": null, "altitudeMode": null, "tessellate": -1, "extrude": 0, "visibility": -1, "drawOrder": null, "icon": null }, "geometry": { "type": "Point", "coordinates": [ 80.24473, 12.88375 ] } },
{ "type": "Feature", "properties": { "name": null, "layer": "schools", "id": null, "Name": null, "description": null, "timestamp": null, "begin": null, "end": null, "altitudeMode": null, "tessellate": -1, "extrude": 0, "visibility": -1, "drawOrder": null, "icon": null }, "geometry": { "type": "Point", "coordinates": [ 80.2459, 12.88596 ] } },
{ "type": "Feature", "properties": { "name": null, "layer": "schools", "id": null, "Name": null, "description": null, "timestamp": null, "begin": null, "end": null, "altitudeMode": null, "tessellate": -1, "extrude": 0, "visibility": -1, "drawOrder": null, "icon": null }, "geometry": { "type": "Point", "coordinates": [ 80.24594, 12.88786 ] } },
{ "type": "Feature", "properties": { "name": null, "layer": "schools", "id": null, "Name": null, "description": null, "timestamp": null, "begin": null, "end": null, "altitudeMode": null, "tessellate": -1, "extrude": 0, "visibility": -1, "drawOrder": null, "icon": null }, "geometry": { "type": "Point", "coordinates": [ 80.24423, 12.88782 ] } },
{ "type": "Feature", "properties": { "name": null, "layer": "schools", "id": null, "Name": null, "description": null, "timestamp": null, "begin": null, "end": null, "altitudeMode": null, "tessellate": -1, "extrude": 0, "visibility": -1, "drawOrder": null, "icon": null }, "geometry": { "type": "Point", "coordinates": [ 80.24437, 12.88736 ] } },
{ "type": "Feature", "properties": { "name": null, "layer": "schools", "id": null, "Name": null, "description": null, "timestamp": null, "begin": null, "end": null, "altitudeMode": null, "tessellate": -1, "extrude": 0, "visibility": -1, "drawOrder": null, "icon": null }, "geometry": { "type": "Point", "coordinates": [ 80.24511, 12.9028 ] } },
{ "type": "Feature", "properties": { "name": null, "layer": "schools", "id": null, "Name": null, "description": null, "timestamp": null, "begin": null, "end": null, "altitudeMode": null, "tessellate": -1, "extrude": 0, "visibility": -1, "drawOrder": null, "icon": null }, "geometry": { "type": "Point", "coordinates": [ 80.24618, 12.86909 ] } },
{ "type": "Feature", "properties": { "name": null, "layer": "schools", "id": null, "Name": null, "description": null, "timestamp": null, "begin": null, "end": null, "altitudeMode": null, "tessellate": -1, "extrude": 0, "visibility": -1, "drawOrder": null, "icon": null }, "geometry": { "type": "Point", "coordinates": [ 80.32046, 13.21668 ] } },
{ "type": "Feature", "properties": { "name": null, "layer": "schools", "id": null, "Name": null, "description": null, "timestamp": null, "begin": null, "end": null, "altitudeMode": null, "tessellate": -1, "extrude": 0, "visibility": -1, "drawOrder": null, "icon": null }, "geometry": { "type": "Point", "coordinates": [ 80.32351, 13.21126 ] } },
{ "type": "Feature", "properties": { "name": null, "layer": "schools", "id": null, "Name": null, "description": null, "timestamp": null, "begin": null, "end": null, "altitudeMode": null, "tessellate": -1, "extrude": 0, "visibility": -1, "drawOrder": null, "icon": null }, "geometry": { "type": "Point", "coordinates": [ 80.31609, 13.20921 ] } },
{ "type": "Feature", "properties": { "name": null, "layer": "schools", "id": null, "Name": null, "description": null, "timestamp": null, "begin": null, "end": null, "altitudeMode": null, "tessellate": -1, "extrude": 0, "visibility": -1, "drawOrder": null, "icon": null }, "geometry": { "type": "Point", "coordinates": [ 80.31504, 13.21138 ] } },
{ "type": "Feature", "properties": { "name": null, "layer": "schools", "id": null, "Name": null, "description": null, "timestamp": null, "begin": null, "end": null, "altitudeMode": null, "tessellate": -1, "extrude": 0, "visibility": -1, "drawOrder": null, "icon": null }, "geometry": { "type": "Point", "coordinates": [ 80.31844, 13.21489 ] } },
{ "type": "Feature", "properties": { "name": null, "layer": "schools", "id": null, "Name": null, "description": null, "timestamp": null, "begin": null, "end": null, "altitudeMode": null, "tessellate": -1, "extrude": 0, "visibility": -1, "drawOrder": null, "icon": null }, "geometry": { "type": "Point", "coordinates": [ 80.31937, 13.22026 ] } },
{ "type": "Feature", "properties": { "name": null, "layer": "schools", "id": null, "Name": null, "description": null, "timestamp": null, "begin": null, "end": null, "altitudeMode": null, "tessellate": -1, "extrude": 0, "visibility": -1, "drawOrder": null, "icon": null }, "geometry": { "type": "Point", "coordinates": [ 80.32035, 13.21621 ] } },
{ "type": "Feature", "properties": { "name": null, "layer": "schools", "id": null, "Name": null, "description": null, "timestamp": null, "begin": null, "end": null, "altitudeMode": null, "tessellate": -1, "extrude": 0, "visibility": -1, "drawOrder": null, "icon": null }, "geometry": { "type": "Point", "coordinates": [ 80.32257, 13.22039 ] } },
{ "type": "Feature", "properties": { "name": null, "layer": "schools", "id": null, "Name": null, "description": null, "timestamp": null, "begin": null, "end": null, "altitudeMode": null, "tessellate": -1, "extrude": 0, "visibility": -1, "drawOrder": null, "icon": null }, "geometry": { "type": "Point", "coordinates": [ 80.258, 13.16619 ] } },
{ "type": "Feature", "properties": { "name": null, "layer": "schools", "id": null, "Name": null, "description": null, "timestamp": null, "begin": null, "end": null, "altitudeMode": null, "tessellate": -1, "extrude": 0, "visibility": -1, "drawOrder": null, "icon": null }, "geometry": { "type": "Point", "coordinates": [ 80.22723, 12.87164 ] } },
{ "type": "Feature", "properties": { "name": null, "layer": "schools", "id": null, "Name": null, "description": null, "timestamp": null, "begin": null, "end": null, "altitudeMode": null, "tessellate": -1, "extrude": 0, "visibility": -1, "drawOrder": null, "icon": null }, "geometry": { "type": "Point", "coordinates": [ 80.2241, 12.86219 ] } },
{ "type": "Feature", "properties": { "name": null, "layer": "schools", "id": null, "Name": null, "description": null, "timestamp": null, "begin": null, "end": null, "altitudeMode": null, "tessellate": -1, "extrude": 0, "visibility": -1, "drawOrder": null, "icon": null }, "geometry": { "type": "Point", "coordinates": [ 80.22872, 12.86155 ] } },
{ "type": "Feature", "properties": { "name": null, "layer": "schools", "id": null, "Name": null, "description": null, "timestamp": null, "begin": null, "end": null, "altitudeMode": null, "tessellate": -1, "extrude": 0, "visibility": -1, "drawOrder": null, "icon": null }, "geometry": { "type": "Point", "coordinates": [ 80.21101, 12.87518 ] } },
{ "type": "Feature", "properties": { "name": null, "layer": "schools", "id": null, "Name": null, "description": null, "timestamp": null, "begin": null, "end": null, "altitudeMode": null, "tessellate": -1, "extrude": 0, "visibility": -1, "drawOrder": null, "icon": null }, "geometry": { "type": "Point", "coordinates": [ 80.21062, 12.87711 ] } },
{ "type": "Feature", "properties": { "name": null, "layer": "schools", "id": null, "Name": null, "description": null, "timestamp": null, "begin": null, "end": null, "altitudeMode": null, "tessellate": -1, "extrude": 0, "visibility": -1, "drawOrder": null, "icon": null }, "geometry": { "type": "Point", "coordinates": [ 80.24667, 13.13338 ] } },
{ "type": "Feature", "properties": { "name": null, "layer": "schools", "id": null, "Name": null, "description": null, "timestamp": null, "begin": null, "end": null, "altitudeMode": null, "tessellate": -1, "extrude": 0, "visibility": -1, "drawOrder": null, "icon": null }, "geometry": { "type": "Point", "coordinates": [ 80.24521, 13.13702 ] } },
{ "type": "Feature", "properties": { "name": null, "layer": "schools", "id": null, "Name": null, "description": null, "timestamp": null, "begin": null, "end": null, "altitudeMode": null, "tessellate": -1, "extrude": 0, "visibility": -1, "drawOrder": null, "icon": null }, "geometry": { "type": "Point", "coordinates": [ 80.24936, 13.12971 ] } },
{ "type": "Feature", "properties": { "name": null, "layer": "schools", "id": null, "Name": null, "description": null, "timestamp": null, "begin": null, "end": null, "altitudeMode": null, "tessellate": -1, "extrude": 0, "visibility": -1, "drawOrder": null, "icon": null }, "geometry": { "type": "Point", "coordinates": [ 80.25155, 13.13508 ] } },
{ "type": "Feature", "properties": { "name": null, "layer": "schools", "id": null, "Name": null, "description": null, "timestamp": null, "begin": null, "end": null, "altitudeMode": null, "tessellate": -1, "extrude": 0, "visibility": -1, "drawOrder": null, "icon": null }, "geometry": { "type": "Point", "coordinates": [ 80.24376, 13.13397 ] } },
{ "type": "Feature", "properties": { "name": null, "layer": "schools", "id": null, "Name": null, "description": null, "timestamp": null, "begin": null, "end": null, "altitudeMode": null, "tessellate": -1, "extrude": 0, "visibility": -1, "drawOrder": null, "icon": null }, "geometry": { "type": "Point", "coordinates": [ 80.24998, 13.1345 ] } },
{ "type": "Feature", "properties": { "name": null, "layer": "schools", "id": null, "Name": null, "description": null, "timestamp": null, "begin": null, "end": null, "altitudeMode": null, "tessellate": -1, "extrude": 0, "visibility": -1, "drawOrder": null, "icon": null }, "geometry": { "type": "Point", "coordinates": [ 80.24607, 13.13775 ] } },
{ "type": "Feature", "properties": { "name": null, "layer": "schools", "id": null, "Name": null, "description": null, "timestamp": null, "begin": null, "end": null, "altitudeMode": null, "tessellate": -1, "extrude": 0, "visibility": -1, "drawOrder": null, "icon": null }, "geometry": { "type": "Point", "coordinates": [ 80.24936, 13.12971 ] } },
{ "type": "Feature", "properties": { "name": null, "layer": "schools", "id": null, "Name": null, "description": null, "timestamp": null, "begin": null, "end": null, "altitudeMode": null, "tessellate": -1, "extrude": 0, "visibility": -1, "drawOrder": null, "icon": null }, "geometry": { "type": "Point", "coordinates": [ 80.24334, 13.13656 ] } },
{ "type": "Feature", "properties": { "name": null, "layer": "schools", "id": null, "Name": null, "description": null, "timestamp": null, "begin": null, "end": null, "altitudeMode": null, "tessellate": -1, "extrude": 0, "visibility": -1, "drawOrder": null, "icon": null }, "geometry": { "type": "Point", "coordinates": [ 80.25652, 13.13234 ] } },
{ "type": "Feature", "properties": { "name": null, "layer": "schools", "id": null, "Name": null, "description": null, "timestamp": null, "begin": null, "end": null, "altitudeMode": null, "tessellate": -1, "extrude": 0, "visibility": -1, "drawOrder": null, "icon": null }, "geometry": { "type": "Point", "coordinates": [ 80.25185, 13.13162 ] } },
{ "type": "Feature", "properties": { "name": null, "layer": "schools", "id": null, "Name": null, "description": null, "timestamp": null, "begin": null, "end": null, "altitudeMode": null, "tessellate": -1, "extrude": 0, "visibility": -1, "drawOrder": null, "icon": null }, "geometry": { "type": "Point", "coordinates": [ 80.25705, 13.13182 ] } },
{ "type": "Feature", "properties": { "name": null, "layer": "schools", "id": null, "Name": null, "description": null, "timestamp": null, "begin": null, "end": null, "altitudeMode": null, "tessellate": -1, "extrude": 0, "visibility": -1, "drawOrder": null, "icon": null }, "geometry": { "type": "Point", "coordinates": [ 80.25729, 13.135 ] } },
{ "type": "Feature", "properties": { "name": null, "layer": "schools", "id": null, "Name": null, "description": null, "timestamp": null, "begin": null, "end": null, "altitudeMode": null, "tessellate": -1, "extrude": 0, "visibility": -1, "drawOrder": null, "icon": null }, "geometry": { "type": "Point", "coordinates": [ 80.24764, 13.13362 ] } },
{ "type": "Feature", "properties": { "name": null, "layer": "schools", "id": null, "Name": null, "description": null, "timestamp": null, "begin": null, "end": null, "altitudeMode": null, "tessellate": -1, "extrude": 0, "visibility": -1, "drawOrder": null, "icon": null }, "geometry": { "type": "Point", "coordinates": [ 80.25028, 13.13278 ] } },
{ "type": "Feature", "properties": { "name": null, "layer": "schools", "id": null, "Name": null, "description": null, "timestamp": null, "begin": null, "end": null, "altitudeMode": null, "tessellate": -1, "extrude": 0, "visibility": -1, "drawOrder": null, "icon": null }, "geometry": { "type": "Point", "coordinates": [ 80.25165, 13.1326 ] } },
{ "type": "Feature", "properties": { "name": null, "layer": "schools", "id": null, "Name": null, "description": null, "timestamp": null, "begin": null, "end": null, "altitudeMode": null, "tessellate": -1, "extrude": 0, "visibility": -1, "drawOrder": null, "icon": null }, "geometry": { "type": "Point", "coordinates": [ 80.2479, 13.1374 ] } },
{ "type": "Feature", "properties": { "name": null, "layer": "schools", "id": null, "Name": null, "description": null, "timestamp": null, "begin": null, "end": null, "altitudeMode": null, "tessellate": -1, "extrude": 0, "visibility": -1, "drawOrder": null, "icon": null }, "geometry": { "type": "Point", "coordinates": [ 80.24756, 13.13059 ] } },
{ "type": "Feature", "properties": { "name": null, "layer": "schools", "id": null, "Name": null, "description": null, "timestamp": null, "begin": null, "end": null, "altitudeMode": null, "tessellate": -1, "extrude": 0, "visibility": -1, "drawOrder": null, "icon": null }, "geometry": { "type": "Point", "coordinates": [ 80.24939, 13.12568 ] } },
{ "type": "Feature", "properties": { "name": null, "layer": "schools", "id": null, "Name": null, "description": null, "timestamp": null, "begin": null, "end": null, "altitudeMode": null, "tessellate": -1, "extrude": 0, "visibility": -1, "drawOrder": null, "icon": null }, "geometry": { "type": "Point", "coordinates": [ 80.25789, 13.12785 ] } },
{ "type": "Feature", "properties": { "name": null, "layer": "schools", "id": null, "Name": null, "description": null, "timestamp": null, "begin": null, "end": null, "altitudeMode": null, "tessellate": -1, "extrude": 0, "visibility": -1, "drawOrder": null, "icon": null }, "geometry": { "type": "Point", "coordinates": [ 80.25331, 13.11751 ] } },
{ "type": "Feature", "properties": { "name": null, "layer": "schools", "id": null, "Name": null, "description": null, "timestamp": null, "begin": null, "end": null, "altitudeMode": null, "tessellate": -1, "extrude": 0, "visibility": -1, "drawOrder": null, "icon": null }, "geometry": { "type": "Point", "coordinates": [ 80.25765, 13.12892 ] } },
{ "type": "Feature", "properties": { "name": null, "layer": "schools", "id": null, "Name": null, "description": null, "timestamp": null, "begin": null, "end": null, "altitudeMode": null, "tessellate": -1, "extrude": 0, "visibility": -1, "drawOrder": null, "icon": null }, "geometry": { "type": "Point", "coordinates": [ 80.26811, 13.12838 ] } },
{ "type": "Feature", "properties": { "name": null, "layer": "schools", "id": null, "Name": null, "description": null, "timestamp": null, "begin": null, "end": null, "altitudeMode": null, "tessellate": -1, "extrude": 0, "visibility": -1, "drawOrder": null, "icon": null }, "geometry": { "type": "Point", "coordinates": [ 80.26233, 13.12624 ] } },
{ "type": "Feature", "properties": { "name": null, "layer": "schools", "id": null, "Name": null, "description": null, "timestamp": null, "begin": null, "end": null, "altitudeMode": null, "tessellate": -1, "extrude": 0, "visibility": -1, "drawOrder": null, "icon": null }, "geometry": { "type": "Point", "coordinates": [ 80.26193, 13.12497 ] } },
{ "type": "Feature", "properties": { "name": null, "layer": "schools", "id": null, "Name": null, "description": null, "timestamp": null, "begin": null, "end": null, "altitudeMode": null, "tessellate": -1, "extrude": 0, "visibility": -1, "drawOrder": null, "icon": null }, "geometry": { "type": "Point", "coordinates": [ 80.26348, 13.12518 ] } },
{ "type": "Feature", "properties": { "name": null, "layer": "schools", "id": null, "Name": null, "description": null, "timestamp": null, "begin": null, "end": null, "altitudeMode": null, "tessellate": -1, "extrude": 0, "visibility": -1, "drawOrder": null, "icon": null }, "geometry": { "type": "Point", "coordinates": [ 80.26331, 13.12399 ] } },
{ "type": "Feature", "properties": { "name": null, "layer": "schools", "id": null, "Name": null, "description": null, "timestamp": null, "begin": null, "end": null, "altitudeMode": null, "tessellate": -1, "extrude": 0, "visibility": -1, "drawOrder": null, "icon": null }, "geometry": { "type": "Point", "coordinates": [ 80.26316, 13.11873 ] } },
{ "type": "Feature", "properties": { "name": null, "layer": "schools", "id": null, "Name": null, "description": null, "timestamp": null, "begin": null, "end": null, "altitudeMode": null, "tessellate": -1, "extrude": 0, "visibility": -1, "drawOrder": null, "icon": null }, "geometry": { "type": "Point", "coordinates": [ 80.26733, 13.1237 ] } },
{ "type": "Feature", "properties": { "name": null, "layer": "schools", "id": null, "Name": null, "description": null, "timestamp": null, "begin": null, "end": null, "altitudeMode": null, "tessellate": -1, "extrude": 0, "visibility": -1, "drawOrder": null, "icon": null }, "geometry": { "type": "Point", "coordinates": [ 80.26374, 13.12002 ] } },
{ "type": "Feature", "properties": { "name": null, "layer": "schools", "id": null, "Name": null, "description": null, "timestamp": null, "begin": null, "end": null, "altitudeMode": null, "tessellate": -1, "extrude": 0, "visibility": -1, "drawOrder": null, "icon": null }, "geometry": { "type": "Point", "coordinates": [ 80.26181, 13.12155 ] } },
{ "type": "Feature", "properties": { "name": null, "layer": "schools", "id": null, "Name": null, "description": null, "timestamp": null, "begin": null, "end": null, "altitudeMode": null, "tessellate": -1, "extrude": 0, "visibility": -1, "drawOrder": null, "icon": null }, "geometry": { "type": "Point", "coordinates": [ 80.26233, 13.12624 ] } },
{ "type": "Feature", "properties": { "name": null, "layer": "schools", "id": null, "Name": null, "description": null, "timestamp": null, "begin": null, "end": null, "altitudeMode": null, "tessellate": -1, "extrude": 0, "visibility": -1, "drawOrder": null, "icon": null }, "geometry": { "type": "Point", "coordinates": [ 80.27823, 13.13501 ] } },
{ "type": "Feature", "properties": { "name": null, "layer": "schools", "id": null, "Name": null, "description": null, "timestamp": null, "begin": null, "end": null, "altitudeMode": null, "tessellate": -1, "extrude": 0, "visibility": -1, "drawOrder": null, "icon": null }, "geometry": { "type": "Point", "coordinates": [ 80.27933, 13.13167 ] } },
{ "type": "Feature", "properties": { "name": null, "layer": "schools", "id": null, "Name": null, "description": null, "timestamp": null, "begin": null, "end": null, "altitudeMode": null, "tessellate": -1, "extrude": 0, "visibility": -1, "drawOrder": null, "icon": null }, "geometry": { "type": "Point", "coordinates": [ 80.28281, 13.13223 ] } },
{ "type": "Feature", "properties": { "name": null, "layer": "schools", "id": null, "Name": null, "description": null, "timestamp": null, "begin": null, "end": null, "altitudeMode": null, "tessellate": -1, "extrude": 0, "visibility": -1, "drawOrder": null, "icon": null }, "geometry": { "type": "Point", "coordinates": [ 80.27868, 13.1333 ] } },
{ "type": "Feature", "properties": { "name": null, "layer": "schools", "id": null, "Name": null, "description": null, "timestamp": null, "begin": null, "end": null, "altitudeMode": null, "tessellate": -1, "extrude": 0, "visibility": -1, "drawOrder": null, "icon": null }, "geometry": { "type": "Point", "coordinates": [ 80.279, 13.12912 ] } },
{ "type": "Feature", "properties": { "name": null, "layer": "schools", "id": null, "Name": null, "description": null, "timestamp": null, "begin": null, "end": null, "altitudeMode": null, "tessellate": -1, "extrude": 0, "visibility": -1, "drawOrder": null, "icon": null }, "geometry": { "type": "Point", "coordinates": [ 80.27611, 13.13227 ] } },
{ "type": "Feature", "properties": { "name": null, "layer": "schools", "id": null, "Name": null, "description": null, "timestamp": null, "begin": null, "end": null, "altitudeMode": null, "tessellate": -1, "extrude": 0, "visibility": -1, "drawOrder": null, "icon": null }, "geometry": { "type": "Point", "coordinates": [ 80.27986, 13.1369 ] } },
{ "type": "Feature", "properties": { "name": null, "layer": "schools", "id": null, "Name": null, "description": null, "timestamp": null, "begin": null, "end": null, "altitudeMode": null, "tessellate": -1, "extrude": 0, "visibility": -1, "drawOrder": null, "icon": null }, "geometry": { "type": "Point", "coordinates": [ 80.27705, 13.1364 ] } },
{ "type": "Feature", "properties": { "name": null, "layer": "schools", "id": null, "Name": null, "description": null, "timestamp": null, "begin": null, "end": null, "altitudeMode": null, "tessellate": -1, "extrude": 0, "visibility": -1, "drawOrder": null, "icon": null }, "geometry": { "type": "Point", "coordinates": [ 80.27636, 13.13313 ] } },
{ "type": "Feature", "properties": { "name": null, "layer": "schools", "id": null, "Name": null, "description": null, "timestamp": null, "begin": null, "end": null, "altitudeMode": null, "tessellate": -1, "extrude": 0, "visibility": -1, "drawOrder": null, "icon": null }, "geometry": { "type": "Point", "coordinates": [ 80.27739, 13.13625 ] } },
{ "type": "Feature", "properties": { "name": null, "layer": "schools", "id": null, "Name": null, "description": null, "timestamp": null, "begin": null, "end": null, "altitudeMode": null, "tessellate": -1, "extrude": 0, "visibility": -1, "drawOrder": null, "icon": null }, "geometry": { "type": "Point", "coordinates": [ 80.27785, 13.13619 ] } },
{ "type": "Feature", "properties": { "name": null, "layer": "schools", "id": null, "Name": null, "description": null, "timestamp": null, "begin": null, "end": null, "altitudeMode": null, "tessellate": -1, "extrude": 0, "visibility": -1, "drawOrder": null, "icon": null }, "geometry": { "type": "Point", "coordinates": [ 80.2768, 13.13418 ] } },
{ "type": "Feature", "properties": { "name": null, "layer": "schools", "id": null, "Name": null, "description": null, "timestamp": null, "begin": null, "end": null, "altitudeMode": null, "tessellate": -1, "extrude": 0, "visibility": -1, "drawOrder": null, "icon": null }, "geometry": { "type": "Point", "coordinates": [ 80.29281, 13.13361 ] } },
{ "type": "Feature", "properties": { "name": null, "layer": "schools", "id": null, "Name": null, "description": null, "timestamp": null, "begin": null, "end": null, "altitudeMode": null, "tessellate": -1, "extrude": 0, "visibility": -1, "drawOrder": null, "icon": null }, "geometry": { "type": "Point", "coordinates": [ 80.28954, 13.1408 ] } },
{ "type": "Feature", "properties": { "name": null, "layer": "schools", "id": null, "Name": null, "description": null, "timestamp": null, "begin": null, "end": null, "altitudeMode": null, "tessellate": -1, "extrude": 0, "visibility": -1, "drawOrder": null, "icon": null }, "geometry": { "type": "Point", "coordinates": [ 80.2966, 13.13804 ] } },
{ "type": "Feature", "properties": { "name": null, "layer": "schools", "id": null, "Name": null, "description": null, "timestamp": null, "begin": null, "end": null, "altitudeMode": null, "tessellate": -1, "extrude": 0, "visibility": -1, "drawOrder": null, "icon": null }, "geometry": { "type": "Point", "coordinates": [ 80.29666, 13.13845 ] } },
{ "type": "Feature", "properties": { "name": null, "layer": "schools", "id": null, "Name": null, "description": null, "timestamp": null, "begin": null, "end": null, "altitudeMode": null, "tessellate": -1, "extrude": 0, "visibility": -1, "drawOrder": null, "icon": null }, "geometry": { "type": "Point", "coordinates": [ 80.29466, 13.13605 ] } },
{ "type": "Feature", "properties": { "name": null, "layer": "schools", "id": null, "Name": null, "description": null, "timestamp": null, "begin": null, "end": null, "altitudeMode": null, "tessellate": -1, "extrude": 0, "visibility": -1, "drawOrder": null, "icon": null }, "geometry": { "type": "Point", "coordinates": [ 80.29335, 13.13648 ] } },
{ "type": "Feature", "properties": { "name": null, "layer": "schools", "id": null, "Name": null, "description": null, "timestamp": null, "begin": null, "end": null, "altitudeMode": null, "tessellate": -1, "extrude": 0, "visibility": -1, "drawOrder": null, "icon": null }, "geometry": { "type": "Point", "coordinates": [ 80.29782, 13.13772 ] } },
{ "type": "Feature", "properties": { "name": null, "layer": "schools", "id": null, "Name": null, "description": null, "timestamp": null, "begin": null, "end": null, "altitudeMode": null, "tessellate": -1, "extrude": 0, "visibility": -1, "drawOrder": null, "icon": null }, "geometry": { "type": "Point", "coordinates": [ 80.29385, 13.1364 ] } },
{ "type": "Feature", "properties": { "name": null, "layer": "schools", "id": null, "Name": null, "description": null, "timestamp": null, "begin": null, "end": null, "altitudeMode": null, "tessellate": -1, "extrude": 0, "visibility": -1, "drawOrder": null, "icon": null }, "geometry": { "type": "Point", "coordinates": [ 80.29372, 13.13683 ] } },
{ "type": "Feature", "properties": { "name": null, "layer": "schools", "id": null, "Name": null, "description": null, "timestamp": null, "begin": null, "end": null, "altitudeMode": null, "tessellate": -1, "extrude": 0, "visibility": -1, "drawOrder": null, "icon": null }, "geometry": { "type": "Point", "coordinates": [ 80.29091, 13.13923 ] } },
{ "type": "Feature", "properties": { "name": null, "layer": "schools", "id": null, "Name": null, "description": null, "timestamp": null, "begin": null, "end": null, "altitudeMode": null, "tessellate": -1, "extrude": 0, "visibility": -1, "drawOrder": null, "icon": null }, "geometry": { "type": "Point", "coordinates": [ 80.29421, 13.1338 ] } },
{ "type": "Feature", "properties": { "name": null, "layer": "schools", "id": null, "Name": null, "description": null, "timestamp": null, "begin": null, "end": null, "altitudeMode": null, "tessellate": -1, "extrude": 0, "visibility": -1, "drawOrder": null, "icon": null }, "geometry": { "type": "Point", "coordinates": [ 80.29554, 13.13888 ] } },
{ "type": "Feature", "properties": { "name": null, "layer": "schools", "id": null, "Name": null, "description": null, "timestamp": null, "begin": null, "end": null, "altitudeMode": null, "tessellate": -1, "extrude": 0, "visibility": -1, "drawOrder": null, "icon": null }, "geometry": { "type": "Point", "coordinates": [ 80.29432, 13.13764 ] } },
{ "type": "Feature", "properties": { "name": null, "layer": "schools", "id": null, "Name": null, "description": null, "timestamp": null, "begin": null, "end": null, "altitudeMode": null, "tessellate": -1, "extrude": 0, "visibility": -1, "drawOrder": null, "icon": null }, "geometry": { "type": "Point", "coordinates": [ 80.28872, 13.14117 ] } },
{ "type": "Feature", "properties": { "name": null, "layer": "schools", "id": null, "Name": null, "description": null, "timestamp": null, "begin": null, "end": null, "altitudeMode": null, "tessellate": -1, "extrude": 0, "visibility": -1, "drawOrder": null, "icon": null }, "geometry": { "type": "Point", "coordinates": [ 80.29077, 13.13922 ] } },
{ "type": "Feature", "properties": { "name": null, "layer": "schools", "id": null, "Name": null, "description": null, "timestamp": null, "begin": null, "end": null, "altitudeMode": null, "tessellate": -1, "extrude": 0, "visibility": -1, "drawOrder": null, "icon": null }, "geometry": { "type": "Point", "coordinates": [ 80.29671, 13.13844 ] } },
{ "type": "Feature", "properties": { "name": null, "layer": "schools", "id": null, "Name": null, "description": null, "timestamp": null, "begin": null, "end": null, "altitudeMode": null, "tessellate": -1, "extrude": 0, "visibility": -1, "drawOrder": null, "icon": null }, "geometry": { "type": "Point", "coordinates": [ 80.29536, 13.1387 ] } },
{ "type": "Feature", "properties": { "name": null, "layer": "schools", "id": null, "Name": null, "description": null, "timestamp": null, "begin": null, "end": null, "altitudeMode": null, "tessellate": -1, "extrude": 0, "visibility": -1, "drawOrder": null, "icon": null }, "geometry": { "type": "Point", "coordinates": [ 80.29365, 13.13733 ] } },
{ "type": "Feature", "properties": { "name": null, "layer": "schools", "id": null, "Name": null, "description": null, "timestamp": null, "begin": null, "end": null, "altitudeMode": null, "tessellate": -1, "extrude": 0, "visibility": -1, "drawOrder": null, "icon": null }, "geometry": { "type": "Point", "coordinates": [ 80.30058, 13.17783 ] } },
{ "type": "Feature", "properties": { "name": null, "layer": "schools", "id": null, "Name": null, "description": null, "timestamp": null, "begin": null, "end": null, "altitudeMode": null, "tessellate": -1, "extrude": 0, "visibility": -1, "drawOrder": null, "icon": null }, "geometry": { "type": "Point", "coordinates": [ 80.30505, 13.18599 ] } },
{ "type": "Feature", "properties": { "name": null, "layer": "schools", "id": null, "Name": null, "description": null, "timestamp": null, "begin": null, "end": null, "altitudeMode": null, "tessellate": -1, "extrude": 0, "visibility": -1, "drawOrder": null, "icon": null }, "geometry": { "type": "Point", "coordinates": [ 80.30795, 13.18802 ] } },
{ "type": "Feature", "properties": { "name": null, "layer": "schools", "id": null, "Name": null, "description": null, "timestamp": null, "begin": null, "end": null, "altitudeMode": null, "tessellate": -1, "extrude": 0, "visibility": -1, "drawOrder": null, "icon": null }, "geometry": { "type": "Point", "coordinates": [ 80.30978, 13.19162 ] } },
{ "type": "Feature", "properties": { "name": null, "layer": "schools", "id": null, "Name": null, "description": null, "timestamp": null, "begin": null, "end": null, "altitudeMode": null, "tessellate": -1, "extrude": 0, "visibility": -1, "drawOrder": null, "icon": null }, "geometry": { "type": "Point", "coordinates": [ 80.2518, 13.12492 ] } },
{ "type": "Feature", "properties": { "name": null, "layer": "schools", "id": null, "Name": null, "description": null, "timestamp": null, "begin": null, "end": null, "altitudeMode": null, "tessellate": -1, "extrude": 0, "visibility": -1, "drawOrder": null, "icon": null }, "geometry": { "type": "Point", "coordinates": [ 80.25822, 13.12494 ] } },
{ "type": "Feature", "properties": { "name": null, "layer": "schools", "id": null, "Name": null, "description": null, "timestamp": null, "begin": null, "end": null, "altitudeMode": null, "tessellate": -1, "extrude": 0, "visibility": -1, "drawOrder": null, "icon": null }, "geometry": { "type": "Point", "coordinates": [ 80.25401, 13.12147 ] } },
{ "type": "Feature", "properties": { "name": null, "layer": "schools", "id": null, "Name": null, "description": null, "timestamp": null, "begin": null, "end": null, "altitudeMode": null, "tessellate": -1, "extrude": 0, "visibility": -1, "drawOrder": null, "icon": null }, "geometry": { "type": "Point", "coordinates": [ 80.25664, 13.11835 ] } },
{ "type": "Feature", "properties": { "name": null, "layer": "schools", "id": null, "Name": null, "description": null, "timestamp": null, "begin": null, "end": null, "altitudeMode": null, "tessellate": -1, "extrude": 0, "visibility": -1, "drawOrder": null, "icon": null }, "geometry": { "type": "Point", "coordinates": [ 80.25213, 13.12647 ] } },
{ "type": "Feature", "properties": { "name": null, "layer": "schools", "id": null, "Name": null, "description": null, "timestamp": null, "begin": null, "end": null, "altitudeMode": null, "tessellate": -1, "extrude": 0, "visibility": -1, "drawOrder": null, "icon": null }, "geometry": { "type": "Point", "coordinates": [ 80.25624, 13.12582 ] } },
{ "type": "Feature", "properties": { "name": null, "layer": "schools", "id": null, "Name": null, "description": null, "timestamp": null, "begin": null, "end": null, "altitudeMode": null, "tessellate": -1, "extrude": 0, "visibility": -1, "drawOrder": null, "icon": null }, "geometry": { "type": "Point", "coordinates": [ 80.25578, 13.12584 ] } },
{ "type": "Feature", "properties": { "name": null, "layer": "schools", "id": null, "Name": null, "description": null, "timestamp": null, "begin": null, "end": null, "altitudeMode": null, "tessellate": -1, "extrude": 0, "visibility": -1, "drawOrder": null, "icon": null }, "geometry": { "type": "Point", "coordinates": [ 80.25624, 13.12516 ] } },
{ "type": "Feature", "properties": { "name": null, "layer": "schools", "id": null, "Name": null, "description": null, "timestamp": null, "begin": null, "end": null, "altitudeMode": null, "tessellate": -1, "extrude": 0, "visibility": -1, "drawOrder": null, "icon": null }, "geometry": { "type": "Point", "coordinates": [ 80.2562, 13.12682 ] } },
{ "type": "Feature", "properties": { "name": null, "layer": "schools", "id": null, "Name": null, "description": null, "timestamp": null, "begin": null, "end": null, "altitudeMode": null, "tessellate": -1, "extrude": 0, "visibility": -1, "drawOrder": null, "icon": null }, "geometry": { "type": "Point", "coordinates": [ 80.25692, 13.11861 ] } },
{ "type": "Feature", "properties": { "name": null, "layer": "schools", "id": null, "Name": null, "description": null, "timestamp": null, "begin": null, "end": null, "altitudeMode": null, "tessellate": -1, "extrude": 0, "visibility": -1, "drawOrder": null, "icon": null }, "geometry": { "type": "Point", "coordinates": [ 80.25814, 13.12498 ] } },
{ "type": "Feature", "properties": { "name": null, "layer": "schools", "id": null, "Name": null, "description": null, "timestamp": null, "begin": null, "end": null, "altitudeMode": null, "tessellate": -1, "extrude": 0, "visibility": -1, "drawOrder": null, "icon": null }, "geometry": { "type": "Point", "coordinates": [ 80.25637, 13.11817 ] } },
{ "type": "Feature", "properties": { "name": null, "layer": "schools", "id": null, "Name": null, "description": null, "timestamp": null, "begin": null, "end": null, "altitudeMode": null, "tessellate": -1, "extrude": 0, "visibility": -1, "drawOrder": null, "icon": null }, "geometry": { "type": "Point", "coordinates": [ 80.25399, 13.1215 ] } },
{ "type": "Feature", "properties": { "name": null, "layer": "schools", "id": null, "Name": null, "description": null, "timestamp": null, "begin": null, "end": null, "altitudeMode": null, "tessellate": -1, "extrude": 0, "visibility": -1, "drawOrder": null, "icon": null }, "geometry": { "type": "Point", "coordinates": [ 80.25609, 13.1298 ] } },
{ "type": "Feature", "properties": { "name": null, "layer": "schools", "id": null, "Name": null, "description": null, "timestamp": null, "begin": null, "end": null, "altitudeMode": null, "tessellate": -1, "extrude": 0, "visibility": -1, "drawOrder": null, "icon": null }, "geometry": { "type": "Point", "coordinates": [ 80.25947, 13.13161 ] } },
{ "type": "Feature", "properties": { "name": null, "layer": "schools", "id": null, "Name": null, "description": null, "timestamp": null, "begin": null, "end": null, "altitudeMode": null, "tessellate": -1, "extrude": 0, "visibility": -1, "drawOrder": null, "icon": null }, "geometry": { "type": "Point", "coordinates": [ 80.26065, 13.11847 ] } },
{ "type": "Feature", "properties": { "name": null, "layer": "schools", "id": null, "Name": null, "description": null, "timestamp": null, "begin": null, "end": null, "altitudeMode": null, "tessellate": -1, "extrude": 0, "visibility": -1, "drawOrder": null, "icon": null }, "geometry": { "type": "Point", "coordinates": [ 80.26518, 13.12437 ] } },
{ "type": "Feature", "properties": { "name": null, "layer": "schools", "id": null, "Name": null, "description": null, "timestamp": null, "begin": null, "end": null, "altitudeMode": null, "tessellate": -1, "extrude": 0, "visibility": -1, "drawOrder": null, "icon": null }, "geometry": { "type": "Point", "coordinates": [ 80.25947, 13.11846 ] } },
{ "type": "Feature", "properties": { "name": null, "layer": "schools", "id": null, "Name": null, "description": null, "timestamp": null, "begin": null, "end": null, "altitudeMode": null, "tessellate": -1, "extrude": 0, "visibility": -1, "drawOrder": null, "icon": null }, "geometry": { "type": "Point", "coordinates": [ 80.26673, 13.12599 ] } },
{ "type": "Feature", "properties": { "name": null, "layer": "schools", "id": null, "Name": null, "description": null, "timestamp": null, "begin": null, "end": null, "altitudeMode": null, "tessellate": -1, "extrude": 0, "visibility": -1, "drawOrder": null, "icon": null }, "geometry": { "type": "Point", "coordinates": [ 80.26129, 13.13237 ] } },
{ "type": "Feature", "properties": { "name": null, "layer": "schools", "id": null, "Name": null, "description": null, "timestamp": null, "begin": null, "end": null, "altitudeMode": null, "tessellate": -1, "extrude": 0, "visibility": -1, "drawOrder": null, "icon": null }, "geometry": { "type": "Point", "coordinates": [ 80.26374, 13.11857 ] } },
{ "type": "Feature", "properties": { "name": null, "layer": "schools", "id": null, "Name": null, "description": null, "timestamp": null, "begin": null, "end": null, "altitudeMode": null, "tessellate": -1, "extrude": 0, "visibility": -1, "drawOrder": null, "icon": null }, "geometry": { "type": "Point", "coordinates": [ 80.25999, 13.12176 ] } },
{ "type": "Feature", "properties": { "name": null, "layer": "schools", "id": null, "Name": null, "description": null, "timestamp": null, "begin": null, "end": null, "altitudeMode": null, "tessellate": -1, "extrude": 0, "visibility": -1, "drawOrder": null, "icon": null }, "geometry": { "type": "Point", "coordinates": [ 80.2177, 13.14355 ] } },
{ "type": "Feature", "properties": { "name": null, "layer": "schools", "id": null, "Name": null, "description": null, "timestamp": null, "begin": null, "end": null, "altitudeMode": null, "tessellate": -1, "extrude": 0, "visibility": -1, "drawOrder": null, "icon": null }, "geometry": { "type": "Point", "coordinates": [ 80.23539, 13.16575 ] } },
{ "type": "Feature", "properties": { "name": null, "layer": "schools", "id": null, "Name": null, "description": null, "timestamp": null, "begin": null, "end": null, "altitudeMode": null, "tessellate": -1, "extrude": 0, "visibility": -1, "drawOrder": null, "icon": null }, "geometry": { "type": "Point", "coordinates": [ 80.22685, 13.15762 ] } },
{ "type": "Feature", "properties": { "name": null, "layer": "schools", "id": null, "Name": null, "description": null, "timestamp": null, "begin": null, "end": null, "altitudeMode": null, "tessellate": -1, "extrude": 0, "visibility": -1, "drawOrder": null, "icon": null }, "geometry": { "type": "Point", "coordinates": [ 80.24182, 13.15926 ] } },
{ "type": "Feature", "properties": { "name": null, "layer": "schools", "id": null, "Name": null, "description": null, "timestamp": null, "begin": null, "end": null, "altitudeMode": null, "tessellate": -1, "extrude": 0, "visibility": -1, "drawOrder": null, "icon": null }, "geometry": { "type": "Point", "coordinates": [ 80.23151, 13.15458 ] } },
{ "type": "Feature", "properties": { "name": null, "layer": "schools", "id": null, "Name": null, "description": null, "timestamp": null, "begin": null, "end": null, "altitudeMode": null, "tessellate": -1, "extrude": 0, "visibility": -1, "drawOrder": null, "icon": null }, "geometry": { "type": "Point", "coordinates": [ 80.22827, 13.1592 ] } },
{ "type": "Feature", "properties": { "name": null, "layer": "schools", "id": null, "Name": null, "description": null, "timestamp": null, "begin": null, "end": null, "altitudeMode": null, "tessellate": -1, "extrude": 0, "visibility": -1, "drawOrder": null, "icon": null }, "geometry": { "type": "Point", "coordinates": [ 80.2536, 13.1621 ] } },
{ "type": "Feature", "properties": { "name": null, "layer": "schools", "id": null, "Name": null, "description": null, "timestamp": null, "begin": null, "end": null, "altitudeMode": null, "tessellate": -1, "extrude": 0, "visibility": -1, "drawOrder": null, "icon": null }, "geometry": { "type": "Point", "coordinates": [ 80.24465, 13.15002 ] } },
{ "type": "Feature", "properties": { "name": null, "layer": "schools", "id": null, "Name": null, "description": null, "timestamp": null, "begin": null, "end": null, "altitudeMode": null, "tessellate": -1, "extrude": 0, "visibility": -1, "drawOrder": null, "icon": null }, "geometry": { "type": "Point", "coordinates": [ 80.25216, 13.1595 ] } },
{ "type": "Feature", "properties": { "name": null, "layer": "schools", "id": null, "Name": null, "description": null, "timestamp": null, "begin": null, "end": null, "altitudeMode": null, "tessellate": -1, "extrude": 0, "visibility": -1, "drawOrder": null, "icon": null }, "geometry": { "type": "Point", "coordinates": [ 80.25232, 13.16139 ] } },
{ "type": "Feature", "properties": { "name": null, "layer": "schools", "id": null, "Name": null, "description": null, "timestamp": null, "begin": null, "end": null, "altitudeMode": null, "tessellate": -1, "extrude": 0, "visibility": -1, "drawOrder": null, "icon": null }, "geometry": { "type": "Point", "coordinates": [ 80.25517, 13.16114 ] } },
{ "type": "Feature", "properties": { "name": null, "layer": "schools", "id": null, "Name": null, "description": null, "timestamp": null, "begin": null, "end": null, "altitudeMode": null, "tessellate": -1, "extrude": 0, "visibility": -1, "drawOrder": null, "icon": null }, "geometry": { "type": "Point", "coordinates": [ 80.25564, 13.1614 ] } },
{ "type": "Feature", "properties": { "name": null, "layer": "schools", "id": null, "Name": null, "description": null, "timestamp": null, "begin": null, "end": null, "altitudeMode": null, "tessellate": -1, "extrude": 0, "visibility": -1, "drawOrder": null, "icon": null }, "geometry": { "type": "Point", "coordinates": [ 80.25108, 13.14792 ] } },
{ "type": "Feature", "properties": { "name": null, "layer": "schools", "id": null, "Name": null, "description": null, "timestamp": null, "begin": null, "end": null, "altitudeMode": null, "tessellate": -1, "extrude": 0, "visibility": -1, "drawOrder": null, "icon": null }, "geometry": { "type": "Point", "coordinates": [ 80.26019, 13.15836 ] } },
{ "type": "Feature", "properties": { "name": null, "layer": "schools", "id": null, "Name": null, "description": null, "timestamp": null, "begin": null, "end": null, "altitudeMode": null, "tessellate": -1, "extrude": 0, "visibility": -1, "drawOrder": null, "icon": null }, "geometry": { "type": "Point", "coordinates": [ 80.25963, 13.16104 ] } },
{ "type": "Feature", "properties": { "name": null, "layer": "schools", "id": null, "Name": null, "description": null, "timestamp": null, "begin": null, "end": null, "altitudeMode": null, "tessellate": -1, "extrude": 0, "visibility": -1, "drawOrder": null, "icon": null }, "geometry": { "type": "Point", "coordinates": [ 80.25772, 13.1517 ] } },
{ "type": "Feature", "properties": { "name": null, "layer": "schools", "id": null, "Name": null, "description": null, "timestamp": null, "begin": null, "end": null, "altitudeMode": null, "tessellate": -1, "extrude": 0, "visibility": -1, "drawOrder": null, "icon": null }, "geometry": { "type": "Point", "coordinates": [ 80.25971, 13.16301 ] } },
{ "type": "Feature", "properties": { "name": null, "layer": "schools", "id": null, "Name": null, "description": null, "timestamp": null, "begin": null, "end": null, "altitudeMode": null, "tessellate": -1, "extrude": 0, "visibility": -1, "drawOrder": null, "icon": null }, "geometry": { "type": "Point", "coordinates": [ 80.26006, 13.15843 ] } },
{ "type": "Feature", "properties": { "name": null, "layer": "schools", "id": null, "Name": null, "description": null, "timestamp": null, "begin": null, "end": null, "altitudeMode": null, "tessellate": -1, "extrude": 0, "visibility": -1, "drawOrder": null, "icon": null }, "geometry": { "type": "Point", "coordinates": [ 80.31566, 13.19793 ] } },
{ "type": "Feature", "properties": { "name": null, "layer": "schools", "id": null, "Name": null, "description": null, "timestamp": null, "begin": null, "end": null, "altitudeMode": null, "tessellate": -1, "extrude": 0, "visibility": -1, "drawOrder": null, "icon": null }, "geometry": { "type": "Point", "coordinates": [ 80.31564, 13.1963 ] } },
{ "type": "Feature", "properties": { "name": null, "layer": "schools", "id": null, "Name": null, "description": null, "timestamp": null, "begin": null, "end": null, "altitudeMode": null, "tessellate": -1, "extrude": 0, "visibility": -1, "drawOrder": null, "icon": null }, "geometry": { "type": "Point", "coordinates": [ 80.31697, 13.19065 ] } },
{ "type": "Feature", "properties": { "name": null, "layer": "schools", "id": null, "Name": null, "description": null, "timestamp": null, "begin": null, "end": null, "altitudeMode": null, "tessellate": -1, "extrude": 0, "visibility": -1, "drawOrder": null, "icon": null }, "geometry": { "type": "Point", "coordinates": [ 80.31501, 13.20373 ] } },
{ "type": "Feature", "properties": { "name": null, "layer": "schools", "id": null, "Name": null, "description": null, "timestamp": null, "begin": null, "end": null, "altitudeMode": null, "tessellate": -1, "extrude": 0, "visibility": -1, "drawOrder": null, "icon": null }, "geometry": { "type": "Point", "coordinates": [ 80.31894, 13.20458 ] } },
{ "type": "Feature", "properties": { "name": null, "layer": "schools", "id": null, "Name": null, "description": null, "timestamp": null, "begin": null, "end": null, "altitudeMode": null, "tessellate": -1, "extrude": 0, "visibility": -1, "drawOrder": null, "icon": null }, "geometry": { "type": "Point", "coordinates": [ 80.31516, 13.19652 ] } },
{ "type": "Feature", "properties": { "name": null, "layer": "schools", "id": null, "Name": null, "description": null, "timestamp": null, "begin": null, "end": null, "altitudeMode": null, "tessellate": -1, "extrude": 0, "visibility": -1, "drawOrder": null, "icon": null }, "geometry": { "type": "Point", "coordinates": [ 80.31551, 13.19799 ] } },
{ "type": "Feature", "properties": { "name": null, "layer": "schools", "id": null, "Name": null, "description": null, "timestamp": null, "begin": null, "end": null, "altitudeMode": null, "tessellate": -1, "extrude": 0, "visibility": -1, "drawOrder": null, "icon": null }, "geometry": { "type": "Point", "coordinates": [ 80.31518, 13.19823 ] } },
{ "type": "Feature", "properties": { "name": null, "layer": "schools", "id": null, "Name": null, "description": null, "timestamp": null, "begin": null, "end": null, "altitudeMode": null, "tessellate": -1, "extrude": 0, "visibility": -1, "drawOrder": null, "icon": null }, "geometry": { "type": "Point", "coordinates": [ 80.23106, 13.14895 ] } },
{ "type": "Feature", "properties": { "name": null, "layer": "schools", "id": null, "Name": null, "description": null, "timestamp": null, "begin": null, "end": null, "altitudeMode": null, "tessellate": -1, "extrude": 0, "visibility": -1, "drawOrder": null, "icon": null }, "geometry": { "type": "Point", "coordinates": [ 80.23215, 13.14666 ] } },
{ "type": "Feature", "properties": { "name": null, "layer": "schools", "id": null, "Name": null, "description": null, "timestamp": null, "begin": null, "end": null, "altitudeMode": null, "tessellate": -1, "extrude": 0, "visibility": -1, "drawOrder": null, "icon": null }, "geometry": { "type": "Point", "coordinates": [ 80.2384, 13.13747 ] } },
{ "type": "Feature", "properties": { "name": null, "layer": "schools", "id": null, "Name": null, "description": null, "timestamp": null, "begin": null, "end": null, "altitudeMode": null, "tessellate": -1, "extrude": 0, "visibility": -1, "drawOrder": null, "icon": null }, "geometry": { "type": "Point", "coordinates": [ 80.23715, 13.13292 ] } },
{ "type": "Feature", "properties": { "name": null, "layer": "schools", "id": null, "Name": null, "description": null, "timestamp": null, "begin": null, "end": null, "altitudeMode": null, "tessellate": -1, "extrude": 0, "visibility": -1, "drawOrder": null, "icon": null }, "geometry": { "type": "Point", "coordinates": [ 80.235, 13.1418 ] } },
{ "type": "Feature", "properties": { "name": null, "layer": "schools", "id": null, "Name": null, "description": null, "timestamp": null, "begin": null, "end": null, "altitudeMode": null, "tessellate": -1, "extrude": 0, "visibility": -1, "drawOrder": null, "icon": null }, "geometry": { "type": "Point", "coordinates": [ 80.23717, 13.13254 ] } },
{ "type": "Feature", "properties": { "name": null, "layer": "schools", "id": null, "Name": null, "description": null, "timestamp": null, "begin": null, "end": null, "altitudeMode": null, "tessellate": -1, "extrude": 0, "visibility": -1, "drawOrder": null, "icon": null }, "geometry": { "type": "Point", "coordinates": [ 80.23655, 13.1416 ] } },
{ "type": "Feature", "properties": { "name": null, "layer": "schools", "id": null, "Name": null, "description": null, "timestamp": null, "begin": null, "end": null, "altitudeMode": null, "tessellate": -1, "extrude": 0, "visibility": -1, "drawOrder": null, "icon": null }, "geometry": { "type": "Point", "coordinates": [ 80.23652, 13.14282 ] } },
{ "type": "Feature", "properties": { "name": null, "layer": "schools", "id": null, "Name": null, "description": null, "timestamp": null, "begin": null, "end": null, "altitudeMode": null, "tessellate": -1, "extrude": 0, "visibility": -1, "drawOrder": null, "icon": null }, "geometry": { "type": "Point", "coordinates": [ 80.20605, 13.13331 ] } },
{ "type": "Feature", "properties": { "name": null, "layer": "schools", "id": null, "Name": null, "description": null, "timestamp": null, "begin": null, "end": null, "altitudeMode": null, "tessellate": -1, "extrude": 0, "visibility": -1, "drawOrder": null, "icon": null }, "geometry": { "type": "Point", "coordinates": [ 80.20588, 13.12954 ] } },
{ "type": "Feature", "properties": { "name": null, "layer": "schools", "id": null, "Name": null, "description": null, "timestamp": null, "begin": null, "end": null, "altitudeMode": null, "tessellate": -1, "extrude": 0, "visibility": -1, "drawOrder": null, "icon": null }, "geometry": { "type": "Point", "coordinates": [ 80.2088, 13.13394 ] } },
{ "type": "Feature", "properties": { "name": null, "layer": "schools", "id": null, "Name": null, "description": null, "timestamp": null, "begin": null, "end": null, "altitudeMode": null, "tessellate": -1, "extrude": 0, "visibility": -1, "drawOrder": null, "icon": null }, "geometry": { "type": "Point", "coordinates": [ 80.20885, 13.13074 ] } },
{ "type": "Feature", "properties": { "name": null, "layer": "schools", "id": null, "Name": null, "description": null, "timestamp": null, "begin": null, "end": null, "altitudeMode": null, "tessellate": -1, "extrude": 0, "visibility": -1, "drawOrder": null, "icon": null }, "geometry": { "type": "Point", "coordinates": [ 80.20853, 13.13345 ] } },
{ "type": "Feature", "properties": { "name": null, "layer": "schools", "id": null, "Name": null, "description": null, "timestamp": null, "begin": null, "end": null, "altitudeMode": null, "tessellate": -1, "extrude": 0, "visibility": -1, "drawOrder": null, "icon": null }, "geometry": { "type": "Point", "coordinates": [ 80.20578, 13.13617 ] } },
{ "type": "Feature", "properties": { "name": null, "layer": "schools", "id": null, "Name": null, "description": null, "timestamp": null, "begin": null, "end": null, "altitudeMode": null, "tessellate": -1, "extrude": 0, "visibility": -1, "drawOrder": null, "icon": null }, "geometry": { "type": "Point", "coordinates": [ 80.2081, 13.13397 ] } },
{ "type": "Feature", "properties": { "name": null, "layer": "schools", "id": null, "Name": null, "description": null, "timestamp": null, "begin": null, "end": null, "altitudeMode": null, "tessellate": -1, "extrude": 0, "visibility": -1, "drawOrder": null, "icon": null }, "geometry": { "type": "Point", "coordinates": [ 80.22648, 13.13412 ] } },
{ "type": "Feature", "properties": { "name": null, "layer": "schools", "id": null, "Name": null, "description": null, "timestamp": null, "begin": null, "end": null, "altitudeMode": null, "tessellate": -1, "extrude": 0, "visibility": -1, "drawOrder": null, "icon": null }, "geometry": { "type": "Point", "coordinates": [ 80.22185, 13.13028 ] } },
{ "type": "Feature", "properties": { "name": null, "layer": "schools", "id": null, "Name": null, "description": null, "timestamp": null, "begin": null, "end": null, "altitudeMode": null, "tessellate": -1, "extrude": 0, "visibility": -1, "drawOrder": null, "icon": null }, "geometry": { "type": "Point", "coordinates": [ 80.23275, 13.12806 ] } },
{ "type": "Feature", "properties": { "name": null, "layer": "schools", "id": null, "Name": null, "description": null, "timestamp": null, "begin": null, "end": null, "altitudeMode": null, "tessellate": -1, "extrude": 0, "visibility": -1, "drawOrder": null, "icon": null }, "geometry": { "type": "Point", "coordinates": [ 80.23004, 13.1331 ] } },
{ "type": "Feature", "properties": { "name": null, "layer": "schools", "id": null, "Name": null, "description": null, "timestamp": null, "begin": null, "end": null, "altitudeMode": null, "tessellate": -1, "extrude": 0, "visibility": -1, "drawOrder": null, "icon": null }, "geometry": { "type": "Point", "coordinates": [ 80.23614, 13.13229 ] } },
{ "type": "Feature", "properties": { "name": null, "layer": "schools", "id": null, "Name": null, "description": null, "timestamp": null, "begin": null, "end": null, "altitudeMode": null, "tessellate": -1, "extrude": 0, "visibility": -1, "drawOrder": null, "icon": null }, "geometry": { "type": "Point", "coordinates": [ 80.22614, 13.12866 ] } },
{ "type": "Feature", "properties": { "name": null, "layer": "schools", "id": null, "Name": null, "description": null, "timestamp": null, "begin": null, "end": null, "altitudeMode": null, "tessellate": -1, "extrude": 0, "visibility": -1, "drawOrder": null, "icon": null }, "geometry": { "type": "Point", "coordinates": [ 80.24139, 13.14394 ] } },
{ "type": "Feature", "properties": { "name": null, "layer": "schools", "id": null, "Name": null, "description": null, "timestamp": null, "begin": null, "end": null, "altitudeMode": null, "tessellate": -1, "extrude": 0, "visibility": -1, "drawOrder": null, "icon": null }, "geometry": { "type": "Point", "coordinates": [ 80.24729, 13.13962 ] } },
{ "type": "Feature", "properties": { "name": null, "layer": "schools", "id": null, "Name": null, "description": null, "timestamp": null, "begin": null, "end": null, "altitudeMode": null, "tessellate": -1, "extrude": 0, "visibility": -1, "drawOrder": null, "icon": null }, "geometry": { "type": "Point", "coordinates": [ 80.2552, 13.14331 ] } },
{ "type": "Feature", "properties": { "name": null, "layer": "schools", "id": null, "Name": null, "description": null, "timestamp": null, "begin": null, "end": null, "altitudeMode": null, "tessellate": -1, "extrude": 0, "visibility": -1, "drawOrder": null, "icon": null }, "geometry": { "type": "Point", "coordinates": [ 80.25391, 13.13848 ] } },
{ "type": "Feature", "properties": { "name": null, "layer": "schools", "id": null, "Name": null, "description": null, "timestamp": null, "begin": null, "end": null, "altitudeMode": null, "tessellate": -1, "extrude": 0, "visibility": -1, "drawOrder": null, "icon": null }, "geometry": { "type": "Point", "coordinates": [ 80.24978, 13.13802 ] } },
{ "type": "Feature", "properties": { "name": null, "layer": "schools", "id": null, "Name": null, "description": null, "timestamp": null, "begin": null, "end": null, "altitudeMode": null, "tessellate": -1, "extrude": 0, "visibility": -1, "drawOrder": null, "icon": null }, "geometry": { "type": "Point", "coordinates": [ 80.25028, 13.14603 ] } },
{ "type": "Feature", "properties": { "name": null, "layer": "schools", "id": null, "Name": null, "description": null, "timestamp": null, "begin": null, "end": null, "altitudeMode": null, "tessellate": -1, "extrude": 0, "visibility": -1, "drawOrder": null, "icon": null }, "geometry": { "type": "Point", "coordinates": [ 80.24502, 13.14044 ] } },
{ "type": "Feature", "properties": { "name": null, "layer": "schools", "id": null, "Name": null, "description": null, "timestamp": null, "begin": null, "end": null, "altitudeMode": null, "tessellate": -1, "extrude": 0, "visibility": -1, "drawOrder": null, "icon": null }, "geometry": { "type": "Point", "coordinates": [ 80.25024, 13.14182 ] } },
{ "type": "Feature", "properties": { "name": null, "layer": "schools", "id": null, "Name": null, "description": null, "timestamp": null, "begin": null, "end": null, "altitudeMode": null, "tessellate": -1, "extrude": 0, "visibility": -1, "drawOrder": null, "icon": null }, "geometry": { "type": "Point", "coordinates": [ 80.24511, 13.14016 ] } },
{ "type": "Feature", "properties": { "name": null, "layer": "schools", "id": null, "Name": null, "description": null, "timestamp": null, "begin": null, "end": null, "altitudeMode": null, "tessellate": -1, "extrude": 0, "visibility": -1, "drawOrder": null, "icon": null }, "geometry": { "type": "Point", "coordinates": [ 80.24964, 13.14598 ] } },
{ "type": "Feature", "properties": { "name": null, "layer": "schools", "id": null, "Name": null, "description": null, "timestamp": null, "begin": null, "end": null, "altitudeMode": null, "tessellate": -1, "extrude": 0, "visibility": -1, "drawOrder": null, "icon": null }, "geometry": { "type": "Point", "coordinates": [ 80.24791, 13.14263 ] } },
{ "type": "Feature", "properties": { "name": null, "layer": "schools", "id": null, "Name": null, "description": null, "timestamp": null, "begin": null, "end": null, "altitudeMode": null, "tessellate": -1, "extrude": 0, "visibility": -1, "drawOrder": null, "icon": null }, "geometry": { "type": "Point", "coordinates": [ 80.24646, 13.13238 ] } },
{ "type": "Feature", "properties": { "name": null, "layer": "schools", "id": null, "Name": null, "description": null, "timestamp": null, "begin": null, "end": null, "altitudeMode": null, "tessellate": -1, "extrude": 0, "visibility": -1, "drawOrder": null, "icon": null }, "geometry": { "type": "Point", "coordinates": [ 80.24735, 13.13679 ] } },
{ "type": "Feature", "properties": { "name": null, "layer": "schools", "id": null, "Name": null, "description": null, "timestamp": null, "begin": null, "end": null, "altitudeMode": null, "tessellate": -1, "extrude": 0, "visibility": -1, "drawOrder": null, "icon": null }, "geometry": { "type": "Point", "coordinates": [ 80.24335, 13.13665 ] } },
{ "type": "Feature", "properties": { "name": null, "layer": "schools", "id": null, "Name": null, "description": null, "timestamp": null, "begin": null, "end": null, "altitudeMode": null, "tessellate": -1, "extrude": 0, "visibility": -1, "drawOrder": null, "icon": null }, "geometry": { "type": "Point", "coordinates": [ 80.24807, 13.1305 ] } },
{ "type": "Feature", "properties": { "name": null, "layer": "schools", "id": null, "Name": null, "description": null, "timestamp": null, "begin": null, "end": null, "altitudeMode": null, "tessellate": -1, "extrude": 0, "visibility": -1, "drawOrder": null, "icon": null }, "geometry": { "type": "Point", "coordinates": [ 80.25688, 13.13453 ] } },
{ "type": "Feature", "properties": { "name": null, "layer": "schools", "id": null, "Name": null, "description": null, "timestamp": null, "begin": null, "end": null, "altitudeMode": null, "tessellate": -1, "extrude": 0, "visibility": -1, "drawOrder": null, "icon": null }, "geometry": { "type": "Point", "coordinates": [ 80.25442, 13.13511 ] } },
{ "type": "Feature", "properties": { "name": null, "layer": "schools", "id": null, "Name": null, "description": null, "timestamp": null, "begin": null, "end": null, "altitudeMode": null, "tessellate": -1, "extrude": 0, "visibility": -1, "drawOrder": null, "icon": null }, "geometry": { "type": "Point", "coordinates": [ 80.24963, 13.12903 ] } },
{ "type": "Feature", "properties": { "name": null, "layer": "schools", "id": null, "Name": null, "description": null, "timestamp": null, "begin": null, "end": null, "altitudeMode": null, "tessellate": -1, "extrude": 0, "visibility": -1, "drawOrder": null, "icon": null }, "geometry": { "type": "Point", "coordinates": [ 80.24491, 13.13699 ] } },
{ "type": "Feature", "properties": { "name": null, "layer": "schools", "id": null, "Name": null, "description": null, "timestamp": null, "begin": null, "end": null, "altitudeMode": null, "tessellate": -1, "extrude": 0, "visibility": -1, "drawOrder": null, "icon": null }, "geometry": { "type": "Point", "coordinates": [ 80.31226, 13.18133 ] } },
{ "type": "Feature", "properties": { "name": null, "layer": "schools", "id": null, "Name": null, "description": null, "timestamp": null, "begin": null, "end": null, "altitudeMode": null, "tessellate": -1, "extrude": 0, "visibility": -1, "drawOrder": null, "icon": null }, "geometry": { "type": "Point", "coordinates": [ 80.30584, 13.17494 ] } },
{ "type": "Feature", "properties": { "name": null, "layer": "schools", "id": null, "Name": null, "description": null, "timestamp": null, "begin": null, "end": null, "altitudeMode": null, "tessellate": -1, "extrude": 0, "visibility": -1, "drawOrder": null, "icon": null }, "geometry": { "type": "Point", "coordinates": [ 80.2938, 13.1109 ] } },
{ "type": "Feature", "properties": { "name": null, "layer": "schools", "id": null, "Name": null, "description": null, "timestamp": null, "begin": null, "end": null, "altitudeMode": null, "tessellate": -1, "extrude": 0, "visibility": -1, "drawOrder": null, "icon": null }, "geometry": { "type": "Point", "coordinates": [ 80.29576, 13.11802 ] } },
{ "type": "Feature", "properties": { "name": null, "layer": "schools", "id": null, "Name": null, "description": null, "timestamp": null, "begin": null, "end": null, "altitudeMode": null, "tessellate": -1, "extrude": 0, "visibility": -1, "drawOrder": null, "icon": null }, "geometry": { "type": "Point", "coordinates": [ 80.29464, 13.11445 ] } },
{ "type": "Feature", "properties": { "name": null, "layer": "schools", "id": null, "Name": null, "description": null, "timestamp": null, "begin": null, "end": null, "altitudeMode": null, "tessellate": -1, "extrude": 0, "visibility": -1, "drawOrder": null, "icon": null }, "geometry": { "type": "Point", "coordinates": [ 80.29352, 13.10674 ] } },
{ "type": "Feature", "properties": { "name": null, "layer": "schools", "id": null, "Name": null, "description": null, "timestamp": null, "begin": null, "end": null, "altitudeMode": null, "tessellate": -1, "extrude": 0, "visibility": -1, "drawOrder": null, "icon": null }, "geometry": { "type": "Point", "coordinates": [ 80.29611, 13.11778 ] } },
{ "type": "Feature", "properties": { "name": null, "layer": "schools", "id": null, "Name": null, "description": null, "timestamp": null, "begin": null, "end": null, "altitudeMode": null, "tessellate": -1, "extrude": 0, "visibility": -1, "drawOrder": null, "icon": null }, "geometry": { "type": "Point", "coordinates": [ 80.29405, 13.11053 ] } },
{ "type": "Feature", "properties": { "name": null, "layer": "schools", "id": null, "Name": null, "description": null, "timestamp": null, "begin": null, "end": null, "altitudeMode": null, "tessellate": -1, "extrude": 0, "visibility": -1, "drawOrder": null, "icon": null }, "geometry": { "type": "Point", "coordinates": [ 80.29435, 13.11167 ] } },
{ "type": "Feature", "properties": { "name": null, "layer": "schools", "id": null, "Name": null, "description": null, "timestamp": null, "begin": null, "end": null, "altitudeMode": null, "tessellate": -1, "extrude": 0, "visibility": -1, "drawOrder": null, "icon": null }, "geometry": { "type": "Point", "coordinates": [ 80.29288, 13.11689 ] } },
{ "type": "Feature", "properties": { "name": null, "layer": "schools", "id": null, "Name": null, "description": null, "timestamp": null, "begin": null, "end": null, "altitudeMode": null, "tessellate": -1, "extrude": 0, "visibility": -1, "drawOrder": null, "icon": null }, "geometry": { "type": "Point", "coordinates": [ 80.29704, 13.12047 ] } },
{ "type": "Feature", "properties": { "name": null, "layer": "schools", "id": null, "Name": null, "description": null, "timestamp": null, "begin": null, "end": null, "altitudeMode": null, "tessellate": -1, "extrude": 0, "visibility": -1, "drawOrder": null, "icon": null }, "geometry": { "type": "Point", "coordinates": [ 80.29372, 13.10968 ] } },
{ "type": "Feature", "properties": { "name": null, "layer": "schools", "id": null, "Name": null, "description": null, "timestamp": null, "begin": null, "end": null, "altitudeMode": null, "tessellate": -1, "extrude": 0, "visibility": -1, "drawOrder": null, "icon": null }, "geometry": { "type": "Point", "coordinates": [ 80.29587, 13.11922 ] } },
{ "type": "Feature", "properties": { "name": null, "layer": "schools", "id": null, "Name": null, "description": null, "timestamp": null, "begin": null, "end": null, "altitudeMode": null, "tessellate": -1, "extrude": 0, "visibility": -1, "drawOrder": null, "icon": null }, "geometry": { "type": "Point", "coordinates": [ 80.29687, 13.11355 ] } },
{ "type": "Feature", "properties": { "name": null, "layer": "schools", "id": null, "Name": null, "description": null, "timestamp": null, "begin": null, "end": null, "altitudeMode": null, "tessellate": -1, "extrude": 0, "visibility": -1, "drawOrder": null, "icon": null }, "geometry": { "type": "Point", "coordinates": [ 80.2933, 13.11803 ] } },
{ "type": "Feature", "properties": { "name": null, "layer": "schools", "id": null, "Name": null, "description": null, "timestamp": null, "begin": null, "end": null, "altitudeMode": null, "tessellate": -1, "extrude": 0, "visibility": -1, "drawOrder": null, "icon": null }, "geometry": { "type": "Point", "coordinates": [ 80.29586, 13.11445 ] } },
{ "type": "Feature", "properties": { "name": null, "layer": "schools", "id": null, "Name": null, "description": null, "timestamp": null, "begin": null, "end": null, "altitudeMode": null, "tessellate": -1, "extrude": 0, "visibility": -1, "drawOrder": null, "icon": null }, "geometry": { "type": "Point", "coordinates": [ 80.2942, 13.1142 ] } },
{ "type": "Feature", "properties": { "name": null, "layer": "schools", "id": null, "Name": null, "description": null, "timestamp": null, "begin": null, "end": null, "altitudeMode": null, "tessellate": -1, "extrude": 0, "visibility": -1, "drawOrder": null, "icon": null }, "geometry": { "type": "Point", "coordinates": [ 80.29342, 13.11114 ] } },
{ "type": "Feature", "properties": { "name": null, "layer": "schools", "id": null, "Name": null, "description": null, "timestamp": null, "begin": null, "end": null, "altitudeMode": null, "tessellate": -1, "extrude": 0, "visibility": -1, "drawOrder": null, "icon": null }, "geometry": { "type": "Point", "coordinates": [ 80.2962, 13.1095 ] } },
{ "type": "Feature", "properties": { "name": null, "layer": "schools", "id": null, "Name": null, "description": null, "timestamp": null, "begin": null, "end": null, "altitudeMode": null, "tessellate": -1, "extrude": 0, "visibility": -1, "drawOrder": null, "icon": null }, "geometry": { "type": "Point", "coordinates": [ 80.29268, 13.11048 ] } },
{ "type": "Feature", "properties": { "name": null, "layer": "schools", "id": null, "Name": null, "description": null, "timestamp": null, "begin": null, "end": null, "altitudeMode": null, "tessellate": -1, "extrude": 0, "visibility": -1, "drawOrder": null, "icon": null }, "geometry": { "type": "Point", "coordinates": [ 80.29294, 13.10895 ] } },
{ "type": "Feature", "properties": { "name": null, "layer": "schools", "id": null, "Name": null, "description": null, "timestamp": null, "begin": null, "end": null, "altitudeMode": null, "tessellate": -1, "extrude": 0, "visibility": -1, "drawOrder": null, "icon": null }, "geometry": { "type": "Point", "coordinates": [ 80.29462, 13.11004 ] } },
{ "type": "Feature", "properties": { "name": null, "layer": "schools", "id": null, "Name": null, "description": null, "timestamp": null, "begin": null, "end": null, "altitudeMode": null, "tessellate": -1, "extrude": 0, "visibility": -1, "drawOrder": null, "icon": null }, "geometry": { "type": "Point", "coordinates": [ 80.28604, 13.11077 ] } },
{ "type": "Feature", "properties": { "name": null, "layer": "schools", "id": null, "Name": null, "description": null, "timestamp": null, "begin": null, "end": null, "altitudeMode": null, "tessellate": -1, "extrude": 0, "visibility": -1, "drawOrder": null, "icon": null }, "geometry": { "type": "Point", "coordinates": [ 80.28551, 13.10949 ] } },
{ "type": "Feature", "properties": { "name": null, "layer": "schools", "id": null, "Name": null, "description": null, "timestamp": null, "begin": null, "end": null, "altitudeMode": null, "tessellate": -1, "extrude": 0, "visibility": -1, "drawOrder": null, "icon": null }, "geometry": { "type": "Point", "coordinates": [ 80.28824, 13.11235 ] } },
{ "type": "Feature", "properties": { "name": null, "layer": "schools", "id": null, "Name": null, "description": null, "timestamp": null, "begin": null, "end": null, "altitudeMode": null, "tessellate": -1, "extrude": 0, "visibility": -1, "drawOrder": null, "icon": null }, "geometry": { "type": "Point", "coordinates": [ 80.28348, 13.11076 ] } },
{ "type": "Feature", "properties": { "name": null, "layer": "schools", "id": null, "Name": null, "description": null, "timestamp": null, "begin": null, "end": null, "altitudeMode": null, "tessellate": -1, "extrude": 0, "visibility": -1, "drawOrder": null, "icon": null }, "geometry": { "type": "Point", "coordinates": [ 80.28344, 13.11062 ] } },
{ "type": "Feature", "properties": { "name": null, "layer": "schools", "id": null, "Name": null, "description": null, "timestamp": null, "begin": null, "end": null, "altitudeMode": null, "tessellate": -1, "extrude": 0, "visibility": -1, "drawOrder": null, "icon": null }, "geometry": { "type": "Point", "coordinates": [ 80.28706, 13.11525 ] } },
{ "type": "Feature", "properties": { "name": null, "layer": "schools", "id": null, "Name": null, "description": null, "timestamp": null, "begin": null, "end": null, "altitudeMode": null, "tessellate": -1, "extrude": 0, "visibility": -1, "drawOrder": null, "icon": null }, "geometry": { "type": "Point", "coordinates": [ 80.28252, 13.1107 ] } },
{ "type": "Feature", "properties": { "name": null, "layer": "schools", "id": null, "Name": null, "description": null, "timestamp": null, "begin": null, "end": null, "altitudeMode": null, "tessellate": -1, "extrude": 0, "visibility": -1, "drawOrder": null, "icon": null }, "geometry": { "type": "Point", "coordinates": [ 80.28408, 13.11012 ] } },
{ "type": "Feature", "properties": { "name": null, "layer": "schools", "id": null, "Name": null, "description": null, "timestamp": null, "begin": null, "end": null, "altitudeMode": null, "tessellate": -1, "extrude": 0, "visibility": -1, "drawOrder": null, "icon": null }, "geometry": { "type": "Point", "coordinates": [ 80.28563, 13.10975 ] } },
{ "type": "Feature", "properties": { "name": null, "layer": "schools", "id": null, "Name": null, "description": null, "timestamp": null, "begin": null, "end": null, "altitudeMode": null, "tessellate": -1, "extrude": 0, "visibility": -1, "drawOrder": null, "icon": null }, "geometry": { "type": "Point", "coordinates": [ 80.28369, 13.11063 ] } },
{ "type": "Feature", "properties": { "name": null, "layer": "schools", "id": null, "Name": null, "description": null, "timestamp": null, "begin": null, "end": null, "altitudeMode": null, "tessellate": -1, "extrude": 0, "visibility": -1, "drawOrder": null, "icon": null }, "geometry": { "type": "Point", "coordinates": [ 80.28776, 13.11014 ] } },
{ "type": "Feature", "properties": { "name": null, "layer": "schools", "id": null, "Name": null, "description": null, "timestamp": null, "begin": null, "end": null, "altitudeMode": null, "tessellate": -1, "extrude": 0, "visibility": -1, "drawOrder": null, "icon": null }, "geometry": { "type": "Point", "coordinates": [ 80.28879, 13.11084 ] } },
{ "type": "Feature", "properties": { "name": null, "layer": "schools", "id": null, "Name": null, "description": null, "timestamp": null, "begin": null, "end": null, "altitudeMode": null, "tessellate": -1, "extrude": 0, "visibility": -1, "drawOrder": null, "icon": null }, "geometry": { "type": "Point", "coordinates": [ 80.2916, 13.11111 ] } },
{ "type": "Feature", "properties": { "name": null, "layer": "schools", "id": null, "Name": null, "description": null, "timestamp": null, "begin": null, "end": null, "altitudeMode": null, "tessellate": -1, "extrude": 0, "visibility": -1, "drawOrder": null, "icon": null }, "geometry": { "type": "Point", "coordinates": [ 80.29134, 13.10828 ] } },
{ "type": "Feature", "properties": { "name": null, "layer": "schools", "id": null, "Name": null, "description": null, "timestamp": null, "begin": null, "end": null, "altitudeMode": null, "tessellate": -1, "extrude": 0, "visibility": -1, "drawOrder": null, "icon": null }, "geometry": { "type": "Point", "coordinates": [ 80.29322, 13.10652 ] } },
{ "type": "Feature", "properties": { "name": null, "layer": "schools", "id": null, "Name": null, "description": null, "timestamp": null, "begin": null, "end": null, "altitudeMode": null, "tessellate": -1, "extrude": 0, "visibility": -1, "drawOrder": null, "icon": null }, "geometry": { "type": "Point", "coordinates": [ 80.28913, 13.10466 ] } },
{ "type": "Feature", "properties": { "name": null, "layer": "schools", "id": null, "Name": null, "description": null, "timestamp": null, "begin": null, "end": null, "altitudeMode": null, "tessellate": -1, "extrude": 0, "visibility": -1, "drawOrder": null, "icon": null }, "geometry": { "type": "Point", "coordinates": [ 80.2881, 13.10601 ] } },
{ "type": "Feature", "properties": { "name": null, "layer": "schools", "id": null, "Name": null, "description": null, "timestamp": null, "begin": null, "end": null, "altitudeMode": null, "tessellate": -1, "extrude": 0, "visibility": -1, "drawOrder": null, "icon": null }, "geometry": { "type": "Point", "coordinates": [ 80.28995, 13.1105 ] } },
{ "type": "Feature", "properties": { "name": null, "layer": "schools", "id": null, "Name": null, "description": null, "timestamp": null, "begin": null, "end": null, "altitudeMode": null, "tessellate": -1, "extrude": 0, "visibility": -1, "drawOrder": null, "icon": null }, "geometry": { "type": "Point", "coordinates": [ 80.28894, 13.11147 ] } },
{ "type": "Feature", "properties": { "name": null, "layer": "schools", "id": null, "Name": null, "description": null, "timestamp": null, "begin": null, "end": null, "altitudeMode": null, "tessellate": -1, "extrude": 0, "visibility": -1, "drawOrder": null, "icon": null }, "geometry": { "type": "Point", "coordinates": [ 80.29141, 13.11092 ] } },
{ "type": "Feature", "properties": { "name": null, "layer": "schools", "id": null, "Name": null, "description": null, "timestamp": null, "begin": null, "end": null, "altitudeMode": null, "tessellate": -1, "extrude": 0, "visibility": -1, "drawOrder": null, "icon": null }, "geometry": { "type": "Point", "coordinates": [ 80.28281, 13.10884 ] } },
{ "type": "Feature", "properties": { "name": null, "layer": "schools", "id": null, "Name": null, "description": null, "timestamp": null, "begin": null, "end": null, "altitudeMode": null, "tessellate": -1, "extrude": 0, "visibility": -1, "drawOrder": null, "icon": null }, "geometry": { "type": "Point", "coordinates": [ 80.2881, 13.10601 ] } },
{ "type": "Feature", "properties": { "name": null, "layer": "schools", "id": null, "Name": null, "description": null, "timestamp": null, "begin": null, "end": null, "altitudeMode": null, "tessellate": -1, "extrude": 0, "visibility": -1, "drawOrder": null, "icon": null }, "geometry": { "type": "Point", "coordinates": [ 80.29253, 13.10843 ] } },
{ "type": "Feature", "properties": { "name": null, "layer": "schools", "id": null, "Name": null, "description": null, "timestamp": null, "begin": null, "end": null, "altitudeMode": null, "tessellate": -1, "extrude": 0, "visibility": -1, "drawOrder": null, "icon": null }, "geometry": { "type": "Point", "coordinates": [ 80.30109, 13.18105 ] } },
{ "type": "Feature", "properties": { "name": null, "layer": "schools", "id": null, "Name": null, "description": null, "timestamp": null, "begin": null, "end": null, "altitudeMode": null, "tessellate": -1, "extrude": 0, "visibility": -1, "drawOrder": null, "icon": null }, "geometry": { "type": "Point", "coordinates": [ 80.30225, 13.18011 ] } },
{ "type": "Feature", "properties": { "name": null, "layer": "schools", "id": null, "Name": null, "description": null, "timestamp": null, "begin": null, "end": null, "altitudeMode": null, "tessellate": -1, "extrude": 0, "visibility": -1, "drawOrder": null, "icon": null }, "geometry": { "type": "Point", "coordinates": [ 80.30923, 13.19212 ] } },
{ "type": "Feature", "properties": { "name": null, "layer": "schools", "id": null, "Name": null, "description": null, "timestamp": null, "begin": null, "end": null, "altitudeMode": null, "tessellate": -1, "extrude": 0, "visibility": -1, "drawOrder": null, "icon": null }, "geometry": { "type": "Point", "coordinates": [ 80.30879, 13.19104 ] } },
{ "type": "Feature", "properties": { "name": null, "layer": "schools", "id": null, "Name": null, "description": null, "timestamp": null, "begin": null, "end": null, "altitudeMode": null, "tessellate": -1, "extrude": 0, "visibility": -1, "drawOrder": null, "icon": null }, "geometry": { "type": "Point", "coordinates": [ 80.30131, 13.1768 ] } },
{ "type": "Feature", "properties": { "name": null, "layer": "schools", "id": null, "Name": null, "description": null, "timestamp": null, "begin": null, "end": null, "altitudeMode": null, "tessellate": -1, "extrude": 0, "visibility": -1, "drawOrder": null, "icon": null }, "geometry": { "type": "Point", "coordinates": [ 80.30728, 13.18781 ] } },
{ "type": "Feature", "properties": { "name": null, "layer": "schools", "id": null, "Name": null, "description": null, "timestamp": null, "begin": null, "end": null, "altitudeMode": null, "tessellate": -1, "extrude": 0, "visibility": -1, "drawOrder": null, "icon": null }, "geometry": { "type": "Point", "coordinates": [ 80.3014, 13.17888 ] } },
{ "type": "Feature", "properties": { "name": null, "layer": "schools", "id": null, "Name": null, "description": null, "timestamp": null, "begin": null, "end": null, "altitudeMode": null, "tessellate": -1, "extrude": 0, "visibility": -1, "drawOrder": null, "icon": null }, "geometry": { "type": "Point", "coordinates": [ 80.30918, 13.19219 ] } },
{ "type": "Feature", "properties": { "name": null, "layer": "schools", "id": null, "Name": null, "description": null, "timestamp": null, "begin": null, "end": null, "altitudeMode": null, "tessellate": -1, "extrude": 0, "visibility": -1, "drawOrder": null, "icon": null }, "geometry": { "type": "Point", "coordinates": [ 80.28924, 13.13306 ] } },
{ "type": "Feature", "properties": { "name": null, "layer": "schools", "id": null, "Name": null, "description": null, "timestamp": null, "begin": null, "end": null, "altitudeMode": null, "tessellate": -1, "extrude": 0, "visibility": -1, "drawOrder": null, "icon": null }, "geometry": { "type": "Point", "coordinates": [ 80.28671, 13.13478 ] } },
{ "type": "Feature", "properties": { "name": null, "layer": "schools", "id": null, "Name": null, "description": null, "timestamp": null, "begin": null, "end": null, "altitudeMode": null, "tessellate": -1, "extrude": 0, "visibility": -1, "drawOrder": null, "icon": null }, "geometry": { "type": "Point", "coordinates": [ 80.2889, 13.13697 ] } },
{ "type": "Feature", "properties": { "name": null, "layer": "schools", "id": null, "Name": null, "description": null, "timestamp": null, "begin": null, "end": null, "altitudeMode": null, "tessellate": -1, "extrude": 0, "visibility": -1, "drawOrder": null, "icon": null }, "geometry": { "type": "Point", "coordinates": [ 80.28973, 13.13115 ] } },
{ "type": "Feature", "properties": { "name": null, "layer": "schools", "id": null, "Name": null, "description": null, "timestamp": null, "begin": null, "end": null, "altitudeMode": null, "tessellate": -1, "extrude": 0, "visibility": -1, "drawOrder": null, "icon": null }, "geometry": { "type": "Point", "coordinates": [ 80.29185, 13.13842 ] } },
{ "type": "Feature", "properties": { "name": null, "layer": "schools", "id": null, "Name": null, "description": null, "timestamp": null, "begin": null, "end": null, "altitudeMode": null, "tessellate": -1, "extrude": 0, "visibility": -1, "drawOrder": null, "icon": null }, "geometry": { "type": "Point", "coordinates": [ 80.2924, 13.13388 ] } },
{ "type": "Feature", "properties": { "name": null, "layer": "schools", "id": null, "Name": null, "description": null, "timestamp": null, "begin": null, "end": null, "altitudeMode": null, "tessellate": -1, "extrude": 0, "visibility": -1, "drawOrder": null, "icon": null }, "geometry": { "type": "Point", "coordinates": [ 80.28976, 13.13089 ] } },
{ "type": "Feature", "properties": { "name": null, "layer": "schools", "id": null, "Name": null, "description": null, "timestamp": null, "begin": null, "end": null, "altitudeMode": null, "tessellate": -1, "extrude": 0, "visibility": -1, "drawOrder": null, "icon": null }, "geometry": { "type": "Point", "coordinates": [ 80.27381, 13.11928 ] } },
{ "type": "Feature", "properties": { "name": null, "layer": "schools", "id": null, "Name": null, "description": null, "timestamp": null, "begin": null, "end": null, "altitudeMode": null, "tessellate": -1, "extrude": 0, "visibility": -1, "drawOrder": null, "icon": null }, "geometry": { "type": "Point", "coordinates": [ 80.27205, 13.12725 ] } },
{ "type": "Feature", "properties": { "name": null, "layer": "schools", "id": null, "Name": null, "description": null, "timestamp": null, "begin": null, "end": null, "altitudeMode": null, "tessellate": -1, "extrude": 0, "visibility": -1, "drawOrder": null, "icon": null }, "geometry": { "type": "Point", "coordinates": [ 80.27814, 13.12583 ] } },
{ "type": "Feature", "properties": { "name": null, "layer": "schools", "id": null, "Name": null, "description": null, "timestamp": null, "begin": null, "end": null, "altitudeMode": null, "tessellate": -1, "extrude": 0, "visibility": -1, "drawOrder": null, "icon": null }, "geometry": { "type": "Point", "coordinates": [ 80.275, 13.12556 ] } },
{ "type": "Feature", "properties": { "name": null, "layer": "schools", "id": null, "Name": null, "description": null, "timestamp": null, "begin": null, "end": null, "altitudeMode": null, "tessellate": -1, "extrude": 0, "visibility": -1, "drawOrder": null, "icon": null }, "geometry": { "type": "Point", "coordinates": [ 80.27875, 13.12591 ] } },
{ "type": "Feature", "properties": { "name": null, "layer": "schools", "id": null, "Name": null, "description": null, "timestamp": null, "begin": null, "end": null, "altitudeMode": null, "tessellate": -1, "extrude": 0, "visibility": -1, "drawOrder": null, "icon": null }, "geometry": { "type": "Point", "coordinates": [ 80.27226, 13.12874 ] } },
{ "type": "Feature", "properties": { "name": null, "layer": "schools", "id": null, "Name": null, "description": null, "timestamp": null, "begin": null, "end": null, "altitudeMode": null, "tessellate": -1, "extrude": 0, "visibility": -1, "drawOrder": null, "icon": null }, "geometry": { "type": "Point", "coordinates": [ 80.28015, 13.12562 ] } },
{ "type": "Feature", "properties": { "name": null, "layer": "schools", "id": null, "Name": null, "description": null, "timestamp": null, "begin": null, "end": null, "altitudeMode": null, "tessellate": -1, "extrude": 0, "visibility": -1, "drawOrder": null, "icon": null }, "geometry": { "type": "Point", "coordinates": [ 80.27494, 13.12031 ] } },
{ "type": "Feature", "properties": { "name": null, "layer": "schools", "id": null, "Name": null, "description": null, "timestamp": null, "begin": null, "end": null, "altitudeMode": null, "tessellate": -1, "extrude": 0, "visibility": -1, "drawOrder": null, "icon": null }, "geometry": { "type": "Point", "coordinates": [ 80.27392, 13.12118 ] } },
{ "type": "Feature", "properties": { "name": null, "layer": "schools", "id": null, "Name": null, "description": null, "timestamp": null, "begin": null, "end": null, "altitudeMode": null, "tessellate": -1, "extrude": 0, "visibility": -1, "drawOrder": null, "icon": null }, "geometry": { "type": "Point", "coordinates": [ 80.27433, 13.11963 ] } },
{ "type": "Feature", "properties": { "name": null, "layer": "schools", "id": null, "Name": null, "description": null, "timestamp": null, "begin": null, "end": null, "altitudeMode": null, "tessellate": -1, "extrude": 0, "visibility": -1, "drawOrder": null, "icon": null }, "geometry": { "type": "Point", "coordinates": [ 80.27501, 13.12347 ] } },
{ "type": "Feature", "properties": { "name": null, "layer": "schools", "id": null, "Name": null, "description": null, "timestamp": null, "begin": null, "end": null, "altitudeMode": null, "tessellate": -1, "extrude": 0, "visibility": -1, "drawOrder": null, "icon": null }, "geometry": { "type": "Point", "coordinates": [ 80.27534, 13.12523 ] } },
{ "type": "Feature", "properties": { "name": null, "layer": "schools", "id": null, "Name": null, "description": null, "timestamp": null, "begin": null, "end": null, "altitudeMode": null, "tessellate": -1, "extrude": 0, "visibility": -1, "drawOrder": null, "icon": null }, "geometry": { "type": "Point", "coordinates": [ 80.27267, 13.1275 ] } },
{ "type": "Feature", "properties": { "name": null, "layer": "schools", "id": null, "Name": null, "description": null, "timestamp": null, "begin": null, "end": null, "altitudeMode": null, "tessellate": -1, "extrude": 0, "visibility": -1, "drawOrder": null, "icon": null }, "geometry": { "type": "Point", "coordinates": [ 80.28074, 13.12743 ] } },
{ "type": "Feature", "properties": { "name": null, "layer": "schools", "id": null, "Name": null, "description": null, "timestamp": null, "begin": null, "end": null, "altitudeMode": null, "tessellate": -1, "extrude": 0, "visibility": -1, "drawOrder": null, "icon": null }, "geometry": { "type": "Point", "coordinates": [ 80.27988, 13.12532 ] } },
{ "type": "Feature", "properties": { "name": null, "layer": "schools", "id": null, "Name": null, "description": null, "timestamp": null, "begin": null, "end": null, "altitudeMode": null, "tessellate": -1, "extrude": 0, "visibility": -1, "drawOrder": null, "icon": null }, "geometry": { "type": "Point", "coordinates": [ 80.28687, 13.1228 ] } },
{ "type": "Feature", "properties": { "name": null, "layer": "schools", "id": null, "Name": null, "description": null, "timestamp": null, "begin": null, "end": null, "altitudeMode": null, "tessellate": -1, "extrude": 0, "visibility": -1, "drawOrder": null, "icon": null }, "geometry": { "type": "Point", "coordinates": [ 80.28787, 13.126 ] } },
{ "type": "Feature", "properties": { "name": null, "layer": "schools", "id": null, "Name": null, "description": null, "timestamp": null, "begin": null, "end": null, "altitudeMode": null, "tessellate": -1, "extrude": 0, "visibility": -1, "drawOrder": null, "icon": null }, "geometry": { "type": "Point", "coordinates": [ 80.28543, 13.12073 ] } },
{ "type": "Feature", "properties": { "name": null, "layer": "schools", "id": null, "Name": null, "description": null, "timestamp": null, "begin": null, "end": null, "altitudeMode": null, "tessellate": -1, "extrude": 0, "visibility": -1, "drawOrder": null, "icon": null }, "geometry": { "type": "Point", "coordinates": [ 80.28572, 13.12092 ] } },
{ "type": "Feature", "properties": { "name": null, "layer": "schools", "id": null, "Name": null, "description": null, "timestamp": null, "begin": null, "end": null, "altitudeMode": null, "tessellate": -1, "extrude": 0, "visibility": -1, "drawOrder": null, "icon": null }, "geometry": { "type": "Point", "coordinates": [ 80.28177, 13.11863 ] } },
{ "type": "Feature", "properties": { "name": null, "layer": "schools", "id": null, "Name": null, "description": null, "timestamp": null, "begin": null, "end": null, "altitudeMode": null, "tessellate": -1, "extrude": 0, "visibility": -1, "drawOrder": null, "icon": null }, "geometry": { "type": "Point", "coordinates": [ 80.28417, 13.11791 ] } },
{ "type": "Feature", "properties": { "name": null, "layer": "schools", "id": null, "Name": null, "description": null, "timestamp": null, "begin": null, "end": null, "altitudeMode": null, "tessellate": -1, "extrude": 0, "visibility": -1, "drawOrder": null, "icon": null }, "geometry": { "type": "Point", "coordinates": [ 80.28366, 13.12008 ] } },
{ "type": "Feature", "properties": { "name": null, "layer": "schools", "id": null, "Name": null, "description": null, "timestamp": null, "begin": null, "end": null, "altitudeMode": null, "tessellate": -1, "extrude": 0, "visibility": -1, "drawOrder": null, "icon": null }, "geometry": { "type": "Point", "coordinates": [ 80.28906, 13.12297 ] } },
{ "type": "Feature", "properties": { "name": null, "layer": "schools", "id": null, "Name": null, "description": null, "timestamp": null, "begin": null, "end": null, "altitudeMode": null, "tessellate": -1, "extrude": 0, "visibility": -1, "drawOrder": null, "icon": null }, "geometry": { "type": "Point", "coordinates": [ 80.29436, 13.12344 ] } },
{ "type": "Feature", "properties": { "name": null, "layer": "schools", "id": null, "Name": null, "description": null, "timestamp": null, "begin": null, "end": null, "altitudeMode": null, "tessellate": -1, "extrude": 0, "visibility": -1, "drawOrder": null, "icon": null }, "geometry": { "type": "Point", "coordinates": [ 80.29006, 13.127 ] } },
{ "type": "Feature", "properties": { "name": null, "layer": "schools", "id": null, "Name": null, "description": null, "timestamp": null, "begin": null, "end": null, "altitudeMode": null, "tessellate": -1, "extrude": 0, "visibility": -1, "drawOrder": null, "icon": null }, "geometry": { "type": "Point", "coordinates": [ 80.29113, 13.12797 ] } },
{ "type": "Feature", "properties": { "name": null, "layer": "schools", "id": null, "Name": null, "description": null, "timestamp": null, "begin": null, "end": null, "altitudeMode": null, "tessellate": -1, "extrude": 0, "visibility": -1, "drawOrder": null, "icon": null }, "geometry": { "type": "Point", "coordinates": [ 80.29472, 13.12501 ] } },
{ "type": "Feature", "properties": { "name": null, "layer": "schools", "id": null, "Name": null, "description": null, "timestamp": null, "begin": null, "end": null, "altitudeMode": null, "tessellate": -1, "extrude": 0, "visibility": -1, "drawOrder": null, "icon": null }, "geometry": { "type": "Point", "coordinates": [ 80.29076, 13.12424 ] } },
{ "type": "Feature", "properties": { "name": null, "layer": "schools", "id": null, "Name": null, "description": null, "timestamp": null, "begin": null, "end": null, "altitudeMode": null, "tessellate": -1, "extrude": 0, "visibility": -1, "drawOrder": null, "icon": null }, "geometry": { "type": "Point", "coordinates": [ 80.29364, 13.12587 ] } },
{ "type": "Feature", "properties": { "name": null, "layer": "schools", "id": null, "Name": null, "description": null, "timestamp": null, "begin": null, "end": null, "altitudeMode": null, "tessellate": -1, "extrude": 0, "visibility": -1, "drawOrder": null, "icon": null }, "geometry": { "type": "Point", "coordinates": [ 80.29098, 13.12656 ] } },
{ "type": "Feature", "properties": { "name": null, "layer": "schools", "id": null, "Name": null, "description": null, "timestamp": null, "begin": null, "end": null, "altitudeMode": null, "tessellate": -1, "extrude": 0, "visibility": -1, "drawOrder": null, "icon": null }, "geometry": { "type": "Point", "coordinates": [ 80.29101, 13.12683 ] } },
{ "type": "Feature", "properties": { "name": null, "layer": "schools", "id": null, "Name": null, "description": null, "timestamp": null, "begin": null, "end": null, "altitudeMode": null, "tessellate": -1, "extrude": 0, "visibility": -1, "drawOrder": null, "icon": null }, "geometry": { "type": "Point", "coordinates": [ 80.2903, 13.12618 ] } },
{ "type": "Feature", "properties": { "name": null, "layer": "schools", "id": null, "Name": null, "description": null, "timestamp": null, "begin": null, "end": null, "altitudeMode": null, "tessellate": -1, "extrude": 0, "visibility": -1, "drawOrder": null, "icon": null }, "geometry": { "type": "Point", "coordinates": [ 80.24975, 13.11558 ] } },
{ "type": "Feature", "properties": { "name": null, "layer": "schools", "id": null, "Name": null, "description": null, "timestamp": null, "begin": null, "end": null, "altitudeMode": null, "tessellate": -1, "extrude": 0, "visibility": -1, "drawOrder": null, "icon": null }, "geometry": { "type": "Point", "coordinates": [ 80.24766, 13.11916 ] } },
{ "type": "Feature", "properties": { "name": null, "layer": "schools", "id": null, "Name": null, "description": null, "timestamp": null, "begin": null, "end": null, "altitudeMode": null, "tessellate": -1, "extrude": 0, "visibility": -1, "drawOrder": null, "icon": null }, "geometry": { "type": "Point", "coordinates": [ 80.24635, 13.11891 ] } },
{ "type": "Feature", "properties": { "name": null, "layer": "schools", "id": null, "Name": null, "description": null, "timestamp": null, "begin": null, "end": null, "altitudeMode": null, "tessellate": -1, "extrude": 0, "visibility": -1, "drawOrder": null, "icon": null }, "geometry": { "type": "Point", "coordinates": [ 80.24601, 13.11596 ] } },
{ "type": "Feature", "properties": { "name": null, "layer": "schools", "id": null, "Name": null, "description": null, "timestamp": null, "begin": null, "end": null, "altitudeMode": null, "tessellate": -1, "extrude": 0, "visibility": -1, "drawOrder": null, "icon": null }, "geometry": { "type": "Point", "coordinates": [ 80.24726, 13.11349 ] } },
{ "type": "Feature", "properties": { "name": null, "layer": "schools", "id": null, "Name": null, "description": null, "timestamp": null, "begin": null, "end": null, "altitudeMode": null, "tessellate": -1, "extrude": 0, "visibility": -1, "drawOrder": null, "icon": null }, "geometry": { "type": "Point", "coordinates": [ 80.25284, 13.10904 ] } },
{ "type": "Feature", "properties": { "name": null, "layer": "schools", "id": null, "Name": null, "description": null, "timestamp": null, "begin": null, "end": null, "altitudeMode": null, "tessellate": -1, "extrude": 0, "visibility": -1, "drawOrder": null, "icon": null }, "geometry": { "type": "Point", "coordinates": [ 80.26169, 13.11356 ] } },
{ "type": "Feature", "properties": { "name": null, "layer": "schools", "id": null, "Name": null, "description": null, "timestamp": null, "begin": null, "end": null, "altitudeMode": null, "tessellate": -1, "extrude": 0, "visibility": -1, "drawOrder": null, "icon": null }, "geometry": { "type": "Point", "coordinates": [ 80.26047, 13.11802 ] } },
{ "type": "Feature", "properties": { "name": null, "layer": "schools", "id": null, "Name": null, "description": null, "timestamp": null, "begin": null, "end": null, "altitudeMode": null, "tessellate": -1, "extrude": 0, "visibility": -1, "drawOrder": null, "icon": null }, "geometry": { "type": "Point", "coordinates": [ 80.26097, 13.11061 ] } },
{ "type": "Feature", "properties": { "name": null, "layer": "schools", "id": null, "Name": null, "description": null, "timestamp": null, "begin": null, "end": null, "altitudeMode": null, "tessellate": -1, "extrude": 0, "visibility": -1, "drawOrder": null, "icon": null }, "geometry": { "type": "Point", "coordinates": [ 80.25255, 13.11123 ] } },
{ "type": "Feature", "properties": { "name": null, "layer": "schools", "id": null, "Name": null, "description": null, "timestamp": null, "begin": null, "end": null, "altitudeMode": null, "tessellate": -1, "extrude": 0, "visibility": -1, "drawOrder": null, "icon": null }, "geometry": { "type": "Point", "coordinates": [ 80.25488, 13.11095 ] } },
{ "type": "Feature", "properties": { "name": null, "layer": "schools", "id": null, "Name": null, "description": null, "timestamp": null, "begin": null, "end": null, "altitudeMode": null, "tessellate": -1, "extrude": 0, "visibility": -1, "drawOrder": null, "icon": null }, "geometry": { "type": "Point", "coordinates": [ 80.25522, 13.11651 ] } },
{ "type": "Feature", "properties": { "name": null, "layer": "schools", "id": null, "Name": null, "description": null, "timestamp": null, "begin": null, "end": null, "altitudeMode": null, "tessellate": -1, "extrude": 0, "visibility": -1, "drawOrder": null, "icon": null }, "geometry": { "type": "Point", "coordinates": [ 80.25677, 13.11078 ] } },
{ "type": "Feature", "properties": { "name": null, "layer": "schools", "id": null, "Name": null, "description": null, "timestamp": null, "begin": null, "end": null, "altitudeMode": null, "tessellate": -1, "extrude": 0, "visibility": -1, "drawOrder": null, "icon": null }, "geometry": { "type": "Point", "coordinates": [ 80.26051, 13.11386 ] } },
{ "type": "Feature", "properties": { "name": null, "layer": "schools", "id": null, "Name": null, "description": null, "timestamp": null, "begin": null, "end": null, "altitudeMode": null, "tessellate": -1, "extrude": 0, "visibility": -1, "drawOrder": null, "icon": null }, "geometry": { "type": "Point", "coordinates": [ 80.26046, 13.11398 ] } },
{ "type": "Feature", "properties": { "name": null, "layer": "schools", "id": null, "Name": null, "description": null, "timestamp": null, "begin": null, "end": null, "altitudeMode": null, "tessellate": -1, "extrude": 0, "visibility": -1, "drawOrder": null, "icon": null }, "geometry": { "type": "Point", "coordinates": [ 80.26066, 13.11259 ] } },
{ "type": "Feature", "properties": { "name": null, "layer": "schools", "id": null, "Name": null, "description": null, "timestamp": null, "begin": null, "end": null, "altitudeMode": null, "tessellate": -1, "extrude": 0, "visibility": -1, "drawOrder": null, "icon": null }, "geometry": { "type": "Point", "coordinates": [ 80.26079, 13.10995 ] } },
{ "type": "Feature", "properties": { "name": null, "layer": "schools", "id": null, "Name": null, "description": null, "timestamp": null, "begin": null, "end": null, "altitudeMode": null, "tessellate": -1, "extrude": 0, "visibility": -1, "drawOrder": null, "icon": null }, "geometry": { "type": "Point", "coordinates": [ 80.25879, 13.11611 ] } },
{ "type": "Feature", "properties": { "name": null, "layer": "schools", "id": null, "Name": null, "description": null, "timestamp": null, "begin": null, "end": null, "altitudeMode": null, "tessellate": -1, "extrude": 0, "visibility": -1, "drawOrder": null, "icon": null }, "geometry": { "type": "Point", "coordinates": [ 80.25329, 13.1108 ] } },
{ "type": "Feature", "properties": { "name": null, "layer": "schools", "id": null, "Name": null, "description": null, "timestamp": null, "begin": null, "end": null, "altitudeMode": null, "tessellate": -1, "extrude": 0, "visibility": -1, "drawOrder": null, "icon": null }, "geometry": { "type": "Point", "coordinates": [ 80.25668, 13.1113 ] } },
{ "type": "Feature", "properties": { "name": null, "layer": "schools", "id": null, "Name": null, "description": null, "timestamp": null, "begin": null, "end": null, "altitudeMode": null, "tessellate": -1, "extrude": 0, "visibility": -1, "drawOrder": null, "icon": null }, "geometry": { "type": "Point", "coordinates": [ 80.26484, 13.1154 ] } },
{ "type": "Feature", "properties": { "name": null, "layer": "schools", "id": null, "Name": null, "description": null, "timestamp": null, "begin": null, "end": null, "altitudeMode": null, "tessellate": -1, "extrude": 0, "visibility": -1, "drawOrder": null, "icon": null }, "geometry": { "type": "Point", "coordinates": [ 80.26544, 13.11312 ] } },
{ "type": "Feature", "properties": { "name": null, "layer": "schools", "id": null, "Name": null, "description": null, "timestamp": null, "begin": null, "end": null, "altitudeMode": null, "tessellate": -1, "extrude": 0, "visibility": -1, "drawOrder": null, "icon": null }, "geometry": { "type": "Point", "coordinates": [ 80.26719, 13.11562 ] } },
{ "type": "Feature", "properties": { "name": null, "layer": "schools", "id": null, "Name": null, "description": null, "timestamp": null, "begin": null, "end": null, "altitudeMode": null, "tessellate": -1, "extrude": 0, "visibility": -1, "drawOrder": null, "icon": null }, "geometry": { "type": "Point", "coordinates": [ 80.26719, 13.11562 ] } },
{ "type": "Feature", "properties": { "name": null, "layer": "schools", "id": null, "Name": null, "description": null, "timestamp": null, "begin": null, "end": null, "altitudeMode": null, "tessellate": -1, "extrude": 0, "visibility": -1, "drawOrder": null, "icon": null }, "geometry": { "type": "Point", "coordinates": [ 80.27715, 13.11588 ] } },
{ "type": "Feature", "properties": { "name": null, "layer": "schools", "id": null, "Name": null, "description": null, "timestamp": null, "begin": null, "end": null, "altitudeMode": null, "tessellate": -1, "extrude": 0, "visibility": -1, "drawOrder": null, "icon": null }, "geometry": { "type": "Point", "coordinates": [ 80.2794, 13.11705 ] } },
{ "type": "Feature", "properties": { "name": null, "layer": "schools", "id": null, "Name": null, "description": null, "timestamp": null, "begin": null, "end": null, "altitudeMode": null, "tessellate": -1, "extrude": 0, "visibility": -1, "drawOrder": null, "icon": null }, "geometry": { "type": "Point", "coordinates": [ 80.27713, 13.11558 ] } },
{ "type": "Feature", "properties": { "name": null, "layer": "schools", "id": null, "Name": null, "description": null, "timestamp": null, "begin": null, "end": null, "altitudeMode": null, "tessellate": -1, "extrude": 0, "visibility": -1, "drawOrder": null, "icon": null }, "geometry": { "type": "Point", "coordinates": [ 80.27582, 13.1166 ] } },
{ "type": "Feature", "properties": { "name": null, "layer": "schools", "id": null, "Name": null, "description": null, "timestamp": null, "begin": null, "end": null, "altitudeMode": null, "tessellate": -1, "extrude": 0, "visibility": -1, "drawOrder": null, "icon": null }, "geometry": { "type": "Point", "coordinates": [ 80.27968, 13.11787 ] } },
{ "type": "Feature", "properties": { "name": null, "layer": "schools", "id": null, "Name": null, "description": null, "timestamp": null, "begin": null, "end": null, "altitudeMode": null, "tessellate": -1, "extrude": 0, "visibility": -1, "drawOrder": null, "icon": null }, "geometry": { "type": "Point", "coordinates": [ 80.27352, 13.11291 ] } },
{ "type": "Feature", "properties": { "name": null, "layer": "schools", "id": null, "Name": null, "description": null, "timestamp": null, "begin": null, "end": null, "altitudeMode": null, "tessellate": -1, "extrude": 0, "visibility": -1, "drawOrder": null, "icon": null }, "geometry": { "type": "Point", "coordinates": [ 80.27434, 13.11387 ] } },
{ "type": "Feature", "properties": { "name": null, "layer": "schools", "id": null, "Name": null, "description": null, "timestamp": null, "begin": null, "end": null, "altitudeMode": null, "tessellate": -1, "extrude": 0, "visibility": -1, "drawOrder": null, "icon": null }, "geometry": { "type": "Point", "coordinates": [ 80.2727, 13.11718 ] } },
{ "type": "Feature", "properties": { "name": null, "layer": "schools", "id": null, "Name": null, "description": null, "timestamp": null, "begin": null, "end": null, "altitudeMode": null, "tessellate": -1, "extrude": 0, "visibility": -1, "drawOrder": null, "icon": null }, "geometry": { "type": "Point", "coordinates": [ 80.27306, 13.11645 ] } },
{ "type": "Feature", "properties": { "name": null, "layer": "schools", "id": null, "Name": null, "description": null, "timestamp": null, "begin": null, "end": null, "altitudeMode": null, "tessellate": -1, "extrude": 0, "visibility": -1, "drawOrder": null, "icon": null }, "geometry": { "type": "Point", "coordinates": [ 80.27966, 13.117 ] } },
{ "type": "Feature", "properties": { "name": null, "layer": "schools", "id": null, "Name": null, "description": null, "timestamp": null, "begin": null, "end": null, "altitudeMode": null, "tessellate": -1, "extrude": 0, "visibility": -1, "drawOrder": null, "icon": null }, "geometry": { "type": "Point", "coordinates": [ 80.2728, 13.1189 ] } },
{ "type": "Feature", "properties": { "name": null, "layer": "schools", "id": null, "Name": null, "description": null, "timestamp": null, "begin": null, "end": null, "altitudeMode": null, "tessellate": -1, "extrude": 0, "visibility": -1, "drawOrder": null, "icon": null }, "geometry": { "type": "Point", "coordinates": [ 80.27355, 13.11293 ] } },
{ "type": "Feature", "properties": { "name": null, "layer": "schools", "id": null, "Name": null, "description": null, "timestamp": null, "begin": null, "end": null, "altitudeMode": null, "tessellate": -1, "extrude": 0, "visibility": -1, "drawOrder": null, "icon": null }, "geometry": { "type": "Point", "coordinates": [ 80.27512, 13.11842 ] } },
{ "type": "Feature", "properties": { "name": null, "layer": "schools", "id": null, "Name": null, "description": null, "timestamp": null, "begin": null, "end": null, "altitudeMode": null, "tessellate": -1, "extrude": 0, "visibility": -1, "drawOrder": null, "icon": null }, "geometry": { "type": "Point", "coordinates": [ 80.28226, 13.11506 ] } },
{ "type": "Feature", "properties": { "name": null, "layer": "schools", "id": null, "Name": null, "description": null, "timestamp": null, "begin": null, "end": null, "altitudeMode": null, "tessellate": -1, "extrude": 0, "visibility": -1, "drawOrder": null, "icon": null }, "geometry": { "type": "Point", "coordinates": [ 80.27812, 13.11324 ] } },
{ "type": "Feature", "properties": { "name": null, "layer": "schools", "id": null, "Name": null, "description": null, "timestamp": null, "begin": null, "end": null, "altitudeMode": null, "tessellate": -1, "extrude": 0, "visibility": -1, "drawOrder": null, "icon": null }, "geometry": { "type": "Point", "coordinates": [ 80.28426, 13.11714 ] } },
{ "type": "Feature", "properties": { "name": null, "layer": "schools", "id": null, "Name": null, "description": null, "timestamp": null, "begin": null, "end": null, "altitudeMode": null, "tessellate": -1, "extrude": 0, "visibility": -1, "drawOrder": null, "icon": null }, "geometry": { "type": "Point", "coordinates": [ 80.28497, 13.11322 ] } },
{ "type": "Feature", "properties": { "name": null, "layer": "schools", "id": null, "Name": null, "description": null, "timestamp": null, "begin": null, "end": null, "altitudeMode": null, "tessellate": -1, "extrude": 0, "visibility": -1, "drawOrder": null, "icon": null }, "geometry": { "type": "Point", "coordinates": [ 80.28491, 13.1153 ] } },
{ "type": "Feature", "properties": { "name": null, "layer": "schools", "id": null, "Name": null, "description": null, "timestamp": null, "begin": null, "end": null, "altitudeMode": null, "tessellate": -1, "extrude": 0, "visibility": -1, "drawOrder": null, "icon": null }, "geometry": { "type": "Point", "coordinates": [ 80.28138, 13.11531 ] } },
{ "type": "Feature", "properties": { "name": null, "layer": "schools", "id": null, "Name": null, "description": null, "timestamp": null, "begin": null, "end": null, "altitudeMode": null, "tessellate": -1, "extrude": 0, "visibility": -1, "drawOrder": null, "icon": null }, "geometry": { "type": "Point", "coordinates": [ 80.28002, 13.11342 ] } },
{ "type": "Feature", "properties": { "name": null, "layer": "schools", "id": null, "Name": null, "description": null, "timestamp": null, "begin": null, "end": null, "altitudeMode": null, "tessellate": -1, "extrude": 0, "visibility": -1, "drawOrder": null, "icon": null }, "geometry": { "type": "Point", "coordinates": [ 80.27936, 13.11313 ] } },
{ "type": "Feature", "properties": { "name": null, "layer": "schools", "id": null, "Name": null, "description": null, "timestamp": null, "begin": null, "end": null, "altitudeMode": null, "tessellate": -1, "extrude": 0, "visibility": -1, "drawOrder": null, "icon": null }, "geometry": { "type": "Point", "coordinates": [ 80.28048, 13.11232 ] } },
{ "type": "Feature", "properties": { "name": null, "layer": "schools", "id": null, "Name": null, "description": null, "timestamp": null, "begin": null, "end": null, "altitudeMode": null, "tessellate": -1, "extrude": 0, "visibility": -1, "drawOrder": null, "icon": null }, "geometry": { "type": "Point", "coordinates": [ 80.27808, 13.11346 ] } },
{ "type": "Feature", "properties": { "name": null, "layer": "schools", "id": null, "Name": null, "description": null, "timestamp": null, "begin": null, "end": null, "altitudeMode": null, "tessellate": -1, "extrude": 0, "visibility": -1, "drawOrder": null, "icon": null }, "geometry": { "type": "Point", "coordinates": [ 80.27925, 13.11315 ] } },
{ "type": "Feature", "properties": { "name": null, "layer": "schools", "id": null, "Name": null, "description": null, "timestamp": null, "begin": null, "end": null, "altitudeMode": null, "tessellate": -1, "extrude": 0, "visibility": -1, "drawOrder": null, "icon": null }, "geometry": { "type": "Point", "coordinates": [ 80.28165, 13.11719 ] } },
{ "type": "Feature", "properties": { "name": null, "layer": "schools", "id": null, "Name": null, "description": null, "timestamp": null, "begin": null, "end": null, "altitudeMode": null, "tessellate": -1, "extrude": 0, "visibility": -1, "drawOrder": null, "icon": null }, "geometry": { "type": "Point", "coordinates": [ 80.28468, 13.11528 ] } },
{ "type": "Feature", "properties": { "name": null, "layer": "schools", "id": null, "Name": null, "description": null, "timestamp": null, "begin": null, "end": null, "altitudeMode": null, "tessellate": -1, "extrude": 0, "visibility": -1, "drawOrder": null, "icon": null }, "geometry": { "type": "Point", "coordinates": [ 80.28766, 13.12004 ] } },
{ "type": "Feature", "properties": { "name": null, "layer": "schools", "id": null, "Name": null, "description": null, "timestamp": null, "begin": null, "end": null, "altitudeMode": null, "tessellate": -1, "extrude": 0, "visibility": -1, "drawOrder": null, "icon": null }, "geometry": { "type": "Point", "coordinates": [ 80.28943, 13.12035 ] } },
{ "type": "Feature", "properties": { "name": null, "layer": "schools", "id": null, "Name": null, "description": null, "timestamp": null, "begin": null, "end": null, "altitudeMode": null, "tessellate": -1, "extrude": 0, "visibility": -1, "drawOrder": null, "icon": null }, "geometry": { "type": "Point", "coordinates": [ 80.29279, 13.11776 ] } },
{ "type": "Feature", "properties": { "name": null, "layer": "schools", "id": null, "Name": null, "description": null, "timestamp": null, "begin": null, "end": null, "altitudeMode": null, "tessellate": -1, "extrude": 0, "visibility": -1, "drawOrder": null, "icon": null }, "geometry": { "type": "Point", "coordinates": [ 80.2889, 13.11916 ] } },
{ "type": "Feature", "properties": { "name": null, "layer": "schools", "id": null, "Name": null, "description": null, "timestamp": null, "begin": null, "end": null, "altitudeMode": null, "tessellate": -1, "extrude": 0, "visibility": -1, "drawOrder": null, "icon": null }, "geometry": { "type": "Point", "coordinates": [ 80.28815, 13.11856 ] } },
{ "type": "Feature", "properties": { "name": null, "layer": "schools", "id": null, "Name": null, "description": null, "timestamp": null, "begin": null, "end": null, "altitudeMode": null, "tessellate": -1, "extrude": 0, "visibility": -1, "drawOrder": null, "icon": null }, "geometry": { "type": "Point", "coordinates": [ 80.28867, 13.11326 ] } },
{ "type": "Feature", "properties": { "name": null, "layer": "schools", "id": null, "Name": null, "description": null, "timestamp": null, "begin": null, "end": null, "altitudeMode": null, "tessellate": -1, "extrude": 0, "visibility": -1, "drawOrder": null, "icon": null }, "geometry": { "type": "Point", "coordinates": [ 80.29164, 13.11846 ] } },
{ "type": "Feature", "properties": { "name": null, "layer": "schools", "id": null, "Name": null, "description": null, "timestamp": null, "begin": null, "end": null, "altitudeMode": null, "tessellate": -1, "extrude": 0, "visibility": -1, "drawOrder": null, "icon": null }, "geometry": { "type": "Point", "coordinates": [ 80.28818, 13.11421 ] } },
{ "type": "Feature", "properties": { "name": null, "layer": "schools", "id": null, "Name": null, "description": null, "timestamp": null, "begin": null, "end": null, "altitudeMode": null, "tessellate": -1, "extrude": 0, "visibility": -1, "drawOrder": null, "icon": null }, "geometry": { "type": "Point", "coordinates": [ 80.29085, 13.11485 ] } },
{ "type": "Feature", "properties": { "name": null, "layer": "schools", "id": null, "Name": null, "description": null, "timestamp": null, "begin": null, "end": null, "altitudeMode": null, "tessellate": -1, "extrude": 0, "visibility": -1, "drawOrder": null, "icon": null }, "geometry": { "type": "Point", "coordinates": [ 80.2855, 13.11903 ] } },
{ "type": "Feature", "properties": { "name": null, "layer": "schools", "id": null, "Name": null, "description": null, "timestamp": null, "begin": null, "end": null, "altitudeMode": null, "tessellate": -1, "extrude": 0, "visibility": -1, "drawOrder": null, "icon": null }, "geometry": { "type": "Point", "coordinates": [ 80.2926, 13.1174 ] } },
{ "type": "Feature", "properties": { "name": null, "layer": "schools", "id": null, "Name": null, "description": null, "timestamp": null, "begin": null, "end": null, "altitudeMode": null, "tessellate": -1, "extrude": 0, "visibility": -1, "drawOrder": null, "icon": null }, "geometry": { "type": "Point", "coordinates": [ 80.2866, 13.11712 ] } },
{ "type": "Feature", "properties": { "name": null, "layer": "schools", "id": null, "Name": null, "description": null, "timestamp": null, "begin": null, "end": null, "altitudeMode": null, "tessellate": -1, "extrude": 0, "visibility": -1, "drawOrder": null, "icon": null }, "geometry": { "type": "Point", "coordinates": [ 80.28617, 13.11823 ] } },
{ "type": "Feature", "properties": { "name": null, "layer": "schools", "id": null, "Name": null, "description": null, "timestamp": null, "begin": null, "end": null, "altitudeMode": null, "tessellate": -1, "extrude": 0, "visibility": -1, "drawOrder": null, "icon": null }, "geometry": { "type": "Point", "coordinates": [ 80.28724, 13.11937 ] } },
{ "type": "Feature", "properties": { "name": null, "layer": "schools", "id": null, "Name": null, "description": null, "timestamp": null, "begin": null, "end": null, "altitudeMode": null, "tessellate": -1, "extrude": 0, "visibility": -1, "drawOrder": null, "icon": null }, "geometry": { "type": "Point", "coordinates": [ 80.29156, 13.11884 ] } },
{ "type": "Feature", "properties": { "name": null, "layer": "schools", "id": null, "Name": null, "description": null, "timestamp": null, "begin": null, "end": null, "altitudeMode": null, "tessellate": -1, "extrude": 0, "visibility": -1, "drawOrder": null, "icon": null }, "geometry": { "type": "Point", "coordinates": [ 80.29063, 13.11616 ] } },
{ "type": "Feature", "properties": { "name": null, "layer": "schools", "id": null, "Name": null, "description": null, "timestamp": null, "begin": null, "end": null, "altitudeMode": null, "tessellate": -1, "extrude": 0, "visibility": -1, "drawOrder": null, "icon": null }, "geometry": { "type": "Point", "coordinates": [ 80.29356, 13.12144 ] } },
{ "type": "Feature", "properties": { "name": null, "layer": "schools", "id": null, "Name": null, "description": null, "timestamp": null, "begin": null, "end": null, "altitudeMode": null, "tessellate": -1, "extrude": 0, "visibility": -1, "drawOrder": null, "icon": null }, "geometry": { "type": "Point", "coordinates": [ 80.29262, 13.11749 ] } },
{ "type": "Feature", "properties": { "name": null, "layer": "schools", "id": null, "Name": null, "description": null, "timestamp": null, "begin": null, "end": null, "altitudeMode": null, "tessellate": -1, "extrude": 0, "visibility": -1, "drawOrder": null, "icon": null }, "geometry": { "type": "Point", "coordinates": [ 80.29197, 13.11478 ] } },
{ "type": "Feature", "properties": { "name": null, "layer": "schools", "id": null, "Name": null, "description": null, "timestamp": null, "begin": null, "end": null, "altitudeMode": null, "tessellate": -1, "extrude": 0, "visibility": -1, "drawOrder": null, "icon": null }, "geometry": { "type": "Point", "coordinates": [ 80.29064, 13.11617 ] } },
{ "type": "Feature", "properties": { "name": null, "layer": "schools", "id": null, "Name": null, "description": null, "timestamp": null, "begin": null, "end": null, "altitudeMode": null, "tessellate": -1, "extrude": 0, "visibility": -1, "drawOrder": null, "icon": null }, "geometry": { "type": "Point", "coordinates": [ 80.29292, 13.12116 ] } },
{ "type": "Feature", "properties": { "name": null, "layer": "schools", "id": null, "Name": null, "description": null, "timestamp": null, "begin": null, "end": null, "altitudeMode": null, "tessellate": -1, "extrude": 0, "visibility": -1, "drawOrder": null, "icon": null }, "geometry": { "type": "Point", "coordinates": [ 80.29213, 13.12258 ] } },
{ "type": "Feature", "properties": { "name": null, "layer": "schools", "id": null, "Name": null, "description": null, "timestamp": null, "begin": null, "end": null, "altitudeMode": null, "tessellate": -1, "extrude": 0, "visibility": -1, "drawOrder": null, "icon": null }, "geometry": { "type": "Point", "coordinates": [ 80.28845, 13.11982 ] } },
{ "type": "Feature", "properties": { "name": null, "layer": "schools", "id": null, "Name": null, "description": null, "timestamp": null, "begin": null, "end": null, "altitudeMode": null, "tessellate": -1, "extrude": 0, "visibility": -1, "drawOrder": null, "icon": null }, "geometry": { "type": "Point", "coordinates": [ 80.30432, 13.16884 ] } },
{ "type": "Feature", "properties": { "name": null, "layer": "schools", "id": null, "Name": null, "description": null, "timestamp": null, "begin": null, "end": null, "altitudeMode": null, "tessellate": -1, "extrude": 0, "visibility": -1, "drawOrder": null, "icon": null }, "geometry": { "type": "Point", "coordinates": [ 80.30944, 13.1782 ] } },
{ "type": "Feature", "properties": { "name": null, "layer": "schools", "id": null, "Name": null, "description": null, "timestamp": null, "begin": null, "end": null, "altitudeMode": null, "tessellate": -1, "extrude": 0, "visibility": -1, "drawOrder": null, "icon": null }, "geometry": { "type": "Point", "coordinates": [ 80.30517, 13.17009 ] } },
{ "type": "Feature", "properties": { "name": null, "layer": "schools", "id": null, "Name": null, "description": null, "timestamp": null, "begin": null, "end": null, "altitudeMode": null, "tessellate": -1, "extrude": 0, "visibility": -1, "drawOrder": null, "icon": null }, "geometry": { "type": "Point", "coordinates": [ 80.31348, 13.18724 ] } },
{ "type": "Feature", "properties": { "name": null, "layer": "schools", "id": null, "Name": null, "description": null, "timestamp": null, "begin": null, "end": null, "altitudeMode": null, "tessellate": -1, "extrude": 0, "visibility": -1, "drawOrder": null, "icon": null }, "geometry": { "type": "Point", "coordinates": [ 80.30419, 13.16716 ] } },
{ "type": "Feature", "properties": { "name": null, "layer": "schools", "id": null, "Name": null, "description": null, "timestamp": null, "begin": null, "end": null, "altitudeMode": null, "tessellate": -1, "extrude": 0, "visibility": -1, "drawOrder": null, "icon": null }, "geometry": { "type": "Point", "coordinates": [ 80.31655, 13.18515 ] } },
{ "type": "Feature", "properties": { "name": null, "layer": "schools", "id": null, "Name": null, "description": null, "timestamp": null, "begin": null, "end": null, "altitudeMode": null, "tessellate": -1, "extrude": 0, "visibility": -1, "drawOrder": null, "icon": null }, "geometry": { "type": "Point", "coordinates": [ 80.30848, 13.17852 ] } },
{ "type": "Feature", "properties": { "name": null, "layer": "schools", "id": null, "Name": null, "description": null, "timestamp": null, "begin": null, "end": null, "altitudeMode": null, "tessellate": -1, "extrude": 0, "visibility": -1, "drawOrder": null, "icon": null }, "geometry": { "type": "Point", "coordinates": [ 80.30915, 13.18504 ] } },
{ "type": "Feature", "properties": { "name": null, "layer": "schools", "id": null, "Name": null, "description": null, "timestamp": null, "begin": null, "end": null, "altitudeMode": null, "tessellate": -1, "extrude": 0, "visibility": -1, "drawOrder": null, "icon": null }, "geometry": { "type": "Point", "coordinates": [ 80.31487, 13.1877 ] } },
{ "type": "Feature", "properties": { "name": null, "layer": "schools", "id": null, "Name": null, "description": null, "timestamp": null, "begin": null, "end": null, "altitudeMode": null, "tessellate": -1, "extrude": 0, "visibility": -1, "drawOrder": null, "icon": null }, "geometry": { "type": "Point", "coordinates": [ 80.30393, 13.16998 ] } },
{ "type": "Feature", "properties": { "name": null, "layer": "schools", "id": null, "Name": null, "description": null, "timestamp": null, "begin": null, "end": null, "altitudeMode": null, "tessellate": -1, "extrude": 0, "visibility": -1, "drawOrder": null, "icon": null }, "geometry": { "type": "Point", "coordinates": [ 80.27784, 13.09193 ] } },
{ "type": "Feature", "properties": { "name": null, "layer": "schools", "id": null, "Name": null, "description": null, "timestamp": null, "begin": null, "end": null, "altitudeMode": null, "tessellate": -1, "extrude": 0, "visibility": -1, "drawOrder": null, "icon": null }, "geometry": { "type": "Point", "coordinates": [ 80.27878, 13.09318 ] } },
{ "type": "Feature", "properties": { "name": null, "layer": "schools", "id": null, "Name": null, "description": null, "timestamp": null, "begin": null, "end": null, "altitudeMode": null, "tessellate": -1, "extrude": 0, "visibility": -1, "drawOrder": null, "icon": null }, "geometry": { "type": "Point", "coordinates": [ 80.27613, 13.08992 ] } },
{ "type": "Feature", "properties": { "name": null, "layer": "schools", "id": null, "Name": null, "description": null, "timestamp": null, "begin": null, "end": null, "altitudeMode": null, "tessellate": -1, "extrude": 0, "visibility": -1, "drawOrder": null, "icon": null }, "geometry": { "type": "Point", "coordinates": [ 80.28118, 13.09083 ] } },
{ "type": "Feature", "properties": { "name": null, "layer": "schools", "id": null, "Name": null, "description": null, "timestamp": null, "begin": null, "end": null, "altitudeMode": null, "tessellate": -1, "extrude": 0, "visibility": -1, "drawOrder": null, "icon": null }, "geometry": { "type": "Point", "coordinates": [ 80.27637, 13.09178 ] } },
{ "type": "Feature", "properties": { "name": null, "layer": "schools", "id": null, "Name": null, "description": null, "timestamp": null, "begin": null, "end": null, "altitudeMode": null, "tessellate": -1, "extrude": 0, "visibility": -1, "drawOrder": null, "icon": null }, "geometry": { "type": "Point", "coordinates": [ 80.27883, 13.09004 ] } },
{ "type": "Feature", "properties": { "name": null, "layer": "schools", "id": null, "Name": null, "description": null, "timestamp": null, "begin": null, "end": null, "altitudeMode": null, "tessellate": -1, "extrude": 0, "visibility": -1, "drawOrder": null, "icon": null }, "geometry": { "type": "Point", "coordinates": [ 80.27972, 13.0903 ] } },
{ "type": "Feature", "properties": { "name": null, "layer": "schools", "id": null, "Name": null, "description": null, "timestamp": null, "begin": null, "end": null, "altitudeMode": null, "tessellate": -1, "extrude": 0, "visibility": -1, "drawOrder": null, "icon": null }, "geometry": { "type": "Point", "coordinates": [ 80.27975, 13.09089 ] } },
{ "type": "Feature", "properties": { "name": null, "layer": "schools", "id": null, "Name": null, "description": null, "timestamp": null, "begin": null, "end": null, "altitudeMode": null, "tessellate": -1, "extrude": 0, "visibility": -1, "drawOrder": null, "icon": null }, "geometry": { "type": "Point", "coordinates": [ 80.28307, 13.0927 ] } },
{ "type": "Feature", "properties": { "name": null, "layer": "schools", "id": null, "Name": null, "description": null, "timestamp": null, "begin": null, "end": null, "altitudeMode": null, "tessellate": -1, "extrude": 0, "visibility": -1, "drawOrder": null, "icon": null }, "geometry": { "type": "Point", "coordinates": [ 80.28123, 13.09371 ] } },
{ "type": "Feature", "properties": { "name": null, "layer": "schools", "id": null, "Name": null, "description": null, "timestamp": null, "begin": null, "end": null, "altitudeMode": null, "tessellate": -1, "extrude": 0, "visibility": -1, "drawOrder": null, "icon": null }, "geometry": { "type": "Point", "coordinates": [ 80.27884, 13.09171 ] } },
{ "type": "Feature", "properties": { "name": null, "layer": "schools", "id": null, "Name": null, "description": null, "timestamp": null, "begin": null, "end": null, "altitudeMode": null, "tessellate": -1, "extrude": 0, "visibility": -1, "drawOrder": null, "icon": null }, "geometry": { "type": "Point", "coordinates": [ 80.28198, 13.09035 ] } },
{ "type": "Feature", "properties": { "name": null, "layer": "schools", "id": null, "Name": null, "description": null, "timestamp": null, "begin": null, "end": null, "altitudeMode": null, "tessellate": -1, "extrude": 0, "visibility": -1, "drawOrder": null, "icon": null }, "geometry": { "type": "Point", "coordinates": [ 80.28443, 13.08973 ] } },
{ "type": "Feature", "properties": { "name": null, "layer": "schools", "id": null, "Name": null, "description": null, "timestamp": null, "begin": null, "end": null, "altitudeMode": null, "tessellate": -1, "extrude": 0, "visibility": -1, "drawOrder": null, "icon": null }, "geometry": { "type": "Point", "coordinates": [ 80.28167, 13.09084 ] } },
{ "type": "Feature", "properties": { "name": null, "layer": "schools", "id": null, "Name": null, "description": null, "timestamp": null, "begin": null, "end": null, "altitudeMode": null, "tessellate": -1, "extrude": 0, "visibility": -1, "drawOrder": null, "icon": null }, "geometry": { "type": "Point", "coordinates": [ 80.2803, 13.09342 ] } },
{ "type": "Feature", "properties": { "name": null, "layer": "schools", "id": null, "Name": null, "description": null, "timestamp": null, "begin": null, "end": null, "altitudeMode": null, "tessellate": -1, "extrude": 0, "visibility": -1, "drawOrder": null, "icon": null }, "geometry": { "type": "Point", "coordinates": [ 80.28443, 13.08972 ] } },
{ "type": "Feature", "properties": { "name": null, "layer": "schools", "id": null, "Name": null, "description": null, "timestamp": null, "begin": null, "end": null, "altitudeMode": null, "tessellate": -1, "extrude": 0, "visibility": -1, "drawOrder": null, "icon": null }, "geometry": { "type": "Point", "coordinates": [ 80.27976, 13.09067 ] } },
{ "type": "Feature", "properties": { "name": null, "layer": "schools", "id": null, "Name": null, "description": null, "timestamp": null, "begin": null, "end": null, "altitudeMode": null, "tessellate": -1, "extrude": 0, "visibility": -1, "drawOrder": null, "icon": null }, "geometry": { "type": "Point", "coordinates": [ 80.28277, 13.0886 ] } },
{ "type": "Feature", "properties": { "name": null, "layer": "schools", "id": null, "Name": null, "description": null, "timestamp": null, "begin": null, "end": null, "altitudeMode": null, "tessellate": -1, "extrude": 0, "visibility": -1, "drawOrder": null, "icon": null }, "geometry": { "type": "Point", "coordinates": [ 80.27853, 13.09321 ] } },
{ "type": "Feature", "properties": { "name": null, "layer": "schools", "id": null, "Name": null, "description": null, "timestamp": null, "begin": null, "end": null, "altitudeMode": null, "tessellate": -1, "extrude": 0, "visibility": -1, "drawOrder": null, "icon": null }, "geometry": { "type": "Point", "coordinates": [ 80.27874, 13.09318 ] } },
{ "type": "Feature", "properties": { "name": null, "layer": "schools", "id": null, "Name": null, "description": null, "timestamp": null, "begin": null, "end": null, "altitudeMode": null, "tessellate": -1, "extrude": 0, "visibility": -1, "drawOrder": null, "icon": null }, "geometry": { "type": "Point", "coordinates": [ 80.27546, 13.09471 ] } },
{ "type": "Feature", "properties": { "name": null, "layer": "schools", "id": null, "Name": null, "description": null, "timestamp": null, "begin": null, "end": null, "altitudeMode": null, "tessellate": -1, "extrude": 0, "visibility": -1, "drawOrder": null, "icon": null }, "geometry": { "type": "Point", "coordinates": [ 80.27648, 13.09232 ] } },
{ "type": "Feature", "properties": { "name": null, "layer": "schools", "id": null, "Name": null, "description": null, "timestamp": null, "begin": null, "end": null, "altitudeMode": null, "tessellate": -1, "extrude": 0, "visibility": -1, "drawOrder": null, "icon": null }, "geometry": { "type": "Point", "coordinates": [ 80.26656, 13.08434 ] } },
{ "type": "Feature", "properties": { "name": null, "layer": "schools", "id": null, "Name": null, "description": null, "timestamp": null, "begin": null, "end": null, "altitudeMode": null, "tessellate": -1, "extrude": 0, "visibility": -1, "drawOrder": null, "icon": null }, "geometry": { "type": "Point", "coordinates": [ 80.26464, 13.09006 ] } },
{ "type": "Feature", "properties": { "name": null, "layer": "schools", "id": null, "Name": null, "description": null, "timestamp": null, "begin": null, "end": null, "altitudeMode": null, "tessellate": -1, "extrude": 0, "visibility": -1, "drawOrder": null, "icon": null }, "geometry": { "type": "Point", "coordinates": [ 80.25923, 13.09025 ] } },
{ "type": "Feature", "properties": { "name": null, "layer": "schools", "id": null, "Name": null, "description": null, "timestamp": null, "begin": null, "end": null, "altitudeMode": null, "tessellate": -1, "extrude": 0, "visibility": -1, "drawOrder": null, "icon": null }, "geometry": { "type": "Point", "coordinates": [ 80.26567, 13.08576 ] } },
{ "type": "Feature", "properties": { "name": null, "layer": "schools", "id": null, "Name": null, "description": null, "timestamp": null, "begin": null, "end": null, "altitudeMode": null, "tessellate": -1, "extrude": 0, "visibility": -1, "drawOrder": null, "icon": null }, "geometry": { "type": "Point", "coordinates": [ 80.25924, 13.0878 ] } },
{ "type": "Feature", "properties": { "name": null, "layer": "schools", "id": null, "Name": null, "description": null, "timestamp": null, "begin": null, "end": null, "altitudeMode": null, "tessellate": -1, "extrude": 0, "visibility": -1, "drawOrder": null, "icon": null }, "geometry": { "type": "Point", "coordinates": [ 80.26045, 13.0863 ] } },
{ "type": "Feature", "properties": { "name": null, "layer": "schools", "id": null, "Name": null, "description": null, "timestamp": null, "begin": null, "end": null, "altitudeMode": null, "tessellate": -1, "extrude": 0, "visibility": -1, "drawOrder": null, "icon": null }, "geometry": { "type": "Point", "coordinates": [ 80.2645, 13.08931 ] } },
{ "type": "Feature", "properties": { "name": null, "layer": "schools", "id": null, "Name": null, "description": null, "timestamp": null, "begin": null, "end": null, "altitudeMode": null, "tessellate": -1, "extrude": 0, "visibility": -1, "drawOrder": null, "icon": null }, "geometry": { "type": "Point", "coordinates": [ 80.27053, 13.08312 ] } },
{ "type": "Feature", "properties": { "name": null, "layer": "schools", "id": null, "Name": null, "description": null, "timestamp": null, "begin": null, "end": null, "altitudeMode": null, "tessellate": -1, "extrude": 0, "visibility": -1, "drawOrder": null, "icon": null }, "geometry": { "type": "Point", "coordinates": [ 80.25791, 13.083 ] } },
{ "type": "Feature", "properties": { "name": null, "layer": "schools", "id": null, "Name": null, "description": null, "timestamp": null, "begin": null, "end": null, "altitudeMode": null, "tessellate": -1, "extrude": 0, "visibility": -1, "drawOrder": null, "icon": null }, "geometry": { "type": "Point", "coordinates": [ 80.26614, 13.08443 ] } },
{ "type": "Feature", "properties": { "name": null, "layer": "schools", "id": null, "Name": null, "description": null, "timestamp": null, "begin": null, "end": null, "altitudeMode": null, "tessellate": -1, "extrude": 0, "visibility": -1, "drawOrder": null, "icon": null }, "geometry": { "type": "Point", "coordinates": [ 80.26463, 13.08797 ] } },
{ "type": "Feature", "properties": { "name": null, "layer": "schools", "id": null, "Name": null, "description": null, "timestamp": null, "begin": null, "end": null, "altitudeMode": null, "tessellate": -1, "extrude": 0, "visibility": -1, "drawOrder": null, "icon": null }, "geometry": { "type": "Point", "coordinates": [ 80.26501, 13.08975 ] } },
{ "type": "Feature", "properties": { "name": null, "layer": "schools", "id": null, "Name": null, "description": null, "timestamp": null, "begin": null, "end": null, "altitudeMode": null, "tessellate": -1, "extrude": 0, "visibility": -1, "drawOrder": null, "icon": null }, "geometry": { "type": "Point", "coordinates": [ 80.26372, 13.08854 ] } },
{ "type": "Feature", "properties": { "name": null, "layer": "schools", "id": null, "Name": null, "description": null, "timestamp": null, "begin": null, "end": null, "altitudeMode": null, "tessellate": -1, "extrude": 0, "visibility": -1, "drawOrder": null, "icon": null }, "geometry": { "type": "Point", "coordinates": [ 80.26462, 13.08603 ] } },
{ "type": "Feature", "properties": { "name": null, "layer": "schools", "id": null, "Name": null, "description": null, "timestamp": null, "begin": null, "end": null, "altitudeMode": null, "tessellate": -1, "extrude": 0, "visibility": -1, "drawOrder": null, "icon": null }, "geometry": { "type": "Point", "coordinates": [ 80.2564, 13.08539 ] } },
{ "type": "Feature", "properties": { "name": null, "layer": "schools", "id": null, "Name": null, "description": null, "timestamp": null, "begin": null, "end": null, "altitudeMode": null, "tessellate": -1, "extrude": 0, "visibility": -1, "drawOrder": null, "icon": null }, "geometry": { "type": "Point", "coordinates": [ 80.25972, 13.08278 ] } },
{ "type": "Feature", "properties": { "name": null, "layer": "schools", "id": null, "Name": null, "description": null, "timestamp": null, "begin": null, "end": null, "altitudeMode": null, "tessellate": -1, "extrude": 0, "visibility": -1, "drawOrder": null, "icon": null }, "geometry": { "type": "Point", "coordinates": [ 80.25926, 13.08938 ] } },
{ "type": "Feature", "properties": { "name": null, "layer": "schools", "id": null, "Name": null, "description": null, "timestamp": null, "begin": null, "end": null, "altitudeMode": null, "tessellate": -1, "extrude": 0, "visibility": -1, "drawOrder": null, "icon": null }, "geometry": { "type": "Point", "coordinates": [ 80.25923, 13.08781 ] } },
{ "type": "Feature", "properties": { "name": null, "layer": "schools", "id": null, "Name": null, "description": null, "timestamp": null, "begin": null, "end": null, "altitudeMode": null, "tessellate": -1, "extrude": 0, "visibility": -1, "drawOrder": null, "icon": null }, "geometry": { "type": "Point", "coordinates": [ 80.26373, 13.0896 ] } },
{ "type": "Feature", "properties": { "name": null, "layer": "schools", "id": null, "Name": null, "description": null, "timestamp": null, "begin": null, "end": null, "altitudeMode": null, "tessellate": -1, "extrude": 0, "visibility": -1, "drawOrder": null, "icon": null }, "geometry": { "type": "Point", "coordinates": [ 80.26269, 13.07889 ] } },
{ "type": "Feature", "properties": { "name": null, "layer": "schools", "id": null, "Name": null, "description": null, "timestamp": null, "begin": null, "end": null, "altitudeMode": null, "tessellate": -1, "extrude": 0, "visibility": -1, "drawOrder": null, "icon": null }, "geometry": { "type": "Point", "coordinates": [ 80.26509, 13.08092 ] } },
{ "type": "Feature", "properties": { "name": null, "layer": "schools", "id": null, "Name": null, "description": null, "timestamp": null, "begin": null, "end": null, "altitudeMode": null, "tessellate": -1, "extrude": 0, "visibility": -1, "drawOrder": null, "icon": null }, "geometry": { "type": "Point", "coordinates": [ 80.26282, 13.08973 ] } },
{ "type": "Feature", "properties": { "name": null, "layer": "schools", "id": null, "Name": null, "description": null, "timestamp": null, "begin": null, "end": null, "altitudeMode": null, "tessellate": -1, "extrude": 0, "visibility": -1, "drawOrder": null, "icon": null }, "geometry": { "type": "Point", "coordinates": [ 80.26252, 13.08848 ] } },
{ "type": "Feature", "properties": { "name": null, "layer": "schools", "id": null, "Name": null, "description": null, "timestamp": null, "begin": null, "end": null, "altitudeMode": null, "tessellate": -1, "extrude": 0, "visibility": -1, "drawOrder": null, "icon": null }, "geometry": { "type": "Point", "coordinates": [ 80.2613, 13.08734 ] } },
{ "type": "Feature", "properties": { "name": null, "layer": "schools", "id": null, "Name": null, "description": null, "timestamp": null, "begin": null, "end": null, "altitudeMode": null, "tessellate": -1, "extrude": 0, "visibility": -1, "drawOrder": null, "icon": null }, "geometry": { "type": "Point", "coordinates": [ 80.25892, 13.08496 ] } },
{ "type": "Feature", "properties": { "name": null, "layer": "schools", "id": null, "Name": null, "description": null, "timestamp": null, "begin": null, "end": null, "altitudeMode": null, "tessellate": -1, "extrude": 0, "visibility": -1, "drawOrder": null, "icon": null }, "geometry": { "type": "Point", "coordinates": [ 80.25874, 13.08634 ] } },
{ "type": "Feature", "properties": { "name": null, "layer": "schools", "id": null, "Name": null, "description": null, "timestamp": null, "begin": null, "end": null, "altitudeMode": null, "tessellate": -1, "extrude": 0, "visibility": -1, "drawOrder": null, "icon": null }, "geometry": { "type": "Point", "coordinates": [ 80.2578, 13.08182 ] } },
{ "type": "Feature", "properties": { "name": null, "layer": "schools", "id": null, "Name": null, "description": null, "timestamp": null, "begin": null, "end": null, "altitudeMode": null, "tessellate": -1, "extrude": 0, "visibility": -1, "drawOrder": null, "icon": null }, "geometry": { "type": "Point", "coordinates": [ 80.26473, 13.08844 ] } },
{ "type": "Feature", "properties": { "name": null, "layer": "schools", "id": null, "Name": null, "description": null, "timestamp": null, "begin": null, "end": null, "altitudeMode": null, "tessellate": -1, "extrude": 0, "visibility": -1, "drawOrder": null, "icon": null }, "geometry": { "type": "Point", "coordinates": [ 80.26656, 13.08434 ] } },
{ "type": "Feature", "properties": { "name": null, "layer": "schools", "id": null, "Name": null, "description": null, "timestamp": null, "begin": null, "end": null, "altitudeMode": null, "tessellate": -1, "extrude": 0, "visibility": -1, "drawOrder": null, "icon": null }, "geometry": { "type": "Point", "coordinates": [ 80.25643, 13.08222 ] } },
{ "type": "Feature", "properties": { "name": null, "layer": "schools", "id": null, "Name": null, "description": null, "timestamp": null, "begin": null, "end": null, "altitudeMode": null, "tessellate": -1, "extrude": 0, "visibility": -1, "drawOrder": null, "icon": null }, "geometry": { "type": "Point", "coordinates": [ 80.2613, 13.08734 ] } },
{ "type": "Feature", "properties": { "name": null, "layer": "schools", "id": null, "Name": null, "description": null, "timestamp": null, "begin": null, "end": null, "altitudeMode": null, "tessellate": -1, "extrude": 0, "visibility": -1, "drawOrder": null, "icon": null }, "geometry": { "type": "Point", "coordinates": [ 80.26155, 13.08154 ] } },
{ "type": "Feature", "properties": { "name": null, "layer": "schools", "id": null, "Name": null, "description": null, "timestamp": null, "begin": null, "end": null, "altitudeMode": null, "tessellate": -1, "extrude": 0, "visibility": -1, "drawOrder": null, "icon": null }, "geometry": { "type": "Point", "coordinates": [ 80.27654, 13.08605 ] } },
{ "type": "Feature", "properties": { "name": null, "layer": "schools", "id": null, "Name": null, "description": null, "timestamp": null, "begin": null, "end": null, "altitudeMode": null, "tessellate": -1, "extrude": 0, "visibility": -1, "drawOrder": null, "icon": null }, "geometry": { "type": "Point", "coordinates": [ 80.26996, 13.06634 ] } },
{ "type": "Feature", "properties": { "name": null, "layer": "schools", "id": null, "Name": null, "description": null, "timestamp": null, "begin": null, "end": null, "altitudeMode": null, "tessellate": -1, "extrude": 0, "visibility": -1, "drawOrder": null, "icon": null }, "geometry": { "type": "Point", "coordinates": [ 80.27873, 13.08381 ] } },
{ "type": "Feature", "properties": { "name": null, "layer": "schools", "id": null, "Name": null, "description": null, "timestamp": null, "begin": null, "end": null, "altitudeMode": null, "tessellate": -1, "extrude": 0, "visibility": -1, "drawOrder": null, "icon": null }, "geometry": { "type": "Point", "coordinates": [ 80.27728, 13.08754 ] } },
{ "type": "Feature", "properties": { "name": null, "layer": "schools", "id": null, "Name": null, "description": null, "timestamp": null, "begin": null, "end": null, "altitudeMode": null, "tessellate": -1, "extrude": 0, "visibility": -1, "drawOrder": null, "icon": null }, "geometry": { "type": "Point", "coordinates": [ 80.27616, 13.08714 ] } },
{ "type": "Feature", "properties": { "name": null, "layer": "schools", "id": null, "Name": null, "description": null, "timestamp": null, "begin": null, "end": null, "altitudeMode": null, "tessellate": -1, "extrude": 0, "visibility": -1, "drawOrder": null, "icon": null }, "geometry": { "type": "Point", "coordinates": [ 80.27728, 13.08724 ] } },
{ "type": "Feature", "properties": { "name": null, "layer": "schools", "id": null, "Name": null, "description": null, "timestamp": null, "begin": null, "end": null, "altitudeMode": null, "tessellate": -1, "extrude": 0, "visibility": -1, "drawOrder": null, "icon": null }, "geometry": { "type": "Point", "coordinates": [ 80.27733, 13.08863 ] } },
{ "type": "Feature", "properties": { "name": null, "layer": "schools", "id": null, "Name": null, "description": null, "timestamp": null, "begin": null, "end": null, "altitudeMode": null, "tessellate": -1, "extrude": 0, "visibility": -1, "drawOrder": null, "icon": null }, "geometry": { "type": "Point", "coordinates": [ 80.27085, 13.06458 ] } },
{ "type": "Feature", "properties": { "name": null, "layer": "schools", "id": null, "Name": null, "description": null, "timestamp": null, "begin": null, "end": null, "altitudeMode": null, "tessellate": -1, "extrude": 0, "visibility": -1, "drawOrder": null, "icon": null }, "geometry": { "type": "Point", "coordinates": [ 80.27171, 13.06524 ] } },
{ "type": "Feature", "properties": { "name": null, "layer": "schools", "id": null, "Name": null, "description": null, "timestamp": null, "begin": null, "end": null, "altitudeMode": null, "tessellate": -1, "extrude": 0, "visibility": -1, "drawOrder": null, "icon": null }, "geometry": { "type": "Point", "coordinates": [ 80.2789, 13.07887 ] } },
{ "type": "Feature", "properties": { "name": null, "layer": "schools", "id": null, "Name": null, "description": null, "timestamp": null, "begin": null, "end": null, "altitudeMode": null, "tessellate": -1, "extrude": 0, "visibility": -1, "drawOrder": null, "icon": null }, "geometry": { "type": "Point", "coordinates": [ 80.27841, 13.08552 ] } },
{ "type": "Feature", "properties": { "name": null, "layer": "schools", "id": null, "Name": null, "description": null, "timestamp": null, "begin": null, "end": null, "altitudeMode": null, "tessellate": -1, "extrude": 0, "visibility": -1, "drawOrder": null, "icon": null }, "geometry": { "type": "Point", "coordinates": [ 80.27841, 13.09213 ] } },
{ "type": "Feature", "properties": { "name": null, "layer": "schools", "id": null, "Name": null, "description": null, "timestamp": null, "begin": null, "end": null, "altitudeMode": null, "tessellate": -1, "extrude": 0, "visibility": -1, "drawOrder": null, "icon": null }, "geometry": { "type": "Point", "coordinates": [ 80.27849, 13.09083 ] } },
{ "type": "Feature", "properties": { "name": null, "layer": "schools", "id": null, "Name": null, "description": null, "timestamp": null, "begin": null, "end": null, "altitudeMode": null, "tessellate": -1, "extrude": 0, "visibility": -1, "drawOrder": null, "icon": null }, "geometry": { "type": "Point", "coordinates": [ 80.2763, 13.09178 ] } },
{ "type": "Feature", "properties": { "name": null, "layer": "schools", "id": null, "Name": null, "description": null, "timestamp": null, "begin": null, "end": null, "altitudeMode": null, "tessellate": -1, "extrude": 0, "visibility": -1, "drawOrder": null, "icon": null }, "geometry": { "type": "Point", "coordinates": [ 80.27836, 13.09176 ] } },
{ "type": "Feature", "properties": { "name": null, "layer": "schools", "id": null, "Name": null, "description": null, "timestamp": null, "begin": null, "end": null, "altitudeMode": null, "tessellate": -1, "extrude": 0, "visibility": -1, "drawOrder": null, "icon": null }, "geometry": { "type": "Point", "coordinates": [ 80.27776, 13.09233 ] } },
{ "type": "Feature", "properties": { "name": null, "layer": "schools", "id": null, "Name": null, "description": null, "timestamp": null, "begin": null, "end": null, "altitudeMode": null, "tessellate": -1, "extrude": 0, "visibility": -1, "drawOrder": null, "icon": null }, "geometry": { "type": "Point", "coordinates": [ 80.27937, 13.09343 ] } },
{ "type": "Feature", "properties": { "name": null, "layer": "schools", "id": null, "Name": null, "description": null, "timestamp": null, "begin": null, "end": null, "altitudeMode": null, "tessellate": -1, "extrude": 0, "visibility": -1, "drawOrder": null, "icon": null }, "geometry": { "type": "Point", "coordinates": [ 80.2589, 13.08539 ] } },
{ "type": "Feature", "properties": { "name": null, "layer": "schools", "id": null, "Name": null, "description": null, "timestamp": null, "begin": null, "end": null, "altitudeMode": null, "tessellate": -1, "extrude": 0, "visibility": -1, "drawOrder": null, "icon": null }, "geometry": { "type": "Point", "coordinates": [ 80.25747, 13.07947 ] } },
{ "type": "Feature", "properties": { "name": null, "layer": "schools", "id": null, "Name": null, "description": null, "timestamp": null, "begin": null, "end": null, "altitudeMode": null, "tessellate": -1, "extrude": 0, "visibility": -1, "drawOrder": null, "icon": null }, "geometry": { "type": "Point", "coordinates": [ 80.26495, 13.08773 ] } },
{ "type": "Feature", "properties": { "name": null, "layer": "schools", "id": null, "Name": null, "description": null, "timestamp": null, "begin": null, "end": null, "altitudeMode": null, "tessellate": -1, "extrude": 0, "visibility": -1, "drawOrder": null, "icon": null }, "geometry": { "type": "Point", "coordinates": [ 80.26048, 13.08623 ] } },
{ "type": "Feature", "properties": { "name": null, "layer": "schools", "id": null, "Name": null, "description": null, "timestamp": null, "begin": null, "end": null, "altitudeMode": null, "tessellate": -1, "extrude": 0, "visibility": -1, "drawOrder": null, "icon": null }, "geometry": { "type": "Point", "coordinates": [ 80.26258, 13.08528 ] } },
{ "type": "Feature", "properties": { "name": null, "layer": "schools", "id": null, "Name": null, "description": null, "timestamp": null, "begin": null, "end": null, "altitudeMode": null, "tessellate": -1, "extrude": 0, "visibility": -1, "drawOrder": null, "icon": null }, "geometry": { "type": "Point", "coordinates": [ 80.25883, 13.08569 ] } },
{ "type": "Feature", "properties": { "name": null, "layer": "schools", "id": null, "Name": null, "description": null, "timestamp": null, "begin": null, "end": null, "altitudeMode": null, "tessellate": -1, "extrude": 0, "visibility": -1, "drawOrder": null, "icon": null }, "geometry": { "type": "Point", "coordinates": [ 80.26506, 13.08573 ] } },
{ "type": "Feature", "properties": { "name": null, "layer": "schools", "id": null, "Name": null, "description": null, "timestamp": null, "begin": null, "end": null, "altitudeMode": null, "tessellate": -1, "extrude": 0, "visibility": -1, "drawOrder": null, "icon": null }, "geometry": { "type": "Point", "coordinates": [ 80.26619, 13.08429 ] } },
{ "type": "Feature", "properties": { "name": null, "layer": "schools", "id": null, "Name": null, "description": null, "timestamp": null, "begin": null, "end": null, "altitudeMode": null, "tessellate": -1, "extrude": 0, "visibility": -1, "drawOrder": null, "icon": null }, "geometry": { "type": "Point", "coordinates": [ 80.26807, 13.08934 ] } },
{ "type": "Feature", "properties": { "name": null, "layer": "schools", "id": null, "Name": null, "description": null, "timestamp": null, "begin": null, "end": null, "altitudeMode": null, "tessellate": -1, "extrude": 0, "visibility": -1, "drawOrder": null, "icon": null }, "geometry": { "type": "Point", "coordinates": [ 80.2645, 13.08534 ] } },
{ "type": "Feature", "properties": { "name": null, "layer": "schools", "id": null, "Name": null, "description": null, "timestamp": null, "begin": null, "end": null, "altitudeMode": null, "tessellate": -1, "extrude": 0, "visibility": -1, "drawOrder": null, "icon": null }, "geometry": { "type": "Point", "coordinates": [ 80.26826, 13.08509 ] } },
{ "type": "Feature", "properties": { "name": null, "layer": "schools", "id": null, "Name": null, "description": null, "timestamp": null, "begin": null, "end": null, "altitudeMode": null, "tessellate": -1, "extrude": 0, "visibility": -1, "drawOrder": null, "icon": null }, "geometry": { "type": "Point", "coordinates": [ 80.26415, 13.08954 ] } },
{ "type": "Feature", "properties": { "name": null, "layer": "schools", "id": null, "Name": null, "description": null, "timestamp": null, "begin": null, "end": null, "altitudeMode": null, "tessellate": -1, "extrude": 0, "visibility": -1, "drawOrder": null, "icon": null }, "geometry": { "type": "Point", "coordinates": [ 80.26425, 13.08955 ] } },
{ "type": "Feature", "properties": { "name": null, "layer": "schools", "id": null, "Name": null, "description": null, "timestamp": null, "begin": null, "end": null, "altitudeMode": null, "tessellate": -1, "extrude": 0, "visibility": -1, "drawOrder": null, "icon": null }, "geometry": { "type": "Point", "coordinates": [ 80.25636, 13.08219 ] } },
{ "type": "Feature", "properties": { "name": null, "layer": "schools", "id": null, "Name": null, "description": null, "timestamp": null, "begin": null, "end": null, "altitudeMode": null, "tessellate": -1, "extrude": 0, "visibility": -1, "drawOrder": null, "icon": null }, "geometry": { "type": "Point", "coordinates": [ 80.26322, 13.08985 ] } },
{ "type": "Feature", "properties": { "name": null, "layer": "schools", "id": null, "Name": null, "description": null, "timestamp": null, "begin": null, "end": null, "altitudeMode": null, "tessellate": -1, "extrude": 0, "visibility": -1, "drawOrder": null, "icon": null }, "geometry": { "type": "Point", "coordinates": [ 80.25926, 13.08784 ] } },
{ "type": "Feature", "properties": { "name": null, "layer": "schools", "id": null, "Name": null, "description": null, "timestamp": null, "begin": null, "end": null, "altitudeMode": null, "tessellate": -1, "extrude": 0, "visibility": -1, "drawOrder": null, "icon": null }, "geometry": { "type": "Point", "coordinates": [ 80.26572, 13.08773 ] } },
{ "type": "Feature", "properties": { "name": null, "layer": "schools", "id": null, "Name": null, "description": null, "timestamp": null, "begin": null, "end": null, "altitudeMode": null, "tessellate": -1, "extrude": 0, "visibility": -1, "drawOrder": null, "icon": null }, "geometry": { "type": "Point", "coordinates": [ 80.29227, 13.10858 ] } },
{ "type": "Feature", "properties": { "name": null, "layer": "schools", "id": null, "Name": null, "description": null, "timestamp": null, "begin": null, "end": null, "altitudeMode": null, "tessellate": -1, "extrude": 0, "visibility": -1, "drawOrder": null, "icon": null }, "geometry": { "type": "Point", "coordinates": [ 80.29168, 13.11148 ] } },
{ "type": "Feature", "properties": { "name": null, "layer": "schools", "id": null, "Name": null, "description": null, "timestamp": null, "begin": null, "end": null, "altitudeMode": null, "tessellate": -1, "extrude": 0, "visibility": -1, "drawOrder": null, "icon": null }, "geometry": { "type": "Point", "coordinates": [ 80.29176, 13.1086 ] } },
{ "type": "Feature", "properties": { "name": null, "layer": "schools", "id": null, "Name": null, "description": null, "timestamp": null, "begin": null, "end": null, "altitudeMode": null, "tessellate": -1, "extrude": 0, "visibility": -1, "drawOrder": null, "icon": null }, "geometry": { "type": "Point", "coordinates": [ 80.28963, 13.10691 ] } },
{ "type": "Feature", "properties": { "name": null, "layer": "schools", "id": null, "Name": null, "description": null, "timestamp": null, "begin": null, "end": null, "altitudeMode": null, "tessellate": -1, "extrude": 0, "visibility": -1, "drawOrder": null, "icon": null }, "geometry": { "type": "Point", "coordinates": [ 80.28896, 13.10729 ] } },
{ "type": "Feature", "properties": { "name": null, "layer": "schools", "id": null, "Name": null, "description": null, "timestamp": null, "begin": null, "end": null, "altitudeMode": null, "tessellate": -1, "extrude": 0, "visibility": -1, "drawOrder": null, "icon": null }, "geometry": { "type": "Point", "coordinates": [ 80.28906, 13.10439 ] } },
{ "type": "Feature", "properties": { "name": null, "layer": "schools", "id": null, "Name": null, "description": null, "timestamp": null, "begin": null, "end": null, "altitudeMode": null, "tessellate": -1, "extrude": 0, "visibility": -1, "drawOrder": null, "icon": null }, "geometry": { "type": "Point", "coordinates": [ 80.27856, 13.10673 ] } },
{ "type": "Feature", "properties": { "name": null, "layer": "schools", "id": null, "Name": null, "description": null, "timestamp": null, "begin": null, "end": null, "altitudeMode": null, "tessellate": -1, "extrude": 0, "visibility": -1, "drawOrder": null, "icon": null }, "geometry": { "type": "Point", "coordinates": [ 80.27688, 13.11181 ] } },
{ "type": "Feature", "properties": { "name": null, "layer": "schools", "id": null, "Name": null, "description": null, "timestamp": null, "begin": null, "end": null, "altitudeMode": null, "tessellate": -1, "extrude": 0, "visibility": -1, "drawOrder": null, "icon": null }, "geometry": { "type": "Point", "coordinates": [ 80.27361, 13.10766 ] } },
{ "type": "Feature", "properties": { "name": null, "layer": "schools", "id": null, "Name": null, "description": null, "timestamp": null, "begin": null, "end": null, "altitudeMode": null, "tessellate": -1, "extrude": 0, "visibility": -1, "drawOrder": null, "icon": null }, "geometry": { "type": "Point", "coordinates": [ 80.27353, 13.10501 ] } },
{ "type": "Feature", "properties": { "name": null, "layer": "schools", "id": null, "Name": null, "description": null, "timestamp": null, "begin": null, "end": null, "altitudeMode": null, "tessellate": -1, "extrude": 0, "visibility": -1, "drawOrder": null, "icon": null }, "geometry": { "type": "Point", "coordinates": [ 80.27948, 13.1116 ] } },
{ "type": "Feature", "properties": { "name": null, "layer": "schools", "id": null, "Name": null, "description": null, "timestamp": null, "begin": null, "end": null, "altitudeMode": null, "tessellate": -1, "extrude": 0, "visibility": -1, "drawOrder": null, "icon": null }, "geometry": { "type": "Point", "coordinates": [ 80.2784, 13.10707 ] } },
{ "type": "Feature", "properties": { "name": null, "layer": "schools", "id": null, "Name": null, "description": null, "timestamp": null, "begin": null, "end": null, "altitudeMode": null, "tessellate": -1, "extrude": 0, "visibility": -1, "drawOrder": null, "icon": null }, "geometry": { "type": "Point", "coordinates": [ 80.2795, 13.10676 ] } },
{ "type": "Feature", "properties": { "name": null, "layer": "schools", "id": null, "Name": null, "description": null, "timestamp": null, "begin": null, "end": null, "altitudeMode": null, "tessellate": -1, "extrude": 0, "visibility": -1, "drawOrder": null, "icon": null }, "geometry": { "type": "Point", "coordinates": [ 80.27835, 13.11237 ] } },
{ "type": "Feature", "properties": { "name": null, "layer": "schools", "id": null, "Name": null, "description": null, "timestamp": null, "begin": null, "end": null, "altitudeMode": null, "tessellate": -1, "extrude": 0, "visibility": -1, "drawOrder": null, "icon": null }, "geometry": { "type": "Point", "coordinates": [ 80.27549, 13.10415 ] } },
{ "type": "Feature", "properties": { "name": null, "layer": "schools", "id": null, "Name": null, "description": null, "timestamp": null, "begin": null, "end": null, "altitudeMode": null, "tessellate": -1, "extrude": 0, "visibility": -1, "drawOrder": null, "icon": null }, "geometry": { "type": "Point", "coordinates": [ 80.27356, 13.10766 ] } },
{ "type": "Feature", "properties": { "name": null, "layer": "schools", "id": null, "Name": null, "description": null, "timestamp": null, "begin": null, "end": null, "altitudeMode": null, "tessellate": -1, "extrude": 0, "visibility": -1, "drawOrder": null, "icon": null }, "geometry": { "type": "Point", "coordinates": [ 80.27626, 13.11128 ] } },
{ "type": "Feature", "properties": { "name": null, "layer": "schools", "id": null, "Name": null, "description": null, "timestamp": null, "begin": null, "end": null, "altitudeMode": null, "tessellate": -1, "extrude": 0, "visibility": -1, "drawOrder": null, "icon": null }, "geometry": { "type": "Point", "coordinates": [ 80.27661, 13.1051 ] } },
{ "type": "Feature", "properties": { "name": null, "layer": "schools", "id": null, "Name": null, "description": null, "timestamp": null, "begin": null, "end": null, "altitudeMode": null, "tessellate": -1, "extrude": 0, "visibility": -1, "drawOrder": null, "icon": null }, "geometry": { "type": "Point", "coordinates": [ 80.28099, 13.1103 ] } },
{ "type": "Feature", "properties": { "name": null, "layer": "schools", "id": null, "Name": null, "description": null, "timestamp": null, "begin": null, "end": null, "altitudeMode": null, "tessellate": -1, "extrude": 0, "visibility": -1, "drawOrder": null, "icon": null }, "geometry": { "type": "Point", "coordinates": [ 80.27933, 13.09712 ] } },
{ "type": "Feature", "properties": { "name": null, "layer": "schools", "id": null, "Name": null, "description": null, "timestamp": null, "begin": null, "end": null, "altitudeMode": null, "tessellate": -1, "extrude": 0, "visibility": -1, "drawOrder": null, "icon": null }, "geometry": { "type": "Point", "coordinates": [ 80.27904, 13.10164 ] } },
{ "type": "Feature", "properties": { "name": null, "layer": "schools", "id": null, "Name": null, "description": null, "timestamp": null, "begin": null, "end": null, "altitudeMode": null, "tessellate": -1, "extrude": 0, "visibility": -1, "drawOrder": null, "icon": null }, "geometry": { "type": "Point", "coordinates": [ 80.27563, 13.09917 ] } },
{ "type": "Feature", "properties": { "name": null, "layer": "schools", "id": null, "Name": null, "description": null, "timestamp": null, "begin": null, "end": null, "altitudeMode": null, "tessellate": -1, "extrude": 0, "visibility": -1, "drawOrder": null, "icon": null }, "geometry": { "type": "Point", "coordinates": [ 80.27767, 13.09591 ] } },
{ "type": "Feature", "properties": { "name": null, "layer": "schools", "id": null, "Name": null, "description": null, "timestamp": null, "begin": null, "end": null, "altitudeMode": null, "tessellate": -1, "extrude": 0, "visibility": -1, "drawOrder": null, "icon": null }, "geometry": { "type": "Point", "coordinates": [ 80.27821, 13.09907 ] } },
{ "type": "Feature", "properties": { "name": null, "layer": "schools", "id": null, "Name": null, "description": null, "timestamp": null, "begin": null, "end": null, "altitudeMode": null, "tessellate": -1, "extrude": 0, "visibility": -1, "drawOrder": null, "icon": null }, "geometry": { "type": "Point", "coordinates": [ 80.27984, 13.10392 ] } },
{ "type": "Feature", "properties": { "name": null, "layer": "schools", "id": null, "Name": null, "description": null, "timestamp": null, "begin": null, "end": null, "altitudeMode": null, "tessellate": -1, "extrude": 0, "visibility": -1, "drawOrder": null, "icon": null }, "geometry": { "type": "Point", "coordinates": [ 80.27563, 13.09917 ] } },
{ "type": "Feature", "properties": { "name": null, "layer": "schools", "id": null, "Name": null, "description": null, "timestamp": null, "begin": null, "end": null, "altitudeMode": null, "tessellate": -1, "extrude": 0, "visibility": -1, "drawOrder": null, "icon": null }, "geometry": { "type": "Point", "coordinates": [ 80.27604, 13.09539 ] } },
{ "type": "Feature", "properties": { "name": null, "layer": "schools", "id": null, "Name": null, "description": null, "timestamp": null, "begin": null, "end": null, "altitudeMode": null, "tessellate": -1, "extrude": 0, "visibility": -1, "drawOrder": null, "icon": null }, "geometry": { "type": "Point", "coordinates": [ 80.2799, 13.10041 ] } },
{ "type": "Feature", "properties": { "name": null, "layer": "schools", "id": null, "Name": null, "description": null, "timestamp": null, "begin": null, "end": null, "altitudeMode": null, "tessellate": -1, "extrude": 0, "visibility": -1, "drawOrder": null, "icon": null }, "geometry": { "type": "Point", "coordinates": [ 80.27844, 13.09779 ] } },
{ "type": "Feature", "properties": { "name": null, "layer": "schools", "id": null, "Name": null, "description": null, "timestamp": null, "begin": null, "end": null, "altitudeMode": null, "tessellate": -1, "extrude": 0, "visibility": -1, "drawOrder": null, "icon": null }, "geometry": { "type": "Point", "coordinates": [ 80.28215, 13.10126 ] } },
{ "type": "Feature", "properties": { "name": null, "layer": "schools", "id": null, "Name": null, "description": null, "timestamp": null, "begin": null, "end": null, "altitudeMode": null, "tessellate": -1, "extrude": 0, "visibility": -1, "drawOrder": null, "icon": null }, "geometry": { "type": "Point", "coordinates": [ 80.28306, 13.09911 ] } },
{ "type": "Feature", "properties": { "name": null, "layer": "schools", "id": null, "Name": null, "description": null, "timestamp": null, "begin": null, "end": null, "altitudeMode": null, "tessellate": -1, "extrude": 0, "visibility": -1, "drawOrder": null, "icon": null }, "geometry": { "type": "Point", "coordinates": [ 80.28329, 13.10025 ] } },
{ "type": "Feature", "properties": { "name": null, "layer": "schools", "id": null, "Name": null, "description": null, "timestamp": null, "begin": null, "end": null, "altitudeMode": null, "tessellate": -1, "extrude": 0, "visibility": -1, "drawOrder": null, "icon": null }, "geometry": { "type": "Point", "coordinates": [ 80.28445, 13.09477 ] } },
{ "type": "Feature", "properties": { "name": null, "layer": "schools", "id": null, "Name": null, "description": null, "timestamp": null, "begin": null, "end": null, "altitudeMode": null, "tessellate": -1, "extrude": 0, "visibility": -1, "drawOrder": null, "icon": null }, "geometry": { "type": "Point", "coordinates": [ 80.2842, 13.10285 ] } },
{ "type": "Feature", "properties": { "name": null, "layer": "schools", "id": null, "Name": null, "description": null, "timestamp": null, "begin": null, "end": null, "altitudeMode": null, "tessellate": -1, "extrude": 0, "visibility": -1, "drawOrder": null, "icon": null }, "geometry": { "type": "Point", "coordinates": [ 80.28187, 13.10237 ] } },
{ "type": "Feature", "properties": { "name": null, "layer": "schools", "id": null, "Name": null, "description": null, "timestamp": null, "begin": null, "end": null, "altitudeMode": null, "tessellate": -1, "extrude": 0, "visibility": -1, "drawOrder": null, "icon": null }, "geometry": { "type": "Point", "coordinates": [ 80.2839, 13.09714 ] } },
{ "type": "Feature", "properties": { "name": null, "layer": "schools", "id": null, "Name": null, "description": null, "timestamp": null, "begin": null, "end": null, "altitudeMode": null, "tessellate": -1, "extrude": 0, "visibility": -1, "drawOrder": null, "icon": null }, "geometry": { "type": "Point", "coordinates": [ 80.2833, 13.09907 ] } },
{ "type": "Feature", "properties": { "name": null, "layer": "schools", "id": null, "Name": null, "description": null, "timestamp": null, "begin": null, "end": null, "altitudeMode": null, "tessellate": -1, "extrude": 0, "visibility": -1, "drawOrder": null, "icon": null }, "geometry": { "type": "Point", "coordinates": [ 80.28051, 13.09615 ] } },
{ "type": "Feature", "properties": { "name": null, "layer": "schools", "id": null, "Name": null, "description": null, "timestamp": null, "begin": null, "end": null, "altitudeMode": null, "tessellate": -1, "extrude": 0, "visibility": -1, "drawOrder": null, "icon": null }, "geometry": { "type": "Point", "coordinates": [ 80.28009, 13.09743 ] } },
{ "type": "Feature", "properties": { "name": null, "layer": "schools", "id": null, "Name": null, "description": null, "timestamp": null, "begin": null, "end": null, "altitudeMode": null, "tessellate": -1, "extrude": 0, "visibility": -1, "drawOrder": null, "icon": null }, "geometry": { "type": "Point", "coordinates": [ 80.28021, 13.09729 ] } },
{ "type": "Feature", "properties": { "name": null, "layer": "schools", "id": null, "Name": null, "description": null, "timestamp": null, "begin": null, "end": null, "altitudeMode": null, "tessellate": -1, "extrude": 0, "visibility": -1, "drawOrder": null, "icon": null }, "geometry": { "type": "Point", "coordinates": [ 80.28029, 13.10112 ] } },
{ "type": "Feature", "properties": { "name": null, "layer": "schools", "id": null, "Name": null, "description": null, "timestamp": null, "begin": null, "end": null, "altitudeMode": null, "tessellate": -1, "extrude": 0, "visibility": -1, "drawOrder": null, "icon": null }, "geometry": { "type": "Point", "coordinates": [ 80.28554, 13.09954 ] } },
{ "type": "Feature", "properties": { "name": null, "layer": "schools", "id": null, "Name": null, "description": null, "timestamp": null, "begin": null, "end": null, "altitudeMode": null, "tessellate": -1, "extrude": 0, "visibility": -1, "drawOrder": null, "icon": null }, "geometry": { "type": "Point", "coordinates": [ 80.28929, 13.09838 ] } },
{ "type": "Feature", "properties": { "name": null, "layer": "schools", "id": null, "Name": null, "description": null, "timestamp": null, "begin": null, "end": null, "altitudeMode": null, "tessellate": -1, "extrude": 0, "visibility": -1, "drawOrder": null, "icon": null }, "geometry": { "type": "Point", "coordinates": [ 80.2901, 13.09708 ] } },
{ "type": "Feature", "properties": { "name": null, "layer": "schools", "id": null, "Name": null, "description": null, "timestamp": null, "begin": null, "end": null, "altitudeMode": null, "tessellate": -1, "extrude": 0, "visibility": -1, "drawOrder": null, "icon": null }, "geometry": { "type": "Point", "coordinates": [ 80.28609, 13.10254 ] } },
{ "type": "Feature", "properties": { "name": null, "layer": "schools", "id": null, "Name": null, "description": null, "timestamp": null, "begin": null, "end": null, "altitudeMode": null, "tessellate": -1, "extrude": 0, "visibility": -1, "drawOrder": null, "icon": null }, "geometry": { "type": "Point", "coordinates": [ 80.28626, 13.0977 ] } },
{ "type": "Feature", "properties": { "name": null, "layer": "schools", "id": null, "Name": null, "description": null, "timestamp": null, "begin": null, "end": null, "altitudeMode": null, "tessellate": -1, "extrude": 0, "visibility": -1, "drawOrder": null, "icon": null }, "geometry": { "type": "Point", "coordinates": [ 80.28901, 13.1033 ] } },
{ "type": "Feature", "properties": { "name": null, "layer": "schools", "id": null, "Name": null, "description": null, "timestamp": null, "begin": null, "end": null, "altitudeMode": null, "tessellate": -1, "extrude": 0, "visibility": -1, "drawOrder": null, "icon": null }, "geometry": { "type": "Point", "coordinates": [ 80.28881, 13.10245 ] } },
{ "type": "Feature", "properties": { "name": null, "layer": "schools", "id": null, "Name": null, "description": null, "timestamp": null, "begin": null, "end": null, "altitudeMode": null, "tessellate": -1, "extrude": 0, "visibility": -1, "drawOrder": null, "icon": null }, "geometry": { "type": "Point", "coordinates": [ 80.28526, 13.09864 ] } },
{ "type": "Feature", "properties": { "name": null, "layer": "schools", "id": null, "Name": null, "description": null, "timestamp": null, "begin": null, "end": null, "altitudeMode": null, "tessellate": -1, "extrude": 0, "visibility": -1, "drawOrder": null, "icon": null }, "geometry": { "type": "Point", "coordinates": [ 80.29012, 13.09723 ] } },
{ "type": "Feature", "properties": { "name": null, "layer": "schools", "id": null, "Name": null, "description": null, "timestamp": null, "begin": null, "end": null, "altitudeMode": null, "tessellate": -1, "extrude": 0, "visibility": -1, "drawOrder": null, "icon": null }, "geometry": { "type": "Point", "coordinates": [ 80.286, 13.10044 ] } },
{ "type": "Feature", "properties": { "name": null, "layer": "schools", "id": null, "Name": null, "description": null, "timestamp": null, "begin": null, "end": null, "altitudeMode": null, "tessellate": -1, "extrude": 0, "visibility": -1, "drawOrder": null, "icon": null }, "geometry": { "type": "Point", "coordinates": [ 80.2875, 13.10161 ] } },
{ "type": "Feature", "properties": { "name": null, "layer": "schools", "id": null, "Name": null, "description": null, "timestamp": null, "begin": null, "end": null, "altitudeMode": null, "tessellate": -1, "extrude": 0, "visibility": -1, "drawOrder": null, "icon": null }, "geometry": { "type": "Point", "coordinates": [ 80.28428, 13.10227 ] } },
{ "type": "Feature", "properties": { "name": null, "layer": "schools", "id": null, "Name": null, "description": null, "timestamp": null, "begin": null, "end": null, "altitudeMode": null, "tessellate": -1, "extrude": 0, "visibility": -1, "drawOrder": null, "icon": null }, "geometry": { "type": "Point", "coordinates": [ 80.28548, 13.09962 ] } },
{ "type": "Feature", "properties": { "name": null, "layer": "schools", "id": null, "Name": null, "description": null, "timestamp": null, "begin": null, "end": null, "altitudeMode": null, "tessellate": -1, "extrude": 0, "visibility": -1, "drawOrder": null, "icon": null }, "geometry": { "type": "Point", "coordinates": [ 80.28555, 13.09964 ] } },
{ "type": "Feature", "properties": { "name": null, "layer": "schools", "id": null, "Name": null, "description": null, "timestamp": null, "begin": null, "end": null, "altitudeMode": null, "tessellate": -1, "extrude": 0, "visibility": -1, "drawOrder": null, "icon": null }, "geometry": { "type": "Point", "coordinates": [ 80.28625, 13.10106 ] } },
{ "type": "Feature", "properties": { "name": null, "layer": "schools", "id": null, "Name": null, "description": null, "timestamp": null, "begin": null, "end": null, "altitudeMode": null, "tessellate": -1, "extrude": 0, "visibility": -1, "drawOrder": null, "icon": null }, "geometry": { "type": "Point", "coordinates": [ 80.2887, 13.09765 ] } },
{ "type": "Feature", "properties": { "name": null, "layer": "schools", "id": null, "Name": null, "description": null, "timestamp": null, "begin": null, "end": null, "altitudeMode": null, "tessellate": -1, "extrude": 0, "visibility": -1, "drawOrder": null, "icon": null }, "geometry": { "type": "Point", "coordinates": [ 80.28772, 13.10172 ] } },
{ "type": "Feature", "properties": { "name": null, "layer": "schools", "id": null, "Name": null, "description": null, "timestamp": null, "begin": null, "end": null, "altitudeMode": null, "tessellate": -1, "extrude": 0, "visibility": -1, "drawOrder": null, "icon": null }, "geometry": { "type": "Point", "coordinates": [ 80.28984, 13.10265 ] } },
{ "type": "Feature", "properties": { "name": null, "layer": "schools", "id": null, "Name": null, "description": null, "timestamp": null, "begin": null, "end": null, "altitudeMode": null, "tessellate": -1, "extrude": 0, "visibility": -1, "drawOrder": null, "icon": null }, "geometry": { "type": "Point", "coordinates": [ 80.28603, 13.09775 ] } },
{ "type": "Feature", "properties": { "name": null, "layer": "schools", "id": null, "Name": null, "description": null, "timestamp": null, "begin": null, "end": null, "altitudeMode": null, "tessellate": -1, "extrude": 0, "visibility": -1, "drawOrder": null, "icon": null }, "geometry": { "type": "Point", "coordinates": [ 80.28867, 13.10245 ] } },
{ "type": "Feature", "properties": { "name": null, "layer": "schools", "id": null, "Name": null, "description": null, "timestamp": null, "begin": null, "end": null, "altitudeMode": null, "tessellate": -1, "extrude": 0, "visibility": -1, "drawOrder": null, "icon": null }, "geometry": { "type": "Point", "coordinates": [ 80.2843, 13.1001 ] } },
{ "type": "Feature", "properties": { "name": null, "layer": "schools", "id": null, "Name": null, "description": null, "timestamp": null, "begin": null, "end": null, "altitudeMode": null, "tessellate": -1, "extrude": 0, "visibility": -1, "drawOrder": null, "icon": null }, "geometry": { "type": "Point", "coordinates": [ 80.28469, 13.09889 ] } },
{ "type": "Feature", "properties": { "name": null, "layer": "schools", "id": null, "Name": null, "description": null, "timestamp": null, "begin": null, "end": null, "altitudeMode": null, "tessellate": -1, "extrude": 0, "visibility": -1, "drawOrder": null, "icon": null }, "geometry": { "type": "Point", "coordinates": [ 80.28478, 13.09882 ] } },
{ "type": "Feature", "properties": { "name": null, "layer": "schools", "id": null, "Name": null, "description": null, "timestamp": null, "begin": null, "end": null, "altitudeMode": null, "tessellate": -1, "extrude": 0, "visibility": -1, "drawOrder": null, "icon": null }, "geometry": { "type": "Point", "coordinates": [ 80.27647, 13.09233 ] } },
{ "type": "Feature", "properties": { "name": null, "layer": "schools", "id": null, "Name": null, "description": null, "timestamp": null, "begin": null, "end": null, "altitudeMode": null, "tessellate": -1, "extrude": 0, "visibility": -1, "drawOrder": null, "icon": null }, "geometry": { "type": "Point", "coordinates": [ 80.27836, 13.09176 ] } },
{ "type": "Feature", "properties": { "name": null, "layer": "schools", "id": null, "Name": null, "description": null, "timestamp": null, "begin": null, "end": null, "altitudeMode": null, "tessellate": -1, "extrude": 0, "visibility": -1, "drawOrder": null, "icon": null }, "geometry": { "type": "Point", "coordinates": [ 80.24042, 13.11139 ] } },
{ "type": "Feature", "properties": { "name": null, "layer": "schools", "id": null, "Name": null, "description": null, "timestamp": null, "begin": null, "end": null, "altitudeMode": null, "tessellate": -1, "extrude": 0, "visibility": -1, "drawOrder": null, "icon": null }, "geometry": { "type": "Point", "coordinates": [ 80.2399, 13.10849 ] } },
{ "type": "Feature", "properties": { "name": null, "layer": "schools", "id": null, "Name": null, "description": null, "timestamp": null, "begin": null, "end": null, "altitudeMode": null, "tessellate": -1, "extrude": 0, "visibility": -1, "drawOrder": null, "icon": null }, "geometry": { "type": "Point", "coordinates": [ 80.23685, 13.10898 ] } },
{ "type": "Feature", "properties": { "name": null, "layer": "schools", "id": null, "Name": null, "description": null, "timestamp": null, "begin": null, "end": null, "altitudeMode": null, "tessellate": -1, "extrude": 0, "visibility": -1, "drawOrder": null, "icon": null }, "geometry": { "type": "Point", "coordinates": [ 80.24269, 13.12103 ] } },
{ "type": "Feature", "properties": { "name": null, "layer": "schools", "id": null, "Name": null, "description": null, "timestamp": null, "begin": null, "end": null, "altitudeMode": null, "tessellate": -1, "extrude": 0, "visibility": -1, "drawOrder": null, "icon": null }, "geometry": { "type": "Point", "coordinates": [ 80.24377, 13.11889 ] } },
{ "type": "Feature", "properties": { "name": null, "layer": "schools", "id": null, "Name": null, "description": null, "timestamp": null, "begin": null, "end": null, "altitudeMode": null, "tessellate": -1, "extrude": 0, "visibility": -1, "drawOrder": null, "icon": null }, "geometry": { "type": "Point", "coordinates": [ 80.24097, 13.10872 ] } },
{ "type": "Feature", "properties": { "name": null, "layer": "schools", "id": null, "Name": null, "description": null, "timestamp": null, "begin": null, "end": null, "altitudeMode": null, "tessellate": -1, "extrude": 0, "visibility": -1, "drawOrder": null, "icon": null }, "geometry": { "type": "Point", "coordinates": [ 80.23939, 13.10959 ] } },
{ "type": "Feature", "properties": { "name": null, "layer": "schools", "id": null, "Name": null, "description": null, "timestamp": null, "begin": null, "end": null, "altitudeMode": null, "tessellate": -1, "extrude": 0, "visibility": -1, "drawOrder": null, "icon": null }, "geometry": { "type": "Point", "coordinates": [ 80.24512, 13.12074 ] } },
{ "type": "Feature", "properties": { "name": null, "layer": "schools", "id": null, "Name": null, "description": null, "timestamp": null, "begin": null, "end": null, "altitudeMode": null, "tessellate": -1, "extrude": 0, "visibility": -1, "drawOrder": null, "icon": null }, "geometry": { "type": "Point", "coordinates": [ 80.24402, 13.11929 ] } },
{ "type": "Feature", "properties": { "name": null, "layer": "schools", "id": null, "Name": null, "description": null, "timestamp": null, "begin": null, "end": null, "altitudeMode": null, "tessellate": -1, "extrude": 0, "visibility": -1, "drawOrder": null, "icon": null }, "geometry": { "type": "Point", "coordinates": [ 80.24327, 13.10997 ] } },
{ "type": "Feature", "properties": { "name": null, "layer": "schools", "id": null, "Name": null, "description": null, "timestamp": null, "begin": null, "end": null, "altitudeMode": null, "tessellate": -1, "extrude": 0, "visibility": -1, "drawOrder": null, "icon": null }, "geometry": { "type": "Point", "coordinates": [ 80.24076, 13.12128 ] } },
{ "type": "Feature", "properties": { "name": null, "layer": "schools", "id": null, "Name": null, "description": null, "timestamp": null, "begin": null, "end": null, "altitudeMode": null, "tessellate": -1, "extrude": 0, "visibility": -1, "drawOrder": null, "icon": null }, "geometry": { "type": "Point", "coordinates": [ 80.24278, 13.12148 ] } },
{ "type": "Feature", "properties": { "name": null, "layer": "schools", "id": null, "Name": null, "description": null, "timestamp": null, "begin": null, "end": null, "altitudeMode": null, "tessellate": -1, "extrude": 0, "visibility": -1, "drawOrder": null, "icon": null }, "geometry": { "type": "Point", "coordinates": [ 80.24186, 13.11141 ] } },
{ "type": "Feature", "properties": { "name": null, "layer": "schools", "id": null, "Name": null, "description": null, "timestamp": null, "begin": null, "end": null, "altitudeMode": null, "tessellate": -1, "extrude": 0, "visibility": -1, "drawOrder": null, "icon": null }, "geometry": { "type": "Point", "coordinates": [ 80.24094, 13.1109 ] } },
{ "type": "Feature", "properties": { "name": null, "layer": "schools", "id": null, "Name": null, "description": null, "timestamp": null, "begin": null, "end": null, "altitudeMode": null, "tessellate": -1, "extrude": 0, "visibility": -1, "drawOrder": null, "icon": null }, "geometry": { "type": "Point", "coordinates": [ 80.24338, 13.11329 ] } },
{ "type": "Feature", "properties": { "name": null, "layer": "schools", "id": null, "Name": null, "description": null, "timestamp": null, "begin": null, "end": null, "altitudeMode": null, "tessellate": -1, "extrude": 0, "visibility": -1, "drawOrder": null, "icon": null }, "geometry": { "type": "Point", "coordinates": [ 80.23879, 13.11326 ] } },
{ "type": "Feature", "properties": { "name": null, "layer": "schools", "id": null, "Name": null, "description": null, "timestamp": null, "begin": null, "end": null, "altitudeMode": null, "tessellate": -1, "extrude": 0, "visibility": -1, "drawOrder": null, "icon": null }, "geometry": { "type": "Point", "coordinates": [ 80.24431, 13.12022 ] } },
{ "type": "Feature", "properties": { "name": null, "layer": "schools", "id": null, "Name": null, "description": null, "timestamp": null, "begin": null, "end": null, "altitudeMode": null, "tessellate": -1, "extrude": 0, "visibility": -1, "drawOrder": null, "icon": null }, "geometry": { "type": "Point", "coordinates": [ 80.24076, 13.12126 ] } },
{ "type": "Feature", "properties": { "name": null, "layer": "schools", "id": null, "Name": null, "description": null, "timestamp": null, "begin": null, "end": null, "altitudeMode": null, "tessellate": -1, "extrude": 0, "visibility": -1, "drawOrder": null, "icon": null }, "geometry": { "type": "Point", "coordinates": [ 80.24079, 13.11951 ] } },
{ "type": "Feature", "properties": { "name": null, "layer": "schools", "id": null, "Name": null, "description": null, "timestamp": null, "begin": null, "end": null, "altitudeMode": null, "tessellate": -1, "extrude": 0, "visibility": -1, "drawOrder": null, "icon": null }, "geometry": { "type": "Point", "coordinates": [ 80.29649, 13.16816 ] } },
{ "type": "Feature", "properties": { "name": null, "layer": "schools", "id": null, "Name": null, "description": null, "timestamp": null, "begin": null, "end": null, "altitudeMode": null, "tessellate": -1, "extrude": 0, "visibility": -1, "drawOrder": null, "icon": null }, "geometry": { "type": "Point", "coordinates": [ 80.29609, 13.16736 ] } },
{ "type": "Feature", "properties": { "name": null, "layer": "schools", "id": null, "Name": null, "description": null, "timestamp": null, "begin": null, "end": null, "altitudeMode": null, "tessellate": -1, "extrude": 0, "visibility": -1, "drawOrder": null, "icon": null }, "geometry": { "type": "Point", "coordinates": [ 80.29198, 13.16915 ] } },
{ "type": "Feature", "properties": { "name": null, "layer": "schools", "id": null, "Name": null, "description": null, "timestamp": null, "begin": null, "end": null, "altitudeMode": null, "tessellate": -1, "extrude": 0, "visibility": -1, "drawOrder": null, "icon": null }, "geometry": { "type": "Point", "coordinates": [ 80.29765, 13.16892 ] } },
{ "type": "Feature", "properties": { "name": null, "layer": "schools", "id": null, "Name": null, "description": null, "timestamp": null, "begin": null, "end": null, "altitudeMode": null, "tessellate": -1, "extrude": 0, "visibility": -1, "drawOrder": null, "icon": null }, "geometry": { "type": "Point", "coordinates": [ 80.29474, 13.163 ] } },
{ "type": "Feature", "properties": { "name": null, "layer": "schools", "id": null, "Name": null, "description": null, "timestamp": null, "begin": null, "end": null, "altitudeMode": null, "tessellate": -1, "extrude": 0, "visibility": -1, "drawOrder": null, "icon": null }, "geometry": { "type": "Point", "coordinates": [ 80.29081, 13.17062 ] } },
{ "type": "Feature", "properties": { "name": null, "layer": "schools", "id": null, "Name": null, "description": null, "timestamp": null, "begin": null, "end": null, "altitudeMode": null, "tessellate": -1, "extrude": 0, "visibility": -1, "drawOrder": null, "icon": null }, "geometry": { "type": "Point", "coordinates": [ 80.29411, 13.16876 ] } },
{ "type": "Feature", "properties": { "name": null, "layer": "schools", "id": null, "Name": null, "description": null, "timestamp": null, "begin": null, "end": null, "altitudeMode": null, "tessellate": -1, "extrude": 0, "visibility": -1, "drawOrder": null, "icon": null }, "geometry": { "type": "Point", "coordinates": [ 80.29631, 13.16428 ] } },
{ "type": "Feature", "properties": { "name": null, "layer": "schools", "id": null, "Name": null, "description": null, "timestamp": null, "begin": null, "end": null, "altitudeMode": null, "tessellate": -1, "extrude": 0, "visibility": -1, "drawOrder": null, "icon": null }, "geometry": { "type": "Point", "coordinates": [ 80.25066, 13.11171 ] } },
{ "type": "Feature", "properties": { "name": null, "layer": "schools", "id": null, "Name": null, "description": null, "timestamp": null, "begin": null, "end": null, "altitudeMode": null, "tessellate": -1, "extrude": 0, "visibility": -1, "drawOrder": null, "icon": null }, "geometry": { "type": "Point", "coordinates": [ 80.24572, 13.11287 ] } },
{ "type": "Feature", "properties": { "name": null, "layer": "schools", "id": null, "Name": null, "description": null, "timestamp": null, "begin": null, "end": null, "altitudeMode": null, "tessellate": -1, "extrude": 0, "visibility": -1, "drawOrder": null, "icon": null }, "geometry": { "type": "Point", "coordinates": [ 80.24722, 13.11089 ] } },
{ "type": "Feature", "properties": { "name": null, "layer": "schools", "id": null, "Name": null, "description": null, "timestamp": null, "begin": null, "end": null, "altitudeMode": null, "tessellate": -1, "extrude": 0, "visibility": -1, "drawOrder": null, "icon": null }, "geometry": { "type": "Point", "coordinates": [ 80.2509, 13.10875 ] } },
{ "type": "Feature", "properties": { "name": null, "layer": "schools", "id": null, "Name": null, "description": null, "timestamp": null, "begin": null, "end": null, "altitudeMode": null, "tessellate": -1, "extrude": 0, "visibility": -1, "drawOrder": null, "icon": null }, "geometry": { "type": "Point", "coordinates": [ 80.2449, 13.10982 ] } },
{ "type": "Feature", "properties": { "name": null, "layer": "schools", "id": null, "Name": null, "description": null, "timestamp": null, "begin": null, "end": null, "altitudeMode": null, "tessellate": -1, "extrude": 0, "visibility": -1, "drawOrder": null, "icon": null }, "geometry": { "type": "Point", "coordinates": [ 80.24369, 13.11192 ] } },
{ "type": "Feature", "properties": { "name": null, "layer": "schools", "id": null, "Name": null, "description": null, "timestamp": null, "begin": null, "end": null, "altitudeMode": null, "tessellate": -1, "extrude": 0, "visibility": -1, "drawOrder": null, "icon": null }, "geometry": { "type": "Point", "coordinates": [ 80.24843, 13.10676 ] } },
{ "type": "Feature", "properties": { "name": null, "layer": "schools", "id": null, "Name": null, "description": null, "timestamp": null, "begin": null, "end": null, "altitudeMode": null, "tessellate": -1, "extrude": 0, "visibility": -1, "drawOrder": null, "icon": null }, "geometry": { "type": "Point", "coordinates": [ 80.24369, 13.11192 ] } },
{ "type": "Feature", "properties": { "name": null, "layer": "schools", "id": null, "Name": null, "description": null, "timestamp": null, "begin": null, "end": null, "altitudeMode": null, "tessellate": -1, "extrude": 0, "visibility": -1, "drawOrder": null, "icon": null }, "geometry": { "type": "Point", "coordinates": [ 80.25011, 13.10987 ] } },
{ "type": "Feature", "properties": { "name": null, "layer": "schools", "id": null, "Name": null, "description": null, "timestamp": null, "begin": null, "end": null, "altitudeMode": null, "tessellate": -1, "extrude": 0, "visibility": -1, "drawOrder": null, "icon": null }, "geometry": { "type": "Point", "coordinates": [ 80.24384, 13.11148 ] } },
{ "type": "Feature", "properties": { "name": null, "layer": "schools", "id": null, "Name": null, "description": null, "timestamp": null, "begin": null, "end": null, "altitudeMode": null, "tessellate": -1, "extrude": 0, "visibility": -1, "drawOrder": null, "icon": null }, "geometry": { "type": "Point", "coordinates": [ 80.25021, 13.10769 ] } },
{ "type": "Feature", "properties": { "name": null, "layer": "schools", "id": null, "Name": null, "description": null, "timestamp": null, "begin": null, "end": null, "altitudeMode": null, "tessellate": -1, "extrude": 0, "visibility": -1, "drawOrder": null, "icon": null }, "geometry": { "type": "Point", "coordinates": [ 80.25062, 13.11522 ] } },
{ "type": "Feature", "properties": { "name": null, "layer": "schools", "id": null, "Name": null, "description": null, "timestamp": null, "begin": null, "end": null, "altitudeMode": null, "tessellate": -1, "extrude": 0, "visibility": -1, "drawOrder": null, "icon": null }, "geometry": { "type": "Point", "coordinates": [ 80.2479, 13.10742 ] } },
{ "type": "Feature", "properties": { "name": null, "layer": "schools", "id": null, "Name": null, "description": null, "timestamp": null, "begin": null, "end": null, "altitudeMode": null, "tessellate": -1, "extrude": 0, "visibility": -1, "drawOrder": null, "icon": null }, "geometry": { "type": "Point", "coordinates": [ 80.24757, 13.11181 ] } },
{ "type": "Feature", "properties": { "name": null, "layer": "schools", "id": null, "Name": null, "description": null, "timestamp": null, "begin": null, "end": null, "altitudeMode": null, "tessellate": -1, "extrude": 0, "visibility": -1, "drawOrder": null, "icon": null }, "geometry": { "type": "Point", "coordinates": [ 80.24648, 13.1113 ] } },
{ "type": "Feature", "properties": { "name": null, "layer": "schools", "id": null, "Name": null, "description": null, "timestamp": null, "begin": null, "end": null, "altitudeMode": null, "tessellate": -1, "extrude": 0, "visibility": -1, "drawOrder": null, "icon": null }, "geometry": { "type": "Point", "coordinates": [ 80.24839, 13.1048 ] } },
{ "type": "Feature", "properties": { "name": null, "layer": "schools", "id": null, "Name": null, "description": null, "timestamp": null, "begin": null, "end": null, "altitudeMode": null, "tessellate": -1, "extrude": 0, "visibility": -1, "drawOrder": null, "icon": null }, "geometry": { "type": "Point", "coordinates": [ 80.24335, 13.09748 ] } },
{ "type": "Feature", "properties": { "name": null, "layer": "schools", "id": null, "Name": null, "description": null, "timestamp": null, "begin": null, "end": null, "altitudeMode": null, "tessellate": -1, "extrude": 0, "visibility": -1, "drawOrder": null, "icon": null }, "geometry": { "type": "Point", "coordinates": [ 80.28062, 13.08093 ] } },
{ "type": "Feature", "properties": { "name": null, "layer": "schools", "id": null, "Name": null, "description": null, "timestamp": null, "begin": null, "end": null, "altitudeMode": null, "tessellate": -1, "extrude": 0, "visibility": -1, "drawOrder": null, "icon": null }, "geometry": { "type": "Point", "coordinates": [ 80.27607, 13.08717 ] } },
{ "type": "Feature", "properties": { "name": null, "layer": "schools", "id": null, "Name": null, "description": null, "timestamp": null, "begin": null, "end": null, "altitudeMode": null, "tessellate": -1, "extrude": 0, "visibility": -1, "drawOrder": null, "icon": null }, "geometry": { "type": "Point", "coordinates": [ 80.27709, 13.08686 ] } },
{ "type": "Feature", "properties": { "name": null, "layer": "schools", "id": null, "Name": null, "description": null, "timestamp": null, "begin": null, "end": null, "altitudeMode": null, "tessellate": -1, "extrude": 0, "visibility": -1, "drawOrder": null, "icon": null }, "geometry": { "type": "Point", "coordinates": [ 80.27742, 13.08756 ] } },
{ "type": "Feature", "properties": { "name": null, "layer": "schools", "id": null, "Name": null, "description": null, "timestamp": null, "begin": null, "end": null, "altitudeMode": null, "tessellate": -1, "extrude": 0, "visibility": -1, "drawOrder": null, "icon": null }, "geometry": { "type": "Point", "coordinates": [ 80.27761, 13.08859 ] } },
{ "type": "Feature", "properties": { "name": null, "layer": "schools", "id": null, "Name": null, "description": null, "timestamp": null, "begin": null, "end": null, "altitudeMode": null, "tessellate": -1, "extrude": 0, "visibility": -1, "drawOrder": null, "icon": null }, "geometry": { "type": "Point", "coordinates": [ 80.27897, 13.08832 ] } },
{ "type": "Feature", "properties": { "name": null, "layer": "schools", "id": null, "Name": null, "description": null, "timestamp": null, "begin": null, "end": null, "altitudeMode": null, "tessellate": -1, "extrude": 0, "visibility": -1, "drawOrder": null, "icon": null }, "geometry": { "type": "Point", "coordinates": [ 80.27829, 13.07766 ] } },
{ "type": "Feature", "properties": { "name": null, "layer": "schools", "id": null, "Name": null, "description": null, "timestamp": null, "begin": null, "end": null, "altitudeMode": null, "tessellate": -1, "extrude": 0, "visibility": -1, "drawOrder": null, "icon": null }, "geometry": { "type": "Point", "coordinates": [ 80.2935, 13.1763 ] } },
{ "type": "Feature", "properties": { "name": null, "layer": "schools", "id": null, "Name": null, "description": null, "timestamp": null, "begin": null, "end": null, "altitudeMode": null, "tessellate": -1, "extrude": 0, "visibility": -1, "drawOrder": null, "icon": null }, "geometry": { "type": "Point", "coordinates": [ 80.29972, 13.17248 ] } },
{ "type": "Feature", "properties": { "name": null, "layer": "schools", "id": null, "Name": null, "description": null, "timestamp": null, "begin": null, "end": null, "altitudeMode": null, "tessellate": -1, "extrude": 0, "visibility": -1, "drawOrder": null, "icon": null }, "geometry": { "type": "Point", "coordinates": [ 80.29582, 13.17367 ] } },
{ "type": "Feature", "properties": { "name": null, "layer": "schools", "id": null, "Name": null, "description": null, "timestamp": null, "begin": null, "end": null, "altitudeMode": null, "tessellate": -1, "extrude": 0, "visibility": -1, "drawOrder": null, "icon": null }, "geometry": { "type": "Point", "coordinates": [ 80.30027, 13.17774 ] } },
{ "type": "Feature", "properties": { "name": null, "layer": "schools", "id": null, "Name": null, "description": null, "timestamp": null, "begin": null, "end": null, "altitudeMode": null, "tessellate": -1, "extrude": 0, "visibility": -1, "drawOrder": null, "icon": null }, "geometry": { "type": "Point", "coordinates": [ 80.29747, 13.17289 ] } },
{ "type": "Feature", "properties": { "name": null, "layer": "schools", "id": null, "Name": null, "description": null, "timestamp": null, "begin": null, "end": null, "altitudeMode": null, "tessellate": -1, "extrude": 0, "visibility": -1, "drawOrder": null, "icon": null }, "geometry": { "type": "Point", "coordinates": [ 80.29922, 13.1747 ] } },
{ "type": "Feature", "properties": { "name": null, "layer": "schools", "id": null, "Name": null, "description": null, "timestamp": null, "begin": null, "end": null, "altitudeMode": null, "tessellate": -1, "extrude": 0, "visibility": -1, "drawOrder": null, "icon": null }, "geometry": { "type": "Point", "coordinates": [ 80.28935, 13.09056 ] } },
{ "type": "Feature", "properties": { "name": null, "layer": "schools", "id": null, "Name": null, "description": null, "timestamp": null, "begin": null, "end": null, "altitudeMode": null, "tessellate": -1, "extrude": 0, "visibility": -1, "drawOrder": null, "icon": null }, "geometry": { "type": "Point", "coordinates": [ 80.29459, 13.0897 ] } },
{ "type": "Feature", "properties": { "name": null, "layer": "schools", "id": null, "Name": null, "description": null, "timestamp": null, "begin": null, "end": null, "altitudeMode": null, "tessellate": -1, "extrude": 0, "visibility": -1, "drawOrder": null, "icon": null }, "geometry": { "type": "Point", "coordinates": [ 80.28828, 13.09048 ] } },
{ "type": "Feature", "properties": { "name": null, "layer": "schools", "id": null, "Name": null, "description": null, "timestamp": null, "begin": null, "end": null, "altitudeMode": null, "tessellate": -1, "extrude": 0, "visibility": -1, "drawOrder": null, "icon": null }, "geometry": { "type": "Point", "coordinates": [ 80.2899, 13.09174 ] } },
{ "type": "Feature", "properties": { "name": null, "layer": "schools", "id": null, "Name": null, "description": null, "timestamp": null, "begin": null, "end": null, "altitudeMode": null, "tessellate": -1, "extrude": 0, "visibility": -1, "drawOrder": null, "icon": null }, "geometry": { "type": "Point", "coordinates": [ 80.28361, 13.08325 ] } },
{ "type": "Feature", "properties": { "name": null, "layer": "schools", "id": null, "Name": null, "description": null, "timestamp": null, "begin": null, "end": null, "altitudeMode": null, "tessellate": -1, "extrude": 0, "visibility": -1, "drawOrder": null, "icon": null }, "geometry": { "type": "Point", "coordinates": [ 80.28911, 13.09453 ] } },
{ "type": "Feature", "properties": { "name": null, "layer": "schools", "id": null, "Name": null, "description": null, "timestamp": null, "begin": null, "end": null, "altitudeMode": null, "tessellate": -1, "extrude": 0, "visibility": -1, "drawOrder": null, "icon": null }, "geometry": { "type": "Point", "coordinates": [ 80.29191, 13.10159 ] } },
{ "type": "Feature", "properties": { "name": null, "layer": "schools", "id": null, "Name": null, "description": null, "timestamp": null, "begin": null, "end": null, "altitudeMode": null, "tessellate": -1, "extrude": 0, "visibility": -1, "drawOrder": null, "icon": null }, "geometry": { "type": "Point", "coordinates": [ 80.29086, 13.10159 ] } },
{ "type": "Feature", "properties": { "name": null, "layer": "schools", "id": null, "Name": null, "description": null, "timestamp": null, "begin": null, "end": null, "altitudeMode": null, "tessellate": -1, "extrude": 0, "visibility": -1, "drawOrder": null, "icon": null }, "geometry": { "type": "Point", "coordinates": [ 80.29116, 13.10117 ] } },
{ "type": "Feature", "properties": { "name": null, "layer": "schools", "id": null, "Name": null, "description": null, "timestamp": null, "begin": null, "end": null, "altitudeMode": null, "tessellate": -1, "extrude": 0, "visibility": -1, "drawOrder": null, "icon": null }, "geometry": { "type": "Point", "coordinates": [ 80.29101, 13.10142 ] } },
{ "type": "Feature", "properties": { "name": null, "layer": "schools", "id": null, "Name": null, "description": null, "timestamp": null, "begin": null, "end": null, "altitudeMode": null, "tessellate": -1, "extrude": 0, "visibility": -1, "drawOrder": null, "icon": null }, "geometry": { "type": "Point", "coordinates": [ 80.28711, 13.08964 ] } },
{ "type": "Feature", "properties": { "name": null, "layer": "schools", "id": null, "Name": null, "description": null, "timestamp": null, "begin": null, "end": null, "altitudeMode": null, "tessellate": -1, "extrude": 0, "visibility": -1, "drawOrder": null, "icon": null }, "geometry": { "type": "Point", "coordinates": [ 80.28981, 13.09575 ] } },
{ "type": "Feature", "properties": { "name": null, "layer": "schools", "id": null, "Name": null, "description": null, "timestamp": null, "begin": null, "end": null, "altitudeMode": null, "tessellate": -1, "extrude": 0, "visibility": -1, "drawOrder": null, "icon": null }, "geometry": { "type": "Point", "coordinates": [ 80.29167, 13.09968 ] } },
{ "type": "Feature", "properties": { "name": null, "layer": "schools", "id": null, "Name": null, "description": null, "timestamp": null, "begin": null, "end": null, "altitudeMode": null, "tessellate": -1, "extrude": 0, "visibility": -1, "drawOrder": null, "icon": null }, "geometry": { "type": "Point", "coordinates": [ 80.28684, 13.09066 ] } },
{ "type": "Feature", "properties": { "name": null, "layer": "schools", "id": null, "Name": null, "description": null, "timestamp": null, "begin": null, "end": null, "altitudeMode": null, "tessellate": -1, "extrude": 0, "visibility": -1, "drawOrder": null, "icon": null }, "geometry": { "type": "Point", "coordinates": [ 80.25481, 13.07556 ] } },
{ "type": "Feature", "properties": { "name": null, "layer": "schools", "id": null, "Name": null, "description": null, "timestamp": null, "begin": null, "end": null, "altitudeMode": null, "tessellate": -1, "extrude": 0, "visibility": -1, "drawOrder": null, "icon": null }, "geometry": { "type": "Point", "coordinates": [ 80.2541, 13.07506 ] } },
{ "type": "Feature", "properties": { "name": null, "layer": "schools", "id": null, "Name": null, "description": null, "timestamp": null, "begin": null, "end": null, "altitudeMode": null, "tessellate": -1, "extrude": 0, "visibility": -1, "drawOrder": null, "icon": null }, "geometry": { "type": "Point", "coordinates": [ 80.26126, 13.07006 ] } },
{ "type": "Feature", "properties": { "name": null, "layer": "schools", "id": null, "Name": null, "description": null, "timestamp": null, "begin": null, "end": null, "altitudeMode": null, "tessellate": -1, "extrude": 0, "visibility": -1, "drawOrder": null, "icon": null }, "geometry": { "type": "Point", "coordinates": [ 80.25859, 13.0617 ] } },
{ "type": "Feature", "properties": { "name": null, "layer": "schools", "id": null, "Name": null, "description": null, "timestamp": null, "begin": null, "end": null, "altitudeMode": null, "tessellate": -1, "extrude": 0, "visibility": -1, "drawOrder": null, "icon": null }, "geometry": { "type": "Point", "coordinates": [ 80.25538, 13.07042 ] } },
{ "type": "Feature", "properties": { "name": null, "layer": "schools", "id": null, "Name": null, "description": null, "timestamp": null, "begin": null, "end": null, "altitudeMode": null, "tessellate": -1, "extrude": 0, "visibility": -1, "drawOrder": null, "icon": null }, "geometry": { "type": "Point", "coordinates": [ 80.26129, 13.06684 ] } },
{ "type": "Feature", "properties": { "name": null, "layer": "schools", "id": null, "Name": null, "description": null, "timestamp": null, "begin": null, "end": null, "altitudeMode": null, "tessellate": -1, "extrude": 0, "visibility": -1, "drawOrder": null, "icon": null }, "geometry": { "type": "Point", "coordinates": [ 80.26629, 13.07238 ] } },
{ "type": "Feature", "properties": { "name": null, "layer": "schools", "id": null, "Name": null, "description": null, "timestamp": null, "begin": null, "end": null, "altitudeMode": null, "tessellate": -1, "extrude": 0, "visibility": -1, "drawOrder": null, "icon": null }, "geometry": { "type": "Point", "coordinates": [ 80.26438, 13.07626 ] } },
{ "type": "Feature", "properties": { "name": null, "layer": "schools", "id": null, "Name": null, "description": null, "timestamp": null, "begin": null, "end": null, "altitudeMode": null, "tessellate": -1, "extrude": 0, "visibility": -1, "drawOrder": null, "icon": null }, "geometry": { "type": "Point", "coordinates": [ 80.25286, 13.07501 ] } },
{ "type": "Feature", "properties": { "name": null, "layer": "schools", "id": null, "Name": null, "description": null, "timestamp": null, "begin": null, "end": null, "altitudeMode": null, "tessellate": -1, "extrude": 0, "visibility": -1, "drawOrder": null, "icon": null }, "geometry": { "type": "Point", "coordinates": [ 80.26119, 13.07657 ] } },
{ "type": "Feature", "properties": { "name": null, "layer": "schools", "id": null, "Name": null, "description": null, "timestamp": null, "begin": null, "end": null, "altitudeMode": null, "tessellate": -1, "extrude": 0, "visibility": -1, "drawOrder": null, "icon": null }, "geometry": { "type": "Point", "coordinates": [ 80.26567, 13.07108 ] } },
{ "type": "Feature", "properties": { "name": null, "layer": "schools", "id": null, "Name": null, "description": null, "timestamp": null, "begin": null, "end": null, "altitudeMode": null, "tessellate": -1, "extrude": 0, "visibility": -1, "drawOrder": null, "icon": null }, "geometry": { "type": "Point", "coordinates": [ 80.26175, 13.07222 ] } },
{ "type": "Feature", "properties": { "name": null, "layer": "schools", "id": null, "Name": null, "description": null, "timestamp": null, "begin": null, "end": null, "altitudeMode": null, "tessellate": -1, "extrude": 0, "visibility": -1, "drawOrder": null, "icon": null }, "geometry": { "type": "Point", "coordinates": [ 80.25524, 13.078 ] } },
{ "type": "Feature", "properties": { "name": null, "layer": "schools", "id": null, "Name": null, "description": null, "timestamp": null, "begin": null, "end": null, "altitudeMode": null, "tessellate": -1, "extrude": 0, "visibility": -1, "drawOrder": null, "icon": null }, "geometry": { "type": "Point", "coordinates": [ 80.26643, 13.07636 ] } },
{ "type": "Feature", "properties": { "name": null, "layer": "schools", "id": null, "Name": null, "description": null, "timestamp": null, "begin": null, "end": null, "altitudeMode": null, "tessellate": -1, "extrude": 0, "visibility": -1, "drawOrder": null, "icon": null }, "geometry": { "type": "Point", "coordinates": [ 80.26928, 13.073 ] } },
{ "type": "Feature", "properties": { "name": null, "layer": "schools", "id": null, "Name": null, "description": null, "timestamp": null, "begin": null, "end": null, "altitudeMode": null, "tessellate": -1, "extrude": 0, "visibility": -1, "drawOrder": null, "icon": null }, "geometry": { "type": "Point", "coordinates": [ 80.27239, 13.07449 ] } },
{ "type": "Feature", "properties": { "name": null, "layer": "schools", "id": null, "Name": null, "description": null, "timestamp": null, "begin": null, "end": null, "altitudeMode": null, "tessellate": -1, "extrude": 0, "visibility": -1, "drawOrder": null, "icon": null }, "geometry": { "type": "Point", "coordinates": [ 80.27209, 13.07541 ] } },
{ "type": "Feature", "properties": { "name": null, "layer": "schools", "id": null, "Name": null, "description": null, "timestamp": null, "begin": null, "end": null, "altitudeMode": null, "tessellate": -1, "extrude": 0, "visibility": -1, "drawOrder": null, "icon": null }, "geometry": { "type": "Point", "coordinates": [ 80.27158, 13.07472 ] } },
{ "type": "Feature", "properties": { "name": null, "layer": "schools", "id": null, "Name": null, "description": null, "timestamp": null, "begin": null, "end": null, "altitudeMode": null, "tessellate": -1, "extrude": 0, "visibility": -1, "drawOrder": null, "icon": null }, "geometry": { "type": "Point", "coordinates": [ 80.27243, 13.07608 ] } },
{ "type": "Feature", "properties": { "name": null, "layer": "schools", "id": null, "Name": null, "description": null, "timestamp": null, "begin": null, "end": null, "altitudeMode": null, "tessellate": -1, "extrude": 0, "visibility": -1, "drawOrder": null, "icon": null }, "geometry": { "type": "Point", "coordinates": [ 80.27202, 13.07646 ] } },
{ "type": "Feature", "properties": { "name": null, "layer": "schools", "id": null, "Name": null, "description": null, "timestamp": null, "begin": null, "end": null, "altitudeMode": null, "tessellate": -1, "extrude": 0, "visibility": -1, "drawOrder": null, "icon": null }, "geometry": { "type": "Point", "coordinates": [ 80.27193, 13.07616 ] } },
{ "type": "Feature", "properties": { "name": null, "layer": "schools", "id": null, "Name": null, "description": null, "timestamp": null, "begin": null, "end": null, "altitudeMode": null, "tessellate": -1, "extrude": 0, "visibility": -1, "drawOrder": null, "icon": null }, "geometry": { "type": "Point", "coordinates": [ 80.27208, 13.07575 ] } },
{ "type": "Feature", "properties": { "name": null, "layer": "schools", "id": null, "Name": null, "description": null, "timestamp": null, "begin": null, "end": null, "altitudeMode": null, "tessellate": -1, "extrude": 0, "visibility": -1, "drawOrder": null, "icon": null }, "geometry": { "type": "Point", "coordinates": [ 80.2731, 13.0753 ] } },
{ "type": "Feature", "properties": { "name": null, "layer": "schools", "id": null, "Name": null, "description": null, "timestamp": null, "begin": null, "end": null, "altitudeMode": null, "tessellate": -1, "extrude": 0, "visibility": -1, "drawOrder": null, "icon": null }, "geometry": { "type": "Point", "coordinates": [ 80.26872, 13.07339 ] } },
{ "type": "Feature", "properties": { "name": null, "layer": "schools", "id": null, "Name": null, "description": null, "timestamp": null, "begin": null, "end": null, "altitudeMode": null, "tessellate": -1, "extrude": 0, "visibility": -1, "drawOrder": null, "icon": null }, "geometry": { "type": "Point", "coordinates": [ 80.27176, 13.07518 ] } },
{ "type": "Feature", "properties": { "name": null, "layer": "schools", "id": null, "Name": null, "description": null, "timestamp": null, "begin": null, "end": null, "altitudeMode": null, "tessellate": -1, "extrude": 0, "visibility": -1, "drawOrder": null, "icon": null }, "geometry": { "type": "Point", "coordinates": [ 80.27404, 13.07298 ] } },
{ "type": "Feature", "properties": { "name": null, "layer": "schools", "id": null, "Name": null, "description": null, "timestamp": null, "begin": null, "end": null, "altitudeMode": null, "tessellate": -1, "extrude": 0, "visibility": -1, "drawOrder": null, "icon": null }, "geometry": { "type": "Point", "coordinates": [ 80.26796, 13.06925 ] } },
{ "type": "Feature", "properties": { "name": null, "layer": "schools", "id": null, "Name": null, "description": null, "timestamp": null, "begin": null, "end": null, "altitudeMode": null, "tessellate": -1, "extrude": 0, "visibility": -1, "drawOrder": null, "icon": null }, "geometry": { "type": "Point", "coordinates": [ 80.26633, 13.06227 ] } },
{ "type": "Feature", "properties": { "name": null, "layer": "schools", "id": null, "Name": null, "description": null, "timestamp": null, "begin": null, "end": null, "altitudeMode": null, "tessellate": -1, "extrude": 0, "visibility": -1, "drawOrder": null, "icon": null }, "geometry": { "type": "Point", "coordinates": [ 80.26609, 13.07099 ] } },
{ "type": "Feature", "properties": { "name": null, "layer": "schools", "id": null, "Name": null, "description": null, "timestamp": null, "begin": null, "end": null, "altitudeMode": null, "tessellate": -1, "extrude": 0, "visibility": -1, "drawOrder": null, "icon": null }, "geometry": { "type": "Point", "coordinates": [ 80.26705, 13.06911 ] } },
{ "type": "Feature", "properties": { "name": null, "layer": "schools", "id": null, "Name": null, "description": null, "timestamp": null, "begin": null, "end": null, "altitudeMode": null, "tessellate": -1, "extrude": 0, "visibility": -1, "drawOrder": null, "icon": null }, "geometry": { "type": "Point", "coordinates": [ 80.26601, 13.06829 ] } },
{ "type": "Feature", "properties": { "name": null, "layer": "schools", "id": null, "Name": null, "description": null, "timestamp": null, "begin": null, "end": null, "altitudeMode": null, "tessellate": -1, "extrude": 0, "visibility": -1, "drawOrder": null, "icon": null }, "geometry": { "type": "Point", "coordinates": [ 80.26599, 13.06997 ] } },
{ "type": "Feature", "properties": { "name": null, "layer": "schools", "id": null, "Name": null, "description": null, "timestamp": null, "begin": null, "end": null, "altitudeMode": null, "tessellate": -1, "extrude": 0, "visibility": -1, "drawOrder": null, "icon": null }, "geometry": { "type": "Point", "coordinates": [ 80.26248, 13.06436 ] } },
{ "type": "Feature", "properties": { "name": null, "layer": "schools", "id": null, "Name": null, "description": null, "timestamp": null, "begin": null, "end": null, "altitudeMode": null, "tessellate": -1, "extrude": 0, "visibility": -1, "drawOrder": null, "icon": null }, "geometry": { "type": "Point", "coordinates": [ 80.26599, 13.0699 ] } },
{ "type": "Feature", "properties": { "name": null, "layer": "schools", "id": null, "Name": null, "description": null, "timestamp": null, "begin": null, "end": null, "altitudeMode": null, "tessellate": -1, "extrude": 0, "visibility": -1, "drawOrder": null, "icon": null }, "geometry": { "type": "Point", "coordinates": [ 80.26598, 13.06823 ] } },
{ "type": "Feature", "properties": { "name": null, "layer": "schools", "id": null, "Name": null, "description": null, "timestamp": null, "begin": null, "end": null, "altitudeMode": null, "tessellate": -1, "extrude": 0, "visibility": -1, "drawOrder": null, "icon": null }, "geometry": { "type": "Point", "coordinates": [ 80.26487, 13.06943 ] } },
{ "type": "Feature", "properties": { "name": null, "layer": "schools", "id": null, "Name": null, "description": null, "timestamp": null, "begin": null, "end": null, "altitudeMode": null, "tessellate": -1, "extrude": 0, "visibility": -1, "drawOrder": null, "icon": null }, "geometry": { "type": "Point", "coordinates": [ 80.26598, 13.06823 ] } },
{ "type": "Feature", "properties": { "name": null, "layer": "schools", "id": null, "Name": null, "description": null, "timestamp": null, "begin": null, "end": null, "altitudeMode": null, "tessellate": -1, "extrude": 0, "visibility": -1, "drawOrder": null, "icon": null }, "geometry": { "type": "Point", "coordinates": [ 80.27046, 13.07003 ] } },
{ "type": "Feature", "properties": { "name": null, "layer": "schools", "id": null, "Name": null, "description": null, "timestamp": null, "begin": null, "end": null, "altitudeMode": null, "tessellate": -1, "extrude": 0, "visibility": -1, "drawOrder": null, "icon": null }, "geometry": { "type": "Point", "coordinates": [ 80.22051, 13.12691 ] } },
{ "type": "Feature", "properties": { "name": null, "layer": "schools", "id": null, "Name": null, "description": null, "timestamp": null, "begin": null, "end": null, "altitudeMode": null, "tessellate": -1, "extrude": 0, "visibility": -1, "drawOrder": null, "icon": null }, "geometry": { "type": "Point", "coordinates": [ 80.2236, 13.12213 ] } },
{ "type": "Feature", "properties": { "name": null, "layer": "schools", "id": null, "Name": null, "description": null, "timestamp": null, "begin": null, "end": null, "altitudeMode": null, "tessellate": -1, "extrude": 0, "visibility": -1, "drawOrder": null, "icon": null }, "geometry": { "type": "Point", "coordinates": [ 80.22039, 13.11923 ] } },
{ "type": "Feature", "properties": { "name": null, "layer": "schools", "id": null, "Name": null, "description": null, "timestamp": null, "begin": null, "end": null, "altitudeMode": null, "tessellate": -1, "extrude": 0, "visibility": -1, "drawOrder": null, "icon": null }, "geometry": { "type": "Point", "coordinates": [ 80.21414, 13.12927 ] } },
{ "type": "Feature", "properties": { "name": null, "layer": "schools", "id": null, "Name": null, "description": null, "timestamp": null, "begin": null, "end": null, "altitudeMode": null, "tessellate": -1, "extrude": 0, "visibility": -1, "drawOrder": null, "icon": null }, "geometry": { "type": "Point", "coordinates": [ 80.2177, 13.12457 ] } },
{ "type": "Feature", "properties": { "name": null, "layer": "schools", "id": null, "Name": null, "description": null, "timestamp": null, "begin": null, "end": null, "altitudeMode": null, "tessellate": -1, "extrude": 0, "visibility": -1, "drawOrder": null, "icon": null }, "geometry": { "type": "Point", "coordinates": [ 80.22289, 13.11799 ] } },
{ "type": "Feature", "properties": { "name": null, "layer": "schools", "id": null, "Name": null, "description": null, "timestamp": null, "begin": null, "end": null, "altitudeMode": null, "tessellate": -1, "extrude": 0, "visibility": -1, "drawOrder": null, "icon": null }, "geometry": { "type": "Point", "coordinates": [ 80.22071, 13.12359 ] } },
{ "type": "Feature", "properties": { "name": null, "layer": "schools", "id": null, "Name": null, "description": null, "timestamp": null, "begin": null, "end": null, "altitudeMode": null, "tessellate": -1, "extrude": 0, "visibility": -1, "drawOrder": null, "icon": null }, "geometry": { "type": "Point", "coordinates": [ 80.21057, 13.11924 ] } },
{ "type": "Feature", "properties": { "name": null, "layer": "schools", "id": null, "Name": null, "description": null, "timestamp": null, "begin": null, "end": null, "altitudeMode": null, "tessellate": -1, "extrude": 0, "visibility": -1, "drawOrder": null, "icon": null }, "geometry": { "type": "Point", "coordinates": [ 80.21417, 13.12929 ] } },
{ "type": "Feature", "properties": { "name": null, "layer": "schools", "id": null, "Name": null, "description": null, "timestamp": null, "begin": null, "end": null, "altitudeMode": null, "tessellate": -1, "extrude": 0, "visibility": -1, "drawOrder": null, "icon": null }, "geometry": { "type": "Point", "coordinates": [ 80.22051, 13.12691 ] } },
{ "type": "Feature", "properties": { "name": null, "layer": "schools", "id": null, "Name": null, "description": null, "timestamp": null, "begin": null, "end": null, "altitudeMode": null, "tessellate": -1, "extrude": 0, "visibility": -1, "drawOrder": null, "icon": null }, "geometry": { "type": "Point", "coordinates": [ 80.21273, 13.11619 ] } },
{ "type": "Feature", "properties": { "name": null, "layer": "schools", "id": null, "Name": null, "description": null, "timestamp": null, "begin": null, "end": null, "altitudeMode": null, "tessellate": -1, "extrude": 0, "visibility": -1, "drawOrder": null, "icon": null }, "geometry": { "type": "Point", "coordinates": [ 80.21839, 13.11585 ] } },
{ "type": "Feature", "properties": { "name": null, "layer": "schools", "id": null, "Name": null, "description": null, "timestamp": null, "begin": null, "end": null, "altitudeMode": null, "tessellate": -1, "extrude": 0, "visibility": -1, "drawOrder": null, "icon": null }, "geometry": { "type": "Point", "coordinates": [ 80.20721, 13.11922 ] } },
{ "type": "Feature", "properties": { "name": null, "layer": "schools", "id": null, "Name": null, "description": null, "timestamp": null, "begin": null, "end": null, "altitudeMode": null, "tessellate": -1, "extrude": 0, "visibility": -1, "drawOrder": null, "icon": null }, "geometry": { "type": "Point", "coordinates": [ 80.20484, 13.1189 ] } },
{ "type": "Feature", "properties": { "name": null, "layer": "schools", "id": null, "Name": null, "description": null, "timestamp": null, "begin": null, "end": null, "altitudeMode": null, "tessellate": -1, "extrude": 0, "visibility": -1, "drawOrder": null, "icon": null }, "geometry": { "type": "Point", "coordinates": [ 80.20873, 13.11251 ] } },
{ "type": "Feature", "properties": { "name": null, "layer": "schools", "id": null, "Name": null, "description": null, "timestamp": null, "begin": null, "end": null, "altitudeMode": null, "tessellate": -1, "extrude": 0, "visibility": -1, "drawOrder": null, "icon": null }, "geometry": { "type": "Point", "coordinates": [ 80.2182, 13.11176 ] } },
{ "type": "Feature", "properties": { "name": null, "layer": "schools", "id": null, "Name": null, "description": null, "timestamp": null, "begin": null, "end": null, "altitudeMode": null, "tessellate": -1, "extrude": 0, "visibility": -1, "drawOrder": null, "icon": null }, "geometry": { "type": "Point", "coordinates": [ 80.21509, 13.11174 ] } },
{ "type": "Feature", "properties": { "name": null, "layer": "schools", "id": null, "Name": null, "description": null, "timestamp": null, "begin": null, "end": null, "altitudeMode": null, "tessellate": -1, "extrude": 0, "visibility": -1, "drawOrder": null, "icon": null }, "geometry": { "type": "Point", "coordinates": [ 80.20606, 13.11909 ] } },
{ "type": "Feature", "properties": { "name": null, "layer": "schools", "id": null, "Name": null, "description": null, "timestamp": null, "begin": null, "end": null, "altitudeMode": null, "tessellate": -1, "extrude": 0, "visibility": -1, "drawOrder": null, "icon": null }, "geometry": { "type": "Point", "coordinates": [ 80.21886, 13.11746 ] } },
{ "type": "Feature", "properties": { "name": null, "layer": "schools", "id": null, "Name": null, "description": null, "timestamp": null, "begin": null, "end": null, "altitudeMode": null, "tessellate": -1, "extrude": 0, "visibility": -1, "drawOrder": null, "icon": null }, "geometry": { "type": "Point", "coordinates": [ 80.2056, 13.12509 ] } },
{ "type": "Feature", "properties": { "name": null, "layer": "schools", "id": null, "Name": null, "description": null, "timestamp": null, "begin": null, "end": null, "altitudeMode": null, "tessellate": -1, "extrude": 0, "visibility": -1, "drawOrder": null, "icon": null }, "geometry": { "type": "Point", "coordinates": [ 80.22591, 13.11803 ] } },
{ "type": "Feature", "properties": { "name": null, "layer": "schools", "id": null, "Name": null, "description": null, "timestamp": null, "begin": null, "end": null, "altitudeMode": null, "tessellate": -1, "extrude": 0, "visibility": -1, "drawOrder": null, "icon": null }, "geometry": { "type": "Point", "coordinates": [ 80.22736, 13.12446 ] } },
{ "type": "Feature", "properties": { "name": null, "layer": "schools", "id": null, "Name": null, "description": null, "timestamp": null, "begin": null, "end": null, "altitudeMode": null, "tessellate": -1, "extrude": 0, "visibility": -1, "drawOrder": null, "icon": null }, "geometry": { "type": "Point", "coordinates": [ 80.23092, 13.12192 ] } },
{ "type": "Feature", "properties": { "name": null, "layer": "schools", "id": null, "Name": null, "description": null, "timestamp": null, "begin": null, "end": null, "altitudeMode": null, "tessellate": -1, "extrude": 0, "visibility": -1, "drawOrder": null, "icon": null }, "geometry": { "type": "Point", "coordinates": [ 80.2251, 13.12018 ] } },
{ "type": "Feature", "properties": { "name": null, "layer": "schools", "id": null, "Name": null, "description": null, "timestamp": null, "begin": null, "end": null, "altitudeMode": null, "tessellate": -1, "extrude": 0, "visibility": -1, "drawOrder": null, "icon": null }, "geometry": { "type": "Point", "coordinates": [ 80.22683, 13.11958 ] } },
{ "type": "Feature", "properties": { "name": null, "layer": "schools", "id": null, "Name": null, "description": null, "timestamp": null, "begin": null, "end": null, "altitudeMode": null, "tessellate": -1, "extrude": 0, "visibility": -1, "drawOrder": null, "icon": null }, "geometry": { "type": "Point", "coordinates": [ 80.21954, 13.1153 ] } },
{ "type": "Feature", "properties": { "name": null, "layer": "schools", "id": null, "Name": null, "description": null, "timestamp": null, "begin": null, "end": null, "altitudeMode": null, "tessellate": -1, "extrude": 0, "visibility": -1, "drawOrder": null, "icon": null }, "geometry": { "type": "Point", "coordinates": [ 80.22698, 13.112 ] } },
{ "type": "Feature", "properties": { "name": null, "layer": "schools", "id": null, "Name": null, "description": null, "timestamp": null, "begin": null, "end": null, "altitudeMode": null, "tessellate": -1, "extrude": 0, "visibility": -1, "drawOrder": null, "icon": null }, "geometry": { "type": "Point", "coordinates": [ 80.23109, 13.11853 ] } },
{ "type": "Feature", "properties": { "name": null, "layer": "schools", "id": null, "Name": null, "description": null, "timestamp": null, "begin": null, "end": null, "altitudeMode": null, "tessellate": -1, "extrude": 0, "visibility": -1, "drawOrder": null, "icon": null }, "geometry": { "type": "Point", "coordinates": [ 80.23233, 13.12134 ] } },
{ "type": "Feature", "properties": { "name": null, "layer": "schools", "id": null, "Name": null, "description": null, "timestamp": null, "begin": null, "end": null, "altitudeMode": null, "tessellate": -1, "extrude": 0, "visibility": -1, "drawOrder": null, "icon": null }, "geometry": { "type": "Point", "coordinates": [ 80.227, 13.12412 ] } },
{ "type": "Feature", "properties": { "name": null, "layer": "schools", "id": null, "Name": null, "description": null, "timestamp": null, "begin": null, "end": null, "altitudeMode": null, "tessellate": -1, "extrude": 0, "visibility": -1, "drawOrder": null, "icon": null }, "geometry": { "type": "Point", "coordinates": [ 80.2276, 13.11474 ] } },
{ "type": "Feature", "properties": { "name": null, "layer": "schools", "id": null, "Name": null, "description": null, "timestamp": null, "begin": null, "end": null, "altitudeMode": null, "tessellate": -1, "extrude": 0, "visibility": -1, "drawOrder": null, "icon": null }, "geometry": { "type": "Point", "coordinates": [ 80.22863, 13.11167 ] } },
{ "type": "Feature", "properties": { "name": null, "layer": "schools", "id": null, "Name": null, "description": null, "timestamp": null, "begin": null, "end": null, "altitudeMode": null, "tessellate": -1, "extrude": 0, "visibility": -1, "drawOrder": null, "icon": null }, "geometry": { "type": "Point", "coordinates": [ 80.22845, 13.11869 ] } },
{ "type": "Feature", "properties": { "name": null, "layer": "schools", "id": null, "Name": null, "description": null, "timestamp": null, "begin": null, "end": null, "altitudeMode": null, "tessellate": -1, "extrude": 0, "visibility": -1, "drawOrder": null, "icon": null }, "geometry": { "type": "Point", "coordinates": [ 80.22482, 13.12301 ] } },
{ "type": "Feature", "properties": { "name": null, "layer": "schools", "id": null, "Name": null, "description": null, "timestamp": null, "begin": null, "end": null, "altitudeMode": null, "tessellate": -1, "extrude": 0, "visibility": -1, "drawOrder": null, "icon": null }, "geometry": { "type": "Point", "coordinates": [ 80.227, 13.12412 ] } },
{ "type": "Feature", "properties": { "name": null, "layer": "schools", "id": null, "Name": null, "description": null, "timestamp": null, "begin": null, "end": null, "altitudeMode": null, "tessellate": -1, "extrude": 0, "visibility": -1, "drawOrder": null, "icon": null }, "geometry": { "type": "Point", "coordinates": [ 80.2277, 13.11042 ] } },
{ "type": "Feature", "properties": { "name": null, "layer": "schools", "id": null, "Name": null, "description": null, "timestamp": null, "begin": null, "end": null, "altitudeMode": null, "tessellate": -1, "extrude": 0, "visibility": -1, "drawOrder": null, "icon": null }, "geometry": { "type": "Point", "coordinates": [ 80.23226, 13.11161 ] } },
{ "type": "Feature", "properties": { "name": null, "layer": "schools", "id": null, "Name": null, "description": null, "timestamp": null, "begin": null, "end": null, "altitudeMode": null, "tessellate": -1, "extrude": 0, "visibility": -1, "drawOrder": null, "icon": null }, "geometry": { "type": "Point", "coordinates": [ 80.2314, 13.11055 ] } },
{ "type": "Feature", "properties": { "name": null, "layer": "schools", "id": null, "Name": null, "description": null, "timestamp": null, "begin": null, "end": null, "altitudeMode": null, "tessellate": -1, "extrude": 0, "visibility": -1, "drawOrder": null, "icon": null }, "geometry": { "type": "Point", "coordinates": [ 80.23516, 13.11135 ] } },
{ "type": "Feature", "properties": { "name": null, "layer": "schools", "id": null, "Name": null, "description": null, "timestamp": null, "begin": null, "end": null, "altitudeMode": null, "tessellate": -1, "extrude": 0, "visibility": -1, "drawOrder": null, "icon": null }, "geometry": { "type": "Point", "coordinates": [ 80.23106, 13.11453 ] } },
{ "type": "Feature", "properties": { "name": null, "layer": "schools", "id": null, "Name": null, "description": null, "timestamp": null, "begin": null, "end": null, "altitudeMode": null, "tessellate": -1, "extrude": 0, "visibility": -1, "drawOrder": null, "icon": null }, "geometry": { "type": "Point", "coordinates": [ 80.22488, 13.11109 ] } },
{ "type": "Feature", "properties": { "name": null, "layer": "schools", "id": null, "Name": null, "description": null, "timestamp": null, "begin": null, "end": null, "altitudeMode": null, "tessellate": -1, "extrude": 0, "visibility": -1, "drawOrder": null, "icon": null }, "geometry": { "type": "Point", "coordinates": [ 80.2345, 13.10893 ] } },
{ "type": "Feature", "properties": { "name": null, "layer": "schools", "id": null, "Name": null, "description": null, "timestamp": null, "begin": null, "end": null, "altitudeMode": null, "tessellate": -1, "extrude": 0, "visibility": -1, "drawOrder": null, "icon": null }, "geometry": { "type": "Point", "coordinates": [ 80.23674, 13.11181 ] } },
{ "type": "Feature", "properties": { "name": null, "layer": "schools", "id": null, "Name": null, "description": null, "timestamp": null, "begin": null, "end": null, "altitudeMode": null, "tessellate": -1, "extrude": 0, "visibility": -1, "drawOrder": null, "icon": null }, "geometry": { "type": "Point", "coordinates": [ 80.226, 13.11 ] } },
{ "type": "Feature", "properties": { "name": null, "layer": "schools", "id": null, "Name": null, "description": null, "timestamp": null, "begin": null, "end": null, "altitudeMode": null, "tessellate": -1, "extrude": 0, "visibility": -1, "drawOrder": null, "icon": null }, "geometry": { "type": "Point", "coordinates": [ 80.22, 13.11178 ] } },
{ "type": "Feature", "properties": { "name": null, "layer": "schools", "id": null, "Name": null, "description": null, "timestamp": null, "begin": null, "end": null, "altitudeMode": null, "tessellate": -1, "extrude": 0, "visibility": -1, "drawOrder": null, "icon": null }, "geometry": { "type": "Point", "coordinates": [ 80.22443, 13.1111 ] } },
{ "type": "Feature", "properties": { "name": null, "layer": "schools", "id": null, "Name": null, "description": null, "timestamp": null, "begin": null, "end": null, "altitudeMode": null, "tessellate": -1, "extrude": 0, "visibility": -1, "drawOrder": null, "icon": null }, "geometry": { "type": "Point", "coordinates": [ 80.23503, 13.11319 ] } },
{ "type": "Feature", "properties": { "name": null, "layer": "schools", "id": null, "Name": null, "description": null, "timestamp": null, "begin": null, "end": null, "altitudeMode": null, "tessellate": -1, "extrude": 0, "visibility": -1, "drawOrder": null, "icon": null }, "geometry": { "type": "Point", "coordinates": [ 80.23852, 13.11969 ] } },
{ "type": "Feature", "properties": { "name": null, "layer": "schools", "id": null, "Name": null, "description": null, "timestamp": null, "begin": null, "end": null, "altitudeMode": null, "tessellate": -1, "extrude": 0, "visibility": -1, "drawOrder": null, "icon": null }, "geometry": { "type": "Point", "coordinates": [ 80.23706, 13.1192 ] } },
{ "type": "Feature", "properties": { "name": null, "layer": "schools", "id": null, "Name": null, "description": null, "timestamp": null, "begin": null, "end": null, "altitudeMode": null, "tessellate": -1, "extrude": 0, "visibility": -1, "drawOrder": null, "icon": null }, "geometry": { "type": "Point", "coordinates": [ 80.23221, 13.11657 ] } },
{ "type": "Feature", "properties": { "name": null, "layer": "schools", "id": null, "Name": null, "description": null, "timestamp": null, "begin": null, "end": null, "altitudeMode": null, "tessellate": -1, "extrude": 0, "visibility": -1, "drawOrder": null, "icon": null }, "geometry": { "type": "Point", "coordinates": [ 80.23633, 13.11307 ] } },
{ "type": "Feature", "properties": { "name": null, "layer": "schools", "id": null, "Name": null, "description": null, "timestamp": null, "begin": null, "end": null, "altitudeMode": null, "tessellate": -1, "extrude": 0, "visibility": -1, "drawOrder": null, "icon": null }, "geometry": { "type": "Point", "coordinates": [ 80.23816, 13.11537 ] } },
{ "type": "Feature", "properties": { "name": null, "layer": "schools", "id": null, "Name": null, "description": null, "timestamp": null, "begin": null, "end": null, "altitudeMode": null, "tessellate": -1, "extrude": 0, "visibility": -1, "drawOrder": null, "icon": null }, "geometry": { "type": "Point", "coordinates": [ 80.23467, 13.1181 ] } },
{ "type": "Feature", "properties": { "name": null, "layer": "schools", "id": null, "Name": null, "description": null, "timestamp": null, "begin": null, "end": null, "altitudeMode": null, "tessellate": -1, "extrude": 0, "visibility": -1, "drawOrder": null, "icon": null }, "geometry": { "type": "Point", "coordinates": [ 80.23559, 13.11394 ] } },
{ "type": "Feature", "properties": { "name": null, "layer": "schools", "id": null, "Name": null, "description": null, "timestamp": null, "begin": null, "end": null, "altitudeMode": null, "tessellate": -1, "extrude": 0, "visibility": -1, "drawOrder": null, "icon": null }, "geometry": { "type": "Point", "coordinates": [ 80.23359, 13.1216 ] } },
{ "type": "Feature", "properties": { "name": null, "layer": "schools", "id": null, "Name": null, "description": null, "timestamp": null, "begin": null, "end": null, "altitudeMode": null, "tessellate": -1, "extrude": 0, "visibility": -1, "drawOrder": null, "icon": null }, "geometry": { "type": "Point", "coordinates": [ 80.23891, 13.11756 ] } },
{ "type": "Feature", "properties": { "name": null, "layer": "schools", "id": null, "Name": null, "description": null, "timestamp": null, "begin": null, "end": null, "altitudeMode": null, "tessellate": -1, "extrude": 0, "visibility": -1, "drawOrder": null, "icon": null }, "geometry": { "type": "Point", "coordinates": [ 80.23891, 13.11756 ] } },
{ "type": "Feature", "properties": { "name": null, "layer": "schools", "id": null, "Name": null, "description": null, "timestamp": null, "begin": null, "end": null, "altitudeMode": null, "tessellate": -1, "extrude": 0, "visibility": -1, "drawOrder": null, "icon": null }, "geometry": { "type": "Point", "coordinates": [ 80.2318, 13.11633 ] } },
{ "type": "Feature", "properties": { "name": null, "layer": "schools", "id": null, "Name": null, "description": null, "timestamp": null, "begin": null, "end": null, "altitudeMode": null, "tessellate": -1, "extrude": 0, "visibility": -1, "drawOrder": null, "icon": null }, "geometry": { "type": "Point", "coordinates": [ 80.23226, 13.11656 ] } },
{ "type": "Feature", "properties": { "name": null, "layer": "schools", "id": null, "Name": null, "description": null, "timestamp": null, "begin": null, "end": null, "altitudeMode": null, "tessellate": -1, "extrude": 0, "visibility": -1, "drawOrder": null, "icon": null }, "geometry": { "type": "Point", "coordinates": [ 80.23187, 13.11687 ] } },
{ "type": "Feature", "properties": { "name": null, "layer": "schools", "id": null, "Name": null, "description": null, "timestamp": null, "begin": null, "end": null, "altitudeMode": null, "tessellate": -1, "extrude": 0, "visibility": -1, "drawOrder": null, "icon": null }, "geometry": { "type": "Point", "coordinates": [ 80.23728, 13.12026 ] } },
{ "type": "Feature", "properties": { "name": null, "layer": "schools", "id": null, "Name": null, "description": null, "timestamp": null, "begin": null, "end": null, "altitudeMode": null, "tessellate": -1, "extrude": 0, "visibility": -1, "drawOrder": null, "icon": null }, "geometry": { "type": "Point", "coordinates": [ 80.24249, 13.11332 ] } },
{ "type": "Feature", "properties": { "name": null, "layer": "schools", "id": null, "Name": null, "description": null, "timestamp": null, "begin": null, "end": null, "altitudeMode": null, "tessellate": -1, "extrude": 0, "visibility": -1, "drawOrder": null, "icon": null }, "geometry": { "type": "Point", "coordinates": [ 80.24051, 13.1197 ] } },
{ "type": "Feature", "properties": { "name": null, "layer": "schools", "id": null, "Name": null, "description": null, "timestamp": null, "begin": null, "end": null, "altitudeMode": null, "tessellate": -1, "extrude": 0, "visibility": -1, "drawOrder": null, "icon": null }, "geometry": { "type": "Point", "coordinates": [ 80.2399, 13.10849 ] } },
{ "type": "Feature", "properties": { "name": null, "layer": "schools", "id": null, "Name": null, "description": null, "timestamp": null, "begin": null, "end": null, "altitudeMode": null, "tessellate": -1, "extrude": 0, "visibility": -1, "drawOrder": null, "icon": null }, "geometry": { "type": "Point", "coordinates": [ 80.2398, 13.10881 ] } },
{ "type": "Feature", "properties": { "name": null, "layer": "schools", "id": null, "Name": null, "description": null, "timestamp": null, "begin": null, "end": null, "altitudeMode": null, "tessellate": -1, "extrude": 0, "visibility": -1, "drawOrder": null, "icon": null }, "geometry": { "type": "Point", "coordinates": [ 80.23671, 13.09865 ] } },
{ "type": "Feature", "properties": { "name": null, "layer": "schools", "id": null, "Name": null, "description": null, "timestamp": null, "begin": null, "end": null, "altitudeMode": null, "tessellate": -1, "extrude": 0, "visibility": -1, "drawOrder": null, "icon": null }, "geometry": { "type": "Point", "coordinates": [ 80.24107, 13.11348 ] } },
{ "type": "Feature", "properties": { "name": null, "layer": "schools", "id": null, "Name": null, "description": null, "timestamp": null, "begin": null, "end": null, "altitudeMode": null, "tessellate": -1, "extrude": 0, "visibility": -1, "drawOrder": null, "icon": null }, "geometry": { "type": "Point", "coordinates": [ 80.2408, 13.11022 ] } },
{ "type": "Feature", "properties": { "name": null, "layer": "schools", "id": null, "Name": null, "description": null, "timestamp": null, "begin": null, "end": null, "altitudeMode": null, "tessellate": -1, "extrude": 0, "visibility": -1, "drawOrder": null, "icon": null }, "geometry": { "type": "Point", "coordinates": [ 80.24262, 13.11809 ] } },
{ "type": "Feature", "properties": { "name": null, "layer": "schools", "id": null, "Name": null, "description": null, "timestamp": null, "begin": null, "end": null, "altitudeMode": null, "tessellate": -1, "extrude": 0, "visibility": -1, "drawOrder": null, "icon": null }, "geometry": { "type": "Point", "coordinates": [ 80.25458, 13.09404 ] } },
{ "type": "Feature", "properties": { "name": null, "layer": "schools", "id": null, "Name": null, "description": null, "timestamp": null, "begin": null, "end": null, "altitudeMode": null, "tessellate": -1, "extrude": 0, "visibility": -1, "drawOrder": null, "icon": null }, "geometry": { "type": "Point", "coordinates": [ 80.26499, 13.09128 ] } },
{ "type": "Feature", "properties": { "name": null, "layer": "schools", "id": null, "Name": null, "description": null, "timestamp": null, "begin": null, "end": null, "altitudeMode": null, "tessellate": -1, "extrude": 0, "visibility": -1, "drawOrder": null, "icon": null }, "geometry": { "type": "Point", "coordinates": [ 80.25779, 13.09238 ] } },
{ "type": "Feature", "properties": { "name": null, "layer": "schools", "id": null, "Name": null, "description": null, "timestamp": null, "begin": null, "end": null, "altitudeMode": null, "tessellate": -1, "extrude": 0, "visibility": -1, "drawOrder": null, "icon": null }, "geometry": { "type": "Point", "coordinates": [ 80.25548, 13.09212 ] } },
{ "type": "Feature", "properties": { "name": null, "layer": "schools", "id": null, "Name": null, "description": null, "timestamp": null, "begin": null, "end": null, "altitudeMode": null, "tessellate": -1, "extrude": 0, "visibility": -1, "drawOrder": null, "icon": null }, "geometry": { "type": "Point", "coordinates": [ 80.25507, 13.08825 ] } },
{ "type": "Feature", "properties": { "name": null, "layer": "schools", "id": null, "Name": null, "description": null, "timestamp": null, "begin": null, "end": null, "altitudeMode": null, "tessellate": -1, "extrude": 0, "visibility": -1, "drawOrder": null, "icon": null }, "geometry": { "type": "Point", "coordinates": [ 80.2618, 13.09266 ] } },
{ "type": "Feature", "properties": { "name": null, "layer": "schools", "id": null, "Name": null, "description": null, "timestamp": null, "begin": null, "end": null, "altitudeMode": null, "tessellate": -1, "extrude": 0, "visibility": -1, "drawOrder": null, "icon": null }, "geometry": { "type": "Point", "coordinates": [ 80.25473, 13.09191 ] } },
{ "type": "Feature", "properties": { "name": null, "layer": "schools", "id": null, "Name": null, "description": null, "timestamp": null, "begin": null, "end": null, "altitudeMode": null, "tessellate": -1, "extrude": 0, "visibility": -1, "drawOrder": null, "icon": null }, "geometry": { "type": "Point", "coordinates": [ 80.25466, 13.09006 ] } },
{ "type": "Feature", "properties": { "name": null, "layer": "schools", "id": null, "Name": null, "description": null, "timestamp": null, "begin": null, "end": null, "altitudeMode": null, "tessellate": -1, "extrude": 0, "visibility": -1, "drawOrder": null, "icon": null }, "geometry": { "type": "Point", "coordinates": [ 80.25533, 13.08776 ] } },
{ "type": "Feature", "properties": { "name": null, "layer": "schools", "id": null, "Name": null, "description": null, "timestamp": null, "begin": null, "end": null, "altitudeMode": null, "tessellate": -1, "extrude": 0, "visibility": -1, "drawOrder": null, "icon": null }, "geometry": { "type": "Point", "coordinates": [ 80.26557, 13.09172 ] } },
{ "type": "Feature", "properties": { "name": null, "layer": "schools", "id": null, "Name": null, "description": null, "timestamp": null, "begin": null, "end": null, "altitudeMode": null, "tessellate": -1, "extrude": 0, "visibility": -1, "drawOrder": null, "icon": null }, "geometry": { "type": "Point", "coordinates": [ 80.26428, 13.09162 ] } },
{ "type": "Feature", "properties": { "name": null, "layer": "schools", "id": null, "Name": null, "description": null, "timestamp": null, "begin": null, "end": null, "altitudeMode": null, "tessellate": -1, "extrude": 0, "visibility": -1, "drawOrder": null, "icon": null }, "geometry": { "type": "Point", "coordinates": [ 80.26608, 13.09051 ] } },
{ "type": "Feature", "properties": { "name": null, "layer": "schools", "id": null, "Name": null, "description": null, "timestamp": null, "begin": null, "end": null, "altitudeMode": null, "tessellate": -1, "extrude": 0, "visibility": -1, "drawOrder": null, "icon": null }, "geometry": { "type": "Point", "coordinates": [ 80.25539, 13.08832 ] } },
{ "type": "Feature", "properties": { "name": null, "layer": "schools", "id": null, "Name": null, "description": null, "timestamp": null, "begin": null, "end": null, "altitudeMode": null, "tessellate": -1, "extrude": 0, "visibility": -1, "drawOrder": null, "icon": null }, "geometry": { "type": "Point", "coordinates": [ 80.25571, 13.08771 ] } },
{ "type": "Feature", "properties": { "name": null, "layer": "schools", "id": null, "Name": null, "description": null, "timestamp": null, "begin": null, "end": null, "altitudeMode": null, "tessellate": -1, "extrude": 0, "visibility": -1, "drawOrder": null, "icon": null }, "geometry": { "type": "Point", "coordinates": [ 80.25491, 13.09019 ] } },
{ "type": "Feature", "properties": { "name": null, "layer": "schools", "id": null, "Name": null, "description": null, "timestamp": null, "begin": null, "end": null, "altitudeMode": null, "tessellate": -1, "extrude": 0, "visibility": -1, "drawOrder": null, "icon": null }, "geometry": { "type": "Point", "coordinates": [ 80.25487, 13.09181 ] } },
{ "type": "Feature", "properties": { "name": null, "layer": "schools", "id": null, "Name": null, "description": null, "timestamp": null, "begin": null, "end": null, "altitudeMode": null, "tessellate": -1, "extrude": 0, "visibility": -1, "drawOrder": null, "icon": null }, "geometry": { "type": "Point", "coordinates": [ 80.25603, 13.08887 ] } },
{ "type": "Feature", "properties": { "name": null, "layer": "schools", "id": null, "Name": null, "description": null, "timestamp": null, "begin": null, "end": null, "altitudeMode": null, "tessellate": -1, "extrude": 0, "visibility": -1, "drawOrder": null, "icon": null }, "geometry": { "type": "Point", "coordinates": [ 80.25841, 13.09208 ] } },
{ "type": "Feature", "properties": { "name": null, "layer": "schools", "id": null, "Name": null, "description": null, "timestamp": null, "begin": null, "end": null, "altitudeMode": null, "tessellate": -1, "extrude": 0, "visibility": -1, "drawOrder": null, "icon": null }, "geometry": { "type": "Point", "coordinates": [ 80.15725, 13.13115 ] } },
{ "type": "Feature", "properties": { "name": null, "layer": "schools", "id": null, "Name": null, "description": null, "timestamp": null, "begin": null, "end": null, "altitudeMode": null, "tessellate": -1, "extrude": 0, "visibility": -1, "drawOrder": null, "icon": null }, "geometry": { "type": "Point", "coordinates": [ 80.14836, 13.13415 ] } },
{ "type": "Feature", "properties": { "name": null, "layer": "schools", "id": null, "Name": null, "description": null, "timestamp": null, "begin": null, "end": null, "altitudeMode": null, "tessellate": -1, "extrude": 0, "visibility": -1, "drawOrder": null, "icon": null }, "geometry": { "type": "Point", "coordinates": [ 80.14922, 13.1241 ] } },
{ "type": "Feature", "properties": { "name": null, "layer": "schools", "id": null, "Name": null, "description": null, "timestamp": null, "begin": null, "end": null, "altitudeMode": null, "tessellate": -1, "extrude": 0, "visibility": -1, "drawOrder": null, "icon": null }, "geometry": { "type": "Point", "coordinates": [ 80.15311, 13.1275 ] } },
{ "type": "Feature", "properties": { "name": null, "layer": "schools", "id": null, "Name": null, "description": null, "timestamp": null, "begin": null, "end": null, "altitudeMode": null, "tessellate": -1, "extrude": 0, "visibility": -1, "drawOrder": null, "icon": null }, "geometry": { "type": "Point", "coordinates": [ 80.1537, 13.13343 ] } },
{ "type": "Feature", "properties": { "name": null, "layer": "schools", "id": null, "Name": null, "description": null, "timestamp": null, "begin": null, "end": null, "altitudeMode": null, "tessellate": -1, "extrude": 0, "visibility": -1, "drawOrder": null, "icon": null }, "geometry": { "type": "Point", "coordinates": [ 80.15196, 13.1237 ] } },
{ "type": "Feature", "properties": { "name": null, "layer": "schools", "id": null, "Name": null, "description": null, "timestamp": null, "begin": null, "end": null, "altitudeMode": null, "tessellate": -1, "extrude": 0, "visibility": -1, "drawOrder": null, "icon": null }, "geometry": { "type": "Point", "coordinates": [ 80.16301, 13.13265 ] } },
{ "type": "Feature", "properties": { "name": null, "layer": "schools", "id": null, "Name": null, "description": null, "timestamp": null, "begin": null, "end": null, "altitudeMode": null, "tessellate": -1, "extrude": 0, "visibility": -1, "drawOrder": null, "icon": null }, "geometry": { "type": "Point", "coordinates": [ 80.1584, 13.13269 ] } },
{ "type": "Feature", "properties": { "name": null, "layer": "schools", "id": null, "Name": null, "description": null, "timestamp": null, "begin": null, "end": null, "altitudeMode": null, "tessellate": -1, "extrude": 0, "visibility": -1, "drawOrder": null, "icon": null }, "geometry": { "type": "Point", "coordinates": [ 80.15807, 13.13184 ] } },
{ "type": "Feature", "properties": { "name": null, "layer": "schools", "id": null, "Name": null, "description": null, "timestamp": null, "begin": null, "end": null, "altitudeMode": null, "tessellate": -1, "extrude": 0, "visibility": -1, "drawOrder": null, "icon": null }, "geometry": { "type": "Point", "coordinates": [ 80.15495, 13.11936 ] } },
{ "type": "Feature", "properties": { "name": null, "layer": "schools", "id": null, "Name": null, "description": null, "timestamp": null, "begin": null, "end": null, "altitudeMode": null, "tessellate": -1, "extrude": 0, "visibility": -1, "drawOrder": null, "icon": null }, "geometry": { "type": "Point", "coordinates": [ 80.14682, 13.11903 ] } },
{ "type": "Feature", "properties": { "name": null, "layer": "schools", "id": null, "Name": null, "description": null, "timestamp": null, "begin": null, "end": null, "altitudeMode": null, "tessellate": -1, "extrude": 0, "visibility": -1, "drawOrder": null, "icon": null }, "geometry": { "type": "Point", "coordinates": [ 80.14709, 13.11565 ] } },
{ "type": "Feature", "properties": { "name": null, "layer": "schools", "id": null, "Name": null, "description": null, "timestamp": null, "begin": null, "end": null, "altitudeMode": null, "tessellate": -1, "extrude": 0, "visibility": -1, "drawOrder": null, "icon": null }, "geometry": { "type": "Point", "coordinates": [ 80.14851, 13.11798 ] } },
{ "type": "Feature", "properties": { "name": null, "layer": "schools", "id": null, "Name": null, "description": null, "timestamp": null, "begin": null, "end": null, "altitudeMode": null, "tessellate": -1, "extrude": 0, "visibility": -1, "drawOrder": null, "icon": null }, "geometry": { "type": "Point", "coordinates": [ 80.1442, 13.12178 ] } },
{ "type": "Feature", "properties": { "name": null, "layer": "schools", "id": null, "Name": null, "description": null, "timestamp": null, "begin": null, "end": null, "altitudeMode": null, "tessellate": -1, "extrude": 0, "visibility": -1, "drawOrder": null, "icon": null }, "geometry": { "type": "Point", "coordinates": [ 80.14716, 13.12141 ] } },
{ "type": "Feature", "properties": { "name": null, "layer": "schools", "id": null, "Name": null, "description": null, "timestamp": null, "begin": null, "end": null, "altitudeMode": null, "tessellate": -1, "extrude": 0, "visibility": -1, "drawOrder": null, "icon": null }, "geometry": { "type": "Point", "coordinates": [ 80.1526, 13.12186 ] } },
{ "type": "Feature", "properties": { "name": null, "layer": "schools", "id": null, "Name": null, "description": null, "timestamp": null, "begin": null, "end": null, "altitudeMode": null, "tessellate": -1, "extrude": 0, "visibility": -1, "drawOrder": null, "icon": null }, "geometry": { "type": "Point", "coordinates": [ 80.15676, 13.13058 ] } },
{ "type": "Feature", "properties": { "name": null, "layer": "schools", "id": null, "Name": null, "description": null, "timestamp": null, "begin": null, "end": null, "altitudeMode": null, "tessellate": -1, "extrude": 0, "visibility": -1, "drawOrder": null, "icon": null }, "geometry": { "type": "Point", "coordinates": [ 80.1541, 13.13218 ] } },
{ "type": "Feature", "properties": { "name": null, "layer": "schools", "id": null, "Name": null, "description": null, "timestamp": null, "begin": null, "end": null, "altitudeMode": null, "tessellate": -1, "extrude": 0, "visibility": -1, "drawOrder": null, "icon": null }, "geometry": { "type": "Point", "coordinates": [ 80.15438, 13.13853 ] } },
{ "type": "Feature", "properties": { "name": null, "layer": "schools", "id": null, "Name": null, "description": null, "timestamp": null, "begin": null, "end": null, "altitudeMode": null, "tessellate": -1, "extrude": 0, "visibility": -1, "drawOrder": null, "icon": null }, "geometry": { "type": "Point", "coordinates": [ 80.1524, 13.1288 ] } },
{ "type": "Feature", "properties": { "name": null, "layer": "schools", "id": null, "Name": null, "description": null, "timestamp": null, "begin": null, "end": null, "altitudeMode": null, "tessellate": -1, "extrude": 0, "visibility": -1, "drawOrder": null, "icon": null }, "geometry": { "type": "Point", "coordinates": [ 80.15405, 13.13202 ] } },
{ "type": "Feature", "properties": { "name": null, "layer": "schools", "id": null, "Name": null, "description": null, "timestamp": null, "begin": null, "end": null, "altitudeMode": null, "tessellate": -1, "extrude": 0, "visibility": -1, "drawOrder": null, "icon": null }, "geometry": { "type": "Point", "coordinates": [ 80.14956, 13.12855 ] } },
{ "type": "Feature", "properties": { "name": null, "layer": "schools", "id": null, "Name": null, "description": null, "timestamp": null, "begin": null, "end": null, "altitudeMode": null, "tessellate": -1, "extrude": 0, "visibility": -1, "drawOrder": null, "icon": null }, "geometry": { "type": "Point", "coordinates": [ 80.15218, 13.13098 ] } },
{ "type": "Feature", "properties": { "name": null, "layer": "schools", "id": null, "Name": null, "description": null, "timestamp": null, "begin": null, "end": null, "altitudeMode": null, "tessellate": -1, "extrude": 0, "visibility": -1, "drawOrder": null, "icon": null }, "geometry": { "type": "Point", "coordinates": [ 80.1507, 13.1333 ] } },
{ "type": "Feature", "properties": { "name": null, "layer": "schools", "id": null, "Name": null, "description": null, "timestamp": null, "begin": null, "end": null, "altitudeMode": null, "tessellate": -1, "extrude": 0, "visibility": -1, "drawOrder": null, "icon": null }, "geometry": { "type": "Point", "coordinates": [ 80.15208, 13.13099 ] } },
{ "type": "Feature", "properties": { "name": null, "layer": "schools", "id": null, "Name": null, "description": null, "timestamp": null, "begin": null, "end": null, "altitudeMode": null, "tessellate": -1, "extrude": 0, "visibility": -1, "drawOrder": null, "icon": null }, "geometry": { "type": "Point", "coordinates": [ 80.30582, 13.16609 ] } },
{ "type": "Feature", "properties": { "name": null, "layer": "schools", "id": null, "Name": null, "description": null, "timestamp": null, "begin": null, "end": null, "altitudeMode": null, "tessellate": -1, "extrude": 0, "visibility": -1, "drawOrder": null, "icon": null }, "geometry": { "type": "Point", "coordinates": [ 80.30357, 13.16414 ] } },
{ "type": "Feature", "properties": { "name": null, "layer": "schools", "id": null, "Name": null, "description": null, "timestamp": null, "begin": null, "end": null, "altitudeMode": null, "tessellate": -1, "extrude": 0, "visibility": -1, "drawOrder": null, "icon": null }, "geometry": { "type": "Point", "coordinates": [ 80.30366, 13.1644 ] } },
{ "type": "Feature", "properties": { "name": null, "layer": "schools", "id": null, "Name": null, "description": null, "timestamp": null, "begin": null, "end": null, "altitudeMode": null, "tessellate": -1, "extrude": 0, "visibility": -1, "drawOrder": null, "icon": null }, "geometry": { "type": "Point", "coordinates": [ 80.30599, 13.16604 ] } },
{ "type": "Feature", "properties": { "name": null, "layer": "schools", "id": null, "Name": null, "description": null, "timestamp": null, "begin": null, "end": null, "altitudeMode": null, "tessellate": -1, "extrude": 0, "visibility": -1, "drawOrder": null, "icon": null }, "geometry": { "type": "Point", "coordinates": [ 80.3035, 13.16415 ] } },
{ "type": "Feature", "properties": { "name": null, "layer": "schools", "id": null, "Name": null, "description": null, "timestamp": null, "begin": null, "end": null, "altitudeMode": null, "tessellate": -1, "extrude": 0, "visibility": -1, "drawOrder": null, "icon": null }, "geometry": { "type": "Point", "coordinates": [ 80.30459, 13.16779 ] } },
{ "type": "Feature", "properties": { "name": null, "layer": "schools", "id": null, "Name": null, "description": null, "timestamp": null, "begin": null, "end": null, "altitudeMode": null, "tessellate": -1, "extrude": 0, "visibility": -1, "drawOrder": null, "icon": null }, "geometry": { "type": "Point", "coordinates": [ 80.15781, 13.12884 ] } },
{ "type": "Feature", "properties": { "name": null, "layer": "schools", "id": null, "Name": null, "description": null, "timestamp": null, "begin": null, "end": null, "altitudeMode": null, "tessellate": -1, "extrude": 0, "visibility": -1, "drawOrder": null, "icon": null }, "geometry": { "type": "Point", "coordinates": [ 80.15786, 13.12794 ] } },
{ "type": "Feature", "properties": { "name": null, "layer": "schools", "id": null, "Name": null, "description": null, "timestamp": null, "begin": null, "end": null, "altitudeMode": null, "tessellate": -1, "extrude": 0, "visibility": -1, "drawOrder": null, "icon": null }, "geometry": { "type": "Point", "coordinates": [ 80.16278, 13.135 ] } },
{ "type": "Feature", "properties": { "name": null, "layer": "schools", "id": null, "Name": null, "description": null, "timestamp": null, "begin": null, "end": null, "altitudeMode": null, "tessellate": -1, "extrude": 0, "visibility": -1, "drawOrder": null, "icon": null }, "geometry": { "type": "Point", "coordinates": [ 80.16048, 13.12359 ] } },
{ "type": "Feature", "properties": { "name": null, "layer": "schools", "id": null, "Name": null, "description": null, "timestamp": null, "begin": null, "end": null, "altitudeMode": null, "tessellate": -1, "extrude": 0, "visibility": -1, "drawOrder": null, "icon": null }, "geometry": { "type": "Point", "coordinates": [ 80.16134, 13.13102 ] } },
{ "type": "Feature", "properties": { "name": null, "layer": "schools", "id": null, "Name": null, "description": null, "timestamp": null, "begin": null, "end": null, "altitudeMode": null, "tessellate": -1, "extrude": 0, "visibility": -1, "drawOrder": null, "icon": null }, "geometry": { "type": "Point", "coordinates": [ 80.15939, 13.12308 ] } },
{ "type": "Feature", "properties": { "name": null, "layer": "schools", "id": null, "Name": null, "description": null, "timestamp": null, "begin": null, "end": null, "altitudeMode": null, "tessellate": -1, "extrude": 0, "visibility": -1, "drawOrder": null, "icon": null }, "geometry": { "type": "Point", "coordinates": [ 80.25055, 13.10419 ] } },
{ "type": "Feature", "properties": { "name": null, "layer": "schools", "id": null, "Name": null, "description": null, "timestamp": null, "begin": null, "end": null, "altitudeMode": null, "tessellate": -1, "extrude": 0, "visibility": -1, "drawOrder": null, "icon": null }, "geometry": { "type": "Point", "coordinates": [ 80.24619, 13.10191 ] } },
{ "type": "Feature", "properties": { "name": null, "layer": "schools", "id": null, "Name": null, "description": null, "timestamp": null, "begin": null, "end": null, "altitudeMode": null, "tessellate": -1, "extrude": 0, "visibility": -1, "drawOrder": null, "icon": null }, "geometry": { "type": "Point", "coordinates": [ 80.25247, 13.10267 ] } },
{ "type": "Feature", "properties": { "name": null, "layer": "schools", "id": null, "Name": null, "description": null, "timestamp": null, "begin": null, "end": null, "altitudeMode": null, "tessellate": -1, "extrude": 0, "visibility": -1, "drawOrder": null, "icon": null }, "geometry": { "type": "Point", "coordinates": [ 80.24779, 13.0987 ] } },
{ "type": "Feature", "properties": { "name": null, "layer": "schools", "id": null, "Name": null, "description": null, "timestamp": null, "begin": null, "end": null, "altitudeMode": null, "tessellate": -1, "extrude": 0, "visibility": -1, "drawOrder": null, "icon": null }, "geometry": { "type": "Point", "coordinates": [ 80.24572, 13.10449 ] } },
{ "type": "Feature", "properties": { "name": null, "layer": "schools", "id": null, "Name": null, "description": null, "timestamp": null, "begin": null, "end": null, "altitudeMode": null, "tessellate": -1, "extrude": 0, "visibility": -1, "drawOrder": null, "icon": null }, "geometry": { "type": "Point", "coordinates": [ 80.24313, 13.10477 ] } },
{ "type": "Feature", "properties": { "name": null, "layer": "schools", "id": null, "Name": null, "description": null, "timestamp": null, "begin": null, "end": null, "altitudeMode": null, "tessellate": -1, "extrude": 0, "visibility": -1, "drawOrder": null, "icon": null }, "geometry": { "type": "Point", "coordinates": [ 80.24673, 13.10351 ] } },
{ "type": "Feature", "properties": { "name": null, "layer": "schools", "id": null, "Name": null, "description": null, "timestamp": null, "begin": null, "end": null, "altitudeMode": null, "tessellate": -1, "extrude": 0, "visibility": -1, "drawOrder": null, "icon": null }, "geometry": { "type": "Point", "coordinates": [ 80.25247, 13.10267 ] } },
{ "type": "Feature", "properties": { "name": null, "layer": "schools", "id": null, "Name": null, "description": null, "timestamp": null, "begin": null, "end": null, "altitudeMode": null, "tessellate": -1, "extrude": 0, "visibility": -1, "drawOrder": null, "icon": null }, "geometry": { "type": "Point", "coordinates": [ 80.24703, 13.09824 ] } },
{ "type": "Feature", "properties": { "name": null, "layer": "schools", "id": null, "Name": null, "description": null, "timestamp": null, "begin": null, "end": null, "altitudeMode": null, "tessellate": -1, "extrude": 0, "visibility": -1, "drawOrder": null, "icon": null }, "geometry": { "type": "Point", "coordinates": [ 80.2738, 13.09698 ] } },
{ "type": "Feature", "properties": { "name": null, "layer": "schools", "id": null, "Name": null, "description": null, "timestamp": null, "begin": null, "end": null, "altitudeMode": null, "tessellate": -1, "extrude": 0, "visibility": -1, "drawOrder": null, "icon": null }, "geometry": { "type": "Point", "coordinates": [ 80.26487, 13.1084 ] } },
{ "type": "Feature", "properties": { "name": null, "layer": "schools", "id": null, "Name": null, "description": null, "timestamp": null, "begin": null, "end": null, "altitudeMode": null, "tessellate": -1, "extrude": 0, "visibility": -1, "drawOrder": null, "icon": null }, "geometry": { "type": "Point", "coordinates": [ 80.26486, 13.1016 ] } },
{ "type": "Feature", "properties": { "name": null, "layer": "schools", "id": null, "Name": null, "description": null, "timestamp": null, "begin": null, "end": null, "altitudeMode": null, "tessellate": -1, "extrude": 0, "visibility": -1, "drawOrder": null, "icon": null }, "geometry": { "type": "Point", "coordinates": [ 80.26395, 13.10894 ] } },
{ "type": "Feature", "properties": { "name": null, "layer": "schools", "id": null, "Name": null, "description": null, "timestamp": null, "begin": null, "end": null, "altitudeMode": null, "tessellate": -1, "extrude": 0, "visibility": -1, "drawOrder": null, "icon": null }, "geometry": { "type": "Point", "coordinates": [ 80.2637, 13.10596 ] } },
{ "type": "Feature", "properties": { "name": null, "layer": "schools", "id": null, "Name": null, "description": null, "timestamp": null, "begin": null, "end": null, "altitudeMode": null, "tessellate": -1, "extrude": 0, "visibility": -1, "drawOrder": null, "icon": null }, "geometry": { "type": "Point", "coordinates": [ 80.26803, 13.1074 ] } },
{ "type": "Feature", "properties": { "name": null, "layer": "schools", "id": null, "Name": null, "description": null, "timestamp": null, "begin": null, "end": null, "altitudeMode": null, "tessellate": -1, "extrude": 0, "visibility": -1, "drawOrder": null, "icon": null }, "geometry": { "type": "Point", "coordinates": [ 80.26332, 13.10455 ] } },
{ "type": "Feature", "properties": { "name": null, "layer": "schools", "id": null, "Name": null, "description": null, "timestamp": null, "begin": null, "end": null, "altitudeMode": null, "tessellate": -1, "extrude": 0, "visibility": -1, "drawOrder": null, "icon": null }, "geometry": { "type": "Point", "coordinates": [ 80.26257, 13.10784 ] } },
{ "type": "Feature", "properties": { "name": null, "layer": "schools", "id": null, "Name": null, "description": null, "timestamp": null, "begin": null, "end": null, "altitudeMode": null, "tessellate": -1, "extrude": 0, "visibility": -1, "drawOrder": null, "icon": null }, "geometry": { "type": "Point", "coordinates": [ 80.26249, 13.10698 ] } },
{ "type": "Feature", "properties": { "name": null, "layer": "schools", "id": null, "Name": null, "description": null, "timestamp": null, "begin": null, "end": null, "altitudeMode": null, "tessellate": -1, "extrude": 0, "visibility": -1, "drawOrder": null, "icon": null }, "geometry": { "type": "Point", "coordinates": [ 80.26621, 13.10604 ] } },
{ "type": "Feature", "properties": { "name": null, "layer": "schools", "id": null, "Name": null, "description": null, "timestamp": null, "begin": null, "end": null, "altitudeMode": null, "tessellate": -1, "extrude": 0, "visibility": -1, "drawOrder": null, "icon": null }, "geometry": { "type": "Point", "coordinates": [ 80.25254, 13.09805 ] } },
{ "type": "Feature", "properties": { "name": null, "layer": "schools", "id": null, "Name": null, "description": null, "timestamp": null, "begin": null, "end": null, "altitudeMode": null, "tessellate": -1, "extrude": 0, "visibility": -1, "drawOrder": null, "icon": null }, "geometry": { "type": "Point", "coordinates": [ 80.26153, 13.09977 ] } },
{ "type": "Feature", "properties": { "name": null, "layer": "schools", "id": null, "Name": null, "description": null, "timestamp": null, "begin": null, "end": null, "altitudeMode": null, "tessellate": -1, "extrude": 0, "visibility": -1, "drawOrder": null, "icon": null }, "geometry": { "type": "Point", "coordinates": [ 80.26022, 13.10125 ] } },
{ "type": "Feature", "properties": { "name": null, "layer": "schools", "id": null, "Name": null, "description": null, "timestamp": null, "begin": null, "end": null, "altitudeMode": null, "tessellate": -1, "extrude": 0, "visibility": -1, "drawOrder": null, "icon": null }, "geometry": { "type": "Point", "coordinates": [ 80.26296, 13.10229 ] } },
{ "type": "Feature", "properties": { "name": null, "layer": "schools", "id": null, "Name": null, "description": null, "timestamp": null, "begin": null, "end": null, "altitudeMode": null, "tessellate": -1, "extrude": 0, "visibility": -1, "drawOrder": null, "icon": null }, "geometry": { "type": "Point", "coordinates": [ 80.2609, 13.10117 ] } },
{ "type": "Feature", "properties": { "name": null, "layer": "schools", "id": null, "Name": null, "description": null, "timestamp": null, "begin": null, "end": null, "altitudeMode": null, "tessellate": -1, "extrude": 0, "visibility": -1, "drawOrder": null, "icon": null }, "geometry": { "type": "Point", "coordinates": [ 80.26365, 13.10214 ] } },
{ "type": "Feature", "properties": { "name": null, "layer": "schools", "id": null, "Name": null, "description": null, "timestamp": null, "begin": null, "end": null, "altitudeMode": null, "tessellate": -1, "extrude": 0, "visibility": -1, "drawOrder": null, "icon": null }, "geometry": { "type": "Point", "coordinates": [ 80.26347, 13.10043 ] } },
{ "type": "Feature", "properties": { "name": null, "layer": "schools", "id": null, "Name": null, "description": null, "timestamp": null, "begin": null, "end": null, "altitudeMode": null, "tessellate": -1, "extrude": 0, "visibility": -1, "drawOrder": null, "icon": null }, "geometry": { "type": "Point", "coordinates": [ 80.26093, 13.10138 ] } },
{ "type": "Feature", "properties": { "name": null, "layer": "schools", "id": null, "Name": null, "description": null, "timestamp": null, "begin": null, "end": null, "altitudeMode": null, "tessellate": -1, "extrude": 0, "visibility": -1, "drawOrder": null, "icon": null }, "geometry": { "type": "Point", "coordinates": [ 80.26353, 13.10217 ] } },
{ "type": "Feature", "properties": { "name": null, "layer": "schools", "id": null, "Name": null, "description": null, "timestamp": null, "begin": null, "end": null, "altitudeMode": null, "tessellate": -1, "extrude": 0, "visibility": -1, "drawOrder": null, "icon": null }, "geometry": { "type": "Point", "coordinates": [ 80.25712, 13.09917 ] } },
{ "type": "Feature", "properties": { "name": null, "layer": "schools", "id": null, "Name": null, "description": null, "timestamp": null, "begin": null, "end": null, "altitudeMode": null, "tessellate": -1, "extrude": 0, "visibility": -1, "drawOrder": null, "icon": null }, "geometry": { "type": "Point", "coordinates": [ 80.26296, 13.10229 ] } },
{ "type": "Feature", "properties": { "name": null, "layer": "schools", "id": null, "Name": null, "description": null, "timestamp": null, "begin": null, "end": null, "altitudeMode": null, "tessellate": -1, "extrude": 0, "visibility": -1, "drawOrder": null, "icon": null }, "geometry": { "type": "Point", "coordinates": [ 80.264, 13.09917 ] } },
{ "type": "Feature", "properties": { "name": null, "layer": "schools", "id": null, "Name": null, "description": null, "timestamp": null, "begin": null, "end": null, "altitudeMode": null, "tessellate": -1, "extrude": 0, "visibility": -1, "drawOrder": null, "icon": null }, "geometry": { "type": "Point", "coordinates": [ 80.26091, 13.10121 ] } },
{ "type": "Feature", "properties": { "name": null, "layer": "schools", "id": null, "Name": null, "description": null, "timestamp": null, "begin": null, "end": null, "altitudeMode": null, "tessellate": -1, "extrude": 0, "visibility": -1, "drawOrder": null, "icon": null }, "geometry": { "type": "Point", "coordinates": [ 80.26149, 13.10089 ] } },
{ "type": "Feature", "properties": { "name": null, "layer": "schools", "id": null, "Name": null, "description": null, "timestamp": null, "begin": null, "end": null, "altitudeMode": null, "tessellate": -1, "extrude": 0, "visibility": -1, "drawOrder": null, "icon": null }, "geometry": { "type": "Point", "coordinates": [ 80.25614, 13.09894 ] } },
{ "type": "Feature", "properties": { "name": null, "layer": "schools", "id": null, "Name": null, "description": null, "timestamp": null, "begin": null, "end": null, "altitudeMode": null, "tessellate": -1, "extrude": 0, "visibility": -1, "drawOrder": null, "icon": null }, "geometry": { "type": "Point", "coordinates": [ 80.26357, 13.10032 ] } },
{ "type": "Feature", "properties": { "name": null, "layer": "schools", "id": null, "Name": null, "description": null, "timestamp": null, "begin": null, "end": null, "altitudeMode": null, "tessellate": -1, "extrude": 0, "visibility": -1, "drawOrder": null, "icon": null }, "geometry": { "type": "Point", "coordinates": [ 80.24513, 13.09394 ] } },
{ "type": "Feature", "properties": { "name": null, "layer": "schools", "id": null, "Name": null, "description": null, "timestamp": null, "begin": null, "end": null, "altitudeMode": null, "tessellate": -1, "extrude": 0, "visibility": -1, "drawOrder": null, "icon": null }, "geometry": { "type": "Point", "coordinates": [ 80.24158, 13.0953 ] } },
{ "type": "Feature", "properties": { "name": null, "layer": "schools", "id": null, "Name": null, "description": null, "timestamp": null, "begin": null, "end": null, "altitudeMode": null, "tessellate": -1, "extrude": 0, "visibility": -1, "drawOrder": null, "icon": null }, "geometry": { "type": "Point", "coordinates": [ 80.24513, 13.09394 ] } },
{ "type": "Feature", "properties": { "name": null, "layer": "schools", "id": null, "Name": null, "description": null, "timestamp": null, "begin": null, "end": null, "altitudeMode": null, "tessellate": -1, "extrude": 0, "visibility": -1, "drawOrder": null, "icon": null }, "geometry": { "type": "Point", "coordinates": [ 80.24539, 13.09562 ] } },
{ "type": "Feature", "properties": { "name": null, "layer": "schools", "id": null, "Name": null, "description": null, "timestamp": null, "begin": null, "end": null, "altitudeMode": null, "tessellate": -1, "extrude": 0, "visibility": -1, "drawOrder": null, "icon": null }, "geometry": { "type": "Point", "coordinates": [ 80.24522, 13.09594 ] } },
{ "type": "Feature", "properties": { "name": null, "layer": "schools", "id": null, "Name": null, "description": null, "timestamp": null, "begin": null, "end": null, "altitudeMode": null, "tessellate": -1, "extrude": 0, "visibility": -1, "drawOrder": null, "icon": null }, "geometry": { "type": "Point", "coordinates": [ 80.24753, 13.09627 ] } },
{ "type": "Feature", "properties": { "name": null, "layer": "schools", "id": null, "Name": null, "description": null, "timestamp": null, "begin": null, "end": null, "altitudeMode": null, "tessellate": -1, "extrude": 0, "visibility": -1, "drawOrder": null, "icon": null }, "geometry": { "type": "Point", "coordinates": [ 80.24258, 13.09226 ] } },
{ "type": "Feature", "properties": { "name": null, "layer": "schools", "id": null, "Name": null, "description": null, "timestamp": null, "begin": null, "end": null, "altitudeMode": null, "tessellate": -1, "extrude": 0, "visibility": -1, "drawOrder": null, "icon": null }, "geometry": { "type": "Point", "coordinates": [ 80.24538, 13.09561 ] } },
{ "type": "Feature", "properties": { "name": null, "layer": "schools", "id": null, "Name": null, "description": null, "timestamp": null, "begin": null, "end": null, "altitudeMode": null, "tessellate": -1, "extrude": 0, "visibility": -1, "drawOrder": null, "icon": null }, "geometry": { "type": "Point", "coordinates": [ 80.2471, 13.09344 ] } },
{ "type": "Feature", "properties": { "name": null, "layer": "schools", "id": null, "Name": null, "description": null, "timestamp": null, "begin": null, "end": null, "altitudeMode": null, "tessellate": -1, "extrude": 0, "visibility": -1, "drawOrder": null, "icon": null }, "geometry": { "type": "Point", "coordinates": [ 80.2436, 13.09275 ] } },
{ "type": "Feature", "properties": { "name": null, "layer": "schools", "id": null, "Name": null, "description": null, "timestamp": null, "begin": null, "end": null, "altitudeMode": null, "tessellate": -1, "extrude": 0, "visibility": -1, "drawOrder": null, "icon": null }, "geometry": { "type": "Point", "coordinates": [ 80.24513, 13.09394 ] } },
{ "type": "Feature", "properties": { "name": null, "layer": "schools", "id": null, "Name": null, "description": null, "timestamp": null, "begin": null, "end": null, "altitudeMode": null, "tessellate": -1, "extrude": 0, "visibility": -1, "drawOrder": null, "icon": null }, "geometry": { "type": "Point", "coordinates": [ 80.25357, 13.0916 ] } },
{ "type": "Feature", "properties": { "name": null, "layer": "schools", "id": null, "Name": null, "description": null, "timestamp": null, "begin": null, "end": null, "altitudeMode": null, "tessellate": -1, "extrude": 0, "visibility": -1, "drawOrder": null, "icon": null }, "geometry": { "type": "Point", "coordinates": [ 80.25284, 13.09593 ] } },
{ "type": "Feature", "properties": { "name": null, "layer": "schools", "id": null, "Name": null, "description": null, "timestamp": null, "begin": null, "end": null, "altitudeMode": null, "tessellate": -1, "extrude": 0, "visibility": -1, "drawOrder": null, "icon": null }, "geometry": { "type": "Point", "coordinates": [ 80.25313, 13.09476 ] } },
{ "type": "Feature", "properties": { "name": null, "layer": "schools", "id": null, "Name": null, "description": null, "timestamp": null, "begin": null, "end": null, "altitudeMode": null, "tessellate": -1, "extrude": 0, "visibility": -1, "drawOrder": null, "icon": null }, "geometry": { "type": "Point", "coordinates": [ 80.25314, 13.09561 ] } },
{ "type": "Feature", "properties": { "name": null, "layer": "schools", "id": null, "Name": null, "description": null, "timestamp": null, "begin": null, "end": null, "altitudeMode": null, "tessellate": -1, "extrude": 0, "visibility": -1, "drawOrder": null, "icon": null }, "geometry": { "type": "Point", "coordinates": [ 80.26044, 13.09827 ] } },
{ "type": "Feature", "properties": { "name": null, "layer": "schools", "id": null, "Name": null, "description": null, "timestamp": null, "begin": null, "end": null, "altitudeMode": null, "tessellate": -1, "extrude": 0, "visibility": -1, "drawOrder": null, "icon": null }, "geometry": { "type": "Point", "coordinates": [ 80.25491, 13.097 ] } },
{ "type": "Feature", "properties": { "name": null, "layer": "schools", "id": null, "Name": null, "description": null, "timestamp": null, "begin": null, "end": null, "altitudeMode": null, "tessellate": -1, "extrude": 0, "visibility": -1, "drawOrder": null, "icon": null }, "geometry": { "type": "Point", "coordinates": [ 80.25557, 13.09728 ] } },
{ "type": "Feature", "properties": { "name": null, "layer": "schools", "id": null, "Name": null, "description": null, "timestamp": null, "begin": null, "end": null, "altitudeMode": null, "tessellate": -1, "extrude": 0, "visibility": -1, "drawOrder": null, "icon": null }, "geometry": { "type": "Point", "coordinates": [ 80.26209, 13.09694 ] } },
{ "type": "Feature", "properties": { "name": null, "layer": "schools", "id": null, "Name": null, "description": null, "timestamp": null, "begin": null, "end": null, "altitudeMode": null, "tessellate": -1, "extrude": 0, "visibility": -1, "drawOrder": null, "icon": null }, "geometry": { "type": "Point", "coordinates": [ 80.26256, 13.09429 ] } },
{ "type": "Feature", "properties": { "name": null, "layer": "schools", "id": null, "Name": null, "description": null, "timestamp": null, "begin": null, "end": null, "altitudeMode": null, "tessellate": -1, "extrude": 0, "visibility": -1, "drawOrder": null, "icon": null }, "geometry": { "type": "Point", "coordinates": [ 80.25478, 13.09477 ] } },
{ "type": "Feature", "properties": { "name": null, "layer": "schools", "id": null, "Name": null, "description": null, "timestamp": null, "begin": null, "end": null, "altitudeMode": null, "tessellate": -1, "extrude": 0, "visibility": -1, "drawOrder": null, "icon": null }, "geometry": { "type": "Point", "coordinates": [ 80.25618, 13.09578 ] } },
{ "type": "Feature", "properties": { "name": null, "layer": "schools", "id": null, "Name": null, "description": null, "timestamp": null, "begin": null, "end": null, "altitudeMode": null, "tessellate": -1, "extrude": 0, "visibility": -1, "drawOrder": null, "icon": null }, "geometry": { "type": "Point", "coordinates": [ 80.25998, 13.0996 ] } },
{ "type": "Feature", "properties": { "name": null, "layer": "schools", "id": null, "Name": null, "description": null, "timestamp": null, "begin": null, "end": null, "altitudeMode": null, "tessellate": -1, "extrude": 0, "visibility": -1, "drawOrder": null, "icon": null }, "geometry": { "type": "Point", "coordinates": [ 80.25914, 13.09793 ] } },
{ "type": "Feature", "properties": { "name": null, "layer": "schools", "id": null, "Name": null, "description": null, "timestamp": null, "begin": null, "end": null, "altitudeMode": null, "tessellate": -1, "extrude": 0, "visibility": -1, "drawOrder": null, "icon": null }, "geometry": { "type": "Point", "coordinates": [ 80.25821, 13.0981 ] } },
{ "type": "Feature", "properties": { "name": null, "layer": "schools", "id": null, "Name": null, "description": null, "timestamp": null, "begin": null, "end": null, "altitudeMode": null, "tessellate": -1, "extrude": 0, "visibility": -1, "drawOrder": null, "icon": null }, "geometry": { "type": "Point", "coordinates": [ 80.25885, 13.09712 ] } },
{ "type": "Feature", "properties": { "name": null, "layer": "schools", "id": null, "Name": null, "description": null, "timestamp": null, "begin": null, "end": null, "altitudeMode": null, "tessellate": -1, "extrude": 0, "visibility": -1, "drawOrder": null, "icon": null }, "geometry": { "type": "Point", "coordinates": [ 80.25518, 13.09593 ] } },
{ "type": "Feature", "properties": { "name": null, "layer": "schools", "id": null, "Name": null, "description": null, "timestamp": null, "begin": null, "end": null, "altitudeMode": null, "tessellate": -1, "extrude": 0, "visibility": -1, "drawOrder": null, "icon": null }, "geometry": { "type": "Point", "coordinates": [ 80.26272, 13.09787 ] } },
{ "type": "Feature", "properties": { "name": null, "layer": "schools", "id": null, "Name": null, "description": null, "timestamp": null, "begin": null, "end": null, "altitudeMode": null, "tessellate": -1, "extrude": 0, "visibility": -1, "drawOrder": null, "icon": null }, "geometry": { "type": "Point", "coordinates": [ 80.267, 13.09793 ] } },
{ "type": "Feature", "properties": { "name": null, "layer": "schools", "id": null, "Name": null, "description": null, "timestamp": null, "begin": null, "end": null, "altitudeMode": null, "tessellate": -1, "extrude": 0, "visibility": -1, "drawOrder": null, "icon": null }, "geometry": { "type": "Point", "coordinates": [ 80.26809, 13.09681 ] } },
{ "type": "Feature", "properties": { "name": null, "layer": "schools", "id": null, "Name": null, "description": null, "timestamp": null, "begin": null, "end": null, "altitudeMode": null, "tessellate": -1, "extrude": 0, "visibility": -1, "drawOrder": null, "icon": null }, "geometry": { "type": "Point", "coordinates": [ 80.267, 13.09793 ] } },
{ "type": "Feature", "properties": { "name": null, "layer": "schools", "id": null, "Name": null, "description": null, "timestamp": null, "begin": null, "end": null, "altitudeMode": null, "tessellate": -1, "extrude": 0, "visibility": -1, "drawOrder": null, "icon": null }, "geometry": { "type": "Point", "coordinates": [ 80.26643, 13.09683 ] } },
{ "type": "Feature", "properties": { "name": null, "layer": "schools", "id": null, "Name": null, "description": null, "timestamp": null, "begin": null, "end": null, "altitudeMode": null, "tessellate": -1, "extrude": 0, "visibility": -1, "drawOrder": null, "icon": null }, "geometry": { "type": "Point", "coordinates": [ 80.26611, 13.09058 ] } },
{ "type": "Feature", "properties": { "name": null, "layer": "schools", "id": null, "Name": null, "description": null, "timestamp": null, "begin": null, "end": null, "altitudeMode": null, "tessellate": -1, "extrude": 0, "visibility": -1, "drawOrder": null, "icon": null }, "geometry": { "type": "Point", "coordinates": [ 80.26428, 13.09162 ] } },
{ "type": "Feature", "properties": { "name": null, "layer": "schools", "id": null, "Name": null, "description": null, "timestamp": null, "begin": null, "end": null, "altitudeMode": null, "tessellate": -1, "extrude": 0, "visibility": -1, "drawOrder": null, "icon": null }, "geometry": { "type": "Point", "coordinates": [ 80.14405, 13.11698 ] } },
{ "type": "Feature", "properties": { "name": null, "layer": "schools", "id": null, "Name": null, "description": null, "timestamp": null, "begin": null, "end": null, "altitudeMode": null, "tessellate": -1, "extrude": 0, "visibility": -1, "drawOrder": null, "icon": null }, "geometry": { "type": "Point", "coordinates": [ 80.15355, 13.11674 ] } },
{ "type": "Feature", "properties": { "name": null, "layer": "schools", "id": null, "Name": null, "description": null, "timestamp": null, "begin": null, "end": null, "altitudeMode": null, "tessellate": -1, "extrude": 0, "visibility": -1, "drawOrder": null, "icon": null }, "geometry": { "type": "Point", "coordinates": [ 80.15924, 13.11944 ] } },
{ "type": "Feature", "properties": { "name": null, "layer": "schools", "id": null, "Name": null, "description": null, "timestamp": null, "begin": null, "end": null, "altitudeMode": null, "tessellate": -1, "extrude": 0, "visibility": -1, "drawOrder": null, "icon": null }, "geometry": { "type": "Point", "coordinates": [ 80.15364, 13.11643 ] } },
{ "type": "Feature", "properties": { "name": null, "layer": "schools", "id": null, "Name": null, "description": null, "timestamp": null, "begin": null, "end": null, "altitudeMode": null, "tessellate": -1, "extrude": 0, "visibility": -1, "drawOrder": null, "icon": null }, "geometry": { "type": "Point", "coordinates": [ 80.14978, 13.11705 ] } },
{ "type": "Feature", "properties": { "name": null, "layer": "schools", "id": null, "Name": null, "description": null, "timestamp": null, "begin": null, "end": null, "altitudeMode": null, "tessellate": -1, "extrude": 0, "visibility": -1, "drawOrder": null, "icon": null }, "geometry": { "type": "Point", "coordinates": [ 80.15826, 13.11899 ] } },
{ "type": "Feature", "properties": { "name": null, "layer": "schools", "id": null, "Name": null, "description": null, "timestamp": null, "begin": null, "end": null, "altitudeMode": null, "tessellate": -1, "extrude": 0, "visibility": -1, "drawOrder": null, "icon": null }, "geometry": { "type": "Point", "coordinates": [ 80.15481, 13.11852 ] } },
{ "type": "Feature", "properties": { "name": null, "layer": "schools", "id": null, "Name": null, "description": null, "timestamp": null, "begin": null, "end": null, "altitudeMode": null, "tessellate": -1, "extrude": 0, "visibility": -1, "drawOrder": null, "icon": null }, "geometry": { "type": "Point", "coordinates": [ 80.14419, 13.11711 ] } },
{ "type": "Feature", "properties": { "name": null, "layer": "schools", "id": null, "Name": null, "description": null, "timestamp": null, "begin": null, "end": null, "altitudeMode": null, "tessellate": -1, "extrude": 0, "visibility": -1, "drawOrder": null, "icon": null }, "geometry": { "type": "Point", "coordinates": [ 80.14623, 13.11873 ] } },
{ "type": "Feature", "properties": { "name": null, "layer": "schools", "id": null, "Name": null, "description": null, "timestamp": null, "begin": null, "end": null, "altitudeMode": null, "tessellate": -1, "extrude": 0, "visibility": -1, "drawOrder": null, "icon": null }, "geometry": { "type": "Point", "coordinates": [ 80.1446, 13.12353 ] } },
{ "type": "Feature", "properties": { "name": null, "layer": "schools", "id": null, "Name": null, "description": null, "timestamp": null, "begin": null, "end": null, "altitudeMode": null, "tessellate": -1, "extrude": 0, "visibility": -1, "drawOrder": null, "icon": null }, "geometry": { "type": "Point", "coordinates": [ 80.15308, 13.12183 ] } },
{ "type": "Feature", "properties": { "name": null, "layer": "schools", "id": null, "Name": null, "description": null, "timestamp": null, "begin": null, "end": null, "altitudeMode": null, "tessellate": -1, "extrude": 0, "visibility": -1, "drawOrder": null, "icon": null }, "geometry": { "type": "Point", "coordinates": [ 80.17038, 13.13319 ] } },
{ "type": "Feature", "properties": { "name": null, "layer": "schools", "id": null, "Name": null, "description": null, "timestamp": null, "begin": null, "end": null, "altitudeMode": null, "tessellate": -1, "extrude": 0, "visibility": -1, "drawOrder": null, "icon": null }, "geometry": { "type": "Point", "coordinates": [ 80.17607, 13.13535 ] } },
{ "type": "Feature", "properties": { "name": null, "layer": "schools", "id": null, "Name": null, "description": null, "timestamp": null, "begin": null, "end": null, "altitudeMode": null, "tessellate": -1, "extrude": 0, "visibility": -1, "drawOrder": null, "icon": null }, "geometry": { "type": "Point", "coordinates": [ 80.16545, 13.11942 ] } },
{ "type": "Feature", "properties": { "name": null, "layer": "schools", "id": null, "Name": null, "description": null, "timestamp": null, "begin": null, "end": null, "altitudeMode": null, "tessellate": -1, "extrude": 0, "visibility": -1, "drawOrder": null, "icon": null }, "geometry": { "type": "Point", "coordinates": [ 80.16851, 13.13605 ] } },
{ "type": "Feature", "properties": { "name": null, "layer": "schools", "id": null, "Name": null, "description": null, "timestamp": null, "begin": null, "end": null, "altitudeMode": null, "tessellate": -1, "extrude": 0, "visibility": -1, "drawOrder": null, "icon": null }, "geometry": { "type": "Point", "coordinates": [ 80.17242, 13.13247 ] } },
{ "type": "Feature", "properties": { "name": null, "layer": "schools", "id": null, "Name": null, "description": null, "timestamp": null, "begin": null, "end": null, "altitudeMode": null, "tessellate": -1, "extrude": 0, "visibility": -1, "drawOrder": null, "icon": null }, "geometry": { "type": "Point", "coordinates": [ 80.16482, 13.1219 ] } },
{ "type": "Feature", "properties": { "name": null, "layer": "schools", "id": null, "Name": null, "description": null, "timestamp": null, "begin": null, "end": null, "altitudeMode": null, "tessellate": -1, "extrude": 0, "visibility": -1, "drawOrder": null, "icon": null }, "geometry": { "type": "Point", "coordinates": [ 80.15752, 13.11531 ] } },
{ "type": "Feature", "properties": { "name": null, "layer": "schools", "id": null, "Name": null, "description": null, "timestamp": null, "begin": null, "end": null, "altitudeMode": null, "tessellate": -1, "extrude": 0, "visibility": -1, "drawOrder": null, "icon": null }, "geometry": { "type": "Point", "coordinates": [ 80.15723, 13.11671 ] } },
{ "type": "Feature", "properties": { "name": null, "layer": "schools", "id": null, "Name": null, "description": null, "timestamp": null, "begin": null, "end": null, "altitudeMode": null, "tessellate": -1, "extrude": 0, "visibility": -1, "drawOrder": null, "icon": null }, "geometry": { "type": "Point", "coordinates": [ 80.16645, 13.1215 ] } },
{ "type": "Feature", "properties": { "name": null, "layer": "schools", "id": null, "Name": null, "description": null, "timestamp": null, "begin": null, "end": null, "altitudeMode": null, "tessellate": -1, "extrude": 0, "visibility": -1, "drawOrder": null, "icon": null }, "geometry": { "type": "Point", "coordinates": [ 80.17198, 13.13993 ] } },
{ "type": "Feature", "properties": { "name": null, "layer": "schools", "id": null, "Name": null, "description": null, "timestamp": null, "begin": null, "end": null, "altitudeMode": null, "tessellate": -1, "extrude": 0, "visibility": -1, "drawOrder": null, "icon": null }, "geometry": { "type": "Point", "coordinates": [ 80.16267, 13.115 ] } },
{ "type": "Feature", "properties": { "name": null, "layer": "schools", "id": null, "Name": null, "description": null, "timestamp": null, "begin": null, "end": null, "altitudeMode": null, "tessellate": -1, "extrude": 0, "visibility": -1, "drawOrder": null, "icon": null }, "geometry": { "type": "Point", "coordinates": [ 80.17129, 13.11716 ] } },
{ "type": "Feature", "properties": { "name": null, "layer": "schools", "id": null, "Name": null, "description": null, "timestamp": null, "begin": null, "end": null, "altitudeMode": null, "tessellate": -1, "extrude": 0, "visibility": -1, "drawOrder": null, "icon": null }, "geometry": { "type": "Point", "coordinates": [ 80.1702, 13.13321 ] } },
{ "type": "Feature", "properties": { "name": null, "layer": "schools", "id": null, "Name": null, "description": null, "timestamp": null, "begin": null, "end": null, "altitudeMode": null, "tessellate": -1, "extrude": 0, "visibility": -1, "drawOrder": null, "icon": null }, "geometry": { "type": "Point", "coordinates": [ 80.19819, 13.11586 ] } },
{ "type": "Feature", "properties": { "name": null, "layer": "schools", "id": null, "Name": null, "description": null, "timestamp": null, "begin": null, "end": null, "altitudeMode": null, "tessellate": -1, "extrude": 0, "visibility": -1, "drawOrder": null, "icon": null }, "geometry": { "type": "Point", "coordinates": [ 80.18564, 13.11506 ] } },
{ "type": "Feature", "properties": { "name": null, "layer": "schools", "id": null, "Name": null, "description": null, "timestamp": null, "begin": null, "end": null, "altitudeMode": null, "tessellate": -1, "extrude": 0, "visibility": -1, "drawOrder": null, "icon": null }, "geometry": { "type": "Point", "coordinates": [ 80.18958, 13.13501 ] } },
{ "type": "Feature", "properties": { "name": null, "layer": "schools", "id": null, "Name": null, "description": null, "timestamp": null, "begin": null, "end": null, "altitudeMode": null, "tessellate": -1, "extrude": 0, "visibility": -1, "drawOrder": null, "icon": null }, "geometry": { "type": "Point", "coordinates": [ 80.18121, 13.11249 ] } },
{ "type": "Feature", "properties": { "name": null, "layer": "schools", "id": null, "Name": null, "description": null, "timestamp": null, "begin": null, "end": null, "altitudeMode": null, "tessellate": -1, "extrude": 0, "visibility": -1, "drawOrder": null, "icon": null }, "geometry": { "type": "Point", "coordinates": [ 80.18689, 13.13249 ] } },
{ "type": "Feature", "properties": { "name": null, "layer": "schools", "id": null, "Name": null, "description": null, "timestamp": null, "begin": null, "end": null, "altitudeMode": null, "tessellate": -1, "extrude": 0, "visibility": -1, "drawOrder": null, "icon": null }, "geometry": { "type": "Point", "coordinates": [ 80.18701, 13.13108 ] } },
{ "type": "Feature", "properties": { "name": null, "layer": "schools", "id": null, "Name": null, "description": null, "timestamp": null, "begin": null, "end": null, "altitudeMode": null, "tessellate": -1, "extrude": 0, "visibility": -1, "drawOrder": null, "icon": null }, "geometry": { "type": "Point", "coordinates": [ 80.18325, 13.11411 ] } },
{ "type": "Feature", "properties": { "name": null, "layer": "schools", "id": null, "Name": null, "description": null, "timestamp": null, "begin": null, "end": null, "altitudeMode": null, "tessellate": -1, "extrude": 0, "visibility": -1, "drawOrder": null, "icon": null }, "geometry": { "type": "Point", "coordinates": [ 80.1862, 13.11359 ] } },
{ "type": "Feature", "properties": { "name": null, "layer": "schools", "id": null, "Name": null, "description": null, "timestamp": null, "begin": null, "end": null, "altitudeMode": null, "tessellate": -1, "extrude": 0, "visibility": -1, "drawOrder": null, "icon": null }, "geometry": { "type": "Point", "coordinates": [ 80.18568, 13.11499 ] } },
{ "type": "Feature", "properties": { "name": null, "layer": "schools", "id": null, "Name": null, "description": null, "timestamp": null, "begin": null, "end": null, "altitudeMode": null, "tessellate": -1, "extrude": 0, "visibility": -1, "drawOrder": null, "icon": null }, "geometry": { "type": "Point", "coordinates": [ 80.18301, 13.10904 ] } },
{ "type": "Feature", "properties": { "name": null, "layer": "schools", "id": null, "Name": null, "description": null, "timestamp": null, "begin": null, "end": null, "altitudeMode": null, "tessellate": -1, "extrude": 0, "visibility": -1, "drawOrder": null, "icon": null }, "geometry": { "type": "Point", "coordinates": [ 80.18323, 13.13328 ] } },
{ "type": "Feature", "properties": { "name": null, "layer": "schools", "id": null, "Name": null, "description": null, "timestamp": null, "begin": null, "end": null, "altitudeMode": null, "tessellate": -1, "extrude": 0, "visibility": -1, "drawOrder": null, "icon": null }, "geometry": { "type": "Point", "coordinates": [ 80.18337, 13.10923 ] } },
{ "type": "Feature", "properties": { "name": null, "layer": "schools", "id": null, "Name": null, "description": null, "timestamp": null, "begin": null, "end": null, "altitudeMode": null, "tessellate": -1, "extrude": 0, "visibility": -1, "drawOrder": null, "icon": null }, "geometry": { "type": "Point", "coordinates": [ 80.18333, 13.12772 ] } },
{ "type": "Feature", "properties": { "name": null, "layer": "schools", "id": null, "Name": null, "description": null, "timestamp": null, "begin": null, "end": null, "altitudeMode": null, "tessellate": -1, "extrude": 0, "visibility": -1, "drawOrder": null, "icon": null }, "geometry": { "type": "Point", "coordinates": [ 80.19777, 13.12771 ] } },
{ "type": "Feature", "properties": { "name": null, "layer": "schools", "id": null, "Name": null, "description": null, "timestamp": null, "begin": null, "end": null, "altitudeMode": null, "tessellate": -1, "extrude": 0, "visibility": -1, "drawOrder": null, "icon": null }, "geometry": { "type": "Point", "coordinates": [ 80.18448, 13.10377 ] } },
{ "type": "Feature", "properties": { "name": null, "layer": "schools", "id": null, "Name": null, "description": null, "timestamp": null, "begin": null, "end": null, "altitudeMode": null, "tessellate": -1, "extrude": 0, "visibility": -1, "drawOrder": null, "icon": null }, "geometry": { "type": "Point", "coordinates": [ 80.18041, 13.10661 ] } },
{ "type": "Feature", "properties": { "name": null, "layer": "schools", "id": null, "Name": null, "description": null, "timestamp": null, "begin": null, "end": null, "altitudeMode": null, "tessellate": -1, "extrude": 0, "visibility": -1, "drawOrder": null, "icon": null }, "geometry": { "type": "Point", "coordinates": [ 80.18019, 13.10276 ] } },
{ "type": "Feature", "properties": { "name": null, "layer": "schools", "id": null, "Name": null, "description": null, "timestamp": null, "begin": null, "end": null, "altitudeMode": null, "tessellate": -1, "extrude": 0, "visibility": -1, "drawOrder": null, "icon": null }, "geometry": { "type": "Point", "coordinates": [ 80.17959, 13.10446 ] } },
{ "type": "Feature", "properties": { "name": null, "layer": "schools", "id": null, "Name": null, "description": null, "timestamp": null, "begin": null, "end": null, "altitudeMode": null, "tessellate": -1, "extrude": 0, "visibility": -1, "drawOrder": null, "icon": null }, "geometry": { "type": "Point", "coordinates": [ 80.16934, 13.10604 ] } },
{ "type": "Feature", "properties": { "name": null, "layer": "schools", "id": null, "Name": null, "description": null, "timestamp": null, "begin": null, "end": null, "altitudeMode": null, "tessellate": -1, "extrude": 0, "visibility": -1, "drawOrder": null, "icon": null }, "geometry": { "type": "Point", "coordinates": [ 80.1818, 13.10279 ] } },
{ "type": "Feature", "properties": { "name": null, "layer": "schools", "id": null, "Name": null, "description": null, "timestamp": null, "begin": null, "end": null, "altitudeMode": null, "tessellate": -1, "extrude": 0, "visibility": -1, "drawOrder": null, "icon": null }, "geometry": { "type": "Point", "coordinates": [ 80.17535, 13.10045 ] } },
{ "type": "Feature", "properties": { "name": null, "layer": "schools", "id": null, "Name": null, "description": null, "timestamp": null, "begin": null, "end": null, "altitudeMode": null, "tessellate": -1, "extrude": 0, "visibility": -1, "drawOrder": null, "icon": null }, "geometry": { "type": "Point", "coordinates": [ 80.18313, 13.10563 ] } },
{ "type": "Feature", "properties": { "name": null, "layer": "schools", "id": null, "Name": null, "description": null, "timestamp": null, "begin": null, "end": null, "altitudeMode": null, "tessellate": -1, "extrude": 0, "visibility": -1, "drawOrder": null, "icon": null }, "geometry": { "type": "Point", "coordinates": [ 80.17811, 13.09967 ] } },
{ "type": "Feature", "properties": { "name": null, "layer": "schools", "id": null, "Name": null, "description": null, "timestamp": null, "begin": null, "end": null, "altitudeMode": null, "tessellate": -1, "extrude": 0, "visibility": -1, "drawOrder": null, "icon": null }, "geometry": { "type": "Point", "coordinates": [ 80.18178, 13.10261 ] } },
{ "type": "Feature", "properties": { "name": null, "layer": "schools", "id": null, "Name": null, "description": null, "timestamp": null, "begin": null, "end": null, "altitudeMode": null, "tessellate": -1, "extrude": 0, "visibility": -1, "drawOrder": null, "icon": null }, "geometry": { "type": "Point", "coordinates": [ 80.15412, 13.10909 ] } },
{ "type": "Feature", "properties": { "name": null, "layer": "schools", "id": null, "Name": null, "description": null, "timestamp": null, "begin": null, "end": null, "altitudeMode": null, "tessellate": -1, "extrude": 0, "visibility": -1, "drawOrder": null, "icon": null }, "geometry": { "type": "Point", "coordinates": [ 80.14884, 13.10986 ] } },
{ "type": "Feature", "properties": { "name": null, "layer": "schools", "id": null, "Name": null, "description": null, "timestamp": null, "begin": null, "end": null, "altitudeMode": null, "tessellate": -1, "extrude": 0, "visibility": -1, "drawOrder": null, "icon": null }, "geometry": { "type": "Point", "coordinates": [ 80.19625, 13.0963 ] } },
{ "type": "Feature", "properties": { "name": null, "layer": "schools", "id": null, "Name": null, "description": null, "timestamp": null, "begin": null, "end": null, "altitudeMode": null, "tessellate": -1, "extrude": 0, "visibility": -1, "drawOrder": null, "icon": null }, "geometry": { "type": "Point", "coordinates": [ 80.15305, 13.11182 ] } },
{ "type": "Feature", "properties": { "name": null, "layer": "schools", "id": null, "Name": null, "description": null, "timestamp": null, "begin": null, "end": null, "altitudeMode": null, "tessellate": -1, "extrude": 0, "visibility": -1, "drawOrder": null, "icon": null }, "geometry": { "type": "Point", "coordinates": [ 80.15448, 13.10526 ] } },
{ "type": "Feature", "properties": { "name": null, "layer": "schools", "id": null, "Name": null, "description": null, "timestamp": null, "begin": null, "end": null, "altitudeMode": null, "tessellate": -1, "extrude": 0, "visibility": -1, "drawOrder": null, "icon": null }, "geometry": { "type": "Point", "coordinates": [ 80.15244, 13.10896 ] } },
{ "type": "Feature", "properties": { "name": null, "layer": "schools", "id": null, "Name": null, "description": null, "timestamp": null, "begin": null, "end": null, "altitudeMode": null, "tessellate": -1, "extrude": 0, "visibility": -1, "drawOrder": null, "icon": null }, "geometry": { "type": "Point", "coordinates": [ 80.16766, 13.10117 ] } },
{ "type": "Feature", "properties": { "name": null, "layer": "schools", "id": null, "Name": null, "description": null, "timestamp": null, "begin": null, "end": null, "altitudeMode": null, "tessellate": -1, "extrude": 0, "visibility": -1, "drawOrder": null, "icon": null }, "geometry": { "type": "Point", "coordinates": [ 80.19907, 13.1023 ] } },
{ "type": "Feature", "properties": { "name": null, "layer": "schools", "id": null, "Name": null, "description": null, "timestamp": null, "begin": null, "end": null, "altitudeMode": null, "tessellate": -1, "extrude": 0, "visibility": -1, "drawOrder": null, "icon": null }, "geometry": { "type": "Point", "coordinates": [ 80.15246, 13.11213 ] } },
{ "type": "Feature", "properties": { "name": null, "layer": "schools", "id": null, "Name": null, "description": null, "timestamp": null, "begin": null, "end": null, "altitudeMode": null, "tessellate": -1, "extrude": 0, "visibility": -1, "drawOrder": null, "icon": null }, "geometry": { "type": "Point", "coordinates": [ 80.20192, 13.1015 ] } },
{ "type": "Feature", "properties": { "name": null, "layer": "schools", "id": null, "Name": null, "description": null, "timestamp": null, "begin": null, "end": null, "altitudeMode": null, "tessellate": -1, "extrude": 0, "visibility": -1, "drawOrder": null, "icon": null }, "geometry": { "type": "Point", "coordinates": [ 80.1556, 13.10681 ] } },
{ "type": "Feature", "properties": { "name": null, "layer": "schools", "id": null, "Name": null, "description": null, "timestamp": null, "begin": null, "end": null, "altitudeMode": null, "tessellate": -1, "extrude": 0, "visibility": -1, "drawOrder": null, "icon": null }, "geometry": { "type": "Point", "coordinates": [ 80.21075, 13.10704 ] } },
{ "type": "Feature", "properties": { "name": null, "layer": "schools", "id": null, "Name": null, "description": null, "timestamp": null, "begin": null, "end": null, "altitudeMode": null, "tessellate": -1, "extrude": 0, "visibility": -1, "drawOrder": null, "icon": null }, "geometry": { "type": "Point", "coordinates": [ 80.20817, 13.1068 ] } },
{ "type": "Feature", "properties": { "name": null, "layer": "schools", "id": null, "Name": null, "description": null, "timestamp": null, "begin": null, "end": null, "altitudeMode": null, "tessellate": -1, "extrude": 0, "visibility": -1, "drawOrder": null, "icon": null }, "geometry": { "type": "Point", "coordinates": [ 80.21502, 13.10774 ] } },
{ "type": "Feature", "properties": { "name": null, "layer": "schools", "id": null, "Name": null, "description": null, "timestamp": null, "begin": null, "end": null, "altitudeMode": null, "tessellate": -1, "extrude": 0, "visibility": -1, "drawOrder": null, "icon": null }, "geometry": { "type": "Point", "coordinates": [ 80.14819, 13.10746 ] } },
{ "type": "Feature", "properties": { "name": null, "layer": "schools", "id": null, "Name": null, "description": null, "timestamp": null, "begin": null, "end": null, "altitudeMode": null, "tessellate": -1, "extrude": 0, "visibility": -1, "drawOrder": null, "icon": null }, "geometry": { "type": "Point", "coordinates": [ 80.20245, 13.10235 ] } },
{ "type": "Feature", "properties": { "name": null, "layer": "schools", "id": null, "Name": null, "description": null, "timestamp": null, "begin": null, "end": null, "altitudeMode": null, "tessellate": -1, "extrude": 0, "visibility": -1, "drawOrder": null, "icon": null }, "geometry": { "type": "Point", "coordinates": [ 80.20924, 13.10325 ] } },
{ "type": "Feature", "properties": { "name": null, "layer": "schools", "id": null, "Name": null, "description": null, "timestamp": null, "begin": null, "end": null, "altitudeMode": null, "tessellate": -1, "extrude": 0, "visibility": -1, "drawOrder": null, "icon": null }, "geometry": { "type": "Point", "coordinates": [ 80.21395, 13.0995 ] } },
{ "type": "Feature", "properties": { "name": null, "layer": "schools", "id": null, "Name": null, "description": null, "timestamp": null, "begin": null, "end": null, "altitudeMode": null, "tessellate": -1, "extrude": 0, "visibility": -1, "drawOrder": null, "icon": null }, "geometry": { "type": "Point", "coordinates": [ 80.19548, 13.09824 ] } },
{ "type": "Feature", "properties": { "name": null, "layer": "schools", "id": null, "Name": null, "description": null, "timestamp": null, "begin": null, "end": null, "altitudeMode": null, "tessellate": -1, "extrude": 0, "visibility": -1, "drawOrder": null, "icon": null }, "geometry": { "type": "Point", "coordinates": [ 80.21236, 13.10672 ] } },
{ "type": "Feature", "properties": { "name": null, "layer": "schools", "id": null, "Name": null, "description": null, "timestamp": null, "begin": null, "end": null, "altitudeMode": null, "tessellate": -1, "extrude": 0, "visibility": -1, "drawOrder": null, "icon": null }, "geometry": { "type": "Point", "coordinates": [ 80.2031, 13.10326 ] } },
{ "type": "Feature", "properties": { "name": null, "layer": "schools", "id": null, "Name": null, "description": null, "timestamp": null, "begin": null, "end": null, "altitudeMode": null, "tessellate": -1, "extrude": 0, "visibility": -1, "drawOrder": null, "icon": null }, "geometry": { "type": "Point", "coordinates": [ 80.2139, 13.1037 ] } },
{ "type": "Feature", "properties": { "name": null, "layer": "schools", "id": null, "Name": null, "description": null, "timestamp": null, "begin": null, "end": null, "altitudeMode": null, "tessellate": -1, "extrude": 0, "visibility": -1, "drawOrder": null, "icon": null }, "geometry": { "type": "Point", "coordinates": [ 80.20165, 13.09289 ] } },
{ "type": "Feature", "properties": { "name": null, "layer": "schools", "id": null, "Name": null, "description": null, "timestamp": null, "begin": null, "end": null, "altitudeMode": null, "tessellate": -1, "extrude": 0, "visibility": -1, "drawOrder": null, "icon": null }, "geometry": { "type": "Point", "coordinates": [ 80.20547, 13.09422 ] } },
{ "type": "Feature", "properties": { "name": null, "layer": "schools", "id": null, "Name": null, "description": null, "timestamp": null, "begin": null, "end": null, "altitudeMode": null, "tessellate": -1, "extrude": 0, "visibility": -1, "drawOrder": null, "icon": null }, "geometry": { "type": "Point", "coordinates": [ 80.16937, 13.10329 ] } },
{ "type": "Feature", "properties": { "name": null, "layer": "schools", "id": null, "Name": null, "description": null, "timestamp": null, "begin": null, "end": null, "altitudeMode": null, "tessellate": -1, "extrude": 0, "visibility": -1, "drawOrder": null, "icon": null }, "geometry": { "type": "Point", "coordinates": [ 80.15322, 13.10531 ] } },
{ "type": "Feature", "properties": { "name": null, "layer": "schools", "id": null, "Name": null, "description": null, "timestamp": null, "begin": null, "end": null, "altitudeMode": null, "tessellate": -1, "extrude": 0, "visibility": -1, "drawOrder": null, "icon": null }, "geometry": { "type": "Point", "coordinates": [ 80.19608, 13.10208 ] } },
{ "type": "Feature", "properties": { "name": null, "layer": "schools", "id": null, "Name": null, "description": null, "timestamp": null, "begin": null, "end": null, "altitudeMode": null, "tessellate": -1, "extrude": 0, "visibility": -1, "drawOrder": null, "icon": null }, "geometry": { "type": "Point", "coordinates": [ 80.17242, 13.10072 ] } },
{ "type": "Feature", "properties": { "name": null, "layer": "schools", "id": null, "Name": null, "description": null, "timestamp": null, "begin": null, "end": null, "altitudeMode": null, "tessellate": -1, "extrude": 0, "visibility": -1, "drawOrder": null, "icon": null }, "geometry": { "type": "Point", "coordinates": [ 80.17577, 13.09869 ] } },
{ "type": "Feature", "properties": { "name": null, "layer": "schools", "id": null, "Name": null, "description": null, "timestamp": null, "begin": null, "end": null, "altitudeMode": null, "tessellate": -1, "extrude": 0, "visibility": -1, "drawOrder": null, "icon": null }, "geometry": { "type": "Point", "coordinates": [ 80.14635, 13.08845 ] } },
{ "type": "Feature", "properties": { "name": null, "layer": "schools", "id": null, "Name": null, "description": null, "timestamp": null, "begin": null, "end": null, "altitudeMode": null, "tessellate": -1, "extrude": 0, "visibility": -1, "drawOrder": null, "icon": null }, "geometry": { "type": "Point", "coordinates": [ 80.15924, 13.09333 ] } },
{ "type": "Feature", "properties": { "name": null, "layer": "schools", "id": null, "Name": null, "description": null, "timestamp": null, "begin": null, "end": null, "altitudeMode": null, "tessellate": -1, "extrude": 0, "visibility": -1, "drawOrder": null, "icon": null }, "geometry": { "type": "Point", "coordinates": [ 80.15817, 13.0817 ] } },
{ "type": "Feature", "properties": { "name": null, "layer": "schools", "id": null, "Name": null, "description": null, "timestamp": null, "begin": null, "end": null, "altitudeMode": null, "tessellate": -1, "extrude": 0, "visibility": -1, "drawOrder": null, "icon": null }, "geometry": { "type": "Point", "coordinates": [ 80.15033, 13.09429 ] } },
{ "type": "Feature", "properties": { "name": null, "layer": "schools", "id": null, "Name": null, "description": null, "timestamp": null, "begin": null, "end": null, "altitudeMode": null, "tessellate": -1, "extrude": 0, "visibility": -1, "drawOrder": null, "icon": null }, "geometry": { "type": "Point", "coordinates": [ 80.15236, 13.09321 ] } },
{ "type": "Feature", "properties": { "name": null, "layer": "schools", "id": null, "Name": null, "description": null, "timestamp": null, "begin": null, "end": null, "altitudeMode": null, "tessellate": -1, "extrude": 0, "visibility": -1, "drawOrder": null, "icon": null }, "geometry": { "type": "Point", "coordinates": [ 80.17191, 13.09986 ] } },
{ "type": "Feature", "properties": { "name": null, "layer": "schools", "id": null, "Name": null, "description": null, "timestamp": null, "begin": null, "end": null, "altitudeMode": null, "tessellate": -1, "extrude": 0, "visibility": -1, "drawOrder": null, "icon": null }, "geometry": { "type": "Point", "coordinates": [ 80.14986, 13.0921 ] } },
{ "type": "Feature", "properties": { "name": null, "layer": "schools", "id": null, "Name": null, "description": null, "timestamp": null, "begin": null, "end": null, "altitudeMode": null, "tessellate": -1, "extrude": 0, "visibility": -1, "drawOrder": null, "icon": null }, "geometry": { "type": "Point", "coordinates": [ 80.14843, 13.08943 ] } },
{ "type": "Feature", "properties": { "name": null, "layer": "schools", "id": null, "Name": null, "description": null, "timestamp": null, "begin": null, "end": null, "altitudeMode": null, "tessellate": -1, "extrude": 0, "visibility": -1, "drawOrder": null, "icon": null }, "geometry": { "type": "Point", "coordinates": [ 80.15914, 13.09318 ] } },
{ "type": "Feature", "properties": { "name": null, "layer": "schools", "id": null, "Name": null, "description": null, "timestamp": null, "begin": null, "end": null, "altitudeMode": null, "tessellate": -1, "extrude": 0, "visibility": -1, "drawOrder": null, "icon": null }, "geometry": { "type": "Point", "coordinates": [ 80.14602, 13.09602 ] } },
{ "type": "Feature", "properties": { "name": null, "layer": "schools", "id": null, "Name": null, "description": null, "timestamp": null, "begin": null, "end": null, "altitudeMode": null, "tessellate": -1, "extrude": 0, "visibility": -1, "drawOrder": null, "icon": null }, "geometry": { "type": "Point", "coordinates": [ 80.15959, 13.08379 ] } },
{ "type": "Feature", "properties": { "name": null, "layer": "schools", "id": null, "Name": null, "description": null, "timestamp": null, "begin": null, "end": null, "altitudeMode": null, "tessellate": -1, "extrude": 0, "visibility": -1, "drawOrder": null, "icon": null }, "geometry": { "type": "Point", "coordinates": [ 80.18493, 13.09418 ] } },
{ "type": "Feature", "properties": { "name": null, "layer": "schools", "id": null, "Name": null, "description": null, "timestamp": null, "begin": null, "end": null, "altitudeMode": null, "tessellate": -1, "extrude": 0, "visibility": -1, "drawOrder": null, "icon": null }, "geometry": { "type": "Point", "coordinates": [ 80.18178, 13.09733 ] } },
{ "type": "Feature", "properties": { "name": null, "layer": "schools", "id": null, "Name": null, "description": null, "timestamp": null, "begin": null, "end": null, "altitudeMode": null, "tessellate": -1, "extrude": 0, "visibility": -1, "drawOrder": null, "icon": null }, "geometry": { "type": "Point", "coordinates": [ 80.18722, 13.09589 ] } },
{ "type": "Feature", "properties": { "name": null, "layer": "schools", "id": null, "Name": null, "description": null, "timestamp": null, "begin": null, "end": null, "altitudeMode": null, "tessellate": -1, "extrude": 0, "visibility": -1, "drawOrder": null, "icon": null }, "geometry": { "type": "Point", "coordinates": [ 80.17792, 13.09411 ] } },
{ "type": "Feature", "properties": { "name": null, "layer": "schools", "id": null, "Name": null, "description": null, "timestamp": null, "begin": null, "end": null, "altitudeMode": null, "tessellate": -1, "extrude": 0, "visibility": -1, "drawOrder": null, "icon": null }, "geometry": { "type": "Point", "coordinates": [ 80.1865, 13.09731 ] } },
{ "type": "Feature", "properties": { "name": null, "layer": "schools", "id": null, "Name": null, "description": null, "timestamp": null, "begin": null, "end": null, "altitudeMode": null, "tessellate": -1, "extrude": 0, "visibility": -1, "drawOrder": null, "icon": null }, "geometry": { "type": "Point", "coordinates": [ 80.18155, 13.09759 ] } },
{ "type": "Feature", "properties": { "name": null, "layer": "schools", "id": null, "Name": null, "description": null, "timestamp": null, "begin": null, "end": null, "altitudeMode": null, "tessellate": -1, "extrude": 0, "visibility": -1, "drawOrder": null, "icon": null }, "geometry": { "type": "Point", "coordinates": [ 80.18174, 13.09758 ] } },
{ "type": "Feature", "properties": { "name": null, "layer": "schools", "id": null, "Name": null, "description": null, "timestamp": null, "begin": null, "end": null, "altitudeMode": null, "tessellate": -1, "extrude": 0, "visibility": -1, "drawOrder": null, "icon": null }, "geometry": { "type": "Point", "coordinates": [ 80.18838, 13.09037 ] } },
{ "type": "Feature", "properties": { "name": null, "layer": "schools", "id": null, "Name": null, "description": null, "timestamp": null, "begin": null, "end": null, "altitudeMode": null, "tessellate": -1, "extrude": 0, "visibility": -1, "drawOrder": null, "icon": null }, "geometry": { "type": "Point", "coordinates": [ 80.1856, 13.0984 ] } },
{ "type": "Feature", "properties": { "name": null, "layer": "schools", "id": null, "Name": null, "description": null, "timestamp": null, "begin": null, "end": null, "altitudeMode": null, "tessellate": -1, "extrude": 0, "visibility": -1, "drawOrder": null, "icon": null }, "geometry": { "type": "Point", "coordinates": [ 80.19042, 13.095 ] } },
{ "type": "Feature", "properties": { "name": null, "layer": "schools", "id": null, "Name": null, "description": null, "timestamp": null, "begin": null, "end": null, "altitudeMode": null, "tessellate": -1, "extrude": 0, "visibility": -1, "drawOrder": null, "icon": null }, "geometry": { "type": "Point", "coordinates": [ 80.18215, 13.08865 ] } },
{ "type": "Feature", "properties": { "name": null, "layer": "schools", "id": null, "Name": null, "description": null, "timestamp": null, "begin": null, "end": null, "altitudeMode": null, "tessellate": -1, "extrude": 0, "visibility": -1, "drawOrder": null, "icon": null }, "geometry": { "type": "Point", "coordinates": [ 80.18195, 13.0942 ] } },
{ "type": "Feature", "properties": { "name": null, "layer": "schools", "id": null, "Name": null, "description": null, "timestamp": null, "begin": null, "end": null, "altitudeMode": null, "tessellate": -1, "extrude": 0, "visibility": -1, "drawOrder": null, "icon": null }, "geometry": { "type": "Point", "coordinates": [ 80.17914, 13.09311 ] } },
{ "type": "Feature", "properties": { "name": null, "layer": "schools", "id": null, "Name": null, "description": null, "timestamp": null, "begin": null, "end": null, "altitudeMode": null, "tessellate": -1, "extrude": 0, "visibility": -1, "drawOrder": null, "icon": null }, "geometry": { "type": "Point", "coordinates": [ 80.18837, 13.08919 ] } },
{ "type": "Feature", "properties": { "name": null, "layer": "schools", "id": null, "Name": null, "description": null, "timestamp": null, "begin": null, "end": null, "altitudeMode": null, "tessellate": -1, "extrude": 0, "visibility": -1, "drawOrder": null, "icon": null }, "geometry": { "type": "Point", "coordinates": [ 80.19156, 13.09499 ] } },
{ "type": "Feature", "properties": { "name": null, "layer": "schools", "id": null, "Name": null, "description": null, "timestamp": null, "begin": null, "end": null, "altitudeMode": null, "tessellate": -1, "extrude": 0, "visibility": -1, "drawOrder": null, "icon": null }, "geometry": { "type": "Point", "coordinates": [ 80.17907, 13.08786 ] } },
{ "type": "Feature", "properties": { "name": null, "layer": "schools", "id": null, "Name": null, "description": null, "timestamp": null, "begin": null, "end": null, "altitudeMode": null, "tessellate": -1, "extrude": 0, "visibility": -1, "drawOrder": null, "icon": null }, "geometry": { "type": "Point", "coordinates": [ 80.18987, 13.08889 ] } },
{ "type": "Feature", "properties": { "name": null, "layer": "schools", "id": null, "Name": null, "description": null, "timestamp": null, "begin": null, "end": null, "altitudeMode": null, "tessellate": -1, "extrude": 0, "visibility": -1, "drawOrder": null, "icon": null }, "geometry": { "type": "Point", "coordinates": [ 80.18472, 13.09017 ] } },
{ "type": "Feature", "properties": { "name": null, "layer": "schools", "id": null, "Name": null, "description": null, "timestamp": null, "begin": null, "end": null, "altitudeMode": null, "tessellate": -1, "extrude": 0, "visibility": -1, "drawOrder": null, "icon": null }, "geometry": { "type": "Point", "coordinates": [ 80.1788, 13.09023 ] } },
{ "type": "Feature", "properties": { "name": null, "layer": "schools", "id": null, "Name": null, "description": null, "timestamp": null, "begin": null, "end": null, "altitudeMode": null, "tessellate": -1, "extrude": 0, "visibility": -1, "drawOrder": null, "icon": null }, "geometry": { "type": "Point", "coordinates": [ 80.19052, 13.08848 ] } },
{ "type": "Feature", "properties": { "name": null, "layer": "schools", "id": null, "Name": null, "description": null, "timestamp": null, "begin": null, "end": null, "altitudeMode": null, "tessellate": -1, "extrude": 0, "visibility": -1, "drawOrder": null, "icon": null }, "geometry": { "type": "Point", "coordinates": [ 80.30135, 13.16435 ] } },
{ "type": "Feature", "properties": { "name": null, "layer": "schools", "id": null, "Name": null, "description": null, "timestamp": null, "begin": null, "end": null, "altitudeMode": null, "tessellate": -1, "extrude": 0, "visibility": -1, "drawOrder": null, "icon": null }, "geometry": { "type": "Point", "coordinates": [ 80.30311, 13.16246 ] } },
{ "type": "Feature", "properties": { "name": null, "layer": "schools", "id": null, "Name": null, "description": null, "timestamp": null, "begin": null, "end": null, "altitudeMode": null, "tessellate": -1, "extrude": 0, "visibility": -1, "drawOrder": null, "icon": null }, "geometry": { "type": "Point", "coordinates": [ 80.30371, 13.16043 ] } },
{ "type": "Feature", "properties": { "name": null, "layer": "schools", "id": null, "Name": null, "description": null, "timestamp": null, "begin": null, "end": null, "altitudeMode": null, "tessellate": -1, "extrude": 0, "visibility": -1, "drawOrder": null, "icon": null }, "geometry": { "type": "Point", "coordinates": [ 80.30786, 13.16188 ] } },
{ "type": "Feature", "properties": { "name": null, "layer": "schools", "id": null, "Name": null, "description": null, "timestamp": null, "begin": null, "end": null, "altitudeMode": null, "tessellate": -1, "extrude": 0, "visibility": -1, "drawOrder": null, "icon": null }, "geometry": { "type": "Point", "coordinates": [ 80.30153, 13.16236 ] } },
{ "type": "Feature", "properties": { "name": null, "layer": "schools", "id": null, "Name": null, "description": null, "timestamp": null, "begin": null, "end": null, "altitudeMode": null, "tessellate": -1, "extrude": 0, "visibility": -1, "drawOrder": null, "icon": null }, "geometry": { "type": "Point", "coordinates": [ 80.30481, 13.16473 ] } },
{ "type": "Feature", "properties": { "name": null, "layer": "schools", "id": null, "Name": null, "description": null, "timestamp": null, "begin": null, "end": null, "altitudeMode": null, "tessellate": -1, "extrude": 0, "visibility": -1, "drawOrder": null, "icon": null }, "geometry": { "type": "Point", "coordinates": [ 80.19536, 13.0865 ] } },
{ "type": "Feature", "properties": { "name": null, "layer": "schools", "id": null, "Name": null, "description": null, "timestamp": null, "begin": null, "end": null, "altitudeMode": null, "tessellate": -1, "extrude": 0, "visibility": -1, "drawOrder": null, "icon": null }, "geometry": { "type": "Point", "coordinates": [ 80.19776, 13.09088 ] } },
{ "type": "Feature", "properties": { "name": null, "layer": "schools", "id": null, "Name": null, "description": null, "timestamp": null, "begin": null, "end": null, "altitudeMode": null, "tessellate": -1, "extrude": 0, "visibility": -1, "drawOrder": null, "icon": null }, "geometry": { "type": "Point", "coordinates": [ 80.18932, 13.08359 ] } },
{ "type": "Feature", "properties": { "name": null, "layer": "schools", "id": null, "Name": null, "description": null, "timestamp": null, "begin": null, "end": null, "altitudeMode": null, "tessellate": -1, "extrude": 0, "visibility": -1, "drawOrder": null, "icon": null }, "geometry": { "type": "Point", "coordinates": [ 80.18892, 13.08542 ] } },
{ "type": "Feature", "properties": { "name": null, "layer": "schools", "id": null, "Name": null, "description": null, "timestamp": null, "begin": null, "end": null, "altitudeMode": null, "tessellate": -1, "extrude": 0, "visibility": -1, "drawOrder": null, "icon": null }, "geometry": { "type": "Point", "coordinates": [ 80.19003, 13.08187 ] } },
{ "type": "Feature", "properties": { "name": null, "layer": "schools", "id": null, "Name": null, "description": null, "timestamp": null, "begin": null, "end": null, "altitudeMode": null, "tessellate": -1, "extrude": 0, "visibility": -1, "drawOrder": null, "icon": null }, "geometry": { "type": "Point", "coordinates": [ 80.19555, 13.08876 ] } },
{ "type": "Feature", "properties": { "name": null, "layer": "schools", "id": null, "Name": null, "description": null, "timestamp": null, "begin": null, "end": null, "altitudeMode": null, "tessellate": -1, "extrude": 0, "visibility": -1, "drawOrder": null, "icon": null }, "geometry": { "type": "Point", "coordinates": [ 80.19782, 13.08197 ] } },
{ "type": "Feature", "properties": { "name": null, "layer": "schools", "id": null, "Name": null, "description": null, "timestamp": null, "begin": null, "end": null, "altitudeMode": null, "tessellate": -1, "extrude": 0, "visibility": -1, "drawOrder": null, "icon": null }, "geometry": { "type": "Point", "coordinates": [ 80.19329, 13.09505 ] } },
{ "type": "Feature", "properties": { "name": null, "layer": "schools", "id": null, "Name": null, "description": null, "timestamp": null, "begin": null, "end": null, "altitudeMode": null, "tessellate": -1, "extrude": 0, "visibility": -1, "drawOrder": null, "icon": null }, "geometry": { "type": "Point", "coordinates": [ 80.16786, 13.08284 ] } },
{ "type": "Feature", "properties": { "name": null, "layer": "schools", "id": null, "Name": null, "description": null, "timestamp": null, "begin": null, "end": null, "altitudeMode": null, "tessellate": -1, "extrude": 0, "visibility": -1, "drawOrder": null, "icon": null }, "geometry": { "type": "Point", "coordinates": [ 80.17513, 13.08015 ] } },
{ "type": "Feature", "properties": { "name": null, "layer": "schools", "id": null, "Name": null, "description": null, "timestamp": null, "begin": null, "end": null, "altitudeMode": null, "tessellate": -1, "extrude": 0, "visibility": -1, "drawOrder": null, "icon": null }, "geometry": { "type": "Point", "coordinates": [ 80.17157, 13.08396 ] } },
{ "type": "Feature", "properties": { "name": null, "layer": "schools", "id": null, "Name": null, "description": null, "timestamp": null, "begin": null, "end": null, "altitudeMode": null, "tessellate": -1, "extrude": 0, "visibility": -1, "drawOrder": null, "icon": null }, "geometry": { "type": "Point", "coordinates": [ 80.16587, 13.08215 ] } },
{ "type": "Feature", "properties": { "name": null, "layer": "schools", "id": null, "Name": null, "description": null, "timestamp": null, "begin": null, "end": null, "altitudeMode": null, "tessellate": -1, "extrude": 0, "visibility": -1, "drawOrder": null, "icon": null }, "geometry": { "type": "Point", "coordinates": [ 80.16403, 13.08342 ] } },
{ "type": "Feature", "properties": { "name": null, "layer": "schools", "id": null, "Name": null, "description": null, "timestamp": null, "begin": null, "end": null, "altitudeMode": null, "tessellate": -1, "extrude": 0, "visibility": -1, "drawOrder": null, "icon": null }, "geometry": { "type": "Point", "coordinates": [ 80.18041, 13.07512 ] } },
{ "type": "Feature", "properties": { "name": null, "layer": "schools", "id": null, "Name": null, "description": null, "timestamp": null, "begin": null, "end": null, "altitudeMode": null, "tessellate": -1, "extrude": 0, "visibility": -1, "drawOrder": null, "icon": null }, "geometry": { "type": "Point", "coordinates": [ 80.17518, 13.07907 ] } },
{ "type": "Feature", "properties": { "name": null, "layer": "schools", "id": null, "Name": null, "description": null, "timestamp": null, "begin": null, "end": null, "altitudeMode": null, "tessellate": -1, "extrude": 0, "visibility": -1, "drawOrder": null, "icon": null }, "geometry": { "type": "Point", "coordinates": [ 80.17587, 13.08195 ] } },
{ "type": "Feature", "properties": { "name": null, "layer": "schools", "id": null, "Name": null, "description": null, "timestamp": null, "begin": null, "end": null, "altitudeMode": null, "tessellate": -1, "extrude": 0, "visibility": -1, "drawOrder": null, "icon": null }, "geometry": { "type": "Point", "coordinates": [ 80.1676, 13.0849 ] } },
{ "type": "Feature", "properties": { "name": null, "layer": "schools", "id": null, "Name": null, "description": null, "timestamp": null, "begin": null, "end": null, "altitudeMode": null, "tessellate": -1, "extrude": 0, "visibility": -1, "drawOrder": null, "icon": null }, "geometry": { "type": "Point", "coordinates": [ 80.1674, 13.0854 ] } },
{ "type": "Feature", "properties": { "name": null, "layer": "schools", "id": null, "Name": null, "description": null, "timestamp": null, "begin": null, "end": null, "altitudeMode": null, "tessellate": -1, "extrude": 0, "visibility": -1, "drawOrder": null, "icon": null }, "geometry": { "type": "Point", "coordinates": [ 80.17411, 13.08483 ] } },
{ "type": "Feature", "properties": { "name": null, "layer": "schools", "id": null, "Name": null, "description": null, "timestamp": null, "begin": null, "end": null, "altitudeMode": null, "tessellate": -1, "extrude": 0, "visibility": -1, "drawOrder": null, "icon": null }, "geometry": { "type": "Point", "coordinates": [ 80.18099, 13.07385 ] } },
{ "type": "Feature", "properties": { "name": null, "layer": "schools", "id": null, "Name": null, "description": null, "timestamp": null, "begin": null, "end": null, "altitudeMode": null, "tessellate": -1, "extrude": 0, "visibility": -1, "drawOrder": null, "icon": null }, "geometry": { "type": "Point", "coordinates": [ 80.17986, 13.08657 ] } },
{ "type": "Feature", "properties": { "name": null, "layer": "schools", "id": null, "Name": null, "description": null, "timestamp": null, "begin": null, "end": null, "altitudeMode": null, "tessellate": -1, "extrude": 0, "visibility": -1, "drawOrder": null, "icon": null }, "geometry": { "type": "Point", "coordinates": [ 80.1818, 13.08287 ] } },
{ "type": "Feature", "properties": { "name": null, "layer": "schools", "id": null, "Name": null, "description": null, "timestamp": null, "begin": null, "end": null, "altitudeMode": null, "tessellate": -1, "extrude": 0, "visibility": -1, "drawOrder": null, "icon": null }, "geometry": { "type": "Point", "coordinates": [ 80.18192, 13.08404 ] } },
{ "type": "Feature", "properties": { "name": null, "layer": "schools", "id": null, "Name": null, "description": null, "timestamp": null, "begin": null, "end": null, "altitudeMode": null, "tessellate": -1, "extrude": 0, "visibility": -1, "drawOrder": null, "icon": null }, "geometry": { "type": "Point", "coordinates": [ 80.18205, 13.08131 ] } },
{ "type": "Feature", "properties": { "name": null, "layer": "schools", "id": null, "Name": null, "description": null, "timestamp": null, "begin": null, "end": null, "altitudeMode": null, "tessellate": -1, "extrude": 0, "visibility": -1, "drawOrder": null, "icon": null }, "geometry": { "type": "Point", "coordinates": [ 80.18266, 13.08641 ] } },
{ "type": "Feature", "properties": { "name": null, "layer": "schools", "id": null, "Name": null, "description": null, "timestamp": null, "begin": null, "end": null, "altitudeMode": null, "tessellate": -1, "extrude": 0, "visibility": -1, "drawOrder": null, "icon": null }, "geometry": { "type": "Point", "coordinates": [ 80.17211, 13.0857 ] } },
{ "type": "Feature", "properties": { "name": null, "layer": "schools", "id": null, "Name": null, "description": null, "timestamp": null, "begin": null, "end": null, "altitudeMode": null, "tessellate": -1, "extrude": 0, "visibility": -1, "drawOrder": null, "icon": null }, "geometry": { "type": "Point", "coordinates": [ 80.18084, 13.08473 ] } },
{ "type": "Feature", "properties": { "name": null, "layer": "schools", "id": null, "Name": null, "description": null, "timestamp": null, "begin": null, "end": null, "altitudeMode": null, "tessellate": -1, "extrude": 0, "visibility": -1, "drawOrder": null, "icon": null }, "geometry": { "type": "Point", "coordinates": [ 80.18206, 13.07977 ] } },
{ "type": "Feature", "properties": { "name": null, "layer": "schools", "id": null, "Name": null, "description": null, "timestamp": null, "begin": null, "end": null, "altitudeMode": null, "tessellate": -1, "extrude": 0, "visibility": -1, "drawOrder": null, "icon": null }, "geometry": { "type": "Point", "coordinates": [ 80.1801, 13.0852 ] } },
{ "type": "Feature", "properties": { "name": null, "layer": "schools", "id": null, "Name": null, "description": null, "timestamp": null, "begin": null, "end": null, "altitudeMode": null, "tessellate": -1, "extrude": 0, "visibility": -1, "drawOrder": null, "icon": null }, "geometry": { "type": "Point", "coordinates": [ 80.18266, 13.07936 ] } },
{ "type": "Feature", "properties": { "name": null, "layer": "schools", "id": null, "Name": null, "description": null, "timestamp": null, "begin": null, "end": null, "altitudeMode": null, "tessellate": -1, "extrude": 0, "visibility": -1, "drawOrder": null, "icon": null }, "geometry": { "type": "Point", "coordinates": [ 80.18083, 13.08249 ] } },
{ "type": "Feature", "properties": { "name": null, "layer": "schools", "id": null, "Name": null, "description": null, "timestamp": null, "begin": null, "end": null, "altitudeMode": null, "tessellate": -1, "extrude": 0, "visibility": -1, "drawOrder": null, "icon": null }, "geometry": { "type": "Point", "coordinates": [ 80.18869, 13.08459 ] } },
{ "type": "Feature", "properties": { "name": null, "layer": "schools", "id": null, "Name": null, "description": null, "timestamp": null, "begin": null, "end": null, "altitudeMode": null, "tessellate": -1, "extrude": 0, "visibility": -1, "drawOrder": null, "icon": null }, "geometry": { "type": "Point", "coordinates": [ 80.18592, 13.08044 ] } },
{ "type": "Feature", "properties": { "name": null, "layer": "schools", "id": null, "Name": null, "description": null, "timestamp": null, "begin": null, "end": null, "altitudeMode": null, "tessellate": -1, "extrude": 0, "visibility": -1, "drawOrder": null, "icon": null }, "geometry": { "type": "Point", "coordinates": [ 80.18673, 13.08325 ] } },
{ "type": "Feature", "properties": { "name": null, "layer": "schools", "id": null, "Name": null, "description": null, "timestamp": null, "begin": null, "end": null, "altitudeMode": null, "tessellate": -1, "extrude": 0, "visibility": -1, "drawOrder": null, "icon": null }, "geometry": { "type": "Point", "coordinates": [ 80.18462, 13.08296 ] } },
{ "type": "Feature", "properties": { "name": null, "layer": "schools", "id": null, "Name": null, "description": null, "timestamp": null, "begin": null, "end": null, "altitudeMode": null, "tessellate": -1, "extrude": 0, "visibility": -1, "drawOrder": null, "icon": null }, "geometry": { "type": "Point", "coordinates": [ 80.18888, 13.07629 ] } },
{ "type": "Feature", "properties": { "name": null, "layer": "schools", "id": null, "Name": null, "description": null, "timestamp": null, "begin": null, "end": null, "altitudeMode": null, "tessellate": -1, "extrude": 0, "visibility": -1, "drawOrder": null, "icon": null }, "geometry": { "type": "Point", "coordinates": [ 80.18603, 13.08188 ] } },
{ "type": "Feature", "properties": { "name": null, "layer": "schools", "id": null, "Name": null, "description": null, "timestamp": null, "begin": null, "end": null, "altitudeMode": null, "tessellate": -1, "extrude": 0, "visibility": -1, "drawOrder": null, "icon": null }, "geometry": { "type": "Point", "coordinates": [ 80.18576, 13.08436 ] } },
{ "type": "Feature", "properties": { "name": null, "layer": "schools", "id": null, "Name": null, "description": null, "timestamp": null, "begin": null, "end": null, "altitudeMode": null, "tessellate": -1, "extrude": 0, "visibility": -1, "drawOrder": null, "icon": null }, "geometry": { "type": "Point", "coordinates": [ 80.1895, 13.0779 ] } },
{ "type": "Feature", "properties": { "name": null, "layer": "schools", "id": null, "Name": null, "description": null, "timestamp": null, "begin": null, "end": null, "altitudeMode": null, "tessellate": -1, "extrude": 0, "visibility": -1, "drawOrder": null, "icon": null }, "geometry": { "type": "Point", "coordinates": [ 80.1872, 13.07941 ] } },
{ "type": "Feature", "properties": { "name": null, "layer": "schools", "id": null, "Name": null, "description": null, "timestamp": null, "begin": null, "end": null, "altitudeMode": null, "tessellate": -1, "extrude": 0, "visibility": -1, "drawOrder": null, "icon": null }, "geometry": { "type": "Point", "coordinates": [ 80.18571, 13.0837 ] } },
{ "type": "Feature", "properties": { "name": null, "layer": "schools", "id": null, "Name": null, "description": null, "timestamp": null, "begin": null, "end": null, "altitudeMode": null, "tessellate": -1, "extrude": 0, "visibility": -1, "drawOrder": null, "icon": null }, "geometry": { "type": "Point", "coordinates": [ 80.1855, 13.08671 ] } },
{ "type": "Feature", "properties": { "name": null, "layer": "schools", "id": null, "Name": null, "description": null, "timestamp": null, "begin": null, "end": null, "altitudeMode": null, "tessellate": -1, "extrude": 0, "visibility": -1, "drawOrder": null, "icon": null }, "geometry": { "type": "Point", "coordinates": [ 80.18899, 13.07601 ] } },
{ "type": "Feature", "properties": { "name": null, "layer": "schools", "id": null, "Name": null, "description": null, "timestamp": null, "begin": null, "end": null, "altitudeMode": null, "tessellate": -1, "extrude": 0, "visibility": -1, "drawOrder": null, "icon": null }, "geometry": { "type": "Point", "coordinates": [ 80.18796, 13.07956 ] } },
{ "type": "Feature", "properties": { "name": null, "layer": "schools", "id": null, "Name": null, "description": null, "timestamp": null, "begin": null, "end": null, "altitudeMode": null, "tessellate": -1, "extrude": 0, "visibility": -1, "drawOrder": null, "icon": null }, "geometry": { "type": "Point", "coordinates": [ 80.19841, 13.10735 ] } },
{ "type": "Feature", "properties": { "name": null, "layer": "schools", "id": null, "Name": null, "description": null, "timestamp": null, "begin": null, "end": null, "altitudeMode": null, "tessellate": -1, "extrude": 0, "visibility": -1, "drawOrder": null, "icon": null }, "geometry": { "type": "Point", "coordinates": [ 80.2045, 13.11763 ] } },
{ "type": "Feature", "properties": { "name": null, "layer": "schools", "id": null, "Name": null, "description": null, "timestamp": null, "begin": null, "end": null, "altitudeMode": null, "tessellate": -1, "extrude": 0, "visibility": -1, "drawOrder": null, "icon": null }, "geometry": { "type": "Point", "coordinates": [ 80.20297, 13.10567 ] } },
{ "type": "Feature", "properties": { "name": null, "layer": "schools", "id": null, "Name": null, "description": null, "timestamp": null, "begin": null, "end": null, "altitudeMode": null, "tessellate": -1, "extrude": 0, "visibility": -1, "drawOrder": null, "icon": null }, "geometry": { "type": "Point", "coordinates": [ 80.20376, 13.11558 ] } },
{ "type": "Feature", "properties": { "name": null, "layer": "schools", "id": null, "Name": null, "description": null, "timestamp": null, "begin": null, "end": null, "altitudeMode": null, "tessellate": -1, "extrude": 0, "visibility": -1, "drawOrder": null, "icon": null }, "geometry": { "type": "Point", "coordinates": [ 80.20681, 13.10844 ] } },
{ "type": "Feature", "properties": { "name": null, "layer": "schools", "id": null, "Name": null, "description": null, "timestamp": null, "begin": null, "end": null, "altitudeMode": null, "tessellate": -1, "extrude": 0, "visibility": -1, "drawOrder": null, "icon": null }, "geometry": { "type": "Point", "coordinates": [ 80.20318, 13.1048 ] } },
{ "type": "Feature", "properties": { "name": null, "layer": "schools", "id": null, "Name": null, "description": null, "timestamp": null, "begin": null, "end": null, "altitudeMode": null, "tessellate": -1, "extrude": 0, "visibility": -1, "drawOrder": null, "icon": null }, "geometry": { "type": "Point", "coordinates": [ 80.20538, 13.10824 ] } },
{ "type": "Feature", "properties": { "name": null, "layer": "schools", "id": null, "Name": null, "description": null, "timestamp": null, "begin": null, "end": null, "altitudeMode": null, "tessellate": -1, "extrude": 0, "visibility": -1, "drawOrder": null, "icon": null }, "geometry": { "type": "Point", "coordinates": [ 80.20735, 13.10542 ] } },
{ "type": "Feature", "properties": { "name": null, "layer": "schools", "id": null, "Name": null, "description": null, "timestamp": null, "begin": null, "end": null, "altitudeMode": null, "tessellate": -1, "extrude": 0, "visibility": -1, "drawOrder": null, "icon": null }, "geometry": { "type": "Point", "coordinates": [ 80.20061, 13.10619 ] } },
{ "type": "Feature", "properties": { "name": null, "layer": "schools", "id": null, "Name": null, "description": null, "timestamp": null, "begin": null, "end": null, "altitudeMode": null, "tessellate": -1, "extrude": 0, "visibility": -1, "drawOrder": null, "icon": null }, "geometry": { "type": "Point", "coordinates": [ 80.2061, 13.10427 ] } },
{ "type": "Feature", "properties": { "name": null, "layer": "schools", "id": null, "Name": null, "description": null, "timestamp": null, "begin": null, "end": null, "altitudeMode": null, "tessellate": -1, "extrude": 0, "visibility": -1, "drawOrder": null, "icon": null }, "geometry": { "type": "Point", "coordinates": [ 80.20538, 13.10824 ] } },
{ "type": "Feature", "properties": { "name": null, "layer": "schools", "id": null, "Name": null, "description": null, "timestamp": null, "begin": null, "end": null, "altitudeMode": null, "tessellate": -1, "extrude": 0, "visibility": -1, "drawOrder": null, "icon": null }, "geometry": { "type": "Point", "coordinates": [ 80.20108, 13.11404 ] } },
{ "type": "Feature", "properties": { "name": null, "layer": "schools", "id": null, "Name": null, "description": null, "timestamp": null, "begin": null, "end": null, "altitudeMode": null, "tessellate": -1, "extrude": 0, "visibility": -1, "drawOrder": null, "icon": null }, "geometry": { "type": "Point", "coordinates": [ 80.20543, 13.11346 ] } },
{ "type": "Feature", "properties": { "name": null, "layer": "schools", "id": null, "Name": null, "description": null, "timestamp": null, "begin": null, "end": null, "altitudeMode": null, "tessellate": -1, "extrude": 0, "visibility": -1, "drawOrder": null, "icon": null }, "geometry": { "type": "Point", "coordinates": [ 80.20002, 13.10373 ] } },
{ "type": "Feature", "properties": { "name": null, "layer": "schools", "id": null, "Name": null, "description": null, "timestamp": null, "begin": null, "end": null, "altitudeMode": null, "tessellate": -1, "extrude": 0, "visibility": -1, "drawOrder": null, "icon": null }, "geometry": { "type": "Point", "coordinates": [ 80.20842, 13.10564 ] } },
{ "type": "Feature", "properties": { "name": null, "layer": "schools", "id": null, "Name": null, "description": null, "timestamp": null, "begin": null, "end": null, "altitudeMode": null, "tessellate": -1, "extrude": 0, "visibility": -1, "drawOrder": null, "icon": null }, "geometry": { "type": "Point", "coordinates": [ 80.20118, 13.11027 ] } },
{ "type": "Feature", "properties": { "name": null, "layer": "schools", "id": null, "Name": null, "description": null, "timestamp": null, "begin": null, "end": null, "altitudeMode": null, "tessellate": -1, "extrude": 0, "visibility": -1, "drawOrder": null, "icon": null }, "geometry": { "type": "Point", "coordinates": [ 80.20864, 13.11017 ] } },
{ "type": "Feature", "properties": { "name": null, "layer": "schools", "id": null, "Name": null, "description": null, "timestamp": null, "begin": null, "end": null, "altitudeMode": null, "tessellate": -1, "extrude": 0, "visibility": -1, "drawOrder": null, "icon": null }, "geometry": { "type": "Point", "coordinates": [ 80.20655, 13.10763 ] } },
{ "type": "Feature", "properties": { "name": null, "layer": "schools", "id": null, "Name": null, "description": null, "timestamp": null, "begin": null, "end": null, "altitudeMode": null, "tessellate": -1, "extrude": 0, "visibility": -1, "drawOrder": null, "icon": null }, "geometry": { "type": "Point", "coordinates": [ 80.20167, 13.10726 ] } },
{ "type": "Feature", "properties": { "name": null, "layer": "schools", "id": null, "Name": null, "description": null, "timestamp": null, "begin": null, "end": null, "altitudeMode": null, "tessellate": -1, "extrude": 0, "visibility": -1, "drawOrder": null, "icon": null }, "geometry": { "type": "Point", "coordinates": [ 80.20007, 13.10851 ] } },
{ "type": "Feature", "properties": { "name": null, "layer": "schools", "id": null, "Name": null, "description": null, "timestamp": null, "begin": null, "end": null, "altitudeMode": null, "tessellate": -1, "extrude": 0, "visibility": -1, "drawOrder": null, "icon": null }, "geometry": { "type": "Point", "coordinates": [ 80.23152, 13.10043 ] } },
{ "type": "Feature", "properties": { "name": null, "layer": "schools", "id": null, "Name": null, "description": null, "timestamp": null, "begin": null, "end": null, "altitudeMode": null, "tessellate": -1, "extrude": 0, "visibility": -1, "drawOrder": null, "icon": null }, "geometry": { "type": "Point", "coordinates": [ 80.23073, 13.10065 ] } },
{ "type": "Feature", "properties": { "name": null, "layer": "schools", "id": null, "Name": null, "description": null, "timestamp": null, "begin": null, "end": null, "altitudeMode": null, "tessellate": -1, "extrude": 0, "visibility": -1, "drawOrder": null, "icon": null }, "geometry": { "type": "Point", "coordinates": [ 80.23458, 13.09749 ] } },
{ "type": "Feature", "properties": { "name": null, "layer": "schools", "id": null, "Name": null, "description": null, "timestamp": null, "begin": null, "end": null, "altitudeMode": null, "tessellate": -1, "extrude": 0, "visibility": -1, "drawOrder": null, "icon": null }, "geometry": { "type": "Point", "coordinates": [ 80.22887, 13.10233 ] } },
{ "type": "Feature", "properties": { "name": null, "layer": "schools", "id": null, "Name": null, "description": null, "timestamp": null, "begin": null, "end": null, "altitudeMode": null, "tessellate": -1, "extrude": 0, "visibility": -1, "drawOrder": null, "icon": null }, "geometry": { "type": "Point", "coordinates": [ 80.23895, 13.09717 ] } },
{ "type": "Feature", "properties": { "name": null, "layer": "schools", "id": null, "Name": null, "description": null, "timestamp": null, "begin": null, "end": null, "altitudeMode": null, "tessellate": -1, "extrude": 0, "visibility": -1, "drawOrder": null, "icon": null }, "geometry": { "type": "Point", "coordinates": [ 80.2234, 13.09773 ] } },
{ "type": "Feature", "properties": { "name": null, "layer": "schools", "id": null, "Name": null, "description": null, "timestamp": null, "begin": null, "end": null, "altitudeMode": null, "tessellate": -1, "extrude": 0, "visibility": -1, "drawOrder": null, "icon": null }, "geometry": { "type": "Point", "coordinates": [ 80.23091, 13.09915 ] } },
{ "type": "Feature", "properties": { "name": null, "layer": "schools", "id": null, "Name": null, "description": null, "timestamp": null, "begin": null, "end": null, "altitudeMode": null, "tessellate": -1, "extrude": 0, "visibility": -1, "drawOrder": null, "icon": null }, "geometry": { "type": "Point", "coordinates": [ 80.2212, 13.1034 ] } },
{ "type": "Feature", "properties": { "name": null, "layer": "schools", "id": null, "Name": null, "description": null, "timestamp": null, "begin": null, "end": null, "altitudeMode": null, "tessellate": -1, "extrude": 0, "visibility": -1, "drawOrder": null, "icon": null }, "geometry": { "type": "Point", "coordinates": [ 80.23447, 13.09871 ] } },
{ "type": "Feature", "properties": { "name": null, "layer": "schools", "id": null, "Name": null, "description": null, "timestamp": null, "begin": null, "end": null, "altitudeMode": null, "tessellate": -1, "extrude": 0, "visibility": -1, "drawOrder": null, "icon": null }, "geometry": { "type": "Point", "coordinates": [ 80.22626, 13.09978 ] } },
{ "type": "Feature", "properties": { "name": null, "layer": "schools", "id": null, "Name": null, "description": null, "timestamp": null, "begin": null, "end": null, "altitudeMode": null, "tessellate": -1, "extrude": 0, "visibility": -1, "drawOrder": null, "icon": null }, "geometry": { "type": "Point", "coordinates": [ 80.21919, 13.10055 ] } },
{ "type": "Feature", "properties": { "name": null, "layer": "schools", "id": null, "Name": null, "description": null, "timestamp": null, "begin": null, "end": null, "altitudeMode": null, "tessellate": -1, "extrude": 0, "visibility": -1, "drawOrder": null, "icon": null }, "geometry": { "type": "Point", "coordinates": [ 80.22366, 13.10316 ] } },
{ "type": "Feature", "properties": { "name": null, "layer": "schools", "id": null, "Name": null, "description": null, "timestamp": null, "begin": null, "end": null, "altitudeMode": null, "tessellate": -1, "extrude": 0, "visibility": -1, "drawOrder": null, "icon": null }, "geometry": { "type": "Point", "coordinates": [ 80.22958, 13.09831 ] } },
{ "type": "Feature", "properties": { "name": null, "layer": "schools", "id": null, "Name": null, "description": null, "timestamp": null, "begin": null, "end": null, "altitudeMode": null, "tessellate": -1, "extrude": 0, "visibility": -1, "drawOrder": null, "icon": null }, "geometry": { "type": "Point", "coordinates": [ 80.23362, 13.09871 ] } },
{ "type": "Feature", "properties": { "name": null, "layer": "schools", "id": null, "Name": null, "description": null, "timestamp": null, "begin": null, "end": null, "altitudeMode": null, "tessellate": -1, "extrude": 0, "visibility": -1, "drawOrder": null, "icon": null }, "geometry": { "type": "Point", "coordinates": [ 80.23887, 13.0973 ] } },
{ "type": "Feature", "properties": { "name": null, "layer": "schools", "id": null, "Name": null, "description": null, "timestamp": null, "begin": null, "end": null, "altitudeMode": null, "tessellate": -1, "extrude": 0, "visibility": -1, "drawOrder": null, "icon": null }, "geometry": { "type": "Point", "coordinates": [ 80.23564, 13.10018 ] } },
{ "type": "Feature", "properties": { "name": null, "layer": "schools", "id": null, "Name": null, "description": null, "timestamp": null, "begin": null, "end": null, "altitudeMode": null, "tessellate": -1, "extrude": 0, "visibility": -1, "drawOrder": null, "icon": null }, "geometry": { "type": "Point", "coordinates": [ 80.22786, 13.10259 ] } },
{ "type": "Feature", "properties": { "name": null, "layer": "schools", "id": null, "Name": null, "description": null, "timestamp": null, "begin": null, "end": null, "altitudeMode": null, "tessellate": -1, "extrude": 0, "visibility": -1, "drawOrder": null, "icon": null }, "geometry": { "type": "Point", "coordinates": [ 80.22248, 13.0965 ] } },
{ "type": "Feature", "properties": { "name": null, "layer": "schools", "id": null, "Name": null, "description": null, "timestamp": null, "begin": null, "end": null, "altitudeMode": null, "tessellate": -1, "extrude": 0, "visibility": -1, "drawOrder": null, "icon": null }, "geometry": { "type": "Point", "coordinates": [ 80.23091, 13.09915 ] } },
{ "type": "Feature", "properties": { "name": null, "layer": "schools", "id": null, "Name": null, "description": null, "timestamp": null, "begin": null, "end": null, "altitudeMode": null, "tessellate": -1, "extrude": 0, "visibility": -1, "drawOrder": null, "icon": null }, "geometry": { "type": "Point", "coordinates": [ 80.23412, 13.09776 ] } },
{ "type": "Feature", "properties": { "name": null, "layer": "schools", "id": null, "Name": null, "description": null, "timestamp": null, "begin": null, "end": null, "altitudeMode": null, "tessellate": -1, "extrude": 0, "visibility": -1, "drawOrder": null, "icon": null }, "geometry": { "type": "Point", "coordinates": [ 80.21892, 13.10062 ] } },
{ "type": "Feature", "properties": { "name": null, "layer": "schools", "id": null, "Name": null, "description": null, "timestamp": null, "begin": null, "end": null, "altitudeMode": null, "tessellate": -1, "extrude": 0, "visibility": -1, "drawOrder": null, "icon": null }, "geometry": { "type": "Point", "coordinates": [ 80.23399, 13.09862 ] } },
{ "type": "Feature", "properties": { "name": null, "layer": "schools", "id": null, "Name": null, "description": null, "timestamp": null, "begin": null, "end": null, "altitudeMode": null, "tessellate": -1, "extrude": 0, "visibility": -1, "drawOrder": null, "icon": null }, "geometry": { "type": "Point", "coordinates": [ 80.23636, 13.09798 ] } },
{ "type": "Feature", "properties": { "name": null, "layer": "schools", "id": null, "Name": null, "description": null, "timestamp": null, "begin": null, "end": null, "altitudeMode": null, "tessellate": -1, "extrude": 0, "visibility": -1, "drawOrder": null, "icon": null }, "geometry": { "type": "Point", "coordinates": [ 80.22092, 13.10313 ] } },
{ "type": "Feature", "properties": { "name": null, "layer": "schools", "id": null, "Name": null, "description": null, "timestamp": null, "begin": null, "end": null, "altitudeMode": null, "tessellate": -1, "extrude": 0, "visibility": -1, "drawOrder": null, "icon": null }, "geometry": { "type": "Point", "coordinates": [ 80.23447, 13.09871 ] } },
{ "type": "Feature", "properties": { "name": null, "layer": "schools", "id": null, "Name": null, "description": null, "timestamp": null, "begin": null, "end": null, "altitudeMode": null, "tessellate": -1, "extrude": 0, "visibility": -1, "drawOrder": null, "icon": null }, "geometry": { "type": "Point", "coordinates": [ 80.2389, 13.09724 ] } },
{ "type": "Feature", "properties": { "name": null, "layer": "schools", "id": null, "Name": null, "description": null, "timestamp": null, "begin": null, "end": null, "altitudeMode": null, "tessellate": -1, "extrude": 0, "visibility": -1, "drawOrder": null, "icon": null }, "geometry": { "type": "Point", "coordinates": [ 80.23847, 13.09756 ] } },
{ "type": "Feature", "properties": { "name": null, "layer": "schools", "id": null, "Name": null, "description": null, "timestamp": null, "begin": null, "end": null, "altitudeMode": null, "tessellate": -1, "extrude": 0, "visibility": -1, "drawOrder": null, "icon": null }, "geometry": { "type": "Point", "coordinates": [ 80.22565, 13.09626 ] } },
{ "type": "Feature", "properties": { "name": null, "layer": "schools", "id": null, "Name": null, "description": null, "timestamp": null, "begin": null, "end": null, "altitudeMode": null, "tessellate": -1, "extrude": 0, "visibility": -1, "drawOrder": null, "icon": null }, "geometry": { "type": "Point", "coordinates": [ 80.22924, 13.09762 ] } },
{ "type": "Feature", "properties": { "name": null, "layer": "schools", "id": null, "Name": null, "description": null, "timestamp": null, "begin": null, "end": null, "altitudeMode": null, "tessellate": -1, "extrude": 0, "visibility": -1, "drawOrder": null, "icon": null }, "geometry": { "type": "Point", "coordinates": [ 80.22959, 13.0901 ] } },
{ "type": "Feature", "properties": { "name": null, "layer": "schools", "id": null, "Name": null, "description": null, "timestamp": null, "begin": null, "end": null, "altitudeMode": null, "tessellate": -1, "extrude": 0, "visibility": -1, "drawOrder": null, "icon": null }, "geometry": { "type": "Point", "coordinates": [ 80.23171, 13.09292 ] } },
{ "type": "Feature", "properties": { "name": null, "layer": "schools", "id": null, "Name": null, "description": null, "timestamp": null, "begin": null, "end": null, "altitudeMode": null, "tessellate": -1, "extrude": 0, "visibility": -1, "drawOrder": null, "icon": null }, "geometry": { "type": "Point", "coordinates": [ 80.22835, 13.09782 ] } },
{ "type": "Feature", "properties": { "name": null, "layer": "schools", "id": null, "Name": null, "description": null, "timestamp": null, "begin": null, "end": null, "altitudeMode": null, "tessellate": -1, "extrude": 0, "visibility": -1, "drawOrder": null, "icon": null }, "geometry": { "type": "Point", "coordinates": [ 80.23055, 13.09179 ] } },
{ "type": "Feature", "properties": { "name": null, "layer": "schools", "id": null, "Name": null, "description": null, "timestamp": null, "begin": null, "end": null, "altitudeMode": null, "tessellate": -1, "extrude": 0, "visibility": -1, "drawOrder": null, "icon": null }, "geometry": { "type": "Point", "coordinates": [ 80.22903, 13.09784 ] } },
{ "type": "Feature", "properties": { "name": null, "layer": "schools", "id": null, "Name": null, "description": null, "timestamp": null, "begin": null, "end": null, "altitudeMode": null, "tessellate": -1, "extrude": 0, "visibility": -1, "drawOrder": null, "icon": null }, "geometry": { "type": "Point", "coordinates": [ 80.23169, 13.09271 ] } },
{ "type": "Feature", "properties": { "name": null, "layer": "schools", "id": null, "Name": null, "description": null, "timestamp": null, "begin": null, "end": null, "altitudeMode": null, "tessellate": -1, "extrude": 0, "visibility": -1, "drawOrder": null, "icon": null }, "geometry": { "type": "Point", "coordinates": [ 80.22835, 13.09782 ] } },
{ "type": "Feature", "properties": { "name": null, "layer": "schools", "id": null, "Name": null, "description": null, "timestamp": null, "begin": null, "end": null, "altitudeMode": null, "tessellate": -1, "extrude": 0, "visibility": -1, "drawOrder": null, "icon": null }, "geometry": { "type": "Point", "coordinates": [ 80.23847, 13.09385 ] } },
{ "type": "Feature", "properties": { "name": null, "layer": "schools", "id": null, "Name": null, "description": null, "timestamp": null, "begin": null, "end": null, "altitudeMode": null, "tessellate": -1, "extrude": 0, "visibility": -1, "drawOrder": null, "icon": null }, "geometry": { "type": "Point", "coordinates": [ 80.23409, 13.09497 ] } },
{ "type": "Feature", "properties": { "name": null, "layer": "schools", "id": null, "Name": null, "description": null, "timestamp": null, "begin": null, "end": null, "altitudeMode": null, "tessellate": -1, "extrude": 0, "visibility": -1, "drawOrder": null, "icon": null }, "geometry": { "type": "Point", "coordinates": [ 80.24356, 13.08731 ] } },
{ "type": "Feature", "properties": { "name": null, "layer": "schools", "id": null, "Name": null, "description": null, "timestamp": null, "begin": null, "end": null, "altitudeMode": null, "tessellate": -1, "extrude": 0, "visibility": -1, "drawOrder": null, "icon": null }, "geometry": { "type": "Point", "coordinates": [ 80.24229, 13.08753 ] } },
{ "type": "Feature", "properties": { "name": null, "layer": "schools", "id": null, "Name": null, "description": null, "timestamp": null, "begin": null, "end": null, "altitudeMode": null, "tessellate": -1, "extrude": 0, "visibility": -1, "drawOrder": null, "icon": null }, "geometry": { "type": "Point", "coordinates": [ 80.20962, 13.08922 ] } },
{ "type": "Feature", "properties": { "name": null, "layer": "schools", "id": null, "Name": null, "description": null, "timestamp": null, "begin": null, "end": null, "altitudeMode": null, "tessellate": -1, "extrude": 0, "visibility": -1, "drawOrder": null, "icon": null }, "geometry": { "type": "Point", "coordinates": [ 80.20324, 13.09249 ] } },
{ "type": "Feature", "properties": { "name": null, "layer": "schools", "id": null, "Name": null, "description": null, "timestamp": null, "begin": null, "end": null, "altitudeMode": null, "tessellate": -1, "extrude": 0, "visibility": -1, "drawOrder": null, "icon": null }, "geometry": { "type": "Point", "coordinates": [ 80.20049, 13.08759 ] } },
{ "type": "Feature", "properties": { "name": null, "layer": "schools", "id": null, "Name": null, "description": null, "timestamp": null, "begin": null, "end": null, "altitudeMode": null, "tessellate": -1, "extrude": 0, "visibility": -1, "drawOrder": null, "icon": null }, "geometry": { "type": "Point", "coordinates": [ 80.19756, 13.08497 ] } },
{ "type": "Feature", "properties": { "name": null, "layer": "schools", "id": null, "Name": null, "description": null, "timestamp": null, "begin": null, "end": null, "altitudeMode": null, "tessellate": -1, "extrude": 0, "visibility": -1, "drawOrder": null, "icon": null }, "geometry": { "type": "Point", "coordinates": [ 80.20075, 13.08102 ] } },
{ "type": "Feature", "properties": { "name": null, "layer": "schools", "id": null, "Name": null, "description": null, "timestamp": null, "begin": null, "end": null, "altitudeMode": null, "tessellate": -1, "extrude": 0, "visibility": -1, "drawOrder": null, "icon": null }, "geometry": { "type": "Point", "coordinates": [ 80.19784, 13.08406 ] } },
{ "type": "Feature", "properties": { "name": null, "layer": "schools", "id": null, "Name": null, "description": null, "timestamp": null, "begin": null, "end": null, "altitudeMode": null, "tessellate": -1, "extrude": 0, "visibility": -1, "drawOrder": null, "icon": null }, "geometry": { "type": "Point", "coordinates": [ 80.20758, 13.09159 ] } },
{ "type": "Feature", "properties": { "name": null, "layer": "schools", "id": null, "Name": null, "description": null, "timestamp": null, "begin": null, "end": null, "altitudeMode": null, "tessellate": -1, "extrude": 0, "visibility": -1, "drawOrder": null, "icon": null }, "geometry": { "type": "Point", "coordinates": [ 80.19838, 13.09288 ] } },
{ "type": "Feature", "properties": { "name": null, "layer": "schools", "id": null, "Name": null, "description": null, "timestamp": null, "begin": null, "end": null, "altitudeMode": null, "tessellate": -1, "extrude": 0, "visibility": -1, "drawOrder": null, "icon": null }, "geometry": { "type": "Point", "coordinates": [ 80.2004, 13.0903 ] } }
]
}
