{
"type": "FeatureCollection",
"name": "shelters",
"crs": { "type": "name", "properties": { "name": "urn:ogc:def:crs:OGC:1.3:CRS84" } },
"features": [
{ "type": "Feature", "properties": { "shelter_name": null, "description": null, "id": "bus_shelter.1" }, "geometry": { "type": "Point", "coordinates": [ 80.251990686673906, 13.097785497394399 ] } },
{ "type": "Feature", "properties": { "shelter_name": null, "description": null, "id": "bus_shelter.2" }, "geometry": { "type": "Point", "coordinates": [ 80.223557679900793, 13.084795984635599 ] } },
{ "type": "Feature", "properties": { "shelter_name": null, "description": null, "id": "bus_shelter.3" }, "geometry": { "type": "Point", "coordinates": [ 80.259717865604898, 13.016062884306701 ] } },
{ "type": "Feature", "properties": { "shelter_name": null, "description": null, "id": "bus_shelter.4" }, "geometry": { "type": "Point", "coordinates": [ 80.288545607395406, 13.152881096074299 ] } },
{ "type": "Feature", "properties": { "shelter_name": null, "description": null, "id": "bus_shelter.5" }, "geometry": { "type": "Point", "coordinates": [ 80.288715306888605, 13.152645222113801 ] } },
{ "type": "Feature", "properties": { "shelter_name": null, "description": null, "id": "bus_shelter.6" }, "geometry": { "type": "Point", "coordinates": [ 80.3009298180326, 13.1581627719286 ] } },
{ "type": "Feature", "properties": { "shelter_name": null, "description": null, "id": "bus_shelter.7" }, "geometry": { "type": "Point", "coordinates": [ 80.304059704442494, 13.167757997780599 ] } },
{ "type": "Feature", "properties": { "shelter_name": null, "description": null, "id": "bus_shelter.8" }, "geometry": { "type": "Point", "coordinates": [ 80.304051346357795, 13.1670280281859 ] } },
{ "type": "Feature", "properties": { "shelter_name": null, "description": null, "id": "bus_shelter.9" }, "geometry": { "type": "Point", "coordinates": [ 80.201297447570497, 12.965282533185199 ] } },
{ "type": "Feature", "properties": { "shelter_name": null, "description": null, "id": "bus_shelter.10" }, "geometry": { "type": "Point", "coordinates": [ 80.2071293430038, 12.965195705952199 ] } },
{ "type": "Feature", "properties": { "shelter_name": null, "description": null, "id": "bus_shelter.11" }, "geometry": { "type": "Point", "coordinates": [ 80.215437858351393, 12.963664932009401 ] } },
{ "type": "Feature", "properties": { "shelter_name": null, "description": null, "id": "bus_shelter.12" }, "geometry": { "type": "Point", "coordinates": [ 80.216033007526406, 12.9642179820476 ] } },
{ "type": "Feature", "properties": { "shelter_name": null, "description": null, "id": "bus_shelter.13" }, "geometry": { "type": "Point", "coordinates": [ 80.216032197601095, 12.963181884940299 ] } },
{ "type": "Feature", "properties": { "shelter_name": null, "description": null, "id": "bus_shelter.14" }, "geometry": { "type": "Point", "coordinates": [ 78.167815438172894, 11.2207371716046 ] } },
{ "type": "Feature", "properties": { "shelter_name": null, "description": null, "id": "bus_shelter.15" }, "geometry": { "type": "Point", "coordinates": [ 80.261358872813702, 13.086176360985 ] } },
{ "type": "Feature", "properties": { "shelter_name": null, "description": null, "id": "bus_shelter.16" }, "geometry": { "type": "Point", "coordinates": [ 80.169209996891595, 13.0130798962314 ] } },
{ "type": "Feature", "properties": { "shelter_name": null, "description": null, "id": "bus_shelter.17" }, "geometry": { "type": "Point", "coordinates": [ 80.276024116585006, 13.0521016167694 ] } },
{ "type": "Feature", "properties": { "shelter_name": null, "description": null, "id": "bus_shelter.18" }, "geometry": { "type": "Point", "coordinates": [ 80.281525652110403, 13.057527688695201 ] } },
{ "type": "Feature", "properties": { "shelter_name": null, "description": null, "id": "bus_shelter.19" }, "geometry": { "type": "Point", "coordinates": [ 78.1583942937486, 8.8027705948753 ] } },
{ "type": "Feature", "properties": { "shelter_name": null, "description": null, "id": "bus_shelter.20" }, "geometry": { "type": "Point", "coordinates": [ 78.4876650327612, 9.862227812743591 ] } },
{ "type": "Feature", "properties": { "shelter_name": null, "description": null, "id": "bus_shelter.21" }, "geometry": { "type": "Point", "coordinates": [ 78.130769426997205, 8.790835196829731 ] } },
{ "type": "Feature", "properties": { "shelter_name": null, "description": null, "id": "bus_shelter.22" }, "geometry": { "type": "Point", "coordinates": [ 80.245625150688497, 13.115819057168499 ] } },
{ "type": "Feature", "properties": { "shelter_name": null, "description": null, "id": "bus_shelter.23" }, "geometry": { "type": "Point", "coordinates": [ 78.155282167583394, 8.82123078385573 ] } },
{ "type": "Feature", "properties": { "shelter_name": null, "description": null, "id": "bus_shelter.24" }, "geometry": { "type": "Point", "coordinates": [ 78.489758078627105, 9.848699067994421 ] } },
{ "type": "Feature", "properties": { "shelter_name": null, "description": null, "id": "bus_shelter.25" }, "geometry": { "type": "Point", "coordinates": [ 78.144314778213399, 8.759607249129671 ] } },
{ "type": "Feature", "properties": { "shelter_name": null, "description": null, "id": "bus_shelter.26" }, "geometry": { "type": "Point", "coordinates": [ 80.253793129711397, 13.029022591721199 ] } },
{ "type": "Feature", "properties": { "shelter_name": null, "description": null, "id": "bus_shelter.27" }, "geometry": { "type": "Point", "coordinates": [ 80.254194240582606, 13.0291628285082 ] } },
{ "type": "Feature", "properties": { "shelter_name": null, "description": null, "id": "bus_shelter.28" }, "geometry": { "type": "Point", "coordinates": [ 78.150578201581894, 8.82121855681795 ] } },
{ "type": "Feature", "properties": { "shelter_name": null, "description": null, "id": "bus_shelter.29" }, "geometry": { "type": "Point", "coordinates": [ 78.147528113968505, 11.624600989692 ] } },
{ "type": "Feature", "properties": { "shelter_name": null, "description": null, "id": "bus_shelter.30" }, "geometry": { "type": "Point", "coordinates": [ 78.151528526625995, 8.81924559549147 ] } },
{ "type": "Feature", "properties": { "shelter_name": null, "description": null, "id": "bus_shelter.31" }, "geometry": { "type": "Point", "coordinates": [ 80.248054006951605, 13.1153941622893 ] } },
{ "type": "Feature", "properties": { "shelter_name": null, "description": null, "id": "bus_shelter.32" }, "geometry": { "type": "Point", "coordinates": [ 80.248150993025007, 13.115299912867201 ] } },
{ "type": "Feature", "properties": { "shelter_name": null, "description": null, "id": "bus_shelter.33" }, "geometry": { "type": "Point", "coordinates": [ 80.252264613120502, 13.1148162204874 ] } },
{ "type": "Feature", "properties": { "shelter_name": null, "description": null, "id": "bus_shelter.34" }, "geometry": { "type": "Point", "coordinates": [ 78.118419003093905, 8.73260335707463 ] } },
{ "type": "Feature", "properties": { "shelter_name": null, "description": null, "id": "bus_shelter.35" }, "geometry": { "type": "Point", "coordinates": [ 77.982572944221005, 10.3697366971261 ] } },
{ "type": "Feature", "properties": { "shelter_name": null, "description": null, "id": "bus_shelter.36" }, "geometry": { "type": "Point", "coordinates": [ 77.982794191190706, 10.369980781267699 ] } },
{ "type": "Feature", "properties": { "shelter_name": null, "description": null, "id": "bus_shelter.37" }, "geometry": { "type": "Point", "coordinates": [ 80.301461847327403, 13.157263264693301 ] } },
{ "type": "Feature", "properties": { "shelter_name": null, "description": null, "id": "bus_shelter.38" }, "geometry": { "type": "Point", "coordinates": [ 80.237859125863693, 13.0439403240578 ] } },
{ "type": "Feature", "properties": { "shelter_name": null, "description": null, "id": "bus_shelter.39" }, "geometry": { "type": "Point", "coordinates": [ 80.240551858880195, 13.0412195411224 ] } },
{ "type": "Feature", "properties": { "shelter_name": null, "description": null, "id": "bus_shelter.40" }, "geometry": { "type": "Point", "coordinates": [ 80.240538209186894, 13.0411048669978 ] } },
{ "type": "Feature", "properties": { "shelter_name": null, "description": null, "id": "bus_shelter.41" }, "geometry": { "type": "Point", "coordinates": [ 80.240662902981398, 13.041117535160099 ] } },
{ "type": "Feature", "properties": { "shelter_name": null, "description": null, "id": "bus_shelter.42" }, "geometry": { "type": "Point", "coordinates": [ 80.241661700660998, 13.040400002988299 ] } },
{ "type": "Feature", "properties": { "shelter_name": null, "description": null, "id": "bus_shelter.43" }, "geometry": { "type": "Point", "coordinates": [ 80.2417514496275, 13.0403860924834 ] } },
{ "type": "Feature", "properties": { "shelter_name": null, "description": null, "id": "bus_shelter.44" }, "geometry": { "type": "Point", "coordinates": [ 80.234374220508101, 13.041046316227 ] } },
{ "type": "Feature", "properties": { "shelter_name": null, "description": null, "id": "bus_shelter.45" }, "geometry": { "type": "Point", "coordinates": [ 80.237095752865002, 13.035162750770899 ] } },
{ "type": "Feature", "properties": { "shelter_name": null, "description": null, "id": "bus_shelter.46" }, "geometry": { "type": "Point", "coordinates": [ 80.216867506702201, 13.0306521615836 ] } },
{ "type": "Feature", "properties": { "shelter_name": null, "description": null, "id": "bus_shelter.47" }, "geometry": { "type": "Point", "coordinates": [ 80.219644642791494, 13.052081550168699 ] } },
{ "type": "Feature", "properties": { "shelter_name": null, "description": null, "id": "bus_shelter.48" }, "geometry": { "type": "Point", "coordinates": [ 80.220067215127301, 13.052055124257601 ] } },
{ "type": "Feature", "properties": { "shelter_name": null, "description": null, "id": "bus_shelter.49" }, "geometry": { "type": "Point", "coordinates": [ 80.227340423344401, 13.053827243398 ] } },
{ "type": "Feature", "properties": { "shelter_name": null, "description": null, "id": "bus_shelter.50" }, "geometry": { "type": "Point", "coordinates": [ 80.220679631025703, 13.0368364614742 ] } },
{ "type": "Feature", "properties": { "shelter_name": null, "description": null, "id": "bus_shelter.51" }, "geometry": { "type": "Point", "coordinates": [ 80.2216242316088, 13.041315195955701 ] } },
{ "type": "Feature", "properties": { "shelter_name": null, "description": null, "id": "bus_shelter.52" }, "geometry": { "type": "Point", "coordinates": [ 80.224733973588201, 13.0412689744144 ] } },
{ "type": "Feature", "properties": { "shelter_name": null, "description": null, "id": "bus_shelter.53" }, "geometry": { "type": "Point", "coordinates": [ 80.259977554894405, 13.1228694516677 ] } },
{ "type": "Feature", "properties": { "shelter_name": null, "description": null, "id": "bus_shelter.54" }, "geometry": { "type": "Point", "coordinates": [ 80.260065994716001, 13.1230066217723 ] } },
{ "type": "Feature", "properties": { "shelter_name": null, "description": null, "id": "bus_shelter.55" }, "geometry": { "type": "Point", "coordinates": [ 80.267140533202905, 13.1299368031461 ] } },
{ "type": "Feature", "properties": { "shelter_name": null, "description": null, "id": "bus_shelter.56" }, "geometry": { "type": "Point", "coordinates": [ 80.278852447764294, 13.1284183200861 ] } },
{ "type": "Feature", "properties": { "shelter_name": null, "description": null, "id": "bus_shelter.57" }, "geometry": { "type": "Point", "coordinates": [ 80.278959654090102, 13.1292570851107 ] } },
{ "type": "Feature", "properties": { "shelter_name": null, "description": null, "id": "bus_shelter.58" }, "geometry": { "type": "Point", "coordinates": [ 80.280129025491405, 13.133206076677601 ] } },
{ "type": "Feature", "properties": { "shelter_name": null, "description": null, "id": "bus_shelter.59" }, "geometry": { "type": "Point", "coordinates": [ 80.280686100561496, 13.135069368482799 ] } },
{ "type": "Feature", "properties": { "shelter_name": null, "description": null, "id": "bus_shelter.60" }, "geometry": { "type": "Point", "coordinates": [ 80.281278988150305, 13.137037446427399 ] } },
{ "type": "Feature", "properties": { "shelter_name": null, "description": null, "id": "bus_shelter.61" }, "geometry": { "type": "Point", "coordinates": [ 80.2812414662272, 13.136924785215699 ] } },
{ "type": "Feature", "properties": { "shelter_name": null, "description": null, "id": "bus_shelter.62" }, "geometry": { "type": "Point", "coordinates": [ 80.281853493690406, 13.138909499375 ] } },
{ "type": "Feature", "properties": { "shelter_name": null, "description": null, "id": "bus_shelter.63" }, "geometry": { "type": "Point", "coordinates": [ 80.283790691247106, 13.144578482369599 ] } },
{ "type": "Feature", "properties": { "shelter_name": null, "description": null, "id": "bus_shelter.64" }, "geometry": { "type": "Point", "coordinates": [ 80.284067237488401, 13.117030661113899 ] } },
{ "type": "Feature", "properties": { "shelter_name": null, "description": null, "id": "bus_shelter.65" }, "geometry": { "type": "Point", "coordinates": [ 80.284379560569903, 13.1173279953569 ] } },
{ "type": "Feature", "properties": { "shelter_name": null, "description": null, "id": "bus_shelter.66" }, "geometry": { "type": "Point", "coordinates": [ 80.285307279763401, 13.119090156009401 ] } },
{ "type": "Feature", "properties": { "shelter_name": null, "description": null, "id": "bus_shelter.67" }, "geometry": { "type": "Point", "coordinates": [ 80.285701564337202, 13.1195062405759 ] } },
{ "type": "Feature", "properties": { "shelter_name": null, "description": null, "id": "bus_shelter.68" }, "geometry": { "type": "Point", "coordinates": [ 80.287126441188704, 13.122356788628 ] } },
{ "type": "Feature", "properties": { "shelter_name": null, "description": null, "id": "bus_shelter.69" }, "geometry": { "type": "Point", "coordinates": [ 80.285058474115701, 13.1183009642927 ] } },
{ "type": "Feature", "properties": { "shelter_name": null, "description": null, "id": "bus_shelter.70" }, "geometry": { "type": "Point", "coordinates": [ 80.199634361843593, 13.1703195121673 ] } },
{ "type": "Feature", "properties": { "shelter_name": null, "description": null, "id": "bus_shelter.71" }, "geometry": { "type": "Point", "coordinates": [ 80.199309808150204, 13.1701175854044 ] } },
{ "type": "Feature", "properties": { "shelter_name": null, "description": null, "id": "bus_shelter.72" }, "geometry": { "type": "Point", "coordinates": [ 80.199210774184493, 13.170336093378401 ] } },
{ "type": "Feature", "properties": { "shelter_name": null, "description": null, "id": "bus_shelter.73" }, "geometry": { "type": "Point", "coordinates": [ 80.202224469523301, 13.164431611354599 ] } },
{ "type": "Feature", "properties": { "shelter_name": null, "description": null, "id": "bus_shelter.74" }, "geometry": { "type": "Point", "coordinates": [ 80.202263218304907, 13.164308566028801 ] } },
{ "type": "Feature", "properties": { "shelter_name": null, "description": null, "id": "bus_shelter.75" }, "geometry": { "type": "Point", "coordinates": [ 80.230955380666103, 13.034982848319499 ] } },
{ "type": "Feature", "properties": { "shelter_name": null, "description": null, "id": "bus_shelter.76" }, "geometry": { "type": "Point", "coordinates": [ 80.230234159001895, 13.0346136537192 ] } },
{ "type": "Feature", "properties": { "shelter_name": null, "description": null, "id": "bus_shelter.77" }, "geometry": { "type": "Point", "coordinates": [ 80.230862664328797, 13.0286995634176 ] } },
{ "type": "Feature", "properties": { "shelter_name": null, "description": null, "id": "bus_shelter.78" }, "geometry": { "type": "Point", "coordinates": [ 80.228364108806105, 13.030285660442299 ] } },
{ "type": "Feature", "properties": { "shelter_name": null, "description": null, "id": "bus_shelter.79" }, "geometry": { "type": "Point", "coordinates": [ 80.234046355666493, 13.164870856318201 ] } },
{ "type": "Feature", "properties": { "shelter_name": null, "description": null, "id": "bus_shelter.80" }, "geometry": { "type": "Point", "coordinates": [ 80.299554769589193, 13.150746836725499 ] } },
{ "type": "Feature", "properties": { "shelter_name": null, "description": null, "id": "bus_shelter.81" }, "geometry": { "type": "Point", "coordinates": [ 80.296950421897904, 13.144325182672199 ] } },
{ "type": "Feature", "properties": { "shelter_name": null, "description": null, "id": "bus_shelter.82" }, "geometry": { "type": "Point", "coordinates": [ 80.296804432271401, 13.1445652056735 ] } },
{ "type": "Feature", "properties": { "shelter_name": null, "description": null, "id": "bus_shelter.83" }, "geometry": { "type": "Point", "coordinates": [ 80.302722099640803, 13.1496233030075 ] } },
{ "type": "Feature", "properties": { "shelter_name": null, "description": null, "id": "bus_shelter.84" }, "geometry": { "type": "Point", "coordinates": [ 80.304052182874898, 13.154110933772699 ] } },
{ "type": "Feature", "properties": { "shelter_name": null, "description": null, "id": "bus_shelter.85" }, "geometry": { "type": "Point", "coordinates": [ 80.298270469237806, 13.1476656988233 ] } },
{ "type": "Feature", "properties": { "shelter_name": null, "description": null, "id": "bus_shelter.86" }, "geometry": { "type": "Point", "coordinates": [ 80.253208330575106, 13.165531106639699 ] } },
{ "type": "Feature", "properties": { "shelter_name": null, "description": null, "id": "bus_shelter.87" }, "geometry": { "type": "Point", "coordinates": [ 80.259538978170994, 13.163420555953801 ] } },
{ "type": "Feature", "properties": { "shelter_name": null, "description": null, "id": "bus_shelter.88" }, "geometry": { "type": "Point", "coordinates": [ 80.264259024219697, 13.1619195449121 ] } },
{ "type": "Feature", "properties": { "shelter_name": null, "description": null, "id": "bus_shelter.89" }, "geometry": { "type": "Point", "coordinates": [ 80.257172303752398, 13.1704293802919 ] } },
{ "type": "Feature", "properties": { "shelter_name": null, "description": null, "id": "bus_shelter.90" }, "geometry": { "type": "Point", "coordinates": [ 80.258543818236802, 13.166616378119899 ] } },
{ "type": "Feature", "properties": { "shelter_name": null, "description": null, "id": "bus_shelter.91" }, "geometry": { "type": "Point", "coordinates": [ 80.203160843021607, 13.1580725475633 ] } },
{ "type": "Feature", "properties": { "shelter_name": null, "description": null, "id": "bus_shelter.92" }, "geometry": { "type": "Point", "coordinates": [ 80.196489409572607, 13.156252938113999 ] } },
{ "type": "Feature", "properties": { "shelter_name": null, "description": null, "id": "bus_shelter.93" }, "geometry": { "type": "Point", "coordinates": [ 80.196343348209595, 13.1563241076236 ] } },
{ "type": "Feature", "properties": { "shelter_name": null, "description": null, "id": "bus_shelter.94" }, "geometry": { "type": "Point", "coordinates": [ 80.245310226366499, 13.1667967690169 ] } },
{ "type": "Feature", "properties": { "shelter_name": null, "description": null, "id": "bus_shelter.95" }, "geometry": { "type": "Point", "coordinates": [ 80.253015663093905, 13.165508852695901 ] } },
{ "type": "Feature", "properties": { "shelter_name": null, "description": null, "id": "bus_shelter.96" }, "geometry": { "type": "Point", "coordinates": [ 80.243989300896004, 13.161542652934999 ] } },
{ "type": "Feature", "properties": { "shelter_name": null, "description": null, "id": "bus_shelter.97" }, "geometry": { "type": "Point", "coordinates": [ 80.244130241567206, 13.161761915165201 ] } },
{ "type": "Feature", "properties": { "shelter_name": null, "description": null, "id": "bus_shelter.98" }, "geometry": { "type": "Point", "coordinates": [ 80.242155539029994, 13.150867249931199 ] } },
{ "type": "Feature", "properties": { "shelter_name": null, "description": null, "id": "bus_shelter.99" }, "geometry": { "type": "Point", "coordinates": [ 80.242198197925603, 13.1512721353782 ] } },
{ "type": "Feature", "properties": { "shelter_name": null, "description": null, "id": "bus_shelter.100" }, "geometry": { "type": "Point", "coordinates": [ 80.2657890684157, 13.118867869003701 ] } },
{ "type": "Feature", "properties": { "shelter_name": null, "description": null, "id": "bus_shelter.101" }, "geometry": { "type": "Point", "coordinates": [ 80.265833843572395, 13.122718765810401 ] } },
{ "type": "Feature", "properties": { "shelter_name": null, "description": null, "id": "bus_shelter.102" }, "geometry": { "type": "Point", "coordinates": [ 80.265779628481695, 13.1111313659092 ] } },
{ "type": "Feature", "properties": { "shelter_name": null, "description": null, "id": "bus_shelter.103" }, "geometry": { "type": "Point", "coordinates": [ 80.262076507789303, 13.117219683822 ] } },
{ "type": "Feature", "properties": { "shelter_name": null, "description": null, "id": "bus_shelter.104" }, "geometry": { "type": "Point", "coordinates": [ 80.183782229652607, 13.108244872930699 ] } },
{ "type": "Feature", "properties": { "shelter_name": null, "description": null, "id": "bus_shelter.105" }, "geometry": { "type": "Point", "coordinates": [ 80.180537276447396, 13.1102515657707 ] } },
{ "type": "Feature", "properties": { "shelter_name": null, "description": null, "id": "bus_shelter.106" }, "geometry": { "type": "Point", "coordinates": [ 80.184231935909594, 13.111607217058101 ] } },
{ "type": "Feature", "properties": { "shelter_name": null, "description": null, "id": "bus_shelter.107" }, "geometry": { "type": "Point", "coordinates": [ 80.149518272621606, 13.113271608819501 ] } },
{ "type": "Feature", "properties": { "shelter_name": null, "description": null, "id": "bus_shelter.108" }, "geometry": { "type": "Point", "coordinates": [ 80.152235466464603, 13.110402153652901 ] } },
{ "type": "Feature", "properties": { "shelter_name": null, "description": null, "id": "bus_shelter.109" }, "geometry": { "type": "Point", "coordinates": [ 80.1521803404991, 13.107278956564 ] } },
{ "type": "Feature", "properties": { "shelter_name": null, "description": null, "id": "bus_shelter.110" }, "geometry": { "type": "Point", "coordinates": [ 80.151905030613605, 13.107355060289301 ] } },
{ "type": "Feature", "properties": { "shelter_name": null, "description": null, "id": "bus_shelter.111" }, "geometry": { "type": "Point", "coordinates": [ 80.152457559264505, 13.106064225044401 ] } },
{ "type": "Feature", "properties": { "shelter_name": null, "description": null, "id": "bus_shelter.112" }, "geometry": { "type": "Point", "coordinates": [ 80.152485528444302, 13.1050603211209 ] } },
{ "type": "Feature", "properties": { "shelter_name": null, "description": null, "id": "bus_shelter.113" }, "geometry": { "type": "Point", "coordinates": [ 80.156355936723102, 13.1037851166904 ] } },
{ "type": "Feature", "properties": { "shelter_name": null, "description": null, "id": "bus_shelter.114" }, "geometry": { "type": "Point", "coordinates": [ 80.164937353552901, 13.1008521903331 ] } },
{ "type": "Feature", "properties": { "shelter_name": null, "description": null, "id": "bus_shelter.115" }, "geometry": { "type": "Point", "coordinates": [ 80.150119655749904, 13.1025840531782 ] } },
{ "type": "Feature", "properties": { "shelter_name": null, "description": null, "id": "bus_shelter.116" }, "geometry": { "type": "Point", "coordinates": [ 80.189482973473204, 13.100718500172199 ] } },
{ "type": "Feature", "properties": { "shelter_name": null, "description": null, "id": "bus_shelter.117" }, "geometry": { "type": "Point", "coordinates": [ 80.189586852140494, 13.100775460156701 ] } },
{ "type": "Feature", "properties": { "shelter_name": null, "description": null, "id": "bus_shelter.118" }, "geometry": { "type": "Point", "coordinates": [ 80.197506175177494, 13.0873457472862 ] } },
{ "type": "Feature", "properties": { "shelter_name": null, "description": null, "id": "bus_shelter.119" }, "geometry": { "type": "Point", "coordinates": [ 80.197627690142795, 13.0873491911508 ] } },
{ "type": "Feature", "properties": { "shelter_name": null, "description": null, "id": "bus_shelter.120" }, "geometry": { "type": "Point", "coordinates": [ 80.198026420141005, 13.087051715456999 ] } },
{ "type": "Feature", "properties": { "shelter_name": null, "description": null, "id": "bus_shelter.121" }, "geometry": { "type": "Point", "coordinates": [ 80.198105278975504, 13.087051071645099 ] } },
{ "type": "Feature", "properties": { "shelter_name": null, "description": null, "id": "bus_shelter.122" }, "geometry": { "type": "Point", "coordinates": [ 80.198190306168897, 13.0870463464886 ] } },
{ "type": "Feature", "properties": { "shelter_name": null, "description": null, "id": "bus_shelter.123" }, "geometry": { "type": "Point", "coordinates": [ 80.170389257087905, 13.082144777811701 ] } },
{ "type": "Feature", "properties": { "shelter_name": null, "description": null, "id": "bus_shelter.124" }, "geometry": { "type": "Point", "coordinates": [ 80.167140430824801, 13.0818059806197 ] } },
{ "type": "Feature", "properties": { "shelter_name": null, "description": null, "id": "bus_shelter.125" }, "geometry": { "type": "Point", "coordinates": [ 80.170881751205599, 13.0828796346311 ] } },
{ "type": "Feature", "properties": { "shelter_name": null, "description": null, "id": "bus_shelter.126" }, "geometry": { "type": "Point", "coordinates": [ 80.170836355971304, 13.0827125111539 ] } },
{ "type": "Feature", "properties": { "shelter_name": null, "description": null, "id": "bus_shelter.127" }, "geometry": { "type": "Point", "coordinates": [ 80.1796929888433, 13.078092699968799 ] } },
{ "type": "Feature", "properties": { "shelter_name": null, "description": null, "id": "bus_shelter.128" }, "geometry": { "type": "Point", "coordinates": [ 80.178923577937795, 13.078101439894599 ] } },
{ "type": "Feature", "properties": { "shelter_name": null, "description": null, "id": "bus_shelter.129" }, "geometry": { "type": "Point", "coordinates": [ 80.176829994663294, 13.0780389589499 ] } },
{ "type": "Feature", "properties": { "shelter_name": null, "description": null, "id": "bus_shelter.130" }, "geometry": { "type": "Point", "coordinates": [ 80.174928402180697, 13.078801501728901 ] } },
{ "type": "Feature", "properties": { "shelter_name": null, "description": null, "id": "bus_shelter.131" }, "geometry": { "type": "Point", "coordinates": [ 80.1734079371071, 13.0802952450685 ] } },
{ "type": "Feature", "properties": { "shelter_name": null, "description": null, "id": "bus_shelter.132" }, "geometry": { "type": "Point", "coordinates": [ 80.1720822870315, 13.083094130374301 ] } },
{ "type": "Feature", "properties": { "shelter_name": null, "description": null, "id": "bus_shelter.133" }, "geometry": { "type": "Point", "coordinates": [ 80.187767686379601, 13.0820781209973 ] } },
{ "type": "Feature", "properties": { "shelter_name": null, "description": null, "id": "bus_shelter.134" }, "geometry": { "type": "Point", "coordinates": [ 80.159356358440107, 13.034527965626401 ] } },
{ "type": "Feature", "properties": { "shelter_name": null, "description": null, "id": "bus_shelter.135" }, "geometry": { "type": "Point", "coordinates": [ 80.168511986305404, 13.029657652960299 ] } },
{ "type": "Feature", "properties": { "shelter_name": null, "description": null, "id": "bus_shelter.136" }, "geometry": { "type": "Point", "coordinates": [ 80.168970284827395, 13.038848304158099 ] } },
{ "type": "Feature", "properties": { "shelter_name": null, "description": null, "id": "bus_shelter.137" }, "geometry": { "type": "Point", "coordinates": [ 80.259683913092005, 13.110673354732199 ] } },
{ "type": "Feature", "properties": { "shelter_name": null, "description": null, "id": "bus_shelter.138" }, "geometry": { "type": "Point", "coordinates": [ 80.259693543150405, 13.1104043145244 ] } },
{ "type": "Feature", "properties": { "shelter_name": null, "description": null, "id": "bus_shelter.139" }, "geometry": { "type": "Point", "coordinates": [ 80.259114756256693, 13.1133962655371 ] } },
{ "type": "Feature", "properties": { "shelter_name": null, "description": null, "id": "bus_shelter.140" }, "geometry": { "type": "Point", "coordinates": [ 80.255495097786095, 13.113877420179801 ] } },
{ "type": "Feature", "properties": { "shelter_name": null, "description": null, "id": "bus_shelter.141" }, "geometry": { "type": "Point", "coordinates": [ 80.259070379070096, 13.113262801634701 ] } },
{ "type": "Feature", "properties": { "shelter_name": null, "description": null, "id": "bus_shelter.142" }, "geometry": { "type": "Point", "coordinates": [ 80.252595770091204, 13.1109347310801 ] } },
{ "type": "Feature", "properties": { "shelter_name": null, "description": null, "id": "bus_shelter.143" }, "geometry": { "type": "Point", "coordinates": [ 80.252445774520794, 13.108661109385899 ] } },
{ "type": "Feature", "properties": { "shelter_name": null, "description": null, "id": "bus_shelter.144" }, "geometry": { "type": "Point", "coordinates": [ 80.255387618533703, 13.109165925712199 ] } },
{ "type": "Feature", "properties": { "shelter_name": null, "description": null, "id": "bus_shelter.145" }, "geometry": { "type": "Point", "coordinates": [ 80.255541592878203, 13.109183007730699 ] } },
{ "type": "Feature", "properties": { "shelter_name": null, "description": null, "id": "bus_shelter.146" }, "geometry": { "type": "Point", "coordinates": [ 80.258360479428205, 13.1097548224864 ] } },
{ "type": "Feature", "properties": { "shelter_name": null, "description": null, "id": "bus_shelter.147" }, "geometry": { "type": "Point", "coordinates": [ 80.297368745473904, 13.1342449836052 ] } },
{ "type": "Feature", "properties": { "shelter_name": null, "description": null, "id": "bus_shelter.148" }, "geometry": { "type": "Point", "coordinates": [ 80.297112078734799, 13.134587305535399 ] } },
{ "type": "Feature", "properties": { "shelter_name": null, "description": null, "id": "bus_shelter.149" }, "geometry": { "type": "Point", "coordinates": [ 80.297826055615801, 13.137462425056899 ] } },
{ "type": "Feature", "properties": { "shelter_name": null, "description": null, "id": "bus_shelter.150" }, "geometry": { "type": "Point", "coordinates": [ 80.294532885235697, 13.1388109750716 ] } },
{ "type": "Feature", "properties": { "shelter_name": null, "description": null, "id": "bus_shelter.151" }, "geometry": { "type": "Point", "coordinates": [ 80.293421176427003, 13.135352326468899 ] } },
{ "type": "Feature", "properties": { "shelter_name": null, "description": null, "id": "bus_shelter.152" }, "geometry": { "type": "Point", "coordinates": [ 80.275017103355907, 13.113323630699201 ] } },
{ "type": "Feature", "properties": { "shelter_name": null, "description": null, "id": "bus_shelter.153" }, "geometry": { "type": "Point", "coordinates": [ 80.250557808901604, 13.035361146090001 ] } },
{ "type": "Feature", "properties": { "shelter_name": null, "description": null, "id": "bus_shelter.154" }, "geometry": { "type": "Point", "coordinates": [ 80.244365179701006, 13.0272262396101 ] } },
{ "type": "Feature", "properties": { "shelter_name": null, "description": null, "id": "bus_shelter.155" }, "geometry": { "type": "Point", "coordinates": [ 80.244185372546298, 13.0273081511953 ] } },
{ "type": "Feature", "properties": { "shelter_name": null, "description": null, "id": "bus_shelter.156" }, "geometry": { "type": "Point", "coordinates": [ 80.198551195778606, 12.9916944368812 ] } },
{ "type": "Feature", "properties": { "shelter_name": null, "description": null, "id": "bus_shelter.157" }, "geometry": { "type": "Point", "coordinates": [ 80.197439380622896, 12.986661289508801 ] } },
{ "type": "Feature", "properties": { "shelter_name": null, "description": null, "id": "bus_shelter.158" }, "geometry": { "type": "Point", "coordinates": [ 80.293378379233104, 13.1198550428335 ] } },
{ "type": "Feature", "properties": { "shelter_name": null, "description": null, "id": "bus_shelter.159" }, "geometry": { "type": "Point", "coordinates": [ 80.292866436770595, 13.116429602880601 ] } },
{ "type": "Feature", "properties": { "shelter_name": null, "description": null, "id": "bus_shelter.160" }, "geometry": { "type": "Point", "coordinates": [ 80.291630481310804, 13.109248489852501 ] } },
{ "type": "Feature", "properties": { "shelter_name": null, "description": null, "id": "bus_shelter.161" }, "geometry": { "type": "Point", "coordinates": [ 80.288457471230103, 13.1084991122885 ] } },
{ "type": "Feature", "properties": { "shelter_name": null, "description": null, "id": "bus_shelter.162" }, "geometry": { "type": "Point", "coordinates": [ 80.287593310765601, 13.1088210004588 ] } },
{ "type": "Feature", "properties": { "shelter_name": null, "description": null, "id": "bus_shelter.163" }, "geometry": { "type": "Point", "coordinates": [ 80.278474200027603, 13.1107837661954 ] } },
{ "type": "Feature", "properties": { "shelter_name": null, "description": null, "id": "bus_shelter.164" }, "geometry": { "type": "Point", "coordinates": [ 80.277719944512299, 13.111320409323801 ] } },
{ "type": "Feature", "properties": { "shelter_name": null, "description": null, "id": "bus_shelter.165" }, "geometry": { "type": "Point", "coordinates": [ 80.292732818334301, 13.106154811126 ] } },
{ "type": "Feature", "properties": { "shelter_name": null, "description": null, "id": "bus_shelter.166" }, "geometry": { "type": "Point", "coordinates": [ 80.177020967728495, 13.081341534719 ] } },
{ "type": "Feature", "properties": { "shelter_name": null, "description": null, "id": "bus_shelter.167" }, "geometry": { "type": "Point", "coordinates": [ 80.258865180790096, 13.038766095044799 ] } },
{ "type": "Feature", "properties": { "shelter_name": null, "description": null, "id": "bus_shelter.168" }, "geometry": { "type": "Point", "coordinates": [ 80.266871473787106, 13.036926118617099 ] } },
{ "type": "Feature", "properties": { "shelter_name": null, "description": null, "id": "bus_shelter.169" }, "geometry": { "type": "Point", "coordinates": [ 80.266805611571002, 13.0369425930382 ] } },
{ "type": "Feature", "properties": { "shelter_name": null, "description": null, "id": "bus_shelter.170" }, "geometry": { "type": "Point", "coordinates": [ 80.267560138122803, 13.0376351248707 ] } },
{ "type": "Feature", "properties": { "shelter_name": null, "description": null, "id": "bus_shelter.171" }, "geometry": { "type": "Point", "coordinates": [ 80.257074438667203, 13.0349916608274 ] } },
{ "type": "Feature", "properties": { "shelter_name": null, "description": null, "id": "bus_shelter.172" }, "geometry": { "type": "Point", "coordinates": [ 80.259210212097301, 13.0271312688328 ] } },
{ "type": "Feature", "properties": { "shelter_name": null, "description": null, "id": "bus_shelter.173" }, "geometry": { "type": "Point", "coordinates": [ 80.253700443659497, 13.029022602449601 ] } },
{ "type": "Feature", "properties": { "shelter_name": null, "description": null, "id": "bus_shelter.174" }, "geometry": { "type": "Point", "coordinates": [ 80.258985681362006, 13.028916666149501 ] } },
{ "type": "Feature", "properties": { "shelter_name": null, "description": null, "id": "bus_shelter.175" }, "geometry": { "type": "Point", "coordinates": [ 80.255824909606105, 13.038115475219801 ] } },
{ "type": "Feature", "properties": { "shelter_name": null, "description": null, "id": "bus_shelter.176" }, "geometry": { "type": "Point", "coordinates": [ 80.256069183903605, 13.038088285053 ] } },
{ "type": "Feature", "properties": { "shelter_name": null, "description": null, "id": "bus_shelter.177" }, "geometry": { "type": "Point", "coordinates": [ 80.250011043270206, 13.0389084212065 ] } },
{ "type": "Feature", "properties": { "shelter_name": null, "description": null, "id": "bus_shelter.178" }, "geometry": { "type": "Point", "coordinates": [ 80.267866692142704, 13.033954581032701 ] } },
{ "type": "Feature", "properties": { "shelter_name": null, "description": null, "id": "bus_shelter.179" }, "geometry": { "type": "Point", "coordinates": [ 80.268023041186197, 13.033914266754101 ] } },
{ "type": "Feature", "properties": { "shelter_name": null, "description": null, "id": "bus_shelter.180" }, "geometry": { "type": "Point", "coordinates": [ 80.267948608414002, 13.033570328370701 ] } },
{ "type": "Feature", "properties": { "shelter_name": null, "description": null, "id": "bus_shelter.181" }, "geometry": { "type": "Point", "coordinates": [ 80.267912281946295, 13.033380345901 ] } },
{ "type": "Feature", "properties": { "shelter_name": null, "description": null, "id": "bus_shelter.182" }, "geometry": { "type": "Point", "coordinates": [ 80.212870607428002, 13.024252569486301 ] } },
{ "type": "Feature", "properties": { "shelter_name": null, "description": null, "id": "bus_shelter.183" }, "geometry": { "type": "Point", "coordinates": [ 80.218832477858101, 13.0321605324387 ] } },
{ "type": "Feature", "properties": { "shelter_name": null, "description": null, "id": "bus_shelter.184" }, "geometry": { "type": "Point", "coordinates": [ 80.221114129253294, 13.0319823202877 ] } },
{ "type": "Feature", "properties": { "shelter_name": null, "description": null, "id": "bus_shelter.185" }, "geometry": { "type": "Point", "coordinates": [ 80.224309320490804, 13.0290410816738 ] } },
{ "type": "Feature", "properties": { "shelter_name": null, "description": null, "id": "bus_shelter.186" }, "geometry": { "type": "Point", "coordinates": [ 80.223943406301103, 13.0288829819533 ] } },
{ "type": "Feature", "properties": { "shelter_name": null, "description": null, "id": "bus_shelter.187" }, "geometry": { "type": "Point", "coordinates": [ 80.223901027241396, 13.031235972594599 ] } },
{ "type": "Feature", "properties": { "shelter_name": null, "description": null, "id": "bus_shelter.188" }, "geometry": { "type": "Point", "coordinates": [ 80.281775459477302, 13.1103680834005 ] } },
{ "type": "Feature", "properties": { "shelter_name": null, "description": null, "id": "bus_shelter.189" }, "geometry": { "type": "Point", "coordinates": [ 80.282050726109006, 13.1101970696555 ] } },
{ "type": "Feature", "properties": { "shelter_name": null, "description": null, "id": "bus_shelter.190" }, "geometry": { "type": "Point", "coordinates": [ 80.287512481998306, 13.1280619076673 ] } },
{ "type": "Feature", "properties": { "shelter_name": null, "description": null, "id": "bus_shelter.191" }, "geometry": { "type": "Point", "coordinates": [ 80.289382092825093, 13.1273034552434 ] } },
{ "type": "Feature", "properties": { "shelter_name": null, "description": null, "id": "bus_shelter.192" }, "geometry": { "type": "Point", "coordinates": [ 80.2921328782746, 13.131873922997601 ] } },
{ "type": "Feature", "properties": { "shelter_name": null, "description": null, "id": "bus_shelter.193" }, "geometry": { "type": "Point", "coordinates": [ 80.291882846190305, 13.131926411023301 ] } },
{ "type": "Feature", "properties": { "shelter_name": null, "description": null, "id": "bus_shelter.194" }, "geometry": { "type": "Point", "coordinates": [ 80.274100040344607, 13.0714097495374 ] } },
{ "type": "Feature", "properties": { "shelter_name": null, "description": null, "id": "bus_shelter.195" }, "geometry": { "type": "Point", "coordinates": [ 80.274075271332293, 13.070575798534801 ] } },
{ "type": "Feature", "properties": { "shelter_name": null, "description": null, "id": "bus_shelter.196" }, "geometry": { "type": "Point", "coordinates": [ 80.274252870805199, 13.070663958762299 ] } },
{ "type": "Feature", "properties": { "shelter_name": null, "description": null, "id": "bus_shelter.197" }, "geometry": { "type": "Point", "coordinates": [ 80.274331491285494, 13.070725161589101 ] } },
{ "type": "Feature", "properties": { "shelter_name": null, "description": null, "id": "bus_shelter.198" }, "geometry": { "type": "Point", "coordinates": [ 80.270327338779694, 13.067348448293201 ] } },
{ "type": "Feature", "properties": { "shelter_name": null, "description": null, "id": "bus_shelter.199" }, "geometry": { "type": "Point", "coordinates": [ 80.268927071234401, 13.066536129200999 ] } },
{ "type": "Feature", "properties": { "shelter_name": null, "description": null, "id": "bus_shelter.200" }, "geometry": { "type": "Point", "coordinates": [ 80.273055841737801, 13.0701842385829 ] } },
{ "type": "Feature", "properties": { "shelter_name": null, "description": null, "id": "bus_shelter.201" }, "geometry": { "type": "Point", "coordinates": [ 80.272528302430402, 13.067906826856101 ] } },
{ "type": "Feature", "properties": { "shelter_name": null, "description": null, "id": "bus_shelter.202" }, "geometry": { "type": "Point", "coordinates": [ 80.272051668450004, 13.067923873663601 ] } },
{ "type": "Feature", "properties": { "shelter_name": null, "description": null, "id": "bus_shelter.203" }, "geometry": { "type": "Point", "coordinates": [ 80.275662822049895, 13.066168992582901 ] } },
{ "type": "Feature", "properties": { "shelter_name": null, "description": null, "id": "bus_shelter.204" }, "geometry": { "type": "Point", "coordinates": [ 80.274747304802702, 13.0662497107595 ] } },
{ "type": "Feature", "properties": { "shelter_name": null, "description": null, "id": "bus_shelter.205" }, "geometry": { "type": "Point", "coordinates": [ 80.276453044470301, 13.0749989791932 ] } },
{ "type": "Feature", "properties": { "shelter_name": null, "description": null, "id": "bus_shelter.206" }, "geometry": { "type": "Point", "coordinates": [ 80.276197343477094, 13.07553462876 ] } },
{ "type": "Feature", "properties": { "shelter_name": null, "description": null, "id": "bus_shelter.207" }, "geometry": { "type": "Point", "coordinates": [ 80.276766017972307, 13.0817635014846 ] } },
{ "type": "Feature", "properties": { "shelter_name": null, "description": null, "id": "bus_shelter.208" }, "geometry": { "type": "Point", "coordinates": [ 80.277013878926596, 13.081789501462 ] } },
{ "type": "Feature", "properties": { "shelter_name": null, "description": null, "id": "bus_shelter.209" }, "geometry": { "type": "Point", "coordinates": [ 80.277249404714695, 13.081820269793599 ] } },
{ "type": "Feature", "properties": { "shelter_name": null, "description": null, "id": "bus_shelter.210" }, "geometry": { "type": "Point", "coordinates": [ 80.277488223754304, 13.081850007296801 ] } },
{ "type": "Feature", "properties": { "shelter_name": null, "description": null, "id": "bus_shelter.211" }, "geometry": { "type": "Point", "coordinates": [ 80.277717477747103, 13.081876219472701 ] } },
{ "type": "Feature", "properties": { "shelter_name": null, "description": null, "id": "bus_shelter.212" }, "geometry": { "type": "Point", "coordinates": [ 80.275758420201299, 13.0868402689131 ] } },
{ "type": "Feature", "properties": { "shelter_name": null, "description": null, "id": "bus_shelter.213" }, "geometry": { "type": "Point", "coordinates": [ 80.275602406994395, 13.086819436889201 ] } },
{ "type": "Feature", "properties": { "shelter_name": null, "description": null, "id": "bus_shelter.214" }, "geometry": { "type": "Point", "coordinates": [ 80.277952637239096, 13.0827457926775 ] } },
{ "type": "Feature", "properties": { "shelter_name": null, "description": null, "id": "bus_shelter.215" }, "geometry": { "type": "Point", "coordinates": [ 80.279001898128499, 13.082260398225801 ] } },
{ "type": "Feature", "properties": { "shelter_name": null, "description": null, "id": "bus_shelter.216" }, "geometry": { "type": "Point", "coordinates": [ 80.278978365802402, 13.0831282535691 ] } },
{ "type": "Feature", "properties": { "shelter_name": null, "description": null, "id": "bus_shelter.217" }, "geometry": { "type": "Point", "coordinates": [ 80.279863957014399, 13.0856582199314 ] } },
{ "type": "Feature", "properties": { "shelter_name": null, "description": null, "id": "bus_shelter.218" }, "geometry": { "type": "Point", "coordinates": [ 77.972134518822898, 10.364261407510099 ] } },
{ "type": "Feature", "properties": { "shelter_name": null, "description": null, "id": "bus_shelter.219" }, "geometry": { "type": "Point", "coordinates": [ 80.281486434300106, 13.087599864966 ] } },
{ "type": "Feature", "properties": { "shelter_name": null, "description": null, "id": "bus_shelter.220" }, "geometry": { "type": "Point", "coordinates": [ 80.270448755397794, 13.0671358625875 ] } },
{ "type": "Feature", "properties": { "shelter_name": null, "description": null, "id": "bus_shelter.221" }, "geometry": { "type": "Point", "coordinates": [ 80.247465844934894, 12.965166113458301 ] } },
{ "type": "Feature", "properties": { "shelter_name": null, "description": null, "id": "bus_shelter.222" }, "geometry": { "type": "Point", "coordinates": [ 80.247893656226495, 12.9669247423182 ] } },
{ "type": "Feature", "properties": { "shelter_name": null, "description": null, "id": "bus_shelter.223" }, "geometry": { "type": "Point", "coordinates": [ 80.252198493033504, 12.978443868633001 ] } },
{ "type": "Feature", "properties": { "shelter_name": null, "description": null, "id": "bus_shelter.224" }, "geometry": { "type": "Point", "coordinates": [ 80.211683334100897, 13.1330918271667 ] } },
{ "type": "Feature", "properties": { "shelter_name": null, "description": null, "id": "bus_shelter.225" }, "geometry": { "type": "Point", "coordinates": [ 80.209393251008606, 13.135920198972901 ] } },
{ "type": "Feature", "properties": { "shelter_name": null, "description": null, "id": "bus_shelter.226" }, "geometry": { "type": "Point", "coordinates": [ 80.206235315537398, 13.139453135823601 ] } },
{ "type": "Feature", "properties": { "shelter_name": null, "description": null, "id": "bus_shelter.227" }, "geometry": { "type": "Point", "coordinates": [ 80.209484800932003, 13.135596898929 ] } },
{ "type": "Feature", "properties": { "shelter_name": null, "description": null, "id": "bus_shelter.228" }, "geometry": { "type": "Point", "coordinates": [ 80.221096652871395, 13.144045263558899 ] } },
{ "type": "Feature", "properties": { "shelter_name": null, "description": null, "id": "bus_shelter.229" }, "geometry": { "type": "Point", "coordinates": [ 80.219535923321502, 13.1444259736967 ] } },
{ "type": "Feature", "properties": { "shelter_name": null, "description": null, "id": "bus_shelter.230" }, "geometry": { "type": "Point", "coordinates": [ 80.273842076027506, 13.1024068718405 ] } },
{ "type": "Feature", "properties": { "shelter_name": null, "description": null, "id": "bus_shelter.231" }, "geometry": { "type": "Point", "coordinates": [ 80.276098681986099, 13.103870311831701 ] } },
{ "type": "Feature", "properties": { "shelter_name": null, "description": null, "id": "bus_shelter.232" }, "geometry": { "type": "Point", "coordinates": [ 80.275888911030506, 13.1043584351719 ] } },
{ "type": "Feature", "properties": { "shelter_name": null, "description": null, "id": "bus_shelter.233" }, "geometry": { "type": "Point", "coordinates": [ 80.275803120688494, 13.1045776776875 ] } },
{ "type": "Feature", "properties": { "shelter_name": null, "description": null, "id": "bus_shelter.234" }, "geometry": { "type": "Point", "coordinates": [ 80.273400821522699, 13.104457041516699 ] } },
{ "type": "Feature", "properties": { "shelter_name": null, "description": null, "id": "bus_shelter.235" }, "geometry": { "type": "Point", "coordinates": [ 80.273134128017503, 13.1091077798306 ] } },
{ "type": "Feature", "properties": { "shelter_name": null, "description": null, "id": "bus_shelter.236" }, "geometry": { "type": "Point", "coordinates": [ 80.280128683241301, 13.106414497646 ] } },
{ "type": "Feature", "properties": { "shelter_name": null, "description": null, "id": "bus_shelter.237" }, "geometry": { "type": "Point", "coordinates": [ 80.2741367905967, 13.102244699013101 ] } },
{ "type": "Feature", "properties": { "shelter_name": null, "description": null, "id": "bus_shelter.238" }, "geometry": { "type": "Point", "coordinates": [ 80.282537776888304, 13.1054432973133 ] } },
{ "type": "Feature", "properties": { "shelter_name": null, "description": null, "id": "bus_shelter.239" }, "geometry": { "type": "Point", "coordinates": [ 80.2825374056833, 13.105227200545899 ] } },
{ "type": "Feature", "properties": { "shelter_name": null, "description": null, "id": "bus_shelter.240" }, "geometry": { "type": "Point", "coordinates": [ 80.286453050012398, 13.095756673098 ] } },
{ "type": "Feature", "properties": { "shelter_name": null, "description": null, "id": "bus_shelter.241" }, "geometry": { "type": "Point", "coordinates": [ 80.265446453947703, 13.060661209757001 ] } },
{ "type": "Feature", "properties": { "shelter_name": null, "description": null, "id": "bus_shelter.242" }, "geometry": { "type": "Point", "coordinates": [ 80.267796210089998, 13.065433920864599 ] } },
{ "type": "Feature", "properties": { "shelter_name": null, "description": null, "id": "bus_shelter.243" }, "geometry": { "type": "Point", "coordinates": [ 80.267827514124804, 13.0655938188064 ] } },
{ "type": "Feature", "properties": { "shelter_name": null, "description": null, "id": "bus_shelter.244" }, "geometry": { "type": "Point", "coordinates": [ 80.2665460317981, 13.0649454272603 ] } },
{ "type": "Feature", "properties": { "shelter_name": null, "description": null, "id": "bus_shelter.245" }, "geometry": { "type": "Point", "coordinates": [ 80.266646772446506, 13.065022567352599 ] } },
{ "type": "Feature", "properties": { "shelter_name": null, "description": null, "id": "bus_shelter.246" }, "geometry": { "type": "Point", "coordinates": [ 80.263931774348706, 13.0630041245971 ] } },
{ "type": "Feature", "properties": { "shelter_name": null, "description": null, "id": "bus_shelter.247" }, "geometry": { "type": "Point", "coordinates": [ 80.263999428217602, 13.063067123809899 ] } },
{ "type": "Feature", "properties": { "shelter_name": null, "description": null, "id": "bus_shelter.248" }, "geometry": { "type": "Point", "coordinates": [ 80.264065563406106, 13.063116301605801 ] } },
{ "type": "Feature", "properties": { "shelter_name": null, "description": null, "id": "bus_shelter.249" }, "geometry": { "type": "Point", "coordinates": [ 80.268464965550194, 13.066984587441199 ] } },
{ "type": "Feature", "properties": { "shelter_name": null, "description": null, "id": "bus_shelter.250" }, "geometry": { "type": "Point", "coordinates": [ 80.268515269195305, 13.0670596681192 ] } },
{ "type": "Feature", "properties": { "shelter_name": null, "description": null, "id": "bus_shelter.251" }, "geometry": { "type": "Point", "coordinates": [ 80.268564787632101, 13.0671336072741 ] } },
{ "type": "Feature", "properties": { "shelter_name": null, "description": null, "id": "bus_shelter.252" }, "geometry": { "type": "Point", "coordinates": [ 80.268617339801807, 13.067205934677499 ] } },
{ "type": "Feature", "properties": { "shelter_name": null, "description": null, "id": "bus_shelter.253" }, "geometry": { "type": "Point", "coordinates": [ 80.267746195807504, 13.068908094554599 ] } },
{ "type": "Feature", "properties": { "shelter_name": null, "description": null, "id": "bus_shelter.254" }, "geometry": { "type": "Point", "coordinates": [ 80.267834595259799, 13.068878954871799 ] } },
{ "type": "Feature", "properties": { "shelter_name": null, "description": null, "id": "bus_shelter.255" }, "geometry": { "type": "Point", "coordinates": [ 80.265853876264899, 13.0702780493685 ] } },
{ "type": "Feature", "properties": { "shelter_name": null, "description": null, "id": "bus_shelter.256" }, "geometry": { "type": "Point", "coordinates": [ 80.208925417495806, 13.044197795343401 ] } },
{ "type": "Feature", "properties": { "shelter_name": null, "description": null, "id": "bus_shelter.257" }, "geometry": { "type": "Point", "coordinates": [ 80.208969026310299, 13.0440435253649 ] } },
{ "type": "Feature", "properties": { "shelter_name": null, "description": null, "id": "bus_shelter.258" }, "geometry": { "type": "Point", "coordinates": [ 80.2051048661571, 13.041127343571 ] } },
{ "type": "Feature", "properties": { "shelter_name": null, "description": null, "id": "bus_shelter.259" }, "geometry": { "type": "Point", "coordinates": [ 80.205209727079506, 13.040833656237799 ] } },
{ "type": "Feature", "properties": { "shelter_name": null, "description": null, "id": "bus_shelter.260" }, "geometry": { "type": "Point", "coordinates": [ 80.262226326079301, 13.0779391626498 ] } },
{ "type": "Feature", "properties": { "shelter_name": null, "description": null, "id": "bus_shelter.261" }, "geometry": { "type": "Point", "coordinates": [ 80.262141557144304, 13.0779266595701 ] } },
{ "type": "Feature", "properties": { "shelter_name": null, "description": null, "id": "bus_shelter.262" }, "geometry": { "type": "Point", "coordinates": [ 80.262066183562894, 13.0778998806943 ] } },
{ "type": "Feature", "properties": { "shelter_name": null, "description": null, "id": "bus_shelter.263" }, "geometry": { "type": "Point", "coordinates": [ 80.261301175208999, 13.077324398705001 ] } },
{ "type": "Feature", "properties": { "shelter_name": null, "description": null, "id": "bus_shelter.264" }, "geometry": { "type": "Point", "coordinates": [ 80.259049375212697, 13.075483055474599 ] } },
{ "type": "Feature", "properties": { "shelter_name": null, "description": null, "id": "bus_shelter.265" }, "geometry": { "type": "Point", "coordinates": [ 80.259194680522299, 13.0757778709657 ] } },
{ "type": "Feature", "properties": { "shelter_name": null, "description": null, "id": "bus_shelter.266" }, "geometry": { "type": "Point", "coordinates": [ 80.257933805314195, 13.097385850936201 ] } },
{ "type": "Feature", "properties": { "shelter_name": null, "description": null, "id": "bus_shelter.267" }, "geometry": { "type": "Point", "coordinates": [ 80.256106295132497, 13.073096621785901 ] } },
{ "type": "Feature", "properties": { "shelter_name": null, "description": null, "id": "bus_shelter.268" }, "geometry": { "type": "Point", "coordinates": [ 80.256157792879094, 13.073153051835501 ] } },
{ "type": "Feature", "properties": { "shelter_name": null, "description": null, "id": "bus_shelter.269" }, "geometry": { "type": "Point", "coordinates": [ 80.2565506039805, 13.074919311105599 ] } },
{ "type": "Feature", "properties": { "shelter_name": null, "description": null, "id": "bus_shelter.270" }, "geometry": { "type": "Point", "coordinates": [ 80.264135171186396, 13.0762532867712 ] } },
{ "type": "Feature", "properties": { "shelter_name": null, "description": null, "id": "bus_shelter.271" }, "geometry": { "type": "Point", "coordinates": [ 80.263623052896506, 13.077985246172799 ] } },
{ "type": "Feature", "properties": { "shelter_name": null, "description": null, "id": "bus_shelter.272" }, "geometry": { "type": "Point", "coordinates": [ 80.263581492680302, 13.0783659834247 ] } },
{ "type": "Feature", "properties": { "shelter_name": null, "description": null, "id": "bus_shelter.273" }, "geometry": { "type": "Point", "coordinates": [ 80.2640506162478, 13.075487994084099 ] } },
{ "type": "Feature", "properties": { "shelter_name": null, "description": null, "id": "bus_shelter.274" }, "geometry": { "type": "Point", "coordinates": [ 80.261647892398997, 13.073629134775301 ] } },
{ "type": "Feature", "properties": { "shelter_name": null, "description": null, "id": "bus_shelter.275" }, "geometry": { "type": "Point", "coordinates": [ 80.261726775017394, 13.0736919461136 ] } },
{ "type": "Feature", "properties": { "shelter_name": null, "description": null, "id": "bus_shelter.276" }, "geometry": { "type": "Point", "coordinates": [ 80.261685865571295, 13.0738808356743 ] } },
{ "type": "Feature", "properties": { "shelter_name": null, "description": null, "id": "bus_shelter.277" }, "geometry": { "type": "Point", "coordinates": [ 80.261624269582995, 13.0738295751332 ] } },
{ "type": "Feature", "properties": { "shelter_name": null, "description": null, "id": "bus_shelter.278" }, "geometry": { "type": "Point", "coordinates": [ 80.262007771620802, 13.0728338106855 ] } },
{ "type": "Feature", "properties": { "shelter_name": null, "description": null, "id": "bus_shelter.279" }, "geometry": { "type": "Point", "coordinates": [ 80.264675348424703, 13.071605093457899 ] } },
{ "type": "Feature", "properties": { "shelter_name": null, "description": null, "id": "bus_shelter.280" }, "geometry": { "type": "Point", "coordinates": [ 80.259110509333794, 13.0716647591652 ] } },
{ "type": "Feature", "properties": { "shelter_name": null, "description": null, "id": "bus_shelter.281" }, "geometry": { "type": "Point", "coordinates": [ 80.258950076541694, 13.071560162601401 ] } },
{ "type": "Feature", "properties": { "shelter_name": null, "description": null, "id": "bus_shelter.282" }, "geometry": { "type": "Point", "coordinates": [ 80.258793555606402, 13.0714277459403 ] } },
{ "type": "Feature", "properties": { "shelter_name": null, "description": null, "id": "bus_shelter.283" }, "geometry": { "type": "Point", "coordinates": [ 80.259521667135402, 13.071876180116799 ] } },
{ "type": "Feature", "properties": { "shelter_name": null, "description": null, "id": "bus_shelter.284" }, "geometry": { "type": "Point", "coordinates": [ 80.2549626788675, 13.067749787791101 ] } },
{ "type": "Feature", "properties": { "shelter_name": null, "description": null, "id": "bus_shelter.285" }, "geometry": { "type": "Point", "coordinates": [ 80.255014642814103, 13.067789955558499 ] } },
{ "type": "Feature", "properties": { "shelter_name": null, "description": null, "id": "bus_shelter.286" }, "geometry": { "type": "Point", "coordinates": [ 80.253567531922798, 13.0712947748116 ] } },
{ "type": "Feature", "properties": { "shelter_name": null, "description": null, "id": "bus_shelter.287" }, "geometry": { "type": "Point", "coordinates": [ 80.253277136292098, 13.0743974571007 ] } },
{ "type": "Feature", "properties": { "shelter_name": null, "description": null, "id": "bus_shelter.288" }, "geometry": { "type": "Point", "coordinates": [ 80.253413864184594, 13.074457062697199 ] } },
{ "type": "Feature", "properties": { "shelter_name": null, "description": null, "id": "bus_shelter.289" }, "geometry": { "type": "Point", "coordinates": [ 80.259146581263295, 13.064307112639399 ] } },
{ "type": "Feature", "properties": { "shelter_name": null, "description": null, "id": "bus_shelter.290" }, "geometry": { "type": "Point", "coordinates": [ 80.258933354293006, 13.064449993373101 ] } },
{ "type": "Feature", "properties": { "shelter_name": null, "description": null, "id": "bus_shelter.291" }, "geometry": { "type": "Point", "coordinates": [ 80.259065320566293, 13.064519641377901 ] } },
{ "type": "Feature", "properties": { "shelter_name": null, "description": null, "id": "bus_shelter.292" }, "geometry": { "type": "Point", "coordinates": [ 80.259110548252906, 13.064492258933599 ] } },
{ "type": "Feature", "properties": { "shelter_name": null, "description": null, "id": "bus_shelter.293" }, "geometry": { "type": "Point", "coordinates": [ 80.286891995919405, 13.103819708215299 ] } },
{ "type": "Feature", "properties": { "shelter_name": null, "description": null, "id": "bus_shelter.294" }, "geometry": { "type": "Point", "coordinates": [ 80.286740480377802, 13.1039037839685 ] } },
{ "type": "Feature", "properties": { "shelter_name": null, "description": null, "id": "bus_shelter.295" }, "geometry": { "type": "Point", "coordinates": [ 80.287546251475504, 13.1041551329504 ] } },
{ "type": "Feature", "properties": { "shelter_name": null, "description": null, "id": "bus_shelter.296" }, "geometry": { "type": "Point", "coordinates": [ 80.287482625934999, 13.1040417176596 ] } },
{ "type": "Feature", "properties": { "shelter_name": null, "description": null, "id": "bus_shelter.297" }, "geometry": { "type": "Point", "coordinates": [ 80.289832091687302, 13.10311779926 ] } },
{ "type": "Feature", "properties": { "shelter_name": null, "description": null, "id": "bus_shelter.298" }, "geometry": { "type": "Point", "coordinates": [ 80.289437517401097, 13.1031856801151 ] } },
{ "type": "Feature", "properties": { "shelter_name": null, "description": null, "id": "bus_shelter.299" }, "geometry": { "type": "Point", "coordinates": [ 80.286788872166198, 13.099740003943699 ] } },
{ "type": "Feature", "properties": { "shelter_name": null, "description": null, "id": "bus_shelter.300" }, "geometry": { "type": "Point", "coordinates": [ 80.286729368202003, 13.100185601631599 ] } },
{ "type": "Feature", "properties": { "shelter_name": null, "description": null, "id": "bus_shelter.301" }, "geometry": { "type": "Point", "coordinates": [ 80.2654039580828, 13.085365728951 ] } },
{ "type": "Feature", "properties": { "shelter_name": null, "description": null, "id": "bus_shelter.302" }, "geometry": { "type": "Point", "coordinates": [ 80.267000176468898, 13.0852497111844 ] } },
{ "type": "Feature", "properties": { "shelter_name": null, "description": null, "id": "bus_shelter.303" }, "geometry": { "type": "Point", "coordinates": [ 80.270016968631595, 13.087129945765399 ] } },
{ "type": "Feature", "properties": { "shelter_name": null, "description": null, "id": "bus_shelter.304" }, "geometry": { "type": "Point", "coordinates": [ 80.269783044004996, 13.087210111377299 ] } },
{ "type": "Feature", "properties": { "shelter_name": null, "description": null, "id": "bus_shelter.305" }, "geometry": { "type": "Point", "coordinates": [ 80.258716008391701, 13.090648898368901 ] } },
{ "type": "Feature", "properties": { "shelter_name": null, "description": null, "id": "bus_shelter.306" }, "geometry": { "type": "Point", "coordinates": [ 80.273913592822694, 13.081802726478401 ] } },
{ "type": "Feature", "properties": { "shelter_name": null, "description": null, "id": "bus_shelter.307" }, "geometry": { "type": "Point", "coordinates": [ 80.273415056914402, 13.0814054281923 ] } },
{ "type": "Feature", "properties": { "shelter_name": null, "description": null, "id": "bus_shelter.308" }, "geometry": { "type": "Point", "coordinates": [ 80.267761483598406, 13.0806200020105 ] } },
{ "type": "Feature", "properties": { "shelter_name": null, "description": null, "id": "bus_shelter.309" }, "geometry": { "type": "Point", "coordinates": [ 80.267152757133601, 13.080800307726401 ] } },
{ "type": "Feature", "properties": { "shelter_name": null, "description": null, "id": "bus_shelter.310" }, "geometry": { "type": "Point", "coordinates": [ 80.263595608041399, 13.0805220057991 ] } },
{ "type": "Feature", "properties": { "shelter_name": null, "description": null, "id": "bus_shelter.311" }, "geometry": { "type": "Point", "coordinates": [ 80.259743095549297, 13.0795793110512 ] } },
{ "type": "Feature", "properties": { "shelter_name": null, "description": null, "id": "bus_shelter.312" }, "geometry": { "type": "Point", "coordinates": [ 80.259412319586204, 13.0793262786776 ] } },
{ "type": "Feature", "properties": { "shelter_name": null, "description": null, "id": "bus_shelter.313" }, "geometry": { "type": "Point", "coordinates": [ 80.257603837054404, 13.086879806014 ] } },
{ "type": "Feature", "properties": { "shelter_name": null, "description": null, "id": "bus_shelter.314" }, "geometry": { "type": "Point", "coordinates": [ 80.262382462191397, 13.088246312319701 ] } },
{ "type": "Feature", "properties": { "shelter_name": null, "description": null, "id": "bus_shelter.315" }, "geometry": { "type": "Point", "coordinates": [ 80.265000771408197, 13.089959470494501 ] } },
{ "type": "Feature", "properties": { "shelter_name": null, "description": null, "id": "bus_shelter.316" }, "geometry": { "type": "Point", "coordinates": [ 80.264979633548904, 13.0898155740595 ] } },
{ "type": "Feature", "properties": { "shelter_name": null, "description": null, "id": "bus_shelter.317" }, "geometry": { "type": "Point", "coordinates": [ 80.275087570289998, 13.0976115917525 ] } },
{ "type": "Feature", "properties": { "shelter_name": null, "description": null, "id": "bus_shelter.318" }, "geometry": { "type": "Point", "coordinates": [ 80.271405629041993, 13.074935135658 ] } },
{ "type": "Feature", "properties": { "shelter_name": null, "description": null, "id": "bus_shelter.319" }, "geometry": { "type": "Point", "coordinates": [ 80.273459912083595, 13.074465023047299 ] } },
{ "type": "Feature", "properties": { "shelter_name": null, "description": null, "id": "bus_shelter.320" }, "geometry": { "type": "Point", "coordinates": [ 80.273702245831998, 13.072828980547801 ] } },
{ "type": "Feature", "properties": { "shelter_name": null, "description": null, "id": "bus_shelter.321" }, "geometry": { "type": "Point", "coordinates": [ 80.273963389929904, 13.072040023278101 ] } },
{ "type": "Feature", "properties": { "shelter_name": null, "description": null, "id": "bus_shelter.322" }, "geometry": { "type": "Point", "coordinates": [ 80.273991322918107, 13.0719578872806 ] } },
{ "type": "Feature", "properties": { "shelter_name": null, "description": null, "id": "bus_shelter.323" }, "geometry": { "type": "Point", "coordinates": [ 80.266605493435407, 13.077482442447 ] } },
{ "type": "Feature", "properties": { "shelter_name": null, "description": null, "id": "bus_shelter.324" }, "geometry": { "type": "Point", "coordinates": [ 80.241864506862399, 13.124352948415501 ] } },
{ "type": "Feature", "properties": { "shelter_name": null, "description": null, "id": "bus_shelter.325" }, "geometry": { "type": "Point", "coordinates": [ 80.241909017408005, 13.124888162851599 ] } },
{ "type": "Feature", "properties": { "shelter_name": null, "description": null, "id": "bus_shelter.326" }, "geometry": { "type": "Point", "coordinates": [ 80.242643746428001, 13.121046176773 ] } },
{ "type": "Feature", "properties": { "shelter_name": null, "description": null, "id": "bus_shelter.327" }, "geometry": { "type": "Point", "coordinates": [ 80.242626945446105, 13.1190133609505 ] } },
{ "type": "Feature", "properties": { "shelter_name": null, "description": null, "id": "bus_shelter.328" }, "geometry": { "type": "Point", "coordinates": [ 80.242573648568296, 13.119340224238099 ] } },
{ "type": "Feature", "properties": { "shelter_name": null, "description": null, "id": "bus_shelter.329" }, "geometry": { "type": "Point", "coordinates": [ 80.242481489521893, 13.116417880118 ] } },
{ "type": "Feature", "properties": { "shelter_name": null, "description": null, "id": "bus_shelter.330" }, "geometry": { "type": "Point", "coordinates": [ 80.2385936328253, 13.1116387186716 ] } },
{ "type": "Feature", "properties": { "shelter_name": null, "description": null, "id": "bus_shelter.331" }, "geometry": { "type": "Point", "coordinates": [ 80.240843142991693, 13.1103507833369 ] } },
{ "type": "Feature", "properties": { "shelter_name": null, "description": null, "id": "bus_shelter.332" }, "geometry": { "type": "Point", "coordinates": [ 80.2409568575478, 13.1101700501808 ] } },
{ "type": "Feature", "properties": { "shelter_name": null, "description": null, "id": "bus_shelter.333" }, "geometry": { "type": "Point", "coordinates": [ 80.227705027171098, 13.1132057686136 ] } },
{ "type": "Feature", "properties": { "shelter_name": null, "description": null, "id": "bus_shelter.334" }, "geometry": { "type": "Point", "coordinates": [ 80.230889856787599, 13.112509096853801 ] } },
{ "type": "Feature", "properties": { "shelter_name": null, "description": null, "id": "bus_shelter.335" }, "geometry": { "type": "Point", "coordinates": [ 80.226966891034095, 13.1135274925725 ] } },
{ "type": "Feature", "properties": { "shelter_name": null, "description": null, "id": "bus_shelter.336" }, "geometry": { "type": "Point", "coordinates": [ 80.222767752267004, 13.1151418792867 ] } },
{ "type": "Feature", "properties": { "shelter_name": null, "description": null, "id": "bus_shelter.337" }, "geometry": { "type": "Point", "coordinates": [ 80.219437562861202, 13.117686179481 ] } },
{ "type": "Feature", "properties": { "shelter_name": null, "description": null, "id": "bus_shelter.338" }, "geometry": { "type": "Point", "coordinates": [ 80.230864002947101, 13.1164686056341 ] } },
{ "type": "Feature", "properties": { "shelter_name": null, "description": null, "id": "bus_shelter.339" }, "geometry": { "type": "Point", "coordinates": [ 80.228335042758204, 13.117707510340001 ] } },
{ "type": "Feature", "properties": { "shelter_name": null, "description": null, "id": "bus_shelter.340" }, "geometry": { "type": "Point", "coordinates": [ 80.226222504236205, 13.118544710153101 ] } },
{ "type": "Feature", "properties": { "shelter_name": null, "description": null, "id": "bus_shelter.341" }, "geometry": { "type": "Point", "coordinates": [ 80.224293851509898, 13.120441442177199 ] } },
{ "type": "Feature", "properties": { "shelter_name": null, "description": null, "id": "bus_shelter.342" }, "geometry": { "type": "Point", "coordinates": [ 80.224347969398494, 13.120368299922401 ] } },
{ "type": "Feature", "properties": { "shelter_name": null, "description": null, "id": "bus_shelter.343" }, "geometry": { "type": "Point", "coordinates": [ 80.225364464840197, 12.978328137459799 ] } },
{ "type": "Feature", "properties": { "shelter_name": null, "description": null, "id": "bus_shelter.344" }, "geometry": { "type": "Point", "coordinates": [ 80.225315499319095, 12.9786279359378 ] } },
{ "type": "Feature", "properties": { "shelter_name": null, "description": null, "id": "bus_shelter.345" }, "geometry": { "type": "Point", "coordinates": [ 80.230374178452095, 12.981697589492899 ] } },
{ "type": "Feature", "properties": { "shelter_name": null, "description": null, "id": "bus_shelter.346" }, "geometry": { "type": "Point", "coordinates": [ 80.228409803775307, 12.9801915022757 ] } },
{ "type": "Feature", "properties": { "shelter_name": null, "description": null, "id": "bus_shelter.347" }, "geometry": { "type": "Point", "coordinates": [ 80.221103342257805, 12.9756052355389 ] } },
{ "type": "Feature", "properties": { "shelter_name": null, "description": null, "id": "bus_shelter.348" }, "geometry": { "type": "Point", "coordinates": [ 80.221809036346897, 12.9764733056326 ] } },
{ "type": "Feature", "properties": { "shelter_name": null, "description": null, "id": "bus_shelter.349" }, "geometry": { "type": "Point", "coordinates": [ 80.221970765670903, 12.9830751743477 ] } },
{ "type": "Feature", "properties": { "shelter_name": null, "description": null, "id": "bus_shelter.350" }, "geometry": { "type": "Point", "coordinates": [ 80.252547290900395, 13.0978719163975 ] } },
{ "type": "Feature", "properties": { "shelter_name": null, "description": null, "id": "bus_shelter.351" }, "geometry": { "type": "Point", "coordinates": [ 80.259160701711394, 13.0964285820539 ] } },
{ "type": "Feature", "properties": { "shelter_name": null, "description": null, "id": "bus_shelter.352" }, "geometry": { "type": "Point", "coordinates": [ 80.251397775589396, 13.0971618365043 ] } },
{ "type": "Feature", "properties": { "shelter_name": null, "description": null, "id": "bus_shelter.353" }, "geometry": { "type": "Point", "coordinates": [ 80.250880537098993, 13.092892036896 ] } },
{ "type": "Feature", "properties": { "shelter_name": null, "description": null, "id": "bus_shelter.354" }, "geometry": { "type": "Point", "coordinates": [ 80.2673865915676, 12.995620777647799 ] } },
{ "type": "Feature", "properties": { "shelter_name": null, "description": null, "id": "bus_shelter.355" }, "geometry": { "type": "Point", "coordinates": [ 80.262359907194394, 12.9961918441912 ] } },
{ "type": "Feature", "properties": { "shelter_name": null, "description": null, "id": "bus_shelter.356" }, "geometry": { "type": "Point", "coordinates": [ 80.241018370643204, 13.129080768581501 ] } },
{ "type": "Feature", "properties": { "shelter_name": null, "description": null, "id": "bus_shelter.357" }, "geometry": { "type": "Point", "coordinates": [ 80.239989892957198, 13.131836221317601 ] } },
{ "type": "Feature", "properties": { "shelter_name": null, "description": null, "id": "bus_shelter.358" }, "geometry": { "type": "Point", "coordinates": [ 80.238628180282504, 13.134835425632399 ] } },
{ "type": "Feature", "properties": { "shelter_name": null, "description": null, "id": "bus_shelter.359" }, "geometry": { "type": "Point", "coordinates": [ 80.238694986064004, 13.135092771422901 ] } },
{ "type": "Feature", "properties": { "shelter_name": null, "description": null, "id": "bus_shelter.360" }, "geometry": { "type": "Point", "coordinates": [ 80.237830377741702, 13.1375023657056 ] } },
{ "type": "Feature", "properties": { "shelter_name": null, "description": null, "id": "bus_shelter.361" }, "geometry": { "type": "Point", "coordinates": [ 78.199136283023705, 11.662425125479499 ] } },
{ "type": "Feature", "properties": { "shelter_name": null, "description": null, "id": "bus_shelter.362" }, "geometry": { "type": "Point", "coordinates": [ 80.237870175007004, 13.138130585440001 ] } },
{ "type": "Feature", "properties": { "shelter_name": null, "description": null, "id": "bus_shelter.363" }, "geometry": { "type": "Point", "coordinates": [ 80.237081776662393, 13.1414842876469 ] } },
{ "type": "Feature", "properties": { "shelter_name": null, "description": null, "id": "bus_shelter.364" }, "geometry": { "type": "Point", "coordinates": [ 80.237393199978996, 13.1410730565806 ] } },
{ "type": "Feature", "properties": { "shelter_name": null, "description": null, "id": "bus_shelter.365" }, "geometry": { "type": "Point", "coordinates": [ 80.216515458588702, 13.0750050696047 ] } },
{ "type": "Feature", "properties": { "shelter_name": null, "description": null, "id": "bus_shelter.366" }, "geometry": { "type": "Point", "coordinates": [ 80.216725757572107, 13.075284941098399 ] } },
{ "type": "Feature", "properties": { "shelter_name": null, "description": null, "id": "bus_shelter.367" }, "geometry": { "type": "Point", "coordinates": [ 80.216639120478305, 13.0752939960775 ] } },
{ "type": "Feature", "properties": { "shelter_name": null, "description": null, "id": "bus_shelter.368" }, "geometry": { "type": "Point", "coordinates": [ 80.217444969348506, 13.0753618755879 ] } },
{ "type": "Feature", "properties": { "shelter_name": null, "description": null, "id": "bus_shelter.369" }, "geometry": { "type": "Point", "coordinates": [ 80.2175236223448, 13.075388868824099 ] } },
{ "type": "Feature", "properties": { "shelter_name": null, "description": null, "id": "bus_shelter.370" }, "geometry": { "type": "Point", "coordinates": [ 80.215652351632201, 13.075116071964599 ] } },
{ "type": "Feature", "properties": { "shelter_name": null, "description": null, "id": "bus_shelter.371" }, "geometry": { "type": "Point", "coordinates": [ 80.213346682619502, 13.076132533225101 ] } },
{ "type": "Feature", "properties": { "shelter_name": null, "description": null, "id": "bus_shelter.372" }, "geometry": { "type": "Point", "coordinates": [ 80.2088716680137, 13.0770840798258 ] } },
{ "type": "Feature", "properties": { "shelter_name": null, "description": null, "id": "bus_shelter.373" }, "geometry": { "type": "Point", "coordinates": [ 80.208799735369595, 13.077077225469299 ] } },
{ "type": "Feature", "properties": { "shelter_name": null, "description": null, "id": "bus_shelter.374" }, "geometry": { "type": "Point", "coordinates": [ 80.204332942947104, 13.076755225542099 ] } },
{ "type": "Feature", "properties": { "shelter_name": null, "description": null, "id": "bus_shelter.375" }, "geometry": { "type": "Point", "coordinates": [ 80.218227145473506, 13.0764551711389 ] } },
{ "type": "Feature", "properties": { "shelter_name": null, "description": null, "id": "bus_shelter.376" }, "geometry": { "type": "Point", "coordinates": [ 80.218044303210405, 13.077773456891499 ] } },
{ "type": "Feature", "properties": { "shelter_name": null, "description": null, "id": "bus_shelter.377" }, "geometry": { "type": "Point", "coordinates": [ 80.218011437444702, 13.0779277297748 ] } },
{ "type": "Feature", "properties": { "shelter_name": null, "description": null, "id": "bus_shelter.378" }, "geometry": { "type": "Point", "coordinates": [ 80.218125208747296, 13.077341250250401 ] } },
{ "type": "Feature", "properties": { "shelter_name": null, "description": null, "id": "bus_shelter.379" }, "geometry": { "type": "Point", "coordinates": [ 80.217697322552795, 13.0813168752018 ] } },
{ "type": "Feature", "properties": { "shelter_name": null, "description": null, "id": "bus_shelter.380" }, "geometry": { "type": "Point", "coordinates": [ 80.217951665593802, 13.0814125177469 ] } },
{ "type": "Feature", "properties": { "shelter_name": null, "description": null, "id": "bus_shelter.381" }, "geometry": { "type": "Point", "coordinates": [ 80.210148263435102, 13.082391333309699 ] } },
{ "type": "Feature", "properties": { "shelter_name": null, "description": null, "id": "bus_shelter.382" }, "geometry": { "type": "Point", "coordinates": [ 80.215921410293006, 13.084793639758599 ] } },
{ "type": "Feature", "properties": { "shelter_name": null, "description": null, "id": "bus_shelter.383" }, "geometry": { "type": "Point", "coordinates": [ 80.213306558573905, 13.0849177505547 ] } },
{ "type": "Feature", "properties": { "shelter_name": null, "description": null, "id": "bus_shelter.384" }, "geometry": { "type": "Point", "coordinates": [ 80.213176944616393, 13.084922743605601 ] } },
{ "type": "Feature", "properties": { "shelter_name": null, "description": null, "id": "bus_shelter.385" }, "geometry": { "type": "Point", "coordinates": [ 80.211104742964295, 13.0850138449398 ] } },
{ "type": "Feature", "properties": { "shelter_name": null, "description": null, "id": "bus_shelter.386" }, "geometry": { "type": "Point", "coordinates": [ 80.211127732049405, 13.0847306637309 ] } },
{ "type": "Feature", "properties": { "shelter_name": null, "description": null, "id": "bus_shelter.387" }, "geometry": { "type": "Point", "coordinates": [ 80.209209535633093, 13.0851154784391 ] } },
{ "type": "Feature", "properties": { "shelter_name": null, "description": null, "id": "bus_shelter.388" }, "geometry": { "type": "Point", "coordinates": [ 80.209315362053999, 13.0851128015904 ] } },
{ "type": "Feature", "properties": { "shelter_name": null, "description": null, "id": "bus_shelter.389" }, "geometry": { "type": "Point", "coordinates": [ 80.209381034588006, 13.084795035078599 ] } },
{ "type": "Feature", "properties": { "shelter_name": null, "description": null, "id": "bus_shelter.390" }, "geometry": { "type": "Point", "coordinates": [ 80.213847066601602, 13.0905778621813 ] } },
{ "type": "Feature", "properties": { "shelter_name": null, "description": null, "id": "bus_shelter.391" }, "geometry": { "type": "Point", "coordinates": [ 80.193734953543895, 12.977714194265401 ] } },
{ "type": "Feature", "properties": { "shelter_name": null, "description": null, "id": "bus_shelter.392" }, "geometry": { "type": "Point", "coordinates": [ 80.193899256113497, 12.977717686378099 ] } },
{ "type": "Feature", "properties": { "shelter_name": null, "description": null, "id": "bus_shelter.393" }, "geometry": { "type": "Point", "coordinates": [ 80.195306289685007, 12.981052316091001 ] } },
{ "type": "Feature", "properties": { "shelter_name": null, "description": null, "id": "bus_shelter.394" }, "geometry": { "type": "Point", "coordinates": [ 80.239633133066704, 13.1455085328005 ] } },
{ "type": "Feature", "properties": { "shelter_name": null, "description": null, "id": "bus_shelter.395" }, "geometry": { "type": "Point", "coordinates": [ 80.230510802407593, 13.1481197429096 ] } },
{ "type": "Feature", "properties": { "shelter_name": null, "description": null, "id": "bus_shelter.396" }, "geometry": { "type": "Point", "coordinates": [ 80.232274590269697, 13.145459178069901 ] } },
{ "type": "Feature", "properties": { "shelter_name": null, "description": null, "id": "bus_shelter.397" }, "geometry": { "type": "Point", "coordinates": [ 80.218917700518702, 12.971333640752199 ] } },
{ "type": "Feature", "properties": { "shelter_name": null, "description": null, "id": "bus_shelter.398" }, "geometry": { "type": "Point", "coordinates": [ 80.217776914932401, 12.983644220738601 ] } },
{ "type": "Feature", "properties": { "shelter_name": null, "description": null, "id": "bus_shelter.399" }, "geometry": { "type": "Point", "coordinates": [ 80.2085654604832, 12.9808316923809 ] } },
{ "type": "Feature", "properties": { "shelter_name": null, "description": null, "id": "bus_shelter.400" }, "geometry": { "type": "Point", "coordinates": [ 80.209411482972797, 12.977927766191 ] } },
{ "type": "Feature", "properties": { "shelter_name": null, "description": null, "id": "bus_shelter.401" }, "geometry": { "type": "Point", "coordinates": [ 80.216933508115503, 13.0971794052042 ] } },
{ "type": "Feature", "properties": { "shelter_name": null, "description": null, "id": "bus_shelter.402" }, "geometry": { "type": "Point", "coordinates": [ 80.216852882011807, 13.097385862450301 ] } },
{ "type": "Feature", "properties": { "shelter_name": null, "description": null, "id": "bus_shelter.403" }, "geometry": { "type": "Point", "coordinates": [ 80.222531315231706, 13.095234766186101 ] } },
{ "type": "Feature", "properties": { "shelter_name": null, "description": null, "id": "bus_shelter.404" }, "geometry": { "type": "Point", "coordinates": [ 80.222620042084102, 13.0954142385787 ] } },
{ "type": "Feature", "properties": { "shelter_name": null, "description": null, "id": "bus_shelter.405" }, "geometry": { "type": "Point", "coordinates": [ 80.220942117195406, 13.0920439637254 ] } },
{ "type": "Feature", "properties": { "shelter_name": null, "description": null, "id": "bus_shelter.406" }, "geometry": { "type": "Point", "coordinates": [ 80.220426017064, 13.092236053445101 ] } },
{ "type": "Feature", "properties": { "shelter_name": null, "description": null, "id": "bus_shelter.407" }, "geometry": { "type": "Point", "coordinates": [ 80.217856101037299, 13.0854821581125 ] } },
{ "type": "Feature", "properties": { "shelter_name": null, "description": null, "id": "bus_shelter.408" }, "geometry": { "type": "Point", "coordinates": [ 80.218152201811904, 13.085633902846 ] } },
{ "type": "Feature", "properties": { "shelter_name": null, "description": null, "id": "bus_shelter.409" }, "geometry": { "type": "Point", "coordinates": [ 80.217948204088302, 13.0879009560842 ] } },
{ "type": "Feature", "properties": { "shelter_name": null, "description": null, "id": "bus_shelter.410" }, "geometry": { "type": "Point", "coordinates": [ 80.218057178503898, 13.090990459167999 ] } },
{ "type": "Feature", "properties": { "shelter_name": null, "description": null, "id": "bus_shelter.411" }, "geometry": { "type": "Point", "coordinates": [ 80.218326677731596, 13.0900171490904 ] } },
{ "type": "Feature", "properties": { "shelter_name": null, "description": null, "id": "bus_shelter.412" }, "geometry": { "type": "Point", "coordinates": [ 80.218918925759198, 13.095571539899799 ] } },
{ "type": "Feature", "properties": { "shelter_name": null, "description": null, "id": "bus_shelter.413" }, "geometry": { "type": "Point", "coordinates": [ 80.218409978736901, 13.094937764979999 ] } },
{ "type": "Feature", "properties": { "shelter_name": null, "description": null, "id": "bus_shelter.414" }, "geometry": { "type": "Point", "coordinates": [ 80.221202767237202, 13.074662708346301 ] } },
{ "type": "Feature", "properties": { "shelter_name": null, "description": null, "id": "bus_shelter.415" }, "geometry": { "type": "Point", "coordinates": [ 80.215414502849697, 13.062543574174599 ] } },
{ "type": "Feature", "properties": { "shelter_name": null, "description": null, "id": "bus_shelter.416" }, "geometry": { "type": "Point", "coordinates": [ 80.199609195728996, 13.1408347243708 ] } },
{ "type": "Feature", "properties": { "shelter_name": null, "description": null, "id": "bus_shelter.417" }, "geometry": { "type": "Point", "coordinates": [ 80.190294272661902, 13.137898743945399 ] } },
{ "type": "Feature", "properties": { "shelter_name": null, "description": null, "id": "bus_shelter.418" }, "geometry": { "type": "Point", "coordinates": [ 80.193049626689401, 13.151814900622 ] } },
{ "type": "Feature", "properties": { "shelter_name": null, "description": null, "id": "bus_shelter.419" }, "geometry": { "type": "Point", "coordinates": [ 80.180419599679894, 13.1407224403568 ] } },
{ "type": "Feature", "properties": { "shelter_name": null, "description": null, "id": "bus_shelter.420" }, "geometry": { "type": "Point", "coordinates": [ 80.290174020575705, 13.118645020559599 ] } },
{ "type": "Feature", "properties": { "shelter_name": null, "description": null, "id": "bus_shelter.421" }, "geometry": { "type": "Point", "coordinates": [ 80.290163312803898, 13.1189494933011 ] } },
{ "type": "Feature", "properties": { "shelter_name": null, "description": null, "id": "bus_shelter.422" }, "geometry": { "type": "Point", "coordinates": [ 80.231163622584802, 13.082594003865999 ] } },
{ "type": "Feature", "properties": { "shelter_name": null, "description": null, "id": "bus_shelter.423" }, "geometry": { "type": "Point", "coordinates": [ 80.231276550371106, 13.082543760484301 ] } },
{ "type": "Feature", "properties": { "shelter_name": null, "description": null, "id": "bus_shelter.424" }, "geometry": { "type": "Point", "coordinates": [ 80.233685759004103, 13.0766428522365 ] } },
{ "type": "Feature", "properties": { "shelter_name": null, "description": null, "id": "bus_shelter.425" }, "geometry": { "type": "Point", "coordinates": [ 80.233666735866606, 13.076739435975499 ] } },
{ "type": "Feature", "properties": { "shelter_name": null, "description": null, "id": "bus_shelter.426" }, "geometry": { "type": "Point", "coordinates": [ 80.233460459691599, 13.0802619914868 ] } },
{ "type": "Feature", "properties": { "shelter_name": null, "description": null, "id": "bus_shelter.427" }, "geometry": { "type": "Point", "coordinates": [ 80.233546607181793, 13.0796091494799 ] } },
{ "type": "Feature", "properties": { "shelter_name": null, "description": null, "id": "bus_shelter.428" }, "geometry": { "type": "Point", "coordinates": [ 80.233670067561405, 13.082202246673001 ] } },
{ "type": "Feature", "properties": { "shelter_name": null, "description": null, "id": "bus_shelter.429" }, "geometry": { "type": "Point", "coordinates": [ 80.233923544116905, 13.084034087022401 ] } },
{ "type": "Feature", "properties": { "shelter_name": null, "description": null, "id": "bus_shelter.430" }, "geometry": { "type": "Point", "coordinates": [ 80.233940446503198, 13.084132223106 ] } },
{ "type": "Feature", "properties": { "shelter_name": null, "description": null, "id": "bus_shelter.431" }, "geometry": { "type": "Point", "coordinates": [ 80.234681795926903, 13.083516684406201 ] } },
{ "type": "Feature", "properties": { "shelter_name": null, "description": null, "id": "bus_shelter.432" }, "geometry": { "type": "Point", "coordinates": [ 80.234752788872001, 13.0835250289561 ] } },
{ "type": "Feature", "properties": { "shelter_name": null, "description": null, "id": "bus_shelter.433" }, "geometry": { "type": "Point", "coordinates": [ 80.241764335703607, 13.0831039525556 ] } },
{ "type": "Feature", "properties": { "shelter_name": null, "description": null, "id": "bus_shelter.434" }, "geometry": { "type": "Point", "coordinates": [ 80.241835705415497, 13.0831246059723 ] } },
{ "type": "Feature", "properties": { "shelter_name": null, "description": null, "id": "bus_shelter.435" }, "geometry": { "type": "Point", "coordinates": [ 80.241942992717597, 13.082614049350999 ] } },
{ "type": "Feature", "properties": { "shelter_name": null, "description": null, "id": "bus_shelter.436" }, "geometry": { "type": "Point", "coordinates": [ 80.242045003060198, 13.082595496370701 ] } },
{ "type": "Feature", "properties": { "shelter_name": null, "description": null, "id": "bus_shelter.437" }, "geometry": { "type": "Point", "coordinates": [ 80.244563749363195, 13.0840226437696 ] } },
{ "type": "Feature", "properties": { "shelter_name": null, "description": null, "id": "bus_shelter.438" }, "geometry": { "type": "Point", "coordinates": [ 80.246610502162298, 13.085680546589201 ] } },
{ "type": "Feature", "properties": { "shelter_name": null, "description": null, "id": "bus_shelter.439" }, "geometry": { "type": "Point", "coordinates": [ 80.246744969842794, 13.085693673678101 ] } },
{ "type": "Feature", "properties": { "shelter_name": null, "description": null, "id": "bus_shelter.440" }, "geometry": { "type": "Point", "coordinates": [ 80.246563295821005, 13.085854124578701 ] } },
{ "type": "Feature", "properties": { "shelter_name": null, "description": null, "id": "bus_shelter.441" }, "geometry": { "type": "Point", "coordinates": [ 80.250085569379294, 13.084711419266201 ] } },
{ "type": "Feature", "properties": { "shelter_name": null, "description": null, "id": "bus_shelter.442" }, "geometry": { "type": "Point", "coordinates": [ 80.250065777206004, 13.0846053149774 ] } },
{ "type": "Feature", "properties": { "shelter_name": null, "description": null, "id": "bus_shelter.443" }, "geometry": { "type": "Point", "coordinates": [ 80.249847236845696, 13.083290217159099 ] } },
{ "type": "Feature", "properties": { "shelter_name": null, "description": null, "id": "bus_shelter.444" }, "geometry": { "type": "Point", "coordinates": [ 80.244310059142293, 13.0787495523773 ] } },
{ "type": "Feature", "properties": { "shelter_name": null, "description": null, "id": "bus_shelter.445" }, "geometry": { "type": "Point", "coordinates": [ 80.244314100069204, 13.0788143823323 ] } },
{ "type": "Feature", "properties": { "shelter_name": null, "description": null, "id": "bus_shelter.446" }, "geometry": { "type": "Point", "coordinates": [ 80.234830930532496, 13.0761139175598 ] } },
{ "type": "Feature", "properties": { "shelter_name": null, "description": null, "id": "bus_shelter.447" }, "geometry": { "type": "Point", "coordinates": [ 80.234905241897096, 13.0761297431425 ] } },
{ "type": "Feature", "properties": { "shelter_name": null, "description": null, "id": "bus_shelter.448" }, "geometry": { "type": "Point", "coordinates": [ 80.234462477252094, 13.0757797770954 ] } },
{ "type": "Feature", "properties": { "shelter_name": null, "description": null, "id": "bus_shelter.449" }, "geometry": { "type": "Point", "coordinates": [ 80.237439232340606, 13.0763896579462 ] } },
{ "type": "Feature", "properties": { "shelter_name": null, "description": null, "id": "bus_shelter.450" }, "geometry": { "type": "Point", "coordinates": [ 80.239311759277498, 13.0770768329756 ] } },
{ "type": "Feature", "properties": { "shelter_name": null, "description": null, "id": "bus_shelter.451" }, "geometry": { "type": "Point", "coordinates": [ 80.242790675315405, 13.0778534847584 ] } },
{ "type": "Feature", "properties": { "shelter_name": null, "description": null, "id": "bus_shelter.452" }, "geometry": { "type": "Point", "coordinates": [ 80.242713264017596, 13.077838745476701 ] } },
{ "type": "Feature", "properties": { "shelter_name": null, "description": null, "id": "bus_shelter.453" }, "geometry": { "type": "Point", "coordinates": [ 80.249261236951298, 13.078764836309499 ] } },
{ "type": "Feature", "properties": { "shelter_name": null, "description": null, "id": "bus_shelter.454" }, "geometry": { "type": "Point", "coordinates": [ 80.242895219338095, 13.0775932872389 ] } },
{ "type": "Feature", "properties": { "shelter_name": null, "description": null, "id": "bus_shelter.455" }, "geometry": { "type": "Point", "coordinates": [ 80.242975893083894, 13.0776076978558 ] } },
{ "type": "Feature", "properties": { "shelter_name": null, "description": null, "id": "bus_shelter.456" }, "geometry": { "type": "Point", "coordinates": [ 80.214349319871005, 13.065914440151699 ] } },
{ "type": "Feature", "properties": { "shelter_name": null, "description": null, "id": "bus_shelter.457" }, "geometry": { "type": "Point", "coordinates": [ 80.215280683481794, 13.0695086017802 ] } },
{ "type": "Feature", "properties": { "shelter_name": null, "description": null, "id": "bus_shelter.458" }, "geometry": { "type": "Point", "coordinates": [ 80.241978422282202, 13.0699778331847 ] } },
{ "type": "Feature", "properties": { "shelter_name": null, "description": null, "id": "bus_shelter.459" }, "geometry": { "type": "Point", "coordinates": [ 80.241957709629801, 13.0700481079732 ] } },
{ "type": "Feature", "properties": { "shelter_name": null, "description": null, "id": "bus_shelter.460" }, "geometry": { "type": "Point", "coordinates": [ 80.242145805315303, 13.0702036866325 ] } },
{ "type": "Feature", "properties": { "shelter_name": null, "description": null, "id": "bus_shelter.461" }, "geometry": { "type": "Point", "coordinates": [ 80.243411951411602, 13.069495347977099 ] } },
{ "type": "Feature", "properties": { "shelter_name": null, "description": null, "id": "bus_shelter.462" }, "geometry": { "type": "Point", "coordinates": [ 80.243483909717895, 13.0693357800271 ] } },
{ "type": "Feature", "properties": { "shelter_name": null, "description": null, "id": "bus_shelter.463" }, "geometry": { "type": "Point", "coordinates": [ 80.243428117148497, 13.0693112983652 ] } },
{ "type": "Feature", "properties": { "shelter_name": null, "description": null, "id": "bus_shelter.464" }, "geometry": { "type": "Point", "coordinates": [ 80.248505127384803, 13.071507814058201 ] } },
{ "type": "Feature", "properties": { "shelter_name": null, "description": null, "id": "bus_shelter.465" }, "geometry": { "type": "Point", "coordinates": [ 80.249288884063205, 13.0714643624522 ] } },
{ "type": "Feature", "properties": { "shelter_name": null, "description": null, "id": "bus_shelter.466" }, "geometry": { "type": "Point", "coordinates": [ 80.2493703637453, 13.0714740724184 ] } },
{ "type": "Feature", "properties": { "shelter_name": null, "description": null, "id": "bus_shelter.467" }, "geometry": { "type": "Point", "coordinates": [ 80.2469693902312, 13.0707686251188 ] } },
{ "type": "Feature", "properties": { "shelter_name": null, "description": null, "id": "bus_shelter.468" }, "geometry": { "type": "Point", "coordinates": [ 80.142895480584102, 13.0366117868216 ] } },
{ "type": "Feature", "properties": { "shelter_name": null, "description": null, "id": "bus_shelter.469" }, "geometry": { "type": "Point", "coordinates": [ 80.152883778940904, 13.0364041301287 ] } },
{ "type": "Feature", "properties": { "shelter_name": null, "description": null, "id": "bus_shelter.470" }, "geometry": { "type": "Point", "coordinates": [ 80.146087189418793, 13.0363925099453 ] } },
{ "type": "Feature", "properties": { "shelter_name": null, "description": null, "id": "bus_shelter.471" }, "geometry": { "type": "Point", "coordinates": [ 80.204789540053596, 12.9888816728529 ] } },
{ "type": "Feature", "properties": { "shelter_name": null, "description": null, "id": "bus_shelter.472" }, "geometry": { "type": "Point", "coordinates": [ 80.204876713336205, 12.984434268981699 ] } },
{ "type": "Feature", "properties": { "shelter_name": null, "description": null, "id": "bus_shelter.473" }, "geometry": { "type": "Point", "coordinates": [ 80.203998706713506, 12.9339237500811 ] } },
{ "type": "Feature", "properties": { "shelter_name": null, "description": null, "id": "bus_shelter.474" }, "geometry": { "type": "Point", "coordinates": [ 80.206114760688806, 12.941082294384101 ] } },
{ "type": "Feature", "properties": { "shelter_name": null, "description": null, "id": "bus_shelter.475" }, "geometry": { "type": "Point", "coordinates": [ 80.208565124335493, 12.9443067204566 ] } },
{ "type": "Feature", "properties": { "shelter_name": null, "description": null, "id": "bus_shelter.476" }, "geometry": { "type": "Point", "coordinates": [ 80.208339280498805, 12.9442856298853 ] } },
{ "type": "Feature", "properties": { "shelter_name": null, "description": null, "id": "bus_shelter.477" }, "geometry": { "type": "Point", "coordinates": [ 80.2856142176541, 13.091195560142999 ] } },
{ "type": "Feature", "properties": { "shelter_name": null, "description": null, "id": "bus_shelter.478" }, "geometry": { "type": "Point", "coordinates": [ 80.286187982134805, 13.0936315332729 ] } },
{ "type": "Feature", "properties": { "shelter_name": null, "description": null, "id": "bus_shelter.479" }, "geometry": { "type": "Point", "coordinates": [ 80.243193323783402, 12.9863743218704 ] } },
{ "type": "Feature", "properties": { "shelter_name": null, "description": null, "id": "bus_shelter.480" }, "geometry": { "type": "Point", "coordinates": [ 80.251165772283997, 12.9801932282208 ] } },
{ "type": "Feature", "properties": { "shelter_name": null, "description": null, "id": "bus_shelter.481" }, "geometry": { "type": "Point", "coordinates": [ 80.251580325240099, 12.980328747142099 ] } },
{ "type": "Feature", "properties": { "shelter_name": null, "description": null, "id": "bus_shelter.482" }, "geometry": { "type": "Point", "coordinates": [ 80.242706404043304, 12.9814446912634 ] } },
{ "type": "Feature", "properties": { "shelter_name": null, "description": null, "id": "bus_shelter.483" }, "geometry": { "type": "Point", "coordinates": [ 80.242624018550202, 12.9814458022312 ] } },
{ "type": "Feature", "properties": { "shelter_name": null, "description": null, "id": "bus_shelter.484" }, "geometry": { "type": "Point", "coordinates": [ 80.238571059333495, 12.981412463056101 ] } },
{ "type": "Feature", "properties": { "shelter_name": null, "description": null, "id": "bus_shelter.485" }, "geometry": { "type": "Point", "coordinates": [ 80.238155065199905, 12.9811440634488 ] } },
{ "type": "Feature", "properties": { "shelter_name": null, "description": null, "id": "bus_shelter.486" }, "geometry": { "type": "Point", "coordinates": [ 80.233463163715598, 12.9817088817178 ] } },
{ "type": "Feature", "properties": { "shelter_name": null, "description": null, "id": "bus_shelter.487" }, "geometry": { "type": "Point", "coordinates": [ 80.232984394501997, 12.981661059358901 ] } },
{ "type": "Feature", "properties": { "shelter_name": null, "description": null, "id": "bus_shelter.488" }, "geometry": { "type": "Point", "coordinates": [ 80.202717240578707, 12.9740102324718 ] } },
{ "type": "Feature", "properties": { "shelter_name": null, "description": null, "id": "bus_shelter.489" }, "geometry": { "type": "Point", "coordinates": [ 80.2261208321938, 13.0221106425066 ] } },
{ "type": "Feature", "properties": { "shelter_name": null, "description": null, "id": "bus_shelter.490" }, "geometry": { "type": "Point", "coordinates": [ 80.228143444990593, 13.0242538443418 ] } },
{ "type": "Feature", "properties": { "shelter_name": null, "description": null, "id": "bus_shelter.491" }, "geometry": { "type": "Point", "coordinates": [ 80.229754699632295, 13.0254311820678 ] } },
{ "type": "Feature", "properties": { "shelter_name": null, "description": null, "id": "bus_shelter.492" }, "geometry": { "type": "Point", "coordinates": [ 80.2371993614627, 13.0297479848664 ] } },
{ "type": "Feature", "properties": { "shelter_name": null, "description": null, "id": "bus_shelter.493" }, "geometry": { "type": "Point", "coordinates": [ 80.237557817220207, 13.029650917047199 ] } },
{ "type": "Feature", "properties": { "shelter_name": null, "description": null, "id": "bus_shelter.494" }, "geometry": { "type": "Point", "coordinates": [ 80.227366877163405, 13.0229997990306 ] } },
{ "type": "Feature", "properties": { "shelter_name": null, "description": null, "id": "bus_shelter.495" }, "geometry": { "type": "Point", "coordinates": [ 80.225961002603299, 13.0213316413647 ] } },
{ "type": "Feature", "properties": { "shelter_name": null, "description": null, "id": "bus_shelter.496" }, "geometry": { "type": "Point", "coordinates": [ 80.226543475903298, 13.013889437091199 ] } },
{ "type": "Feature", "properties": { "shelter_name": null, "description": null, "id": "bus_shelter.497" }, "geometry": { "type": "Point", "coordinates": [ 80.252658407825905, 13.102397697463299 ] } },
{ "type": "Feature", "properties": { "shelter_name": null, "description": null, "id": "bus_shelter.498" }, "geometry": { "type": "Point", "coordinates": [ 80.233165723433103, 13.0083843569143 ] } },
{ "type": "Feature", "properties": { "shelter_name": null, "description": null, "id": "bus_shelter.499" }, "geometry": { "type": "Point", "coordinates": [ 80.240230190546697, 13.0074818965963 ] } },
{ "type": "Feature", "properties": { "shelter_name": null, "description": null, "id": "bus_shelter.500" }, "geometry": { "type": "Point", "coordinates": [ 80.240377565753107, 13.009827260878 ] } },
{ "type": "Feature", "properties": { "shelter_name": null, "description": null, "id": "bus_shelter.501" }, "geometry": { "type": "Point", "coordinates": [ 80.240560219746797, 13.0101334707643 ] } },
{ "type": "Feature", "properties": { "shelter_name": null, "description": null, "id": "bus_shelter.502" }, "geometry": { "type": "Point", "coordinates": [ 80.235797847520004, 13.007654079374101 ] } },
{ "type": "Feature", "properties": { "shelter_name": null, "description": null, "id": "bus_shelter.503" }, "geometry": { "type": "Point", "coordinates": [ 80.225102494777104, 13.0105167307558 ] } },
{ "type": "Feature", "properties": { "shelter_name": null, "description": null, "id": "bus_shelter.504" }, "geometry": { "type": "Point", "coordinates": [ 80.222297812406296, 13.011679540526099 ] } },
{ "type": "Feature", "properties": { "shelter_name": null, "description": null, "id": "bus_shelter.505" }, "geometry": { "type": "Point", "coordinates": [ 80.227123407754704, 13.0289190826067 ] } },
{ "type": "Feature", "properties": { "shelter_name": null, "description": null, "id": "bus_shelter.506" }, "geometry": { "type": "Point", "coordinates": [ 80.227274427622106, 13.028844891567299 ] } },
{ "type": "Feature", "properties": { "shelter_name": null, "description": null, "id": "bus_shelter.507" }, "geometry": { "type": "Point", "coordinates": [ 80.262949857056498, 13.021254557068699 ] } },
{ "type": "Feature", "properties": { "shelter_name": null, "description": null, "id": "bus_shelter.508" }, "geometry": { "type": "Point", "coordinates": [ 80.2635824405764, 13.0226485087925 ] } },
{ "type": "Feature", "properties": { "shelter_name": null, "description": null, "id": "bus_shelter.509" }, "geometry": { "type": "Point", "coordinates": [ 80.323585447613098, 13.2262977018851 ] } },
{ "type": "Feature", "properties": { "shelter_name": null, "description": null, "id": "bus_shelter.510" }, "geometry": { "type": "Point", "coordinates": [ 80.263595340056099, 13.0223247197451 ] } },
{ "type": "Feature", "properties": { "shelter_name": null, "description": null, "id": "bus_shelter.511" }, "geometry": { "type": "Point", "coordinates": [ 80.263143568375995, 13.0213977717203 ] } },
{ "type": "Feature", "properties": { "shelter_name": null, "description": null, "id": "bus_shelter.512" }, "geometry": { "type": "Point", "coordinates": [ 80.263942194426207, 13.0191852872219 ] } },
{ "type": "Feature", "properties": { "shelter_name": null, "description": null, "id": "bus_shelter.513" }, "geometry": { "type": "Point", "coordinates": [ 80.263618784533193, 13.0189824046823 ] } },
{ "type": "Feature", "properties": { "shelter_name": null, "description": null, "id": "bus_shelter.514" }, "geometry": { "type": "Point", "coordinates": [ 80.268270654166201, 13.019730154909301 ] } },
{ "type": "Feature", "properties": { "shelter_name": null, "description": null, "id": "bus_shelter.515" }, "geometry": { "type": "Point", "coordinates": [ 80.270095978074195, 13.0210137891959 ] } },
{ "type": "Feature", "properties": { "shelter_name": null, "description": null, "id": "bus_shelter.516" }, "geometry": { "type": "Point", "coordinates": [ 80.270037583959095, 13.0209632941406 ] } },
{ "type": "Feature", "properties": { "shelter_name": null, "description": null, "id": "bus_shelter.517" }, "geometry": { "type": "Point", "coordinates": [ 80.270192231274194, 13.021321226271301 ] } },
{ "type": "Feature", "properties": { "shelter_name": null, "description": null, "id": "bus_shelter.518" }, "geometry": { "type": "Point", "coordinates": [ 80.270110788473403, 13.0212464490735 ] } },
{ "type": "Feature", "properties": { "shelter_name": null, "description": null, "id": "bus_shelter.519" }, "geometry": { "type": "Point", "coordinates": [ 80.259669231829804, 13.015946598933199 ] } },
{ "type": "Feature", "properties": { "shelter_name": null, "description": null, "id": "bus_shelter.520" }, "geometry": { "type": "Point", "coordinates": [ 80.259691505898004, 13.0159998576202 ] } },
{ "type": "Feature", "properties": { "shelter_name": null, "description": null, "id": "bus_shelter.521" }, "geometry": { "type": "Point", "coordinates": [ 80.259610819446905, 13.0164445608791 ] } },
{ "type": "Feature", "properties": { "shelter_name": null, "description": null, "id": "bus_shelter.522" }, "geometry": { "type": "Point", "coordinates": [ 80.259653086015703, 13.016506109388599 ] } },
{ "type": "Feature", "properties": { "shelter_name": null, "description": null, "id": "bus_shelter.523" }, "geometry": { "type": "Point", "coordinates": [ 80.255832451270805, 12.989159366444699 ] } },
{ "type": "Feature", "properties": { "shelter_name": null, "description": null, "id": "bus_shelter.524" }, "geometry": { "type": "Point", "coordinates": [ 80.254678561034893, 12.987710291775899 ] } },
{ "type": "Feature", "properties": { "shelter_name": null, "description": null, "id": "bus_shelter.525" }, "geometry": { "type": "Point", "coordinates": [ 80.253108802029701, 12.995194144845501 ] } },
{ "type": "Feature", "properties": { "shelter_name": null, "description": null, "id": "bus_shelter.526" }, "geometry": { "type": "Point", "coordinates": [ 80.253006962621797, 12.995377537182099 ] } },
{ "type": "Feature", "properties": { "shelter_name": null, "description": null, "id": "bus_shelter.527" }, "geometry": { "type": "Point", "coordinates": [ 80.255948432775696, 12.9988427163442 ] } },
{ "type": "Feature", "properties": { "shelter_name": null, "description": null, "id": "bus_shelter.528" }, "geometry": { "type": "Point", "coordinates": [ 80.256126937925103, 12.9984841587295 ] } },
{ "type": "Feature", "properties": { "shelter_name": null, "description": null, "id": "bus_shelter.529" }, "geometry": { "type": "Point", "coordinates": [ 80.2586864386667, 13.007888036456899 ] } },
{ "type": "Feature", "properties": { "shelter_name": null, "description": null, "id": "bus_shelter.530" }, "geometry": { "type": "Point", "coordinates": [ 80.253964614679106, 13.006443471089099 ] } },
{ "type": "Feature", "properties": { "shelter_name": null, "description": null, "id": "bus_shelter.531" }, "geometry": { "type": "Point", "coordinates": [ 80.253167648113703, 13.0066988029578 ] } },
{ "type": "Feature", "properties": { "shelter_name": null, "description": null, "id": "bus_shelter.532" }, "geometry": { "type": "Point", "coordinates": [ 80.249433782433798, 13.0069404402825 ] } },
{ "type": "Feature", "properties": { "shelter_name": null, "description": null, "id": "bus_shelter.533" }, "geometry": { "type": "Point", "coordinates": [ 80.249614846603805, 13.006943435810999 ] } },
{ "type": "Feature", "properties": { "shelter_name": null, "description": null, "id": "bus_shelter.534" }, "geometry": { "type": "Point", "coordinates": [ 80.249784904859894, 13.006709444473101 ] } },
{ "type": "Feature", "properties": { "shelter_name": null, "description": null, "id": "bus_shelter.535" }, "geometry": { "type": "Point", "coordinates": [ 80.316789417886696, 13.210258050360901 ] } },
{ "type": "Feature", "properties": { "shelter_name": null, "description": null, "id": "bus_shelter.536" }, "geometry": { "type": "Point", "coordinates": [ 80.315723650387, 13.207397529819 ] } },
{ "type": "Feature", "properties": { "shelter_name": null, "description": null, "id": "bus_shelter.537" }, "geometry": { "type": "Point", "coordinates": [ 80.318683949980098, 13.212771750914101 ] } },
{ "type": "Feature", "properties": { "shelter_name": null, "description": null, "id": "bus_shelter.538" }, "geometry": { "type": "Point", "coordinates": [ 80.273798044461699, 13.2256917397522 ] } },
{ "type": "Feature", "properties": { "shelter_name": null, "description": null, "id": "bus_shelter.539" }, "geometry": { "type": "Point", "coordinates": [ 80.272599121165101, 13.2181906071947 ] } },
{ "type": "Feature", "properties": { "shelter_name": null, "description": null, "id": "bus_shelter.540" }, "geometry": { "type": "Point", "coordinates": [ 80.272826156708405, 13.2183113492649 ] } },
{ "type": "Feature", "properties": { "shelter_name": null, "description": null, "id": "bus_shelter.541" }, "geometry": { "type": "Point", "coordinates": [ 80.270895472460296, 13.207924634785 ] } },
{ "type": "Feature", "properties": { "shelter_name": null, "description": null, "id": "bus_shelter.542" }, "geometry": { "type": "Point", "coordinates": [ 80.276508236557305, 13.2047389089627 ] } },
{ "type": "Feature", "properties": { "shelter_name": null, "description": null, "id": "bus_shelter.543" }, "geometry": { "type": "Point", "coordinates": [ 80.276316569623503, 13.204437592126901 ] } },
{ "type": "Feature", "properties": { "shelter_name": null, "description": null, "id": "bus_shelter.544" }, "geometry": { "type": "Point", "coordinates": [ 80.269823019170005, 13.192040591539801 ] } },
{ "type": "Feature", "properties": { "shelter_name": null, "description": null, "id": "bus_shelter.545" }, "geometry": { "type": "Point", "coordinates": [ 80.269490686898905, 13.192275789318799 ] } },
{ "type": "Feature", "properties": { "shelter_name": null, "description": null, "id": "bus_shelter.546" }, "geometry": { "type": "Point", "coordinates": [ 80.207991381855507, 13.1532888186203 ] } },
{ "type": "Feature", "properties": { "shelter_name": null, "description": null, "id": "bus_shelter.547" }, "geometry": { "type": "Point", "coordinates": [ 80.248429690782004, 13.1399850258436 ] } },
{ "type": "Feature", "properties": { "shelter_name": null, "description": null, "id": "bus_shelter.548" }, "geometry": { "type": "Point", "coordinates": [ 80.250334665313304, 13.1459070941698 ] } },
{ "type": "Feature", "properties": { "shelter_name": null, "description": null, "id": "bus_shelter.549" }, "geometry": { "type": "Point", "coordinates": [ 80.258186344900196, 13.143360012535499 ] } },
{ "type": "Feature", "properties": { "shelter_name": null, "description": null, "id": "bus_shelter.550" }, "geometry": { "type": "Point", "coordinates": [ 80.246299575738703, 13.138084081999001 ] } },
{ "type": "Feature", "properties": { "shelter_name": null, "description": null, "id": "bus_shelter.551" }, "geometry": { "type": "Point", "coordinates": [ 80.257924890446006, 12.986951296943699 ] } },
{ "type": "Feature", "properties": { "shelter_name": null, "description": null, "id": "bus_shelter.552" }, "geometry": { "type": "Point", "coordinates": [ 80.257916623672202, 12.986857407030101 ] } },
{ "type": "Feature", "properties": { "shelter_name": null, "description": null, "id": "bus_shelter.553" }, "geometry": { "type": "Point", "coordinates": [ 80.259665126024203, 12.9850254441514 ] } },
{ "type": "Feature", "properties": { "shelter_name": null, "description": null, "id": "bus_shelter.554" }, "geometry": { "type": "Point", "coordinates": [ 80.259644511631194, 12.985760206124899 ] } },
{ "type": "Feature", "properties": { "shelter_name": null, "description": null, "id": "bus_shelter.555" }, "geometry": { "type": "Point", "coordinates": [ 80.258970190733393, 12.9767362081882 ] } },
{ "type": "Feature", "properties": { "shelter_name": null, "description": null, "id": "bus_shelter.556" }, "geometry": { "type": "Point", "coordinates": [ 80.259213261767698, 12.977404493867599 ] } },
{ "type": "Feature", "properties": { "shelter_name": null, "description": null, "id": "bus_shelter.557" }, "geometry": { "type": "Point", "coordinates": [ 80.316845250583, 13.1858670718883 ] } },
{ "type": "Feature", "properties": { "shelter_name": null, "description": null, "id": "bus_shelter.558" }, "geometry": { "type": "Point", "coordinates": [ 80.315114214714896, 13.1840958274608 ] } },
{ "type": "Feature", "properties": { "shelter_name": null, "description": null, "id": "bus_shelter.559" }, "geometry": { "type": "Point", "coordinates": [ 80.311811337388605, 13.184940890583301 ] } },
{ "type": "Feature", "properties": { "shelter_name": null, "description": null, "id": "bus_shelter.560" }, "geometry": { "type": "Point", "coordinates": [ 80.3112780891461, 13.1849092681228 ] } },
{ "type": "Feature", "properties": { "shelter_name": null, "description": null, "id": "bus_shelter.561" }, "geometry": { "type": "Point", "coordinates": [ 80.308826001114596, 13.184195881871201 ] } },
{ "type": "Feature", "properties": { "shelter_name": null, "description": null, "id": "bus_shelter.562" }, "geometry": { "type": "Point", "coordinates": [ 80.150093176672002, 13.119518103128801 ] } },
{ "type": "Feature", "properties": { "shelter_name": null, "description": null, "id": "bus_shelter.563" }, "geometry": { "type": "Point", "coordinates": [ 80.1464248685499, 13.117803343439601 ] } },
{ "type": "Feature", "properties": { "shelter_name": null, "description": null, "id": "bus_shelter.564" }, "geometry": { "type": "Point", "coordinates": [ 80.146904872863004, 13.1179610040003 ] } },
{ "type": "Feature", "properties": { "shelter_name": null, "description": null, "id": "bus_shelter.565" }, "geometry": { "type": "Point", "coordinates": [ 80.158235656175194, 13.120532649521399 ] } },
{ "type": "Feature", "properties": { "shelter_name": null, "description": null, "id": "bus_shelter.566" }, "geometry": { "type": "Point", "coordinates": [ 80.256882126509794, 13.136601791352 ] } },
{ "type": "Feature", "properties": { "shelter_name": null, "description": null, "id": "bus_shelter.567" }, "geometry": { "type": "Point", "coordinates": [ 80.253738146705302, 13.1342344767762 ] } },
{ "type": "Feature", "properties": { "shelter_name": null, "description": null, "id": "bus_shelter.568" }, "geometry": { "type": "Point", "coordinates": [ 80.252393330264994, 13.131449884221199 ] } },
{ "type": "Feature", "properties": { "shelter_name": null, "description": null, "id": "bus_shelter.569" }, "geometry": { "type": "Point", "coordinates": [ 80.246939674868202, 13.124614935731699 ] } },
{ "type": "Feature", "properties": { "shelter_name": null, "description": null, "id": "bus_shelter.570" }, "geometry": { "type": "Point", "coordinates": [ 80.242102160260998, 13.1287326716393 ] } },
{ "type": "Feature", "properties": { "shelter_name": null, "description": null, "id": "bus_shelter.571" }, "geometry": { "type": "Point", "coordinates": [ 80.274733780658707, 13.024723832874001 ] } },
{ "type": "Feature", "properties": { "shelter_name": null, "description": null, "id": "bus_shelter.572" }, "geometry": { "type": "Point", "coordinates": [ 80.2640499598552, 13.026483645680401 ] } },
{ "type": "Feature", "properties": { "shelter_name": null, "description": null, "id": "bus_shelter.573" }, "geometry": { "type": "Point", "coordinates": [ 80.263718516875699, 13.028271195784599 ] } },
{ "type": "Feature", "properties": { "shelter_name": null, "description": null, "id": "bus_shelter.574" }, "geometry": { "type": "Point", "coordinates": [ 80.251041233417993, 13.1222210498255 ] } },
{ "type": "Feature", "properties": { "shelter_name": null, "description": null, "id": "bus_shelter.575" }, "geometry": { "type": "Point", "coordinates": [ 80.250909885558499, 13.122054844988 ] } },
{ "type": "Feature", "properties": { "shelter_name": null, "description": null, "id": "bus_shelter.576" }, "geometry": { "type": "Point", "coordinates": [ 80.254456744739898, 13.1204049342051 ] } },
{ "type": "Feature", "properties": { "shelter_name": null, "description": null, "id": "bus_shelter.577" }, "geometry": { "type": "Point", "coordinates": [ 80.254720833335497, 13.1204498061535 ] } },
{ "type": "Feature", "properties": { "shelter_name": null, "description": null, "id": "bus_shelter.578" }, "geometry": { "type": "Point", "coordinates": [ 80.258721498270802, 13.1183819556336 ] } },
{ "type": "Feature", "properties": { "shelter_name": null, "description": null, "id": "bus_shelter.579" }, "geometry": { "type": "Point", "coordinates": [ 80.258306790707294, 13.1314637073048 ] } },
{ "type": "Feature", "properties": { "shelter_name": null, "description": null, "id": "bus_shelter.580" }, "geometry": { "type": "Point", "coordinates": [ 80.253004068232997, 13.1316125491976 ] } },
{ "type": "Feature", "properties": { "shelter_name": null, "description": null, "id": "bus_shelter.581" }, "geometry": { "type": "Point", "coordinates": [ 80.259066653872395, 13.1247889836086 ] } },
{ "type": "Feature", "properties": { "shelter_name": null, "description": null, "id": "bus_shelter.582" }, "geometry": { "type": "Point", "coordinates": [ 80.259218430109897, 13.1247985256439 ] } },
{ "type": "Feature", "properties": { "shelter_name": null, "description": null, "id": "bus_shelter.583" }, "geometry": { "type": "Point", "coordinates": [ 80.216772788958806, 13.024706608792201 ] } },
{ "type": "Feature", "properties": { "shelter_name": null, "description": null, "id": "bus_shelter.584" }, "geometry": { "type": "Point", "coordinates": [ 80.219350453855995, 13.024902531246401 ] } },
{ "type": "Feature", "properties": { "shelter_name": null, "description": null, "id": "bus_shelter.585" }, "geometry": { "type": "Point", "coordinates": [ 80.219227894274596, 13.024895517264801 ] } },
{ "type": "Feature", "properties": { "shelter_name": null, "description": null, "id": "bus_shelter.586" }, "geometry": { "type": "Point", "coordinates": [ 80.219286161424506, 13.0249009072169 ] } },
{ "type": "Feature", "properties": { "shelter_name": null, "description": null, "id": "bus_shelter.587" }, "geometry": { "type": "Point", "coordinates": [ 80.219516969559393, 13.019643139323399 ] } },
{ "type": "Feature", "properties": { "shelter_name": null, "description": null, "id": "bus_shelter.588" }, "geometry": { "type": "Point", "coordinates": [ 80.219414713102495, 13.019873167877099 ] } },
{ "type": "Feature", "properties": { "shelter_name": null, "description": null, "id": "bus_shelter.589" }, "geometry": { "type": "Point", "coordinates": [ 80.200330653259101, 13.0687866913532 ] } },
{ "type": "Feature", "properties": { "shelter_name": null, "description": null, "id": "bus_shelter.590" }, "geometry": { "type": "Point", "coordinates": [ 80.200149121793601, 13.068900733546499 ] } },
{ "type": "Feature", "properties": { "shelter_name": null, "description": null, "id": "bus_shelter.591" }, "geometry": { "type": "Point", "coordinates": [ 80.200317178616501, 13.0739899643855 ] } },
{ "type": "Feature", "properties": { "shelter_name": null, "description": null, "id": "bus_shelter.592" }, "geometry": { "type": "Point", "coordinates": [ 80.199411225089193, 13.074439917490899 ] } },
{ "type": "Feature", "properties": { "shelter_name": null, "description": null, "id": "bus_shelter.593" }, "geometry": { "type": "Point", "coordinates": [ 80.197155924639802, 13.062837357672599 ] } },
{ "type": "Feature", "properties": { "shelter_name": null, "description": null, "id": "bus_shelter.594" }, "geometry": { "type": "Point", "coordinates": [ 80.1972382449609, 13.063271128468999 ] } },
{ "type": "Feature", "properties": { "shelter_name": null, "description": null, "id": "bus_shelter.595" }, "geometry": { "type": "Point", "coordinates": [ 80.194440541937496, 13.057694440880899 ] } },
{ "type": "Feature", "properties": { "shelter_name": null, "description": null, "id": "bus_shelter.596" }, "geometry": { "type": "Point", "coordinates": [ 80.196972543418994, 13.0540435718338 ] } },
{ "type": "Feature", "properties": { "shelter_name": null, "description": null, "id": "bus_shelter.597" }, "geometry": { "type": "Point", "coordinates": [ 80.319997728967095, 13.223360331346299 ] } },
{ "type": "Feature", "properties": { "shelter_name": null, "description": null, "id": "bus_shelter.598" }, "geometry": { "type": "Point", "coordinates": [ 80.320201380634401, 13.2235450636439 ] } },
{ "type": "Feature", "properties": { "shelter_name": null, "description": null, "id": "bus_shelter.599" }, "geometry": { "type": "Point", "coordinates": [ 80.320842458210905, 13.2248978727924 ] } },
{ "type": "Feature", "properties": { "shelter_name": null, "description": null, "id": "bus_shelter.600" }, "geometry": { "type": "Point", "coordinates": [ 80.324249964422094, 13.2264257762033 ] } },
{ "type": "Feature", "properties": { "shelter_name": null, "description": null, "id": "bus_shelter.601" }, "geometry": { "type": "Point", "coordinates": [ 80.326530285081503, 13.2272433174029 ] } },
{ "type": "Feature", "properties": { "shelter_name": null, "description": null, "id": "bus_shelter.602" }, "geometry": { "type": "Point", "coordinates": [ 80.326783696246906, 13.227233082185601 ] } },
{ "type": "Feature", "properties": { "shelter_name": null, "description": null, "id": "bus_shelter.603" }, "geometry": { "type": "Point", "coordinates": [ 80.199113739190096, 13.103317218380401 ] } },
{ "type": "Feature", "properties": { "shelter_name": null, "description": null, "id": "bus_shelter.604" }, "geometry": { "type": "Point", "coordinates": [ 80.198880074742604, 13.1030120362757 ] } },
{ "type": "Feature", "properties": { "shelter_name": null, "description": null, "id": "bus_shelter.605" }, "geometry": { "type": "Point", "coordinates": [ 80.202760997807999, 13.1037093715395 ] } },
{ "type": "Feature", "properties": { "shelter_name": null, "description": null, "id": "bus_shelter.606" }, "geometry": { "type": "Point", "coordinates": [ 80.201683739284704, 13.103349903039501 ] } },
{ "type": "Feature", "properties": { "shelter_name": null, "description": null, "id": "bus_shelter.607" }, "geometry": { "type": "Point", "coordinates": [ 80.259789037951805, 13.099476464483001 ] } },
{ "type": "Feature", "properties": { "shelter_name": null, "description": null, "id": "bus_shelter.608" }, "geometry": { "type": "Point", "coordinates": [ 80.259887149186397, 13.100820851419501 ] } },
{ "type": "Feature", "properties": { "shelter_name": null, "description": null, "id": "bus_shelter.609" }, "geometry": { "type": "Point", "coordinates": [ 80.259933451179705, 13.1009690998333 ] } },
{ "type": "Feature", "properties": { "shelter_name": null, "description": null, "id": "bus_shelter.610" }, "geometry": { "type": "Point", "coordinates": [ 80.259915279508704, 13.100152305040201 ] } },
{ "type": "Feature", "properties": { "shelter_name": null, "description": null, "id": "bus_shelter.611" }, "geometry": { "type": "Point", "coordinates": [ 80.259539399456699, 13.0990784276055 ] } },
{ "type": "Feature", "properties": { "shelter_name": null, "description": null, "id": "bus_shelter.612" }, "geometry": { "type": "Point", "coordinates": [ 80.252669621656295, 13.1029446187747 ] } },
{ "type": "Feature", "properties": { "shelter_name": null, "description": null, "id": "bus_shelter.613" }, "geometry": { "type": "Point", "coordinates": [ 80.208679548546002, 13.102749990016299 ] } },
{ "type": "Feature", "properties": { "shelter_name": null, "description": null, "id": "bus_shelter.614" }, "geometry": { "type": "Point", "coordinates": [ 80.210981392877699, 13.101973571731 ] } },
{ "type": "Feature", "properties": { "shelter_name": null, "description": null, "id": "bus_shelter.615" }, "geometry": { "type": "Point", "coordinates": [ 80.211083923427907, 13.101934039739399 ] } },
{ "type": "Feature", "properties": { "shelter_name": null, "description": null, "id": "bus_shelter.616" }, "geometry": { "type": "Point", "coordinates": [ 80.212602243134896, 13.101528390345999 ] } },
{ "type": "Feature", "properties": { "shelter_name": null, "description": null, "id": "bus_shelter.617" }, "geometry": { "type": "Point", "coordinates": [ 80.238653794937505, 12.927996194678901 ] } },
{ "type": "Feature", "properties": { "shelter_name": null, "description": null, "id": "bus_shelter.618" }, "geometry": { "type": "Point", "coordinates": [ 80.238426005917603, 12.931145786761499 ] } },
{ "type": "Feature", "properties": { "shelter_name": null, "description": null, "id": "bus_shelter.619" }, "geometry": { "type": "Point", "coordinates": [ 80.238678448825695, 12.9313809200489 ] } },
{ "type": "Feature", "properties": { "shelter_name": null, "description": null, "id": "bus_shelter.620" }, "geometry": { "type": "Point", "coordinates": [ 80.230202037639103, 13.0666767093382 ] } },
{ "type": "Feature", "properties": { "shelter_name": null, "description": null, "id": "bus_shelter.621" }, "geometry": { "type": "Point", "coordinates": [ 80.241080918581105, 13.094254162886701 ] } },
{ "type": "Feature", "properties": { "shelter_name": null, "description": null, "id": "bus_shelter.622" }, "geometry": { "type": "Point", "coordinates": [ 80.241059798088202, 13.0941711554742 ] } },
{ "type": "Feature", "properties": { "shelter_name": null, "description": null, "id": "bus_shelter.623" }, "geometry": { "type": "Point", "coordinates": [ 80.241140257425599, 13.093711604341699 ] } },
{ "type": "Feature", "properties": { "shelter_name": null, "description": null, "id": "bus_shelter.624" }, "geometry": { "type": "Point", "coordinates": [ 80.241123973078899, 13.0936367904914 ] } },
{ "type": "Feature", "properties": { "shelter_name": null, "description": null, "id": "bus_shelter.625" }, "geometry": { "type": "Point", "coordinates": [ 80.240765180664496, 13.0907875415483 ] } },
{ "type": "Feature", "properties": { "shelter_name": null, "description": null, "id": "bus_shelter.626" }, "geometry": { "type": "Point", "coordinates": [ 80.240947009286401, 13.0911810155085 ] } },
{ "type": "Feature", "properties": { "shelter_name": null, "description": null, "id": "bus_shelter.627" }, "geometry": { "type": "Point", "coordinates": [ 80.241842157679898, 13.088382350402901 ] } },
{ "type": "Feature", "properties": { "shelter_name": null, "description": null, "id": "bus_shelter.628" }, "geometry": { "type": "Point", "coordinates": [ 80.186549150492496, 13.100105234761999 ] } },
{ "type": "Feature", "properties": { "shelter_name": null, "description": null, "id": "bus_shelter.629" }, "geometry": { "type": "Point", "coordinates": [ 80.186549574581605, 13.1002016780005 ] } },
{ "type": "Feature", "properties": { "shelter_name": null, "description": null, "id": "bus_shelter.630" }, "geometry": { "type": "Point", "coordinates": [ 80.186272484692097, 13.103506656688401 ] } },
{ "type": "Feature", "properties": { "shelter_name": null, "description": null, "id": "bus_shelter.631" }, "geometry": { "type": "Point", "coordinates": [ 80.240559073586596, 13.0524639487125 ] } },
{ "type": "Feature", "properties": { "shelter_name": null, "description": null, "id": "bus_shelter.632" }, "geometry": { "type": "Point", "coordinates": [ 80.186466398745196, 13.1036491402528 ] } },
{ "type": "Feature", "properties": { "shelter_name": null, "description": null, "id": "bus_shelter.633" }, "geometry": { "type": "Point", "coordinates": [ 80.186629908550003, 13.106869077699001 ] } },
{ "type": "Feature", "properties": { "shelter_name": null, "description": null, "id": "bus_shelter.634" }, "geometry": { "type": "Point", "coordinates": [ 80.215736296497695, 13.1002214256337 ] } },
{ "type": "Feature", "properties": { "shelter_name": null, "description": null, "id": "bus_shelter.635" }, "geometry": { "type": "Point", "coordinates": [ 80.215580484128694, 13.1001384716839 ] } },
{ "type": "Feature", "properties": { "shelter_name": null, "description": null, "id": "bus_shelter.636" }, "geometry": { "type": "Point", "coordinates": [ 80.215509813911694, 13.100173546267699 ] } },
{ "type": "Feature", "properties": { "shelter_name": null, "description": null, "id": "bus_shelter.637" }, "geometry": { "type": "Point", "coordinates": [ 80.215846183956003, 13.100032106327101 ] } },
{ "type": "Feature", "properties": { "shelter_name": null, "description": null, "id": "bus_shelter.638" }, "geometry": { "type": "Point", "coordinates": [ 80.219540582276295, 13.0991229324512 ] } },
{ "type": "Feature", "properties": { "shelter_name": null, "description": null, "id": "bus_shelter.639" }, "geometry": { "type": "Point", "coordinates": [ 80.219731783520601, 13.099257976565999 ] } },
{ "type": "Feature", "properties": { "shelter_name": null, "description": null, "id": "bus_shelter.640" }, "geometry": { "type": "Point", "coordinates": [ 80.219831210037796, 13.099238497324301 ] } },
{ "type": "Feature", "properties": { "shelter_name": null, "description": null, "id": "bus_shelter.641" }, "geometry": { "type": "Point", "coordinates": [ 80.225388444896396, 13.0999972280988 ] } },
{ "type": "Feature", "properties": { "shelter_name": null, "description": null, "id": "bus_shelter.642" }, "geometry": { "type": "Point", "coordinates": [ 80.225644550351603, 13.100031601471301 ] } },
{ "type": "Feature", "properties": { "shelter_name": null, "description": null, "id": "bus_shelter.643" }, "geometry": { "type": "Point", "coordinates": [ 80.225494671856794, 13.099880610963901 ] } },
{ "type": "Feature", "properties": { "shelter_name": null, "description": null, "id": "bus_shelter.644" }, "geometry": { "type": "Point", "coordinates": [ 80.226540020996893, 13.1001314304776 ] } },
{ "type": "Feature", "properties": { "shelter_name": null, "description": null, "id": "bus_shelter.645" }, "geometry": { "type": "Point", "coordinates": [ 80.230507122230605, 13.0996040434799 ] } },
{ "type": "Feature", "properties": { "shelter_name": null, "description": null, "id": "bus_shelter.646" }, "geometry": { "type": "Point", "coordinates": [ 80.229723429139696, 13.0997045022708 ] } },
{ "type": "Feature", "properties": { "shelter_name": null, "description": null, "id": "bus_shelter.647" }, "geometry": { "type": "Point", "coordinates": [ 80.240154542408902, 12.942417483508599 ] } },
{ "type": "Feature", "properties": { "shelter_name": null, "description": null, "id": "bus_shelter.648" }, "geometry": { "type": "Point", "coordinates": [ 80.242073432945702, 12.937910223035299 ] } },
{ "type": "Feature", "properties": { "shelter_name": null, "description": null, "id": "bus_shelter.649" }, "geometry": { "type": "Point", "coordinates": [ 80.165042101695704, 13.132136334116 ] } },
{ "type": "Feature", "properties": { "shelter_name": null, "description": null, "id": "bus_shelter.650" }, "geometry": { "type": "Point", "coordinates": [ 80.165378671056203, 13.1318406665587 ] } },
{ "type": "Feature", "properties": { "shelter_name": null, "description": null, "id": "bus_shelter.651" }, "geometry": { "type": "Point", "coordinates": [ 80.169991815973205, 13.1322006185747 ] } },
{ "type": "Feature", "properties": { "shelter_name": null, "description": null, "id": "bus_shelter.652" }, "geometry": { "type": "Point", "coordinates": [ 80.169617184678103, 13.1319998082355 ] } },
{ "type": "Feature", "properties": { "shelter_name": null, "description": null, "id": "bus_shelter.653" }, "geometry": { "type": "Point", "coordinates": [ 80.173711724614293, 13.1332538245984 ] } },
{ "type": "Feature", "properties": { "shelter_name": null, "description": null, "id": "bus_shelter.654" }, "geometry": { "type": "Point", "coordinates": [ 80.256260057833401, 13.0560895342792 ] } },
{ "type": "Feature", "properties": { "shelter_name": null, "description": null, "id": "bus_shelter.655" }, "geometry": { "type": "Point", "coordinates": [ 80.256115570488305, 13.056284580407899 ] } },
{ "type": "Feature", "properties": { "shelter_name": null, "description": null, "id": "bus_shelter.656" }, "geometry": { "type": "Point", "coordinates": [ 80.183087808368001, 12.9710457919101 ] } },
{ "type": "Feature", "properties": { "shelter_name": null, "description": null, "id": "bus_shelter.657" }, "geometry": { "type": "Point", "coordinates": [ 80.181508876519999, 12.977754496600401 ] } },
{ "type": "Feature", "properties": { "shelter_name": null, "description": null, "id": "bus_shelter.658" }, "geometry": { "type": "Point", "coordinates": [ 80.182947938904604, 12.9780741858307 ] } },
{ "type": "Feature", "properties": { "shelter_name": null, "description": null, "id": "bus_shelter.659" }, "geometry": { "type": "Point", "coordinates": [ 80.187165285273906, 12.9807378225037 ] } },
{ "type": "Feature", "properties": { "shelter_name": null, "description": null, "id": "bus_shelter.660" }, "geometry": { "type": "Point", "coordinates": [ 80.182923516670996, 12.9798953836007 ] } },
{ "type": "Feature", "properties": { "shelter_name": null, "description": null, "id": "bus_shelter.661" }, "geometry": { "type": "Point", "coordinates": [ 80.243888093922394, 12.877684887267201 ] } },
{ "type": "Feature", "properties": { "shelter_name": null, "description": null, "id": "bus_shelter.662" }, "geometry": { "type": "Point", "coordinates": [ 80.245802425237798, 12.886233802534701 ] } },
{ "type": "Feature", "properties": { "shelter_name": null, "description": null, "id": "bus_shelter.663" }, "geometry": { "type": "Point", "coordinates": [ 80.247371186568898, 12.8981571946446 ] } },
{ "type": "Feature", "properties": { "shelter_name": null, "description": null, "id": "bus_shelter.664" }, "geometry": { "type": "Point", "coordinates": [ 80.246892190026202, 12.8976841669653 ] } },
{ "type": "Feature", "properties": { "shelter_name": null, "description": null, "id": "bus_shelter.665" }, "geometry": { "type": "Point", "coordinates": [ 80.243625948372397, 12.8692029188978 ] } },
{ "type": "Feature", "properties": { "shelter_name": null, "description": null, "id": "bus_shelter.666" }, "geometry": { "type": "Point", "coordinates": [ 80.243374785061206, 12.8685476289746 ] } },
{ "type": "Feature", "properties": { "shelter_name": null, "description": null, "id": "bus_shelter.667" }, "geometry": { "type": "Point", "coordinates": [ 80.241991121666103, 12.8595044164423 ] } },
{ "type": "Feature", "properties": { "shelter_name": null, "description": null, "id": "bus_shelter.668" }, "geometry": { "type": "Point", "coordinates": [ 80.2504911446036, 12.914735775237 ] } },
{ "type": "Feature", "properties": { "shelter_name": null, "description": null, "id": "bus_shelter.669" }, "geometry": { "type": "Point", "coordinates": [ 80.209784082783898, 12.874665757566101 ] } },
{ "type": "Feature", "properties": { "shelter_name": null, "description": null, "id": "bus_shelter.670" }, "geometry": { "type": "Point", "coordinates": [ 80.226546586814294, 12.859758268498 ] } },
{ "type": "Feature", "properties": { "shelter_name": null, "description": null, "id": "bus_shelter.671" }, "geometry": { "type": "Point", "coordinates": [ 80.226439963435695, 12.8611492170274 ] } },
{ "type": "Feature", "properties": { "shelter_name": null, "description": null, "id": "bus_shelter.672" }, "geometry": { "type": "Point", "coordinates": [ 80.226522574375494, 12.8710895306571 ] } },
{ "type": "Feature", "properties": { "shelter_name": null, "description": null, "id": "bus_shelter.673" }, "geometry": { "type": "Point", "coordinates": [ 80.226815214488994, 12.872090137344999 ] } },
{ "type": "Feature", "properties": { "shelter_name": null, "description": null, "id": "bus_shelter.674" }, "geometry": { "type": "Point", "coordinates": [ 80.226587424774195, 12.8764062653207 ] } },
{ "type": "Feature", "properties": { "shelter_name": null, "description": null, "id": "bus_shelter.675" }, "geometry": { "type": "Point", "coordinates": [ 80.210889223524205, 12.8793590408008 ] } },
{ "type": "Feature", "properties": { "shelter_name": null, "description": null, "id": "bus_shelter.676" }, "geometry": { "type": "Point", "coordinates": [ 80.214280755511595, 13.1300576380044 ] } },
{ "type": "Feature", "properties": { "shelter_name": null, "description": null, "id": "bus_shelter.677" }, "geometry": { "type": "Point", "coordinates": [ 80.268002461123402, 13.090487635174499 ] } },
{ "type": "Feature", "properties": { "shelter_name": null, "description": null, "id": "bus_shelter.678" }, "geometry": { "type": "Point", "coordinates": [ 80.258726352771205, 13.0909107491704 ] } },
{ "type": "Feature", "properties": { "shelter_name": null, "description": null, "id": "bus_shelter.679" }, "geometry": { "type": "Point", "coordinates": [ 80.2134033093688, 13.0080438146065 ] } },
{ "type": "Feature", "properties": { "shelter_name": null, "description": null, "id": "bus_shelter.680" }, "geometry": { "type": "Point", "coordinates": [ 80.240606582940799, 13.0526228170813 ] } },
{ "type": "Feature", "properties": { "shelter_name": null, "description": null, "id": "bus_shelter.681" }, "geometry": { "type": "Point", "coordinates": [ 80.242250645435504, 13.054473852366 ] } },
{ "type": "Feature", "properties": { "shelter_name": null, "description": null, "id": "bus_shelter.682" }, "geometry": { "type": "Point", "coordinates": [ 80.242234320105894, 13.054343690688601 ] } },
{ "type": "Feature", "properties": { "shelter_name": null, "description": null, "id": "bus_shelter.683" }, "geometry": { "type": "Point", "coordinates": [ 80.242414027734895, 13.0543877947184 ] } },
{ "type": "Feature", "properties": { "shelter_name": null, "description": null, "id": "bus_shelter.684" }, "geometry": { "type": "Point", "coordinates": [ 80.238594742024802, 13.060141098740401 ] } },
{ "type": "Feature", "properties": { "shelter_name": null, "description": null, "id": "bus_shelter.685" }, "geometry": { "type": "Point", "coordinates": [ 80.233936411277597, 13.0655512794341 ] } },
{ "type": "Feature", "properties": { "shelter_name": null, "description": null, "id": "bus_shelter.686" }, "geometry": { "type": "Point", "coordinates": [ 80.234032229350404, 13.065489209229 ] } },
{ "type": "Feature", "properties": { "shelter_name": null, "description": null, "id": "bus_shelter.687" }, "geometry": { "type": "Point", "coordinates": [ 80.234767384701598, 13.057621613874 ] } },
{ "type": "Feature", "properties": { "shelter_name": null, "description": null, "id": "bus_shelter.688" }, "geometry": { "type": "Point", "coordinates": [ 80.234773062612007, 13.0577479765186 ] } },
{ "type": "Feature", "properties": { "shelter_name": null, "description": null, "id": "bus_shelter.689" }, "geometry": { "type": "Point", "coordinates": [ 80.243423216264901, 13.064603975758301 ] } },
{ "type": "Feature", "properties": { "shelter_name": null, "description": null, "id": "bus_shelter.690" }, "geometry": { "type": "Point", "coordinates": [ 80.153528244464297, 13.127046425590001 ] } },
{ "type": "Feature", "properties": { "shelter_name": null, "description": null, "id": "bus_shelter.691" }, "geometry": { "type": "Point", "coordinates": [ 80.148382572573198, 13.1227520496432 ] } },
{ "type": "Feature", "properties": { "shelter_name": null, "description": null, "id": "bus_shelter.692" }, "geometry": { "type": "Point", "coordinates": [ 80.264087510716607, 13.096419197553599 ] } },
{ "type": "Feature", "properties": { "shelter_name": null, "description": null, "id": "bus_shelter.693" }, "geometry": { "type": "Point", "coordinates": [ 80.263279953965295, 13.096676623997 ] } },
{ "type": "Feature", "properties": { "shelter_name": null, "description": null, "id": "bus_shelter.694" }, "geometry": { "type": "Point", "coordinates": [ 80.2604519948584, 13.0998429467077 ] } },
{ "type": "Feature", "properties": { "shelter_name": null, "description": null, "id": "bus_shelter.695" }, "geometry": { "type": "Point", "coordinates": [ 80.263765429396003, 13.099019657198401 ] } },
{ "type": "Feature", "properties": { "shelter_name": null, "description": null, "id": "bus_shelter.696" }, "geometry": { "type": "Point", "coordinates": [ 80.266259987056998, 13.0985698643667 ] } },
{ "type": "Feature", "properties": { "shelter_name": null, "description": null, "id": "bus_shelter.697" }, "geometry": { "type": "Point", "coordinates": [ 80.266119546008795, 13.0986181856715 ] } },
{ "type": "Feature", "properties": { "shelter_name": null, "description": null, "id": "bus_shelter.698" }, "geometry": { "type": "Point", "coordinates": [ 80.2679111232259, 13.0944768574021 ] } },
{ "type": "Feature", "properties": { "shelter_name": null, "description": null, "id": "bus_shelter.699" }, "geometry": { "type": "Point", "coordinates": [ 80.266265386520004, 13.0951523614103 ] } },
{ "type": "Feature", "properties": { "shelter_name": null, "description": null, "id": "bus_shelter.700" }, "geometry": { "type": "Point", "coordinates": [ 80.266001317706994, 13.0951232491264 ] } },
{ "type": "Feature", "properties": { "shelter_name": null, "description": null, "id": "bus_shelter.701" }, "geometry": { "type": "Point", "coordinates": [ 80.230248367901297, 12.919588998185001 ] } },
{ "type": "Feature", "properties": { "shelter_name": null, "description": null, "id": "bus_shelter.702" }, "geometry": { "type": "Point", "coordinates": [ 80.229981794752405, 12.919730117303599 ] } },
{ "type": "Feature", "properties": { "shelter_name": null, "description": null, "id": "bus_shelter.703" }, "geometry": { "type": "Point", "coordinates": [ 80.229391645327297, 12.9134081637854 ] } },
{ "type": "Feature", "properties": { "shelter_name": null, "description": null, "id": "bus_shelter.704" }, "geometry": { "type": "Point", "coordinates": [ 80.2293739661133, 12.913279352163 ] } },
{ "type": "Feature", "properties": { "shelter_name": null, "description": null, "id": "bus_shelter.705" }, "geometry": { "type": "Point", "coordinates": [ 80.229123704174498, 12.9135766404869 ] } },
{ "type": "Feature", "properties": { "shelter_name": null, "description": null, "id": "bus_shelter.706" }, "geometry": { "type": "Point", "coordinates": [ 80.229107294587493, 12.913456474976901 ] } },
{ "type": "Feature", "properties": { "shelter_name": null, "description": null, "id": "bus_shelter.707" }, "geometry": { "type": "Point", "coordinates": [ 80.228198079491605, 12.907461061346201 ] } },
{ "type": "Feature", "properties": { "shelter_name": null, "description": null, "id": "bus_shelter.708" }, "geometry": { "type": "Point", "coordinates": [ 80.2283461799164, 12.906058483398899 ] } },
{ "type": "Feature", "properties": { "shelter_name": null, "description": null, "id": "bus_shelter.709" }, "geometry": { "type": "Point", "coordinates": [ 80.227904823139994, 12.9032641870139 ] } },
{ "type": "Feature", "properties": { "shelter_name": null, "description": null, "id": "bus_shelter.710" }, "geometry": { "type": "Point", "coordinates": [ 80.2278997498004, 12.9031386459201 ] } },
{ "type": "Feature", "properties": { "shelter_name": null, "description": null, "id": "bus_shelter.711" }, "geometry": { "type": "Point", "coordinates": [ 80.229025582214405, 12.901027908615401 ] } },
{ "type": "Feature", "properties": { "shelter_name": null, "description": null, "id": "bus_shelter.712" }, "geometry": { "type": "Point", "coordinates": [ 80.205854418302707, 13.0186693142862 ] } },
{ "type": "Feature", "properties": { "shelter_name": null, "description": null, "id": "bus_shelter.713" }, "geometry": { "type": "Point", "coordinates": [ 80.206366241726002, 13.019191165524299 ] } },
{ "type": "Feature", "properties": { "shelter_name": null, "description": null, "id": "bus_shelter.714" }, "geometry": { "type": "Point", "coordinates": [ 80.220419926318897, 13.012220254176 ] } },
{ "type": "Feature", "properties": { "shelter_name": null, "description": null, "id": "bus_shelter.715" }, "geometry": { "type": "Point", "coordinates": [ 80.224864943108102, 13.0156038079095 ] } },
{ "type": "Feature", "properties": { "shelter_name": null, "description": null, "id": "bus_shelter.716" }, "geometry": { "type": "Point", "coordinates": [ 80.210749606552099, 13.009190622487001 ] } },
{ "type": "Feature", "properties": { "shelter_name": null, "description": null, "id": "bus_shelter.717" }, "geometry": { "type": "Point", "coordinates": [ 80.153078686364196, 13.030812156384 ] } },
{ "type": "Feature", "properties": { "shelter_name": null, "description": null, "id": "bus_shelter.718" }, "geometry": { "type": "Point", "coordinates": [ 80.151223590593901, 13.028294837834499 ] } },
{ "type": "Feature", "properties": { "shelter_name": null, "description": null, "id": "bus_shelter.719" }, "geometry": { "type": "Point", "coordinates": [ 80.163140487242202, 13.0323666068001 ] } },
{ "type": "Feature", "properties": { "shelter_name": null, "description": null, "id": "bus_shelter.720" }, "geometry": { "type": "Point", "coordinates": [ 80.214290594505201, 13.1300301057487 ] } },
{ "type": "Feature", "properties": { "shelter_name": null, "description": null, "id": "bus_shelter.721" }, "geometry": { "type": "Point", "coordinates": [ 80.219455676307703, 13.1260596861209 ] } },
{ "type": "Feature", "properties": { "shelter_name": null, "description": null, "id": "bus_shelter.722" }, "geometry": { "type": "Point", "coordinates": [ 80.221997923579394, 13.124182581608 ] } },
{ "type": "Feature", "properties": { "shelter_name": null, "description": null, "id": "bus_shelter.723" }, "geometry": { "type": "Point", "coordinates": [ 80.222103620291605, 13.1239663615998 ] } },
{ "type": "Feature", "properties": { "shelter_name": null, "description": null, "id": "bus_shelter.724" }, "geometry": { "type": "Point", "coordinates": [ 80.2122287365723, 13.1237956709423 ] } },
{ "type": "Feature", "properties": { "shelter_name": null, "description": null, "id": "bus_shelter.725" }, "geometry": { "type": "Point", "coordinates": [ 80.212089122046905, 13.1238082431737 ] } },
{ "type": "Feature", "properties": { "shelter_name": null, "description": null, "id": "bus_shelter.726" }, "geometry": { "type": "Point", "coordinates": [ 80.212225230902902, 13.120599997524501 ] } },
{ "type": "Feature", "properties": { "shelter_name": null, "description": null, "id": "bus_shelter.727" }, "geometry": { "type": "Point", "coordinates": [ 80.212497789171707, 13.118478116632399 ] } },
{ "type": "Feature", "properties": { "shelter_name": null, "description": null, "id": "bus_shelter.728" }, "geometry": { "type": "Point", "coordinates": [ 80.201167972892094, 13.0545953130318 ] } },
{ "type": "Feature", "properties": { "shelter_name": null, "description": null, "id": "bus_shelter.729" }, "geometry": { "type": "Point", "coordinates": [ 80.204144284110498, 13.0541296428568 ] } },
{ "type": "Feature", "properties": { "shelter_name": null, "description": null, "id": "bus_shelter.730" }, "geometry": { "type": "Point", "coordinates": [ 80.204141434956895, 13.0540631490713 ] } },
{ "type": "Feature", "properties": { "shelter_name": null, "description": null, "id": "bus_shelter.731" }, "geometry": { "type": "Point", "coordinates": [ 80.206635113467698, 13.0507884619172 ] } },
{ "type": "Feature", "properties": { "shelter_name": null, "description": null, "id": "bus_shelter.732" }, "geometry": { "type": "Point", "coordinates": [ 80.250991745889806, 12.918859982335601 ] } },
{ "type": "Feature", "properties": { "shelter_name": null, "description": null, "id": "bus_shelter.733" }, "geometry": { "type": "Point", "coordinates": [ 80.251229267549505, 12.9205367994968 ] } },
{ "type": "Feature", "properties": { "shelter_name": null, "description": null, "id": "bus_shelter.734" }, "geometry": { "type": "Point", "coordinates": [ 80.251271423201104, 12.9243403870419 ] } },
{ "type": "Feature", "properties": { "shelter_name": null, "description": null, "id": "bus_shelter.735" }, "geometry": { "type": "Point", "coordinates": [ 80.2510659134051, 12.924848551564301 ] } },
{ "type": "Feature", "properties": { "shelter_name": null, "description": null, "id": "bus_shelter.736" }, "geometry": { "type": "Point", "coordinates": [ 80.251450295581094, 12.9276540902209 ] } },
{ "type": "Feature", "properties": { "shelter_name": null, "description": null, "id": "bus_shelter.737" }, "geometry": { "type": "Point", "coordinates": [ 80.252809052442998, 12.9385486571418 ] } },
{ "type": "Feature", "properties": { "shelter_name": null, "description": null, "id": "bus_shelter.738" }, "geometry": { "type": "Point", "coordinates": [ 80.251433222191693, 12.9295892687839 ] } },
{ "type": "Feature", "properties": { "shelter_name": null, "description": null, "id": "bus_shelter.739" }, "geometry": { "type": "Point", "coordinates": [ 80.252563826941099, 12.938448254159599 ] } },
{ "type": "Feature", "properties": { "shelter_name": null, "description": null, "id": "bus_shelter.740" }, "geometry": { "type": "Point", "coordinates": [ 80.232160511569802, 13.0989116636774 ] } },
{ "type": "Feature", "properties": { "shelter_name": null, "description": null, "id": "bus_shelter.741" }, "geometry": { "type": "Point", "coordinates": [ 80.232530625760802, 13.098816994272999 ] } },
{ "type": "Feature", "properties": { "shelter_name": null, "description": null, "id": "bus_shelter.742" }, "geometry": { "type": "Point", "coordinates": [ 80.235390253380103, 13.098478297312001 ] } },
{ "type": "Feature", "properties": { "shelter_name": null, "description": null, "id": "bus_shelter.743" }, "geometry": { "type": "Point", "coordinates": [ 80.234923045688802, 13.0984020021957 ] } },
{ "type": "Feature", "properties": { "shelter_name": null, "description": null, "id": "bus_shelter.744" }, "geometry": { "type": "Point", "coordinates": [ 80.235156082332693, 13.098370167780701 ] } },
{ "type": "Feature", "properties": { "shelter_name": null, "description": null, "id": "bus_shelter.745" }, "geometry": { "type": "Point", "coordinates": [ 80.234092350693004, 13.098616690084199 ] } },
{ "type": "Feature", "properties": { "shelter_name": null, "description": null, "id": "bus_shelter.746" }, "geometry": { "type": "Point", "coordinates": [ 80.240476312458, 13.0977777832315 ] } },
{ "type": "Feature", "properties": { "shelter_name": null, "description": null, "id": "bus_shelter.747" }, "geometry": { "type": "Point", "coordinates": [ 80.239876067877404, 13.0978082548598 ] } },
{ "type": "Feature", "properties": { "shelter_name": null, "description": null, "id": "bus_shelter.748" }, "geometry": { "type": "Point", "coordinates": [ 80.277627442454403, 13.060658928311801 ] } },
{ "type": "Feature", "properties": { "shelter_name": null, "description": null, "id": "bus_shelter.749" }, "geometry": { "type": "Point", "coordinates": [ 80.277640351719299, 13.060118923088901 ] } },
{ "type": "Feature", "properties": { "shelter_name": null, "description": null, "id": "bus_shelter.750" }, "geometry": { "type": "Point", "coordinates": [ 80.208426387594201, 13.038648559717 ] } },
{ "type": "Feature", "properties": { "shelter_name": null, "description": null, "id": "bus_shelter.751" }, "geometry": { "type": "Point", "coordinates": [ 80.208422081289996, 13.038606352485001 ] } },
{ "type": "Feature", "properties": { "shelter_name": null, "description": null, "id": "bus_shelter.752" }, "geometry": { "type": "Point", "coordinates": [ 80.209205296938293, 13.043918459722001 ] } },
{ "type": "Feature", "properties": { "shelter_name": null, "description": null, "id": "bus_shelter.753" }, "geometry": { "type": "Point", "coordinates": [ 80.208858458916296, 13.041509409927 ] } },
{ "type": "Feature", "properties": { "shelter_name": null, "description": null, "id": "bus_shelter.754" }, "geometry": { "type": "Point", "coordinates": [ 80.211438561794907, 13.044151243913401 ] } },
{ "type": "Feature", "properties": { "shelter_name": null, "description": null, "id": "bus_shelter.755" }, "geometry": { "type": "Point", "coordinates": [ 80.212456552980896, 13.0459890849519 ] } },
{ "type": "Feature", "properties": { "shelter_name": null, "description": null, "id": "bus_shelter.756" }, "geometry": { "type": "Point", "coordinates": [ 80.212456855287201, 13.0460031324826 ] } },
{ "type": "Feature", "properties": { "shelter_name": null, "description": null, "id": "bus_shelter.757" }, "geometry": { "type": "Point", "coordinates": [ 80.212118163141, 13.046713522208 ] } },
{ "type": "Feature", "properties": { "shelter_name": null, "description": null, "id": "bus_shelter.758" }, "geometry": { "type": "Point", "coordinates": [ 80.211971079039699, 13.032608001301799 ] } },
{ "type": "Feature", "properties": { "shelter_name": null, "description": null, "id": "bus_shelter.759" }, "geometry": { "type": "Point", "coordinates": [ 80.211941197215495, 13.0324295413591 ] } },
{ "type": "Feature", "properties": { "shelter_name": null, "description": null, "id": "bus_shelter.760" }, "geometry": { "type": "Point", "coordinates": [ 80.212185704921794, 13.0338869437072 ] } },
{ "type": "Feature", "properties": { "shelter_name": null, "description": null, "id": "bus_shelter.761" }, "geometry": { "type": "Point", "coordinates": [ 80.214529998506407, 13.039454233473601 ] } },
{ "type": "Feature", "properties": { "shelter_name": null, "description": null, "id": "bus_shelter.762" }, "geometry": { "type": "Point", "coordinates": [ 80.216198436062498, 13.0417656910862 ] } },
{ "type": "Feature", "properties": { "shelter_name": null, "description": null, "id": "bus_shelter.763" }, "geometry": { "type": "Point", "coordinates": [ 80.216249937464497, 13.041835637952101 ] } },
{ "type": "Feature", "properties": { "shelter_name": null, "description": null, "id": "bus_shelter.764" }, "geometry": { "type": "Point", "coordinates": [ 80.216221813784301, 13.042137944560199 ] } },
{ "type": "Feature", "properties": { "shelter_name": null, "description": null, "id": "bus_shelter.765" }, "geometry": { "type": "Point", "coordinates": [ 80.2162371752637, 13.0345154474405 ] } },
{ "type": "Feature", "properties": { "shelter_name": null, "description": null, "id": "bus_shelter.766" }, "geometry": { "type": "Point", "coordinates": [ 80.212745217600201, 13.031637036680699 ] } },
{ "type": "Feature", "properties": { "shelter_name": null, "description": null, "id": "bus_shelter.767" }, "geometry": { "type": "Point", "coordinates": [ 80.212857153216802, 13.0316190948494 ] } },
{ "type": "Feature", "properties": { "shelter_name": null, "description": null, "id": "bus_shelter.768" }, "geometry": { "type": "Point", "coordinates": [ 80.212977739086497, 13.0315985028311 ] } },
{ "type": "Feature", "properties": { "shelter_name": null, "description": null, "id": "bus_shelter.769" }, "geometry": { "type": "Point", "coordinates": [ 80.232814068900595, 13.0457854921499 ] } },
{ "type": "Feature", "properties": { "shelter_name": null, "description": null, "id": "bus_shelter.770" }, "geometry": { "type": "Point", "coordinates": [ 80.232714991009502, 13.0452558971082 ] } },
{ "type": "Feature", "properties": { "shelter_name": null, "description": null, "id": "bus_shelter.771" }, "geometry": { "type": "Point", "coordinates": [ 80.232513615082397, 13.045280976627399 ] } },
{ "type": "Feature", "properties": { "shelter_name": null, "description": null, "id": "bus_shelter.772" }, "geometry": { "type": "Point", "coordinates": [ 80.234263172793007, 13.047142013121499 ] } },
{ "type": "Feature", "properties": { "shelter_name": null, "description": null, "id": "bus_shelter.773" }, "geometry": { "type": "Point", "coordinates": [ 80.233142883640198, 13.0421328858721 ] } },
{ "type": "Feature", "properties": { "shelter_name": null, "description": null, "id": "bus_shelter.774" }, "geometry": { "type": "Point", "coordinates": [ 80.230675578861494, 13.040794914004501 ] } },
{ "type": "Feature", "properties": { "shelter_name": null, "description": null, "id": "bus_shelter.775" }, "geometry": { "type": "Point", "coordinates": [ 80.2109487529615, 13.0319172251585 ] } },
{ "type": "Feature", "properties": { "shelter_name": null, "description": null, "id": "bus_shelter.776" }, "geometry": { "type": "Point", "coordinates": [ 80.210726643956903, 13.0319535717893 ] } },
{ "type": "Feature", "properties": { "shelter_name": null, "description": null, "id": "bus_shelter.777" }, "geometry": { "type": "Point", "coordinates": [ 80.211644734335593, 13.035048952515201 ] } },
{ "type": "Feature", "properties": { "shelter_name": null, "description": null, "id": "bus_shelter.778" }, "geometry": { "type": "Point", "coordinates": [ 80.261292239878799, 13.054243458658499 ] } },
{ "type": "Feature", "properties": { "shelter_name": null, "description": null, "id": "bus_shelter.779" }, "geometry": { "type": "Point", "coordinates": [ 80.261069708566794, 13.054081005762599 ] } },
{ "type": "Feature", "properties": { "shelter_name": null, "description": null, "id": "bus_shelter.780" }, "geometry": { "type": "Point", "coordinates": [ 80.264184998508298, 13.0546574076184 ] } },
{ "type": "Feature", "properties": { "shelter_name": null, "description": null, "id": "bus_shelter.781" }, "geometry": { "type": "Point", "coordinates": [ 80.264347426052893, 13.054445680796301 ] } },
{ "type": "Feature", "properties": { "shelter_name": null, "description": null, "id": "bus_shelter.782" }, "geometry": { "type": "Point", "coordinates": [ 80.264637407770607, 13.0570911550298 ] } },
{ "type": "Feature", "properties": { "shelter_name": null, "description": null, "id": "bus_shelter.783" }, "geometry": { "type": "Point", "coordinates": [ 80.2650088098612, 13.057258002084501 ] } },
{ "type": "Feature", "properties": { "shelter_name": null, "description": null, "id": "bus_shelter.784" }, "geometry": { "type": "Point", "coordinates": [ 80.281724604903104, 13.056413646783399 ] } },
{ "type": "Feature", "properties": { "shelter_name": null, "description": null, "id": "bus_shelter.785" }, "geometry": { "type": "Point", "coordinates": [ 80.281980352808404, 13.056749163464 ] } },
{ "type": "Feature", "properties": { "shelter_name": null, "description": null, "id": "bus_shelter.786" }, "geometry": { "type": "Point", "coordinates": [ 80.280578552218401, 13.050531857927099 ] } },
{ "type": "Feature", "properties": { "shelter_name": null, "description": null, "id": "bus_shelter.787" }, "geometry": { "type": "Point", "coordinates": [ 80.280881855693096, 13.050368461333299 ] } },
{ "type": "Feature", "properties": { "shelter_name": null, "description": null, "id": "bus_shelter.788" }, "geometry": { "type": "Point", "coordinates": [ 80.279629612036402, 13.0505183198464 ] } },
{ "type": "Feature", "properties": { "shelter_name": null, "description": null, "id": "bus_shelter.789" }, "geometry": { "type": "Point", "coordinates": [ 80.277667127512302, 13.0512891641533 ] } },
{ "type": "Feature", "properties": { "shelter_name": null, "description": null, "id": "bus_shelter.790" }, "geometry": { "type": "Point", "coordinates": [ 80.274903779640994, 13.052316898102999 ] } },
{ "type": "Feature", "properties": { "shelter_name": null, "description": null, "id": "bus_shelter.791" }, "geometry": { "type": "Point", "coordinates": [ 80.278621373596096, 13.038917535571001 ] } },
{ "type": "Feature", "properties": { "shelter_name": null, "description": null, "id": "bus_shelter.792" }, "geometry": { "type": "Point", "coordinates": [ 80.279875890074194, 13.0392415561844 ] } },
{ "type": "Feature", "properties": { "shelter_name": null, "description": null, "id": "bus_shelter.793" }, "geometry": { "type": "Point", "coordinates": [ 80.2797155189254, 13.033107088740501 ] } },
{ "type": "Feature", "properties": { "shelter_name": null, "description": null, "id": "bus_shelter.794" }, "geometry": { "type": "Point", "coordinates": [ 80.279249693424305, 13.0291631837495 ] } },
{ "type": "Feature", "properties": { "shelter_name": null, "description": null, "id": "bus_shelter.795" }, "geometry": { "type": "Point", "coordinates": [ 80.277384007255904, 13.033136239947799 ] } },
{ "type": "Feature", "properties": { "shelter_name": null, "description": null, "id": "bus_shelter.796" }, "geometry": { "type": "Point", "coordinates": [ 80.277337466107895, 13.030956961253899 ] } },
{ "type": "Feature", "properties": { "shelter_name": null, "description": null, "id": "bus_shelter.797" }, "geometry": { "type": "Point", "coordinates": [ 80.276684934983606, 13.0299435802297 ] } },
{ "type": "Feature", "properties": { "shelter_name": null, "description": null, "id": "bus_shelter.798" }, "geometry": { "type": "Point", "coordinates": [ 80.2769910670916, 13.0334745224177 ] } },
{ "type": "Feature", "properties": { "shelter_name": null, "description": null, "id": "bus_shelter.799" }, "geometry": { "type": "Point", "coordinates": [ 80.2761480169208, 13.033725635098399 ] } },
{ "type": "Feature", "properties": { "shelter_name": null, "description": null, "id": "bus_shelter.800" }, "geometry": { "type": "Point", "coordinates": [ 80.277749025052799, 13.043413358595 ] } },
{ "type": "Feature", "properties": { "shelter_name": null, "description": null, "id": "bus_shelter.801" }, "geometry": { "type": "Point", "coordinates": [ 80.277499243186597, 13.0432294610195 ] } },
{ "type": "Feature", "properties": { "shelter_name": null, "description": null, "id": "bus_shelter.802" }, "geometry": { "type": "Point", "coordinates": [ 80.294987683681697, 13.1765748445934 ] } },
{ "type": "Feature", "properties": { "shelter_name": null, "description": null, "id": "bus_shelter.803" }, "geometry": { "type": "Point", "coordinates": [ 80.294639217495302, 13.176689009875499 ] } },
{ "type": "Feature", "properties": { "shelter_name": null, "description": null, "id": "bus_shelter.804" }, "geometry": { "type": "Point", "coordinates": [ 80.274004362700296, 13.0565219286473 ] } },
{ "type": "Feature", "properties": { "shelter_name": null, "description": null, "id": "bus_shelter.805" }, "geometry": { "type": "Point", "coordinates": [ 80.277756264375697, 13.058211147820501 ] } },
{ "type": "Feature", "properties": { "shelter_name": null, "description": null, "id": "bus_shelter.806" }, "geometry": { "type": "Point", "coordinates": [ 80.278298121427895, 13.0579944517605 ] } },
{ "type": "Feature", "properties": { "shelter_name": null, "description": null, "id": "bus_shelter.807" }, "geometry": { "type": "Point", "coordinates": [ 80.211676556370094, 13.057985562695301 ] } },
{ "type": "Feature", "properties": { "shelter_name": null, "description": null, "id": "bus_shelter.808" }, "geometry": { "type": "Point", "coordinates": [ 80.211327853463999, 13.056966433006201 ] } },
{ "type": "Feature", "properties": { "shelter_name": null, "description": null, "id": "bus_shelter.809" }, "geometry": { "type": "Point", "coordinates": [ 80.209352265227395, 13.0493865291951 ] } },
{ "type": "Feature", "properties": { "shelter_name": null, "description": null, "id": "bus_shelter.810" }, "geometry": { "type": "Point", "coordinates": [ 80.209429969880205, 13.0494087175964 ] } },
{ "type": "Feature", "properties": { "shelter_name": null, "description": null, "id": "bus_shelter.811" }, "geometry": { "type": "Point", "coordinates": [ 80.213648649498893, 13.0502228513323 ] } },
{ "type": "Feature", "properties": { "shelter_name": null, "description": null, "id": "bus_shelter.812" }, "geometry": { "type": "Point", "coordinates": [ 80.274340716438303, 13.0507279026143 ] } },
{ "type": "Feature", "properties": { "shelter_name": null, "description": null, "id": "bus_shelter.813" }, "geometry": { "type": "Point", "coordinates": [ 80.278964924974701, 13.039152760657201 ] } },
{ "type": "Feature", "properties": { "shelter_name": null, "description": null, "id": "bus_shelter.814" }, "geometry": { "type": "Point", "coordinates": [ 80.212684155239401, 12.955739986638701 ] } },
{ "type": "Feature", "properties": { "shelter_name": null, "description": null, "id": "bus_shelter.815" }, "geometry": { "type": "Point", "coordinates": [ 80.2130166025742, 12.9556495531219 ] } },
{ "type": "Feature", "properties": { "shelter_name": null, "description": null, "id": "bus_shelter.816" }, "geometry": { "type": "Point", "coordinates": [ 80.209883458837595, 12.948867727369301 ] } },
{ "type": "Feature", "properties": { "shelter_name": null, "description": null, "id": "bus_shelter.817" }, "geometry": { "type": "Point", "coordinates": [ 80.204575084558201, 12.965525185582999 ] } },
{ "type": "Feature", "properties": { "shelter_name": null, "description": null, "id": "bus_shelter.818" }, "geometry": { "type": "Point", "coordinates": [ 78.489144680205001, 9.851634804773321 ] } },
{ "type": "Feature", "properties": { "shelter_name": null, "description": null, "id": "bus_shelter.819" }, "geometry": { "type": "Point", "coordinates": [ 78.494835199407802, 9.850677680225029 ] } },
{ "type": "Feature", "properties": { "shelter_name": null, "description": null, "id": "bus_shelter.820" }, "geometry": { "type": "Point", "coordinates": [ 78.484271872252606, 9.839068169017381 ] } },
{ "type": "Feature", "properties": { "shelter_name": null, "description": null, "id": "bus_shelter.821" }, "geometry": { "type": "Point", "coordinates": [ 78.483213657746205, 9.84858461516666 ] } },
{ "type": "Feature", "properties": { "shelter_name": null, "description": null, "id": "bus_shelter.822" }, "geometry": { "type": "Point", "coordinates": [ 78.217338511452496, 12.528944126953199 ] } },
{ "type": "Feature", "properties": { "shelter_name": null, "description": null, "id": "bus_shelter.823" }, "geometry": { "type": "Point", "coordinates": [ 78.224973849109404, 12.5191118790844 ] } },
{ "type": "Feature", "properties": { "shelter_name": null, "description": null, "id": "bus_shelter.824" }, "geometry": { "type": "Point", "coordinates": [ 78.221724967916899, 12.5116392884607 ] } },
{ "type": "Feature", "properties": { "shelter_name": null, "description": null, "id": "bus_shelter.825" }, "geometry": { "type": "Point", "coordinates": [ 78.217310838850196, 12.529030042621599 ] } },
{ "type": "Feature", "properties": { "shelter_name": null, "description": null, "id": "bus_shelter.826" }, "geometry": { "type": "Point", "coordinates": [ 80.107119825586196, 12.9170361100758 ] } },
{ "type": "Feature", "properties": { "shelter_name": null, "description": null, "id": "bus_shelter.827" }, "geometry": { "type": "Point", "coordinates": [ 80.116744083587704, 12.9251963002165 ] } },
{ "type": "Feature", "properties": { "shelter_name": null, "description": null, "id": "bus_shelter.828" }, "geometry": { "type": "Point", "coordinates": [ 80.120888378505995, 12.932486995569899 ] } },
{ "type": "Feature", "properties": { "shelter_name": null, "description": null, "id": "bus_shelter.829" }, "geometry": { "type": "Point", "coordinates": [ 80.104372096524301, 12.9255824186216 ] } },
{ "type": "Feature", "properties": { "shelter_name": null, "description": null, "id": "bus_shelter.830" }, "geometry": { "type": "Point", "coordinates": [ 80.102079683954202, 12.9357193980268 ] } },
{ "type": "Feature", "properties": { "shelter_name": null, "description": null, "id": "bus_shelter.831" }, "geometry": { "type": "Point", "coordinates": [ 80.118080774035604, 12.927072976157501 ] } },
{ "type": "Feature", "properties": { "shelter_name": null, "description": null, "id": "bus_shelter.832" }, "geometry": { "type": "Point", "coordinates": [ 80.118414132549304, 12.9270348574204 ] } },
{ "type": "Feature", "properties": { "shelter_name": null, "description": null, "id": "bus_shelter.833" }, "geometry": { "type": "Point", "coordinates": [ 80.116105067908705, 12.9245635378554 ] } },
{ "type": "Feature", "properties": { "shelter_name": null, "description": null, "id": "bus_shelter.834" }, "geometry": { "type": "Point", "coordinates": [ 80.143743916937495, 12.9225887650469 ] } },
{ "type": "Feature", "properties": { "shelter_name": null, "description": null, "id": "bus_shelter.835" }, "geometry": { "type": "Point", "coordinates": [ 80.143436562854603, 12.9217797533428 ] } },
{ "type": "Feature", "properties": { "shelter_name": null, "description": null, "id": "bus_shelter.836" }, "geometry": { "type": "Point", "coordinates": [ 80.132839172482207, 12.9225869894036 ] } },
{ "type": "Feature", "properties": { "shelter_name": null, "description": null, "id": "bus_shelter.837" }, "geometry": { "type": "Point", "coordinates": [ 80.144321071032806, 12.9224466750196 ] } },
{ "type": "Feature", "properties": { "shelter_name": null, "description": null, "id": "bus_shelter.838" }, "geometry": { "type": "Point", "coordinates": [ 80.120110802186005, 12.9291392416691 ] } },
{ "type": "Feature", "properties": { "shelter_name": null, "description": null, "id": "bus_shelter.839" }, "geometry": { "type": "Point", "coordinates": [ 80.097442755629004, 12.923568188869099 ] } },
{ "type": "Feature", "properties": { "shelter_name": null, "description": null, "id": "bus_shelter.840" }, "geometry": { "type": "Point", "coordinates": [ 80.143123974288599, 12.9121930469195 ] } },
{ "type": "Feature", "properties": { "shelter_name": null, "description": null, "id": "bus_shelter.841" }, "geometry": { "type": "Point", "coordinates": [ 78.137701344260805, 8.810078304692491 ] } },
{ "type": "Feature", "properties": { "shelter_name": null, "description": null, "id": "bus_shelter.842" }, "geometry": { "type": "Point", "coordinates": [ 78.141181828201596, 8.7865123508646 ] } },
{ "type": "Feature", "properties": { "shelter_name": null, "description": null, "id": "bus_shelter.843" }, "geometry": { "type": "Point", "coordinates": [ 78.113167020751604, 8.791474607312651 ] } },
{ "type": "Feature", "properties": { "shelter_name": null, "description": null, "id": "bus_shelter.844" }, "geometry": { "type": "Point", "coordinates": [ 78.125856269417199, 8.795306347273669 ] } },
{ "type": "Feature", "properties": { "shelter_name": null, "description": null, "id": "bus_shelter.845" }, "geometry": { "type": "Point", "coordinates": [ 78.126273055369595, 8.795755387899259 ] } },
{ "type": "Feature", "properties": { "shelter_name": null, "description": null, "id": "bus_shelter.846" }, "geometry": { "type": "Point", "coordinates": [ 78.116043632005599, 8.790279721559861 ] } },
{ "type": "Feature", "properties": { "shelter_name": null, "description": null, "id": "bus_shelter.847" }, "geometry": { "type": "Point", "coordinates": [ 78.148034766483704, 8.813655166028539 ] } },
{ "type": "Feature", "properties": { "shelter_name": null, "description": null, "id": "bus_shelter.848" }, "geometry": { "type": "Point", "coordinates": [ 78.1195982143809, 8.796535033833621 ] } },
{ "type": "Feature", "properties": { "shelter_name": null, "description": null, "id": "bus_shelter.849" }, "geometry": { "type": "Point", "coordinates": [ 78.115792047132103, 8.7900173943185 ] } },
{ "type": "Feature", "properties": { "shelter_name": null, "description": null, "id": "bus_shelter.850" }, "geometry": { "type": "Point", "coordinates": [ 78.119325070838897, 8.79183996432478 ] } },
{ "type": "Feature", "properties": { "shelter_name": null, "description": null, "id": "bus_shelter.851" }, "geometry": { "type": "Point", "coordinates": [ 78.1212529201173, 8.78709142963895 ] } },
{ "type": "Feature", "properties": { "shelter_name": null, "description": null, "id": "bus_shelter.852" }, "geometry": { "type": "Point", "coordinates": [ 78.119011428549101, 8.79593166942893 ] } },
{ "type": "Feature", "properties": { "shelter_name": null, "description": null, "id": "bus_shelter.853" }, "geometry": { "type": "Point", "coordinates": [ 78.141388207154904, 8.789646644109389 ] } },
{ "type": "Feature", "properties": { "shelter_name": null, "description": null, "id": "bus_shelter.854" }, "geometry": { "type": "Point", "coordinates": [ 78.142753117279099, 8.792944185477049 ] } },
{ "type": "Feature", "properties": { "shelter_name": null, "description": null, "id": "bus_shelter.855" }, "geometry": { "type": "Point", "coordinates": [ 78.155529618409901, 8.758746092983049 ] } },
{ "type": "Feature", "properties": { "shelter_name": null, "description": null, "id": "bus_shelter.856" }, "geometry": { "type": "Point", "coordinates": [ 78.115519615055902, 8.789975711105351 ] } },
{ "type": "Feature", "properties": { "shelter_name": null, "description": null, "id": "bus_shelter.857" }, "geometry": { "type": "Point", "coordinates": [ 78.145856567515295, 8.80238287595437 ] } },
{ "type": "Feature", "properties": { "shelter_name": null, "description": null, "id": "bus_shelter.858" }, "geometry": { "type": "Point", "coordinates": [ 78.153311643837398, 8.80759716167408 ] } },
{ "type": "Feature", "properties": { "shelter_name": null, "description": null, "id": "bus_shelter.859" }, "geometry": { "type": "Point", "coordinates": [ 78.143856773962398, 8.80246307392043 ] } },
{ "type": "Feature", "properties": { "shelter_name": null, "description": null, "id": "bus_shelter.860" }, "geometry": { "type": "Point", "coordinates": [ 78.142721853212294, 8.79323115211478 ] } },
{ "type": "Feature", "properties": { "shelter_name": null, "description": null, "id": "bus_shelter.861" }, "geometry": { "type": "Point", "coordinates": [ 78.148714214435302, 8.804872762575039 ] } },
{ "type": "Feature", "properties": { "shelter_name": null, "description": null, "id": "bus_shelter.862" }, "geometry": { "type": "Point", "coordinates": [ 78.150934747409707, 8.80424469823544 ] } },
{ "type": "Feature", "properties": { "shelter_name": null, "description": null, "id": "bus_shelter.863" }, "geometry": { "type": "Point", "coordinates": [ 78.152829216190497, 8.803992614652829 ] } },
{ "type": "Feature", "properties": { "shelter_name": null, "description": null, "id": "bus_shelter.864" }, "geometry": { "type": "Point", "coordinates": [ 78.141308430469493, 8.79709040118216 ] } },
{ "type": "Feature", "properties": { "shelter_name": null, "description": null, "id": "bus_shelter.865" }, "geometry": { "type": "Point", "coordinates": [ 78.140267144714699, 8.78103913319017 ] } },
{ "type": "Feature", "properties": { "shelter_name": null, "description": null, "id": "bus_shelter.866" }, "geometry": { "type": "Point", "coordinates": [ 78.134001489930995, 8.77035847069811 ] } },
{ "type": "Feature", "properties": { "shelter_name": null, "description": null, "id": "bus_shelter.867" }, "geometry": { "type": "Point", "coordinates": [ 78.134290866928495, 8.770686082814141 ] } },
{ "type": "Feature", "properties": { "shelter_name": null, "description": null, "id": "bus_shelter.868" }, "geometry": { "type": "Point", "coordinates": [ 78.130846184445005, 8.79322661390154 ] } },
{ "type": "Feature", "properties": { "shelter_name": null, "description": null, "id": "bus_shelter.869" }, "geometry": { "type": "Point", "coordinates": [ 78.116102644133207, 8.7274130116579 ] } },
{ "type": "Feature", "properties": { "shelter_name": null, "description": null, "id": "bus_shelter.870" }, "geometry": { "type": "Point", "coordinates": [ 80.230872998196602, 13.0349916339635 ] } },
{ "type": "Feature", "properties": { "shelter_name": null, "description": null, "id": "bus_shelter.871" }, "geometry": { "type": "Point", "coordinates": [ 78.133120996323797, 8.79039535457335 ] } },
{ "type": "Feature", "properties": { "shelter_name": null, "description": null, "id": "bus_shelter.872" }, "geometry": { "type": "Point", "coordinates": [ 78.158907371913102, 8.79024266629027 ] } },
{ "type": "Feature", "properties": { "shelter_name": null, "description": null, "id": "bus_shelter.873" }, "geometry": { "type": "Point", "coordinates": [ 78.106552846587206, 11.6754522924731 ] } },
{ "type": "Feature", "properties": { "shelter_name": null, "description": null, "id": "bus_shelter.874" }, "geometry": { "type": "Point", "coordinates": [ 77.976057594619405, 10.3634995296838 ] } },
{ "type": "Feature", "properties": { "shelter_name": null, "description": null, "id": "bus_shelter.875" }, "geometry": { "type": "Point", "coordinates": [ 77.970881598071998, 10.356156544629 ] } },
{ "type": "Feature", "properties": { "shelter_name": null, "description": null, "id": "bus_shelter.876" }, "geometry": { "type": "Point", "coordinates": [ 77.959713799951999, 10.354070163038401 ] } },
{ "type": "Feature", "properties": { "shelter_name": null, "description": null, "id": "bus_shelter.877" }, "geometry": { "type": "Point", "coordinates": [ 77.970823687278894, 10.3559522260005 ] } },
{ "type": "Feature", "properties": { "shelter_name": null, "description": null, "id": "bus_shelter.878" }, "geometry": { "type": "Point", "coordinates": [ 77.970140811356103, 10.3744127276744 ] } },
{ "type": "Feature", "properties": { "shelter_name": null, "description": null, "id": "bus_shelter.879" }, "geometry": { "type": "Point", "coordinates": [ 77.9696383926008, 10.375977863321999 ] } },
{ "type": "Feature", "properties": { "shelter_name": null, "description": null, "id": "bus_shelter.880" }, "geometry": { "type": "Point", "coordinates": [ 77.979972219065601, 10.360905220986901 ] } },
{ "type": "Feature", "properties": { "shelter_name": null, "description": null, "id": "bus_shelter.881" }, "geometry": { "type": "Point", "coordinates": [ 79.136778364892606, 12.973934562050999 ] } },
{ "type": "Feature", "properties": { "shelter_name": null, "description": null, "id": "bus_shelter.882" }, "geometry": { "type": "Point", "coordinates": [ 79.145857887200904, 12.954464971505701 ] } },
{ "type": "Feature", "properties": { "shelter_name": null, "description": null, "id": "bus_shelter.883" }, "geometry": { "type": "Point", "coordinates": [ 79.133268413515594, 12.908590302719 ] } },
{ "type": "Feature", "properties": { "shelter_name": null, "description": null, "id": "bus_shelter.884" }, "geometry": { "type": "Point", "coordinates": [ 79.124905556361298, 12.8788476351134 ] } },
{ "type": "Feature", "properties": { "shelter_name": null, "description": null, "id": "bus_shelter.885" }, "geometry": { "type": "Point", "coordinates": [ 79.132060412122101, 12.9070470531598 ] } },
{ "type": "Feature", "properties": { "shelter_name": null, "description": null, "id": "bus_shelter.886" }, "geometry": { "type": "Point", "coordinates": [ 79.1343418221267, 12.9059788509549 ] } },
{ "type": "Feature", "properties": { "shelter_name": null, "description": null, "id": "bus_shelter.887" }, "geometry": { "type": "Point", "coordinates": [ 79.134416476618398, 12.905773721544101 ] } },
{ "type": "Feature", "properties": { "shelter_name": null, "description": null, "id": "bus_shelter.888" }, "geometry": { "type": "Point", "coordinates": [ 79.131046233031, 12.899767101212101 ] } },
{ "type": "Feature", "properties": { "shelter_name": null, "description": null, "id": "bus_shelter.889" }, "geometry": { "type": "Point", "coordinates": [ 79.117524541642794, 12.9290846919709 ] } },
{ "type": "Feature", "properties": { "shelter_name": null, "description": null, "id": "bus_shelter.890" }, "geometry": { "type": "Point", "coordinates": [ 79.132575790871996, 12.922193238443 ] } },
{ "type": "Feature", "properties": { "shelter_name": null, "description": null, "id": "bus_shelter.891" }, "geometry": { "type": "Point", "coordinates": [ 79.135716624498798, 12.8898366055622 ] } },
{ "type": "Feature", "properties": { "shelter_name": null, "description": null, "id": "bus_shelter.892" }, "geometry": { "type": "Point", "coordinates": [ 79.115731398334503, 12.885047365791999 ] } },
{ "type": "Feature", "properties": { "shelter_name": null, "description": null, "id": "bus_shelter.893" }, "geometry": { "type": "Point", "coordinates": [ 79.123066908892298, 12.890461350560001 ] } },
{ "type": "Feature", "properties": { "shelter_name": null, "description": null, "id": "bus_shelter.894" }, "geometry": { "type": "Point", "coordinates": [ 79.1148069537537, 12.9246779993723 ] } },
{ "type": "Feature", "properties": { "shelter_name": null, "description": null, "id": "bus_shelter.895" }, "geometry": { "type": "Point", "coordinates": [ 79.111187655847004, 12.9221860973337 ] } },
{ "type": "Feature", "properties": { "shelter_name": null, "description": null, "id": "bus_shelter.896" }, "geometry": { "type": "Point", "coordinates": [ 79.135125685755398, 12.896900567085201 ] } },
{ "type": "Feature", "properties": { "shelter_name": null, "description": null, "id": "bus_shelter.897" }, "geometry": { "type": "Point", "coordinates": [ 79.135532959447403, 12.8924901099618 ] } },
{ "type": "Feature", "properties": { "shelter_name": null, "description": null, "id": "bus_shelter.898" }, "geometry": { "type": "Point", "coordinates": [ 79.1356806487683, 12.8923357942412 ] } },
{ "type": "Feature", "properties": { "shelter_name": null, "description": null, "id": "bus_shelter.899" }, "geometry": { "type": "Point", "coordinates": [ 79.097701463183895, 12.857057166233799 ] } },
{ "type": "Feature", "properties": { "shelter_name": null, "description": null, "id": "bus_shelter.900" }, "geometry": { "type": "Point", "coordinates": [ 79.134797046091904, 12.8800169210596 ] } },
{ "type": "Feature", "properties": { "shelter_name": null, "description": null, "id": "bus_shelter.901" }, "geometry": { "type": "Point", "coordinates": [ 79.112145196159503, 12.882661317101901 ] } },
{ "type": "Feature", "properties": { "shelter_name": null, "description": null, "id": "bus_shelter.902" }, "geometry": { "type": "Point", "coordinates": [ 79.0877565955591, 12.866215098517101 ] } },
{ "type": "Feature", "properties": { "shelter_name": null, "description": null, "id": "bus_shelter.903" }, "geometry": { "type": "Point", "coordinates": [ 79.124856258615097, 12.909248504373201 ] } },
{ "type": "Feature", "properties": { "shelter_name": null, "description": null, "id": "bus_shelter.904" }, "geometry": { "type": "Point", "coordinates": [ 77.952126408076793, 9.589416271227041 ] } },
{ "type": "Feature", "properties": { "shelter_name": null, "description": null, "id": "bus_shelter.905" }, "geometry": { "type": "Point", "coordinates": [ 77.9553405388409, 9.590364740458311 ] } },
{ "type": "Feature", "properties": { "shelter_name": null, "description": null, "id": "bus_shelter.906" }, "geometry": { "type": "Point", "coordinates": [ 78.162944839177797, 11.2185117224587 ] } },
{ "type": "Feature", "properties": { "shelter_name": null, "description": null, "id": "bus_shelter.907" }, "geometry": { "type": "Point", "coordinates": [ 78.168010632202694, 11.2199103200584 ] } },
{ "type": "Feature", "properties": { "shelter_name": null, "description": null, "id": "bus_shelter.908" }, "geometry": { "type": "Point", "coordinates": [ 78.819668915788597, 10.3776345669344 ] } },
{ "type": "Feature", "properties": { "shelter_name": null, "description": null, "id": "bus_shelter.909" }, "geometry": { "type": "Point", "coordinates": [ 78.814105476757504, 10.3667371466187 ] } },
{ "type": "Feature", "properties": { "shelter_name": null, "description": null, "id": "bus_shelter.910" }, "geometry": { "type": "Point", "coordinates": [ 78.799359343907796, 10.389174403542 ] } },
{ "type": "Feature", "properties": { "shelter_name": null, "description": null, "id": "bus_shelter.911" }, "geometry": { "type": "Point", "coordinates": [ 78.829773555074894, 10.400891391815801 ] } },
{ "type": "Feature", "properties": { "shelter_name": null, "description": null, "id": "bus_shelter.912" }, "geometry": { "type": "Point", "coordinates": [ 78.814560477940503, 10.377846324752699 ] } },
{ "type": "Feature", "properties": { "shelter_name": null, "description": null, "id": "bus_shelter.913" }, "geometry": { "type": "Point", "coordinates": [ 78.814089312472305, 10.376295538789901 ] } },
{ "type": "Feature", "properties": { "shelter_name": null, "description": null, "id": "bus_shelter.914" }, "geometry": { "type": "Point", "coordinates": [ 78.1198373971135, 11.6426397884523 ] } },
{ "type": "Feature", "properties": { "shelter_name": null, "description": null, "id": "bus_shelter.915" }, "geometry": { "type": "Point", "coordinates": [ 78.154981677527601, 11.645334609839001 ] } },
{ "type": "Feature", "properties": { "shelter_name": null, "description": null, "id": "bus_shelter.916" }, "geometry": { "type": "Point", "coordinates": [ 78.1534879660597, 11.642437987300401 ] } },
{ "type": "Feature", "properties": { "shelter_name": null, "description": null, "id": "bus_shelter.917" }, "geometry": { "type": "Point", "coordinates": [ 78.156374003335898, 11.641144312472701 ] } },
{ "type": "Feature", "properties": { "shelter_name": null, "description": null, "id": "bus_shelter.918" }, "geometry": { "type": "Point", "coordinates": [ 78.148379478804301, 11.6415162802354 ] } },
{ "type": "Feature", "properties": { "shelter_name": null, "description": null, "id": "bus_shelter.919" }, "geometry": { "type": "Point", "coordinates": [ 78.145112499253699, 11.6426123728625 ] } },
{ "type": "Feature", "properties": { "shelter_name": null, "description": null, "id": "bus_shelter.920" }, "geometry": { "type": "Point", "coordinates": [ 78.151079629495399, 11.6371638262057 ] } },
{ "type": "Feature", "properties": { "shelter_name": null, "description": null, "id": "bus_shelter.921" }, "geometry": { "type": "Point", "coordinates": [ 78.149057215465305, 11.6309677448033 ] } },
{ "type": "Feature", "properties": { "shelter_name": null, "description": null, "id": "bus_shelter.922" }, "geometry": { "type": "Point", "coordinates": [ 78.159152300270193, 11.6365531999084 ] } },
{ "type": "Feature", "properties": { "shelter_name": null, "description": null, "id": "bus_shelter.923" }, "geometry": { "type": "Point", "coordinates": [ 78.158289246555995, 11.6374356944655 ] } },
{ "type": "Feature", "properties": { "shelter_name": null, "description": null, "id": "bus_shelter.924" }, "geometry": { "type": "Point", "coordinates": [ 78.156610443511994, 11.637762717507799 ] } },
{ "type": "Feature", "properties": { "shelter_name": null, "description": null, "id": "bus_shelter.925" }, "geometry": { "type": "Point", "coordinates": [ 78.159216118384606, 11.6393790370246 ] } },
{ "type": "Feature", "properties": { "shelter_name": null, "description": null, "id": "bus_shelter.926" }, "geometry": { "type": "Point", "coordinates": [ 78.1566949129965, 11.649532420099399 ] } },
{ "type": "Feature", "properties": { "shelter_name": null, "description": null, "id": "bus_shelter.927" }, "geometry": { "type": "Point", "coordinates": [ 78.173523499676605, 11.6572169995497 ] } },
{ "type": "Feature", "properties": { "shelter_name": null, "description": null, "id": "bus_shelter.928" }, "geometry": { "type": "Point", "coordinates": [ 78.173463993475494, 11.662479756557699 ] } },
{ "type": "Feature", "properties": { "shelter_name": null, "description": null, "id": "bus_shelter.929" }, "geometry": { "type": "Point", "coordinates": [ 78.174440167541903, 11.6606671721088 ] } },
{ "type": "Feature", "properties": { "shelter_name": null, "description": null, "id": "bus_shelter.930" }, "geometry": { "type": "Point", "coordinates": [ 78.147542463656805, 11.626020968917199 ] } },
{ "type": "Feature", "properties": { "shelter_name": null, "description": null, "id": "bus_shelter.931" }, "geometry": { "type": "Point", "coordinates": [ 78.163458329668899, 11.647586321650399 ] } },
{ "type": "Feature", "properties": { "shelter_name": null, "description": null, "id": "bus_shelter.932" }, "geometry": { "type": "Point", "coordinates": [ 78.154868633532303, 11.6561579157036 ] } },
{ "type": "Feature", "properties": { "shelter_name": null, "description": null, "id": "bus_shelter.933" }, "geometry": { "type": "Point", "coordinates": [ 78.150958218591498, 11.660421221914801 ] } },
{ "type": "Feature", "properties": { "shelter_name": null, "description": null, "id": "bus_shelter.934" }, "geometry": { "type": "Point", "coordinates": [ 78.166810815359796, 11.6892863324562 ] } },
{ "type": "Feature", "properties": { "shelter_name": null, "description": null, "id": "bus_shelter.935" }, "geometry": { "type": "Point", "coordinates": [ 78.1631987030771, 11.6620667403431 ] } },
{ "type": "Feature", "properties": { "shelter_name": null, "description": null, "id": "bus_shelter.936" }, "geometry": { "type": "Point", "coordinates": [ 78.1047422166736, 11.675326620548599 ] } },
{ "type": "Feature", "properties": { "shelter_name": null, "description": null, "id": "bus_shelter.937" }, "geometry": { "type": "Point", "coordinates": [ 78.153455994120407, 11.6589004045154 ] } },
{ "type": "Feature", "properties": { "shelter_name": null, "description": null, "id": "bus_shelter.938" }, "geometry": { "type": "Point", "coordinates": [ 78.120443699743106, 11.672943644765599 ] } },
{ "type": "Feature", "properties": { "shelter_name": null, "description": null, "id": "bus_shelter.939" }, "geometry": { "type": "Point", "coordinates": [ 78.119000567917297, 11.6699645401655 ] } },
{ "type": "Feature", "properties": { "shelter_name": null, "description": null, "id": "bus_shelter.940" }, "geometry": { "type": "Point", "coordinates": [ 78.149065667713799, 11.6765729168847 ] } },
{ "type": "Feature", "properties": { "shelter_name": null, "description": null, "id": "bus_shelter.941" }, "geometry": { "type": "Point", "coordinates": [ 78.154928184649094, 11.6760601439289 ] } },
{ "type": "Feature", "properties": { "shelter_name": null, "description": null, "id": "bus_shelter.942" }, "geometry": { "type": "Point", "coordinates": [ 78.149649868194203, 11.667786603792701 ] } },
{ "type": "Feature", "properties": { "shelter_name": null, "description": null, "id": "bus_shelter.943" }, "geometry": { "type": "Point", "coordinates": [ 78.114271942262903, 11.670177174738599 ] } },
{ "type": "Feature", "properties": { "shelter_name": null, "description": null, "id": "bus_shelter.944" }, "geometry": { "type": "Point", "coordinates": [ 78.120797594642497, 11.6264201180361 ] } },
{ "type": "Feature", "properties": { "shelter_name": null, "description": null, "id": "bus_shelter.945" }, "geometry": { "type": "Point", "coordinates": [ 78.127273477660495, 11.6331596701114 ] } },
{ "type": "Feature", "properties": { "shelter_name": null, "description": null, "id": "bus_shelter.946" }, "geometry": { "type": "Point", "coordinates": [ 78.181868587256304, 11.6589057711811 ] } },
{ "type": "Feature", "properties": { "shelter_name": null, "description": null, "id": "bus_shelter.947" }, "geometry": { "type": "Point", "coordinates": [ 78.186392426670295, 11.6595660893308 ] } },
{ "type": "Feature", "properties": { "shelter_name": null, "description": null, "id": "bus_shelter.948" }, "geometry": { "type": "Point", "coordinates": [ 78.158047199994201, 11.663258799647499 ] } },
{ "type": "Feature", "properties": { "shelter_name": null, "description": null, "id": "bus_shelter.949" }, "geometry": { "type": "Point", "coordinates": [ 78.158025700614502, 11.6650345007564 ] } },
{ "type": "Feature", "properties": { "shelter_name": null, "description": null, "id": "bus_shelter.950" }, "geometry": { "type": "Point", "coordinates": [ 78.163657799679399, 11.677520900131899 ] } },
{ "type": "Feature", "properties": { "shelter_name": null, "description": null, "id": "bus_shelter.951" }, "geometry": { "type": "Point", "coordinates": [ 78.161206799427305, 11.6810313003368 ] } },
{ "type": "Feature", "properties": { "shelter_name": null, "description": null, "id": "bus_shelter.952" }, "geometry": { "type": "Point", "coordinates": [ 78.161035472736302, 11.682947900002301 ] } },
{ "type": "Feature", "properties": { "shelter_name": null, "description": null, "id": "bus_shelter.953" }, "geometry": { "type": "Point", "coordinates": [ 78.162617699700704, 11.6882336001414 ] } },
{ "type": "Feature", "properties": { "shelter_name": null, "description": null, "id": "bus_shelter.954" }, "geometry": { "type": "Point", "coordinates": [ 78.152358200740906, 11.6762271002007 ] } },
{ "type": "Feature", "properties": { "shelter_name": null, "description": null, "id": "bus_shelter.955" }, "geometry": { "type": "Point", "coordinates": [ 78.1513986814399, 11.670972777614301 ] } },
{ "type": "Feature", "properties": { "shelter_name": null, "description": null, "id": "bus_shelter.956" }, "geometry": { "type": "Point", "coordinates": [ 78.150042883826004, 11.6688514601775 ] } },
{ "type": "Feature", "properties": { "shelter_name": null, "description": null, "id": "bus_shelter.957" }, "geometry": { "type": "Point", "coordinates": [ 78.150384205006404, 11.669264143426901 ] } },
{ "type": "Feature", "properties": { "shelter_name": null, "description": null, "id": "bus_shelter.958" }, "geometry": { "type": "Point", "coordinates": [ 78.139368648869194, 11.6690198943688 ] } },
{ "type": "Feature", "properties": { "shelter_name": null, "description": null, "id": "bus_shelter.959" }, "geometry": { "type": "Point", "coordinates": [ 78.1361809150997, 11.673067977051801 ] } },
{ "type": "Feature", "properties": { "shelter_name": null, "description": null, "id": "bus_shelter.960" }, "geometry": { "type": "Point", "coordinates": [ 78.128773130585699, 11.6756983868141 ] } },
{ "type": "Feature", "properties": { "shelter_name": null, "description": null, "id": "bus_shelter.961" }, "geometry": { "type": "Point", "coordinates": [ 76.677969596100297, 11.417748135388599 ] } },
{ "type": "Feature", "properties": { "shelter_name": null, "description": null, "id": "bus_shelter.962" }, "geometry": { "type": "Point", "coordinates": [ 76.696651624603902, 11.403719625588099 ] } },
{ "type": "Feature", "properties": { "shelter_name": null, "description": null, "id": "bus_shelter.963" }, "geometry": { "type": "Point", "coordinates": [ 76.695954525655196, 11.403828720753401 ] } },
{ "type": "Feature", "properties": { "shelter_name": null, "description": null, "id": "bus_shelter.964" }, "geometry": { "type": "Point", "coordinates": [ 76.702662253966494, 11.4074010495665 ] } },
{ "type": "Feature", "properties": { "shelter_name": null, "description": null, "id": "bus_shelter.965" }, "geometry": { "type": "Point", "coordinates": [ 76.704184972034994, 11.4055895139198 ] } },
{ "type": "Feature", "properties": { "shelter_name": null, "description": null, "id": "bus_shelter.966" }, "geometry": { "type": "Point", "coordinates": [ 76.682748369307106, 11.4156637148754 ] } },
{ "type": "Feature", "properties": { "shelter_name": null, "description": null, "id": "bus_shelter.967" }, "geometry": { "type": "Point", "coordinates": [ 76.687403823588397, 11.412122047049699 ] } },
{ "type": "Feature", "properties": { "shelter_name": null, "description": null, "id": "bus_shelter.968" }, "geometry": { "type": "Point", "coordinates": [ 76.693954349419997, 11.412743073629199 ] } },
{ "type": "Feature", "properties": { "shelter_name": null, "description": null, "id": "bus_shelter.969" }, "geometry": { "type": "Point", "coordinates": [ 76.704746154084503, 11.381246207560601 ] } },
{ "type": "Feature", "properties": { "shelter_name": null, "description": null, "id": "bus_shelter.970" }, "geometry": { "type": "Point", "coordinates": [ 76.669394407755505, 11.430676399983501 ] } },
{ "type": "Feature", "properties": { "shelter_name": null, "description": null, "id": "bus_shelter.971" }, "geometry": { "type": "Point", "coordinates": [ 76.677903578011794, 11.4178304806053 ] } },
{ "type": "Feature", "properties": { "shelter_name": null, "description": null, "id": "bus_shelter.972" }, "geometry": { "type": "Point", "coordinates": [ 76.710203229891107, 11.4114406718978 ] } },
{ "type": "Feature", "properties": { "shelter_name": null, "description": null, "id": "bus_shelter.973" }, "geometry": { "type": "Point", "coordinates": [ 76.701266276506601, 11.404762173519501 ] } },
{ "type": "Feature", "properties": { "shelter_name": null, "description": null, "id": "bus_shelter.974" }, "geometry": { "type": "Point", "coordinates": [ 76.682997514356302, 11.4158795572618 ] } },
{ "type": "Feature", "properties": { "shelter_name": null, "description": null, "id": "bus_shelter.975" }, "geometry": { "type": "Point", "coordinates": [ 76.689367186863194, 11.397105300917399 ] } },
{ "type": "Feature", "properties": { "shelter_name": null, "description": null, "id": "bus_shelter.976" }, "geometry": { "type": "Point", "coordinates": [ 76.681515396545393, 11.409543337084401 ] } },
{ "type": "Feature", "properties": { "shelter_name": null, "description": null, "id": "bus_shelter.977" }, "geometry": { "type": "Point", "coordinates": [ 76.6967170839403, 11.403990843541401 ] } },
{ "type": "Feature", "properties": { "shelter_name": null, "description": null, "id": "bus_shelter.978" }, "geometry": { "type": "Point", "coordinates": [ 76.681984879469098, 11.4068824296809 ] } },
{ "type": "Feature", "properties": { "shelter_name": null, "description": null, "id": "bus_shelter.979" }, "geometry": { "type": "Point", "coordinates": [ 76.685088638725802, 11.4118899907753 ] } },
{ "type": "Feature", "properties": { "shelter_name": null, "description": null, "id": "bus_shelter.980" }, "geometry": { "type": "Point", "coordinates": [ 76.690108315837307, 11.413474008341201 ] } },
{ "type": "Feature", "properties": { "shelter_name": null, "description": null, "id": "bus_shelter.981" }, "geometry": { "type": "Point", "coordinates": [ 76.704368362201905, 11.405869221466499 ] } },
{ "type": "Feature", "properties": { "shelter_name": null, "description": null, "id": "bus_shelter.982" }, "geometry": { "type": "Point", "coordinates": [ 76.717168884283396, 11.396178476844 ] } },
{ "type": "Feature", "properties": { "shelter_name": null, "description": null, "id": "bus_shelter.983" }, "geometry": { "type": "Point", "coordinates": [ 76.717463394254395, 11.398777964292799 ] } }
]
}
